# seagull baked rest-pose, fwd=+Z up=+Y wingspan=1
v 0.065923 -0.138377 0.023561
v 0.035997 -0.142627 0.018202
v 0.035713 -0.145442 0.018987
v 0.082876 -0.137995 0.005426
v 0.055884 -0.125226 -0.012055
v 0.055128 -0.128504 -0.013001
v -0.042078 -0.116033 -0.038232
v -0.039189 -0.117384 -0.037333
v -0.037990 -0.122411 -0.044424
v -0.039404 -0.121683 -0.044003
v -0.042078 -0.116033 -0.038232
v -0.039404 -0.121683 -0.044003
v -0.040475 -0.124686 -0.042206
v -0.042849 -0.119365 -0.034537
v -0.040237 -0.119794 -0.034104
v -0.042849 -0.119365 -0.034537
v -0.040475 -0.124686 -0.042206
v -0.038477 -0.125169 -0.042050
v -0.040909 -0.132438 -0.025995
v -0.047616 -0.132433 -0.029034
v -0.038477 -0.125169 -0.042050
v -0.039404 -0.121683 -0.044003
v -0.037990 -0.122411 -0.044424
v -0.038477 -0.125169 -0.042050
v -0.037990 -0.122411 -0.044424
v -0.039189 -0.117384 -0.037333
v -0.040237 -0.119794 -0.034104
v -0.048222 -0.132574 -0.011717
v -0.040799 -0.132489 -0.016467
v -0.054180 -0.132618 -0.014188
v -0.055518 -0.132619 -0.022077
v -0.084150 -0.143543 0.002812
v -0.083499 -0.142187 0.006002
v -0.084816 -0.142127 0.004426
v -0.081681 -0.143443 0.005509
v -0.054180 -0.132618 -0.014188
v -0.054700 -0.130362 -0.013537
v -0.080916 -0.141129 0.004895
v -0.070141 -0.138535 0.022088
v -0.080916 -0.141129 0.004895
v -0.054700 -0.130362 -0.013537
v -0.070135 -0.141507 0.022913
v -0.070141 -0.138535 0.022088
v -0.054700 -0.130362 -0.013537
v -0.054180 -0.132618 -0.014188
v -0.067613 -0.139405 0.025544
v -0.069948 -0.139322 0.024705
v -0.065941 -0.141327 0.024339
v -0.048222 -0.132574 -0.011717
v -0.048220 -0.130916 -0.011097
v -0.065923 -0.138377 0.023560
v -0.065923 -0.138377 0.023560
v -0.048220 -0.130916 -0.011097
v -0.035997 -0.142627 0.018202
v -0.035713 -0.145442 0.018987
v -0.035997 -0.142627 0.018202
v -0.048220 -0.130916 -0.011097
v -0.031800 -0.145670 0.017724
v -0.031810 -0.144192 0.019792
v -0.034587 -0.144244 0.020695
v -0.000000 0.098617 0.176821
v 0.002153 0.099989 0.176629
v 0.002287 0.084444 0.201652
v -0.000000 0.096727 0.170306
v 0.004558 0.104493 0.175613
v 0.002673 0.084203 0.203337
v 0.004595 0.100138 0.170340
v 0.006140 0.108016 0.174005
v 0.002142 0.084292 0.204009
v 0.002673 0.084203 0.203337
v 0.005205 0.106414 0.172538
v 0.005112 0.098060 0.167351
v -0.000000 0.095218 0.167351
v -0.000000 0.093571 0.162909
v 0.007426 0.103810 0.165644
v 0.006880 0.109858 0.170253
v 0.006392 0.109627 0.173867
v 0.002573 0.091529 0.196418
v 0.004087 0.106607 0.177622
v 0.004961 0.109422 0.173486
v 0.007166 0.111860 0.170285
v 0.008482 0.107206 0.164251
v 0.005730 0.094492 0.160846
v 0.009393 0.103101 0.160102
v 0.005057 0.081967 0.137286
v -0.000000 0.082126 0.138071
v -0.000000 0.074292 0.123157
v 0.014508 0.087651 0.130398
v 0.012922 0.093755 0.142496
v 0.006238 0.074640 0.123079
v -0.000000 0.067082 0.112367
v 0.006501 0.067844 0.113118
v 0.010394 0.047001 0.096433
v 0.018426 0.075437 0.112239
v 0.017121 0.081288 0.119749
v 0.018827 0.094337 0.126555
v 0.015671 0.102237 0.137420
v 0.025318 0.082542 0.112185
v 0.022508 0.087647 0.117908
v 0.025775 0.096394 0.113903
v 0.028835 0.092834 0.108704
v 0.021272 0.102717 0.122702
v 0.025370 0.106942 0.111883
v 0.017315 0.110641 0.132400
v 0.020284 0.112736 0.119772
v 0.018786 0.116146 0.106745
v 0.017159 0.120806 0.130462
v 0.016286 0.122689 0.116582
v 0.014242 0.109908 0.154515
v 0.012617 0.110869 0.160247
v 0.011141 0.107215 0.160037
v 0.015302 0.113161 0.153288
v 0.015290 0.109576 0.150298
v 0.014245 0.113179 0.156259
v 0.015954 0.113935 0.151014
v 0.016464 0.110559 0.144911
v 0.012238 0.113993 0.161090
v 0.010300 0.115352 0.165473
v 0.010689 0.112850 0.164724
v 0.008966 0.114786 0.169161
v 0.009249 0.113461 0.168826
v 0.006984 0.111188 0.175883
v 0.004455 0.111868 0.178284
v 0.005259 0.111963 0.173830
v 0.003768 0.111237 0.185115
v 0.004405 0.108292 0.197964
v 0.003217 0.109074 0.197681
v 0.002584 0.106282 0.212183
v 0.006719 0.112089 0.177451
v 0.004405 0.108292 0.197964
v 0.007534 0.112200 0.173426
v 0.003563 0.105740 0.212143
v 0.001658 0.103422 0.216661
v 0.004461 0.109039 0.199215
v 0.003563 0.105740 0.212143
v 0.001658 0.103422 0.216661
v 0.003559 0.106471 0.212700
v 0.000208 0.102119 0.217182
v 0.000172 0.103227 0.217763
v 0.001847 0.104299 0.217113
v 0.000127 0.104525 0.217931
v 0.002713 0.110164 0.213242
v -0.000000 0.109054 0.217210
v -0.000000 0.114625 0.207321
v 0.003566 0.111982 0.203442
v 0.002722 0.113262 0.205349
v 0.001766 0.119518 0.183928
v -0.000000 0.119737 0.184233
v 0.003815 0.119155 0.184036
v 0.004916 0.117912 0.183680
v 0.002172 0.123141 0.180193
v -0.000000 0.123545 0.179294
v 0.005050 0.122390 0.180562
v 0.006938 0.118605 0.178716
v 0.002301 0.129166 0.173655
v -0.000000 0.129376 0.173681
v 0.007564 0.119127 0.175875
v 0.003521 0.135066 0.161176
v -0.000000 0.135825 0.159269
v 0.006159 0.128909 0.172586
v 0.005398 0.137951 0.143391
v -0.000000 0.138552 0.142634
v 0.007256 0.123051 0.175830
v 0.008468 0.119410 0.170515
v 0.010465 0.128641 0.168956
v 0.010100 0.122474 0.169491
v 0.009137 0.119488 0.168036
v 0.009053 0.134324 0.162298
v 0.012488 0.126438 0.165123
v 0.011118 0.121648 0.165740
v 0.010844 0.117700 0.164114
v 0.011740 0.119930 0.164687
v 0.012102 0.116694 0.161377
v 0.012898 0.118983 0.162851
v 0.013041 0.116297 0.158922
v 0.013641 0.118274 0.161404
v 0.013770 0.116458 0.155971
v 0.014187 0.118026 0.159767
v 0.014518 0.118289 0.158008
v 0.014166 0.117250 0.153530
v 0.014661 0.118968 0.156718
v 0.012079 0.119657 0.159174
v 0.013641 0.118274 0.161404
v 0.014187 0.118026 0.159767
v 0.014518 0.118289 0.158008
v 0.012275 0.119524 0.158695
v 0.012280 0.119775 0.157818
v 0.010324 0.122294 0.158098
v 0.012266 0.120364 0.156918
v 0.014470 0.120004 0.155786
v 0.012021 0.121116 0.156670
v 0.014160 0.118311 0.152205
v 0.012480 0.121724 0.156386
v 0.015948 0.116557 0.148731
v 0.014264 0.119775 0.151950
v 0.015475 0.120068 0.148157
v 0.016830 0.115026 0.141789
v 0.014624 0.120901 0.155350
v 0.014602 0.122894 0.153179
v 0.012814 0.122352 0.156624
v 0.015234 0.121922 0.155871
v 0.015234 0.121922 0.155871
v 0.015647 0.125297 0.150247
v 0.016623 0.121608 0.141991
v 0.014751 0.125816 0.156510
v 0.015429 0.123431 0.157573
v 0.015429 0.123431 0.157573
v 0.012803 0.123130 0.157642
v 0.012410 0.123395 0.159016
v 0.014884 0.123899 0.160390
v 0.014884 0.123899 0.160390
v 0.011815 0.123223 0.159709
v 0.012981 0.122004 0.163354
v 0.013800 0.123272 0.162398
v 0.012388 0.124302 0.163461
v 0.013800 0.123272 0.162398
v 0.013733 0.125685 0.160951
v 0.014148 0.129388 0.161774
v 0.015719 0.129308 0.154635
v 0.014756 0.132640 0.151043
v 0.012373 0.136137 0.144509
v 0.016512 0.129697 0.145074
v 0.015730 0.129238 0.132101
v 0.011681 0.135245 0.129369
v 0.005635 0.137813 0.128978
v 0.012081 0.123308 0.103276
v 0.011192 0.130429 0.114988
v 0.004949 0.127539 0.102626
v 0.004870 0.134031 0.115123
v 0.023028 0.112791 0.094590
v 0.015039 0.115778 0.088166
v 0.005846 0.117991 0.086425
v -0.000000 0.118367 0.084784
v -0.004949 0.127539 0.102626
v -0.000000 0.129165 0.102852
v -0.000000 0.138552 0.142634
v -0.000000 0.137803 0.128824
v -0.005636 0.137813 0.128978
v -0.000000 0.135825 0.159269
v -0.005398 0.137951 0.143391
v -0.011681 0.135245 0.129369
v -0.003522 0.135066 0.161176
v -0.000000 0.129376 0.173681
v -0.012373 0.136137 0.144509
v -0.002302 0.129166 0.173655
v -0.000000 0.123545 0.179294
v -0.006159 0.128909 0.172586
v -0.002173 0.123141 0.180193
v -0.009053 0.134324 0.162298
v -0.001766 0.119518 0.183928
v -0.000000 0.119737 0.184233
v -0.005050 0.122390 0.180562
v -0.003297 0.113550 0.205239
v -0.000000 0.114625 0.207321
v -0.003815 0.119155 0.184036
v -0.003143 0.110579 0.213033
v -0.000000 0.109054 0.217210
v -0.004029 0.112300 0.203401
v -0.004916 0.117912 0.183680
v -0.003598 0.106963 0.212629
v -0.001569 0.104494 0.217044
v 0.000127 0.104525 0.217931
v 0.000172 0.103227 0.217763
v -0.001307 0.103580 0.216635
v 0.000208 0.102119 0.217182
v -0.003513 0.106213 0.212117
v -0.001307 0.103580 0.216635
v -0.003513 0.106213 0.212117
v -0.002612 0.106631 0.212151
v -0.004636 0.109288 0.199317
v -0.004514 0.108493 0.198096
v -0.004514 0.108493 0.198096
v -0.003381 0.109204 0.197804
v -0.003784 0.111237 0.185115
v -0.006719 0.112089 0.177451
v -0.006984 0.111188 0.175883
v -0.004472 0.111868 0.178284
v -0.006341 0.111956 0.171497
v -0.005275 0.111963 0.173830
v -0.006938 0.118605 0.178716
v -0.007534 0.112200 0.173426
v -0.004963 0.109422 0.173486
v -0.005778 0.110879 0.170059
v -0.007166 0.111860 0.170285
v -0.007256 0.123051 0.175830
v -0.007564 0.119127 0.175875
v -0.009249 0.113461 0.168826
v -0.010465 0.128641 0.168956
v -0.008468 0.119410 0.170515
v -0.010100 0.122474 0.169491
v -0.008966 0.114786 0.169161
v -0.010300 0.115352 0.165473
v -0.010689 0.112850 0.164724
v -0.009138 0.119488 0.168036
v -0.012238 0.113993 0.161090
v -0.006393 0.109627 0.173867
v -0.007166 0.111860 0.170285
v -0.006880 0.109858 0.170253
v -0.004058 0.106607 0.177622
v -0.002647 0.091628 0.196630
v -0.006140 0.108016 0.174005
v -0.002219 0.084500 0.203828
v -0.005205 0.106414 0.172538
v -0.004558 0.104493 0.175613
v -0.007427 0.103810 0.165643
v -0.004595 0.100138 0.170340
v -0.008483 0.107206 0.164250
v -0.014242 0.109908 0.154515
v -0.012617 0.110869 0.160247
v -0.014245 0.113179 0.156259
v -0.012386 0.105251 0.154290
v -0.011141 0.107215 0.160037
v -0.005113 0.098060 0.167351
v -0.009393 0.103101 0.160102
v -0.000000 0.096727 0.170306
v -0.000000 0.095218 0.167351
v -0.000000 0.098617 0.176821
v -0.002153 0.099989 0.176629
v 0.000221 0.081989 0.202565
v -0.002023 0.084613 0.201849
v -0.005731 0.094492 0.160846
v -0.000000 0.093571 0.162909
v -0.005057 0.081967 0.137286
v -0.000000 0.082126 0.138071
v -0.000000 0.088215 0.150773
v -0.000000 0.074292 0.123157
v -0.005019 0.088423 0.149330
v -0.012922 0.093755 0.142496
v -0.015303 0.113161 0.153288
v -0.015955 0.113935 0.151014
v -0.015290 0.109576 0.150298
v -0.013770 0.116458 0.155971
v -0.014166 0.117250 0.153530
v -0.015949 0.116557 0.148731
v -0.016464 0.110559 0.144911
v -0.012102 0.116694 0.161377
v -0.014160 0.118311 0.152205
v -0.010845 0.117700 0.164114
v -0.012898 0.118983 0.162851
v -0.011740 0.119930 0.164687
v -0.011118 0.121648 0.165740
v -0.013642 0.118274 0.161404
v -0.012488 0.126438 0.165123
v -0.014353 0.118158 0.158887
v -0.012080 0.119657 0.159174
v -0.013642 0.118274 0.161404
v -0.014353 0.118158 0.158887
v -0.014661 0.118968 0.156718
v -0.012275 0.119524 0.158695
v -0.014470 0.120004 0.155786
v -0.012280 0.119775 0.157818
v -0.012266 0.120364 0.156918
v -0.010324 0.122294 0.158098
v -0.012021 0.121116 0.156670
v -0.012480 0.121724 0.156386
v -0.014624 0.120901 0.155350
v -0.012981 0.122004 0.163354
v -0.012815 0.122352 0.156624
v -0.012388 0.124302 0.163461
v -0.014264 0.119775 0.151950
v -0.013734 0.125685 0.160951
v -0.015475 0.120068 0.148157
v -0.014602 0.122894 0.153179
v -0.015234 0.121922 0.155871
v -0.015234 0.121922 0.155871
v -0.015429 0.123431 0.157573
v -0.012803 0.123130 0.157642
v -0.012411 0.123395 0.159016
v -0.015429 0.123431 0.157573
v -0.014751 0.125816 0.156509
v -0.014885 0.123899 0.160390
v -0.014885 0.123899 0.160390
v -0.011816 0.123223 0.159709
v -0.013800 0.123272 0.162398
v -0.013800 0.123272 0.162398
v -0.014148 0.129388 0.161774
v -0.015719 0.129308 0.154635
v -0.015647 0.125297 0.150247
v -0.014757 0.132640 0.151043
v -0.016624 0.121608 0.141991
v -0.016831 0.115026 0.141789
v -0.016513 0.129697 0.145074
v -0.015730 0.129238 0.132101
v -0.012083 0.123309 0.103280
v -0.011193 0.130429 0.114989
v -0.020284 0.112736 0.119772
v -0.016287 0.122690 0.116583
v -0.018790 0.116147 0.106750
v -0.021272 0.102717 0.122702
v -0.017315 0.110641 0.132400
v -0.005847 0.117991 0.086425
v -0.018827 0.094337 0.126555
v -0.015672 0.102237 0.137420
v -0.014508 0.087651 0.130398
v -0.025370 0.106942 0.111882
v -0.025775 0.096394 0.113903
v -0.022508 0.087647 0.117908
v -0.028835 0.092834 0.108704
v -0.015039 0.115778 0.088165
v -0.009633 0.113003 0.058177
v -0.006081 0.115423 0.075401
v -0.000000 0.115734 0.074139
v -0.000000 0.112753 0.057737
v 0.006080 0.115423 0.075401
v 0.009633 0.113003 0.058177
v 0.017391 0.114439 0.077382
v -0.000000 0.109769 0.035745
v 0.023100 0.111322 0.059872
v 0.026350 0.104249 0.041631
v 0.032051 0.109153 0.065168
v 0.011733 0.109041 0.036398
v 0.025965 0.100232 0.027631
v 0.023694 0.061047 0.097705
v 0.028404 0.050481 0.085374
v 0.036325 0.068569 0.084416
v 0.028766 0.071056 0.098999
v 0.012328 0.036727 0.088196
v -0.000000 0.045152 0.096892
v 0.032298 0.037886 0.068598
v 0.043958 0.073541 0.063754
v 0.013534 0.022749 0.072635
v -0.000000 0.034827 0.087857
v -0.000000 0.019210 0.071102
v 0.013611 0.011414 0.057506
v 0.000000 0.008213 0.058183
v 0.034221 0.025779 0.045453
v 0.041745 0.056102 0.041122
v 0.039466 0.091154 0.033505
v 0.037760 0.096036 0.045712
v 0.044837 0.083709 0.051793
v 0.037927 0.085984 0.017028
v 0.011855 0.105010 0.023626
v -0.000000 0.106198 0.022393
v -0.011855 0.105010 0.023626
v -0.011733 0.109041 0.036398
v -0.025965 0.100232 0.027631
v -0.026338 0.104247 0.041617
v -0.023100 0.111322 0.059872
v -0.017392 0.114439 0.077381
v -0.039466 0.091154 0.033505
v -0.037760 0.096036 0.045712
v -0.032051 0.109153 0.065168
v -0.025584 0.096199 0.013850
v -0.037927 0.085984 0.017028
v -0.028404 0.050481 0.085374
v -0.036325 0.068569 0.084416
v -0.043958 0.073541 0.063754
v -0.017121 0.081288 0.119749
v -0.025319 0.082542 0.112185
v -0.006239 0.074640 0.123079
v -0.018427 0.075437 0.112239
v -0.006501 0.067844 0.113118
v -0.010394 0.047001 0.096433
v -0.024929 0.060331 0.097563
v -0.000000 0.045152 0.096892
v -0.000000 0.067082 0.112367
v -0.012328 0.036727 0.088196
v -0.000000 0.034827 0.087857
v -0.032298 0.037886 0.068598
v -0.013534 0.022749 0.072635
v -0.000000 0.019210 0.071102
v -0.013610 0.011414 0.057506
v -0.041745 0.056102 0.041121
v -0.034221 0.025779 0.045453
v -0.043089 0.078926 0.034929
v -0.044837 0.083709 0.051793
v 0.000000 0.067047 -0.056070
v 0.000000 0.085532 -0.026974
v 0.011849 0.082576 -0.027871
v -0.011136 0.065137 -0.055109
v -0.011849 0.082576 -0.027871
v -0.021590 0.059101 -0.053139
v -0.024712 0.075519 -0.028637
v -0.009457 0.052844 -0.070636
v -0.029228 0.049468 -0.050725
v -0.033260 0.064480 -0.026557
v -0.018240 0.047802 -0.068522
v -0.034225 0.037538 -0.048433
v -0.038079 0.050354 -0.025032
v -0.026091 0.039694 -0.065989
v -0.035178 0.017145 -0.043756
v -0.037528 0.025920 -0.022274
v -0.013979 0.029500 -0.093096
v -0.031892 0.029513 -0.063606
v -0.020960 0.022766 -0.092039
v -0.007045 0.033240 -0.094854
v -0.016951 0.016570 -0.107478
v -0.025115 0.014082 -0.092496
v -0.020282 0.009414 -0.115226
v -0.010554 0.016485 -0.112457
v -0.031003 0.013385 -0.059685
v 0.000000 0.054502 -0.071892
v 0.000000 0.034985 -0.096448
v 0.000000 0.018736 -0.115334
v 0.007045 0.033240 -0.094854
v 0.009458 0.052844 -0.070636
v 0.000000 0.004033 -0.129555
v 0.011136 0.065137 -0.055109
v -0.014592 0.000959 -0.127244
v 0.024712 0.075519 -0.028637
v -0.022065 0.003120 -0.118663
v -0.013950 -0.007087 -0.134925
v 0.000000 -0.010760 -0.142261
v 0.000000 -0.013325 -0.141004
v -0.013676 -0.008253 -0.133194
v 0.000000 -0.009185 -0.127481
v -0.022380 0.000389 -0.116746
v -0.013417 -0.007756 -0.121175
v 0.000000 -0.006965 -0.104866
v -0.023953 0.004359 -0.088078
v -0.017713 -0.001880 -0.104265
v -0.007423 -0.006603 -0.102955
v 0.000000 -0.009502 -0.091796
v -0.011456 -0.006495 -0.088161
v -0.004810 -0.008986 -0.090629
v 0.000000 -0.011905 -0.077652
v -0.005426 -0.011165 -0.077553
v 0.000000 -0.019365 -0.058000
v -0.019331 -0.003913 -0.081123
v -0.012899 -0.008462 -0.078321
v -0.008668 -0.020008 -0.054121
v -0.023572 -0.001923 -0.056538
v -0.017834 -0.012442 -0.052050
v -0.030526 -0.001803 -0.037835
v -0.025035 -0.020213 -0.035137
v -0.027668 -0.011882 -0.034548
v -0.012796 -0.026142 -0.029992
v -0.006969 -0.026199 -0.031546
v -0.008165 -0.022749 -0.014390
v -0.015361 -0.024124 -0.015053
v -0.012162 -0.012569 0.001846
v -0.024988 -0.019548 -0.010408
v -0.029589 -0.018171 -0.020573
v -0.027995 -0.008873 -0.018763
v -0.027351 -0.008555 -0.005740
v -0.030862 0.001842 -0.017867
v 0.040475 -0.124687 -0.042206
v 0.038565 -0.124341 -0.040583
v 0.038005 -0.121608 -0.043346
v 0.040397 -0.120539 -0.043800
v 0.042548 -0.119693 -0.034862
v 0.042078 -0.116033 -0.038232
v 0.042078 -0.116033 -0.038232
v 0.039207 -0.117217 -0.037101
v 0.039474 -0.114505 -0.034736
v 0.040397 -0.120539 -0.043800
v 0.038005 -0.121608 -0.043346
v 0.038565 -0.124341 -0.040583
v 0.040237 -0.119794 -0.034104
v 0.038565 -0.124341 -0.040583
v 0.040475 -0.124687 -0.042206
v 0.042548 -0.119693 -0.034862
v 0.040237 -0.119794 -0.034104
v 0.047617 -0.132434 -0.029034
v 0.040909 -0.132438 -0.025995
v 0.048222 -0.132574 -0.011717
v 0.040800 -0.132489 -0.016467
v 0.054180 -0.132618 -0.014188
v 0.055518 -0.132619 -0.022077
v 0.035713 -0.145442 0.018987
v 0.031801 -0.145670 0.017724
v 0.031810 -0.144192 0.019792
v 0.034587 -0.144244 0.020696
v 0.065923 -0.138377 0.023561
v 0.048222 -0.132574 -0.011717
v 0.065941 -0.141327 0.024339
v 0.084150 -0.143543 0.002813
v 0.084816 -0.142127 0.004427
v 0.083499 -0.142187 0.006002
v 0.081681 -0.143443 0.005509
v 0.054180 -0.132618 -0.014188
v 0.080916 -0.141129 0.004895
v 0.080916 -0.141129 0.004895
v 0.070141 -0.138535 0.022088
v 0.054180 -0.132618 -0.014188
v 0.070141 -0.138535 0.022088
v 0.070135 -0.141507 0.022913
v 0.054180 -0.132618 -0.014188
v 0.067613 -0.139405 0.025545
v 0.069948 -0.139322 0.024705
v 0.039207 -0.117217 -0.037101
v 0.040237 -0.119794 -0.034104
v 0.039474 -0.114505 -0.034736
v 0.040909 -0.132438 -0.025995
v 0.038797 -0.111546 -0.030985
v 0.040800 -0.132489 -0.016467
v 0.032145 -0.071996 -0.045604
v 0.036627 -0.090656 -0.041374
v 0.034665 -0.089677 -0.037232
v 0.039077 -0.126412 -0.015160
v 0.029357 -0.064874 -0.048008
v 0.028754 -0.071639 -0.041542
v 0.031196 -0.139629 0.018982
v 0.031801 -0.145670 0.017724
v 0.031810 -0.144192 0.019792
v 0.031196 -0.139629 0.018982
v 0.031529 -0.140295 0.020223
v 0.033937 -0.140141 0.020906
v 0.034587 -0.144244 0.020696
v 0.035713 -0.145442 0.018987
v 0.035997 -0.142627 0.018202
v 0.048212 -0.125581 -0.009103
v 0.035843 -0.141709 0.018424
v 0.048217 -0.128776 -0.010297
v 0.048212 -0.125581 -0.009103
v 0.065923 -0.138377 0.023561
v 0.066160 -0.137245 0.023761
v 0.048212 -0.125581 -0.009103
v 0.048217 -0.128776 -0.010297
v 0.067018 -0.135183 0.024995
v 0.065941 -0.141327 0.024339
v 0.067613 -0.139405 0.025545
v 0.069948 -0.139322 0.024705
v 0.070700 -0.135214 0.023734
v 0.048212 -0.125581 -0.009103
v 0.070135 -0.141507 0.022913
v 0.070141 -0.138535 0.022088
v 0.070289 -0.137147 0.022376
v 0.081189 -0.139442 0.005010
v 0.080916 -0.141129 0.004895
v 0.055884 -0.125226 -0.012055
v 0.055884 -0.125226 -0.012055
v 0.081681 -0.143443 0.005509
v 0.083499 -0.142187 0.006002
v 0.084816 -0.142127 0.004427
v 0.084339 -0.137943 0.003746
v 0.084150 -0.143543 0.002813
v 0.055518 -0.132619 -0.022077
v 0.057714 -0.126589 -0.021986
v 0.050086 -0.124667 -0.029934
v 0.047617 -0.132434 -0.029034
v 0.051079 -0.118694 -0.021938
v 0.042548 -0.119693 -0.034862
v 0.044338 -0.114291 -0.036465
v 0.046748 -0.111950 -0.032356
v 0.040935 -0.111165 -0.027045
v 0.040209 -0.090702 -0.034496
v 0.045482 -0.111241 -0.027629
v 0.036304 -0.089824 -0.034002
v 0.030148 -0.070267 -0.038517
v 0.034222 -0.068791 -0.038662
v 0.042022 -0.091146 -0.038147
v 0.026168 -0.064703 -0.044489
v 0.031206 -0.060556 -0.040327
v 0.020380 -0.057912 -0.046127
v 0.025131 -0.057038 -0.054431
v 0.024531 -0.048247 -0.049641
v 0.026781 -0.062276 -0.040801
v 0.024575 -0.057641 -0.040216
v 0.030086 -0.057064 -0.038655
v 0.021791 -0.048042 -0.045559
v 0.023686 -0.040135 -0.044789
v 0.024173 -0.051219 -0.040728
v 0.029584 -0.053071 -0.038133
v 0.021333 -0.036293 -0.029913
v 0.019229 -0.032482 -0.034979
v 0.022360 -0.030900 -0.037407
v 0.019798 -0.026786 -0.035393
v 0.016974 -0.027997 -0.031428
v 0.012798 -0.026142 -0.029992
v 0.015418 -0.023579 -0.040093
v 0.018804 -0.029522 -0.023666
v 0.015362 -0.024125 -0.015053
v 0.025134 -0.029356 -0.019973
v 0.024989 -0.019549 -0.010408
v 0.029592 -0.018171 -0.020573
v 0.027239 -0.038377 -0.027432
v 0.029952 -0.026561 -0.024277
v 0.025081 -0.025066 -0.030834
v 0.025040 -0.020214 -0.035137
v 0.029847 -0.035713 -0.030395
v 0.019798 -0.026786 -0.035393
v 0.015418 -0.023579 -0.040093
v 0.026924 -0.032092 -0.035597
v 0.022360 -0.030900 -0.037407
v 0.023686 -0.040135 -0.044789
v 0.031571 -0.050010 -0.049135
v 0.024531 -0.048247 -0.049641
v 0.025131 -0.057038 -0.054431
v 0.033488 -0.052303 -0.043600
v 0.035071 -0.056003 -0.051056
v 0.029357 -0.064874 -0.048008
v 0.035381 -0.055872 -0.044094
v 0.034446 -0.059154 -0.043617
v 0.033560 -0.061769 -0.047830
v 0.036737 -0.068557 -0.042524
v 0.035994 -0.070593 -0.046007
v 0.032145 -0.071996 -0.045604
v 0.040461 -0.091432 -0.041799
v 0.036627 -0.090656 -0.041374
v 0.044105 -0.112024 -0.036391
v 0.054605 0.101277 0.072912
v 0.051654 0.099770 0.081889
v 0.047860 0.093560 0.079845
v 0.058706 0.107031 0.095897
v 0.046626 0.098411 0.099410
v 0.047802 0.095099 0.090548
v 0.056377 0.102227 0.092066
v 0.062936 0.100401 0.072420
v 0.063353 0.099308 0.066478
v 0.069680 0.103347 0.080267
v 0.073321 0.099816 0.068363
v 0.074187 0.099972 0.062551
v 0.075522 0.110399 0.098134
v 0.094803 0.106244 0.068090
v 0.090368 0.108601 0.080261
v 0.089968 0.114207 0.097876
v 0.061789 0.113390 0.100968
v 0.047466 0.107702 0.101302
v 0.076343 0.116437 0.100401
v 0.063023 0.117021 0.097787
v 0.043291 0.113835 0.092740
v 0.090111 0.119674 0.100316
v 0.077591 0.120475 0.097068
v 0.052802 0.108344 0.077063
v 0.045085 0.100648 0.063218
v 0.043068 0.110053 0.077953
v 0.054605 0.101277 0.072912
v 0.050007 0.095549 0.070322
v 0.059396 0.114721 0.087311
v 0.047140 0.111697 0.083247
v 0.062998 0.102407 0.067610
v 0.063353 0.099308 0.066478
v 0.070310 0.111788 0.079096
v 0.075467 0.118163 0.088059
v 0.074109 0.104266 0.063206
v 0.074187 0.099972 0.062551
v 0.094955 0.106671 0.061976
v 0.094990 0.111510 0.065759
v 0.091594 0.118089 0.081556
v 0.112421 0.117557 0.067891
v 0.112292 0.112262 0.061496
v 0.129387 0.119247 0.069968
v 0.092493 0.122654 0.090163
v 0.109361 0.123349 0.083609
v 0.129089 0.123045 0.074420
v 0.143973 0.125207 0.077197
v 0.091817 0.124213 0.097979
v 0.143312 0.127727 0.079991
v 0.159986 0.128879 0.086575
v 0.123729 0.128432 0.090585
v 0.160024 0.132215 0.090286
v 0.172044 0.132048 0.094220
v 0.135988 0.132768 0.096537
v 0.155613 0.137277 0.104859
v 0.106706 0.126402 0.091919
v 0.120533 0.130921 0.098205
v 0.116405 0.130750 0.104588
v 0.114524 0.125590 0.106082
v 0.103692 0.127333 0.098740
v 0.102027 0.117386 0.097661
v 0.107639 0.112987 0.080256
v 0.123189 0.119372 0.087927
v 0.115605 0.121387 0.102445
v 0.112735 0.111610 0.067863
v 0.094955 0.106671 0.061976
v 0.112292 0.112262 0.061496
v 0.129387 0.119247 0.069968
v 0.129526 0.118347 0.075268
v 0.143973 0.125207 0.077197
v 0.136457 0.124821 0.094473
v 0.143853 0.124096 0.081587
v 0.159986 0.128879 0.086575
v 0.127191 0.124800 0.106526
v 0.152628 0.128152 0.099939
v 0.125548 0.128331 0.111062
v 0.143037 0.129658 0.113636
v 0.127253 0.133665 0.109578
v 0.141449 0.132717 0.117215
v 0.132331 0.134778 0.103569
v 0.143564 0.136935 0.116411
v 0.150228 0.139269 0.111210
v 0.153420 0.135572 0.122394
v 0.155858 0.139625 0.122182
v 0.163530 0.142358 0.118473
v 0.154960 0.132638 0.119483
v 0.166028 0.138468 0.127728
v 0.164811 0.130593 0.104753
v 0.166329 0.135431 0.124420
v 0.158799 0.127555 0.089789
v 0.170050 0.130372 0.096486
v 0.172044 0.132048 0.094220
v 0.173435 0.131933 0.106668
v 0.188372 0.133854 0.094276
v 0.190437 0.132263 0.096728
v 0.181526 0.132507 0.099084
v 0.202385 0.131031 0.091806
v 0.192966 0.131695 0.103463
v 0.181401 0.132362 0.107134
v 0.205448 0.130090 0.094908
v 0.193462 0.134916 0.120369
v 0.177487 0.136044 0.125561
v 0.234857 0.126265 0.086444
v 0.255638 0.123526 0.084393
v 0.237340 0.126172 0.089886
v 0.209209 0.130624 0.100999
v 0.210244 0.133691 0.115210
v 0.258694 0.123961 0.088216
v 0.275038 0.122754 0.083031
v 0.240411 0.127794 0.096593
v 0.236946 0.129164 0.102177
v 0.275743 0.122711 0.085153
v 0.261117 0.125296 0.092591
v 0.279727 0.122869 0.086058
v 0.284915 0.122419 0.081485
v 0.283253 0.124408 0.087013
v 0.258827 0.126232 0.095360
v 0.277029 0.124072 0.089315
v 0.253353 0.127486 0.099432
v 0.273764 0.125127 0.091772
v 0.276346 0.126501 0.091464
v 0.255319 0.129183 0.100896
v 0.229583 0.133695 0.111799
v 0.275975 0.129042 0.090706
v 0.210230 0.137008 0.119317
v 0.230654 0.136907 0.109663
v 0.195228 0.138195 0.124223
v 0.211755 0.140359 0.116598
v 0.178328 0.139069 0.129046
v 0.196182 0.142481 0.122473
v 0.179422 0.143194 0.127550
v 0.167980 0.142177 0.126261
v 0.173311 0.142852 0.120866
v 0.169732 0.139786 0.110367
v 0.176575 0.133141 0.095547
v 0.177316 0.140526 0.111248
v 0.196545 0.141970 0.116983
v 0.181978 0.143364 0.122816
v 0.194519 0.139332 0.104892
v 0.213066 0.139093 0.111956
v 0.210484 0.136869 0.101269
v 0.202385 0.131031 0.091806
v 0.234857 0.126265 0.086444
v 0.235466 0.136133 0.104109
v 0.235968 0.129385 0.089156
v 0.255638 0.123526 0.084393
v 0.238001 0.133486 0.096579
v 0.275050 0.124445 0.084067
v 0.275038 0.122754 0.083031
v 0.261248 0.131536 0.093045
v 0.255209 0.132936 0.098578
v 0.281339 0.125715 0.083635
v 0.284915 0.122419 0.081485
v 0.280888 0.127641 0.086863
v -0.042078 -0.116033 -0.038232
v -0.044338 -0.114291 -0.036465
v -0.039474 -0.114505 -0.034736
v -0.050086 -0.124667 -0.029934
v -0.042849 -0.119365 -0.034537
v -0.057713 -0.126589 -0.021986
v -0.047616 -0.132433 -0.029034
v -0.055518 -0.132619 -0.022077
v -0.051078 -0.118694 -0.021939
v -0.042022 -0.091146 -0.038148
v -0.040461 -0.091431 -0.041799
v -0.044105 -0.112024 -0.036391
v -0.035993 -0.070593 -0.046007
v -0.032145 -0.071996 -0.045604
v -0.036627 -0.090656 -0.041374
v -0.029356 -0.064874 -0.048008
v -0.040209 -0.090702 -0.034496
v -0.046747 -0.111950 -0.032356
v -0.033556 -0.061769 -0.047830
v -0.045482 -0.111241 -0.027629
v -0.036737 -0.068557 -0.042524
v -0.034219 -0.068791 -0.038662
v -0.040935 -0.111165 -0.027046
v -0.036303 -0.089824 -0.034003
v -0.031202 -0.060556 -0.040327
v -0.034445 -0.059154 -0.043618
v -0.030145 -0.070267 -0.038518
v -0.035379 -0.055872 -0.044094
v -0.030084 -0.057064 -0.038655
v -0.035069 -0.056003 -0.051056
v -0.025129 -0.057038 -0.054431
v -0.033485 -0.052303 -0.043600
v -0.031569 -0.050010 -0.049135
v -0.024530 -0.048247 -0.049641
v -0.026922 -0.032092 -0.035598
v -0.023684 -0.040135 -0.044790
v -0.022358 -0.030900 -0.037407
v -0.019795 -0.026786 -0.035393
v -0.025035 -0.020213 -0.035137
v -0.015415 -0.023579 -0.040093
v -0.025078 -0.025066 -0.030834
v -0.029589 -0.018171 -0.020573
v -0.029842 -0.035713 -0.030395
v -0.029947 -0.026561 -0.024277
v -0.025131 -0.029356 -0.019974
v -0.024988 -0.019548 -0.010408
v -0.015361 -0.024124 -0.015053
v -0.027236 -0.038377 -0.027432
v -0.029582 -0.053070 -0.038133
v -0.018802 -0.029522 -0.023666
v -0.012796 -0.026142 -0.029992
v -0.021331 -0.036293 -0.029913
v -0.024172 -0.051219 -0.040728
v -0.016971 -0.027997 -0.031428
v -0.019795 -0.026786 -0.035393
v -0.015415 -0.023579 -0.040093
v -0.019227 -0.032481 -0.034979
v -0.022358 -0.030900 -0.037407
v -0.021789 -0.048042 -0.045559
v -0.023684 -0.040135 -0.044790
v -0.024530 -0.048247 -0.049641
v -0.020378 -0.057912 -0.046127
v -0.025129 -0.057038 -0.054431
v -0.029356 -0.064874 -0.048008
v -0.024573 -0.057641 -0.040216
v -0.026167 -0.064703 -0.044490
v -0.026780 -0.062276 -0.040802
v -0.028754 -0.071639 -0.041542
v -0.032145 -0.071996 -0.045604
v -0.034664 -0.089677 -0.037232
v -0.038797 -0.111546 -0.030985
v -0.040237 -0.119794 -0.034104
v -0.039189 -0.117384 -0.037333
v -0.039474 -0.114505 -0.034736
v -0.038816 -0.124699 -0.025331
v -0.040799 -0.132489 -0.016467
v -0.040909 -0.132438 -0.025995
v -0.039077 -0.126412 -0.015160
v -0.043146 -0.118715 -0.018738
v -0.031800 -0.145670 0.017724
v -0.048212 -0.125581 -0.009104
v -0.031196 -0.139629 0.018982
v -0.031810 -0.144192 0.019792
v -0.033937 -0.140141 0.020906
v -0.031529 -0.140295 0.020223
v -0.034587 -0.144244 0.020695
v -0.035713 -0.145442 0.018987
v -0.035997 -0.142627 0.018202
v -0.035843 -0.141709 0.018424
v -0.048212 -0.125581 -0.009104
v -0.065923 -0.138377 0.023560
v -0.048217 -0.128776 -0.010298
v -0.066160 -0.137245 0.023761
v -0.048217 -0.128776 -0.010298
v -0.067018 -0.135183 0.024995
v -0.048212 -0.125581 -0.009104
v -0.065941 -0.141327 0.024339
v -0.067613 -0.139405 0.025544
v -0.069948 -0.139322 0.024705
v -0.070700 -0.135214 0.023734
v -0.070135 -0.141507 0.022913
v -0.070141 -0.138535 0.022088
v -0.055884 -0.125226 -0.012055
v -0.081189 -0.139442 0.005010
v -0.081189 -0.139442 0.005010
v -0.080916 -0.141129 0.004895
v -0.082876 -0.137995 0.005425
v -0.081681 -0.143443 0.005509
v -0.083499 -0.142187 0.006002
v -0.084339 -0.137943 0.003746
v -0.084150 -0.143543 0.002812
v -0.084816 -0.142127 0.004426
v -0.083927 -0.138649 0.005861
v -0.084832 -0.138609 0.004776
v -0.002647 0.091628 0.196630
v -0.002219 0.084500 0.203828
v 0.000173 0.081040 0.206146
v 0.000006 0.107693 0.172325
v -0.004058 0.106607 0.177622
v 0.004087 0.106607 0.177622
v 0.004961 0.109422 0.173486
v -0.004963 0.109422 0.173486
v 0.005761 0.110879 0.170059
v -0.005778 0.110879 0.170059
v -0.000016 0.109342 0.167809
v -0.000016 0.109708 0.165495
v 0.006204 0.111173 0.168913
v -0.000016 0.109708 0.165495
v -0.000016 0.113220 0.167519
v -0.006226 0.111203 0.168856
v -0.000016 0.114435 0.175852
v -0.000016 0.113904 0.170396
v 0.005259 0.111963 0.173830
v -0.004472 0.111868 0.178284
v -0.005275 0.111963 0.173830
v -0.000016 0.113303 0.185319
v 0.004455 0.111868 0.178284
v 0.003768 0.111237 0.185115
v -0.003784 0.111237 0.185115
v 0.003217 0.109074 0.197681
v -0.003381 0.109204 0.197804
v -0.000054 0.107177 0.212328
v 0.002584 0.106282 0.212183
v -0.002612 0.106631 0.212151
v 0.001658 0.103422 0.216661
v -0.001307 0.103580 0.216635
v 0.000096 0.104854 0.216718
v 0.000208 0.102119 0.217182
v -0.054605 0.101277 0.072912
v -0.052802 0.108344 0.077063
v -0.045085 0.100648 0.063218
v -0.062998 0.102407 0.067610
v -0.063353 0.099309 0.066478
v -0.047140 0.111697 0.083247
v -0.043068 0.110053 0.077953
v -0.074109 0.104266 0.063206
v -0.074187 0.099972 0.062551
v -0.094955 0.106671 0.061975
v -0.070310 0.111788 0.079096
v -0.094990 0.111510 0.065759
v -0.112292 0.112262 0.061495
v -0.059396 0.114721 0.087311
v -0.112421 0.117557 0.067891
v -0.091594 0.118089 0.081555
v -0.075468 0.118163 0.088059
v -0.063024 0.117021 0.097787
v -0.043291 0.113835 0.092740
v -0.092493 0.122654 0.090163
v -0.077592 0.120475 0.097068
v -0.061789 0.113390 0.100968
v -0.047466 0.107702 0.101302
v -0.076343 0.116437 0.100401
v -0.060212 0.106474 0.098745
v -0.051928 0.102003 0.098698
v -0.056377 0.102227 0.092065
v -0.051654 0.099770 0.081889
v -0.046213 0.086269 0.073302
v -0.041814 0.085525 0.086436
v -0.069680 0.103347 0.080267
v -0.075522 0.110399 0.098134
v -0.054605 0.101277 0.072912
v -0.046666 0.091862 0.065221
v -0.062937 0.100401 0.072420
v -0.063353 0.099309 0.066478
v -0.073321 0.099816 0.068363
v -0.074187 0.099972 0.062551
v -0.090368 0.108601 0.080261
v -0.094803 0.106244 0.068090
v -0.094955 0.106671 0.061975
v -0.089968 0.114207 0.097876
v -0.112736 0.111610 0.067862
v -0.112292 0.112262 0.061495
v -0.129387 0.119247 0.069967
v -0.090111 0.119674 0.100316
v -0.129526 0.118347 0.075268
v -0.143974 0.125207 0.077197
v -0.107639 0.112987 0.080256
v -0.143853 0.124096 0.081587
v -0.159986 0.128879 0.086574
v -0.102027 0.117386 0.097661
v -0.123189 0.119372 0.087927
v -0.136458 0.124820 0.094473
v -0.115605 0.121387 0.102445
v -0.101605 0.122377 0.100245
v -0.091817 0.124213 0.097979
v -0.127191 0.124800 0.106526
v -0.114524 0.125590 0.106082
v -0.103692 0.127333 0.098740
v -0.125548 0.128331 0.111062
v -0.116405 0.130750 0.104588
v -0.106707 0.126402 0.091919
v -0.143037 0.129658 0.113636
v -0.127253 0.133665 0.109578
v -0.152629 0.128152 0.099939
v -0.141449 0.132717 0.117215
v -0.158799 0.127555 0.089789
v -0.154960 0.132638 0.119483
v -0.164811 0.130593 0.104753
v -0.170050 0.130372 0.096486
v -0.166329 0.135431 0.124420
v -0.172044 0.132048 0.094219
v -0.176142 0.131588 0.097981
v -0.153420 0.135572 0.122394
v -0.188372 0.133854 0.094276
v -0.180539 0.134066 0.096665
v -0.181526 0.132507 0.099084
v -0.190437 0.132263 0.096728
v -0.202385 0.131031 0.091805
v -0.192966 0.131695 0.103463
v -0.181401 0.132362 0.107133
v -0.177487 0.136044 0.125561
v -0.205448 0.130090 0.094908
v -0.237340 0.126172 0.089885
v -0.234857 0.126265 0.086443
v -0.255638 0.123526 0.084393
v -0.258694 0.123961 0.088216
v -0.275038 0.122754 0.083030
v -0.240411 0.127794 0.096593
v -0.209209 0.130624 0.100999
v -0.275743 0.122711 0.085152
v -0.261117 0.125296 0.092590
v -0.279727 0.122869 0.086058
v -0.284915 0.122419 0.081485
v -0.283253 0.124408 0.087013
v -0.277029 0.124072 0.089314
v -0.258827 0.126232 0.095360
v -0.236947 0.129164 0.102177
v -0.273764 0.125127 0.091771
v -0.253353 0.127486 0.099432
v -0.276346 0.126502 0.091464
v -0.255319 0.129183 0.100895
v -0.280888 0.127641 0.086862
v -0.275975 0.129042 0.090705
v -0.281340 0.125715 0.083635
v -0.284915 0.122419 0.081485
v -0.275038 0.122754 0.083030
v -0.261248 0.131536 0.093045
v -0.275050 0.124445 0.084066
v -0.262276 0.129367 0.090560
v -0.257616 0.126029 0.086360
v -0.255638 0.123526 0.084393
v -0.238001 0.133486 0.096579
v -0.235969 0.129385 0.089156
v -0.234857 0.126265 0.086443
v -0.235466 0.136133 0.104108
v -0.255209 0.132936 0.098578
v -0.230654 0.136907 0.109662
v -0.210484 0.136869 0.101269
v -0.204530 0.133695 0.094348
v -0.229583 0.133695 0.111798
v -0.211755 0.140359 0.116598
v -0.210244 0.133691 0.115210
v -0.210230 0.137008 0.119316
v -0.193463 0.134916 0.120368
v -0.195228 0.138195 0.124223
v -0.196182 0.142481 0.122472
v -0.194519 0.139332 0.104891
v -0.196545 0.141970 0.116982
v -0.190457 0.136567 0.097139
v -0.188372 0.133854 0.094276
v -0.182366 0.137312 0.100851
v -0.183926 0.141129 0.112016
v -0.171534 0.135492 0.098145
v -0.172044 0.132048 0.094219
v -0.176575 0.133141 0.095547
v -0.178328 0.139069 0.129046
v -0.179422 0.143194 0.127550
v -0.167980 0.142177 0.126261
v -0.166028 0.138469 0.127728
v -0.155858 0.139625 0.122182
v -0.163531 0.142358 0.118473
v -0.173311 0.142853 0.120866
v -0.169732 0.139786 0.110367
v -0.177316 0.140526 0.111248
v -0.177322 0.136487 0.099591
v -0.155613 0.137277 0.104859
v -0.150228 0.139269 0.111210
v -0.143564 0.136935 0.116410
v -0.132332 0.134778 0.103569
v -0.135988 0.132768 0.096537
v -0.160024 0.132215 0.090285
v -0.159986 0.128879 0.086574
v -0.120533 0.130921 0.098205
v -0.143312 0.127727 0.079991
v -0.143974 0.125207 0.077197
v -0.123729 0.128432 0.090585
v -0.129089 0.123045 0.074420
v -0.129387 0.119247 0.069967
v -0.109361 0.123349 0.083609
v 0.021590 0.059100 -0.053139
v 0.033259 0.064480 -0.026556
v 0.018240 0.047802 -0.068522
v 0.029228 0.049468 -0.050725
v 0.038079 0.050353 -0.025032
v 0.034225 0.037538 -0.048432
v 0.037528 0.025919 -0.022274
v 0.026091 0.039694 -0.065989
v 0.013979 0.029500 -0.093096
v 0.031892 0.029513 -0.063606
v 0.020960 0.022766 -0.092039
v 0.016951 0.016570 -0.107478
v 0.010554 0.016485 -0.112457
v 0.000000 0.004033 -0.129555
v 0.020282 0.009414 -0.115226
v 0.014592 0.000959 -0.127244
v 0.013950 -0.007087 -0.134925
v 0.000000 -0.010760 -0.142261
v 0.000000 -0.013325 -0.141004
v 0.022065 0.003120 -0.118663
v 0.013676 -0.008253 -0.133194
v 0.000000 -0.009185 -0.127481
v 0.025115 0.014082 -0.092496
v 0.022380 0.000389 -0.116746
v 0.013417 -0.007756 -0.121175
v 0.000000 -0.006965 -0.104866
v 0.023953 0.004359 -0.088078
v 0.007423 -0.006603 -0.102955
v 0.000000 -0.009502 -0.091796
v 0.017713 -0.001880 -0.104265
v 0.004811 -0.008986 -0.090629
v 0.000000 -0.011905 -0.077652
v 0.011457 -0.006495 -0.088161
v 0.005427 -0.011165 -0.077553
v 0.000000 -0.019365 -0.058000
v 0.019331 -0.003913 -0.081123
v 0.008670 -0.020008 -0.054121
v 0.012900 -0.008462 -0.078321
v 0.017835 -0.012442 -0.052050
v 0.025040 -0.020214 -0.035137
v 0.015418 -0.023579 -0.040093
v 0.008166 -0.022749 -0.014390
v 0.006972 -0.026199 -0.031546
v 0.012798 -0.026142 -0.029992
v 0.015362 -0.024125 -0.015053
v 0.012162 -0.012570 0.001846
v 0.029592 -0.018171 -0.020573
v 0.027670 -0.011882 -0.034548
v 0.024989 -0.019549 -0.010408
v 0.022211 -0.009791 0.000304
v 0.027996 -0.008873 -0.018763
v 0.027351 -0.008555 -0.005740
v 0.030527 -0.001804 -0.037835
v 0.035178 0.017144 -0.043755
v 0.030862 0.001842 -0.017867
v 0.023573 -0.001923 -0.056538
v 0.031003 0.013385 -0.059685
v -0.014145 0.118993 0.158446
v -0.013012 0.118211 0.157142
v -0.012019 0.117185 0.159713
v -0.013660 0.120875 0.156076
v -0.013479 0.118306 0.160170
v -0.011261 0.118398 0.162283
v -0.014579 0.120778 0.157732
v -0.012971 0.119119 0.161892
v -0.011183 0.121139 0.163347
v -0.014557 0.120782 0.160447
v -0.012919 0.120956 0.162605
v -0.011831 0.123803 0.162281
v -0.014526 0.122616 0.158445
v -0.013582 0.123616 0.157139
v -0.013353 0.122741 0.161891
v -0.012824 0.124829 0.159709
v -0.014019 0.123428 0.160167
v 0.014676 0.122616 0.158445
v 0.013731 0.123616 0.157139
v 0.012974 0.124829 0.159709
v 0.013809 0.120875 0.156076
v 0.014168 0.123428 0.160167
v 0.011980 0.123803 0.162281
v 0.014728 0.120778 0.157732
v 0.013162 0.118211 0.157142
v 0.013502 0.122741 0.161891
v 0.011333 0.121139 0.163347
v 0.014707 0.120782 0.160447
v 0.013068 0.120956 0.162605
v 0.011411 0.118398 0.162283
v 0.014294 0.118993 0.158446
v 0.013120 0.119119 0.161892
v 0.012168 0.117185 0.159713
v 0.013628 0.118306 0.160170
v 0.002142 0.084292 0.204009
v 0.007166 0.111860 0.170285
v 0.006330 0.111956 0.171497
v 0.006220 0.111217 0.168827
v -0.006226 0.111203 0.168856
v -0.040237 -0.119794 -0.034104
v 0.001247 0.081681 0.205977
v 0.000173 0.081040 0.206146
v 0.000187 0.081041 0.205328
v 0.000221 0.081989 0.202565
v 0.005761 0.110879 0.170059
v 0.006220 0.111217 0.168827
v 0.010493 0.110562 0.164346
v 0.014025 0.104000 0.148218
v -0.006226 0.111203 0.168856
v -0.010493 0.110562 0.164346
v 0.000187 0.081041 0.205328
v -0.000906 0.081800 0.206013
v 0.000173 0.081040 0.206146
v -0.014025 0.104000 0.148218
v -0.017160 0.120806 0.130462
v 0.037873 0.109427 0.072064
v 0.045085 0.100648 0.063218
v 0.046666 0.091862 0.065221
v 0.034710 0.086250 0.100009
v 0.000000 -0.001664 0.040635
v 0.013612 0.001470 0.037090
v -0.000000 -0.008357 0.023083
v 0.012889 -0.006662 0.018220
v 0.025445 0.005101 0.027629
v -0.000000 -0.015020 0.007929
v 0.000000 -0.023978 -0.012455
v 0.035941 0.012956 0.016066
v 0.023355 -0.003076 0.010853
v 0.042406 0.045816 0.017977
v 0.043088 0.078926 0.034929
v 0.041823 0.072862 0.018239
v 0.040024 0.035027 -0.000750
v 0.040422 0.065045 0.000128
v 0.035260 0.079624 -0.001385
v 0.025584 0.096199 0.013850
v 0.025244 0.090218 -0.001638
v 0.012073 0.101282 0.012561
v 0.012053 0.095526 -0.002302
v 0.000000 0.103010 0.011085
v -0.012073 0.101282 0.012561
v -0.045085 0.100648 0.063218
v -0.037873 0.109427 0.072063
v -0.046666 0.091862 0.065221
v -0.034710 0.086250 0.100009
v -0.028766 0.071056 0.098999
v 0.000000 0.008213 0.058183
v 0.000000 -0.001664 0.040635
v -0.013612 0.001470 0.037090
v -0.000000 -0.008357 0.023083
v -0.012890 -0.006662 0.018220
v -0.025445 0.005101 0.027629
v -0.023355 -0.003075 0.010853
v -0.035941 0.012956 0.016065
v -0.042406 0.045816 0.017977
v -0.033544 0.002840 0.000100
v -0.040024 0.035028 -0.000750
v -0.041824 0.072862 0.018238
v -0.040423 0.065046 0.000128
v -0.035260 0.079624 -0.001385
v -0.025244 0.090218 -0.001638
v -0.012053 0.095526 -0.002302
v 0.000000 0.097822 -0.002700
v 0.000001 -0.025907 -0.048074
v -0.006619 -0.026137 -0.045594
v 0.000001 -0.027082 -0.032943
v -0.015415 -0.023579 -0.040093
v 0.000000 -0.023978 -0.012455
v -0.022211 -0.009790 0.000304
v 0.044338 -0.114291 -0.036465
v 0.040037 -0.111907 -0.035770
v 0.042078 -0.116033 -0.038232
v 0.040037 -0.111907 -0.035770
v 0.039474 -0.114505 -0.034736
v 0.050007 0.095549 0.070322
v 0.046213 0.086269 0.073302
v 0.101604 0.122377 0.100245
v 0.176142 0.131588 0.097981
v 0.176575 0.133141 0.095547
v 0.180539 0.134066 0.096665
v 0.180539 0.134066 0.096665
v 0.183926 0.141129 0.112016
v 0.188372 0.133854 0.094276
v -0.039189 -0.117384 -0.037333
v -0.042078 -0.116033 -0.038232
v -0.040036 -0.111907 -0.035770
v -0.036627 -0.090656 -0.041374
v -0.040036 -0.111907 -0.035770
v -0.000906 0.081800 0.206013
v 0.001247 0.081681 0.205977
v 0.002142 0.084292 0.204009
v 0.002573 0.091529 0.196418
v -0.006226 0.111203 0.168856
v 0.006204 0.111173 0.168913
v 0.006330 0.111956 0.171497
v -0.006341 0.111956 0.171497
v -0.176575 0.133141 0.095547
v -0.173435 0.131933 0.106668
v -0.202385 0.131031 0.091805
v -0.180539 0.134066 0.096665
v -0.181978 0.143364 0.122816
v 0.006621 -0.026137 -0.045594
v 0.000001 -0.025907 -0.048074
v 0.000001 -0.027082 -0.032943
v 0.033544 0.002839 0.000101
v 0.010450 0.099632 0.153967
v 0.012385 0.105251 0.154290
v 0.011642 0.096980 0.148787
v 0.005019 0.088423 0.149330
v 0.030872 0.105098 0.105505
v 0.028158 0.112429 0.090047
v -0.010450 0.099632 0.153967
v -0.011643 0.096980 0.148787
v -0.023028 0.112791 0.094590
v -0.030872 0.105098 0.105505
v -0.028158 0.112429 0.090047
v 0.043068 0.110053 0.077953
v 0.043291 0.113835 0.092740
v 0.047466 0.107702 0.101302
v 0.036170 0.105748 0.103765
v 0.040915 0.093180 0.100686
v 0.046626 0.098411 0.099410
v 0.041814 0.085525 0.086436
v 0.040407 0.079945 0.085146
v 0.046213 0.086269 0.073302
v -0.043068 0.110053 0.077953
v -0.043291 0.113835 0.092740
v -0.047466 0.107702 0.101302
v -0.036171 0.105748 0.103765
v -0.040915 0.093180 0.100686
v -0.046626 0.098411 0.099410
v -0.041814 0.085525 0.086436
v -0.040407 0.079945 0.085146
v -0.046213 0.086269 0.073302
v -0.000000 -0.015020 0.007929
v 0.046666 0.091862 0.065221
v 0.041814 0.085525 0.086436
v 0.037873 0.109427 0.072064
v 0.046666 0.091862 0.065221
v -0.046666 0.091862 0.065221
v -0.046626 0.098411 0.099410
v -0.000000 0.090698 0.156629
v 0.005697 0.091507 0.154787
v -0.000000 0.088215 0.150773
v -0.000000 0.134688 0.115289
v -0.004871 0.134031 0.115123
v -0.000000 0.090698 0.156629
v -0.005698 0.091507 0.154787
vt 0.737793 0.142090
vt 0.803223 0.151367
vt 0.809570 0.149414
vt 0.945312 0.047852
vt 0.891602 0.109375
vt 0.897461 0.104980
vt 0.185791 0.236328
vt 0.189209 0.242676
vt 0.176025 0.255371
vt 0.173950 0.252441
vt 0.188354 0.237793
vt 0.173950 0.252441
vt 0.167847 0.245117
vt 0.184937 0.228516
vt 0.180298 0.225098
vt 0.184937 0.228516
vt 0.167847 0.245117
vt 0.163818 0.242188
vt 0.194580 0.193848
vt 0.207642 0.203613
vt 0.163818 0.242188
vt 0.162842 0.250977
vt 0.160034 0.249512
vt 0.163818 0.242188
vt 0.158447 0.235840
vt 0.172974 0.225586
vt 0.181641 0.229004
vt 0.216919 0.166504
vt 0.198242 0.172852
vt 0.229492 0.175293
vt 0.228638 0.193848
vt 0.310303 0.159180
vt 0.311523 0.151855
vt 0.313477 0.155762
vt 0.306641 0.152344
vt 0.229492 0.175293
vt 0.233032 0.173340
vt 0.301758 0.149414
vt 0.286865 0.107422
vt 0.301758 0.149414
vt 0.233032 0.173340
vt 0.284180 0.100586
vt 0.286865 0.107422
vt 0.233032 0.173340
vt 0.229492 0.175293
vt 0.281250 0.091797
vt 0.285889 0.094727
vt 0.275879 0.095215
vt 0.216919 0.166504
vt 0.217285 0.163086
vt 0.269043 0.094727
vt 0.269043 0.094727
vt 0.217285 0.163086
vt 0.203003 0.090820
vt 0.197266 0.087891
vt 0.203003 0.090820
vt 0.217285 0.163086
vt 0.188354 0.088867
vt 0.189331 0.083496
vt 0.195557 0.083008
vt 0.315918 0.881409
vt 0.321777 0.881836
vt 0.293213 0.930359
vt 0.316406 0.859375
vt 0.333252 0.879578
vt 0.293213 0.933960
vt 0.328857 0.860229
vt 0.342041 0.877014
vt 0.294434 0.937134
vt 0.293213 0.933960
vt 0.338379 0.871704
vt 0.327637 0.849487
vt 0.314697 0.848267
vt 0.313232 0.837769
vt 0.341797 0.852417
vt 0.347900 0.869873
vt 0.345459 0.877747
vt 0.309814 0.923645
vt 0.340576 0.889221
vt 0.348633 0.879639
vt 0.350586 0.871582
vt 0.348877 0.852417
vt 0.325195 0.832642
vt 0.345459 0.838989
vt 0.308350 0.776123
vt 0.298584 0.781494
vt 0.284424 0.748291
vt 0.334473 0.761108
vt 0.341553 0.791992
vt 0.296631 0.742432
vt 0.269043 0.723633
vt 0.282471 0.718262
vt 0.250488 0.661377
vt 0.314697 0.712646
vt 0.325684 0.732910
vt 0.354980 0.755981
vt 0.364258 0.787231
vt 0.337891 0.712646
vt 0.345947 0.730225
vt 0.370361 0.727783
vt 0.365234 0.712646
vt 0.377930 0.753540
vt 0.396729 0.731445
vt 0.386963 0.782349
vt 0.403809 0.755737
vt 0.427490 0.732910
vt 0.411377 0.786377
vt 0.431885 0.759766
vt 0.365967 0.830444
vt 0.363037 0.844360
vt 0.354980 0.841797
vt 0.374268 0.829102
vt 0.369141 0.820435
vt 0.371338 0.836304
vt 0.378174 0.824341
vt 0.376221 0.809204
vt 0.368652 0.848389
vt 0.367920 0.860107
vt 0.362793 0.856689
vt 0.364746 0.867920
vt 0.361572 0.867065
vt 0.354980 0.884094
vt 0.348877 0.888611
vt 0.350586 0.879395
vt 0.346680 0.902954
vt 0.343018 0.926086
vt 0.339600 0.924561
vt 0.331055 0.948730
vt 0.356934 0.887634
vt 0.343018 0.926086
vt 0.357422 0.878540
vt 0.333740 0.949493
vt 0.326416 0.962494
vt 0.344482 0.928223
vt 0.333740 0.949493
vt 0.326416 0.962494
vt 0.335205 0.950714
vt 0.322998 0.967316
vt 0.325439 0.968445
vt 0.328857 0.963379
vt 0.328613 0.968719
vt 0.342773 0.953918
vt 0.339600 0.967224
vt 0.357178 0.950043
vt 0.349854 0.936768
vt 0.352051 0.941528
vt 0.377930 0.909668
vt 0.381348 0.913330
vt 0.372803 0.905884
vt 0.368896 0.903137
vt 0.389160 0.901184
vt 0.394287 0.904541
vt 0.382568 0.896179
vt 0.372559 0.890320
vt 0.406006 0.889893
vt 0.409668 0.893433
vt 0.374268 0.884338
vt 0.428467 0.867432
vt 0.437256 0.869019
vt 0.401123 0.882874
vt 0.451904 0.832764
vt 0.463379 0.837769
vt 0.384521 0.885498
vt 0.375977 0.873291
vt 0.399414 0.871948
vt 0.384766 0.871704
vt 0.376953 0.868408
vt 0.417725 0.862549
vt 0.395996 0.863037
vt 0.384033 0.864136
vt 0.373779 0.858765
vt 0.379883 0.861206
vt 0.373535 0.851196
vt 0.378174 0.855347
vt 0.375000 0.844482
vt 0.377441 0.851074
vt 0.378174 0.837769
vt 0.377930 0.846802
vt 0.379883 0.842896
vt 0.382568 0.833008
vt 0.382568 0.840576
vt 0.380859 0.847168
vt 0.377441 0.851074
vt 0.377930 0.846802
vt 0.379883 0.842896
vt 0.381348 0.845947
vt 0.383057 0.844482
vt 0.386963 0.848755
vt 0.385254 0.843750
vt 0.386230 0.839600
vt 0.386719 0.844360
vt 0.386230 0.830933
vt 0.388184 0.843750
vt 0.385986 0.821411
vt 0.389893 0.831299
vt 0.394043 0.822998
vt 0.388428 0.805542
vt 0.388916 0.839478
vt 0.395752 0.835571
vt 0.389404 0.844238
vt 0.391846 0.841064
vt 0.391846 0.841064
vt 0.403564 0.830566
vt 0.402588 0.810669
vt 0.400146 0.844116
vt 0.394775 0.845459
vt 0.394775 0.845459
vt 0.390625 0.846680
vt 0.390381 0.849976
vt 0.394043 0.851929
vt 0.394043 0.851929
vt 0.388916 0.851685
vt 0.386475 0.858887
vt 0.390625 0.856567
vt 0.391602 0.859619
vt 0.390625 0.856567
vt 0.396973 0.853882
vt 0.404297 0.856445
vt 0.409180 0.841797
vt 0.419434 0.836792
vt 0.435547 0.827759
vt 0.417236 0.822754
vt 0.429932 0.796997
vt 0.450684 0.798340
vt 0.468994 0.803589
vt 0.453857 0.733643
vt 0.455566 0.764893
vt 0.474609 0.737061
vt 0.474121 0.769897
vt 0.430664 0.703369
vt 0.455078 0.691162
vt 0.475586 0.688477
vt 0.488037 0.685059
vt 0.501465 0.737061
vt 0.488037 0.739502
vt 0.512695 0.837769
vt 0.488037 0.807739
vt 0.507324 0.803589
vt 0.539062 0.869019
vt 0.524414 0.832764
vt 0.525391 0.798340
vt 0.547852 0.867432
vt 0.566406 0.893433
vt 0.540527 0.827759
vt 0.570312 0.889893
vt 0.582031 0.904541
vt 0.575195 0.882874
vt 0.586914 0.901184
vt 0.558594 0.862549
vt 0.598145 0.909668
vt 0.594727 0.913330
vt 0.593750 0.896179
vt 0.624023 0.941528
vt 0.619141 0.950043
vt 0.603516 0.905884
vt 0.633301 0.953918
vt 0.636719 0.967224
vt 0.626465 0.936768
vt 0.607422 0.903137
vt 0.641113 0.950714
vt 0.647461 0.963379
vt 0.647461 0.968719
vt 0.650879 0.968445
vt 0.649902 0.962494
vt 0.653320 0.967316
vt 0.642578 0.949493
vt 0.649902 0.962494
vt 0.642578 0.949493
vt 0.645020 0.948730
vt 0.631836 0.928223
vt 0.633301 0.926086
vt 0.633301 0.926086
vt 0.636719 0.924561
vt 0.629395 0.902954
vt 0.619141 0.887634
vt 0.621094 0.884094
vt 0.627441 0.888611
vt 0.624023 0.875183
vt 0.625488 0.879395
vt 0.603516 0.890320
vt 0.618652 0.878540
vt 0.627441 0.879639
vt 0.624023 0.874023
vt 0.625488 0.871582
vt 0.591797 0.885498
vt 0.602051 0.884338
vt 0.614746 0.867065
vt 0.576660 0.871948
vt 0.600098 0.873291
vt 0.591309 0.871704
vt 0.611328 0.867920
vt 0.608398 0.860107
vt 0.613281 0.856689
vt 0.599121 0.868408
vt 0.607422 0.848389
vt 0.630859 0.877747
vt 0.625488 0.871582
vt 0.628418 0.869873
vt 0.635742 0.889221
vt 0.666504 0.923645
vt 0.634277 0.877014
vt 0.682129 0.935547
vt 0.637695 0.871704
vt 0.643066 0.879578
vt 0.634277 0.852417
vt 0.647461 0.860229
vt 0.627441 0.852417
vt 0.610352 0.830444
vt 0.613281 0.844360
vt 0.604980 0.836304
vt 0.620117 0.827148
vt 0.621094 0.841797
vt 0.648438 0.849487
vt 0.630859 0.838989
vt 0.659668 0.859375
vt 0.661621 0.848267
vt 0.660156 0.881409
vt 0.654297 0.881836
vt 0.692383 0.931885
vt 0.683105 0.930359
vt 0.650879 0.832642
vt 0.663086 0.837769
vt 0.667969 0.776123
vt 0.677734 0.781494
vt 0.667969 0.809814
vt 0.691895 0.748291
vt 0.658203 0.804810
vt 0.634766 0.791992
vt 0.602051 0.829102
vt 0.598145 0.824341
vt 0.606934 0.820435
vt 0.598145 0.837769
vt 0.593750 0.833008
vt 0.590332 0.821411
vt 0.600098 0.809204
vt 0.602539 0.851196
vt 0.589844 0.830933
vt 0.602539 0.858765
vt 0.598145 0.855347
vt 0.596191 0.861206
vt 0.592285 0.864136
vt 0.598633 0.851074
vt 0.580078 0.863037
vt 0.597168 0.844849
vt 0.595215 0.847168
vt 0.598633 0.851074
vt 0.597168 0.844849
vt 0.593750 0.840576
vt 0.594727 0.845947
vt 0.589844 0.839600
vt 0.593262 0.844482
vt 0.590820 0.843750
vt 0.589355 0.848755
vt 0.589355 0.844360
vt 0.587891 0.843750
vt 0.587402 0.839478
vt 0.589844 0.858887
vt 0.586914 0.844238
vt 0.584473 0.859619
vt 0.586426 0.831299
vt 0.579102 0.853882
vt 0.582031 0.822998
vt 0.580566 0.835571
vt 0.584473 0.841064
vt 0.584473 0.841064
vt 0.581543 0.845459
vt 0.585449 0.846680
vt 0.585938 0.849976
vt 0.581543 0.845459
vt 0.576172 0.844116
vt 0.582031 0.851929
vt 0.582031 0.851929
vt 0.587402 0.851685
vt 0.585449 0.856567
vt 0.585449 0.856567
vt 0.571777 0.856445
vt 0.566895 0.841797
vt 0.572754 0.830566
vt 0.556641 0.836792
vt 0.573730 0.810669
vt 0.587891 0.805542
vt 0.559082 0.822754
vt 0.546387 0.796997
vt 0.522461 0.733643
vt 0.520508 0.764893
vt 0.572266 0.755737
vt 0.544434 0.759766
vt 0.548828 0.732910
vt 0.598145 0.753540
vt 0.589355 0.782349
vt 0.500488 0.688477
vt 0.621094 0.755981
vt 0.611816 0.787231
vt 0.641602 0.761108
vt 0.579590 0.731445
vt 0.605957 0.727783
vt 0.630371 0.730225
vt 0.610840 0.712646
vt 0.520996 0.691162
vt 0.504395 0.623779
vt 0.498779 0.660645
vt 0.488037 0.658203
vt 0.488037 0.623047
vt 0.477539 0.660645
vt 0.471924 0.623779
vt 0.455811 0.664307
vt 0.488037 0.579834
vt 0.446045 0.625732
vt 0.435791 0.586182
vt 0.427979 0.633301
vt 0.466797 0.580322
vt 0.437256 0.555420
vt 0.288086 0.664795
vt 0.283203 0.629883
vt 0.322754 0.640137
vt 0.305908 0.671143
vt 0.237549 0.631104
vt 0.229980 0.670898
vt 0.273193 0.582275
vt 0.347412 0.600342
vt 0.221191 0.583740
vt 0.212158 0.639404
vt 0.190430 0.585938
vt 0.210449 0.538818
vt 0.179077 0.541748
vt 0.270508 0.523926
vt 0.332031 0.541748
vt 0.403320 0.558105
vt 0.407471 0.584717
vt 0.375244 0.585205
vt 0.407227 0.522461
vt 0.466553 0.552246
vt 0.488037 0.551025
vt 0.509766 0.552246
vt 0.509277 0.580322
vt 0.539062 0.555420
vt 0.540527 0.586182
vt 0.530273 0.625732
vt 0.520508 0.664307
vt 0.572754 0.558105
vt 0.568848 0.584717
vt 0.548340 0.633301
vt 0.537109 0.525635
vt 0.568848 0.522461
vt 0.692871 0.629883
vt 0.653320 0.640137
vt 0.628906 0.600342
vt 0.650391 0.732910
vt 0.638184 0.712646
vt 0.679688 0.742432
vt 0.661621 0.712646
vt 0.693848 0.718262
vt 0.725586 0.661377
vt 0.682129 0.665039
vt 0.746094 0.670898
vt 0.707031 0.723633
vt 0.738770 0.631104
vt 0.764160 0.639404
vt 0.703125 0.582275
vt 0.754883 0.583740
vt 0.785645 0.585938
vt 0.765625 0.538818
vt 0.644043 0.541748
vt 0.705566 0.523926
vt 0.596680 0.549561
vt 0.601074 0.585205
vt 0.488037 0.364746
vt 0.488037 0.437988
vt 0.465820 0.433594
vt 0.510742 0.364746
vt 0.510254 0.433594
vt 0.536133 0.362793
vt 0.538086 0.425781
vt 0.509277 0.322754
vt 0.561523 0.358398
vt 0.564941 0.419434
vt 0.532227 0.321777
vt 0.588379 0.351074
vt 0.593262 0.409180
vt 0.558105 0.318848
vt 0.631348 0.339355
vt 0.639160 0.390137
vt 0.528320 0.256348
vt 0.583984 0.313965
vt 0.552246 0.252441
vt 0.507324 0.255371
vt 0.535156 0.215332
vt 0.573730 0.243164
vt 0.546875 0.196289
vt 0.517578 0.203613
vt 0.620605 0.302734
vt 0.488037 0.321777
vt 0.488037 0.253906
vt 0.488037 0.196289
vt 0.468994 0.255371
vt 0.466797 0.322754
vt 0.513672 0.149414
vt 0.465332 0.364746
vt 0.543457 0.163574
vt 0.438232 0.425781
vt 0.558105 0.184570
vt 0.554199 0.142578
vt 0.543945 0.111328
vt 0.557129 0.109375
vt 0.558105 0.144043
vt 0.586914 0.130859
vt 0.567383 0.185547
vt 0.578613 0.161621
vt 0.625000 0.168945
vt 0.601562 0.238281
vt 0.596191 0.198730
vt 0.616699 0.183594
vt 0.646973 0.189941
vt 0.633789 0.213867
vt 0.641602 0.199219
vt 0.671875 0.211914
vt 0.663574 0.220703
vt 0.713379 0.245117
vt 0.630859 0.237305
vt 0.649414 0.231445
vt 0.706543 0.264648
vt 0.656738 0.288086
vt 0.685059 0.282715
vt 0.672363 0.331055
vt 0.708984 0.319824
vt 0.694336 0.327637
vt 0.739746 0.314941
vt 0.748535 0.306641
vt 0.764160 0.345703
vt 0.749512 0.347656
vt 0.763672 0.392578
vt 0.732422 0.365723
vt 0.715820 0.351562
vt 0.704590 0.362305
vt 0.721191 0.387695
vt 0.687500 0.374023
vt 0.826660 0.305664
vt 0.825684 0.311035
vt 0.818848 0.310059
vt 0.818359 0.302734
vt 0.826172 0.285156
vt 0.815430 0.286621
vt 0.815430 0.286621
vt 0.810059 0.289062
vt 0.808105 0.283203
vt 0.818359 0.302734
vt 0.813965 0.305176
vt 0.806152 0.305664
vt 0.800781 0.286621
vt 0.806152 0.305664
vt 0.804688 0.310547
vt 0.796875 0.290039
vt 0.800781 0.286621
vt 0.776855 0.260742
vt 0.791504 0.253906
vt 0.774414 0.222168
vt 0.791504 0.232422
vt 0.760742 0.228516
vt 0.757812 0.247070
vt 0.809570 0.149414
vt 0.817871 0.152344
vt 0.817871 0.146973
vt 0.812012 0.145020
vt 0.737793 0.142090
vt 0.774414 0.222168
vt 0.730957 0.141113
vt 0.684570 0.197266
vt 0.682129 0.192871
vt 0.684570 0.189453
vt 0.689453 0.190918
vt 0.760742 0.228516
vt 0.694824 0.188965
vt 0.694824 0.188965
vt 0.717773 0.150879
vt 0.760742 0.228516
vt 0.717773 0.150879
vt 0.721680 0.144531
vt 0.760742 0.228516
vt 0.726074 0.136719
vt 0.721191 0.138672
vt 0.845215 0.175293
vt 0.844238 0.166504
vt 0.853027 0.173828
vt 0.831543 0.138184
vt 0.862305 0.171875
vt 0.837402 0.124512
vt 0.854004 0.262207
vt 0.856445 0.221680
vt 0.866211 0.222168
vt 0.850586 0.122559
vt 0.850098 0.276855
vt 0.864746 0.264648
vt 0.811523 0.051758
vt 0.798828 0.049805
vt 0.804199 0.044922
vt 0.811523 0.051758
vt 0.810547 0.049316
vt 0.814941 0.046387
vt 0.810547 0.039062
vt 0.815918 0.034668
vt 0.820312 0.040527
vt 0.871094 0.108398
vt 0.821289 0.042969
vt 0.866699 0.102539
vt 0.871094 0.108398
vt 0.882812 0.015137
vt 0.884277 0.017578
vt 0.871094 0.108398
vt 0.866699 0.102539
vt 0.889648 0.019043
vt 0.882812 0.007324
vt 0.890137 0.009277
vt 0.897461 0.010254
vt 0.897949 0.019531
vt 0.871094 0.108398
vt 0.904297 0.007812
vt 0.904785 0.015625
vt 0.902832 0.018066
vt 0.940430 0.043945
vt 0.942383 0.040039
vt 0.891602 0.109375
vt 0.891602 0.109375
vt 0.947266 0.035645
vt 0.951172 0.040039
vt 0.956055 0.044434
vt 0.949219 0.050293
vt 0.961426 0.048340
vt 0.922852 0.128418
vt 0.910156 0.124023
vt 0.908203 0.146973
vt 0.926270 0.145508
vt 0.887695 0.139160
vt 0.923828 0.163574
vt 0.899902 0.168945
vt 0.888184 0.167969
vt 0.870605 0.166992
vt 0.880371 0.215820
vt 0.879883 0.164551
vt 0.873047 0.218750
vt 0.872070 0.266113
vt 0.881348 0.267090
vt 0.888672 0.216309
vt 0.859863 0.281250
vt 0.880371 0.288574
vt 0.853516 0.298340
vt 0.834473 0.293457
vt 0.839844 0.313477
vt 0.869141 0.286621
vt 0.867188 0.299316
vt 0.878906 0.300293
vt 0.850098 0.317871
vt 0.840332 0.331543
vt 0.864746 0.314941
vt 0.879395 0.312012
vt 0.863770 0.357910
vt 0.848633 0.357422
vt 0.840332 0.354492
vt 0.837891 0.362305
vt 0.845215 0.370605
vt 0.839844 0.379883
vt 0.822754 0.366211
vt 0.860840 0.379883
vt 0.859375 0.403320
vt 0.877930 0.383301
vt 0.881836 0.413086
vt 0.899414 0.399902
vt 0.879395 0.356445
vt 0.894043 0.381348
vt 0.911133 0.374023
vt 0.923828 0.380371
vt 0.890625 0.356934
vt 0.923828 0.363281
vt 0.938965 0.359863
vt 0.905762 0.356445
vt 0.916992 0.356445
vt 0.918457 0.333984
vt 0.908203 0.309570
vt 0.923340 0.315918
vt 0.927734 0.294434
vt 0.894043 0.308105
vt 0.906250 0.296387
vt 0.912109 0.276855
vt 0.893555 0.298340
vt 0.891602 0.290039
vt 0.902832 0.284180
vt 0.890625 0.268066
vt 0.898438 0.265137
vt 0.906738 0.262695
vt 0.896973 0.218750
vt 0.905273 0.221680
vt 0.895020 0.173828
vt 0.778320 0.942352
vt 0.796875 0.950531
vt 0.790039 0.965179
vt 0.833496 0.933960
vt 0.831055 0.965302
vt 0.812500 0.965271
vt 0.819824 0.941101
vt 0.778320 0.925903
vt 0.765625 0.924500
vt 0.796875 0.911072
vt 0.770020 0.904541
vt 0.757324 0.902588
vt 0.839355 0.896301
vt 0.771973 0.857910
vt 0.799316 0.865356
vt 0.841797 0.863037
vt 0.851562 0.924438
vt 0.846680 0.956970
vt 0.853516 0.891968
vt 0.861328 0.920959
vt 0.866699 0.965088
vt 0.855469 0.860229
vt 0.865234 0.888306
vt 0.904297 0.953491
vt 0.932617 0.981110
vt 0.896973 0.973557
vt 0.921875 0.954498
vt 0.936523 0.960632
vt 0.882812 0.932922
vt 0.887695 0.961609
vt 0.932617 0.938843
vt 0.939453 0.941528
vt 0.905273 0.914734
vt 0.885254 0.897034
vt 0.944336 0.916931
vt 0.952148 0.921265
vt 0.956543 0.875732
vt 0.944824 0.870605
vt 0.906738 0.866699
vt 0.948242 0.832153
vt 0.964844 0.839233
vt 0.958008 0.797241
vt 0.886230 0.858276
vt 0.911133 0.826782
vt 0.946777 0.792847
vt 0.954590 0.760010
vt 0.867676 0.855469
vt 0.946777 0.758545
vt 0.951172 0.717773
vt 0.907715 0.791016
vt 0.941406 0.714355
vt 0.945801 0.683350
vt 0.906250 0.760132
vt 0.907715 0.713135
vt 0.889648 0.826050
vt 0.888184 0.791626
vt 0.871094 0.795532
vt 0.858398 0.800293
vt 0.871094 0.827637
vt 0.842285 0.834717
vt 0.797852 0.827393
vt 0.809570 0.789673
vt 0.845703 0.801514
vt 0.769043 0.819336
vt 0.758789 0.857544
vt 0.754883 0.820679
vt 0.768555 0.781006
vt 0.780273 0.780151
vt 0.777344 0.745850
vt 0.817383 0.756714
vt 0.787109 0.745605
vt 0.788574 0.706299
vt 0.847168 0.773560
vt 0.819824 0.718750
vt 0.860352 0.773315
vt 0.853027 0.735596
vt 0.872070 0.769043
vt 0.863770 0.736572
vt 0.888672 0.762573
vt 0.873535 0.731689
vt 0.890137 0.720459
vt 0.865723 0.709961
vt 0.873535 0.704346
vt 0.886719 0.689453
vt 0.857422 0.708252
vt 0.870605 0.683594
vt 0.823730 0.689697
vt 0.863281 0.684082
vt 0.795898 0.708740
vt 0.805176 0.679443
vt 0.798828 0.674561
vt 0.826172 0.669189
vt 0.803223 0.628174
vt 0.810059 0.624756
vt 0.810059 0.647949
vt 0.808105 0.594238
vt 0.825195 0.622559
vt 0.827637 0.650146
vt 0.816406 0.589844
vt 0.860352 0.628418
vt 0.863770 0.662109
vt 0.824707 0.522217
vt 0.839844 0.477539
vt 0.833496 0.520020
vt 0.831543 0.585938
vt 0.861816 0.592529
vt 0.850098 0.475098
vt 0.858398 0.438477
vt 0.850098 0.519531
vt 0.857910 0.530273
vt 0.863281 0.439453
vt 0.861816 0.474609
vt 0.869629 0.432129
vt 0.867188 0.417480
vt 0.877930 0.426270
vt 0.865234 0.480957
vt 0.873047 0.440430
vt 0.868164 0.495117
vt 0.873535 0.448730
vt 0.877441 0.443848
vt 0.874512 0.493164
vt 0.874023 0.552734
vt 0.881836 0.445312
vt 0.873047 0.595947
vt 0.882812 0.550293
vt 0.871094 0.626953
vt 0.882812 0.592285
vt 0.870605 0.661133
vt 0.880859 0.625244
vt 0.876465 0.658936
vt 0.876465 0.679932
vt 0.887207 0.670166
vt 0.906738 0.679932
vt 0.944824 0.667969
vt 0.908203 0.662842
vt 0.891602 0.622803
vt 0.883789 0.653564
vt 0.917969 0.622559
vt 0.892090 0.586914
vt 0.916016 0.586182
vt 0.944336 0.596191
vt 0.932129 0.522949
vt 0.890625 0.536865
vt 0.922852 0.523926
vt 0.918945 0.477539
vt 0.904297 0.526123
vt 0.897461 0.440430
vt 0.900879 0.437988
vt 0.890625 0.476562
vt 0.884277 0.493164
vt 0.889160 0.428711
vt 0.891113 0.417480
vt 0.883301 0.432617
vt 0.067444 0.162598
vt 0.090820 0.169922
vt 0.077148 0.169922
vt 0.087524 0.146484
vt 0.066528 0.156250
vt 0.086609 0.123535
vt 0.069702 0.144043
vt 0.071167 0.126953
vt 0.108093 0.139160
vt 0.105469 0.216309
vt 0.097168 0.218750
vt 0.099609 0.173828
vt 0.094971 0.264648
vt 0.086609 0.262207
vt 0.089111 0.221191
vt 0.080750 0.275879
vt 0.113953 0.215820
vt 0.106873 0.167969
vt 0.090271 0.283691
vt 0.115295 0.165039
vt 0.102783 0.268066
vt 0.112122 0.267090
vt 0.124878 0.166992
vt 0.121338 0.219238
vt 0.112488 0.288574
vt 0.101196 0.289551
vt 0.121033 0.266113
vt 0.098816 0.297852
vt 0.113770 0.300293
vt 0.086365 0.295898
vt 0.064819 0.293457
vt 0.098389 0.308105
vt 0.084106 0.308594
vt 0.069092 0.314941
vt 0.085632 0.355957
vt 0.073486 0.333008
vt 0.074280 0.355469
vt 0.067444 0.361816
vt 0.066711 0.378906
vt 0.052032 0.358398
vt 0.079529 0.373535
vt 0.090942 0.399414
vt 0.100891 0.356445
vt 0.096619 0.380859
vt 0.112488 0.383301
vt 0.107971 0.412598
vt 0.130615 0.403320
vt 0.111877 0.356445
vt 0.112976 0.312012
vt 0.129883 0.379883
vt 0.151001 0.380859
vt 0.127563 0.358398
vt 0.127563 0.314941
vt 0.145874 0.371094
vt 0.153320 0.363281
vt 0.168091 0.367188
vt 0.142456 0.357910
vt 0.151123 0.354980
vt 0.141968 0.318359
vt 0.151367 0.332520
vt 0.152588 0.314453
vt 0.139282 0.298828
vt 0.158203 0.294434
vt 0.142822 0.277344
vt 0.125244 0.299805
vt 0.132935 0.281738
vt 0.123657 0.287109
vt 0.128296 0.265137
vt 0.139160 0.262695
vt 0.128052 0.222656
vt 0.132812 0.172363
vt 0.151245 0.167480
vt 0.149902 0.175781
vt 0.142456 0.174316
vt 0.147949 0.145020
vt 0.159302 0.125488
vt 0.164551 0.139648
vt 0.145996 0.123047
vt 0.127075 0.139160
vt 0.198975 0.050781
vt 0.125732 0.108398
vt 0.185913 0.052734
vt 0.193359 0.045898
vt 0.182861 0.047363
vt 0.187012 0.050293
vt 0.187256 0.040039
vt 0.182373 0.035645
vt 0.177490 0.041504
vt 0.176758 0.043945
vt 0.125732 0.108398
vt 0.115723 0.015137
vt 0.130127 0.102539
vt 0.114197 0.017578
vt 0.130127 0.102539
vt 0.108887 0.018555
vt 0.125732 0.108398
vt 0.115479 0.007324
vt 0.108459 0.009277
vt 0.101074 0.009766
vt 0.100525 0.019043
vt 0.094177 0.007324
vt 0.093811 0.015137
vt 0.105225 0.108887
vt 0.057678 0.042969
vt 0.057678 0.042969
vt 0.055756 0.039062
vt 0.053070 0.046875
vt 0.050995 0.034668
vt 0.046997 0.039062
vt 0.049377 0.049316
vt 0.036652 0.047363
vt 0.042114 0.043457
vt 0.050751 0.045898
vt 0.048279 0.047363
vt 0.711914 0.872437
vt 0.703613 0.890259
vt 0.694336 0.897583
vt 0.723145 0.814453
vt 0.730469 0.830811
vt 0.707031 0.822876
vt 0.709961 0.810425
vt 0.735840 0.819336
vt 0.711914 0.802124
vt 0.739746 0.811523
vt 0.725586 0.806519
vt 0.726562 0.804077
vt 0.710938 0.796143
vt 0.726562 0.804077
vt 0.728516 0.798218
vt 0.743652 0.807007
vt 0.733398 0.783203
vt 0.729980 0.793579
vt 0.718262 0.783569
vt 0.747559 0.782227
vt 0.745605 0.792603
vt 0.739746 0.764038
vt 0.723145 0.774048
vt 0.729004 0.760010
vt 0.750977 0.767334
vt 0.737305 0.738770
vt 0.756836 0.745117
vt 0.755371 0.717285
vt 0.748047 0.715576
vt 0.761719 0.719971
vt 0.756348 0.703125
vt 0.762695 0.705322
vt 0.759277 0.704834
vt 0.760742 0.699951
vt 0.068909 0.958435
vt 0.086609 0.957306
vt 0.058044 0.985092
vt 0.058014 0.942810
vt 0.051331 0.945526
vt 0.103210 0.965363
vt 0.094116 0.977356
vt 0.046387 0.920959
vt 0.038239 0.925293
vt 0.033722 0.879822
vt 0.085144 0.918579
vt 0.045746 0.874634
vt 0.025421 0.843384
vt 0.107910 0.936646
vt 0.041870 0.836182
vt 0.083618 0.870483
vt 0.105469 0.900818
vt 0.129150 0.924622
vt 0.123962 0.968750
vt 0.104187 0.862061
vt 0.125000 0.891968
vt 0.139160 0.928040
vt 0.144165 0.960541
vt 0.136719 0.895569
vt 0.153931 0.934692
vt 0.158081 0.955078
vt 0.170654 0.944550
vt 0.193604 0.953857
vt 0.218262 0.980957
vt 0.191406 0.991386
vt 0.193481 0.914429
vt 0.151001 0.899841
vt 0.212402 0.945587
vt 0.232910 0.966522
vt 0.212158 0.929199
vt 0.224976 0.927734
vt 0.220459 0.907715
vt 0.232910 0.905701
vt 0.190796 0.868774
vt 0.218384 0.861084
vt 0.231689 0.860596
vt 0.148560 0.866577
vt 0.221069 0.822510
vt 0.235107 0.823853
vt 0.221313 0.784180
vt 0.134521 0.863892
vt 0.209839 0.783447
vt 0.212402 0.749023
vt 0.192261 0.830688
vt 0.202881 0.748779
vt 0.201050 0.709717
vt 0.147949 0.838257
vt 0.180298 0.793091
vt 0.172485 0.760132
vt 0.144409 0.805054
vt 0.133057 0.836548
vt 0.122681 0.859131
vt 0.142578 0.777100
vt 0.131348 0.803833
vt 0.119324 0.831299
vt 0.129761 0.776978
vt 0.118835 0.799194
vt 0.100647 0.829712
vt 0.136963 0.739258
vt 0.117859 0.772705
vt 0.170044 0.722168
vt 0.125732 0.740234
vt 0.193481 0.711914
vt 0.132324 0.711914
vt 0.165649 0.693115
vt 0.184326 0.682861
vt 0.126465 0.687500
vt 0.190430 0.677979
vt 0.182007 0.666260
vt 0.123718 0.713623
vt 0.185913 0.631592
vt 0.185791 0.652344
vt 0.179077 0.651367
vt 0.179077 0.628174
vt 0.181152 0.597656
vt 0.164062 0.625977
vt 0.161865 0.653809
vt 0.125610 0.665771
vt 0.172607 0.593262
vt 0.155029 0.523438
vt 0.163940 0.525635
vt 0.148560 0.480957
vt 0.138184 0.479004
vt 0.129883 0.441895
vt 0.138794 0.522949
vt 0.157593 0.589600
vt 0.125122 0.442871
vt 0.126831 0.478516
vt 0.118774 0.436035
vt 0.120850 0.421387
vt 0.110107 0.429688
vt 0.115479 0.443848
vt 0.123474 0.484863
vt 0.130615 0.533936
vt 0.114807 0.452148
vt 0.120544 0.499023
vt 0.111023 0.447754
vt 0.114075 0.496582
vt 0.104736 0.436523
vt 0.106323 0.448730
vt 0.099243 0.432129
vt 0.097168 0.421387
vt 0.087280 0.441895
vt 0.098083 0.480469
vt 0.091064 0.443848
vt 0.092712 0.476074
vt 0.077759 0.480469
vt 0.069702 0.481445
vt 0.084412 0.530029
vt 0.065857 0.527832
vt 0.056793 0.526855
vt 0.098328 0.540527
vt 0.104187 0.496582
vt 0.106140 0.553955
vt 0.073059 0.590088
vt 0.053680 0.598145
vt 0.114929 0.556396
vt 0.106262 0.595947
vt 0.127075 0.596191
vt 0.115967 0.599609
vt 0.128906 0.632080
vt 0.117920 0.630615
vt 0.108398 0.629150
vt 0.071472 0.626465
vt 0.097717 0.626465
vt 0.052948 0.632324
vt 0.044006 0.635254
vt 0.057953 0.654297
vt 0.083191 0.651855
vt 0.054749 0.685547
vt 0.043518 0.687256
vt 0.044556 0.672119
vt 0.118896 0.664795
vt 0.112793 0.662842
vt 0.112976 0.683594
vt 0.119080 0.687256
vt 0.115845 0.708008
vt 0.103027 0.693115
vt 0.101990 0.673828
vt 0.082581 0.683594
vt 0.081421 0.666748
vt 0.055450 0.668945
vt 0.082031 0.716797
vt 0.099487 0.724121
vt 0.116089 0.735352
vt 0.101379 0.766235
vt 0.083557 0.763916
vt 0.048035 0.718262
vt 0.038330 0.721924
vt 0.101624 0.795410
vt 0.043060 0.762573
vt 0.035217 0.764160
vt 0.082214 0.794800
vt 0.043488 0.796875
vt 0.031830 0.801270
vt 0.078979 0.830566
vt 0.440186 0.362793
vt 0.411133 0.419434
vt 0.443848 0.321777
vt 0.414551 0.358398
vt 0.383057 0.409180
vt 0.387939 0.351074
vt 0.336914 0.390137
vt 0.418213 0.318848
vt 0.447998 0.256348
vt 0.392090 0.313965
vt 0.424072 0.252441
vt 0.441162 0.215332
vt 0.458496 0.203613
vt 0.462402 0.149414
vt 0.429199 0.196289
vt 0.432861 0.163574
vt 0.422119 0.142578
vt 0.432373 0.111328
vt 0.419189 0.109375
vt 0.417969 0.184570
vt 0.418213 0.144043
vt 0.389404 0.130859
vt 0.402588 0.243164
vt 0.408691 0.185547
vt 0.397705 0.161621
vt 0.351074 0.168945
vt 0.374756 0.238281
vt 0.359375 0.183594
vt 0.329102 0.189941
vt 0.380127 0.198730
vt 0.334717 0.199219
vt 0.304199 0.211914
vt 0.342285 0.213867
vt 0.312500 0.220703
vt 0.262695 0.245117
vt 0.345459 0.237305
vt 0.269775 0.264648
vt 0.326904 0.231445
vt 0.291260 0.282715
vt 0.267090 0.319824
vt 0.255371 0.298828
vt 0.212036 0.345703
vt 0.227661 0.306641
vt 0.236694 0.314941
vt 0.226685 0.347656
vt 0.212402 0.392578
vt 0.260254 0.351562
vt 0.281738 0.327637
vt 0.243652 0.365723
vt 0.237793 0.396973
vt 0.271484 0.362305
vt 0.255127 0.387695
vt 0.303711 0.331055
vt 0.344971 0.339355
vt 0.288574 0.374023
vt 0.319580 0.288086
vt 0.355469 0.302734
vt 0.596680 0.843506
vt 0.599121 0.839722
vt 0.604492 0.846313
vt 0.590332 0.838867
vt 0.600098 0.847534
vt 0.603516 0.854858
vt 0.591797 0.843018
vt 0.599609 0.852783
vt 0.596680 0.860107
vt 0.593750 0.849487
vt 0.595703 0.855957
vt 0.588379 0.859253
vt 0.587891 0.846313
vt 0.583984 0.844238
vt 0.590332 0.855469
vt 0.583008 0.852661
vt 0.586914 0.851440
vt 0.593750 0.856201
vt 0.593750 0.860596
vt 0.585938 0.857544
vt 0.601562 0.857056
vt 0.588867 0.854370
vt 0.582520 0.849731
vt 0.598633 0.854126
vt 0.604492 0.849121
vt 0.586914 0.849609
vt 0.585449 0.841797
vt 0.593262 0.849487
vt 0.588379 0.844849
vt 0.593262 0.838379
vt 0.600098 0.849243
vt 0.593262 0.842651
vt 0.601074 0.841431
vt 0.598145 0.844604
vt 0.294434 0.937134
vt 0.350586 0.871582
vt 0.352295 0.875183
vt 0.352539 0.873901
vt 0.623535 0.873901
vt 0.180298 0.225098
vt 0.285400 0.941254
vt 0.281494 0.941467
vt 0.281250 0.938843
vt 0.283936 0.931885
vt 0.352051 0.874023
vt 0.352539 0.873901
vt 0.357422 0.855103
vt 0.358887 0.812256
vt 0.623535 0.873901
vt 0.618652 0.855103
vt 0.694824 0.938843
vt 0.690918 0.941254
vt 0.694824 0.941467
vt 0.617188 0.812256
vt 0.564941 0.786377
vt 0.413574 0.644287
vt 0.394287 0.628174
vt 0.382080 0.620850
vt 0.350342 0.687744
vt 0.173706 0.489258
vt 0.207031 0.484375
vt 0.175415 0.440430
vt 0.207886 0.434570
vt 0.239746 0.468750
vt 0.180542 0.396484
vt 0.193481 0.342285
vt 0.275391 0.453613
vt 0.238159 0.425781
vt 0.333496 0.487793
vt 0.379395 0.549561
vt 0.382324 0.512695
vt 0.331543 0.441406
vt 0.384521 0.471191
vt 0.413330 0.481934
vt 0.439209 0.525635
vt 0.440186 0.491211
vt 0.466309 0.527832
vt 0.466553 0.494629
vt 0.488037 0.526367
vt 0.509766 0.527832
vt 0.582031 0.628174
vt 0.562500 0.644287
vt 0.594238 0.620850
vt 0.625977 0.687744
vt 0.658691 0.675293
vt 0.797363 0.541748
vt 0.802734 0.489258
vt 0.769043 0.484375
vt 0.800781 0.440430
vt 0.768555 0.434570
vt 0.736328 0.468750
vt 0.738281 0.425781
vt 0.700684 0.453613
vt 0.642578 0.487793
vt 0.704102 0.412109
vt 0.644531 0.441406
vt 0.593750 0.512695
vt 0.591797 0.471191
vt 0.562988 0.481934
vt 0.536133 0.491211
vt 0.509766 0.494629
vt 0.488037 0.495605
vt 0.736816 0.265625
vt 0.729980 0.278320
vt 0.760254 0.296387
vt 0.720703 0.298828
vt 0.782715 0.342285
vt 0.738281 0.396973
vt 0.816895 0.281250
vt 0.853516 0.176758
vt 0.918457 0.167969
vt 0.906738 0.177734
vt 0.914062 0.175293
vt 0.770508 0.956055
vt 0.772461 0.977737
vt 0.856934 0.833008
vt 0.807129 0.663086
vt 0.801270 0.661377
vt 0.803711 0.648926
vt 0.942871 0.653809
vt 0.906250 0.647949
vt 0.945312 0.631348
vt 0.071228 0.168457
vt 0.067444 0.162598
vt 0.087402 0.175781
vt 0.137939 0.222656
vt 0.141479 0.177246
vt 0.697754 0.897644
vt 0.691895 0.895630
vt 0.691895 0.886169
vt 0.696289 0.867065
vt 0.743652 0.807007
vt 0.710938 0.796143
vt 0.714355 0.789185
vt 0.745117 0.799683
vt 0.188110 0.664795
vt 0.163452 0.672607
vt 0.044800 0.600342
vt 0.046387 0.657959
vt 0.105408 0.657227
vt 0.246460 0.278320
vt 0.239380 0.265625
vt 0.215942 0.296387
vt 0.272217 0.412109
vt 0.343994 0.822510
vt 0.355957 0.827148
vt 0.343262 0.808594
vt 0.318115 0.804810
vt 0.393555 0.712646
vt 0.429688 0.690918
vt 0.632324 0.822510
vt 0.632812 0.808594
vt 0.545410 0.703369
vt 0.582520 0.712646
vt 0.546387 0.690918
vt 0.396729 0.651855
vt 0.395996 0.665527
vt 0.388428 0.670166
vt 0.392578 0.701660
vt 0.368408 0.681641
vt 0.377686 0.668213
vt 0.366211 0.649658
vt 0.347900 0.649902
vt 0.369873 0.632324
vt 0.579590 0.651855
vt 0.580078 0.665527
vt 0.587891 0.670166
vt 0.583496 0.701660
vt 0.607910 0.681641
vt 0.598633 0.668213
vt 0.609863 0.649658
vt 0.628418 0.649902
vt 0.606445 0.632324
vt 0.795898 0.396484
vt 0.757812 0.963379
vt 0.799316 0.988045
vt 0.905273 0.988960
vt 0.948242 0.969528
vt 0.042542 0.973587
vt 0.159668 0.968796
vt 0.310547 0.823120
vt 0.322510 0.817993
vt 0.308105 0.809814
vt 0.488037 0.771729
vt 0.501953 0.769897
vt 0.665527 0.823120
vt 0.653809 0.817993
vn -0.554825 0.110427 0.824606
vn -0.090040 0.151624 0.984329
vn -0.021598 0.275214 0.961140
vn 0.170102 0.889339 0.424430
vn -0.574299 -0.102042 0.812261
vn 0.455464 0.874264 0.167970
vn 0.389816 0.749603 -0.534919
vn 0.973619 0.227746 -0.014083
vn 0.837438 0.494387 -0.232981
vn 0.192575 0.744269 -0.639514
vn -0.920932 -0.091799 -0.378758
vn -0.770394 -0.138510 -0.622341
vn -0.911280 -0.065348 -0.406568
vn -0.207173 -0.419487 -0.883804
vn -0.229007 -0.830282 0.508122
vn -0.220876 -0.831995 0.508918
vn -0.229007 -0.830282 0.508122
vn -0.239539 -0.827971 0.507035
vn 0.491263 -0.784383 -0.378687
vn -0.182323 -0.816934 -0.547154
vn -0.248669 -0.522850 -0.815348
vn -0.770394 -0.138510 -0.622341
vn -0.478908 -0.522484 -0.705448
vn 0.973511 -0.046668 0.223826
vn 0.837438 0.494387 -0.232981
vn 0.973619 0.227746 -0.014083
vn 0.943837 -0.220657 -0.245931
vn -0.106829 -0.982902 -0.149970
vn 0.406321 -0.852915 -0.327779
vn 0.159937 -0.979383 -0.123404
vn -0.422548 -0.613232 -0.667383
vn -0.108133 -0.874619 -0.472599
vn -0.281825 -0.351166 0.892893
vn -0.971701 -0.147033 0.184873
vn 0.568165 -0.623091 0.537538
vn 0.603046 -0.089770 0.792639
vn 0.588555 -0.038165 0.807555
vn 0.135372 -0.039801 0.989995
vn 0.336827 -0.939002 -0.069445
vn 0.336827 -0.939002 -0.069445
vn 0.336827 -0.939002 -0.069445
vn -0.624811 -0.698281 -0.349305
vn -0.969905 -0.239600 0.043306
vn -0.903875 -0.104738 -0.414777
vn -0.906888 -0.090195 -0.411606
vn -0.056283 -0.287101 0.956245
vn -0.526359 -0.020455 0.850016
vn 0.437018 -0.898898 0.031599
vn 0.901120 -0.152952 0.405695
vn 0.892973 0.011584 0.449961
vn 0.694633 0.011177 0.719278
vn -0.186144 -0.936643 -0.296732
vn -0.186144 -0.936643 -0.296732
vn -0.186144 -0.936643 -0.296732
vn -0.447684 -0.882123 -0.146415
vn -0.767622 -0.050892 0.638879
vn -0.929951 -0.044865 0.364935
vn 0.844946 -0.412003 -0.341056
vn 0.558188 -0.407699 0.722639
vn -0.095608 -0.310389 0.945789
vn 0.108257 -0.922480 -0.370555
vn 0.726872 -0.659574 -0.191361
vn 0.689325 -0.617615 -0.378659
vn 0.059995 -0.911185 0.407605
vn 0.860821 -0.466248 -0.203960
vn 0.816069 -0.494325 -0.299457
vn 0.837078 -0.436378 0.329962
vn 0.957159 -0.278254 -0.080130
vn 0.780475 0.407171 0.474416
vn 0.709373 0.503839 0.492885
vn 0.937192 -0.238378 0.254650
vn 0.714276 -0.575328 0.398507
vn -0.000000 -0.919794 0.392402
vn 0.000000 -0.899886 0.436126
vn 0.911297 -0.211483 0.353288
vn 0.906513 -0.262777 0.330427
vn 0.691335 0.513789 0.508013
vn -0.250855 0.748172 0.614256
vn -0.497914 0.692821 0.521613
vn -0.376938 0.837951 0.394659
vn -0.450849 0.841707 0.297093
vn 0.853403 -0.316764 0.413961
vn 0.690788 -0.619549 0.372788
vn 0.884795 -0.318885 0.339778
vn 0.497953 -0.753912 0.428555
vn 0.030984 -0.890436 0.454052
vn 0.000000 -0.860859 0.508843
vn 0.764005 -0.496176 0.412439
vn 0.832183 -0.450095 0.323861
vn 0.476387 -0.719926 0.504739
vn -0.000001 -0.637966 0.770064
vn 0.273310 -0.661416 0.698448
vn 0.363512 -0.554020 0.748947
vn 0.511093 -0.550068 0.660461
vn 0.652364 -0.519773 0.551595
vn 0.863368 -0.209444 0.459052
vn 0.948722 -0.160745 0.272191
vn 0.736640 -0.348409 0.579631
vn 0.802533 -0.214446 0.556734
vn 0.868175 0.005342 0.496229
vn 0.832852 -0.045948 0.551585
vn 0.925880 0.058522 0.373257
vn 0.824068 0.487326 0.288834
vn 0.980953 0.026458 0.192433
vn 0.938068 0.310443 0.153796
vn 0.762326 0.644933 -0.054044
vn 0.986557 0.154265 0.053929
vn 0.889080 0.439712 -0.127243
vn 0.907120 -0.301251 0.293908
vn 0.908486 -0.199361 0.367298
vn 0.845960 -0.375779 0.378341
vn 0.957948 -0.002984 0.286927
vn 0.935524 -0.269930 0.227888
vn 0.942858 -0.009856 0.333050
vn 0.978430 0.041331 0.202403
vn 0.982936 -0.143139 0.115534
vn 0.921909 0.014213 0.387145
vn 0.931279 0.027564 0.363261
vn 0.923651 -0.025145 0.382408
vn 0.967127 0.059533 0.247227
vn 0.934614 -0.195493 0.297118
vn -0.096005 -0.988355 -0.118054
vn -0.438103 -0.892120 -0.110393
vn -0.374717 -0.926377 -0.037591
vn -0.479090 -0.863433 -0.157976
vn -0.501357 -0.847566 -0.173992
vn -0.422156 -0.886482 -0.189564
vn -0.396986 -0.877012 -0.270651
vn 0.984164 0.066651 0.164252
vn 0.993792 -0.069564 0.086828
vn 0.948305 -0.227205 0.221577
vn -0.472839 -0.833272 -0.286499
vn -0.422837 -0.703200 -0.571593
vn 0.987013 0.118838 0.108086
vn 0.990091 -0.111547 0.085309
vn 0.862402 -0.317554 0.394236
vn 0.978966 0.122748 0.162965
vn -0.032329 -0.464665 0.884896
vn -0.032893 -0.370299 0.928330
vn 0.784227 0.156817 0.600330
vn 0.461004 0.220756 0.859501
vn 0.783444 0.477142 0.398185
vn -0.190888 0.649172 0.736300
vn 0.060250 0.948275 0.311680
vn 0.952667 0.271655 0.136487
vn 0.612567 0.755318 0.232930
vn 0.328757 0.898776 0.290037
vn -0.191725 0.935236 0.297616
vn 0.575028 0.735442 0.358424
vn 0.961521 0.195174 0.193351
vn 0.088974 0.739333 0.667436
vn -0.017099 0.734306 0.678603
vn 0.641136 0.511618 0.572006
vn 0.948032 -0.000651 0.318174
vn 0.121925 0.821327 0.557275
vn 0.000000 0.879537 0.475830
vn 0.981073 0.067879 0.181352
vn 0.120362 0.953519 0.276250
vn 0.000000 0.973034 0.230663
vn 0.323107 0.763608 0.559021
vn 0.210521 0.974837 0.073306
vn 0.000000 0.999190 0.040237
vn 0.876501 0.163398 0.452821
vn 0.960468 -0.060833 0.271662
vn 0.790554 0.378449 0.481457
vn 0.904501 -0.161783 0.394593
vn 0.894774 -0.204631 0.396870
vn 0.490576 0.812050 0.316086
vn 0.893652 0.156309 0.420658
vn 0.890182 -0.195651 0.411456
vn 0.834396 -0.245040 0.493698
vn 0.946083 -0.170582 0.275371
vn 0.856990 -0.263833 0.442673
vn 0.915970 0.302288 0.263857
vn 0.936717 -0.166424 0.307999
vn 0.632678 -0.624288 0.458239
vn 0.977805 -0.030268 0.207320
vn 0.728463 -0.630277 0.268502
vn 0.866176 -0.492601 0.084162
vn 0.982084 0.105697 0.156007
vn 0.959334 0.180190 0.217277
vn 0.752251 0.658694 -0.015517
vn 0.639162 0.768530 0.028876
vn 0.568187 0.812183 0.132370
vn 0.505688 0.805430 0.309131
vn 0.637062 0.747827 0.186832
vn 0.612576 0.705506 0.356387
vn 0.999346 -0.031297 0.018132
vn 0.581633 0.594224 0.555519
vn 0.964066 0.108491 0.242500
vn 0.565494 0.221756 0.794380
vn 0.956108 0.155664 0.248246
vn 0.472052 -0.104447 0.875361
vn 0.981136 0.105789 0.161803
vn 0.984959 -0.128081 0.115979
vn 0.978844 -0.009571 0.204383
vn 0.996749 0.023016 0.077218
vn 0.947050 -0.232940 0.220985
vn 0.986158 -0.131452 0.101062
vn 0.202285 -0.679345 0.705388
vn 0.971300 0.064874 -0.228839
vn 0.106944 -0.675207 0.729834
vn 0.989709 -0.038758 0.137743
vn 0.997721 0.042232 0.052629
vn 0.990171 -0.046106 0.132046
vn 0.098377 -0.910772 0.401018
vn 0.965531 0.257507 -0.037936
vn 0.238124 -0.874841 0.421842
vn 0.201577 -0.964226 0.172145
vn 0.180340 -0.983583 0.006541
vn 0.879258 0.400821 0.257386
vn 0.515033 -0.812722 -0.272441
vn 0.886472 -0.462370 -0.019526
vn 0.411607 -0.864569 -0.288271
vn 0.878580 -0.030989 0.476589
vn 0.730974 0.304049 0.610926
vn 0.943428 0.007539 0.331491
vn 0.871919 0.336440 0.355760
vn 0.913723 0.366706 0.175032
vn 0.835239 0.526799 0.157665
vn 0.531257 0.845980 0.045646
vn 0.967541 0.252490 0.010654
vn 0.939080 0.336415 -0.070386
vn 0.661565 0.734624 -0.150531
vn 0.258491 0.952612 -0.160351
vn 0.616065 0.721715 -0.315581
vn 0.622146 0.719255 -0.309203
vn 0.370762 0.811580 -0.451523
vn 0.267571 0.901897 -0.339099
vn 0.525450 0.840084 0.134760
vn 0.411750 0.900107 -0.142374
vn 0.269996 0.906188 -0.325462
vn 0.000001 0.914044 -0.405616
vn -0.370801 0.811566 -0.451517
vn 0.000001 0.883447 -0.468532
vn 0.000000 0.999190 0.040237
vn -0.000000 0.983568 -0.180536
vn -0.258490 0.952612 -0.160351
vn 0.000000 0.973034 0.230663
vn -0.210521 0.974837 0.073305
vn -0.661552 0.734638 -0.150519
vn -0.120362 0.953519 0.276250
vn 0.000000 0.879537 0.475830
vn -0.531257 0.845980 0.045645
vn -0.121170 0.811954 0.571007
vn -0.017099 0.734306 0.678603
vn -0.343560 0.764301 0.545720
vn 0.005002 0.729096 0.684394
vn -0.461310 0.833971 0.302795
vn -0.126450 0.899289 0.418676
vn -0.191725 0.935236 0.297616
vn -0.529895 0.583272 0.615634
vn -0.481158 0.845294 0.232305
vn 0.060250 0.948275 0.311680
vn -0.620789 0.728358 0.290027
vn -0.741054 0.552749 0.381193
vn -0.190888 0.649172 0.736300
vn -0.967314 0.226490 0.114048
vn -0.965442 0.190270 0.178101
vn -0.965748 0.067373 0.250582
vn -0.777107 0.109154 0.619830
vn 0.461004 0.220756 0.859501
vn -0.032893 -0.370299 0.928330
vn -0.851092 -0.363505 0.378822
vn -0.032329 -0.464665 0.884896
vn -0.976403 -0.199434 0.082844
vn 0.368009 -0.700148 -0.611851
vn 0.411006 -0.861089 -0.299333
vn 0.320878 -0.905660 -0.277159
vn -0.991721 0.088691 0.092866
vn 0.469919 -0.867516 -0.163073
vn -0.991468 -0.102708 0.080267
vn 0.382944 -0.905095 -0.184815
vn 0.467885 -0.871382 -0.147572
vn -0.985149 0.068078 0.157627
vn 0.076152 -0.990912 -0.110882
vn 0.439694 -0.891328 -0.110468
vn 0.296793 -0.950009 0.096942
vn 0.376040 -0.925839 -0.037623
vn -0.948033 -0.000651 0.318173
vn -0.948305 -0.227206 0.221575
vn 0.376589 0.838763 0.393264
vn 0.373229 0.894874 0.244745
vn 0.452806 0.841080 0.295891
vn -0.876502 0.163398 0.452819
vn -0.981073 0.067880 0.181350
vn -0.934614 -0.195495 0.297116
vn -0.757422 0.397557 0.517938
vn -0.960469 -0.060833 0.271660
vn -0.904502 -0.161783 0.394591
vn -0.967128 0.059533 0.247224
vn -0.931280 0.027563 0.363259
vn -0.923652 -0.025145 0.382406
vn -0.894775 -0.204631 0.396867
vn -0.920231 0.008868 0.391276
vn -0.718255 0.494035 0.489938
vn -0.783514 -0.533813 0.318040
vn -0.906514 -0.262776 0.330424
vn 0.360151 0.756637 0.545703
vn 0.399102 0.715628 0.573231
vn -0.908435 -0.386406 -0.159486
vn -0.981002 -0.192791 0.021622
vn -0.937193 -0.238377 0.254647
vn -0.879879 -0.442739 -0.172613
vn -0.911298 -0.211482 0.353286
vn -0.817491 -0.475883 0.324413
vn -0.853405 -0.316763 0.413958
vn -0.907120 -0.301251 0.293907
vn -0.908486 -0.199363 0.367297
vn -0.942654 0.003208 0.333757
vn -0.887694 -0.341180 0.309184
vn -0.845960 -0.375779 0.378340
vn -0.714277 -0.575328 0.398505
vn -0.884796 -0.318885 0.339776
vn 0.059995 -0.911185 0.407605
vn -0.000000 -0.919794 0.392402
vn 0.108257 -0.922480 -0.370555
vn -0.712633 -0.635822 -0.296454
vn -0.178135 -0.848885 -0.497657
vn -0.788337 -0.533800 -0.305911
vn -0.690789 -0.619549 0.372786
vn 0.000000 -0.899886 0.436126
vn -0.470227 -0.770297 0.430731
vn 0.030984 -0.890436 0.454052
vn -0.009071 -0.898025 0.439850
vn 0.000000 -0.860859 0.508843
vn -0.608989 -0.692443 0.386853
vn -0.836518 -0.425856 0.344795
vn -0.957948 -0.002984 0.286926
vn -0.978430 0.041331 0.202402
vn -0.935524 -0.269930 0.227886
vn -0.966979 -0.085409 0.240120
vn -0.982085 0.105697 0.156006
vn -0.981137 0.105789 0.161801
vn -0.982936 -0.143140 0.115532
vn -0.903291 -0.192743 0.383295
vn -0.956108 0.155664 0.248245
vn -0.834398 -0.245041 0.493696
vn -0.915972 0.302283 0.263856
vn -0.946083 -0.170582 0.275372
vn -0.890183 -0.195650 0.411455
vn -0.659957 -0.649526 0.377588
vn -0.916860 -0.117320 0.381581
vn -0.782842 -0.594746 0.182853
vn -0.732292 0.680990 0.000887
vn -0.611923 0.788607 0.060412
vn -0.515377 0.828336 0.219647
vn -0.956024 0.196514 0.217718
vn -0.690999 0.704112 0.163543
vn -0.964066 0.108491 0.242499
vn -0.589067 0.732657 0.340901
vn -0.581635 0.594223 0.555517
vn -0.999346 -0.031297 0.018130
vn -0.565498 0.221755 0.794378
vn -0.472054 -0.104448 0.875360
vn -0.947051 -0.232941 0.220984
vn -0.886474 -0.462366 -0.019525
vn -0.202286 -0.679345 0.705387
vn -0.878580 -0.030988 0.476588
vn -0.984959 -0.128082 0.115977
vn -0.943429 0.007539 0.331490
vn -0.978845 -0.009572 0.204381
vn -0.986158 -0.131451 0.101060
vn -0.971300 0.064873 -0.228840
vn -0.106944 -0.675207 0.729834
vn -0.098377 -0.910772 0.401018
vn -0.238125 -0.874841 0.421842
vn -0.201578 -0.964226 0.172145
vn -0.965531 0.257507 -0.037938
vn -0.990171 -0.046106 0.132044
vn -0.180340 -0.983583 0.006540
vn -0.879259 0.400821 0.257385
vn -0.515035 -0.812721 -0.272440
vn -0.411606 -0.864570 -0.288271
vn -0.730975 0.304050 0.610925
vn -0.874497 0.366242 0.317997
vn -0.913724 0.366706 0.175030
vn -0.989710 -0.038758 0.137742
vn -0.835240 0.526799 0.157663
vn -0.997721 0.042232 0.052627
vn -0.996749 0.023016 0.077216
vn -0.967541 0.252490 0.010653
vn -0.939081 0.336416 -0.070364
vn -0.616020 0.721751 -0.315586
vn -0.622128 0.719271 -0.309203
vn -0.938079 0.310353 0.153910
vn -0.889079 0.439732 -0.127175
vn -0.762362 0.644890 -0.054048
vn -0.925881 0.058522 0.373255
vn -0.980954 0.026458 0.192432
vn -0.270022 0.906180 -0.325464
vn -0.898404 -0.161307 0.408472
vn -0.956869 -0.120640 0.264288
vn -0.713974 -0.544591 0.440069
vn -0.824140 0.487196 0.288849
vn -0.868176 0.005342 0.496228
vn -0.816074 -0.237020 0.527111
vn -0.832853 -0.045949 0.551584
vn -0.411773 0.900088 -0.142426
vn -0.135063 0.975882 -0.171501
vn -0.105761 0.980021 -0.168442
vn 0.000000 0.984907 -0.173086
vn 0.000000 0.988145 -0.153520
vn 0.105763 0.980021 -0.168441
vn 0.135045 0.975886 -0.171491
vn 0.207717 0.972404 -0.106229
vn 0.000001 0.978634 -0.205608
vn 0.229552 0.949665 -0.213171
vn 0.452974 0.854816 -0.253187
vn 0.384544 0.897769 -0.214795
vn 0.268962 0.938757 -0.215394
vn 0.519304 0.813052 -0.263190
vn 0.556023 -0.495824 0.667081
vn 0.761681 -0.411524 0.500490
vn 0.868592 -0.351151 0.349630
vn 0.754974 -0.380363 0.534171
vn 0.437978 -0.612333 0.658197
vn -0.000002 -0.608435 0.793604
vn 0.825131 -0.433613 0.362130
vn 0.957965 -0.242843 0.152742
vn 0.386984 -0.697176 0.603481
vn -0.000002 -0.718621 0.695402
vn -0.000004 -0.762950 0.646457
vn 0.504969 -0.734442 0.453433
vn -0.000005 -0.824954 0.565199
vn 0.861937 -0.431199 0.266708
vn 0.977533 -0.184973 0.101070
vn 0.793723 0.572408 -0.205800
vn 0.720769 0.614351 -0.321037
vn 0.977406 0.154990 -0.143723
vn 0.799765 0.543346 -0.255246
vn 0.258874 0.922819 -0.285288
vn 0.000000 0.959742 -0.280884
vn -0.258872 0.922819 -0.285288
vn -0.269006 0.938754 -0.215352
vn -0.519327 0.813067 -0.263101
vn -0.452974 0.854816 -0.253188
vn -0.229564 0.949652 -0.213215
vn -0.207716 0.972404 -0.106231
vn -0.793686 0.572475 -0.205753
vn -0.720656 0.614461 -0.321080
vn -0.384552 0.897746 -0.214876
vn -0.479824 0.825703 -0.296621
vn -0.799760 0.543354 -0.255244
vn -0.765323 -0.418053 0.489399
vn -0.861004 -0.351535 0.367553
vn -0.948120 -0.261571 0.180690
vn -0.613544 -0.566984 0.549630
vn -0.726966 -0.345341 0.593515
vn -0.476388 -0.719927 0.504738
vn -0.486139 -0.579251 0.654322
vn -0.325972 -0.620322 0.713403
vn -0.339765 -0.565207 0.751732
vn -0.577502 -0.485120 0.656620
vn -0.000002 -0.608435 0.793604
vn -0.000001 -0.637966 0.770064
vn -0.437981 -0.612334 0.658194
vn -0.000002 -0.718621 0.695402
vn -0.825132 -0.433616 0.362126
vn -0.386988 -0.697177 0.603476
vn -0.000004 -0.762950 0.646457
vn -0.504976 -0.734442 0.453425
vn -0.983922 -0.162616 0.073853
vn -0.861935 -0.431205 0.266701
vn -0.990441 0.077471 -0.114131
vn -0.991438 0.073511 -0.107916
vn 0.000001 0.821019 -0.570901
vn 0.000001 0.874663 -0.484732
vn 0.292722 0.825212 -0.483052
vn -0.359632 0.755552 -0.547545
vn -0.292716 0.825214 -0.483053
vn -0.645770 0.575752 -0.501489
vn -0.591831 0.670054 -0.448067
vn -0.361904 0.709648 -0.604504
vn -0.832534 0.387122 -0.396262
vn -0.849679 0.397960 -0.345937
vn -0.613463 0.577191 -0.538994
vn -0.970382 0.114047 -0.212962
vn -0.978598 0.094797 -0.182646
vn -0.767564 0.459447 -0.446938
vn -0.973919 -0.192133 -0.120692
vn -0.987278 -0.136219 -0.082017
vn -0.615916 0.599396 -0.511245
vn -0.949343 0.134820 -0.283852
vn -0.762502 0.494957 -0.416663
vn -0.386856 0.705200 -0.594168
vn -0.520635 0.692282 -0.499684
vn -0.974050 0.066486 -0.216346
vn -0.659125 0.594489 -0.460584
vn -0.328374 0.700412 -0.633713
vn -0.942210 -0.300933 -0.147242
vn 0.000001 0.776274 -0.630395
vn 0.000002 0.772012 -0.635608
vn 0.000001 0.737548 -0.675294
vn 0.386858 0.705200 -0.594167
vn 0.361909 0.709647 -0.604502
vn 0.000001 0.690240 -0.723581
vn 0.359639 0.755551 -0.547543
vn -0.335853 0.663432 -0.668626
vn 0.591839 0.670049 -0.448063
vn -0.876527 0.257497 -0.406690
vn -0.409940 0.485851 -0.771944
vn 0.000001 0.550595 -0.834772
vn -0.000000 -0.999622 0.027508
vn -0.454815 -0.889729 0.039057
vn -0.000000 -0.989862 0.142033
vn -0.866773 -0.498583 -0.010960
vn -0.303828 -0.947192 0.102549
vn -0.000000 -0.999216 0.039584
vn -0.866221 -0.493700 -0.076955
vn -0.559848 -0.826027 0.065185
vn -0.284661 -0.958603 -0.006988
vn 0.000000 -0.984498 -0.175393
vn -0.511908 -0.847886 -0.137985
vn -0.263396 -0.952850 -0.150665
vn 0.000000 -0.967372 -0.253362
vn -0.215152 -0.925854 -0.310651
vn -0.000001 -0.912540 -0.408988
vn -0.786958 -0.604103 -0.125525
vn -0.602491 -0.764517 -0.229168
vn -0.418647 -0.819123 -0.392137
vn -0.840965 -0.503099 -0.199172
vn -0.742985 -0.563240 -0.361572
vn -0.926393 -0.335598 -0.170791
vn -0.777115 -0.414989 -0.473156
vn -0.938238 -0.222353 -0.265082
vn 0.275382 -0.961035 0.024006
vn -0.134315 -0.987995 0.076327
vn -0.043487 -0.938860 0.341541
vn 0.126775 -0.856754 0.499900
vn -0.274836 -0.845538 0.457745
vn -0.586109 -0.574079 0.571760
vn -0.994991 -0.089972 0.043570
vn -0.985381 -0.154776 0.071191
vn -0.908274 -0.394789 0.138490
vn -0.959090 -0.281790 -0.027224
vn 0.757072 -0.594336 -0.271305
vn -0.981690 -0.121325 0.146849
vn -0.914311 0.111042 -0.389493
vn 0.931087 -0.121486 -0.343975
vn 0.636280 -0.532960 -0.557765
vn 0.923117 -0.189502 -0.334580
vn -0.415585 0.743582 -0.523808
vn -0.934217 0.345681 -0.087997
vn -0.970414 -0.010081 -0.241237
vn -0.462981 0.758646 -0.458371
vn -0.914311 0.111042 -0.389493
vn -0.981690 -0.121325 0.146849
vn -0.681202 -0.444457 -0.581741
vn 0.237967 -0.828322 0.507203
vn 0.757072 -0.594336 -0.271305
vn 0.636280 -0.532960 -0.557765
vn 0.208044 -0.825044 0.525376
vn 0.105782 -0.817745 -0.565777
vn -0.772069 -0.597631 -0.216210
vn 0.162241 -0.957989 -0.236506
vn 0.155185 -0.948587 -0.275864
vn -0.159936 -0.979384 -0.123403
vn 0.456784 -0.576455 -0.677530
vn 0.231542 -0.930335 -0.284368
vn -0.734563 -0.571090 -0.366434
vn -0.558189 -0.407699 0.722639
vn 0.095605 -0.310388 0.945790
vn 0.258726 -0.923926 -0.281818
vn -0.879941 0.116254 0.460639
vn -0.333871 -0.942133 -0.030252
vn 0.108135 -0.874619 -0.472597
vn 0.919574 0.026464 0.392024
vn 0.422692 -0.304912 0.853440
vn -0.473774 -0.818120 0.325912
vn -0.575107 0.026708 0.817642
vn -0.164137 -0.040347 0.985612
vn -0.282206 -0.958812 -0.032228
vn -0.282206 -0.958812 -0.032228
vn -0.282206 -0.958812 -0.032228
vn 0.984023 -0.153523 -0.090168
vn 0.438236 -0.853558 -0.281759
vn 0.901805 -0.117316 -0.415914
vn 0.056279 -0.287099 0.956246
vn 0.526359 -0.020452 0.850017
vn -0.934217 0.345681 -0.087997
vn -0.681202 -0.444457 -0.581741
vn -0.970414 -0.010081 -0.241237
vn -0.772069 -0.597631 -0.216210
vn -0.977875 0.079894 0.193333
vn -0.969889 -0.135053 -0.202670
vn -0.597732 -0.362354 -0.715134
vn -0.529589 -0.291065 -0.796754
vn -0.973582 -0.227989 -0.012599
vn -0.700183 0.667492 0.253373
vn -0.237603 -0.577607 -0.780970
vn -0.892583 -0.382721 -0.238369
vn -0.955086 -0.122777 -0.269698
vn -0.734563 -0.571090 -0.366434
vn -0.558189 -0.407699 0.722639
vn 0.263773 0.877482 0.400561
vn -0.132834 0.894300 0.427297
vn 0.137727 0.848212 0.511437
vn 0.095605 -0.310388 0.945790
vn -0.021598 0.275214 0.961140
vn -0.090040 0.151624 0.984329
vn -0.428783 0.785998 0.445368
vn -0.120659 0.899130 0.420721
vn -0.006590 0.911244 0.411813
vn 0.918670 -0.137102 0.370470
vn -0.554825 0.110427 0.824606
vn -0.364801 0.826701 0.428353
vn -0.885605 -0.068378 0.459378
vn -0.889116 -0.161377 0.428288
vn -0.347624 0.754196 0.557087
vn -0.333871 -0.942133 -0.030252
vn 0.056279 -0.287099 0.956246
vn 0.526359 -0.020452 0.850017
vn 0.489944 0.867941 0.081450
vn 0.141648 0.928394 0.343540
vn 0.438236 -0.853558 -0.281759
vn 0.984023 -0.153523 -0.090168
vn 0.459102 0.886552 0.057012
vn 0.350495 0.912332 0.211669
vn -0.164137 -0.040347 0.985612
vn 0.910413 -0.093511 -0.402992
vn 0.316337 0.936389 0.152009
vn -0.473774 -0.818120 0.325912
vn 0.422692 -0.304912 0.853440
vn 0.919574 0.026464 0.392024
vn 0.714290 0.110669 -0.691044
vn 0.108135 -0.874619 -0.472597
vn 0.456784 -0.576455 -0.677530
vn 0.709874 0.594679 -0.377407
vn 0.783420 0.047216 -0.619696
vn 0.105782 -0.817745 -0.565777
vn 0.640653 0.745947 0.182008
vn 0.636280 -0.532960 -0.557765
vn 0.512461 -0.121101 -0.850128
vn 0.956280 0.259216 -0.135411
vn -0.252194 0.487276 0.836039
vn 0.618650 0.351357 0.702723
vn 0.617060 0.508886 0.600227
vn -0.308497 0.155279 0.938466
vn -0.603709 -0.012583 0.797105
vn 0.516789 0.302860 0.800753
vn 0.977488 0.208451 -0.032651
vn -0.862064 -0.493418 0.115690
vn 0.370303 0.182594 0.910788
vn -0.957192 -0.256515 -0.134105
vn -0.241260 -0.108197 -0.964410
vn -0.470410 0.393056 -0.790077
vn -0.504649 -0.201630 0.839449
vn -0.621332 -0.225795 0.750309
vn 0.419713 -0.096286 0.902535
vn -0.996115 -0.071490 -0.051410
vn -0.120700 0.574633 -0.809462
vn -0.780703 -0.286104 0.555561
vn 0.141842 -0.478476 0.866569
vn -0.729219 -0.518247 0.446834
vn -0.956918 -0.035661 -0.288161
vn -0.094508 0.554465 -0.826823
vn 0.148743 -0.327580 -0.933042
vn -0.829617 -0.547487 -0.109519
vn -0.275390 -0.961033 0.023986
vn 0.427277 -0.799474 -0.422227
vn -0.555271 -0.770018 0.314239
vn -0.126789 -0.856758 0.499890
vn 0.265663 -0.667740 0.695375
vn 0.586080 -0.574039 0.571830
vn 0.994997 -0.089846 0.043679
vn 0.246789 -0.573732 0.780978
vn 0.993919 -0.035345 0.104284
vn 0.847538 0.174316 -0.501291
vn 0.777110 -0.414957 -0.473191
vn 0.987913 0.152147 0.029650
vn 0.148743 -0.327580 -0.933042
vn 0.427277 -0.799474 -0.422227
vn 0.661338 0.547033 -0.513212
vn -0.094508 0.554465 -0.826823
vn -0.120700 0.574633 -0.809462
vn 0.654425 0.518820 -0.550049
vn -0.470410 0.393056 -0.790077
vn -0.241260 -0.108197 -0.964410
vn 0.959387 0.171640 0.223866
vn 0.693829 -0.032043 -0.719426
vn -0.237603 -0.577607 -0.780970
vn 0.960501 0.020966 0.277485
vn 0.922778 0.086825 0.375422
vn 0.847456 -0.118752 -0.517414
vn 0.945367 0.270962 0.181276
vn 0.536489 -0.060219 -0.841756
vn -0.597732 -0.362354 -0.715134
vn 0.348360 -0.153192 -0.924758
vn -0.529589 -0.291065 -0.796754
vn 0.637973 -0.058890 -0.767803
vn 0.444214 -0.895048 0.039534
vn 0.349393 -0.934712 0.065104
vn 0.827026 -0.553674 0.097327
vn 0.330165 -0.753467 0.568576
vn 0.620234 -0.550120 0.559176
vn 0.686868 -0.680928 0.254065
vn 0.505161 -0.836328 0.212997
vn 0.061974 -0.986494 0.151617
vn -0.002758 -0.993914 0.110120
vn 0.225801 -0.927708 0.297274
vn 0.209849 -0.947720 0.240397
vn 0.252718 -0.967312 -0.021027
vn 0.165071 -0.829729 0.533199
vn 0.278692 -0.946812 0.160864
vn 0.243568 -0.922223 0.300298
vn 0.228326 -0.861449 0.453622
vn 0.054146 -0.261281 0.963743
vn 0.029828 0.425427 0.904501
vn 0.005460 0.097191 0.995251
vn -0.212879 0.962082 0.170533
vn -0.156861 0.977927 0.138035
vn -0.013133 0.040941 0.999075
vn -0.235613 0.959666 0.153387
vn 0.058999 0.773878 -0.630580
vn 0.643302 0.559112 -0.523026
vn 0.081233 0.939307 -0.333322
vn -0.417213 0.361676 -0.833741
vn 0.908234 -0.170552 -0.382129
vn -0.147828 0.918347 -0.367131
vn -0.077698 0.950985 -0.299316
vn -0.289137 0.710117 -0.641976
vn -0.415820 0.208243 -0.885284
vn -0.198115 0.854406 -0.480355
vn -0.200125 0.917098 -0.344790
vn -0.251771 0.721149 -0.645411
vn -0.172701 0.145512 -0.974167
vn -0.141947 0.494418 -0.857556
vn -0.221289 0.829402 -0.512956
vn -0.216501 0.879310 -0.424195
vn -0.172459 0.868322 -0.465053
vn -0.129147 0.726462 -0.674962
vn 0.004489 0.764984 -0.644033
vn -0.212424 0.923332 -0.319898
vn -0.179005 0.907221 -0.380666
vn -0.122246 0.894179 -0.430697
vn 0.071415 0.756178 -0.650457
vn -0.246819 0.901599 0.355244
vn -0.069923 0.911914 -0.404380
vn 0.209265 0.733439 -0.646742
vn -0.151822 0.920480 -0.360094
vn 0.007471 0.927511 -0.373721
vn 0.050524 0.908547 -0.414715
vn -0.096543 0.935976 -0.338568
vn -0.017566 0.935238 -0.353585
vn -0.182069 0.937916 -0.295236
vn -0.195026 0.950351 -0.242484
vn -0.373464 0.889427 0.263525
vn -0.346183 -0.200981 0.916386
vn -0.339894 0.908744 0.242190
vn 0.202176 -0.891774 0.404801
vn 0.254617 -0.931137 0.261064
vn 0.245977 -0.936039 0.251647
vn 0.143414 -0.910418 0.388036
vn 0.322448 -0.944497 0.062864
vn 0.297971 -0.951382 -0.078010
vn 0.365054 -0.923223 -0.119980
vn 0.431204 -0.890332 -0.146192
vn 0.316205 -0.938704 0.137293
vn 0.408519 -0.891441 -0.196076
vn 0.217950 -0.955895 0.196881
vn 0.242419 -0.966971 0.078743
vn 0.360406 -0.900388 -0.243738
vn 0.129514 -0.927297 0.351207
vn 0.138326 -0.976162 0.167251
vn -0.290842 -0.323438 0.900443
vn 0.113527 -0.950864 0.288042
vn -0.371514 0.851352 0.370374
vn -0.322068 -0.227493 0.918977
vn -0.200279 0.971322 -0.128144
vn -0.345396 0.873890 0.342077
vn -0.162901 0.975017 -0.151014
vn -0.329011 -0.269498 0.905054
vn -0.355914 0.842318 0.404754
vn -0.104822 0.983232 -0.149222
vn 0.067799 -0.932278 0.355332
vn -0.225172 -0.238804 0.944600
vn 0.131090 -0.972728 0.191353
vn 0.053979 -0.944060 0.325325
vn 0.190274 -0.979142 0.071246
vn 0.225693 -0.974189 -0.004390
vn 0.365411 -0.864871 -0.344199
vn 0.073177 -0.981339 0.177815
vn -0.196300 -0.883387 -0.425551
vn -0.142706 -0.978014 -0.152062
vn -0.022489 -0.987234 -0.157682
vn -0.181101 -0.965996 -0.184539
vn -0.037267 -0.990376 0.133289
vn 0.012320 -0.988776 0.148895
vn -0.116444 -0.992608 0.034214
vn 0.030667 -0.952102 0.304238
vn 0.036052 -0.939266 0.341292
vn -0.136041 -0.990610 -0.013563
vn -0.080570 -0.988274 0.129700
vn -0.086092 -0.979821 0.180388
vn -0.058834 -0.977686 0.201665
vn 0.002177 -0.950448 0.310877
vn -0.058093 -0.970859 0.232505
vn -0.034530 -0.995995 0.082475
vn -0.061559 -0.966348 0.249764
vn -0.031327 -0.957326 0.287306
vn -0.028263 -0.975491 0.218215
vn -0.031457 -0.951355 0.306488
vn 0.050767 -0.958102 0.281892
vn 0.096529 -0.973918 0.205344
vn 0.764328 -0.156266 0.625606
vn -0.041119 -0.964229 0.261860
vn 0.094742 -0.882002 0.461624
vn 0.037799 -0.882415 0.468951
vn 0.161430 -0.771511 0.615395
vn 0.473426 0.007149 0.880805
vn 0.406078 0.099733 0.908380
vn 0.238861 -0.532018 0.812344
vn 0.378082 0.762799 0.524587
vn 0.295286 -0.297540 0.907896
vn 0.333180 0.816276 0.471894
vn 0.255531 -0.332514 0.907821
vn 0.290448 0.879071 0.377987
vn 0.071674 -0.179010 0.981233
vn 0.241653 0.832419 0.498681
vn 0.103211 0.774799 0.623726
vn -0.196137 0.860611 0.469977
vn -0.037387 0.988795 -0.144522
vn -0.023917 0.925235 -0.378639
vn -0.066081 0.901303 -0.428119
vn -0.046094 0.939584 -0.339201
vn 0.062801 0.979625 -0.190762
vn 0.005922 0.990311 -0.138742
vn 0.037347 0.932116 -0.360229
vn 0.082311 0.970415 -0.226979
vn 0.032846 0.892890 -0.449075
vn 0.039476 0.846789 -0.530462
vn -0.004264 0.788397 -0.615152
vn 0.070748 0.975486 -0.208379
vn -0.001148 0.788930 -0.614482
vn -0.023719 0.578118 -0.815608
vn 0.032628 0.905200 -0.423731
vn -0.019369 0.752458 -0.658356
vn -0.091794 0.490502 -0.866592
vn 0.015350 0.893021 -0.449754
vn 0.317876 0.859316 0.400662
vn 0.020793 0.735185 -0.677548
vn 0.204152 0.680470 -0.703763
vn 0.312517 0.940752 -0.131603
vn 0.389816 0.749603 -0.534919
vn -0.546023 -0.066542 -0.835123
vn 0.893759 0.175409 -0.412828
vn -0.754023 0.044425 -0.655344
vn -0.207173 -0.419487 -0.883804
vn -0.746062 0.457140 -0.484164
vn -0.182323 -0.816934 -0.547154
vn -0.422548 -0.613232 -0.667383
vn -0.636699 0.751771 0.171624
vn -0.977480 0.208502 -0.032547
vn -0.348352 -0.153188 -0.924762
vn -0.637971 -0.058888 -0.767805
vn -0.536503 -0.060166 -0.841751
vn 0.597691 -0.362341 -0.715174
vn 0.529515 -0.291068 -0.796801
vn 0.237622 -0.577640 -0.780940
vn -0.618639 0.351382 0.702721
vn -0.956279 0.259217 -0.135412
vn -0.847478 -0.118652 -0.517399
vn -0.525404 0.586451 0.616462
vn -0.945299 0.271053 0.181496
vn -0.516698 0.302882 0.800803
vn 0.503225 0.324519 0.800907
vn 0.464470 0.118737 0.877593
vn -0.370287 0.182590 0.910795
vn -0.922790 0.086862 0.375385
vn 0.603810 -0.012637 0.797028
vn -0.960514 0.020965 0.277442
vn -0.419744 -0.096291 0.902520
vn -0.693870 -0.032036 -0.719387
vn 0.241269 -0.108212 -0.964406
vn -0.959376 0.171699 0.223868
vn -0.653668 0.526531 -0.543583
vn 0.186808 0.521445 -0.832585
vn -0.613814 0.553374 -0.563036
vn -0.541738 0.528677 -0.653467
vn 0.422526 0.464567 -0.778234
vn -0.148752 -0.327494 -0.933071
vn -0.777115 -0.414989 -0.473156
vn -0.427305 -0.799480 -0.422187
vn -0.847599 0.174289 -0.501198
vn -0.994991 -0.089972 0.043570
vn -0.987908 0.152160 0.029745
vn -0.993925 -0.035360 0.104220
vn -0.265728 -0.667771 0.695321
vn -0.586109 -0.574079 0.571760
vn 0.126775 -0.856754 0.499900
vn -0.048244 -0.607788 0.792632
vn -0.375654 -0.382955 0.843937
vn 0.555285 -0.769997 0.314266
vn 0.275382 -0.961035 0.024006
vn 0.764911 -0.504439 0.400565
vn 0.714786 -0.365642 0.596143
vn 0.829616 -0.547492 -0.109498
vn -0.148752 -0.327494 -0.933071
vn -0.427305 -0.799480 -0.422187
vn 0.965018 -0.102594 -0.241278
vn 0.422526 0.464567 -0.778234
vn 0.993071 -0.022328 -0.115373
vn 0.830765 0.247581 -0.498531
vn 0.186808 0.521445 -0.832585
vn 0.957187 -0.256541 -0.134090
vn 0.241269 -0.108212 -0.964406
vn 0.237622 -0.577640 -0.780940
vn 0.621331 -0.225827 0.750300
vn 0.862049 -0.493475 0.115556
vn 0.504775 -0.201655 0.839367
vn 0.892505 -0.382743 -0.238625
vn 0.597691 -0.362341 -0.715174
vn 0.962014 -0.254991 -0.097507
vn 0.987735 -0.072073 0.138509
vn 0.943837 -0.220657 -0.245931
vn 0.973619 0.227746 -0.014083
vn 0.893759 0.175409 -0.412828
vn 0.996704 0.023617 0.077609
vn 0.406321 -0.852915 -0.327779
vn 0.491263 -0.784383 -0.378687
vn 0.831666 0.543561 0.113461
vn 0.380137 0.703222 0.600812
vn 0.844946 -0.412003 -0.341056
vn 0.109252 0.920222 0.375840
vn 0.927411 0.371498 -0.043571
vn 0.558188 -0.407699 0.722639
vn 0.048190 0.893926 0.445617
vn 0.564369 0.070045 0.822546
vn -0.095608 -0.310389 0.945789
vn -0.447684 -0.882123 -0.146415
vn -0.767622 -0.050892 0.638879
vn 0.013318 0.885158 0.465099
vn -0.904075 0.033804 0.426035
vn 0.694633 0.011177 0.719278
vn -0.930464 -0.127063 0.343645
vn 0.266635 0.881610 0.389447
vn 0.363313 0.840287 0.402394
vn 0.318184 0.825805 0.465623
vn 0.882533 -0.165768 0.440064
vn 0.437018 -0.898898 0.031599
vn -0.056283 -0.287101 0.956245
vn -0.526359 -0.020455 0.850016
vn -0.478850 0.865562 0.146645
vn -0.624811 -0.698281 -0.349305
vn -0.969905 -0.239600 0.043306
vn -0.332859 0.929996 0.155920
vn -0.402523 -0.117954 0.907779
vn -0.459377 0.886398 0.057201
vn 0.135372 -0.039801 0.989995
vn 0.114444 0.669091 0.734316
vn 0.568165 -0.623091 0.537538
vn -0.281825 -0.351166 0.892893
vn -0.700826 0.508443 -0.500329
vn -0.108133 -0.874619 -0.472599
vn -0.971701 -0.147033 0.184873
vn -0.568798 0.068825 0.819592
vn -0.891444 0.348356 0.289785
vn 0.399102 0.715628 0.573231
vn -0.981002 -0.192791 0.021622
vn -0.133434 0.776067 0.616373
vn 0.108431 0.825340 0.554127
vn 0.360151 0.756637 0.545703
vn -0.497914 0.692821 0.521613
vn -0.376938 0.837951 0.394659
vn 0.376589 0.838763 0.393264
vn -0.372587 0.894881 0.245696
vn 0.373229 0.894874 0.244745
vn -0.000000 0.959113 0.283023
vn 0.004495 0.988595 0.150534
vn -0.294292 0.946868 0.129742
vn -0.005209 -0.499301 0.866413
vn -0.002717 -0.832628 0.553826
vn 0.329316 -0.709366 0.623178
vn -0.000000 -0.998695 -0.051070
vn 0.000000 -0.996739 0.080689
vn -0.374717 -0.926377 -0.037591
vn 0.439694 -0.891328 -0.110468
vn 0.376040 -0.925839 -0.037623
vn -0.009756 -0.983159 -0.182492
vn -0.438103 -0.892120 -0.110393
vn -0.479090 -0.863433 -0.157976
vn 0.467885 -0.871382 -0.147572
vn -0.422156 -0.886482 -0.189564
vn 0.382944 -0.905095 -0.184815
vn -0.038178 -0.963781 -0.263948
vn -0.396986 -0.877012 -0.270651
vn 0.320878 -0.905660 -0.277159
vn -0.422837 -0.703200 -0.571593
vn 0.368009 -0.700148 -0.611851
vn -0.030599 -0.692872 -0.720411
vn -0.000385 -0.167394 -0.985890
vn -0.729435 -0.391299 -0.561080
vn -0.000269 0.810814 -0.585303
vn -0.591007 0.586344 -0.553996
vn 0.289139 0.710117 -0.641975
vn 0.415822 0.208242 -0.885284
vn 0.077699 0.950985 -0.299315
vn -0.081232 0.939307 -0.333322
vn 0.251771 0.721149 -0.645410
vn 0.172702 0.145510 -0.974167
vn 0.141948 0.494417 -0.857556
vn 0.198115 0.854406 -0.480354
vn 0.221289 0.829403 -0.512955
vn 0.129148 0.726465 -0.674958
vn 0.147828 0.918347 -0.367130
vn 0.172459 0.868322 -0.465053
vn 0.216502 0.879309 -0.424196
vn 0.200126 0.917098 -0.344791
vn 0.212878 0.962082 0.170533
vn 0.156861 0.977927 0.138035
vn 0.212425 0.923332 -0.319898
vn 0.235613 0.959666 0.153388
vn -0.057265 -0.072717 0.995707
vn 0.030352 0.488541 0.872013
vn -0.005463 0.097191 0.995251
vn -0.292362 -0.824613 0.484292
vn -0.454147 -0.600757 0.657907
vn -0.528289 -0.832359 0.167599
vn -0.595358 -0.797933 0.094085
vn -0.910358 -0.393660 0.127595
vn -0.778434 -0.582132 0.234866
vn -0.232751 -0.932948 0.274654
vn -0.229907 -0.852561 0.469342
vn -0.729435 -0.391299 -0.561080
vn -0.956645 -0.030166 -0.289691
vn -0.061974 -0.986495 0.151616
vn 0.002760 -0.993915 0.110115
vn -0.209849 -0.947720 0.240396
vn -0.252716 -0.967312 -0.021031
vn -0.244351 -0.922752 0.298029
vn -0.278692 -0.946812 0.160864
vn -0.297971 -0.951382 -0.078013
vn -0.220839 -0.811091 0.541628
vn -0.322449 -0.944497 0.062864
vn -0.365055 -0.923222 -0.119985
vn -0.431206 -0.890331 -0.146195
vn 0.013132 0.040942 0.999075
vn -0.316205 -0.938704 0.137290
vn -0.408518 -0.891441 -0.196077
vn -0.247289 -0.934021 0.257786
vn -0.242419 -0.966971 0.078741
vn -0.360407 -0.900387 -0.243742
vn -0.185518 -0.875284 0.446610
vn -0.264985 -0.933862 0.240176
vn -0.217951 -0.955895 0.196881
vn -0.167418 -0.915521 0.365775
vn 0.191088 -0.119999 0.974210
vn 0.246819 0.901599 0.355246
vn -0.129514 -0.927297 0.351207
vn 0.346184 -0.200985 0.916385
vn 0.339893 0.908744 0.242191
vn 0.290840 -0.323440 0.900444
vn 0.373462 0.889427 0.263526
vn 0.182067 0.937918 -0.295233
vn -0.113831 -0.945219 0.305948
vn 0.371512 0.851354 0.370372
vn -0.137282 -0.974568 0.177120
vn 0.322067 -0.227493 0.918978
vn -0.190273 -0.979143 0.071245
vn -0.081468 -0.945991 0.313791
vn -0.128767 -0.973662 0.188154
vn -0.225696 -0.974188 -0.004390
vn -0.053984 -0.944059 0.325328
vn -0.365410 -0.864873 -0.344196
vn -0.173196 -0.980579 -0.092022
vn 0.329008 -0.269498 0.905055
vn 0.196298 -0.883389 -0.425548
vn -0.072079 -0.846177 -0.528005
vn 0.022487 -0.987234 -0.157679
vn 0.142704 -0.978015 -0.152061
vn 0.181100 -0.965996 -0.184536
vn 0.030940 -0.988833 0.145783
vn -0.022630 -0.991300 0.129665
vn -0.030002 -0.949054 0.313681
vn 0.116444 -0.992608 0.034215
vn 0.086092 -0.979821 0.180388
vn 0.136041 -0.990610 -0.013562
vn 0.080570 -0.988274 0.129700
vn 0.058092 -0.970859 0.232504
vn 0.034528 -0.995995 0.082475
vn 0.061559 -0.966348 0.249762
vn 0.058834 -0.977686 0.201665
vn 0.028261 -0.975492 0.218214
vn 0.031456 -0.951355 0.306487
vn -0.050769 -0.958102 0.281891
vn -0.096529 -0.973918 0.205344
vn -0.764331 -0.156260 0.625605
vn -0.094746 -0.882000 0.461626
vn 0.041117 -0.964229 0.261861
vn 0.018662 -0.948627 0.315845
vn -0.161433 -0.771511 0.615395
vn -0.043427 -0.869945 0.491233
vn -0.473427 0.007148 0.880804
vn -0.353572 -0.165554 0.920640
vn -0.203606 0.930442 -0.304668
vn -0.378083 0.762798 0.524588
vn -0.033236 0.734745 -0.677528
vn -0.204150 0.680471 -0.703763
vn 0.071980 0.553851 -0.829499
vn -0.053102 0.937201 -0.344724
vn 0.074395 0.683362 -0.726279
vn 0.042376 0.769223 -0.637574
vn -0.008108 0.771542 -0.636126
vn 0.005408 0.636718 -0.771077
vn -0.003051 0.866937 -0.498408
vn -0.034746 0.848238 -0.528474
vn 0.015591 0.673505 -0.739018
vn -0.058232 0.956594 -0.285548
vn -0.317876 0.859317 0.400660
vn -0.268624 0.917254 0.294085
vn -0.070686 0.942608 -0.326333
vn -0.030447 0.832002 -0.553937
vn -0.208319 -0.634491 0.744328
vn -0.154026 0.986132 -0.061799
vn -0.002177 -0.950447 0.310879
vn -0.320965 -0.186560 0.928535
vn -0.036780 -0.943125 0.330399
vn -0.255534 -0.332512 0.907821
vn -0.241652 0.832422 0.498676
vn -0.050671 0.954663 -0.293344
vn -0.056818 0.981286 -0.183984
vn -0.009179 0.860656 -0.509105
vn 0.091044 0.769163 -0.632534
vn 0.073772 0.920397 -0.383963
vn 0.018524 0.968312 -0.249054
vn 0.009448 0.915651 -0.401863
vn -0.186559 0.741061 -0.645000
vn -0.014896 0.763410 -0.645742
vn -0.071678 -0.179005 0.981234
vn -0.103213 0.774803 0.623721
vn 0.196138 0.860611 0.469976
vn 0.225170 -0.238802 0.944602
vn 0.355916 0.842318 0.404753
vn 0.104824 0.983231 -0.149226
vn 0.037388 0.988794 -0.144528
vn 0.038763 0.947117 -0.318537
vn 0.049272 0.958948 -0.279269
vn 0.046461 0.912027 -0.407491
vn 0.050617 0.939224 -0.339552
vn 0.162902 0.975017 -0.151014
vn 0.345396 0.873891 0.342076
vn 0.200280 0.971322 -0.128142
vn 0.096543 0.935977 -0.338566
vn 0.007360 0.917942 -0.396646
vn -0.209264 0.733440 -0.646742
vn 0.195026 0.950351 -0.242481
vn 0.069922 0.911915 -0.404379
vn -0.071417 0.756176 -0.650459
vn 0.151822 0.920481 -0.360091
vn 0.122246 0.894179 -0.430697
vn -0.004488 0.764987 -0.644031
vn 0.179005 0.907221 -0.380666
vn 0.645778 0.575748 -0.501483
vn 0.849686 0.397952 -0.345931
vn 0.613468 0.577189 -0.538989
vn 0.832540 0.387119 -0.396253
vn 0.971773 0.122788 -0.201446
vn 0.970383 0.114052 -0.212955
vn 0.990056 -0.113634 -0.082927
vn 0.767569 0.459447 -0.446931
vn 0.615919 0.599396 -0.511242
vn 0.949344 0.134824 -0.283846
vn 0.762505 0.494958 -0.416658
vn 0.520636 0.692282 -0.499683
vn 0.328376 0.700413 -0.633712
vn 0.000001 0.690240 -0.723581
vn 0.659126 0.594489 -0.460582
vn 0.335855 0.663432 -0.668625
vn 0.409942 0.485851 -0.771943
vn 0.000001 0.550595 -0.834772
vn -0.000000 -0.999622 0.027508
vn 0.876528 0.257497 -0.406688
vn 0.454815 -0.889729 0.039058
vn -0.000000 -0.989862 0.142033
vn 0.974051 0.066489 -0.216343
vn 0.866773 -0.498583 -0.010959
vn 0.303828 -0.947192 0.102550
vn -0.000000 -0.999216 0.039584
vn 0.866221 -0.493699 -0.076955
vn 0.284661 -0.958603 -0.006987
vn 0.000000 -0.984498 -0.175393
vn 0.559847 -0.826028 0.065185
vn 0.263396 -0.952850 -0.150665
vn 0.000000 -0.967372 -0.253362
vn 0.511907 -0.847886 -0.137987
vn 0.352016 -0.888383 -0.294722
vn -0.000001 -0.912540 -0.408988
vn 0.786959 -0.604100 -0.125530
vn 0.438711 -0.787615 -0.432660
vn 0.585348 -0.788980 -0.186757
vn 0.702830 -0.608388 -0.368637
vn 0.777110 -0.414957 -0.473191
vn 0.427277 -0.799474 -0.422227
vn 0.043471 -0.938860 0.341545
vn 0.134298 -0.987997 0.076329
vn -0.275390 -0.961033 0.023986
vn -0.126789 -0.856758 0.499890
vn 0.274818 -0.845539 0.457755
vn 0.994997 -0.089846 0.043679
vn 0.938278 -0.222174 -0.265092
vn 0.586080 -0.574039 0.571830
vn 0.554692 -0.659253 0.507644
vn 0.985395 -0.154659 0.071250
vn 0.908279 -0.394761 0.138543
vn 0.926413 -0.335540 -0.170796
vn 0.973922 -0.192120 -0.120689
vn 0.959097 -0.281767 -0.027210
vn 0.840976 -0.503074 -0.199186
vn 0.942212 -0.300925 -0.147244
vn -0.841217 -0.520061 -0.147954
vn -0.743100 -0.607406 -0.280821
vn -0.573978 -0.806227 0.143344
vn -0.868469 -0.091799 -0.487170
vn -0.687188 -0.643918 0.336364
vn -0.414764 -0.625582 0.660771
vn -0.973944 -0.102784 -0.202159
vn -0.587675 -0.412815 0.695861
vn -0.379796 -0.117135 0.917624
vn -0.940841 -0.099028 0.324055
vn -0.595455 0.012618 0.803289
vn -0.489570 0.421288 0.763438
vn -0.953975 0.250511 -0.164850
vn -0.839027 0.493601 -0.228894
vn -0.705974 0.383120 0.595668
vn -0.679814 0.674248 0.288517
vn -0.854464 0.481657 0.194675
vn 0.931164 0.333058 -0.148347
vn 0.853416 0.438811 -0.281294
vn 0.729498 0.668943 0.142642
vn 0.873969 -0.014848 -0.485755
vn 0.806389 0.486796 0.335806
vn 0.536164 0.525979 0.660208
vn 0.946191 -0.174888 -0.272281
vn 0.743105 -0.607402 -0.280815
vn 0.660913 0.281856 0.695523
vn 0.395961 0.036231 0.917552
vn 0.940841 -0.099027 0.324057
vn 0.579818 -0.135749 0.803357
vn 0.391062 -0.513389 0.763873
vn 0.888237 -0.455309 -0.061061
vn 0.610613 -0.521341 0.596117
vn 0.524306 -0.800902 0.289240
vn 0.735256 -0.649066 0.195222
vn 0.741914 -0.644490 -0.184921
vn 0.782529 -0.535534 0.317573
vn -0.297919 -0.949332 0.100065
vn 0.252204 -0.935227 0.248484
vn 0.329316 -0.709366 0.623178
vn 0.943837 -0.220657 -0.245931
vn 0.640831 -0.653211 -0.403299
vn -0.055595 -0.998450 -0.002603
vn -0.049210 -0.921032 -0.386365
vn -0.178135 -0.848885 -0.497657
vn -0.372587 0.894881 0.245696
vn -0.573790 0.818925 0.011304
vn 0.817819 -0.357113 0.451267
vn 0.933925 -0.262785 0.242340
vn 0.356946 0.926828 0.116533
vn -0.817819 -0.357116 0.451265
vn -0.049210 -0.921032 -0.386365
vn -0.667176 -0.673871 -0.317450
vn -0.055595 -0.998450 -0.002603
vn -0.933925 -0.262786 0.242338
vn -0.986559 0.154239 0.053958
vn 0.315761 0.894315 -0.317010
vn 0.643302 0.559112 -0.523026
vn 0.969363 0.014041 -0.245230
vn 0.715608 -0.292852 0.634147
vn -0.000007 -0.902366 0.430970
vn 0.489296 -0.782366 0.385347
vn -0.000009 -0.924595 0.380951
vn 0.394448 -0.854831 0.337157
vn 0.643533 -0.684590 0.342347
vn -0.000010 -0.925399 0.378994
vn -0.000008 -0.943949 0.330092
vn 0.925584 -0.352709 0.137441
vn 0.611117 -0.727578 0.311715
vn 0.993383 -0.112091 0.025012
vn 0.997351 0.032464 -0.065086
vn 0.979977 0.141772 -0.139805
vn 0.990564 -0.123589 -0.059239
vn 0.984950 0.091812 -0.146435
vn 0.832569 0.463194 -0.303776
vn 0.479829 0.825699 -0.296622
vn 0.530679 0.757891 -0.379449
vn 0.252057 0.913456 -0.319477
vn 0.263951 0.878162 -0.398951
vn 0.000000 0.942743 -0.333520
vn -0.252056 0.913456 -0.319478
vn -0.591007 0.586344 -0.553996
vn -0.315761 0.894315 -0.317011
vn -0.956645 -0.030166 -0.289691
vn -0.715609 -0.292852 0.634147
vn -0.804207 -0.343751 0.484857
vn -0.000005 -0.824954 0.565199
vn -0.000007 -0.902366 0.430970
vn -0.489308 -0.782361 0.385343
vn -0.000009 -0.924595 0.380951
vn -0.394468 -0.854821 0.337158
vn -0.643545 -0.684580 0.342345
vn -0.611134 -0.727562 0.311718
vn -0.925582 -0.352712 0.137447
vn -0.992672 -0.116284 0.032861
vn -0.936055 -0.350058 0.035515
vn -0.992303 -0.107174 -0.062039
vn -0.991255 0.094454 -0.092150
vn -0.981124 0.115798 -0.154876
vn -0.832563 0.463204 -0.303778
vn -0.530671 0.757896 -0.379449
vn -0.263947 0.878163 -0.398951
vn 0.000001 0.908753 -0.417335
vn -0.000002 -0.920006 -0.391905
vn -0.237873 -0.949905 -0.202724
vn -0.000004 -0.999258 0.038505
vn -0.427305 -0.799480 -0.422187
vn -0.000008 -0.943949 0.330092
vn -0.554705 -0.659255 0.507626
vn 0.512461 -0.121101 -0.850128
vn -0.671207 -0.279556 -0.686535
vn 0.923117 -0.189502 -0.334580
vn -0.671207 -0.279556 -0.686535
vn -0.970414 -0.010081 -0.241237
vn 0.908234 -0.170552 -0.382129
vn 0.934841 -0.326177 0.140288
vn -0.191086 -0.119997 0.974211
vn 0.173193 -0.980579 -0.092027
vn 0.329236 -0.821456 -0.465632
vn 0.072080 -0.846179 -0.528002
vn -0.074778 0.910075 -0.407641
vn -0.047404 0.948054 -0.314557
vn -0.034273 0.897891 -0.438882
vn 0.973619 0.227746 -0.014083
vn -0.920932 -0.091799 -0.378758
vn 0.671158 -0.279581 -0.686572
vn 0.529515 -0.291068 -0.796801
vn 0.671158 -0.279581 -0.686572
vn 0.409520 0.686014 0.601397
vn -0.265923 0.636756 0.723759
vn 0.780475 0.407171 0.474416
vn -0.250855 0.748172 0.614256
vn 0.356946 0.926828 0.116533
vn -0.365804 -0.675787 0.639922
vn -0.297919 -0.949332 0.100065
vn 0.296793 -0.950009 0.096942
vn -0.329237 -0.821464 -0.465617
vn -0.073181 -0.981339 0.177818
vn 0.003558 0.700939 -0.713212
vn 0.069882 0.798712 -0.597641
vn -0.005918 0.990310 -0.138746
vn 0.237851 -0.949908 -0.202735
vn -0.000002 -0.920006 -0.391905
vn -0.000004 -0.999258 0.038505
vn 0.936054 -0.350059 0.035517
vn 0.867591 -0.373431 0.328382
vn 0.887694 -0.341180 0.309185
vn 0.819919 -0.448836 0.355356
vn 0.531673 -0.744294 0.404166
vn 0.656221 0.436229 0.615693
vn 0.102526 0.990484 0.091814
vn -0.867592 -0.373431 0.328380
vn -0.819920 -0.448837 0.355354
vn -0.525565 0.840025 0.134687
vn -0.656221 0.436229 0.615693
vn -0.102527 0.990484 0.091814
vn 0.081233 0.939307 -0.333322
vn -0.156861 0.977927 0.138035
vn 0.029828 0.425427 0.904501
vn 0.145902 0.359342 0.921730
vn 0.528911 -0.415679 0.739908
vn 0.620234 -0.550120 0.559176
vn 0.826340 -0.496674 0.265475
vn 0.851519 -0.374068 0.367407
vn 0.934841 -0.326177 0.140288
vn -0.081232 0.939307 -0.333322
vn 0.156861 0.977927 0.138035
vn 0.030352 0.488541 0.872013
vn -0.145903 0.359342 0.921730
vn -0.528911 -0.415679 0.739909
vn -0.556708 -0.555752 0.617427
vn -0.778434 -0.582132 0.234866
vn -0.851520 -0.374068 0.367406
vn -0.910358 -0.393660 0.127595
vn -0.000010 -0.925399 0.378994
vn 0.969363 0.014041 -0.245230
vn 0.826340 -0.496674 0.265475
vn 0.315761 0.894315 -0.317010
vn 0.969363 0.014041 -0.245230
vn -0.956645 -0.030166 -0.289691
vn -0.556708 -0.555752 0.617427
vn -0.000000 -0.909201 0.416358
vn 0.629604 -0.687828 0.361236
vn -0.009071 -0.898025 0.439850
vn -0.000000 0.948893 -0.315597
vn -0.267583 0.901893 -0.339099
vn -0.000000 -0.909201 0.416358
vn -0.629605 -0.687828 0.361235
f 1/1/1 2/2/2 3/3/3
f 4/4/4 5/5/5 6/6/6
f 7/7/7 8/8/8 9/9/9
f 9/9/9 10/10/10 7/7/7
f 11/11/11 12/12/12 13/13/13
f 13/13/13 14/14/14 11/11/11
f 15/15/15 16/16/16 17/17/17
f 17/17/17 18/18/18 15/15/15
f 19/19/19 20/20/20 14/14/14
f 21/21/21 13/13/13 22/22/22
f 22/22/22 23/23/23 21/21/21
f 24/24/24 25/25/25 26/26/26
f 26/26/26 27/27/27 24/24/24
f 20/20/20 19/19/19 28/28/28
f 19/19/19 29/29/29 28/28/28
f 28/28/28 30/30/30 20/20/20
f 20/20/20 30/30/30 31/31/31
f 32/32/32 31/31/31 30/30/30
f 33/33/33 34/34/34 32/32/32
f 32/32/32 35/35/35 33/33/33
f 30/30/30 35/35/35 32/32/32
f 35/35/35 36/36/36 37/37/37
f 37/37/37 38/38/38 35/35/35
f 39/39/39 40/40/40 41/41/41
f 42/42/42 43/43/43 44/44/44
f 44/44/44 45/45/45 42/42/42
f 46/46/46 47/47/47 42/42/42
f 42/42/42 48/48/48 46/46/46
f 48/48/48 42/42/42 30/30/30
f 30/30/30 28/28/28 48/48/48
f 48/48/48 49/49/49 50/50/50
f 50/50/50 51/51/51 48/48/48
f 52/52/52 53/53/53 54/54/54
f 55/55/55 56/56/56 57/57/57
f 57/57/57 28/28/28 55/55/55
f 55/55/55 28/28/28 29/29/29
f 29/29/29 58/58/58 55/55/55
f 55/55/55 58/58/58 59/59/59
f 59/59/59 60/60/60 55/55/55
f 61/61/61 62/62/62 63/63/63
f 62/62/62 61/61/61 64/64/64
f 65/65/65 66/66/66 63/63/63
f 64/64/64 67/67/67 62/62/62
f 65/65/65 62/62/62 67/67/67
f 68/68/68 69/69/69 70/70/70
f 67/67/67 71/71/71 65/65/65
f 68/68/68 65/65/65 71/71/71
f 72/72/72 67/67/67 64/64/64
f 64/64/64 73/73/73 72/72/72
f 72/72/72 73/73/73 74/74/74
f 75/75/75 71/71/71 67/67/67
f 67/67/67 72/72/72 75/75/75
f 71/71/71 76/76/76 68/68/68
f 77/77/77 68/68/68 76/76/76
f 77/77/77 78/78/78 69/69/69
f 77/77/77 79/79/79 78/78/78
f 77/77/77 80/80/80 79/79/79
f 80/80/80 77/77/77 81/81/81
f 75/75/75 82/82/82 76/76/76
f 72/72/72 83/83/83 84/84/84
f 85/85/85 86/86/86 87/87/87
f 85/85/85 88/88/88 89/89/89
f 87/87/87 90/90/90 85/85/85
f 88/88/88 85/85/85 90/90/90
f 87/87/87 91/91/91 92/92/92
f 93/93/93 92/92/92 91/91/91
f 90/90/90 92/92/92 94/94/94
f 90/90/90 95/95/95 88/88/88
f 96/96/96 88/88/88 95/95/95
f 88/88/88 96/96/96 97/97/97
f 95/95/95 94/94/94 98/98/98
f 95/95/95 99/99/99 96/96/96
f 96/96/96 99/99/99 100/100/100
f 99/99/99 98/98/98 101/101/101
f 102/102/102 100/100/100 103/103/103
f 102/102/102 104/104/104 97/97/97
f 105/105/105 103/103/103 106/106/106
f 105/105/105 107/107/107 104/104/104
f 106/106/106 108/108/108 105/105/105
f 109/109/109 110/110/110 111/111/111
f 112/112/112 109/109/109 113/113/113
f 114/114/114 110/110/110 109/109/109
f 109/109/109 112/112/112 114/114/114
f 115/115/115 113/113/113 116/116/116
f 117/117/117 110/110/110 114/114/114
f 118/118/118 119/119/119 117/117/117
f 120/120/120 121/121/121 119/119/119
f 122/122/122 123/123/123 124/124/124
f 122/122/122 125/125/125 123/123/123
f 126/126/126 125/125/125 122/122/122
f 127/127/127 125/125/125 126/126/126
f 126/126/126 128/128/128 127/127/127
f 122/122/122 129/129/129 130/130/130
f 122/122/122 131/131/131 129/129/129
f 132/132/132 128/128/128 126/126/126
f 133/133/133 128/128/128 132/132/132
f 130/130/130 134/134/134 135/135/135
f 134/134/134 130/130/130 129/129/129
f 136/136/136 135/135/135 137/137/137
f 137/137/137 135/135/135 134/134/134
f 138/138/138 136/136/136 139/139/139
f 139/139/139 136/136/136 140/140/140
f 137/137/137 140/140/140 136/136/136
f 140/140/140 141/141/141 139/139/139
f 141/141/141 140/140/140 142/142/142
f 140/140/140 137/137/137 142/142/142
f 141/141/141 142/142/142 143/143/143
f 144/144/144 143/143/143 142/142/142
f 142/142/142 137/137/137 145/145/145
f 134/134/134 145/145/145 137/137/137
f 142/142/142 146/146/146 144/144/144
f 145/145/145 146/146/146 142/142/142
f 144/144/144 146/146/146 147/147/147
f 147/147/147 148/148/148 144/144/144
f 146/146/146 145/145/145 149/149/149
f 149/149/149 147/147/147 146/146/146
f 145/145/145 134/134/134 150/150/150
f 150/150/150 149/149/149 145/145/145
f 129/129/129 150/150/150 134/134/134
f 148/148/148 147/147/147 151/151/151
f 151/151/151 147/147/147 149/149/149
f 151/151/151 152/152/152 148/148/148
f 153/153/153 149/149/149 150/150/150
f 149/149/149 153/153/153 151/151/151
f 154/154/154 150/150/150 129/129/129
f 150/150/150 154/154/154 153/153/153
f 129/129/129 131/131/131 154/154/154
f 154/154/154 131/131/131 121/121/121
f 152/152/152 151/151/151 155/155/155
f 155/155/155 156/156/156 152/152/152
f 157/157/157 121/121/121 120/120/120
f 156/156/156 155/155/155 158/158/158
f 158/158/158 159/159/159 156/156/156
f 160/160/160 155/155/155 151/151/151
f 158/158/158 155/155/155 160/160/160
f 151/151/151 153/153/153 160/160/160
f 159/159/159 158/158/158 161/161/161
f 161/161/161 162/162/162 159/159/159
f 163/163/163 153/153/153 154/154/154
f 154/154/154 157/157/157 163/163/163
f 153/153/153 163/163/163 160/160/160
f 120/120/120 164/164/164 157/157/157
f 163/163/163 157/157/157 164/164/164
f 164/164/164 120/120/120 118/118/118
f 165/165/165 160/160/160 163/163/163
f 164/164/164 166/166/166 163/163/163
f 163/163/163 166/166/166 165/165/165
f 118/118/118 167/167/167 164/164/164
f 166/166/166 164/164/164 167/167/167
f 160/160/160 165/165/165 168/168/168
f 168/168/168 158/158/158 160/160/160
f 169/169/169 165/165/165 166/166/166
f 168/168/168 165/165/165 169/169/169
f 167/167/167 170/170/170 166/166/166
f 169/169/169 166/166/166 170/170/170
f 171/171/171 167/167/167 118/118/118
f 172/172/172 170/170/170 167/167/167
f 167/167/167 171/171/171 172/172/172
f 118/118/118 173/173/173 171/171/171
f 117/117/117 173/173/173 118/118/118
f 174/174/174 172/172/172 171/171/171
f 174/174/174 171/171/171 173/173/173
f 173/173/173 117/117/117 175/175/175
f 114/114/114 175/175/175 117/117/117
f 173/173/173 176/176/176 174/174/174
f 175/175/175 114/114/114 177/177/177
f 177/177/177 114/114/114 112/112/112
f 173/173/173 175/175/175 178/178/178
f 178/178/178 176/176/176 173/173/173
f 175/175/175 177/177/177 179/179/179
f 179/179/179 178/178/178 175/175/175
f 112/112/112 180/180/180 177/177/177
f 115/115/115 180/180/180 112/112/112
f 177/177/177 181/181/181 179/179/179
f 181/181/181 177/177/177 180/180/180
f 182/182/182 183/183/183 184/184/184
f 174/174/174 183/183/183 182/182/182
f 185/185/185 186/186/186 184/184/184
f 184/184/184 186/186/186 182/182/182
f 187/187/187 186/186/186 185/185/185
f 185/185/185 181/181/181 187/187/187
f 188/188/188 182/182/182 186/186/186
f 182/182/182 188/188/188 174/174/174
f 186/186/186 187/187/187 188/188/188
f 172/172/172 174/174/174 188/188/188
f 189/189/189 187/187/187 181/181/181
f 188/188/188 187/187/187 189/189/189
f 181/181/181 190/190/190 189/189/189
f 180/180/180 190/190/190 181/181/181
f 189/189/189 191/191/191 188/188/188
f 191/191/191 189/189/189 190/190/190
f 192/192/192 190/190/190 180/180/180
f 192/192/192 180/180/180 115/115/115
f 190/190/190 193/193/193 191/191/191
f 193/193/193 188/188/188 191/191/191
f 115/115/115 194/194/194 192/192/192
f 190/190/190 192/192/192 195/195/195
f 192/192/192 194/194/194 196/196/196
f 196/196/196 194/194/194 197/197/197
f 196/196/196 195/195/195 192/192/192
f 195/195/195 198/198/198 190/190/190
f 198/198/198 193/193/193 190/190/190
f 199/199/199 195/195/195 196/196/196
f 198/198/198 195/195/195 199/199/199
f 200/200/200 193/193/193 198/198/198
f 188/188/188 193/193/193 200/200/200
f 199/199/199 201/201/201 198/198/198
f 198/198/198 202/202/202 200/200/200
f 196/196/196 203/203/203 199/199/199
f 203/203/203 196/196/196 204/204/204
f 201/201/201 199/199/199 205/205/205
f 205/205/205 199/199/199 203/203/203
f 200/200/200 202/202/202 206/206/206
f 205/205/205 207/207/207 201/201/201
f 206/206/206 208/208/208 200/200/200
f 200/200/200 208/208/208 188/188/188
f 209/209/209 208/208/208 206/206/206
f 188/188/188 208/208/208 209/209/209
f 206/206/206 210/210/210 209/209/209
f 211/211/211 207/207/207 205/205/205
f 209/209/209 212/212/212 188/188/188
f 212/212/212 209/209/209 210/210/210
f 213/213/213 188/188/188 212/212/212
f 188/188/188 213/213/213 172/172/172
f 170/170/170 172/172/172 213/213/213
f 210/210/210 214/214/214 212/212/212
f 212/212/212 214/214/214 213/213/213
f 213/213/213 215/215/215 170/170/170
f 215/215/215 213/213/213 216/216/216
f 170/170/170 215/215/215 169/169/169
f 216/216/216 211/211/211 217/217/217
f 217/217/217 215/215/215 216/216/216
f 169/169/169 215/215/215 217/217/217
f 205/205/205 217/217/217 211/211/211
f 217/217/217 218/218/218 169/169/169
f 218/218/218 217/217/217 205/205/205
f 169/169/169 218/218/218 168/168/168
f 205/205/205 219/219/219 218/218/218
f 168/168/168 218/218/218 219/219/219
f 203/203/203 219/219/219 205/205/205
f 219/219/219 220/220/220 168/168/168
f 220/220/220 219/219/219 203/203/203
f 221/221/221 168/168/168 220/220/220
f 158/158/158 168/168/168 221/221/221
f 203/203/203 222/222/222 220/220/220
f 220/220/220 222/222/222 221/221/221
f 221/221/221 161/161/161 158/158/158
f 221/221/221 222/222/222 223/223/223
f 161/161/161 221/221/221 224/224/224
f 162/162/162 161/161/161 225/225/225
f 226/226/226 227/227/227 108/108/108
f 228/228/228 229/229/229 227/227/227
f 106/106/106 230/230/230 231/231/231
f 226/226/226 231/231/231 232/232/232
f 228/228/228 232/232/232 233/233/233
f 234/234/234 235/235/235 233/233/233
f 236/236/236 237/237/237 238/238/238
f 239/239/239 236/236/236 240/240/240
f 240/240/240 238/238/238 241/241/241
f 240/240/240 242/242/242 239/239/239
f 243/243/243 239/239/239 242/242/242
f 242/242/242 240/240/240 244/244/244
f 242/242/242 245/245/245 243/243/243
f 246/246/246 243/243/243 245/245/245
f 245/245/245 242/242/242 247/247/247
f 245/245/245 248/248/248 246/246/246
f 247/247/247 242/242/242 249/249/249
f 244/244/244 249/249/249 242/242/242
f 246/246/246 248/248/248 250/250/250
f 250/250/250 251/251/251 246/246/246
f 252/252/252 248/248/248 245/245/245
f 250/250/250 248/248/248 252/252/252
f 245/245/245 247/247/247 252/252/252
f 251/251/251 250/250/250 253/253/253
f 253/253/253 254/254/254 251/251/251
f 253/253/253 250/250/250 255/255/255
f 252/252/252 255/255/255 250/250/250
f 254/254/254 253/253/253 256/256/256
f 256/256/256 257/257/257 254/254/254
f 255/255/255 258/258/258 253/253/253
f 256/256/256 253/253/253 258/258/258
f 259/259/259 255/255/255 252/252/252
f 258/258/258 255/255/255 259/259/259
f 257/257/257 256/256/256 260/260/260
f 258/258/258 260/260/260 256/256/256
f 257/257/257 260/260/260 261/261/261
f 257/257/257 261/261/261 262/262/262
f 263/263/263 262/262/262 261/261/261
f 261/261/261 264/264/264 263/263/263
f 263/263/263 264/264/264 265/265/265
f 264/264/264 261/261/261 260/260/260
f 260/260/260 266/266/266 264/264/264
f 267/267/267 268/268/268 269/269/269
f 260/260/260 258/258/258 270/270/270
f 270/270/270 266/266/266 260/260/260
f 259/259/259 270/270/270 258/258/258
f 271/271/271 269/269/269 268/268/268
f 266/266/266 270/270/270 272/272/272
f 273/273/273 269/269/269 271/271/271
f 271/271/271 274/274/274 273/273/273
f 270/270/270 259/259/259 275/275/275
f 275/275/275 272/272/272 270/270/270
f 276/276/276 274/274/274 271/271/271
f 272/272/272 275/275/275 276/276/276
f 274/274/274 276/276/276 277/277/277
f 276/276/276 278/278/278 279/279/279
f 275/275/275 259/259/259 280/280/280
f 280/280/280 281/281/281 275/275/275
f 252/252/252 280/280/280 259/259/259
f 282/282/282 283/283/283 284/284/284
f 280/280/280 252/252/252 285/285/285
f 247/247/247 285/285/285 252/252/252
f 285/285/285 286/286/286 280/280/280
f 280/280/280 286/286/286 287/287/287
f 285/285/285 247/247/247 288/288/288
f 249/249/249 288/288/288 247/247/247
f 289/289/289 286/286/286 285/285/285
f 288/288/288 290/290/290 285/285/285
f 285/285/285 290/290/290 289/289/289
f 291/291/291 287/287/287 286/286/286
f 286/286/286 289/289/289 291/291/291
f 292/292/292 291/291/291 289/289/289
f 291/291/291 292/292/292 293/293/293
f 294/294/294 289/289/289 290/290/290
f 289/289/289 294/294/294 292/292/292
f 295/295/295 293/293/293 292/292/292
f 296/296/296 297/297/297 298/298/298
f 296/296/296 299/299/299 282/282/282
f 296/296/296 300/300/300 299/299/299
f 296/296/296 301/301/301 302/302/302
f 303/303/303 301/301/301 298/298/298
f 304/304/304 302/302/302 301/301/301
f 304/304/304 301/301/301 303/303/303
f 303/303/303 298/298/298 305/305/305
f 304/304/304 303/303/303 306/306/306
f 305/305/305 306/306/306 303/303/303
f 305/305/305 298/298/298 307/307/307
f 308/308/308 309/309/309 310/310/310
f 308/308/308 311/311/311 312/312/312
f 313/313/313 305/305/305 314/314/314
f 313/313/313 306/306/306 305/305/305
f 315/315/315 306/306/306 313/313/313
f 313/313/313 316/316/316 315/315/315
f 306/306/306 315/315/315 317/317/317
f 317/317/317 318/318/318 306/306/306
f 306/306/306 318/318/318 304/304/304
f 318/318/318 317/317/317 319/319/319
f 304/304/304 318/318/318 320/320/320
f 319/319/319 320/320/320 318/318/318
f 313/313/313 321/321/321 322/322/322
f 323/323/323 324/324/324 325/325/325
f 326/326/326 324/324/324 323/323/323
f 323/323/323 327/327/327 328/328/328
f 310/310/310 329/329/329 308/308/308
f 329/329/329 330/330/330 331/331/331
f 329/329/329 310/310/310 332/332/332
f 330/330/330 329/329/329 333/333/333
f 332/332/332 333/333/333 329/329/329
f 330/330/330 334/334/334 335/335/335
f 336/336/336 332/332/332 310/310/310
f 310/310/310 295/295/295 336/336/336
f 292/292/292 336/336/336 295/295/295
f 337/337/337 334/334/334 330/330/330
f 330/330/330 333/333/333 337/337/337
f 338/338/338 336/336/336 292/292/292
f 292/292/292 294/294/294 338/338/338
f 336/336/336 338/338/338 339/339/339
f 340/340/340 338/338/338 294/294/294
f 339/339/339 338/338/338 340/340/340
f 294/294/294 341/341/341 340/340/340
f 290/290/290 341/341/341 294/294/294
f 339/339/339 342/342/342 336/336/336
f 341/341/341 290/290/290 343/343/343
f 290/290/290 288/288/288 343/343/343
f 336/336/336 342/342/342 344/344/344
f 332/332/332 336/336/336 344/344/344
f 345/345/345 346/346/346 339/339/339
f 347/347/347 346/346/346 345/345/345
f 344/344/344 348/348/348 332/332/332
f 333/333/333 332/332/332 348/348/348
f 345/345/345 349/349/349 347/347/347
f 348/348/348 350/350/350 333/333/333
f 337/337/337 333/333/333 350/350/350
f 351/351/351 348/348/348 347/347/347
f 347/347/347 349/349/349 351/351/351
f 348/348/348 351/351/351 352/352/352
f 352/352/352 350/350/350 348/348/348
f 353/353/353 351/351/351 349/349/349
f 352/352/352 351/351/351 353/353/353
f 349/349/349 345/345/345 353/353/353
f 339/339/339 353/353/353 345/345/345
f 353/353/353 339/339/339 340/340/340
f 350/350/350 352/352/352 354/354/354
f 353/353/353 354/354/354 352/352/352
f 350/350/350 354/354/354 355/355/355
f 355/355/355 354/354/354 353/353/353
f 355/355/355 356/356/356 350/350/350
f 340/340/340 357/357/357 353/353/353
f 340/340/340 341/341/341 357/357/357
f 358/358/358 355/355/355 353/353/353
f 356/356/356 355/355/355 358/358/358
f 357/357/357 341/341/341 359/359/359
f 343/343/343 359/359/359 341/341/341
f 350/350/350 356/356/356 360/360/360
f 360/360/360 337/337/337 350/350/350
f 361/361/361 359/359/359 343/343/343
f 337/337/337 360/360/360 362/362/362
f 362/362/362 334/334/334 337/337/337
f 363/363/363 360/360/360 356/356/356
f 362/362/362 360/360/360 363/363/363
f 356/356/356 364/364/364 363/363/363
f 358/358/358 365/365/365 356/356/356
f 366/366/366 365/365/365 358/358/358
f 358/358/358 367/367/367 366/366/366
f 353/353/353 367/367/367 358/358/358
f 366/366/366 367/367/367 368/368/368
f 368/368/368 367/367/367 353/353/353
f 364/364/364 369/369/369 370/370/370
f 370/370/370 363/363/363 364/364/364
f 368/368/368 371/371/371 366/366/366
f 370/370/370 369/369/369 372/372/372
f 353/353/353 373/373/373 368/368/368
f 371/371/371 368/368/368 373/373/373
f 373/373/373 353/353/353 357/357/357
f 357/357/357 374/374/374 373/373/373
f 373/373/373 374/374/374 371/371/371
f 359/359/359 375/375/375 357/357/357
f 375/375/375 359/359/359 361/361/361
f 361/361/361 372/372/372 375/375/375
f 372/372/372 361/361/361 370/370/370
f 370/370/370 361/361/361 376/376/376
f 343/343/343 376/376/376 361/361/361
f 376/376/376 343/343/343 288/288/288
f 288/288/288 249/249/249 376/376/376
f 376/376/376 377/377/377 370/370/370
f 377/377/377 376/376/376 249/249/249
f 370/370/370 377/377/377 378/378/378
f 378/378/378 363/363/363 370/370/370
f 363/363/363 378/378/378 362/362/362
f 249/249/249 379/379/379 377/377/377
f 378/378/378 377/377/377 379/379/379
f 379/379/379 249/249/249 244/244/244
f 362/362/362 380/380/380 381/381/381
f 379/379/379 382/382/382 378/378/378
f 244/244/244 382/382/382 379/379/379
f 378/378/378 382/382/382 380/380/380
f 244/244/244 241/241/241 383/383/383
f 234/234/234 384/384/384 385/385/385
f 386/386/386 387/387/387 388/388/388
f 384/384/384 388/388/388 387/387/387
f 386/386/386 389/389/389 390/390/390
f 384/384/384 234/234/234 391/391/391
f 389/389/389 392/392/392 393/393/393
f 392/392/392 394/394/394 328/328/328
f 389/389/389 386/386/386 395/395/395
f 388/388/388 395/395/395 386/386/386
f 392/392/392 389/389/389 396/396/396
f 394/394/394 392/392/392 397/397/397
f 397/397/397 396/396/396 398/398/398
f 388/388/388 384/384/384 399/399/399
f 400/400/400 401/401/401 402/402/402
f 402/402/402 403/403/403 400/400/400
f 402/402/402 404/404/404 405/405/405
f 405/405/405 403/403/403 402/402/402
f 405/405/405 404/404/404 406/406/406
f 407/407/407 403/403/403 405/405/405
f 400/400/400 403/403/403 407/407/407
f 405/405/405 408/408/408 409/409/409
f 409/409/409 408/408/408 410/410/410
f 409/409/409 411/411/411 405/405/405
f 405/405/405 411/411/411 407/407/407
f 411/411/411 409/409/409 412/412/412
f 93/93/93 413/413/413 94/94/94
f 414/414/414 415/415/415 416/416/416
f 414/414/414 413/413/413 93/93/93
f 93/93/93 417/417/417 414/414/414
f 417/417/417 93/93/93 418/418/418
f 419/419/419 414/414/414 417/417/417
f 414/414/414 419/419/419 420/420/420
f 421/421/421 417/417/417 422/422/422
f 417/417/417 421/421/421 419/419/419
f 422/422/422 423/423/423 421/421/421
f 419/419/419 421/421/421 424/424/424
f 423/423/423 425/425/425 424/424/424
f 419/419/419 426/426/426 427/427/427
f 428/428/428 429/429/429 430/430/430
f 409/409/409 429/429/429 428/428/428
f 428/428/428 412/412/412 409/409/409
f 412/412/412 428/428/428 431/431/431
f 412/412/412 432/432/432 411/411/411
f 407/407/407 411/411/411 432/432/432
f 407/407/407 433/433/433 434/434/434
f 407/407/407 435/435/435 400/400/400
f 435/435/435 434/434/434 436/436/436
f 400/400/400 435/435/435 437/437/437
f 436/436/436 437/437/437 435/435/435
f 437/437/437 438/438/438 400/400/400
f 400/400/400 438/438/438 439/439/439
f 437/437/437 436/436/436 440/440/440
f 437/437/437 441/441/441 442/442/442
f 440/440/440 441/441/441 437/437/437
f 436/436/436 443/443/443 444/444/444
f 445/445/445 446/446/446 447/447/447
f 448/448/448 397/397/397 449/449/449
f 397/397/397 448/448/448 394/394/394
f 394/394/394 448/448/448 450/450/450
f 450/450/450 448/448/448 451/451/451
f 450/450/450 323/323/323 394/394/394
f 323/323/323 450/450/450 326/326/326
f 326/326/326 450/450/450 452/452/452
f 453/453/453 454/454/454 445/445/445
f 453/453/453 455/455/455 456/456/456
f 445/445/445 457/457/457 453/453/453
f 457/457/457 458/458/458 455/455/455
f 457/457/457 445/445/445 459/459/459
f 458/458/458 457/457/457 460/460/460
f 459/459/459 460/460/460 457/457/457
f 460/460/460 461/461/461 458/458/458
f 461/461/461 460/460/460 462/462/462
f 459/459/459 447/447/447 463/463/463
f 459/459/459 464/464/464 462/462/462
f 440/440/440 465/465/465 466/466/466
f 467/467/467 468/468/468 469/469/469
f 467/467/467 470/470/470 471/471/471
f 470/470/470 472/472/472 473/473/473
f 474/474/474 470/470/470 467/467/467
f 472/472/472 470/470/470 474/474/474
f 472/472/472 475/475/475 476/476/476
f 474/474/474 477/477/477 472/472/472
f 475/475/475 472/472/472 477/477/477
f 475/475/475 478/478/478 479/479/479
f 478/478/478 475/475/475 480/480/480
f 477/477/477 480/480/480 475/475/475
f 478/478/478 481/481/481 482/482/482
f 480/480/480 477/477/477 483/483/483
f 480/480/480 484/484/484 478/478/478
f 481/481/481 478/478/478 484/484/484
f 483/483/483 485/485/485 480/480/480
f 484/484/484 480/480/480 485/485/485
f 486/486/486 483/483/483 477/477/477
f 477/477/477 474/474/474 486/486/486
f 487/487/487 485/485/485 483/483/483
f 487/487/487 483/483/483 486/486/486
f 485/485/485 488/488/488 484/484/484
f 485/485/485 487/487/487 489/489/489
f 489/489/489 488/488/488 485/485/485
f 490/490/490 489/489/489 487/487/487
f 486/486/486 490/490/490 487/487/487
f 491/491/491 484/484/484 488/488/488
f 484/484/484 491/491/491 481/481/481
f 486/486/486 474/474/474 492/492/492
f 467/467/467 492/492/492 474/474/474
f 492/492/492 493/493/493 486/486/486
f 486/486/486 493/493/493 494/494/494
f 494/494/494 490/490/490 486/486/486
f 495/495/495 493/493/493 492/492/492
f 494/494/494 493/493/493 495/495/495
f 496/496/496 492/492/492 467/467/467
f 492/492/492 496/496/496 495/495/495
f 490/490/490 494/494/494 497/497/497
f 467/467/467 498/498/498 496/496/496
f 497/497/497 499/499/499 490/490/490
f 489/489/489 490/490/490 499/499/499
f 498/498/498 469/469/469 500/500/500
f 499/499/499 501/501/501 489/489/489
f 488/488/488 489/489/489 501/501/501
f 502/502/502 499/499/499 497/497/497
f 501/501/501 499/499/499 502/502/502
f 497/497/497 503/503/503 502/502/502
f 502/502/502 503/503/503 504/504/504
f 504/504/504 505/505/505 502/502/502
f 502/502/502 505/505/505 501/501/501
f 505/505/505 504/504/504 506/506/506
f 501/501/501 507/507/507 488/488/488
f 507/507/507 501/501/501 505/505/505
f 506/506/506 508/508/508 505/505/505
f 505/505/505 508/508/508 507/507/507
f 508/508/508 506/506/506 509/509/509
f 510/510/510 488/488/488 507/507/507
f 488/488/488 510/510/510 491/491/491
f 511/511/511 507/507/507 508/508/508
f 507/507/507 511/511/511 510/510/510
f 509/509/509 512/512/512 508/508/508
f 508/508/508 512/512/512 511/511/511
f 512/512/512 509/509/509 513/513/513
f 510/510/510 511/511/511 514/514/514
f 514/514/514 511/511/511 512/512/512
f 513/513/513 515/515/515 512/512/512
f 512/512/512 515/515/515 514/514/514
f 515/515/515 513/513/513 516/516/516
f 516/516/516 517/517/517 515/515/515
f 514/514/514 515/515/515 517/517/517
f 517/517/517 516/516/516 518/518/518
f 514/514/514 519/519/519 510/510/510
f 491/491/491 510/510/510 519/519/519
f 517/517/517 520/520/520 514/514/514
f 520/520/520 519/519/519 514/514/514
f 518/518/518 521/521/521 517/517/517
f 520/520/520 517/517/517 521/521/521
f 519/519/519 522/522/522 491/491/491
f 522/522/522 519/519/519 520/520/520
f 481/481/481 491/491/491 522/522/522
f 520/520/520 523/523/523 522/522/522
f 522/522/522 524/524/524 481/481/481
f 525/525/525 526/526/526 523/523/523
f 527/527/527 528/528/528 529/529/529
f 529/529/529 530/530/530 527/527/527
f 529/529/529 531/531/531 530/530/530
f 532/532/532 530/530/530 531/531/531
f 533/533/533 534/534/534 526/526/526
f 534/534/534 533/533/533 532/532/532
f 532/532/532 535/535/535 534/534/534
f 534/534/534 536/536/536 524/524/524
f 481/481/481 524/524/524 536/536/536
f 537/537/537 538/538/538 539/539/539
f 539/539/539 540/540/540 537/537/537
f 541/541/541 537/537/537 540/540/540
f 540/540/540 542/542/542 541/541/541
f 543/543/543 544/544/544 545/545/545
f 544/544/544 543/543/543 546/546/546
f 546/546/546 547/547/547 544/544/544
f 544/544/544 547/547/547 548/548/548
f 548/548/548 549/549/549 544/544/544
f 550/550/550 551/551/551 552/552/552
f 552/552/552 553/553/553 550/550/550
f 549/549/549 552/552/552 554/554/554
f 554/554/554 555/555/555 549/549/549
f 556/556/556 555/555/555 554/554/554
f 556/556/556 557/557/557 555/555/555
f 554/554/554 558/558/558 556/556/556
f 559/559/559 558/558/558 554/554/554
f 557/557/557 556/556/556 560/560/560
f 560/560/560 561/561/561 557/557/557
f 562/562/562 561/561/561 560/560/560
f 560/560/560 563/563/563 562/562/562
f 560/560/560 556/556/556 564/564/564
f 565/565/565 566/566/566 1/1/1
f 566/566/566 556/556/556 558/558/558
f 558/558/558 559/559/559 567/567/567
f 567/567/567 568/568/568 569/569/569
f 569/569/569 570/570/570 567/567/567
f 567/567/567 570/570/570 558/558/558
f 571/571/571 570/570/570 572/572/572
f 573/573/573 574/574/574 575/575/575
f 576/576/576 577/577/577 578/578/578
f 558/558/558 577/577/577 566/566/566
f 579/579/579 566/566/566 577/577/577
f 577/577/577 580/580/580 579/579/579
f 581/581/581 582/582/582 583/583/583
f 584/584/584 585/585/585 583/583/583
f 584/584/584 586/586/586 585/585/585
f 587/587/587 588/588/588 589/589/589
f 586/586/586 590/590/590 585/585/585
f 591/591/591 587/587/587 592/592/592
f 593/593/593 590/590/590 586/586/586
f 586/586/586 594/594/594 593/593/593
f 593/593/593 594/594/594 595/595/595
f 590/590/590 596/596/596 597/597/597
f 595/595/595 597/597/597 593/593/593
f 598/598/598 597/597/597 595/595/595
f 590/590/590 597/597/597 598/598/598
f 595/595/595 599/599/599 598/598/598
f 598/598/598 599/599/599 600/600/600
f 600/600/600 601/601/601 598/598/598
f 602/602/602 590/590/590 598/598/598
f 603/603/603 598/598/598 601/601/601
f 598/598/598 603/603/603 604/604/604
f 604/604/604 605/605/605 598/598/598
f 603/603/603 601/601/601 606/606/606
f 603/603/603 607/607/607 604/604/604
f 606/606/606 607/607/607 603/603/603
f 608/608/608 609/609/609 607/607/607
f 607/607/607 606/606/606 610/610/610
f 607/607/607 610/610/610 608/608/608
f 610/610/610 606/606/606 611/611/611
f 611/611/611 612/612/612 610/610/610
f 610/610/610 612/612/612 613/613/613
f 613/613/613 614/614/614 610/610/610
f 615/615/615 610/610/610 614/614/614
f 614/614/614 613/613/613 616/616/616
f 616/616/616 617/617/617 614/614/614
f 614/614/614 617/617/617 618/618/618
f 619/619/619 618/618/618 617/617/617
f 617/617/617 620/620/620 619/619/619
f 614/614/614 618/618/618 6/6/6
f 619/619/619 6/6/6 618/618/618
f 6/6/6 621/621/621 614/614/614
f 614/614/614 622/622/622 615/615/615
f 6/6/6 619/619/619 4/4/4
f 619/619/619 620/620/620 4/4/4
f 4/4/4 620/620/620 623/623/623
f 623/623/623 624/624/624 4/4/4
f 4/4/4 624/624/624 625/625/625
f 625/625/625 626/626/626 4/4/4
f 626/626/626 625/625/625 627/627/627
f 626/626/626 627/627/627 628/628/628
f 4/4/4 626/626/626 629/629/629
f 628/628/628 629/629/629 626/626/626
f 629/629/629 622/622/622 4/4/4
f 630/630/630 629/629/629 628/628/628
f 628/628/628 631/631/631 630/630/630
f 632/632/632 622/622/622 629/629/629
f 629/629/629 630/630/630 632/632/632
f 615/615/615 622/622/622 632/632/632
f 631/631/631 633/633/633 634/634/634
f 632/632/632 630/630/630 635/635/635
f 602/602/602 636/636/636 585/585/585
f 637/637/637 638/638/638 635/635/635
f 637/637/637 639/639/639 636/636/636
f 640/640/640 592/592/592 589/589/589
f 639/639/639 637/637/637 641/641/641
f 641/641/641 640/640/640 639/639/639
f 641/641/641 637/637/637 642/642/642
f 643/643/643 592/592/592 640/640/640
f 592/592/592 643/643/643 591/591/591
f 640/640/640 641/641/641 644/644/644
f 591/591/591 643/643/643 645/645/645
f 645/645/645 646/646/646 591/591/591
f 647/647/647 646/646/646 645/645/645
f 640/640/640 648/648/648 643/643/643
f 644/644/644 648/648/648 640/640/640
f 643/643/643 648/648/648 649/649/649
f 649/649/649 645/645/645 643/643/643
f 648/648/648 644/644/644 650/650/650
f 645/645/645 651/651/651 647/647/647
f 647/647/647 651/651/651 652/652/652
f 645/645/645 649/649/649 653/653/653
f 653/653/653 651/651/651 645/645/645
f 649/649/649 650/650/650 654/654/654
f 651/651/651 653/653/653 655/655/655
f 655/655/655 653/653/653 654/654/654
f 651/651/651 656/656/656 652/652/652
f 655/655/655 656/656/656 651/651/651
f 656/656/656 657/657/657 652/652/652
f 658/658/658 657/657/657 656/656/656
f 656/656/656 659/659/659 658/658/658
f 659/659/659 656/656/656 655/655/655
f 660/660/660 661/661/661 658/658/658
f 658/658/658 659/659/659 660/660/660
f 660/660/660 659/659/659 662/662/662
f 655/655/655 662/662/662 659/659/659
f 662/662/662 663/663/663 660/660/660
f 663/663/663 662/662/662 664/664/664
f 664/664/664 662/662/662 655/655/655
f 664/664/664 665/665/665 663/663/663
f 666/666/666 665/665/665 664/664/664
f 655/655/655 667/667/667 664/664/664
f 664/664/664 668/668/668 666/666/666
f 668/668/668 664/664/664 667/667/667
f 666/666/666 668/668/668 669/669/669
f 669/669/669 670/670/670 666/666/666
f 667/667/667 671/671/671 668/668/668
f 669/669/669 668/668/668 671/671/671
f 671/671/671 667/667/667 654/654/654
f 670/670/670 669/669/669 672/672/672
f 672/672/672 673/673/673 670/670/670
f 672/672/672 669/669/669 674/674/674
f 671/671/671 674/674/674 669/669/669
f 674/674/674 675/675/675 672/672/672
f 674/674/674 676/676/676 675/675/675
f 674/674/674 677/677/677 676/676/676
f 677/677/677 674/674/674 671/671/671
f 677/677/677 678/678/678 676/676/676
f 679/679/679 678/678/678 677/677/677
f 671/671/671 680/680/680 677/677/677
f 680/680/680 654/654/654 650/650/650
f 677/677/677 681/681/681 679/679/679
f 681/681/681 677/677/677 680/680/680
f 682/682/682 679/679/679 681/681/681
f 680/680/680 683/683/683 681/681/681
f 684/684/684 683/683/683 650/650/650
f 685/685/685 681/681/681 683/683/683
f 681/681/681 685/685/685 682/682/682
f 686/686/686 684/684/684 644/644/644
f 685/685/685 684/684/684 686/686/686
f 644/644/644 641/641/641 686/686/686
f 642/642/642 686/686/686 641/641/641
f 682/682/682 685/685/685 687/687/687
f 686/686/686 687/687/687 685/685/685
f 687/687/687 686/686/686 642/642/642
f 687/687/687 688/688/688 682/682/682
f 687/687/687 689/689/689 690/690/690
f 642/642/642 689/689/689 687/687/687
f 642/642/642 635/635/635 691/691/691
f 692/692/692 693/693/693 694/694/694
f 695/695/695 696/696/696 697/697/697
f 698/698/698 697/697/697 694/694/694
f 699/699/699 693/693/693 692/692/692
f 692/692/692 700/700/700 699/699/699
f 701/701/701 698/698/698 693/693/693
f 693/693/693 699/699/699 701/701/701
f 695/695/695 698/698/698 701/701/701
f 702/702/702 699/699/699 700/700/700
f 702/702/702 701/701/701 699/699/699
f 700/700/700 703/703/703 702/702/702
f 701/701/701 704/704/704 695/695/695
f 705/705/705 702/702/702 703/703/703
f 706/706/706 701/701/701 702/702/702
f 702/702/702 705/705/705 706/706/706
f 707/707/707 704/704/704 701/701/701
f 701/701/701 706/706/706 707/707/707
f 708/708/708 695/695/695 704/704/704
f 695/695/695 708/708/708 709/709/709
f 704/704/704 710/710/710 708/708/708
f 710/710/710 704/704/704 707/707/707
f 711/711/711 708/708/708 710/710/710
f 711/711/711 712/712/712 709/709/709
f 707/707/707 713/713/713 710/710/710
f 710/710/710 714/714/714 711/711/711
f 714/714/714 710/710/710 713/713/713
f 715/715/715 716/716/716 717/717/717
f 715/715/715 718/718/718 719/719/719
f 711/711/711 720/720/720 721/721/721
f 722/722/722 718/718/718 715/715/715
f 718/718/718 722/722/722 723/723/723
f 724/724/724 715/715/715 720/720/720
f 715/715/715 724/724/724 722/722/722
f 725/725/725 720/720/720 711/711/711
f 720/720/720 725/725/725 724/724/724
f 711/711/711 714/714/714 725/725/725
f 723/723/723 722/722/722 726/726/726
f 722/722/722 724/724/724 726/726/726
f 726/726/726 727/727/727 723/723/723
f 728/728/728 727/727/727 726/726/726
f 726/726/726 729/729/729 728/728/728
f 729/729/729 726/726/726 724/724/724
f 724/724/724 730/730/730 729/729/729
f 730/730/730 724/724/724 725/725/725
f 729/729/729 731/731/731 732/732/732
f 733/733/733 732/732/732 731/731/731
f 725/725/725 734/734/734 730/730/730
f 730/730/730 735/735/735 731/731/731
f 736/736/736 731/731/731 735/735/735
f 737/737/737 733/733/733 736/736/736
f 714/714/714 738/738/738 734/734/734
f 713/713/713 738/738/738 714/714/714
f 736/736/736 739/739/739 737/737/737
f 740/740/740 737/737/737 739/739/739
f 739/739/739 736/736/736 741/741/741
f 739/739/739 742/742/742 740/740/740
f 740/740/740 742/742/742 743/743/743
f 742/742/742 739/739/739 744/744/744
f 741/741/741 744/744/744 739/739/739
f 743/743/743 742/742/742 745/745/745
f 744/744/744 745/745/745 742/742/742
f 741/741/741 735/735/735 746/746/746
f 744/744/744 741/741/741 747/747/747
f 748/748/748 747/747/747 746/746/746
f 749/749/749 748/748/748 750/750/750
f 713/713/713 707/707/707 751/751/751
f 706/706/706 752/752/752 751/751/751
f 753/753/753 754/754/754 751/751/751
f 705/705/705 755/755/755 752/752/752
f 755/755/755 705/705/705 756/756/756
f 756/756/756 757/757/757 755/755/755
f 755/755/755 757/757/757 758/758/758
f 758/758/758 759/759/759 755/755/755
f 759/759/759 753/753/753 752/752/752
f 759/759/759 758/758/758 760/760/760
f 761/761/761 753/753/753 759/759/759
f 760/760/760 762/762/762 759/759/759
f 759/759/759 762/762/762 761/761/761
f 762/762/762 760/760/760 763/763/763
f 761/761/761 764/764/764 754/754/754
f 749/749/749 754/754/754 764/764/764
f 765/765/765 761/761/761 762/762/762
f 764/764/764 766/766/766 749/749/749
f 748/748/748 749/749/749 766/766/766
f 767/767/767 764/764/764 761/761/761
f 766/766/766 764/764/764 767/767/767
f 761/761/761 765/765/765 767/767/767
f 766/766/766 768/768/768 748/748/748
f 747/747/747 748/748/748 768/768/768
f 767/767/767 769/769/769 766/766/766
f 768/768/768 766/766/766 769/769/769
f 768/768/768 770/770/770 747/747/747
f 747/747/747 770/770/770 744/744/744
f 770/770/770 768/768/768 771/771/771
f 769/769/769 771/771/771 768/768/768
f 744/744/744 770/770/770 772/772/772
f 771/771/771 772/772/772 770/770/770
f 772/772/772 745/745/745 744/744/744
f 771/771/771 769/769/769 773/773/773
f 772/772/772 771/771/771 774/774/774
f 773/773/773 774/774/774 771/771/771
f 745/745/745 772/772/772 775/775/775
f 774/774/774 775/775/775 772/772/772
f 776/776/776 773/773/773 769/769/769
f 769/769/769 767/767/767 776/776/776
f 774/774/774 773/773/773 777/777/777
f 778/778/778 776/776/776 767/767/767
f 767/767/767 765/765/765 778/778/778
f 773/773/773 776/776/776 779/779/779
f 778/778/778 765/765/765 780/780/780
f 762/762/762 780/780/780 765/765/765
f 763/763/763 780/780/780 762/762/762
f 780/780/780 781/781/781 778/778/778
f 763/763/763 782/782/782 781/781/781
f 778/778/778 783/783/783 779/779/779
f 784/784/784 785/785/785 786/786/786
f 784/784/784 787/787/787 785/785/785
f 788/788/788 789/789/789 786/786/786
f 785/785/785 787/787/787 790/790/790
f 791/791/791 792/792/792 789/789/789
f 793/793/793 794/794/794 795/795/795
f 788/788/788 790/790/790 796/796/796
f 795/795/795 796/796/796 790/790/790
f 797/797/797 791/791/791 788/788/788
f 788/788/788 796/796/796 797/797/797
f 795/795/795 794/794/794 798/798/798
f 799/799/799 798/798/798 794/794/794
f 796/796/796 795/795/795 800/800/800
f 798/798/798 800/800/800 795/795/795
f 797/797/797 796/796/796 801/801/801
f 800/800/800 801/801/801 796/796/796
f 798/798/798 799/799/799 802/802/802
f 800/800/800 798/798/798 803/803/803
f 802/802/802 803/803/803 798/798/798
f 804/804/804 802/802/802 799/799/799
f 803/803/803 802/802/802 804/804/804
f 799/799/799 805/805/805 804/804/804
f 804/804/804 805/805/805 806/806/806
f 803/803/803 807/807/807 800/800/800
f 801/801/801 800/800/800 807/807/807
f 804/804/804 808/808/808 803/803/803
f 807/807/807 803/803/803 808/808/808
f 806/806/806 808/808/808 804/804/804
f 807/807/807 809/809/809 801/801/801
f 808/808/808 810/810/810 807/807/807
f 809/809/809 807/807/807 810/810/810
f 810/810/810 808/808/808 811/811/811
f 811/811/811 808/808/808 806/806/806
f 810/810/810 812/812/812 809/809/809
f 811/811/811 812/812/812 810/810/810
f 813/813/813 801/801/801 809/809/809
f 809/809/809 812/812/812 813/813/813
f 801/801/801 813/813/813 797/797/797
f 812/812/812 811/811/811 814/814/814
f 815/815/815 797/797/797 813/813/813
f 791/791/791 797/797/797 815/815/815
f 812/812/812 816/816/816 813/813/813
f 815/815/815 817/817/817 791/791/791
f 813/813/813 816/816/816 818/818/818
f 817/817/817 819/819/819 792/792/792
f 820/820/820 817/817/817 815/815/815
f 815/815/815 818/818/818 820/820/820
f 817/817/817 820/820/820 821/821/821
f 822/822/822 777/777/777 819/819/819
f 819/819/819 821/821/821 822/822/822
f 775/775/775 774/774/774 822/822/822
f 822/822/822 823/823/823 775/775/775
f 824/824/824 775/775/775 823/823/823
f 775/775/775 824/824/824 745/745/745
f 745/745/745 824/824/824 743/743/743
f 825/825/825 743/743/743 824/824/824
f 824/824/824 826/826/826 825/825/825
f 820/820/820 827/827/827 828/828/828
f 829/829/829 827/827/827 830/830/830
f 829/829/829 831/831/831 832/832/832
f 833/833/833 832/832/832 831/831/831
f 816/816/816 834/834/834 830/830/830
f 831/831/831 835/835/835 833/833/833
f 835/835/835 836/836/836 833/833/833
f 831/831/831 830/830/830 837/837/837
f 837/837/837 835/835/835 831/831/831
f 837/837/837 830/830/830 834/834/834
f 838/838/838 836/836/836 835/835/835
f 838/838/838 835/835/835 837/837/837
f 838/838/838 839/839/839 836/836/836
f 840/840/840 837/837/837 834/834/834
f 838/838/838 837/837/837 840/840/840
f 841/841/841 834/834/834 816/816/816
f 834/834/834 841/841/841 840/840/840
f 816/816/816 812/812/812 841/841/841
f 814/814/814 841/841/841 812/812/812
f 814/814/814 840/840/840 841/841/841
f 839/839/839 838/838/838 842/842/842
f 838/838/838 840/840/840 842/842/842
f 842/842/842 843/843/843 839/839/839
f 806/806/806 843/843/843 842/842/842
f 840/840/840 814/814/814 844/844/844
f 840/840/840 844/844/844 842/842/842
f 842/842/842 844/844/844 806/806/806
f 811/811/811 844/844/844 814/814/814
f 806/806/806 844/844/844 811/811/811
f 845/845/845 846/846/846 847/847/847
f 848/848/848 846/846/846 849/849/849
f 850/850/850 848/848/848 851/851/851
f 851/851/851 852/852/852 850/850/850
f 853/853/853 848/848/848 850/850/850
f 854/854/854 855/855/855 856/856/856
f 857/857/857 855/855/855 854/854/854
f 857/857/857 858/858/858 859/859/859
f 857/857/857 860/860/860 858/858/858
f 861/861/861 854/854/854 862/862/862
f 863/863/863 860/860/860 857/857/857
f 853/853/853 864/864/864 862/862/862
f 854/854/854 865/865/865 857/857/857
f 857/857/857 865/865/865 863/863/863
f 854/854/854 861/861/861 866/866/866
f 866/866/866 865/865/865 854/854/854
f 861/861/861 864/864/864 867/867/867
f 866/866/866 861/861/861 868/868/868
f 865/865/865 866/866/866 869/869/869
f 869/869/869 870/870/870 865/865/865
f 870/870/870 863/863/863 865/865/865
f 869/869/869 866/866/866 871/871/871
f 868/868/868 871/871/871 866/866/866
f 863/863/863 870/870/870 872/872/872
f 870/870/870 869/869/869 873/873/873
f 860/860/860 863/863/863 874/874/874
f 874/874/874 875/875/875 860/860/860
f 874/874/874 872/872/872 876/876/876
f 876/876/876 872/872/872 873/873/873
f 875/875/875 874/874/874 877/877/877
f 876/876/876 877/877/877 874/874/874
f 877/877/877 878/878/878 875/875/875
f 879/879/879 878/878/878 877/877/877
f 879/879/879 880/880/880 878/878/878
f 879/879/879 881/881/881 880/880/880
f 882/882/882 881/881/881 879/879/879
f 883/883/883 884/884/884 882/882/882
f 882/882/882 885/885/885 883/883/883
f 879/879/879 885/885/885 882/882/882
f 886/886/886 883/883/883 885/885/885
f 887/887/887 879/879/879 877/877/877
f 885/885/885 879/879/879 887/887/887
f 877/877/877 876/876/876 887/887/887
f 885/885/885 888/888/888 886/886/886
f 887/887/887 888/888/888 885/885/885
f 886/886/886 888/888/888 889/889/889
f 889/889/889 890/890/890 886/886/886
f 891/891/891 890/890/890 889/889/889
f 888/888/888 887/887/887 892/892/892
f 892/892/892 889/889/889 888/888/888
f 887/887/887 876/876/876 893/893/893
f 889/889/889 894/894/894 891/891/891
f 895/895/895 891/891/891 894/894/894
f 889/889/889 892/892/892 896/896/896
f 896/896/896 894/894/894 889/889/889
f 892/892/892 893/893/893 897/897/897
f 897/897/897 896/896/896 892/892/892
f 894/894/894 898/898/898 895/895/895
f 898/898/898 894/894/894 896/896/896
f 899/899/899 900/900/900 895/895/895
f 895/895/895 898/898/898 899/899/899
f 899/899/899 898/898/898 901/901/901
f 896/896/896 901/901/901 898/898/898
f 901/901/901 902/902/902 899/899/899
f 903/903/903 901/901/901 896/896/896
f 901/901/901 903/903/903 902/902/902
f 896/896/896 897/897/897 903/903/903
f 903/903/903 904/904/904 902/902/902
f 903/903/903 905/905/905 904/904/904
f 905/905/905 903/903/903 906/906/906
f 906/906/906 903/903/903 897/897/897
f 906/906/906 907/907/907 905/905/905
f 908/908/908 907/907/907 906/906/906
f 897/897/897 909/909/909 906/906/906
f 909/909/909 897/897/897 893/893/893
f 906/906/906 910/910/910 908/908/908
f 910/910/910 906/906/906 909/909/909
f 911/911/911 909/909/909 873/873/873
f 909/909/909 911/911/911 910/910/910
f 871/871/871 911/911/911 869/869/869
f 910/910/910 911/911/911 871/871/871
f 908/908/908 910/910/910 912/912/912
f 871/871/871 912/912/912 910/910/910
f 912/912/912 913/913/913 908/908/908
f 913/913/913 912/912/912 914/914/914
f 871/871/871 868/868/868 914/914/914
f 868/868/868 867/867/867 915/915/915
f 916/916/916 917/917/917 918/918/918
f 916/916/916 915/915/915 919/919/919
f 920/920/920 921/921/921 919/919/919
f 922/922/922 919/919/919 923/923/923
f 924/924/924 920/920/920 922/922/922
f 925/925/925 923/923/923 853/853/853
f 922/922/922 926/926/926 924/924/924
f 927/927/927 924/924/924 926/926/926
f 928/928/928 926/926/926 922/922/922
f 928/928/928 922/922/922 925/925/925
f 926/926/926 929/929/929 927/927/927
f 928/928/928 929/929/929 926/926/926
f 927/927/927 929/929/929 928/928/928
f 928/928/928 930/930/930 927/927/927
f 931/931/931 930/930/930 928/928/928
f 928/928/928 932/932/932 931/931/931
f 928/928/928 933/933/933 932/932/932
f 933/933/933 928/928/928 934/934/934
f 935/935/935 932/932/932 933/933/933
f 934/934/934 936/936/936 933/933/933
f 937/937/937 935/935/935 933/933/933
f 933/933/933 938/938/938 937/937/937
f 939/939/939 935/935/935 937/937/937
f 939/939/939 937/937/937 938/938/938
f 938/938/938 940/940/940 939/939/939
f 941/941/941 935/935/935 939/939/939
f 939/939/939 942/942/942 941/941/941
f 943/943/943 942/942/942 939/939/939
f 939/939/939 944/944/944 943/943/943
f 945/945/945 943/943/943 944/944/944
f 944/944/944 946/946/946 945/945/945
f 939/939/939 925/925/925 947/947/947
f 947/947/947 944/944/944 939/939/939
f 853/853/853 947/947/947 925/925/925
f 946/946/946 944/944/944 948/948/948
f 949/949/949 944/944/944 947/947/947
f 948/948/948 950/950/950 946/946/946
f 850/850/850 947/947/947 853/853/853
f 951/951/951 950/950/950 948/948/948
f 948/948/948 947/947/947 951/951/951
f 952/952/952 950/950/950 951/951/951
f 951/951/951 953/953/953 952/952/952
f 947/947/947 850/850/850 954/954/954
f 954/954/954 951/951/951 947/947/947
f 954/954/954 850/850/850 852/852/852
f 852/852/852 955/955/955 954/954/954
f 954/954/954 955/955/955 956/956/956
f 953/953/953 951/951/951 957/957/957
f 956/956/956 953/953/953 957/957/957
f 951/951/951 954/954/954 958/958/958
f 956/956/956 958/958/958 954/954/954
f 958/958/958 957/957/957 951/951/951
f 957/957/957 958/958/958 956/956/956
f 959/959/959 960/960/960 961/961/961
f 959/959/959 961/961/961 962/962/962
f 963/963/963 959/959/959 962/962/962
f 964/964/964 965/965/965 962/962/962
f 966/966/966 963/963/963 962/962/962
f 962/962/962 965/965/965 967/967/967
f 968/968/968 966/966/966 962/962/962
f 967/967/967 969/969/969 962/962/962
f 962/962/962 969/969/969 968/968/968
f 969/969/969 967/967/967 970/970/970
f 970/970/970 968/968/968 969/969/969
f 970/970/970 967/967/967 971/971/971
f 972/972/972 973/973/973 974/974/974
f 975/975/975 976/976/976 977/977/977
f 978/978/978 979/979/979 975/975/975
f 980/980/980 975/975/975 981/981/981
f 978/978/978 975/975/975 980/980/980
f 981/981/981 982/982/982 980/980/980
f 980/980/980 983/983/983 978/978/978
f 984/984/984 980/980/980 982/982/982
f 985/985/985 983/983/983 980/980/980
f 980/980/980 984/984/984 986/986/986
f 986/986/986 985/985/985 980/980/980
f 987/987/987 986/986/986 984/984/984
f 988/988/988 985/985/985 986/986/986
f 986/986/986 987/987/987 989/989/989
f 990/990/990 988/988/988 986/986/986
f 989/989/989 991/991/991 986/986/986
f 986/986/986 991/991/991 990/990/990
f 991/991/991 989/989/989 992/992/992
f 992/992/992 990/990/990 991/991/991
f 993/993/993 994/994/994 995/995/995
f 994/994/994 993/993/993 996/996/996
f 997/997/997 996/996/996 993/993/993
f 994/994/994 998/998/998 999/999/999
f 1000/1000/1000 996/996/996 997/997/997
f 997/997/997 1001/1001/1001 1000/1000/1000
f 1000/1000/1000 1001/1001/1001 1002/1002/1002
f 996/996/996 1003/1003/1003 994/994/994
f 1003/1003/1003 996/996/996 1000/1000/1000
f 1002/1002/1002 1004/1004/1004 1000/1000/1000
f 1003/1003/1003 1000/1000/1000 1004/1004/1004
f 1004/1004/1004 1002/1002/1002 1005/1005/1005
f 1006/1006/1006 994/994/994 1003/1003/1003
f 1006/1006/1006 998/998/998 994/994/994
f 1005/1005/1005 1007/1007/1007 1004/1004/1004
f 1004/1004/1004 1008/1008/1008 1003/1003/1003
f 1008/1008/1008 1004/1004/1004 1007/1007/1007
f 1003/1003/1003 1009/1009/1009 1006/1006/1006
f 1009/1009/1009 1003/1003/1003 1008/1008/1008
f 1010/1010/1010 1006/1006/1006 1009/1009/1009
f 1010/1010/1010 1011/1011/1011 998/998/998
f 1008/1008/1008 1012/1012/1012 1009/1009/1009
f 1009/1009/1009 1013/1013/1013 1010/1010/1010
f 1013/1013/1013 1009/1009/1009 1012/1012/1012
f 1010/1010/1010 1014/1014/1014 1015/1015/1015
f 1010/1010/1010 1013/1013/1013 1016/1016/1016
f 1016/1016/1016 1014/1014/1014 1010/1010/1010
f 1014/1014/1014 1017/1017/1017 1018/1018/1018
f 1019/1019/1019 1018/1018/1018 1017/1017/1017
f 1020/1020/1020 1021/1021/1021 1022/1022/1022
f 1023/1023/1023 1019/1019/1019 1017/1017/1017
f 1020/1020/1020 1019/1019/1019 1023/1023/1023
f 1024/1024/1024 1017/1017/1017 1014/1014/1014
f 1017/1017/1017 1024/1024/1024 1023/1023/1023
f 1014/1014/1014 1016/1016/1016 1024/1024/1024
f 1025/1025/1025 1026/1026/1026 1021/1021/1021
f 1025/1025/1025 1020/1020/1020 1027/1027/1027
f 1023/1023/1023 1027/1027/1027 1020/1020/1020
f 1027/1027/1027 1028/1028/1028 1025/1025/1025
f 1029/1029/1029 1028/1028/1028 1027/1027/1027
f 1027/1027/1027 1023/1023/1023 1029/1029/1029
f 1028/1028/1028 1029/1029/1029 1030/1030/1030
f 1029/1029/1029 1023/1023/1023 1031/1031/1031
f 1031/1031/1031 1023/1023/1023 1024/1024/1024
f 1031/1031/1031 1032/1032/1032 1029/1029/1029
f 1032/1032/1032 1033/1033/1033 1030/1030/1030
f 1024/1024/1024 1034/1034/1034 1031/1031/1031
f 1034/1034/1034 1024/1024/1024 1016/1016/1016
f 1033/1033/1033 1032/1032/1032 1035/1035/1035
f 1035/1035/1035 1036/1036/1036 1033/1033/1033
f 1037/1037/1037 1036/1036/1036 1035/1035/1035
f 1016/1016/1016 1038/1038/1038 1034/1034/1034
f 1038/1038/1038 1016/1016/1016 1013/1013/1013
f 1035/1035/1035 1039/1039/1039 1037/1037/1037
f 1040/1040/1040 1037/1037/1037 1039/1039/1039
f 1039/1039/1039 1035/1035/1035 1041/1041/1041
f 1032/1032/1032 1031/1031/1031 1041/1041/1041
f 1039/1039/1039 1042/1042/1042 1040/1040/1040
f 1043/1043/1043 1040/1040/1040 1042/1042/1042
f 1031/1031/1031 1034/1034/1034 1044/1044/1044
f 1039/1039/1039 1045/1045/1045 1046/1046/1046
f 1046/1046/1046 1045/1045/1045 1047/1047/1047
f 1046/1046/1046 1042/1042/1042 1039/1039/1039
f 1038/1038/1038 1048/1048/1048 1044/1044/1044
f 1013/1013/1013 1049/1049/1049 1038/1038/1038
f 1050/1050/1050 1047/1047/1047 1051/1051/1051
f 1051/1051/1051 1048/1048/1048 1052/1052/1052
f 1051/1051/1051 1053/1053/1053 1050/1050/1050
f 1053/1053/1053 1051/1051/1051 1054/1054/1054
f 1054/1054/1054 1052/1052/1052 1055/1055/1055
f 1056/1056/1056 1050/1050/1050 1053/1053/1053
f 1046/1046/1046 1050/1050/1050 1056/1056/1056
f 1054/1054/1054 1057/1057/1057 1053/1053/1053
f 1056/1056/1056 1058/1058/1058 1046/1046/1046
f 1042/1042/1042 1046/1046/1046 1058/1058/1058
f 1053/1053/1053 1059/1059/1059 1056/1056/1056
f 1059/1059/1059 1053/1053/1053 1057/1057/1057
f 1058/1058/1058 1060/1060/1060 1042/1042/1042
f 1042/1042/1042 1060/1060/1060 1043/1043/1043
f 1058/1058/1058 1056/1056/1056 1061/1061/1061
f 1061/1061/1061 1056/1056/1056 1059/1059/1059
f 1060/1060/1060 1058/1058/1058 1062/1062/1062
f 1061/1061/1061 1062/1062/1062 1058/1058/1058
f 1043/1043/1043 1060/1060/1060 1063/1063/1063
f 1062/1062/1062 1063/1063/1063 1060/1060/1060
f 1062/1062/1062 1061/1061/1061 1064/1064/1064
f 1065/1065/1065 1063/1063/1063 1066/1066/1066
f 1059/1059/1059 1067/1067/1067 1061/1061/1061
f 1068/1068/1068 1069/1069/1069 1070/1070/1070
f 1068/1068/1068 1071/1071/1071 1072/1072/1072
f 1073/1073/1073 1071/1071/1071 1070/1070/1070
f 1073/1073/1073 1074/1074/1074 1075/1075/1075
f 1071/1071/1071 1073/1073/1073 1076/1076/1076
f 1077/1077/1077 1078/1078/1078 1076/1076/1076
f 1078/1078/1078 1077/1077/1077 1079/1079/1079
f 1080/1080/1080 1079/1079/1079 1077/1077/1077
f 1080/1080/1080 1081/1081/1081 1079/1079/1079
f 1082/1082/1082 1077/1077/1077 1083/1083/1083
f 1077/1077/1077 1082/1082/1082 1080/1080/1080
f 1084/1084/1084 1081/1081/1081 1080/1080/1080
f 1085/1085/1085 1080/1080/1080 1082/1082/1082
f 1080/1080/1080 1085/1085/1085 1084/1084/1084
f 1081/1081/1081 1084/1084/1084 1086/1086/1086
f 1086/1086/1086 1084/1084/1084 1085/1085/1085
f 1086/1086/1086 1087/1087/1087 1081/1081/1081
f 1088/1088/1088 1087/1087/1087 1086/1086/1086
f 1085/1085/1085 1089/1089/1089 1086/1086/1086
f 1086/1086/1086 1089/1089/1089 1088/1088/1088
f 1082/1082/1082 1090/1090/1090 1085/1085/1085
f 1089/1089/1089 1085/1085/1085 1090/1090/1090
f 1083/1083/1083 1091/1091/1091 1082/1082/1082
f 1090/1090/1090 1082/1082/1082 1091/1091/1091
f 1090/1090/1090 1092/1092/1092 1089/1089/1089
f 1091/1091/1091 1093/1093/1093 1090/1090/1090
f 1092/1092/1092 1090/1090/1090 1093/1093/1093
f 1094/1094/1094 1089/1089/1089 1092/1092/1092
f 1088/1088/1088 1089/1089/1089 1094/1094/1094
f 1093/1093/1093 1095/1095/1095 1092/1092/1092
f 1092/1092/1092 1095/1095/1095 1094/1094/1094
f 1095/1095/1095 1093/1093/1093 1091/1091/1091
f 1094/1094/1094 1096/1096/1096 1088/1088/1088
f 1097/1097/1097 1094/1094/1094 1095/1095/1095
f 1097/1097/1097 1096/1096/1096 1094/1094/1094
f 1088/1088/1088 1096/1096/1096 1098/1098/1098
f 1098/1098/1098 1099/1099/1099 1088/1088/1088
f 1100/1100/1100 1099/1099/1099 1098/1098/1098
f 1096/1096/1096 1097/1097/1097 1101/1101/1101
f 1098/1098/1098 1102/1102/1102 1100/1100/1100
f 1098/1098/1098 1096/1096/1096 1103/1103/1103
f 1103/1103/1103 1102/1102/1102 1098/1098/1098
f 1101/1101/1101 1103/1103/1103 1096/1096/1096
f 1104/1104/1104 1100/1100/1100 1102/1102/1102
f 1102/1102/1102 1103/1103/1103 1104/1104/1104
f 1105/1105/1105 1100/1100/1100 1104/1104/1104
f 1106/1106/1106 1104/1104/1104 1103/1103/1103
f 1103/1103/1103 1101/1101/1101 1106/1106/1106
f 1107/1107/1107 1105/1105/1105 1104/1104/1104
f 1104/1104/1104 1106/1106/1106 1107/1107/1107
f 1108/1108/1108 1105/1105/1105 1107/1107/1107
f 1109/1109/1109 1106/1106/1106 1101/1101/1101
f 1107/1107/1107 1106/1106/1106 1109/1109/1109
f 1101/1101/1101 1097/1097/1097 1110/1110/1110
f 1101/1101/1101 1110/1110/1110 1109/1109/1109
f 1095/1095/1095 1110/1110/1110 1097/1097/1097
f 1111/1111/1111 1110/1110/1110 1095/1095/1095
f 1111/1111/1111 1109/1109/1109 1110/1110/1110
f 1109/1109/1109 1112/1112/1112 1107/1107/1107
f 1112/1112/1112 1109/1109/1109 1111/1111/1111
f 1107/1107/1107 1112/1112/1112 1113/1113/1113
f 1095/1095/1095 1114/1114/1114 1111/1111/1111
f 1091/1091/1091 1114/1114/1114 1095/1095/1095
f 1111/1111/1111 1115/1115/1115 1112/1112/1112
f 1116/1116/1116 1114/1114/1114 1091/1091/1091
f 1091/1091/1091 1083/1083/1083 1116/1116/1116
f 1116/1116/1116 1083/1083/1083 1073/1073/1073
f 1111/1111/1111 1114/1114/1114 1117/1117/1117
f 1117/1117/1117 1114/1114/1114 1116/1116/1116
f 1117/1117/1117 1115/1115/1115 1111/1111/1111
f 1073/1073/1073 1118/1118/1118 1116/1116/1116
f 1117/1117/1117 1116/1116/1116 1118/1118/1118
f 1118/1118/1118 1119/1119/1119 1117/1117/1117
f 1119/1119/1119 1118/1118/1118 1075/1075/1075
f 1120/1120/1120 1115/1115/1115 1117/1117/1117
f 1117/1117/1117 1119/1119/1119 1120/1120/1120
f 1121/1121/1121 1112/1112/1112 1115/1115/1115
f 1120/1120/1120 1122/1122/1122 1115/1115/1115
f 1121/1121/1121 1123/1123/1123 1113/1113/1113
f 1124/1124/1124 1123/1123/1123 1125/1125/1125
f 1121/1121/1121 1126/1126/1126 1125/1125/1125
f 1127/1127/1127 1128/1128/1128 1129/1129/1129
f 1119/1119/1119 1130/1130/1130 1131/1131/1131
f 1132/1132/1132 1131/1131/1131 1130/1130/1130
f 1130/1130/1130 1133/1133/1133 1132/1132/1132
f 1067/1067/1067 1133/1133/1133 1064/1064/1064
f 1134/1134/1134 1132/1132/1132 1133/1133/1133
f 1135/1135/1135 1136/1136/1136 1132/1132/1132
f 1132/1132/1132 1134/1134/1134 1135/1135/1135
f 1137/1137/1137 1138/1138/1138 1136/1136/1136
f 1137/1137/1137 1127/1127/1127 1139/1139/1139
f 1140/1140/1140 1137/1137/1137 1135/1135/1135
f 1127/1127/1127 1137/1137/1137 1140/1140/1140
f 1141/1141/1141 1135/1135/1135 1134/1134/1134
f 1135/1135/1135 1141/1141/1141 1140/1140/1140
f 1142/1142/1142 1134/1134/1134 1067/1067/1067
f 1134/1134/1134 1142/1142/1142 1141/1141/1141
f 1067/1067/1067 1059/1059/1059 1142/1142/1142
f 1057/1057/1057 1142/1142/1142 1059/1059/1059
f 1143/1143/1143 1141/1141/1141 1142/1142/1142
f 1142/1142/1142 1057/1057/1057 1143/1143/1143
f 1144/1144/1144 1140/1140/1140 1141/1141/1141
f 1141/1141/1141 1143/1143/1143 1144/1144/1144
f 1140/1140/1140 1145/1145/1145 1127/1127/1127
f 1145/1145/1145 1140/1140/1140 1144/1144/1144
f 1128/1128/1128 1127/1127/1127 1145/1145/1145
f 1145/1145/1145 1146/1146/1146 1128/1128/1128
f 1147/1147/1147 1143/1143/1143 1057/1057/1057
f 1144/1144/1144 1143/1143/1143 1147/1147/1147
f 1057/1057/1057 1054/1054/1054 1147/1147/1147
f 1146/1146/1146 1145/1145/1145 1148/1148/1148
f 1144/1144/1144 1148/1148/1148 1145/1145/1145
f 1148/1148/1148 1149/1149/1149 1146/1146/1146
f 1147/1147/1147 1150/1150/1150 1144/1144/1144
f 1148/1148/1148 1144/1144/1144 1150/1150/1150
f 1150/1150/1150 1147/1147/1147 1055/1055/1055
f 1149/1149/1149 1148/1148/1148 1151/1151/1151
f 1150/1150/1150 1151/1151/1151 1148/1148/1148
f 1151/1151/1151 1152/1152/1152 1149/1149/1149
f 1152/1152/1152 1151/1151/1151 1007/1007/1007
f 1151/1151/1151 1150/1150/1150 1153/1153/1153
f 496/496/496 498/498/498 1154/1154/1154
f 1154/1154/1154 500/500/500 1155/1155/1155
f 1154/1154/1154 1156/1156/1156 496/496/496
f 495/495/495 496/496/496 1156/1156/1156
f 1156/1156/1156 1154/1154/1154 1157/1157/1157
f 1157/1157/1157 1155/1155/1155 1158/1158/1158
f 1159/1159/1159 1158/1158/1158 1160/1160/1160
f 1157/1157/1157 1161/1161/1161 1156/1156/1156
f 1161/1161/1161 1157/1157/1157 1159/1159/1159
f 1162/1162/1162 1156/1156/1156 1161/1161/1161
f 1156/1156/1156 1162/1162/1162 495/495/495
f 1159/1159/1159 1163/1163/1163 1161/1161/1161
f 1161/1161/1161 1164/1164/1164 1162/1162/1162
f 1164/1164/1164 1161/1161/1161 1163/1163/1163
f 495/495/495 1162/1162/1162 1165/1165/1165
f 1164/1164/1164 1165/1165/1165 1162/1162/1162
f 1165/1165/1165 1166/1166/1166 495/495/495
f 495/495/495 1166/1166/1166 494/494/494
f 1167/1167/1167 494/494/494 1166/1166/1166
f 1168/1168/1168 1165/1165/1165 1164/1164/1164
f 1165/1165/1165 1168/1168/1168 1166/1166/1166
f 1166/1166/1166 1169/1169/1169 1167/1167/1167
f 1169/1169/1169 1166/1166/1166 1168/1168/1168
f 1167/1167/1167 1169/1169/1169 1170/1170/1170
f 1170/1170/1170 1171/1171/1171 1167/1167/1167
f 1172/1172/1172 1171/1171/1171 1170/1170/1170
f 1168/1168/1168 1173/1173/1173 1169/1169/1169
f 1170/1170/1170 1169/1169/1169 1173/1173/1173
f 1170/1170/1170 1174/1174/1174 1172/1172/1172
f 1173/1173/1173 1174/1174/1174 1170/1170/1170
f 1175/1175/1175 1172/1172/1172 1174/1174/1174
f 1173/1173/1173 1168/1168/1168 1176/1176/1176
f 1164/1164/1164 1176/1176/1176 1168/1168/1168
f 1163/1163/1163 1176/1176/1176 1164/1164/1164
f 1174/1174/1174 1173/1173/1173 1177/1177/1177
f 1176/1176/1176 1177/1177/1177 1173/1173/1173
f 1174/1174/1174 1178/1178/1178 1175/1175/1175
f 1177/1177/1177 1178/1178/1178 1174/1174/1174
f 1179/1179/1179 1175/1175/1175 1178/1178/1178
f 1177/1177/1177 1176/1176/1176 1180/1180/1180
f 1178/1178/1178 1181/1181/1181 1179/1179/1179
f 1182/1182/1182 1179/1179/1179 1181/1181/1181
f 1178/1178/1178 1177/1177/1177 1183/1183/1183
f 1183/1183/1183 1181/1181/1181 1178/1178/1178
f 1180/1180/1180 1183/1183/1183 1177/1177/1177
f 1181/1181/1181 1184/1184/1184 1182/1182/1182
f 1185/1185/1185 1182/1182/1182 1184/1184/1184
f 1181/1181/1181 1183/1183/1183 1186/1186/1186
f 1186/1186/1186 1184/1184/1184 1181/1181/1181
f 1186/1186/1186 1183/1183/1183 1180/1180/1180
f 1184/1184/1184 1187/1187/1187 1185/1185/1185
f 1187/1187/1187 1184/1184/1184 1186/1186/1186
f 1188/1188/1188 1185/1185/1185 1187/1187/1187
f 1180/1180/1180 1189/1189/1189 1186/1186/1186
f 1187/1187/1187 1190/1190/1190 1188/1188/1188
f 1186/1186/1186 1191/1191/1191 1187/1187/1187
f 1186/1186/1186 1189/1189/1189 1191/1191/1191
f 1187/1187/1187 1191/1191/1191 1192/1192/1192
f 1193/1193/1193 1194/1194/1194 1192/1192/1192
f 1195/1195/1195 1196/1196/1196 1197/1197/1197
f 1197/1197/1197 1198/1198/1198 1195/1195/1195
f 1195/1195/1195 1198/1198/1198 1199/1199/1199
f 1200/1200/1200 1193/1193/1193 1201/1201/1201
f 1202/1202/1202 1203/1203/1203 1199/1199/1199
f 1202/1202/1202 1200/1200/1200 1204/1204/1204
f 1204/1204/1204 1205/1205/1205 1202/1202/1202
f 1204/1204/1204 1201/1201/1201 1206/1206/1206
f 1207/1207/1207 1160/1160/1160 1208/1208/1208
f 1163/1163/1163 1159/1159/1159 1207/1207/1207
f 1207/1207/1207 1206/1206/1206 1209/1209/1209
f 1209/1209/1209 1192/1192/1192 1191/1191/1191
f 1191/1191/1191 1189/1189/1189 1209/1209/1209
f 1207/1207/1207 1210/1210/1210 1163/1163/1163
f 1209/1209/1209 1210/1210/1210 1207/1207/1207
f 1210/1210/1210 1209/1209/1209 1189/1189/1189
f 1176/1176/1176 1163/1163/1163 1210/1210/1210
f 1189/1189/1189 1180/1180/1180 1210/1210/1210
f 1210/1210/1210 1180/1180/1180 1176/1176/1176
f 1211/1211/1211 1212/1212/1212 1213/1213/1213
f 1214/1214/1214 1212/1212/1212 1211/1211/1211
f 1213/1213/1213 1215/1215/1215 1211/1211/1211
f 1215/1215/1215 1213/1213/1213 1216/1216/1216
f 1211/1211/1211 1217/1217/1217 1214/1214/1214
f 1216/1216/1216 1218/1218/1218 1215/1215/1215
f 1218/1218/1218 1216/1216/1216 1219/1219/1219
f 1211/1211/1211 1215/1215/1215 1220/1220/1220
f 1215/1215/1215 1218/1218/1218 1220/1220/1220
f 1220/1220/1220 1217/1217/1217 1211/1211/1211
f 1219/1219/1219 1221/1221/1221 1218/1218/1218
f 1221/1221/1221 1220/1220/1220 1218/1218/1218
f 1221/1221/1221 1219/1219/1219 1222/1222/1222
f 1214/1214/1214 1217/1217/1217 1223/1223/1223
f 1223/1223/1223 1217/1217/1217 1220/1220/1220
f 1223/1223/1223 1224/1224/1224 1214/1214/1214
f 1222/1222/1222 1225/1225/1225 1221/1221/1221
f 1221/1221/1221 1225/1225/1225 1220/1220/1220
f 1225/1225/1225 1222/1222/1222 1226/1226/1226
f 1227/1227/1227 1223/1223/1223 1220/1220/1220
f 1227/1227/1227 1220/1220/1220 1225/1225/1225
f 1224/1224/1224 1223/1223/1223 1227/1227/1227
f 1226/1226/1226 1227/1227/1227 1225/1225/1225
f 1227/1227/1227 1226/1226/1226 1224/1224/1224
f 1228/1228/1228 1229/1229/1229 1230/1230/1230
f 1231/1231/1231 1229/1229/1229 1228/1228/1228
f 1230/1230/1230 1232/1232/1232 1228/1228/1228
f 1232/1232/1232 1230/1230/1230 1233/1233/1233
f 1228/1228/1228 1234/1234/1234 1231/1231/1231
f 1235/1235/1235 1231/1231/1231 1234/1234/1234
f 1233/1233/1233 1236/1236/1236 1232/1232/1232
f 1236/1236/1236 1233/1233/1233 1237/1237/1237
f 1238/1238/1238 1228/1228/1228 1232/1232/1232
f 1236/1236/1236 1238/1238/1238 1232/1232/1232
f 1234/1234/1234 1228/1228/1228 1238/1238/1238
f 1237/1237/1237 1239/1239/1239 1236/1236/1236
f 1236/1236/1236 1239/1239/1239 1238/1238/1238
f 1239/1239/1239 1237/1237/1237 1240/1240/1240
f 1241/1241/1241 1234/1234/1234 1238/1238/1238
f 1234/1234/1234 1241/1241/1241 1235/1235/1235
f 1240/1240/1240 1242/1242/1242 1239/1239/1239
f 1239/1239/1239 1242/1242/1242 1238/1238/1238
f 1242/1242/1242 1240/1240/1240 1243/1243/1243
f 1238/1238/1238 1244/1244/1244 1241/1241/1241
f 1244/1244/1244 1238/1238/1238 1242/1242/1242
f 1235/1235/1235 1241/1241/1241 1244/1244/1244
f 1243/1243/1243 1244/1244/1244 1242/1242/1242
f 1244/1244/1244 1243/1243/1243 1235/1235/1235
f 63/63/63 66/66/66 1245/1245/1245
f 1246/1246/1246 122/122/122 1247/1247/1247
f 1247/1247/1247 1248/1248/1248 1246/1246/1246
f 278/278/278 276/276/276 297/297/297
f 297/297/297 1249/1249/1249 278/278/278
f 14/14/14 1250/1250/1250 19/19/19
f 1251/1251/1251 1252/1252/1252 1253/1253/1253
f 1245/1245/1245 1251/1251/1251 1253/1253/1253
f 1245/1245/1245 1253/1253/1253 1254/1254/1254
f 1245/1245/1245 1254/1254/1254 63/63/63
f 63/63/63 1254/1254/1254 61/61/61
f 63/63/63 62/62/62 65/65/65
f 66/66/66 65/65/65 68/68/68
f 76/76/76 71/71/71 75/75/75
f 69/69/69 68/68/68 77/77/77
f 76/76/76 1246/1246/1246 77/77/77
f 81/81/81 1255/1255/1255 80/80/80
f 81/81/81 1256/1256/1256 1255/1255/1255
f 1246/1246/1246 76/76/76 1257/1257/1257
f 1257/1257/1257 76/76/76 82/82/82
f 82/82/82 75/75/75 84/84/84
f 1257/1257/1257 82/82/82 111/111/111
f 92/92/92 90/90/90 87/87/87
f 97/97/97 89/89/89 88/88/88
f 91/91/91 418/418/418 93/93/93
f 94/94/94 92/92/92 93/93/93
f 94/94/94 95/95/95 90/90/90
f 98/98/98 99/99/99 95/95/95
f 97/97/97 96/96/96 102/102/102
f 104/104/104 102/102/102 105/105/105
f 116/116/116 97/97/97 104/104/104
f 116/116/116 113/113/113 1258/1258/1258
f 107/107/107 105/105/105 108/108/108
f 119/119/119 1257/1257/1257 110/110/110
f 110/110/110 117/117/117 119/119/119
f 119/119/119 121/121/121 1257/1257/1257
f 1257/1257/1257 121/121/121 1246/1246/1246
f 1246/1246/1246 121/121/121 131/131/131
f 131/131/131 122/122/122 1246/1246/1246
f 119/119/119 118/118/118 120/120/120
f 124/124/124 1247/1247/1247 122/122/122
f 121/121/121 157/157/157 154/154/154
f 116/116/116 194/194/194 115/115/115
f 197/197/197 194/194/194 116/116/116
f 104/104/104 197/197/197 116/116/116
f 197/197/197 104/104/104 107/107/107
f 107/107/107 204/204/204 197/197/197
f 197/197/197 204/204/204 196/196/196
f 204/204/204 222/222/222 203/203/203
f 223/223/223 222/222/222 204/204/204
f 204/204/204 107/107/107 223/223/223
f 108/108/108 223/223/223 107/107/107
f 223/223/223 224/224/224 221/221/221
f 224/224/224 223/223/223 108/108/108
f 224/224/224 225/225/225 161/161/161
f 108/108/108 227/227/227 224/224/224
f 108/108/108 106/106/106 226/226/226
f 232/232/232 228/228/228 226/226/226
f 241/241/241 244/244/244 240/240/240
f 279/279/279 277/277/277 276/276/276
f 281/281/281 276/276/276 275/275/275
f 297/297/297 276/276/276 281/281/281
f 284/284/284 283/283/283 1259/1259/1259
f 287/287/287 281/281/281 280/280/280
f 281/281/281 287/287/287 297/297/297
f 293/293/293 287/287/287 291/291/291
f 287/287/287 293/293/293 1260/1260/1260
f 1260/1260/1260 297/297/297 287/287/287
f 309/309/309 1260/1260/1260 293/293/293
f 293/293/293 295/295/295 309/309/309
f 298/298/298 297/297/297 1260/1260/1260
f 309/309/309 295/295/295 310/310/310
f 284/284/284 296/296/296 282/282/282
f 302/302/302 300/300/300 296/296/296
f 298/298/298 301/301/301 296/296/296
f 1260/1260/1260 307/307/307 298/298/298
f 1260/1260/1260 309/309/309 312/312/312
f 307/307/307 312/312/312 314/314/314
f 320/320/320 302/302/302 304/304/304
f 320/320/320 319/319/319 302/302/302
f 302/302/302 319/319/319 1261/1261/1261
f 1261/1261/1261 1262/1262/1262 302/302/302
f 1261/1261/1261 1263/1263/1263 1262/1262/1262
f 335/335/335 393/393/393 1264/1264/1264
f 335/335/335 331/331/331 330/330/330
f 381/381/381 334/334/334 362/362/362
f 381/381/381 335/335/335 334/334/334
f 335/335/335 381/381/381 390/390/390
f 390/390/390 393/393/393 335/335/335
f 380/380/380 362/362/362 378/378/378
f 383/383/383 382/382/382 244/244/244
f 380/380/380 382/382/382 383/383/383
f 381/381/381 380/380/380 1265/1265/1265
f 383/383/383 1265/1265/1265 380/380/380
f 1265/1265/1265 390/390/390 381/381/381
f 387/387/387 383/383/383 241/241/241
f 1265/1265/1265 383/383/383 387/387/387
f 241/241/241 385/385/385 387/387/387
f 390/390/390 1265/1265/1265 386/386/386
f 387/387/387 386/386/386 1265/1265/1265
f 387/387/387 385/385/385 384/384/384
f 393/393/393 390/390/390 389/389/389
f 391/391/391 399/399/399 384/384/384
f 391/391/391 401/401/401 439/439/439
f 401/401/401 391/391/391 233/233/233
f 404/404/404 402/402/402 233/233/233
f 232/232/232 231/231/231 406/406/406
f 429/429/429 410/410/410 1266/1266/1266
f 429/429/429 1267/1267/1267 1268/1268/1268
f 98/98/98 416/416/416 1269/1269/1269
f 94/94/94 413/413/413 416/416/416
f 418/418/418 422/422/422 417/417/417
f 424/424/424 421/421/421 423/423/423
f 424/424/424 425/425/425 1270/1270/1270
f 1270/1270/1270 1271/1271/1271 424/424/424
f 1271/1271/1271 1270/1270/1270 1272/1272/1272
f 424/424/424 426/426/426 419/419/419
f 426/426/426 424/424/424 1271/1271/1271
f 427/427/427 420/420/420 419/419/419
f 1272/1272/1272 1273/1273/1273 1271/1271/1271
f 1271/1271/1271 1274/1274/1274 426/426/426
f 1274/1274/1274 1271/1271/1271 1273/1273/1273
f 1199/1199/1199 1275/1275/1275 1276/1276/1276
f 1277/1277/1277 426/426/426 1274/1274/1274
f 1277/1277/1277 1274/1274/1274 1278/1278/1278
f 1279/1279/1279 427/427/427 426/426/426
f 426/426/426 1277/1277/1277 1279/1279/1279
f 1280/1280/1280 427/427/427 1279/1279/1279
f 1280/1280/1280 430/430/430 420/420/420
f 431/431/431 428/428/428 1280/1280/1280
f 1279/1279/1279 1281/1281/1281 1280/1280/1280
f 1280/1280/1280 1281/1281/1281 431/431/431
f 1279/1279/1279 1282/1282/1282 1283/1283/1283
f 1284/1284/1284 431/431/431 1281/1281/1281
f 1281/1281/1281 1283/1283/1283 1284/1284/1284
f 431/431/431 1285/1285/1285 412/412/412
f 431/431/431 1284/1284/1284 1286/1286/1286
f 1286/1286/1286 1285/1285/1285 431/431/431
f 432/432/432 412/412/412 1285/1285/1285
f 1285/1285/1285 1287/1287/1287 432/432/432
f 432/432/432 433/433/433 407/407/407
f 433/433/433 432/432/432 1287/1287/1287
f 1288/1288/1288 1287/1287/1287 1285/1285/1285
f 1285/1285/1285 1286/1286/1286 1288/1288/1288
f 1287/1287/1287 1289/1289/1289 433/433/433
f 1289/1289/1289 1287/1287/1287 1288/1288/1288
f 433/433/433 1289/1289/1289 1290/1290/1290
f 1290/1290/1290 434/434/434 433/433/433
f 434/434/434 435/435/435 407/407/407
f 434/434/434 1290/1290/1290 443/443/443
f 443/443/443 436/436/436 434/434/434
f 444/444/444 440/440/440 436/436/436
f 441/441/441 1291/1291/1291 1292/1292/1292
f 441/441/441 466/466/466 1293/1293/1293
f 449/449/449 398/398/398 1294/1294/1294
f 454/454/454 1295/1295/1295 446/446/446
f 449/449/449 1295/1295/1295 454/454/454
f 449/449/449 451/451/451 448/448/448
f 454/454/454 451/451/451 449/449/449
f 451/451/451 452/452/452 450/450/450
f 452/452/452 451/451/451 454/454/454
f 452/452/452 456/456/456 326/326/326
f 454/454/454 453/453/453 452/452/452
f 456/456/456 452/452/452 453/453/453
f 455/455/455 453/453/453 457/457/457
f 462/462/462 460/460/460 459/459/459
f 462/462/462 1296/1296/1296 461/461/461
f 1297/1297/1297 1296/1296/1296 462/462/462
f 463/463/463 447/447/447 466/466/466
f 462/462/462 1298/1298/1298 1297/1297/1297
f 1299/1299/1299 1297/1297/1297 1298/1298/1298
f 1298/1298/1298 462/462/462 464/464/464
f 463/463/463 464/464/464 459/459/459
f 1298/1298/1298 1300/1300/1300 1299/1299/1299
f 464/464/464 1301/1301/1301 1298/1298/1298
f 1301/1301/1301 1302/1302/1302 1300/1300/1300
f 531/531/531 1300/1300/1300 1302/1302/1302
f 1301/1301/1301 464/464/464 1303/1303/1303
f 1304/1304/1304 1303/1303/1303 464/464/464
f 464/464/464 463/463/463 1304/1304/1304
f 1303/1303/1303 1305/1305/1305 1302/1302/1302
f 1303/1303/1303 1304/1304/1304 1306/1306/1306
f 1307/1307/1307 1304/1304/1304 463/463/463
f 463/463/463 465/465/465 1307/1307/1307
f 465/465/465 440/440/440 444/444/444
f 444/444/444 1307/1307/1307 465/465/465
f 1304/1304/1304 1307/1307/1307 1308/1308/1308
f 1307/1307/1307 444/444/444 1309/1309/1309
f 1309/1309/1309 1308/1308/1308 1307/1307/1307
f 1310/1310/1310 1309/1309/1309 444/444/444
f 444/444/444 443/443/443 1310/1310/1310
f 1311/1311/1311 1310/1310/1310 443/443/443
f 443/443/443 1290/1290/1290 1311/1311/1311
f 1311/1311/1311 1290/1290/1290 1289/1289/1289
f 1309/1309/1309 1310/1310/1310 473/473/473
f 473/473/473 476/476/476 1309/1309/1309
f 1289/1289/1289 1312/1312/1312 1311/1311/1311
f 1288/1288/1288 1312/1312/1312 1289/1289/1289
f 1310/1310/1310 1311/1311/1311 471/471/471
f 471/471/471 473/473/473 1310/1310/1310
f 1311/1311/1311 1312/1312/1312 468/468/468
f 468/468/468 1312/1312/1312 1288/1288/1288
f 468/468/468 471/471/471 1311/1311/1311
f 1288/1288/1288 469/469/469 468/468/468
f 469/469/469 1288/1288/1288 1286/1286/1286
f 471/471/471 468/468/468 467/467/467
f 473/473/473 471/471/471 470/470/470
f 476/476/476 473/473/473 472/472/472
f 476/476/476 479/479/479 1308/1308/1308
f 469/469/469 498/498/498 467/467/467
f 1286/1286/1286 500/500/500 469/469/469
f 500/500/500 1286/1286/1286 1284/1284/1284
f 521/521/521 518/518/518 1313/1313/1313
f 521/521/521 523/523/523 520/520/520
f 524/524/524 522/522/522 523/523/523
f 1314/1314/1314 1313/1313/1313 1315/1315/1315
f 521/521/521 1314/1314/1314 1316/1316/1316
f 1316/1316/1316 523/523/523 521/521/521
f 1316/1316/1316 1314/1314/1314 528/528/528
f 528/528/528 1315/1315/1315 1317/1317/1317
f 523/523/523 1316/1316/1316 525/525/525
f 528/528/528 527/527/527 1316/1316/1316
f 523/523/523 526/526/526 524/524/524
f 526/526/526 525/525/525 533/533/533
f 531/531/531 529/529/529 1317/1317/1317
f 531/531/531 1318/1318/1318 532/532/532
f 524/524/524 526/526/526 534/534/534
f 535/535/535 1305/1305/1305 536/536/536
f 545/545/545 1319/1319/1319 543/543/543
f 583/583/583 582/582/582 584/584/584
f 1320/1320/1320 583/583/583 585/585/585
f 1320/1320/1320 585/585/585 589/589/589
f 589/589/589 588/588/588 1320/1320/1320
f 589/589/589 592/592/592 587/587/587
f 585/585/585 590/590/590 602/602/602
f 634/634/634 630/630/630 631/631/631
f 634/634/634 633/633/633 1321/1321/1321
f 635/635/635 630/630/630 634/634/634
f 636/636/636 615/615/615 632/632/632
f 589/589/589 585/585/585 636/636/636
f 635/635/635 638/638/638 632/632/632
f 638/638/638 636/636/636 632/632/632
f 636/636/636 638/638/638 637/637/637
f 636/636/636 639/639/639 589/589/589
f 589/589/589 639/639/639 640/640/640
f 635/635/635 642/642/642 637/637/637
f 650/650/650 649/649/649 648/648/648
f 654/654/654 653/653/653 649/649/649
f 654/654/654 667/667/667 655/655/655
f 654/654/654 680/680/680 671/671/671
f 650/650/650 683/683/683 680/680/680
f 650/650/650 644/644/644 684/684/684
f 683/683/683 684/684/684 685/685/685
f 690/690/690 688/688/688 687/687/687
f 1322/1322/1322 690/690/690 689/689/689
f 691/691/691 689/689/689 642/642/642
f 689/689/689 691/691/691 1322/1322/1322
f 634/634/634 691/691/691 635/635/635
f 1322/1322/1322 691/691/691 634/634/634
f 634/634/634 1323/1323/1323 1322/1322/1322
f 1324/1324/1324 694/694/694 1325/1325/1325
f 719/719/719 716/716/716 715/715/715
f 732/732/732 728/728/728 729/729/729
f 731/731/731 729/729/729 730/730/730
f 734/734/734 725/725/725 714/714/714
f 735/735/735 730/730/730 734/734/734
f 731/731/731 736/736/736 733/733/733
f 735/735/735 741/741/741 736/736/736
f 734/734/734 746/746/746 735/735/735
f 746/746/746 747/747/747 741/741/741
f 750/750/750 746/746/746 734/734/734
f 734/734/734 738/738/738 750/750/750
f 746/746/746 750/750/750 748/748/748
f 1326/1326/1326 750/750/750 738/738/738
f 738/738/738 713/713/713 1326/1326/1326
f 750/750/750 1326/1326/1326 749/749/749
f 751/751/751 1326/1326/1326 713/713/713
f 751/751/751 707/707/707 706/706/706
f 754/754/754 749/749/749 1326/1326/1326
f 1326/1326/1326 751/751/751 754/754/754
f 752/752/752 706/706/706 705/705/705
f 751/751/751 752/752/752 753/753/753
f 752/752/752 755/755/755 759/759/759
f 754/754/754 753/753/753 761/761/761
f 779/779/779 776/776/776 778/778/778
f 779/779/779 777/777/777 773/773/773
f 781/781/781 780/780/780 763/763/763
f 783/783/783 778/778/778 781/781/781
f 1327/1327/1327 781/781/781 782/782/782
f 781/781/781 1327/1327/1327 783/783/783
f 782/782/782 1328/1328/1328 1327/1327/1327
f 1327/1327/1327 1328/1328/1328 1329/1329/1329
f 792/792/792 779/779/779 783/783/783
f 777/777/777 779/779/779 792/792/792
f 789/789/789 783/783/783 1327/1327/1327
f 783/783/783 789/789/789 792/792/792
f 1329/1329/1329 786/786/786 1327/1327/1327
f 1327/1327/1327 786/786/786 789/789/789
f 786/786/786 1329/1329/1329 784/784/784
f 786/786/786 785/785/785 788/788/788
f 790/790/790 788/788/788 785/785/785
f 787/787/787 793/793/793 790/790/790
f 789/789/789 788/788/788 791/791/791
f 790/790/790 793/793/793 795/795/795
f 792/792/792 791/791/791 817/817/817
f 818/818/818 815/815/815 813/813/813
f 792/792/792 819/819/819 777/777/777
f 821/821/821 819/819/819 817/817/817
f 777/777/777 822/822/822 774/774/774
f 823/823/823 822/822/822 821/821/821
f 828/828/828 821/821/821 820/820/820
f 821/821/821 828/828/828 823/823/823
f 823/823/823 826/826/826 824/824/824
f 826/826/826 823/823/823 828/828/828
f 1330/1330/1330 825/825/825 826/826/826
f 826/826/826 1331/1331/1331 1330/1330/1330
f 828/828/828 1331/1331/1331 826/826/826
f 1332/1332/1332 1330/1330/1330 1331/1331/1331
f 1331/1331/1331 828/828/828 827/827/827
f 827/827/827 820/820/820 818/818/818
f 1331/1331/1331 829/829/829 1332/1332/1332
f 827/827/827 829/829/829 1331/1331/1331
f 832/832/832 1332/1332/1332 829/829/829
f 818/818/818 830/830/830 827/827/827
f 830/830/830 818/818/818 816/816/816
f 830/830/830 831/831/831 829/829/829
f 847/847/847 1333/1333/1333 845/845/845
f 849/849/849 846/846/846 1334/1334/1334
f 1335/1335/1335 847/847/847 846/846/846
f 849/849/849 851/851/851 848/848/848
f 846/846/846 856/856/856 1335/1335/1335
f 846/846/846 848/848/848 862/862/862
f 862/862/862 856/856/856 846/846/846
f 862/862/862 848/848/848 853/853/853
f 1335/1335/1335 856/856/856 855/855/855
f 855/855/855 859/859/859 1335/1335/1335
f 856/856/856 862/862/862 854/854/854
f 859/859/859 855/855/855 857/857/857
f 862/862/862 864/864/864 861/861/861
f 867/867/867 868/868/868 861/861/861
f 864/864/864 853/853/853 923/923/923
f 873/873/873 872/872/872 870/870/870
f 872/872/872 874/874/874 863/863/863
f 893/893/893 892/892/892 887/887/887
f 873/873/873 893/893/893 876/876/876
f 893/893/893 873/873/873 909/909/909
f 873/873/873 869/869/869 911/911/911
f 914/914/914 912/912/912 871/871/871
f 914/914/914 1336/1336/1336 913/913/913
f 1337/1337/1337 1336/1336/1336 914/914/914
f 915/915/915 914/914/914 868/868/868
f 914/914/914 915/915/915 1337/1337/1337
f 918/918/918 1337/1337/1337 915/915/915
f 918/918/918 915/915/915 916/916/916
f 867/867/867 923/923/923 919/919/919
f 960/960/960 1338/1338/1338 961/961/961
f 961/961/961 1339/1339/1339 1340/1340/1340
f 961/961/961 1340/1340/1340 1341/1341/1341
f 961/961/961 1341/1341/1341 964/964/964
f 961/961/961 964/964/964 962/962/962
f 1342/1342/1342 968/968/968 970/970/970
f 1343/1343/1343 973/973/973 972/972/972
f 973/973/973 1343/1343/1343 1344/1344/1344
f 1345/1345/1345 974/974/974 973/973/973
f 1344/1344/1344 976/976/976 973/973/973
f 973/973/973 976/976/976 1345/1345/1345
f 977/977/977 976/976/976 1344/1344/1344
f 979/979/979 1345/1345/1345 976/976/976
f 976/976/976 975/975/975 979/979/979
f 977/977/977 981/981/981 975/975/975
f 1007/1007/1007 1005/1005/1005 1152/1152/1152
f 1041/1041/1041 1035/1035/1035 1032/1032/1032
f 1044/1044/1044 1041/1041/1041 1031/1031/1031
f 1044/1044/1044 1034/1034/1034 1038/1038/1038
f 1041/1041/1041 1045/1045/1045 1039/1039/1039
f 1041/1041/1041 1044/1044/1044 1047/1047/1047
f 1047/1047/1047 1045/1045/1045 1041/1041/1041
f 1047/1047/1047 1044/1044/1044 1048/1048/1048
f 1047/1047/1047 1050/1050/1050 1046/1046/1046
f 1048/1048/1048 1038/1038/1038 1049/1049/1049
f 1012/1012/1012 1049/1049/1049 1013/1013/1013
f 1048/1048/1048 1051/1051/1051 1047/1047/1047
f 1049/1049/1049 1052/1052/1052 1048/1048/1048
f 1052/1052/1052 1049/1049/1049 1012/1012/1012
f 1052/1052/1052 1054/1054/1054 1051/1051/1051
f 1012/1012/1012 1055/1055/1055 1052/1052/1052
f 1063/1063/1063 1065/1065/1065 1043/1043/1043
f 1066/1066/1066 1346/1346/1346 1065/1065/1065
f 1063/1063/1063 1062/1062/1062 1347/1347/1347
f 1347/1347/1347 1066/1066/1066 1063/1063/1063
f 1064/1064/1064 1347/1347/1347 1062/1062/1062
f 1069/1069/1069 1346/1346/1346 1066/1066/1066
f 1064/1064/1064 1061/1061/1061 1067/1067/1067
f 1066/1066/1066 1070/1070/1070 1069/1069/1069
f 1066/1066/1066 1347/1347/1347 1074/1074/1074
f 1074/1074/1074 1070/1070/1070 1066/1066/1066
f 1070/1070/1070 1071/1071/1071 1068/1068/1068
f 1070/1070/1070 1074/1074/1074 1073/1073/1073
f 1075/1075/1075 1074/1074/1074 1347/1347/1347
f 1347/1347/1347 1064/1064/1064 1075/1075/1075
f 1076/1076/1076 1072/1072/1072 1071/1071/1071
f 1072/1072/1072 1076/1076/1076 1078/1078/1078
f 1076/1076/1076 1073/1073/1073 1083/1083/1083
f 1076/1076/1076 1083/1083/1083 1077/1077/1077
f 1113/1113/1113 1108/1108/1108 1107/1107/1107
f 1348/1348/1348 1108/1108/1108 1113/1113/1113
f 1075/1075/1075 1118/1118/1118 1073/1073/1073
f 1113/1113/1113 1112/1112/1112 1121/1121/1121
f 1115/1115/1115 1122/1122/1122 1121/1121/1121
f 1348/1348/1348 1113/1113/1113 1123/1123/1123
f 1123/1123/1123 1124/1124/1124 1348/1348/1348
f 1125/1125/1125 1123/1123/1123 1121/1121/1121
f 1125/1125/1125 1349/1349/1349 1124/1124/1124
f 1122/1122/1122 1126/1126/1126 1121/1121/1121
f 1350/1350/1350 1126/1126/1126 1122/1122/1122
f 1122/1122/1122 1120/1120/1120 1350/1350/1350
f 1125/1125/1125 1126/1126/1126 1138/1138/1138
f 1138/1138/1138 1126/1126/1126 1350/1350/1350
f 1349/1349/1349 1125/1125/1125 1139/1139/1139
f 1138/1138/1138 1139/1139/1139 1125/1125/1125
f 1139/1139/1139 1129/1129/1129 1349/1349/1349
f 1131/1131/1131 1350/1350/1350 1120/1120/1120
f 1131/1131/1131 1120/1120/1120 1119/1119/1119
f 1129/1129/1129 1139/1139/1139 1127/1127/1127
f 1075/1075/1075 1130/1130/1130 1119/1119/1119
f 1136/1136/1136 1350/1350/1350 1131/1131/1131
f 1350/1350/1350 1136/1136/1136 1138/1138/1138
f 1131/1131/1131 1132/1132/1132 1136/1136/1136
f 1133/1133/1133 1130/1130/1130 1075/1075/1075
f 1075/1075/1075 1064/1064/1064 1133/1133/1133
f 1133/1133/1133 1067/1067/1067 1134/1134/1134
f 1136/1136/1136 1135/1135/1135 1137/1137/1137
f 1139/1139/1139 1138/1138/1138 1137/1137/1137
f 1055/1055/1055 1147/1147/1147 1054/1054/1054
f 1055/1055/1055 1153/1153/1153 1150/1150/1150
f 1153/1153/1153 1007/1007/1007 1151/1151/1151
f 1153/1153/1153 1055/1055/1055 1012/1012/1012
f 1007/1007/1007 1153/1153/1153 1008/1008/1008
f 1012/1012/1012 1008/1008/1008 1153/1153/1153
f 500/500/500 1154/1154/1154 498/498/498
f 1284/1284/1284 1155/1155/1155 500/500/500
f 1155/1155/1155 1284/1284/1284 1283/1283/1283
f 1155/1155/1155 1157/1157/1157 1154/1154/1154
f 1190/1190/1190 1351/1351/1351 1352/1352/1352
f 1192/1192/1192 1190/1190/1190 1187/1187/1187
f 1194/1194/1194 1351/1351/1351 1190/1190/1190
f 1190/1190/1190 1192/1192/1192 1194/1194/1194
f 1351/1351/1351 1196/1196/1196 1353/1353/1353
f 1196/1196/1196 1351/1351/1351 1194/1194/1194
f 1194/1194/1194 1197/1197/1197 1196/1196/1196
f 1196/1196/1196 1195/1195/1195 1276/1276/1276
f 1199/1199/1199 1198/1198/1198 1202/1202/1202
f 1192/1192/1192 1201/1201/1201 1193/1193/1193
f 1199/1199/1199 1203/1203/1203 1278/1278/1278
f 1201/1201/1201 1204/1204/1204 1200/1200/1200
f 1277/1277/1277 1354/1354/1354 1282/1282/1282
f 1205/1205/1205 1204/1204/1204 1208/1208/1208
f 1206/1206/1206 1208/1208/1208 1204/1204/1204
f 1206/1206/1206 1201/1201/1201 1192/1192/1192
f 1192/1192/1192 1209/1209/1209 1206/1206/1206
f 84/84/84 75/75/75 72/72/72
f 84/84/84 111/111/111 82/82/82
f 84/84/84 1355/1355/1355 1356/1356/1356
f 1356/1356/1356 111/111/111 84/84/84
f 1258/1258/1258 1356/1356/1356 1355/1355/1355
f 1258/1258/1258 1357/1357/1357 89/89/89
f 86/86/86 85/85/85 1358/1358/1358
f 89/89/89 1358/1358/1358 85/85/85
f 89/89/89 97/97/97 1258/1258/1258
f 101/101/101 100/100/100 99/99/99
f 100/100/100 102/102/102 96/96/96
f 1269/1269/1269 101/101/101 98/98/98
f 100/100/100 101/101/101 1359/1359/1359
f 1359/1359/1359 101/101/101 1269/1269/1269
f 1359/1359/1359 103/103/103 100/100/100
f 103/103/103 105/105/105 102/102/102
f 103/103/103 1359/1359/1359 230/230/230
f 1258/1258/1258 97/97/97 116/116/116
f 230/230/230 106/106/106 103/103/103
f 1356/1356/1356 1258/1258/1258 113/113/113
f 113/113/113 109/109/109 1356/1356/1356
f 111/111/111 1356/1356/1356 109/109/109
f 111/111/111 110/110/110 1257/1257/1257
f 113/113/113 115/115/115 112/112/112
f 231/231/231 226/226/226 106/106/106
f 231/231/231 230/230/230 1360/1360/1360
f 1360/1360/1360 230/230/230 1359/1359/1359
f 312/312/312 307/307/307 1260/1260/1260
f 314/314/314 305/305/305 307/307/307
f 312/312/312 309/309/309 308/308/308
f 314/314/314 312/312/312 311/311/311
f 311/311/311 1361/1361/1361 314/314/314
f 314/314/314 321/321/321 313/313/313
f 1264/1264/1264 1362/1362/1362 1361/1361/1361
f 328/328/328 1362/1362/1362 1264/1264/1264
f 328/328/328 394/394/394 323/323/323
f 331/331/331 1264/1264/1264 311/311/311
f 311/311/311 308/308/308 331/331/331
f 1264/1264/1264 393/393/393 328/328/328
f 331/331/331 308/308/308 329/329/329
f 1264/1264/1264 331/331/331 335/335/335
f 328/328/328 393/393/393 392/392/392
f 395/395/395 396/396/396 389/389/389
f 396/396/396 397/397/397 392/392/392
f 395/395/395 388/388/388 1363/1363/1363
f 396/396/396 395/395/395 1364/1364/1364
f 1363/1363/1363 1364/1364/1364 395/395/395
f 1364/1364/1364 398/398/398 396/396/396
f 399/399/399 1363/1363/1363 388/388/388
f 1365/1365/1365 1363/1363/1363 399/399/399
f 1364/1364/1364 1363/1363/1363 1365/1365/1365
f 439/439/439 399/399/399 391/391/391
f 399/399/399 439/439/439 1365/1365/1365
f 439/439/439 401/401/401 400/400/400
f 406/406/406 404/404/404 232/232/232
f 1360/1360/1360 406/406/406 231/231/231
f 406/406/406 408/408/408 405/405/405
f 408/408/408 406/406/406 410/410/410
f 410/410/410 406/406/406 1360/1360/1360
f 410/410/410 429/429/429 409/409/409
f 1360/1360/1360 1266/1266/1266 410/410/410
f 1266/1266/1266 1267/1267/1267 429/429/429
f 1366/1366/1366 1266/1266/1266 1360/1360/1360
f 1360/1360/1360 1367/1367/1367 1366/1366/1366
f 1368/1368/1368 1367/1367/1367 1360/1360/1360
f 1268/1268/1268 430/430/430 429/429/429
f 1360/1360/1360 1369/1369/1369 1368/1368/1368
f 1359/1359/1359 1369/1369/1369 1360/1360/1360
f 1359/1359/1359 1269/1269/1269 1369/1369/1369
f 1368/1368/1368 1369/1369/1369 1370/1370/1370
f 1269/1269/1269 1370/1370/1370 1369/1369/1369
f 1370/1370/1370 1371/1371/1371 1368/1368/1368
f 1370/1370/1370 1372/1372/1372 1371/1371/1371
f 1373/1373/1373 1372/1372/1372 1370/1370/1370
f 1370/1370/1370 1269/1269/1269 1373/1373/1373
f 1373/1373/1373 1374/1374/1374 1372/1372/1372
f 1268/1268/1268 1374/1374/1374 420/420/420
f 1373/1373/1373 1269/1269/1269 416/416/416
f 416/416/416 98/98/98 94/94/94
f 416/416/416 415/415/415 1373/1373/1373
f 1373/1373/1373 415/415/415 420/420/420
f 416/416/416 413/413/413 414/414/414
f 1273/1273/1273 1272/1272/1272 1275/1275/1275
f 1273/1273/1273 1278/1278/1278 1274/1274/1274
f 1278/1278/1278 1273/1273/1273 1199/1199/1199
f 1282/1282/1282 1279/1279/1279 1277/1277/1277
f 430/430/430 1280/1280/1280 428/428/428
f 1283/1283/1283 1281/1281/1281 1279/1279/1279
f 442/442/442 439/439/439 438/438/438
f 442/442/442 438/438/438 437/437/437
f 1365/1365/1365 439/439/439 442/442/442
f 442/442/442 1292/1292/1292 1365/1365/1365
f 1292/1292/1292 442/442/442 441/441/441
f 1292/1292/1292 1291/1291/1291 1375/1375/1375
f 1365/1365/1365 1292/1292/1292 1375/1375/1375
f 1293/1293/1293 1291/1291/1291 441/441/441
f 1375/1375/1375 1376/1376/1376 1365/1365/1365
f 1365/1365/1365 1376/1376/1376 1377/1377/1377
f 466/466/466 441/441/441 440/440/440
f 1377/1377/1377 1378/1378/1378 1365/1365/1365
f 1365/1365/1365 1378/1378/1378 1364/1364/1364
f 1379/1379/1379 1378/1378/1378 1377/1377/1377
f 1377/1377/1377 1380/1380/1380 1379/1379/1379
f 1381/1381/1381 1379/1379/1379 1380/1380/1380
f 1294/1294/1294 1364/1364/1364 1378/1378/1378
f 1294/1294/1294 1378/1378/1378 1379/1379/1379
f 1294/1294/1294 398/398/398 1364/1364/1364
f 1379/1379/1379 1381/1381/1381 1382/1382/1382
f 1382/1382/1382 1294/1294/1294 1379/1379/1379
f 1381/1381/1381 1383/1383/1383 1382/1382/1382
f 398/398/398 449/449/449 397/397/397
f 1295/1295/1295 1294/1294/1294 1382/1382/1382
f 1294/1294/1294 1295/1295/1295 449/449/449
f 1382/1382/1382 1383/1383/1383 447/447/447
f 1293/1293/1293 466/466/466 447/447/447
f 1382/1382/1382 446/446/446 1295/1295/1295
f 446/446/446 445/445/445 454/454/454
f 1300/1300/1300 1298/1298/1298 1301/1301/1301
f 1300/1300/1300 531/531/531 1384/1384/1384
f 1317/1317/1317 1384/1384/1384 531/531/531
f 1302/1302/1302 1301/1301/1301 1303/1303/1303
f 1306/1306/1306 1305/1305/1305 1303/1303/1303
f 1318/1318/1318 1302/1302/1302 1305/1305/1305
f 1302/1302/1302 1318/1318/1318 531/531/531
f 466/466/466 465/465/465 463/463/463
f 1308/1308/1308 1306/1306/1306 1304/1304/1304
f 1308/1308/1308 1309/1309/1309 476/476/476
f 479/479/479 476/476/476 475/475/475
f 1306/1306/1306 1308/1308/1308 479/479/479
f 479/479/479 482/482/482 1306/1306/1306
f 1305/1305/1305 1306/1306/1306 482/482/482
f 482/482/482 479/479/479 478/478/478
f 1313/1313/1313 1314/1314/1314 521/521/521
f 1315/1315/1315 528/528/528 1314/1314/1314
f 1317/1317/1317 529/529/529 528/528/528
f 1318/1318/1318 535/535/535 532/532/532
f 1305/1305/1305 535/535/535 1318/1318/1318
f 536/536/536 534/534/534 535/535/535
f 482/482/482 536/536/536 1305/1305/1305
f 536/536/536 482/482/482 481/481/481
f 1325/1325/1325 1385/1385/1385 1324/1324/1324
f 1386/1386/1386 1325/1325/1325 694/694/694
f 694/694/694 1324/1324/1324 692/692/692
f 694/694/694 697/697/697 1386/1386/1386
f 1386/1386/1386 697/697/697 696/696/696
f 694/694/694 693/693/693 698/698/698
f 697/697/697 698/698/698 695/695/695
f 709/709/709 696/696/696 695/695/695
f 703/703/703 756/756/756 705/705/705
f 709/709/709 708/708/708 711/711/711
f 721/721/721 712/712/712 711/711/711
f 717/717/717 712/712/712 721/721/721
f 717/717/717 716/716/716 1387/1387/1387
f 1388/1388/1388 716/716/716 719/719/719
f 717/717/717 721/721/721 715/715/715
f 721/721/721 720/720/720 715/715/715
f 923/923/923 867/867/867 864/864/864
f 919/919/919 915/915/915 867/867/867
f 919/919/919 921/921/921 916/916/916
f 919/919/919 922/922/922 920/920/920
f 923/923/923 925/925/925 922/922/922
f 995/995/995 1389/1389/1389 993/993/993
f 999/999/999 995/995/995 994/994/994
f 999/999/999 998/998/998 1011/1011/1011
f 998/998/998 1006/1006/1006 1010/1010/1010
f 1015/1015/1015 1011/1011/1011 1010/1010/1010
f 1018/1018/1018 1015/1015/1015 1014/1014/1014
f 1015/1015/1015 1018/1018/1018 1390/1390/1390
f 1022/1022/1022 1390/1390/1390 1018/1018/1018
f 1018/1018/1018 1019/1019/1019 1022/1022/1022
f 1022/1022/1022 1019/1019/1019 1020/1020/1020
f 1021/1021/1021 1020/1020/1020 1025/1025/1025
f 1030/1030/1030 1029/1029/1029 1032/1032/1032
f 1283/1283/1283 1158/1158/1158 1155/1155/1155
f 1160/1160/1160 1158/1158/1158 1283/1283/1283
f 1283/1283/1283 1282/1282/1282 1160/1160/1160
f 1158/1158/1158 1159/1159/1159 1157/1157/1157
f 1352/1352/1352 1188/1188/1188 1190/1190/1190
f 1353/1353/1353 1352/1352/1352 1351/1351/1351
f 1276/1276/1276 1353/1353/1353 1196/1196/1196
f 1276/1276/1276 1195/1195/1195 1199/1199/1199
f 1203/1203/1203 1202/1202/1202 1205/1205/1205
f 1354/1354/1354 1278/1278/1278 1203/1203/1203
f 1203/1203/1203 1205/1205/1205 1354/1354/1354
f 1278/1278/1278 1354/1354/1354 1277/1277/1277
f 1160/1160/1160 1282/1282/1282 1354/1354/1354
f 1208/1208/1208 1354/1354/1354 1205/1205/1205
f 1354/1354/1354 1208/1208/1208 1160/1160/1160
f 1208/1208/1208 1206/1206/1206 1207/1207/1207
f 1160/1160/1160 1207/1207/1207 1159/1159/1159
f 74/74/74 83/83/83 72/72/72
f 83/83/83 74/74/74 1391/1391/1391
f 1391/1391/1391 1392/1392/1392 83/83/83
f 1392/1392/1392 1391/1391/1391 1393/1393/1393
f 1355/1355/1355 84/84/84 83/83/83
f 1355/1355/1355 83/83/83 1392/1392/1392
f 1393/1393/1393 1358/1358/1358 1392/1392/1392
f 1358/1358/1358 1393/1393/1393 86/86/86
f 1392/1392/1392 1357/1357/1357 1355/1355/1355
f 1357/1357/1357 1392/1392/1392 1358/1358/1358
f 1355/1355/1355 1357/1357/1357 1258/1258/1258
f 1358/1358/1358 89/89/89 1357/1357/1357
f 225/225/225 237/237/237 162/162/162
f 225/225/225 224/224/224 227/227/227
f 227/227/227 229/229/229 225/225/225
f 237/237/237 225/225/225 229/229/229
f 227/227/227 226/226/226 228/228/228
f 229/229/229 228/228/228 235/235/235
f 235/235/235 1394/1394/1394 229/229/229
f 229/229/229 1394/1394/1394 237/237/237
f 1395/1395/1395 1394/1394/1394 235/235/235
f 237/237/237 1394/1394/1394 1395/1395/1395
f 233/233/233 235/235/235 228/228/228
f 235/235/235 234/234/234 1395/1395/1395
f 1395/1395/1395 238/238/238 237/237/237
f 385/385/385 1395/1395/1395 234/234/234
f 238/238/238 1395/1395/1395 385/385/385
f 238/238/238 240/240/240 236/236/236
f 385/385/385 241/241/241 238/238/238
f 322/322/322 316/316/316 313/313/313
f 1396/1396/1396 322/322/322 321/321/321
f 321/321/321 314/314/314 1361/1361/1361
f 321/321/321 1397/1397/1397 1396/1396/1396
f 1397/1397/1397 321/321/321 1361/1361/1361
f 325/325/325 1396/1396/1396 1397/1397/1397
f 1361/1361/1361 1362/1362/1362 1397/1397/1397
f 1397/1397/1397 327/327/327 325/325/325
f 327/327/327 1397/1397/1397 1362/1362/1362
f 325/325/325 327/327/327 323/323/323
f 1362/1362/1362 328/328/328 327/327/327
f 1361/1361/1361 311/311/311 1264/1264/1264
f 233/233/233 391/391/391 234/234/234
f 233/233/233 402/402/402 401/401/401
f 233/233/233 232/232/232 404/404/404
f 420/420/420 1374/1374/1374 1373/1373/1373
f 420/420/420 430/430/430 1268/1268/1268
f 420/420/420 415/415/415 414/414/414
f 1275/1275/1275 1199/1199/1199 1273/1273/1273
f 420/420/420 427/427/427 1280/1280/1280
f 447/447/447 1383/1383/1383 1293/1293/1293
f 447/447/447 446/446/446 1382/1382/1382
f 447/447/447 459/459/459 445/445/445
f 1384/1384/1384 1299/1299/1299 1300/1300/1300
