<?xml version="1.0" encoding="utf-8"?>
<COLLADA xmlns="http://www.collada.org/2005/11/COLLADASchema" version="1.4.1">
  <asset>
    <contributor>
      <author/>
      <authoring_tool>FBX COLLADA exporter</authoring_tool>
      <comments/>
    </contributor>
    <created>2024-02-10T11:35:30Z</created>
    <keywords/>
    <modified>2024-02-10T11:35:30Z</modified>
    <revision/>
    <subject/>
    <title/>
    <unit meter="0.010000" name="centimeter"/>
    <up_axis>Y_UP</up_axis>
  </asset>
  <library_materials>
    <material id="MAT_Coral_Table" name="MAT_Coral_Table">
      <instance_effect url="#MAT_Coral_Table-fx"/>
    </material>
  </library_materials>
  <library_effects>
    <effect id="MAT_Coral_Table-fx" name="MAT_Coral_Table">
      <profile_COMMON>
        <technique sid="standard">
          <phong>
            <emission>
              <color sid="emission">0.000000  0.000000 0.000000 1.000000</color>
            </emission>
            <ambient>
              <color sid="ambient">0.149020  0.192157 0.149020 1.000000</color>
            </ambient>
            <diffuse>
              <color sid="diffuse">0.149020  0.192157 0.149020 1.000000</color>
            </diffuse>
            <specular>
              <color sid="specular">0.000000  0.000000 0.000000 1.000000</color>
            </specular>
            <shininess>
              <float sid="shininess">2.000000</float>
            </shininess>
            <reflective>
              <color sid="reflective">0.000000  0.000000 0.000000 1.000000</color>
            </reflective>
            <reflectivity>
              <float sid="reflectivity">1.000000</float>
            </reflectivity>
            <transparent opaque="RGB_ZERO">
              <color sid="transparent">1.000000  1.000000 1.000000 1.000000</color>
            </transparent>
            <transparency>
              <float sid="transparency">0.000000</float>
            </transparency>
          </phong>
        </technique>
      </profile_COMMON>
    </effect>
  </library_effects>
  <library_geometries>
    <geometry id="SM_Coral_Table_Acropora_03_LOD0-lib" name="SM_Coral_Table_Acropora_03_LOD0Mesh">
      <mesh>
        <source id="SM_Coral_Table_Acropora_03_LOD0-POSITION">
          <float_array id="SM_Coral_Table_Acropora_03_LOD0-POSITION-array" count="528">
-1.516068 -35.625793 10.833979
2.952759 -38.854919 11.276286
-37.090088 -18.522766 8.142351
-43.602005 -13.303406 10.227578
-44.410019 18.697021 7.809625
-36.561813 31.581848 7.450109
-31.700790 35.480286 8.561407
3.900192 26.466248 11.276278
36.799789 27.117065 9.320191
29.054764 31.731934 10.047651
5.036804 -7.921021 7.220516
8.631744 -31.590820 11.276286
14.219604 -32.427734 11.276286
16.012848 -30.397156 11.276286
17.119049 -17.054382 7.220513
26.654770 -29.612793 11.276286
28.898407 -29.056702 11.276285
37.358185 -22.780518 11.276284
47.959167 0.322388 13.004541
-9.168259 -39.274536 9.558086
-6.957565 -38.890808 9.970554
-49.309265 7.805115 10.680186
-12.527435 -31.358582 8.168597
-26.638474 39.228516 10.177946
-11.039734 35.326782 11.276278
-8.318359 31.594421 11.276278
1.573761 28.788330 11.276278
43.590363 13.950195 11.931611
22.034134 33.882263 10.960356
11.846603 -26.823364 11.276285
6.981400 -33.310669 11.276285
6.144882 -36.519897 11.276285
-4.441544 -35.937073 10.257284
-6.272308 -34.900391 9.757166
-11.107941 -33.868347 8.505552
-11.337952 -35.748840 8.607346
-11.991913 -37.567444 8.721430
-7.816696 -36.406555 9.490687
-7.118256 -16.001465 7.128797
-17.431870 -34.919373 7.688590
-24.089157 -30.609253 7.436418
-16.026688 -13.855835 6.961761
-28.707733 -26.465149 7.436418
-20.231644 -10.765381 6.713646
-32.174698 -21.904236 7.436418
-45.841156 -7.324768 11.201427
-47.264236 -5.794006 11.276282
-46.104202 -2.248169 11.276282
-25.783112 -5.202942 6.961695
-48.031723 0.238403 11.276281
-28.366623 2.483215 7.220514
-48.048416 12.225220 9.615918
-45.639053 14.756287 8.711407
-26.801620 8.826904 6.872935
-41.364029 22.430969 7.317250
-36.578903 22.953308 7.317250
-34.678833 24.357483 7.317250
-34.222107 31.666626 7.618986
-36.995270 29.225159 7.317249
-21.093155 17.282104 6.536099
-18.159103 38.756836 11.261190
-2.031998 14.681885 7.220513
10.023819 31.035217 11.276278
14.541275 32.782837 11.276278
7.034958 18.389893 7.220510
43.899307 10.797424 12.533598
17.813080 8.423889 7.220514
47.302437 6.160339 13.004540
49.307083 -3.774414 13.004542
20.671432 -0.438416 7.220515
46.065781 -14.501831 12.103406
41.798233 -20.275208 11.406276
34.192200 -23.345093 11.276284
32.787964 -26.077881 11.276285
22.369614 -27.789673 11.276285
19.050797 -5.802124 7.220515
-7.964203 2.897583 0.399911
14.417786 15.007324 7.220513
-9.501968 19.112183 7.220510
-17.301346 21.063049 6.948589
-22.271561 12.925415 6.823191
0.333771 -14.346619 7.220517
7.004166 -14.020752 8.667851
9.104675 -21.827148 11.276284
8.955322 -17.033752 9.111978
-21.379471 -33.649841 7.436416
-16.143234 -34.456055 7.718636
-15.809464 -31.093323 7.672565
-1.498642 -35.695129 10.440419
2.976044 -38.916260 10.881705
-37.161911 -18.496582 7.749725
-43.689545 -13.267517 9.838925
-44.457443 18.649841 7.415261
-36.533676 31.599121 7.051476
-31.656967 35.560547 8.171995
3.882431 26.590698 10.896553
36.843170 27.126770 8.922670
29.046127 31.805908 9.654649
5.099335 -8.034668 6.842137
8.683044 -31.620605 10.880711
14.219604 -32.427734 10.876287
16.012848 -30.397156 10.876286
17.259888 -17.078552 6.846908
26.653458 -29.680359 10.882037
28.925629 -29.114014 10.881355
37.389755 -22.840637 10.882091
48.041504 0.341492 12.613575
-9.084366 -39.324341 9.170165
-6.876816 -38.937988 9.581644
-49.388107 7.746948 10.292379
-12.492920 -31.387634 7.771152
-26.585220 39.324341 9.793251
-10.973206 35.425781 10.894478
-8.215683 31.705017 10.905847
1.634064 28.890320 10.894231
43.672440 13.898071 11.543604
22.015060 33.976013 10.571968
11.846603 -26.823364 10.876285
7.055298 -33.350159 10.885159
6.200699 -36.563416 10.882596
-4.361191 -35.987244 9.868665
-6.187500 -34.945862 9.368911
-11.028976 -33.908447 8.115480
-11.249893 -35.791321 8.219473
-11.909622 -37.621399 8.333715
-7.727173 -36.445496 9.102782
-7.102280 -16.087524 6.738492
-17.413315 -34.928894 7.289135
-24.096954 -30.616821 7.036566
-16.042450 -13.923584 6.567849
-28.716141 -26.475586 7.036643
-20.275955 -10.820496 6.319943
-32.204132 -21.906616 7.037508
-45.921585 -7.346252 10.810184
-47.342850 -5.800171 10.884129
-46.181763 -2.266113 10.884283
-25.868256 -5.224548 6.571459
-48.106552 0.189514 10.886394
-28.461090 2.467285 6.832157
-48.119965 12.158997 9.227975
-45.700562 14.681152 8.323368
-26.868622 8.840759 6.478830
-41.387604 22.420227 6.918090
-36.582550 22.967773 6.917530
-34.686172 24.369446 6.917497
-34.195114 31.706360 7.221881
-36.965347 29.240417 6.918663
-21.144211 17.319946 6.141184
-18.107544 38.853149 10.876391
-2.035324 14.856689 6.860751
9.958740 31.169617 10.905196
14.502670 32.909302 10.898779
7.019730 18.520996 6.842912
43.981522 10.781677 12.142456
17.889313 8.445923 6.828464
47.384033 6.174011 12.613192
49.388107 -3.757385 12.613203
20.752945 -0.435242 6.828921
46.140381 -14.500671 11.710425
41.856529 -20.297852 11.011194
34.231384 -23.402344 10.882347
32.838242 -26.122681 10.881994
22.367874 -27.862488 10.882972
19.109314 -5.839233 6.826564
-7.970444 2.903198 0.000000
14.462173 15.064819 6.827162
-9.444016 19.240784 6.846220
-17.288239 21.158569 6.560379
-22.354218 12.958801 6.433250
0.403198 -14.434265 6.836456
7.066437 -14.116394 8.284471
9.211212 -21.860229 10.892156
8.792084 -17.188293 8.781094
-21.368179 -33.661194 7.036736
-16.131516 -34.462708 7.318862
-15.774155 -31.107849 7.274392
</float_array>
          <technique_common>
            <accessor source="#SM_Coral_Table_Acropora_03_LOD0-POSITION-array" count="176" stride="3">
              <param name="X" type="float"/>
              <param name="Y" type="float"/>
              <param name="Z" type="float"/>
            </accessor>
          </technique_common>
        </source>
        <source id="SM_Coral_Table_Acropora_03_LOD0-Normal0">
          <float_array id="SM_Coral_Table_Acropora_03_LOD0-Normal0-array" count="3132">
-0.000000 0.000000 1.000000
-0.000000 0.000000 1.000000
-0.000000 0.000000 1.000000
-0.000000 0.000000 1.000000
-0.128249 0.074514 0.988939
-0.000000 0.000000 1.000000
-0.266342 0.082720 0.960322
-0.128249 0.074514 0.988939
-0.000000 0.000000 1.000000
-0.266342 0.082720 0.960322
-0.173550 0.219065 0.960151
-0.128249 0.074514 0.988939
-0.173550 0.219065 0.960151
-0.184746 0.098731 0.977814
-0.128249 0.074514 0.988939
-0.173550 0.219065 0.960151
-0.039958 0.215146 0.975764
-0.184746 0.098731 0.977814
-0.039958 0.215146 0.975764
-0.139574 0.108725 0.984224
-0.184746 0.098731 0.977814
-0.039958 0.215146 0.975764
-0.058211 0.153371 0.986453
-0.139574 0.108725 0.984224
-0.039958 0.215146 0.975764
-0.043558 0.173331 0.983900
-0.058211 0.153371 0.986453
-0.200870 0.125494 0.971547
-0.043558 0.173331 0.983900
-0.039958 0.215146 0.975764
-0.039958 0.215146 0.975764
-0.212028 0.113614 0.970637
-0.200870 0.125494 0.971547
-0.039958 0.215146 0.975764
-0.197437 0.100227 0.975179
-0.212028 0.113614 0.970637
-0.197437 0.100227 0.975179
-0.223815 0.097313 0.969761
-0.212028 0.113614 0.970637
-0.220144 0.106087 0.969681
-0.223815 0.097313 0.969761
-0.197437 0.100227 0.975179
-0.209728 0.124480 0.969804
-0.223815 0.097313 0.969761
-0.220144 0.106087 0.969681
-0.209728 0.124480 0.969804
-0.220144 0.106087 0.969681
-0.205718 0.134780 0.969285
-0.201886 0.117990 0.972276
-0.223815 0.097313 0.969761
-0.209728 0.124480 0.969804
-0.039958 0.215146 0.975764
-0.086278 0.072753 0.993611
-0.197437 0.100227 0.975179
-0.039958 0.215146 0.975764
0.039415 0.169270 0.984781
-0.086278 0.072753 0.993611
0.039415 0.169270 0.984781
-0.088295 0.036323 0.995432
-0.086278 0.072753 0.993611
-0.088295 0.036323 0.995432
0.039415 0.169270 0.984781
-0.028216 0.028378 0.999199
-0.088295 0.036323 0.995432
-0.028216 0.028378 0.999199
-0.046414 0.023864 0.998637
-0.088295 0.036323 0.995432
-0.046414 0.023864 0.998637
-0.029271 0.016598 0.999434
0.039415 0.169270 0.984781
0.019493 0.018941 0.999631
-0.028216 0.028378 0.999199
0.039415 0.169270 0.984781
0.021040 0.026110 0.999438
0.019493 0.018941 0.999631
0.039415 0.169270 0.984781
0.110797 0.137706 0.984257
0.021040 0.026110 0.999438
0.110797 0.137706 0.984257
0.073569 0.006004 0.997272
0.021040 0.026110 0.999438
0.110797 0.137706 0.984257
0.212866 0.053998 0.975588
0.073569 0.006004 0.997272
0.212866 0.053998 0.975588
0.179581 -0.065439 0.981564
0.073569 0.006004 0.997272
0.212866 0.053998 0.975588
0.218844 -0.089664 0.971632
0.179581 -0.065439 0.981564
0.212866 0.053998 0.975588
0.201065 0.053696 0.978105
0.218844 -0.089664 0.971632
0.212866 0.053998 0.975588
0.196491 0.015410 0.980384
0.201065 0.053696 0.978105
0.212866 0.053998 0.975588
0.193911 0.044780 0.979997
0.196491 0.015410 0.980384
0.212866 0.053998 0.975588
0.236170 0.039860 0.970894
0.193911 0.044780 0.979997
0.236170 0.039860 0.970894
0.187085 0.122147 0.974720
0.193911 0.044780 0.979997
0.236170 0.039860 0.970894
0.197136 0.145499 0.969519
0.187085 0.122147 0.974720
0.236170 0.039860 0.970894
0.178861 0.165468 0.969860
0.197136 0.145499 0.969519
0.236170 0.039860 0.970894
0.167496 -0.034678 0.985263
0.178861 0.165468 0.969860
0.167496 -0.034678 0.985263
0.153787 0.187788 0.970095
0.178861 0.165468 0.969860
0.167496 -0.034678 0.985263
0.118584 0.117991 0.985909
0.153787 0.187788 0.970095
0.167496 -0.034678 0.985263
0.058943 0.026893 0.997899
0.118584 0.117991 0.985909
0.167496 -0.034678 0.985263
0.206655 -0.083401 0.974853
0.058943 0.026893 0.997899
0.206655 -0.083401 0.974853
0.009094 -0.036260 0.999301
0.058943 0.026893 0.997899
0.206655 -0.083401 0.974853
0.018337 -0.029954 0.999383
0.009094 -0.036260 0.999301
0.127644 -0.094709 0.987288
0.018337 -0.029954 0.999383
0.206655 -0.083401 0.974853
0.127644 -0.094709 0.987288
-0.067465 -0.099349 0.992763
0.018337 -0.029954 0.999383
-0.067465 -0.099349 0.992763
-0.074806 -0.038183 0.996467
0.018337 -0.029954 0.999383
-0.074806 -0.038183 0.996467
-0.067465 -0.099349 0.992763
-0.070365 -0.043241 0.996584
0.127644 -0.094709 0.987288
-0.109545 -0.200599 0.973530
-0.067465 -0.099349 0.992763
0.127644 -0.094709 0.987288
-0.032762 -0.238756 0.970527
-0.109545 -0.200599 0.973530
-0.032762 -0.238756 0.970527
-0.133172 -0.239424 0.961739
-0.109545 -0.200599 0.973530
-0.032762 -0.238756 0.970527
-0.128894 -0.240721 0.961998
-0.133172 -0.239424 0.961739
-0.032762 -0.238756 0.970527
-0.166322 -0.247523 0.954500
-0.128894 -0.240721 0.961998
-0.032762 -0.238756 0.970527
-0.144884 -0.321605 0.935724
-0.166322 -0.247523 0.954500
-0.144884 -0.321605 0.935724
-0.256696 -0.276563 0.926078
-0.166322 -0.247523 0.954500
-0.144884 -0.321605 0.935724
-0.150762 -0.254989 0.955119
-0.256696 -0.276563 0.926078
-0.144884 -0.321605 0.935724
0.008298 -0.437037 0.899405
-0.150762 -0.254989 0.955119
0.008298 -0.437037 0.899405
0.044433 -0.311178 0.949312
-0.150762 -0.254989 0.955119
0.008298 -0.437037 0.899405
0.038061 -0.327761 0.943994
0.044433 -0.311178 0.949312
0.038061 -0.327761 0.943994
0.162696 -0.336000 0.927704
0.044433 -0.311178 0.949312
0.038061 -0.327761 0.943994
0.096502 -0.316266 0.943749
0.162696 -0.336000 0.927704
0.038061 -0.327761 0.943994
0.047658 -0.234399 0.970972
0.096502 -0.316266 0.943749
0.038061 -0.327761 0.943994
-0.110965 -0.143730 0.983376
0.047658 -0.234399 0.970972
-0.110965 -0.143730 0.983376
0.021588 -0.184977 0.982506
0.047658 -0.234399 0.970972
-0.110965 -0.143730 0.983376
-0.108457 -0.024338 0.993803
0.021588 -0.184977 0.982506
-0.110965 -0.143730 0.983376
-0.190585 -0.055086 0.980124
-0.108457 -0.024338 0.993803
-0.190585 -0.055086 0.980124
-0.205199 0.130217 0.970019
-0.108457 -0.024338 0.993803
-0.190585 -0.055086 0.980124
-0.205535 0.039401 0.977856
-0.205199 0.130217 0.970019
-0.190585 -0.055086 0.980124
-0.203779 -0.007988 0.978984
-0.205535 0.039401 0.977856
-0.203779 -0.007988 0.978984
-0.203995 -0.034297 0.978371
-0.205535 0.039401 0.977856
-0.203779 -0.007988 0.978984
-0.205845 -0.047795 0.977417
-0.203995 -0.034297 0.978371
-0.203779 -0.007988 0.978984
-0.202563 -0.042487 0.978347
-0.205845 -0.047795 0.977417
-0.203779 -0.007988 0.978984
-0.186505 -0.002815 0.982450
-0.202563 -0.042487 0.978347
-0.203779 -0.007988 0.978984
-0.146302 0.092789 0.984879
-0.186505 -0.002815 0.982450
-0.146302 0.092789 0.984879
-0.145728 0.056611 0.987704
-0.186505 -0.002815 0.982450
-0.146302 0.092789 0.984879
-0.078948 0.150284 0.985486
-0.145728 0.056611 0.987704
-0.146302 0.092789 0.984879
-0.097970 0.143128 0.984843
-0.078948 0.150284 0.985486
-0.146302 0.092789 0.984879
-0.125675 0.112028 0.985726
-0.097970 0.143128 0.984843
-0.146302 0.092789 0.984879
-0.068047 0.143381 0.987325
-0.125675 0.112028 0.985726
-0.146302 0.092789 0.984879
0.003280 0.168933 0.985622
-0.068047 0.143381 0.987325
-0.146302 0.092789 0.984879
0.004328 0.182027 0.983284
0.003280 0.168933 0.985622
-0.146302 0.092789 0.984879
-0.352087 0.060445 0.934013
0.004328 0.182027 0.983284
-0.146302 0.092789 0.984879
-0.156323 0.284162 0.945947
-0.352087 0.060445 0.934013
0.015599 -0.014176 0.999778
-0.156323 0.284162 0.945947
-0.146302 0.092789 0.984879
-0.203779 -0.007988 0.978984
0.015599 -0.014176 0.999778
-0.146302 0.092789 0.984879
-0.190585 -0.055086 0.980124
0.015599 -0.014176 0.999778
-0.203779 -0.007988 0.978984
-0.110965 -0.143730 0.983376
0.015599 -0.014176 0.999778
-0.190585 -0.055086 0.980124
0.038061 -0.327761 0.943994
0.015599 -0.014176 0.999778
-0.110965 -0.143730 0.983376
0.008298 -0.437037 0.899405
0.015599 -0.014176 0.999778
0.038061 -0.327761 0.943994
-0.144884 -0.321605 0.935724
0.015599 -0.014176 0.999778
0.008298 -0.437037 0.899405
-0.032762 -0.238756 0.970527
0.015599 -0.014176 0.999778
-0.144884 -0.321605 0.935724
0.127644 -0.094709 0.987288
0.015599 -0.014176 0.999778
-0.032762 -0.238756 0.970527
0.206655 -0.083401 0.974853
0.015599 -0.014176 0.999778
0.127644 -0.094709 0.987288
0.167496 -0.034678 0.985263
0.015599 -0.014176 0.999778
0.206655 -0.083401 0.974853
0.236170 0.039860 0.970894
0.015599 -0.014176 0.999778
0.167496 -0.034678 0.985263
0.212866 0.053998 0.975588
0.015599 -0.014176 0.999778
0.236170 0.039860 0.970894
0.110797 0.137706 0.984257
0.015599 -0.014176 0.999778
0.212866 0.053998 0.975588
0.039415 0.169270 0.984781
0.015599 -0.014176 0.999778
0.110797 0.137706 0.984257
-0.039958 0.215146 0.975764
0.015599 -0.014176 0.999778
0.039415 0.169270 0.984781
-0.173550 0.219065 0.960151
0.015599 -0.014176 0.999778
-0.039958 0.215146 0.975764
-0.173550 0.219065 0.960151
-0.156323 0.284162 0.945947
0.015599 -0.014176 0.999778
-0.173550 0.219065 0.960151
-0.155652 0.239049 0.958451
-0.156323 0.284162 0.945947
-0.266342 0.082720 0.960322
-0.155652 0.239049 0.958451
-0.173550 0.219065 0.960151
-0.266342 0.082720 0.960322
0.408111 0.386218 0.827213
-0.155652 0.239049 0.958451
-0.000000 -0.000000 -1.000000
-0.000406 -0.000172 -1.000000
-0.002277 0.000700 -0.999997
-0.000406 -0.000172 -1.000000
0.128225 -0.074801 -0.988920
-0.002277 0.000700 -0.999997
-0.002277 0.000700 -0.999997
0.128225 -0.074801 -0.988920
0.268800 -0.080414 -0.959834
0.128225 -0.074801 -0.988920
0.173500 -0.218484 -0.960293
0.268800 -0.080414 -0.959834
0.128225 -0.074801 -0.988920
0.184251 -0.098791 -0.977902
0.173500 -0.218484 -0.960293
0.184251 -0.098791 -0.977902
0.040186 -0.214563 -0.975883
0.173500 -0.218484 -0.960293
0.184251 -0.098791 -0.977902
0.139543 -0.108542 -0.984249
0.040186 -0.214563 -0.975883
0.139543 -0.108542 -0.984249
0.058239 -0.153322 -0.986458
0.040186 -0.214563 -0.975883
0.058239 -0.153322 -0.986458
0.044209 -0.173128 -0.983907
0.040186 -0.214563 -0.975883
0.040186 -0.214563 -0.975883
0.044209 -0.173128 -0.983907
0.202151 -0.124946 -0.971351
0.202151 -0.124946 -0.971351
0.212088 -0.113292 -0.970661
0.040186 -0.214563 -0.975883
0.212088 -0.113292 -0.970661
0.197448 -0.100107 -0.975189
0.040186 -0.214563 -0.975883
0.212088 -0.113292 -0.970661
0.223865 -0.097175 -0.969764
0.197448 -0.100107 -0.975189
0.197448 -0.100107 -0.975189
0.223865 -0.097175 -0.969764
0.220179 -0.105997 -0.969684
0.220179 -0.105997 -0.969684
0.223865 -0.097175 -0.969764
0.209741 -0.124438 -0.969806
0.205782 -0.134690 -0.969284
0.220179 -0.105997 -0.969684
0.209741 -0.124438 -0.969806
0.209741 -0.124438 -0.969806
0.223865 -0.097175 -0.969764
0.201869 -0.117926 -0.972287
0.197448 -0.100107 -0.975189
0.087069 -0.072745 -0.993543
0.040186 -0.214563 -0.975883
0.087069 -0.072745 -0.993543
-0.039214 -0.168851 -0.984861
0.040186 -0.214563 -0.975883
0.087069 -0.072745 -0.993543
0.088440 -0.035987 -0.995431
-0.039214 -0.168851 -0.984861
0.028243 -0.028216 -0.999203
-0.039214 -0.168851 -0.984861
0.088440 -0.035987 -0.995431
0.046430 -0.023771 -0.998639
0.028243 -0.028216 -0.999203
0.088440 -0.035987 -0.995431
0.029126 -0.016351 -0.999442
0.046430 -0.023771 -0.998639
0.088440 -0.035987 -0.995431
0.028243 -0.028216 -0.999203
-0.019229 -0.018790 -0.999638
-0.039214 -0.168851 -0.984861
-0.019229 -0.018790 -0.999638
-0.020892 -0.025946 -0.999445
-0.039214 -0.168851 -0.984861
-0.020892 -0.025946 -0.999445
-0.110486 -0.137232 -0.984358
-0.039214 -0.168851 -0.984861
-0.020892 -0.025946 -0.999445
-0.073473 -0.005842 -0.997280
-0.110486 -0.137232 -0.984358
-0.073473 -0.005842 -0.997280
-0.212547 -0.053701 -0.975674
-0.110486 -0.137232 -0.984358
-0.073473 -0.005842 -0.997280
-0.179497 0.065599 -0.981569
-0.212547 -0.053701 -0.975674
-0.179497 0.065599 -0.981569
-0.218767 0.090014 -0.971616
-0.212547 -0.053701 -0.975674
-0.218767 0.090014 -0.971616
-0.201153 -0.052904 -0.978130
-0.212547 -0.053701 -0.975674
-0.201153 -0.052904 -0.978130
-0.196482 -0.015173 -0.980390
-0.212547 -0.053701 -0.975674
-0.196482 -0.015173 -0.980390
-0.193783 -0.045035 -0.980010
-0.212547 -0.053701 -0.975674
-0.193783 -0.045035 -0.980010
-0.235761 -0.039838 -0.970994
-0.212547 -0.053701 -0.975674
-0.193783 -0.045035 -0.980010
-0.186970 -0.122330 -0.974719
-0.235761 -0.039838 -0.970994
-0.186970 -0.122330 -0.974719
-0.197011 -0.145461 -0.969550
-0.235761 -0.039838 -0.970994
-0.197011 -0.145461 -0.969550
-0.178711 -0.165512 -0.969881
-0.235761 -0.039838 -0.970994
-0.178711 -0.165512 -0.969881
-0.167409 0.034631 -0.985279
-0.235761 -0.039838 -0.970994
-0.178711 -0.165512 -0.969881
-0.153352 -0.188090 -0.970106
-0.167409 0.034631 -0.985279
-0.153352 -0.188090 -0.970106
-0.118376 -0.118141 -0.985916
-0.167409 0.034631 -0.985279
-0.118376 -0.118141 -0.985916
-0.058768 -0.027074 -0.997904
-0.167409 0.034631 -0.985279
-0.058768 -0.027074 -0.997904
-0.205407 0.083101 -0.975142
-0.167409 0.034631 -0.985279
-0.058768 -0.027074 -0.997904
-0.009138 0.035362 -0.999333
-0.205407 0.083101 -0.975142
-0.009138 0.035362 -0.999333
-0.018096 0.029847 -0.999391
-0.205407 0.083101 -0.975142
-0.205407 0.083101 -0.975142
-0.018096 0.029847 -0.999391
-0.127432 0.094765 -0.987310
-0.018096 0.029847 -0.999391
0.067774 0.099428 -0.992734
-0.127432 0.094765 -0.987310
-0.018096 0.029847 -0.999391
0.075215 0.038029 -0.996442
0.067774 0.099428 -0.992734
0.070637 0.043187 -0.996567
0.067774 0.099428 -0.992734
0.075215 0.038029 -0.996442
0.067774 0.099428 -0.992734
0.109510 0.200316 -0.973592
-0.127432 0.094765 -0.987310
0.109510 0.200316 -0.973592
0.032864 0.238618 -0.970557
-0.127432 0.094765 -0.987310
0.109510 0.200316 -0.973592
0.133178 0.239319 -0.961764
0.032864 0.238618 -0.970557
0.133178 0.239319 -0.961764
0.128887 0.240622 -0.962024
0.032864 0.238618 -0.970557
0.128887 0.240622 -0.962024
0.166465 0.247483 -0.954485
0.032864 0.238618 -0.970557
0.166465 0.247483 -0.954485
0.144787 0.320436 -0.936140
0.032864 0.238618 -0.970557
0.166465 0.247483 -0.954485
0.254778 0.276679 -0.926573
0.144787 0.320436 -0.936140
0.254778 0.276679 -0.926573
0.152206 0.254089 -0.955129
0.144787 0.320436 -0.936140
0.152206 0.254089 -0.955129
-0.006635 0.433939 -0.900918
0.144787 0.320436 -0.936140
0.152206 0.254089 -0.955129
-0.042837 0.309984 -0.949776
-0.006635 0.433939 -0.900918
-0.042837 0.309984 -0.949776
-0.038484 0.327427 -0.944092
-0.006635 0.433939 -0.900918
-0.042837 0.309984 -0.949776
-0.162976 0.335819 -0.927720
-0.038484 0.327427 -0.944092
-0.162976 0.335819 -0.927720
-0.096402 0.316177 -0.943790
-0.038484 0.327427 -0.944092
-0.096402 0.316177 -0.943790
-0.047566 0.234265 -0.971008
-0.038484 0.327427 -0.944092
-0.047566 0.234265 -0.971008
0.110597 0.143924 -0.983389
-0.038484 0.327427 -0.944092
-0.047566 0.234265 -0.971008
-0.021454 0.184641 -0.982572
0.110597 0.143924 -0.983389
-0.021454 0.184641 -0.982572
0.108434 0.024323 -0.993806
0.110597 0.143924 -0.983389
0.108434 0.024323 -0.993806
0.190316 0.054958 -0.980183
0.110597 0.143924 -0.983389
0.108434 0.024323 -0.993806
0.205031 -0.130721 -0.969987
0.190316 0.054958 -0.980183
0.205031 -0.130721 -0.969987
0.205425 -0.039464 -0.977877
0.190316 0.054958 -0.980183
0.205425 -0.039464 -0.977877
0.203619 0.008001 -0.979017
0.190316 0.054958 -0.980183
0.205425 -0.039464 -0.977877
0.203967 0.034395 -0.978373
0.203619 0.008001 -0.979017
0.203967 0.034395 -0.978373
0.205835 0.047769 -0.977420
0.203619 0.008001 -0.979017
0.205835 0.047769 -0.977420
0.202555 0.042491 -0.978348
0.203619 0.008001 -0.979017
0.202555 0.042491 -0.978348
0.186470 0.002777 -0.982457
0.203619 0.008001 -0.979017
0.186470 0.002777 -0.982457
0.145909 -0.093065 -0.984911
0.203619 0.008001 -0.979017
0.186470 0.002777 -0.982457
0.145698 -0.056641 -0.987706
0.145909 -0.093065 -0.984911
0.145698 -0.056641 -0.987706
0.078939 -0.150203 -0.985499
0.145909 -0.093065 -0.984911
0.078939 -0.150203 -0.985499
0.098105 -0.142959 -0.984854
0.145909 -0.093065 -0.984911
0.098105 -0.142959 -0.984854
0.125784 -0.111946 -0.985721
0.145909 -0.093065 -0.984911
0.125784 -0.111946 -0.985721
0.067951 -0.143349 -0.987337
0.145909 -0.093065 -0.984911
0.067951 -0.143349 -0.987337
-0.003438 -0.168751 -0.985653
0.145909 -0.093065 -0.984911
-0.003438 -0.168751 -0.985653
-0.004748 -0.181818 -0.983321
0.145909 -0.093065 -0.984911
-0.004748 -0.181818 -0.983321
0.358363 -0.060655 -0.931610
0.145909 -0.093065 -0.984911
0.358363 -0.060655 -0.931610
0.156502 -0.282186 -0.946508
0.145909 -0.093065 -0.984911
0.145909 -0.093065 -0.984911
0.156502 -0.282186 -0.946508
-0.015813 0.013851 -0.999779
0.145909 -0.093065 -0.984911
-0.015813 0.013851 -0.999779
0.203619 0.008001 -0.979017
0.203619 0.008001 -0.979017
-0.015813 0.013851 -0.999779
0.190316 0.054958 -0.980183
0.190316 0.054958 -0.980183
-0.015813 0.013851 -0.999779
0.110597 0.143924 -0.983389
0.110597 0.143924 -0.983389
-0.015813 0.013851 -0.999779
-0.038484 0.327427 -0.944092
-0.038484 0.327427 -0.944092
-0.015813 0.013851 -0.999779
-0.006635 0.433939 -0.900918
-0.006635 0.433939 -0.900918
-0.015813 0.013851 -0.999779
0.144787 0.320436 -0.936140
0.144787 0.320436 -0.936140
-0.015813 0.013851 -0.999779
0.032864 0.238618 -0.970557
0.032864 0.238618 -0.970557
-0.015813 0.013851 -0.999779
-0.127432 0.094765 -0.987310
-0.127432 0.094765 -0.987310
-0.015813 0.013851 -0.999779
-0.205407 0.083101 -0.975142
-0.205407 0.083101 -0.975142
-0.015813 0.013851 -0.999779
-0.167409 0.034631 -0.985279
-0.167409 0.034631 -0.985279
-0.015813 0.013851 -0.999779
-0.235761 -0.039838 -0.970994
-0.235761 -0.039838 -0.970994
-0.015813 0.013851 -0.999779
-0.212547 -0.053701 -0.975674
-0.212547 -0.053701 -0.975674
-0.015813 0.013851 -0.999779
-0.110486 -0.137232 -0.984358
-0.110486 -0.137232 -0.984358
-0.015813 0.013851 -0.999779
-0.039214 -0.168851 -0.984861
-0.039214 -0.168851 -0.984861
-0.015813 0.013851 -0.999779
0.040186 -0.214563 -0.975883
0.040186 -0.214563 -0.975883
-0.015813 0.013851 -0.999779
0.173500 -0.218484 -0.960293
-0.015813 0.013851 -0.999779
0.156502 -0.282186 -0.946508
0.173500 -0.218484 -0.960293
0.156502 -0.282186 -0.946508
0.160714 -0.237642 -0.957965
0.173500 -0.218484 -0.960293
0.173500 -0.218484 -0.960293
0.160714 -0.237642 -0.957965
0.268800 -0.080414 -0.959834
0.160714 -0.237642 -0.957965
-0.480785 -0.396515 -0.782063
0.268800 -0.080414 -0.959834
0.343397 -0.939059 0.015697
0.997607 0.069136 0.000000
0.343268 -0.939106 0.015700
0.997607 0.069136 0.000000
0.343397 -0.939059 0.015697
0.997607 0.069137 0.000000
0.777323 0.627078 0.050422
0.997607 0.069136 0.000000
0.997607 0.069137 0.000000
0.777323 0.627078 0.050422
0.997607 0.069137 0.000000
0.777220 0.627209 0.050377
0.294153 -0.949534 0.108902
0.343268 -0.939106 0.015700
0.347882 -0.930082 0.118005
0.343268 -0.939106 0.015700
0.294153 -0.949534 0.108902
0.343397 -0.939059 0.015697
0.777323 0.627078 0.050422
0.968519 0.248891 0.004825
0.964037 0.265514 0.011599
0.968519 0.248891 0.004825
0.777323 0.627078 0.050422
0.777220 0.627209 0.050377
0.858672 -0.478328 0.184081
0.294153 -0.949534 0.108902
0.347882 -0.930082 0.118005
0.294153 -0.949534 0.108902
0.858672 -0.478328 0.184081
0.858064 -0.479428 0.184054
0.812880 -0.552491 0.184334
0.858064 -0.479428 0.184054
0.858672 -0.478328 0.184081
0.858064 -0.479428 0.184054
0.812880 -0.552491 0.184334
0.810178 -0.556494 0.184193
0.812880 -0.552491 0.184334
-0.007250 -0.986345 0.164532
-0.000743 -0.986314 0.164875
0.812880 -0.552491 0.184334
-0.000743 -0.986314 0.164875
0.810178 -0.556494 0.184193
-0.288430 -0.947461 0.138295
-0.000743 -0.986314 0.164875
-0.007250 -0.986345 0.164532
-0.000743 -0.986314 0.164875
-0.288430 -0.947461 0.138295
-0.264045 -0.954238 0.140396
-0.222007 -0.971382 0.084435
-0.264045 -0.954238 0.140396
-0.288430 -0.947461 0.138295
-0.264045 -0.954238 0.140396
-0.222007 -0.971382 0.084435
-0.221882 -0.971408 0.084470
0.093782 -0.985723 0.139839
-0.221882 -0.971408 0.084470
-0.222007 -0.971382 0.084435
-0.221882 -0.971408 0.084470
0.093782 -0.985723 0.139839
0.110982 -0.983454 0.143181
0.947897 -0.217180 0.233077
0.093782 -0.985723 0.139839
0.946323 -0.223549 0.233450
0.093782 -0.985723 0.139839
0.947897 -0.217180 0.233077
0.110982 -0.983454 0.143181
-0.966470 -0.200959 -0.159846
-0.949623 0.211263 -0.231483
-0.963034 -0.219984 -0.155478
-0.949623 0.211263 -0.231483
-0.966470 -0.200959 -0.159846
-0.949709 0.210916 -0.231448
-0.949709 0.210916 -0.231448
-0.924929 -0.348045 -0.152878
-0.949623 0.211263 -0.231483
-0.924929 -0.348045 -0.152878
-0.949709 0.210916 -0.231448
-0.924895 -0.348145 -0.152857
-0.924929 -0.348045 -0.152878
-0.199355 -0.976400 0.083073
-0.200474 -0.976192 0.082820
-0.199355 -0.976400 0.083073
-0.924929 -0.348045 -0.152878
-0.924895 -0.348145 -0.152857
0.834081 -0.493059 0.247392
0.947897 -0.217180 0.233077
0.946323 -0.223549 0.233450
0.946323 -0.223549 0.233450
0.834078 -0.493063 0.247392
0.834081 -0.493059 0.247392
-0.199355 -0.976400 0.083073
0.834078 -0.493063 0.247392
-0.200474 -0.976192 0.082820
0.834078 -0.493063 0.247392
-0.199355 -0.976400 0.083073
0.834081 -0.493059 0.247392
-0.544657 -0.838416 -0.020193
-0.966470 -0.200959 -0.159846
-0.963034 -0.219984 -0.155478
-0.966470 -0.200959 -0.159846
-0.544657 -0.838416 -0.020193
-0.525884 -0.850384 -0.017115
0.616713 -0.783564 0.075448
-0.525884 -0.850384 -0.017115
-0.544657 -0.838416 -0.020193
-0.525884 -0.850384 -0.017115
0.616713 -0.783564 0.075448
0.651636 -0.754723 0.075917
-0.546067 -0.837634 0.013430
0.017802 -0.999555 0.023943
0.016839 -0.999572 0.023915
0.017802 -0.999555 0.023943
-0.546067 -0.837634 0.013430
-0.543920 -0.839029 0.013434
0.017802 -0.999555 0.023943
0.786631 -0.614972 0.054965
0.016839 -0.999572 0.023915
0.786631 -0.614972 0.054965
0.017802 -0.999555 0.023943
0.786604 -0.615006 0.054964
0.786631 -0.614972 0.054965
0.651636 -0.754723 0.075917
0.616713 -0.783564 0.075448
0.651636 -0.754723 0.075917
0.786631 -0.614972 0.054965
0.786604 -0.615006 0.054964
-0.546067 -0.837634 0.013430
-0.707577 -0.706311 0.021427
-0.707558 -0.706330 0.021431
-0.546067 -0.837634 0.013430
-0.707558 -0.706330 0.021431
-0.543920 -0.839029 0.013434
-0.734470 -0.677518 0.039022
-0.707558 -0.706330 0.021431
-0.707577 -0.706311 0.021427
-0.707558 -0.706330 0.021431
-0.734470 -0.677518 0.039022
-0.734069 -0.677956 0.038968
-0.734470 -0.677518 0.039022
-0.686214 -0.725828 0.047794
-0.687763 -0.724360 0.047796
-0.734470 -0.677518 0.039022
-0.687763 -0.724360 0.047796
-0.734069 -0.677956 0.038968
-0.587071 -0.807691 0.054623
-0.687763 -0.724360 0.047796
-0.686214 -0.725828 0.047794
-0.686214 -0.725828 0.047794
-0.586972 -0.807764 0.054593
-0.587071 -0.807691 0.054623
-0.787947 -0.601859 0.130021
-0.587071 -0.807691 0.054623
-0.586972 -0.807764 0.054593
-0.586972 -0.807764 0.054593
-0.788263 -0.601415 0.130156
-0.787947 -0.601859 0.130021
-0.829238 -0.528279 0.182440
-0.787947 -0.601859 0.130021
-0.788263 -0.601415 0.130156
-0.788263 -0.601415 0.130156
-0.825200 -0.534704 0.182035
-0.829238 -0.528279 0.182440
-0.825200 -0.534704 0.182035
-0.956064 -0.213987 0.200376
-0.956968 -0.209881 0.200405
-0.825200 -0.534704 0.182035
-0.956968 -0.209881 0.200405
-0.829238 -0.528279 0.182440
-0.956064 -0.213987 0.200376
-0.962003 -0.170004 0.213655
-0.963157 -0.163574 0.213477
-0.956064 -0.213987 0.200376
-0.963157 -0.163574 0.213477
-0.956968 -0.209881 0.200405
-0.962003 -0.170004 0.213655
-0.897145 -0.386872 0.213216
-0.897441 -0.386176 0.213230
-0.962003 -0.170004 0.213655
-0.897441 -0.386176 0.213230
-0.963157 -0.163574 0.213477
-0.980891 0.079568 0.177543
-0.897145 -0.386872 0.213216
-0.980851 0.080358 0.177408
-0.897145 -0.386872 0.213216
-0.980891 0.079568 0.177543
-0.897441 -0.386176 0.213230
-0.857925 0.509158 0.068723
-0.980891 0.079568 0.177543
-0.980851 0.080358 0.177408
-0.980891 0.079568 0.177543
-0.857925 0.509158 0.068723
-0.856236 0.512132 0.067679
-0.856089 0.515163 0.041462
-0.856236 0.512132 0.067679
-0.857925 0.509158 0.068723
-0.856236 0.512132 0.067679
-0.856089 0.515163 0.041462
-0.855784 0.515679 0.041347
-0.874474 0.482096 0.053657
-0.855784 0.515679 0.041347
-0.856089 0.515163 0.041462
-0.855784 0.515679 0.041347
-0.874474 0.482096 0.053657
-0.874439 0.482160 0.053646
-0.475479 0.879565 0.016899
-0.874439 0.482160 0.053646
-0.874474 0.482096 0.053657
-0.874439 0.482160 0.053646
-0.475479 0.879565 0.016899
-0.479535 0.877358 0.016988
-0.475479 0.879565 0.016899
-0.364257 0.931032 0.022299
-0.365718 0.930457 0.022378
-0.475479 0.879565 0.016899
-0.365718 0.930457 0.022378
-0.479535 0.877358 0.016988
-0.364257 0.931032 0.022299
-0.967202 0.253992 -0.002886
-0.972030 0.234822 -0.004053
-0.364257 0.931032 0.022299
-0.972030 0.234822 -0.004053
-0.365718 0.930457 0.022378
-0.990340 -0.127419 -0.054684
-0.972030 0.234822 -0.004053
-0.967202 0.253992 -0.002886
-0.972030 0.234822 -0.004053
-0.990340 -0.127419 -0.054684
-0.990296 -0.127772 -0.054670
-0.656352 0.754450 0.002734
-0.506319 0.861311 0.042236
-0.482807 0.874620 0.044011
-0.656352 0.754450 0.002734
-0.482807 0.874620 0.044011
-0.656435 0.754378 0.002722
-0.990340 -0.127419 -0.054684
-0.656352 0.754450 0.002734
-0.656435 0.754378 0.002722
-0.990340 -0.127419 -0.054684
-0.656435 0.754378 0.002722
-0.990296 -0.127772 -0.054670
-0.735341 0.675420 0.055518
-0.482807 0.874620 0.044011
-0.506319 0.861311 0.042236
-0.506319 0.861311 0.042236
-0.734309 0.676505 0.055948
-0.735341 0.675420 0.055518
-0.313874 0.931447 0.184092
-0.735341 0.675420 0.055518
-0.734309 0.676505 0.055948
-0.734309 0.676505 0.055948
-0.313799 0.931469 0.184108
-0.313874 0.931447 0.184092
-0.313874 0.931447 0.184092
0.223403 0.936501 0.270289
0.223714 0.936418 0.270320
0.223403 0.936501 0.270289
-0.313874 0.931447 0.184092
-0.313799 0.931469 0.184108
0.607855 0.729055 0.314628
0.223714 0.936418 0.270320
0.223403 0.936501 0.270289
0.223714 0.936418 0.270320
0.607855 0.729055 0.314628
0.600858 0.735205 0.313756
0.607855 0.729055 0.314628
0.545502 0.767288 0.337190
0.528558 0.779244 0.336757
0.607855 0.729055 0.314628
0.528558 0.779244 0.336757
0.600858 0.735205 0.313756
0.489837 0.823315 0.286727
0.528558 0.779244 0.336757
0.545502 0.767288 0.337190
0.528558 0.779244 0.336757
0.489837 0.823315 0.286727
0.489852 0.823307 0.286724
0.489837 0.823315 0.286727
0.048034 0.929353 0.366054
0.102645 0.926294 0.362551
0.489837 0.823315 0.286727
0.102645 0.926294 0.362551
0.489852 0.823307 0.286724
0.048034 0.929353 0.366054
-0.457278 0.821728 0.340088
-0.454270 0.823247 0.340445
0.048034 0.929353 0.366054
-0.454270 0.823247 0.340445
0.102645 0.926294 0.362551
-0.457278 0.821728 0.340088
-0.232695 0.918629 0.319333
-0.231763 0.918970 0.319031
-0.457278 0.821728 0.340088
-0.231763 0.918970 0.319031
-0.454270 0.823247 0.340445
0.097748 0.965473 0.241467
-0.232695 0.918629 0.319333
0.092933 0.965689 0.242504
-0.232695 0.918629 0.319333
0.097748 0.965473 0.241467
-0.231763 0.918970 0.319031
0.416842 0.896192 0.151932
0.097748 0.965473 0.241467
0.092933 0.965689 0.242504
0.097748 0.965473 0.241467
0.416842 0.896192 0.151932
0.417691 0.895849 0.151618
0.719222 0.684822 0.117216
0.417691 0.895849 0.151618
0.416842 0.896192 0.151932
0.417691 0.895849 0.151618
0.719222 0.684822 0.117216
0.721080 0.682863 0.117224
0.938453 0.308010 0.156320
0.721080 0.682863 0.117224
0.719222 0.684822 0.117216
0.719222 0.684822 0.117216
0.938327 0.308444 0.156218
0.938453 0.308010 0.156320
0.909577 0.372422 0.184315
0.938453 0.308010 0.156320
0.938327 0.308444 0.156218
0.938327 0.308444 0.156218
0.906394 0.380355 0.183794
0.909577 0.372422 0.184315
0.910901 0.365048 0.192354
0.909577 0.372422 0.184315
0.906394 0.380355 0.183794
0.906394 0.380355 0.183794
0.910782 0.365359 0.192325
0.910901 0.365048 0.192354
0.910782 0.365359 0.192325
0.955333 0.208693 0.209251
0.955408 0.208348 0.209251
0.910782 0.365359 0.192325
0.955408 0.208348 0.209251
0.910901 0.365048 0.192354
0.955333 0.208693 0.209251
0.979143 0.003947 0.203133
0.979150 0.003491 0.203111
0.955333 0.208693 0.209251
0.979150 0.003491 0.203111
0.955408 0.208348 0.209251
0.874708 -0.455170 0.166454
0.979150 0.003491 0.203111
0.979143 0.003947 0.203133
0.979150 0.003491 0.203111
0.874708 -0.455170 0.166454
0.874490 -0.455604 0.166410
0.647812 -0.746819 0.150337
0.874490 -0.455604 0.166410
0.874708 -0.455170 0.166454
0.874490 -0.455604 0.166410
0.647812 -0.746819 0.150337
0.649717 -0.745158 0.150358
0.334507 -0.929556 0.155021
0.647812 -0.746819 0.150337
0.332390 -0.930298 0.155120
0.647812 -0.746819 0.150337
0.334507 -0.929556 0.155021
0.649717 -0.745158 0.150358
0.332390 -0.930298 0.155120
0.583599 -0.792493 0.177105
0.586438 -0.790397 0.177096
0.332390 -0.930298 0.155120
0.586438 -0.790397 0.177096
0.334507 -0.929556 0.155021
0.757742 -0.631847 0.163086
0.586438 -0.790397 0.177096
0.583599 -0.792493 0.177105
0.586438 -0.790397 0.177096
0.757742 -0.631847 0.163086
0.756773 -0.633005 0.163094
0.757742 -0.631847 0.163086
0.427779 -0.889029 0.163193
0.427608 -0.889112 0.163193
0.757742 -0.631847 0.163086
0.427608 -0.889112 0.163193
0.756773 -0.633005 0.163094
0.427779 -0.889029 0.163193
-0.079643 -0.982232 0.169931
-0.075588 -0.982557 0.169906
0.427779 -0.889029 0.163193
-0.075588 -0.982557 0.169906
0.427608 -0.889112 0.163193
-0.669617 -0.741739 0.037904
-0.075588 -0.982557 0.169906
-0.079643 -0.982232 0.169931
-0.075588 -0.982557 0.169906
-0.669617 -0.741739 0.037904
-0.685840 -0.727165 0.029243
-0.750696 -0.658160 -0.057271
-0.685840 -0.727165 0.029243
-0.669617 -0.741739 0.037904
-0.685840 -0.727165 0.029243
-0.750696 -0.658160 -0.057271
-0.771197 -0.633419 -0.063534
-0.750696 -0.658160 -0.057271
0.750638 -0.654050 0.093603
0.430729 -0.899177 0.077156
-0.750696 -0.658160 -0.057271
0.430729 -0.899177 0.077156
-0.771197 -0.633419 -0.063534
0.430729 -0.899177 0.077156
0.913710 0.394779 -0.096351
0.906383 0.404830 -0.120759
0.913710 0.394779 -0.096351
0.430729 -0.899177 0.077156
0.750638 -0.654050 0.093603
0.968519 0.248891 0.004825
0.949252 0.251206 -0.189250
0.949289 0.251101 -0.189203
0.949289 0.251101 -0.189203
0.964037 0.265514 0.011599
0.968519 0.248891 0.004825
0.906383 0.404830 -0.120759
0.949289 0.251101 -0.189203
0.949252 0.251206 -0.189250
0.949289 0.251101 -0.189203
0.906383 0.404830 -0.120759
0.913710 0.394779 -0.096351
</float_array>
          <technique_common>
            <accessor source="#SM_Coral_Table_Acropora_03_LOD0-Normal0-array" count="1044" stride="3">
              <param name="X" type="float"/>
              <param name="Y" type="float"/>
              <param name="Z" type="float"/>
            </accessor>
          </technique_common>
        </source>
        <source id="SM_Coral_Table_Acropora_03_LOD0-UV0">
          <float_array id="SM_Coral_Table_Acropora_03_LOD0-UV0-array" count="520">
0.896484 0.152344
0.891113 0.146484
0.884277 0.162598
0.875000 0.148926
0.876465 0.176758
0.851563 0.198242
0.870605 0.143555
0.830078 0.193359
0.868164 0.134766
0.858887 0.127930
0.846191 0.137207
0.837891 0.136230
0.832520 0.139160
0.818359 0.142090
0.828125 0.134766
0.817871 0.136719
0.824219 0.126465
0.815918 0.131348
0.830566 0.127930
0.814453 0.149414
0.804199 0.199707
0.805176 0.149902
0.789063 0.142578
0.800293 0.139160
0.804199 0.140625
0.781250 0.151367
0.768066 0.163574
0.792480 0.208496
0.758301 0.176270
0.776367 0.224609
0.744141 0.186035
0.725098 0.201172
0.718750 0.218262
0.714844 0.222656
0.718262 0.232910
0.769043 0.246582
0.712402 0.240234
0.708984 0.261719
0.712402 0.274414
0.773438 0.264648
0.719727 0.281738
0.723145 0.292969
0.731934 0.303711
0.786621 0.276367
0.745605 0.305176
0.750977 0.309082
0.790039 0.289063
0.752441 0.330078
0.744141 0.323242
0.745605 0.330078
0.759277 0.341309
0.800781 0.299805
0.773926 0.352051
0.798340 0.350586
0.818848 0.340820
0.823242 0.293945
0.826660 0.330078
0.854980 0.321777
0.844727 0.281250
0.861816 0.315430
0.870605 0.291992
0.878906 0.328125
0.892090 0.333496
0.913574 0.336426
0.891602 0.282227
0.933594 0.330566
0.956055 0.316895
0.901367 0.263672
0.975586 0.279297
0.976074 0.270508
0.909668 0.238281
0.985840 0.256836
0.987793 0.240234
0.991699 0.228516
0.982422 0.197754
0.905273 0.222656
0.970215 0.181152
0.957520 0.173828
0.948242 0.172363
0.944336 0.164551
0.933105 0.155762
0.926758 0.154297
0.914551 0.159668
0.899414 0.190430
0.864746 0.216797
0.827637 0.247559
0.870605 0.199219
0.875977 0.190430
0.002179 0.986386
0.002179 0.991771
0.077960 0.986386
0.077960 0.991771
0.110059 0.986386
0.110059 0.991771
0.154576 0.986386
0.154576 0.991771
0.208206 0.986386
0.208206 0.991771
0.282533 0.986386
0.282533 0.991771
0.044946 0.986195
0.044946 0.991963
0.076115 0.986195
0.076115 0.991963
0.107376 0.986195
0.107376 0.991963
0.145941 0.986195
0.145941 0.991963
0.178818 0.986195
0.178818 0.991963
0.227895 0.986195
0.227895 0.991963
0.255903 0.986195
0.255903 0.991963
0.283241 0.986195
0.283241 0.991963
0.044328 0.986196
0.044328 0.991961
0.092357 0.986196
0.092357 0.991961
0.141114 0.986196
0.141114 0.991961
0.160852 0.986196
0.160852 0.991961
0.220851 0.986196
0.220851 0.991961
0.279738 0.986196
0.279738 0.991961
0.369287 0.986196
0.369287 0.991961
0.084374 0.986196
0.084374 0.991961
0.171389 0.986196
0.171389 0.991961
0.294767 0.986196
0.294767 0.991961
0.387124 0.986196
0.387124 0.991961
0.032317 0.986195
0.032317 0.991963
0.085871 0.986195
0.085871 0.991963
0.130813 0.986195
0.130813 0.991963
0.241472 0.986195
0.241472 0.991963
0.069423 0.986214
0.069423 0.991943
0.120960 0.986214
0.120960 0.991943
0.181670 0.986214
0.181670 0.991943
0.251877 0.986214
0.251877 0.991943
0.321110 0.986214
0.321110 0.991943
0.036125 0.986227
0.036125 0.991931
0.113737 0.986227
0.113737 0.991931
0.148336 0.986227
0.148336 0.991931
0.182170 0.986227
0.182170 0.991931
0.249301 0.986227
0.249301 0.991931
0.096148 0.986192
0.096148 0.991965
0.219671 0.986192
0.219671 0.991965
0.333804 0.986192
0.333804 0.991965
0.068256 0.986199
0.068256 0.991958
0.215590 0.986199
0.215590 0.991958
0.262456 0.986199
0.262456 0.991958
0.108345 0.986214
0.108345 0.991943
0.177302 0.986214
0.177302 0.991943
0.285440 0.986214
0.285440 0.991943
0.107854 0.986214
0.107854 0.991943
0.238298 0.986214
0.238298 0.991943
0.213696 0.986214
0.213696 0.991943
0.258118 0.986214
0.258118 0.991943
0.340940 0.986214
0.340940 0.991943
0.086575 0.986214
0.086575 0.991943
0.148684 0.986214
0.148684 0.991943
0.310559 0.986214
0.310559 0.991943
0.105416 0.986200
0.105416 0.991957
0.179208 0.986200
0.179208 0.991957
0.225429 0.986200
0.225429 0.991957
0.269300 0.986200
0.269300 0.991957
0.339959 0.986200
0.339959 0.991957
0.029721 0.986534
0.029721 0.991304
0.085206 0.986534
0.085206 0.991304
0.233452 0.986534
0.233452 0.991304
0.406346 0.986534
0.406346 0.991304
0.092856 0.985825
0.092856 0.992332
0.142974 0.985825
0.142974 0.992332
0.214605 0.985825
0.214605 0.992332
0.292216 0.985825
0.292216 0.992332
0.368081 0.985825
0.368081 0.992332
0.405658 0.985825
0.405658 0.992332
0.002179 0.985825
0.002179 0.992332
0.002179 0.986214
0.002179 0.991943
0.002179 0.986200
0.002179 0.991957
0.002179 0.986192
0.002179 0.991965
0.002179 0.986214
0.002179 0.991943
0.002179 0.986196
0.002179 0.991961
0.002179 0.986196
0.002179 0.991961
0.002179 0.986195
0.002179 0.991963
0.002179 0.986195
0.002179 0.991963
0.002179 0.986199
0.002179 0.991958
0.002179 0.986227
0.002179 0.991931
0.002179 0.986214
0.002179 0.991943
0.002175 0.986534
0.002175 0.991304
0.002179 0.986214
0.002179 0.991943
0.002179 0.986214
0.002179 0.991943
</float_array>
          <technique_common>
            <accessor source="#SM_Coral_Table_Acropora_03_LOD0-UV0-array" count="260" stride="2">
              <param name="S" type="float"/>
              <param name="T" type="float"/>
            </accessor>
          </technique_common>
        </source>
        <vertices id="SM_Coral_Table_Acropora_03_LOD0-VERTEX">
          <input semantic="POSITION" source="#SM_Coral_Table_Acropora_03_LOD0-POSITION"/>
        </vertices>
        <triangles count="348" material="MAT_Coral_Table">
          <input semantic="VERTEX" offset="0" source="#SM_Coral_Table_Acropora_03_LOD0-VERTEX"/>
          <input semantic="NORMAL" offset="1" source="#SM_Coral_Table_Acropora_03_LOD0-Normal0"/>
          <input semantic="TEXCOORD" offset="2" set="0" source="#SM_Coral_Table_Acropora_03_LOD0-UV0"/>
          <p> 29 0 2 12 1 1 13 2 0 29 3 2 11 4 3 12 5 1 83 6 4 11 7 3 29 8 2 83 9 4 81 10 5 11 11 3 81 12 5 30 13 6 11 14 3 81 15 5 38 16 7 30 17 6 38 18 7 31 19 8 30 20 6 38 21 7 1 22 9 31 23 8 38 24 7 0 25 10 1 26 9 32 27 11 0 28 10 38 29 7 38 30 7 33 31 12 32 32 11 38 33 7 34 34 13 33 35 12 34 36 13 37 37 14 33 38 12 35 39 15 37 40 14 34 41 13 19 42 16 37 43 14 35 44 15 19 45 16 35 46 15 36 47 17 20 48 18 37 49 14 19 50 16 38 51 7 22 52 19 34 53 13 38 54 7 41 55 20 22 56 19 41 57 20 87 58 21 22 59 19 87 60 21 41 61 20 85 62 22 87 63 21 85 64 22 39 65 23 87 66 21 39 67 23 86 68 24 41 69 20 40 70 25 85 71 22 41 72 20 42 73 26 40 74 25 41 75 20 43 76 27 42 77 26 43 78 27 44 79 28 42 80 26 43 81 27 48 82 29 44 83 28 48 84 29 2 85 30 44 86 28 48 87 29 3 88 31 2 89 30 48 90 29 45 91 32 3 92 31 48 93 29 46 94 33 45 95 32 48 96 29 47 97 34 46 98 33 48 99 29 50 100 35 47 101 34 50 102 35 49 103 36 47 104 34 50 105 35 21 106 37 49 107 36 50 108 35 51 109 38 21 110 37 50 111 35 53 112 39 51 113 38 53 114 39 52 115 40 51 116 38 53 117 39 4 118 41 52 119 40 53 120 39 54 121 42 4 122 41 53 123 39 80 124 43 54 125 42 80 126 43 55 127 44 54 128 42 80 129 43 56 130 45 55 131 44 59 132 46 56 133 45 80 134 43 59 135 46 57 136 47 56 137 45 57 138 47 58 139 48 56 140 45 58 141 48 57 142 47 5 143 49 59 144 46 6 145 50 57 146 47 59 147 46 79 148 51 6 149 50 79 150 51 23 151 52 6 152 50 79 153 51 60 154 53 23 155 52 79 156 51 24 157 54 60 158 53 79 159 51 78 160 55 24 161 54 78 162 55 25 163 56 24 164 54 78 165 55 26 166 57 25 167 56 78 168 55 61 169 58 26 170 57 61 171 58 7 172 59 26 173 57 61 174 58 64 175 60 7 176 59 64 177 60 62 178 61 7 179 59 64 180 60 63 181 62 62 182 61 64 183 60 28 184 63 63 185 62 64 186 60 77 187 64 28 188 63 77 189 64 9 190 65 28 191 63 77 192 64 8 193 66 9 194 65 77 195 64 66 196 67 8 197 66 66 198 67 27 199 68 8 200 66 66 201 67 65 202 69 27 203 68 66 204 67 69 205 70 65 206 69 69 207 70 67 208 71 65 209 69 69 210 70 18 211 72 67 212 71 69 213 70 68 214 73 18 215 72 69 216 70 70 217 74 68 218 73 69 219 70 75 220 75 70 221 74 75 222 75 71 223 76 70 224 74 75 225 75 17 226 77 71 227 76 75 228 75 72 229 78 17 230 77 75 231 75 73 232 79 72 233 78 75 234 75 16 235 80 73 236 79 75 237 75 15 238 81 16 239 80 75 240 75 74 241 82 15 242 81 75 243 75 14 244 83 74 245 82 75 246 75 10 247 84 14 248 83 76 249 85 10 250 84 75 251 75 69 252 70 76 253 85 75 254 75 66 255 67 76 256 85 69 257 70 77 258 64 76 259 85 66 260 67 64 261 60 76 262 85 77 263 64 61 264 58 76 265 85 64 266 60 78 267 55 76 268 85 61 269 58 79 270 51 76 271 85 78 272 55 59 273 46 76 274 85 79 275 51 80 276 43 76 277 85 59 278 46 53 279 39 76 280 85 80 281 43 50 282 35 76 283 85 53 284 39 48 285 29 76 286 85 50 287 35 43 288 27 76 289 85 48 290 29 41 291 20 76 292 85 43 293 27 38 294 7 76 295 85 41 296 20 81 297 5 76 298 85 38 299 7 81 300 5 10 301 84 76 302 85 81 303 5 82 304 86 10 305 84 83 306 4 82 307 86 81 308 5 83 309 4 84 310 87 82 311 86 101 312 0 100 313 1 117 314 2 100 315 1 99 316 3 117 317 2 117 318 2 99 319 3 171 320 4 99 321 3 169 322 5 171 323 4 99 324 3 118 325 6 169 326 5 118 327 6 126 328 7 169 329 5 118 330 6 119 331 8 126 332 7 119 333 8 89 334 9 126 335 7 89 336 9 88 337 10 126 338 7 126 339 7 88 340 10 120 341 11 120 342 11 121 343 12 126 344 7 121 345 12 122 346 13 126 347 7 121 348 12 125 349 14 122 350 13 122 351 13 125 352 14 123 353 15 123 354 15 125 355 14 107 356 16 124 357 17 123 358 15 107 359 16 107 360 16 125 361 14 108 362 18 122 363 13 110 364 19 126 365 7 110 366 19 129 367 20 126 368 7 110 369 19 175 370 21 129 371 20 173 372 22 129 373 20 175 374 21 127 375 23 173 376 22 175 377 21 174 378 24 127 379 23 175 380 21 173 381 22 128 382 25 129 383 20 128 384 25 130 385 26 129 386 20 130 387 26 131 388 27 129 389 20 130 390 26 132 391 28 131 392 27 132 393 28 136 394 29 131 395 27 132 396 28 90 397 30 136 398 29 90 399 30 91 400 31 136 401 29 91 402 31 133 403 32 136 404 29 133 405 32 134 406 33 136 407 29 134 408 33 135 409 34 136 410 29 135 411 34 138 412 35 136 413 29 135 414 34 137 415 36 138 416 35 137 417 36 109 418 37 138 419 35 109 420 37 139 421 38 138 422 35 139 423 38 141 424 39 138 425 35 139 426 38 140 427 40 141 428 39 140 429 40 92 430 41 141 431 39 92 432 41 142 433 42 141 434 39 142 435 42 168 436 43 141 437 39 142 438 42 143 439 44 168 440 43 143 441 44 144 442 45 168 443 43 168 444 43 144 445 45 147 446 46 144 447 45 145 448 47 147 449 46 144 450 45 146 451 48 145 452 47 93 453 49 145 454 47 146 455 48 145 456 47 94 457 50 147 458 46 94 459 50 167 460 51 147 461 46 94 462 50 111 463 52 167 464 51 111 465 52 148 466 53 167 467 51 148 468 53 112 469 54 167 470 51 112 471 54 166 472 55 167 473 51 112 474 54 113 475 56 166 476 55 113 477 56 114 478 57 166 479 55 114 480 57 149 481 58 166 482 55 114 483 57 95 484 59 149 485 58 95 486 59 152 487 60 149 488 58 95 489 59 150 490 61 152 491 60 150 492 61 151 493 62 152 494 60 151 495 62 116 496 63 152 497 60 116 498 63 165 499 64 152 500 60 116 501 63 97 502 65 165 503 64 97 504 65 96 505 66 165 506 64 96 507 66 154 508 67 165 509 64 96 510 66 115 511 68 154 512 67 115 513 68 153 514 69 154 515 67 153 516 69 157 517 70 154 518 67 153 519 69 155 520 71 157 521 70 155 522 71 106 523 72 157 524 70 106 525 72 156 526 73 157 527 70 156 528 73 158 529 74 157 530 70 158 531 74 163 532 75 157 533 70 158 534 74 159 535 76 163 536 75 159 537 76 105 538 77 163 539 75 105 540 77 160 541 78 163 542 75 160 543 78 161 544 79 163 545 75 161 546 79 104 547 80 163 548 75 104 549 80 103 550 81 163 551 75 103 552 81 162 553 82 163 554 75 162 555 82 102 556 83 163 557 75 102 558 83 98 559 84 163 560 75 163 561 75 98 562 84 164 563 85 163 564 75 164 565 85 157 566 70 157 567 70 164 568 85 154 569 67 154 570 67 164 571 85 165 572 64 165 573 64 164 574 85 152 575 60 152 576 60 164 577 85 149 578 58 149 579 58 164 580 85 166 581 55 166 582 55 164 583 85 167 584 51 167 585 51 164 586 85 147 587 46 147 588 46 164 589 85 168 590 43 168 591 43 164 592 85 141 593 39 141 594 39 164 595 85 138 596 35 138 597 35 164 598 85 136 599 29 136 600 29 164 601 85 131 602 27 131 603 27 164 604 85 129 605 20 129 606 20 164 607 85 126 608 7 126 609 7 164 610 85 169 611 5 164 612 85 98 613 84 169 614 5 98 615 84 170 616 86 169 617 5 169 618 5 170 619 86 171 620 4 170 621 86 172 622 87 171 623 4 100 624 229 13 625 226 12 626 228 13 627 226 100 628 229 101 629 227 29 630 224 13 631 226 101 632 227 29 633 224 101 634 227 117 635 225 99 636 91 12 637 88 11 638 90 12 639 88 99 640 91 100 641 89 29 642 224 171 643 223 83 644 222 171 645 223 29 646 224 117 647 225 30 648 92 99 649 91 11 650 90 99 651 91 30 652 92 118 653 93 31 654 94 118 655 93 30 656 92 118 657 93 31 658 94 119 659 95 31 660 94 1 661 96 89 662 97 31 663 94 89 664 97 119 665 95 0 666 98 89 667 97 1 668 96 89 669 97 0 670 98 88 671 99 32 672 100 88 673 245 0 674 244 88 675 245 32 676 100 120 677 101 33 678 102 120 679 101 32 680 100 120 681 101 33 682 102 121 683 103 125 684 105 33 685 102 37 686 104 33 687 102 125 688 105 121 689 103 122 690 115 35 691 112 34 692 114 35 693 112 122 694 115 123 695 113 123 696 113 36 697 110 35 698 112 36 699 110 123 700 113 124 701 111 36 702 110 107 703 109 19 704 108 107 705 109 36 706 110 124 707 111 108 708 107 125 709 105 37 710 104 37 711 104 20 712 106 108 713 107 107 714 109 20 715 106 19 716 108 20 717 106 107 718 109 108 719 107 22 720 116 122 721 243 34 722 242 122 723 243 22 724 116 110 725 117 87 726 118 110 727 117 22 728 116 110 729 117 87 730 118 175 731 119 85 732 124 127 733 123 39 734 122 127 735 123 85 736 124 173 737 125 127 738 123 86 739 120 39 740 122 86 741 120 127 742 123 174 743 121 86 744 120 175 745 119 87 746 118 175 747 119 86 748 120 174 749 121 85 750 124 40 751 126 128 752 127 85 753 124 128 754 127 173 755 125 42 756 128 128 757 127 40 758 126 128 759 127 42 760 128 130 761 129 42 762 240 44 763 130 132 764 131 42 765 240 132 766 131 130 767 241 90 768 133 132 769 131 44 770 130 44 771 130 2 772 132 90 773 133 91 774 135 90 775 133 2 776 132 2 777 132 3 778 134 91 779 135 133 780 137 91 781 135 3 782 134 3 783 134 45 784 136 133 785 137 45 786 246 46 787 138 134 788 139 45 789 246 134 790 139 133 791 247 46 792 138 47 793 140 135 794 141 46 795 138 135 796 141 134 797 139 47 798 140 49 799 142 137 800 143 47 801 140 137 802 143 135 803 141 109 804 145 49 805 142 21 806 144 49 807 142 109 808 145 137 809 143 51 810 146 109 811 239 21 812 238 109 813 239 51 814 146 139 815 147 52 816 148 139 817 147 51 818 146 139 819 147 52 820 148 140 821 149 4 822 150 140 823 149 52 824 148 140 825 149 4 826 150 92 827 151 54 828 152 92 829 151 4 830 150 92 831 151 54 832 152 142 833 153 54 834 152 55 835 154 143 836 155 54 837 152 143 838 155 142 839 153 55 840 250 56 841 156 144 842 157 55 843 250 144 844 157 143 845 251 58 846 158 144 847 157 56 848 156 144 849 157 58 850 158 146 851 159 5 852 160 57 853 162 145 854 163 5 855 160 145 856 163 93 857 161 58 858 158 5 859 160 93 860 161 58 861 158 93 862 161 146 863 159 94 864 165 145 865 163 57 866 162 57 867 162 6 868 164 94 869 165 111 870 167 94 871 237 6 872 236 6 873 236 23 874 166 111 875 167 111 876 167 60 877 168 148 878 169 60 879 168 111 880 167 23 881 166 24 882 170 148 883 169 60 884 168 148 885 169 24 886 170 112 887 171 24 888 248 25 889 172 113 890 173 24 891 248 113 892 173 112 893 249 26 894 174 113 895 173 25 896 172 113 897 173 26 898 174 114 899 175 26 900 174 7 901 176 95 902 177 26 903 174 95 904 177 114 905 175 7 906 232 62 907 178 150 908 179 7 909 232 150 910 179 95 911 233 62 912 178 63 913 180 151 914 181 62 915 178 151 916 181 150 917 179 116 918 183 63 919 180 28 920 182 63 921 180 116 922 183 151 923 181 9 924 184 116 925 257 28 926 256 116 927 257 9 928 184 97 929 185 8 930 186 97 931 185 9 932 184 97 933 185 8 934 186 96 935 187 115 936 189 96 937 253 8 938 252 8 939 252 27 940 188 115 941 189 153 942 191 115 943 189 27 944 188 27 945 188 65 946 190 153 947 191 155 948 193 153 949 191 65 950 190 65 951 190 67 952 192 155 953 193 67 954 258 18 955 194 106 956 195 67 957 258 106 958 195 155 959 259 18 960 194 68 961 196 156 962 197 18 963 194 156 964 197 106 965 195 70 966 198 156 967 197 68 968 196 156 969 197 70 970 198 158 971 199 71 972 200 158 973 235 70 974 234 158 975 235 71 976 200 159 977 201 105 978 203 71 979 200 17 980 202 71 981 200 105 982 203 159 983 201 17 984 202 72 985 204 160 986 205 17 987 202 160 988 205 105 989 203 73 990 206 160 991 205 72 992 204 160 993 205 73 994 206 161 995 207 73 996 206 16 997 208 104 998 209 73 999 206 104 1000 209 161 1001 207 16 1002 254 15 1003 210 103 1004 211 16 1005 254 103 1006 211 104 1007 255 74 1008 212 103 1009 211 15 1010 210 103 1011 211 74 1012 212 162 1013 213 14 1014 214 162 1015 213 74 1016 212 162 1017 213 14 1018 214 102 1019 215 14 1020 214 10 1021 216 98 1022 217 14 1023 214 98 1024 217 102 1025 215 98 1026 231 82 1027 218 170 1028 219 82 1029 218 98 1030 231 10 1031 230 171 1032 223 172 1033 221 84 1034 220 84 1035 220 83 1036 222 171 1037 223 170 1038 219 84 1039 220 172 1040 221 84 1041 220 170 1042 219 82 1043 218</p>
        </triangles>
      </mesh>
    </geometry>
    <geometry id="SM_Coral_Table_Acropora_03_LOD1-lib" name="SM_Coral_Table_Acropora_03_LOD1Mesh">
      <mesh>
        <source id="SM_Coral_Table_Acropora_03_LOD1-POSITION">
          <float_array id="SM_Coral_Table_Acropora_03_LOD1-POSITION-array" count="423">
3.900192 26.466248 11.276278
-11.107941 -33.868347 8.505552
-34.678833 24.357483 7.317250
16.012848 -30.397156 11.276286
49.388107 -3.757385 12.613203
-47.342850 -5.800171 10.884129
26.653458 -29.680359 10.882037
22.015060 33.976013 10.571968
-26.638474 39.228516 10.177946
-7.970444 2.903198 0.000000
-7.964203 2.897583 0.399911
-48.119965 12.158997 9.227975
8.955322 -17.033752 9.111978
41.798233 -20.275208 11.406276
-16.131516 -34.462708 7.318862
2.976044 -38.916260 10.881705
-32.204132 -21.906616 7.037508
-36.561813 31.581848 7.450109
17.259888 -17.078552 6.846908
-6.187500 -34.945862 9.368911
-8.215683 31.705017 10.905847
8.683044 -31.620605 10.880711
36.799789 27.117065 9.320191
43.981522 10.781677 12.142456
-20.231644 -10.765381 6.713646
-6.876816 -38.937988 9.581644
-21.144211 17.319946 6.141184
34.192200 -23.345093 11.276284
19.050797 -5.802124 7.220515
-2.031998 14.681885 7.220513
-46.104202 -2.248169 11.276282
-21.093155 17.282104 6.536099
5.099335 -8.034668 6.842137
-20.275955 -10.820496 6.319943
-21.368179 -33.661194 7.036736
9.958740 31.169617 10.905196
19.109314 -5.839233 6.826564
-1.498642 -35.695129 10.440419
-11.909622 -37.621399 8.333715
-41.364029 22.430969 7.317250
-26.868622 8.840759 6.478830
-26.801620 8.826904 6.872935
-43.689545 -13.267517 9.838925
7.019730 18.520996 6.842912
22.369614 -27.789673 11.276285
-15.809464 -31.093323 7.672565
-45.700562 14.681152 8.323368
-18.159103 38.756836 11.261190
7.034958 18.389893 7.220510
9.211212 -21.860229 10.892156
-7.118256 -16.001465 7.128797
-34.195114 31.706360 7.221881
-2.035324 14.856689 6.860751
47.384033 6.174011 12.613192
-7.102280 -16.087524 6.738492
14.219604 -32.427734 11.276286
6.144882 -36.519897 11.276285
-12.492920 -31.387634 7.771152
46.065781 -14.501831 12.103406
-7.727173 -36.445496 9.102782
17.889313 8.445923 6.828464
17.813080 8.423889 7.220514
-49.309265 7.805115 10.680186
-11.039734 35.326782 11.276278
11.846603 -26.823364 10.876285
32.787964 -26.077881 11.276285
29.054764 31.731934 10.047651
-31.700790 35.480286 8.561407
1.573761 28.788330 11.276278
-25.868256 -5.224548 6.571459
-25.783112 -5.202942 6.961695
-17.288239 21.158569 6.560379
-17.301346 21.063049 6.948589
0.403198 -14.434265 6.836456
-44.457443 18.649841 7.415261
-48.106552 0.189514 10.886394
-9.168259 -39.274536 9.558086
-36.965347 29.240417 6.918663
0.333771 -14.346619 7.220517
-28.716141 -26.475586 7.036643
-4.441544 -35.937073 10.257284
7.055298 -33.350159 10.885159
-36.582550 22.967773 6.917530
43.590363 13.950195 11.931611
37.389755 -22.840637 10.882091
14.541275 32.782837 11.276278
7.004166 -14.020752 8.667851
14.462173 15.064819 6.827162
14.417786 15.007324 7.220513
-9.501968 19.112183 7.220510
-9.444016 19.240784 6.846220
28.898407 -29.056702 11.276285
47.959167 0.322388 13.004541
-28.461090 2.467285 6.832157
-28.366623 2.483215 7.220514
-45.921585 -7.346252 10.810184
-17.431870 -34.919373 7.688590
20.752945 -0.435242 6.828921
20.671432 -0.438416 7.220515
-37.161911 -18.496582 7.749725
-22.271561 12.925415 6.823191
-22.354218 12.958801 6.433250
-21.379471 -33.649841 7.436416
-11.028976 -33.908447 8.115480
-16.042450 -13.923584 6.567849
-16.026688 -13.855835 6.961761
-7.816696 -36.406555 9.490687
-15.774155 -31.107849 7.274392
-34.686172 24.369446 6.917497
-34.222107 31.666626 7.618986
8.631744 -31.590820 11.276286
5.036804 -7.921021 7.220516
9.104675 -21.827148 11.276284
-28.707733 -26.465149 7.436418
-9.084366 -39.324341 9.170165
11.846603 -26.823364 11.276285
-6.272308 -34.900391 9.757166
-32.174698 -21.904236 7.436418
1.634064 28.890320 10.894231
46.140381 -14.500671 11.710425
-12.527435 -31.358582 8.168597
-41.387604 22.420227 6.918090
-46.181763 -2.266113 10.884283
22.034134 33.882263 10.960356
6.981400 -33.310669 11.276285
-48.048416 12.225220 9.615918
-31.656967 35.560547 8.171995
-10.973206 35.425781 10.894478
43.899307 10.797424 12.533598
36.843170 27.126770 8.922670
3.882431 26.590698 10.896553
-24.089157 -30.609253 7.436418
7.066437 -14.116394 8.284471
-11.249893 -35.791321 8.219473
-49.388107 7.746948 10.292379
-4.361191 -35.987244 9.868665
43.672440 13.898071 11.543604
14.502670 32.909302 10.898779
-48.031723 0.238403 11.276281
29.046127 31.805908 9.654649
49.307083 -3.774414 13.004542
</float_array>
          <technique_common>
            <accessor source="#SM_Coral_Table_Acropora_03_LOD1-POSITION-array" count="141" stride="3">
              <param name="X" type="float"/>
              <param name="Y" type="float"/>
              <param name="Z" type="float"/>
            </accessor>
          </technique_common>
        </source>
        <source id="SM_Coral_Table_Acropora_03_LOD1-Normal0">
          <float_array id="SM_Coral_Table_Acropora_03_LOD1-Normal0-array" count="2502">
0.165201 -0.033607 0.985687
0.015599 -0.014176 0.999778
0.205829 -0.082816 0.975077
0.144787 0.320436 -0.936140
-0.015813 0.013851 -0.999779
0.031780 0.243626 -0.969348
-0.039433 0.213688 0.976106
0.015599 -0.014176 0.999778
0.039415 0.169270 0.984781
0.190316 0.054958 -0.980183
-0.015813 0.013851 -0.999779
0.110597 0.143924 -0.983389
0.108434 0.024323 -0.993806
0.205031 -0.130721 -0.969987
0.190316 0.054958 -0.980183
-0.190585 -0.055086 0.980124
-0.205199 0.130217 0.970019
-0.108457 -0.024338 0.993803
0.040546 -0.215136 -0.975742
-0.015813 0.013851 -0.999779
0.173500 -0.218484 -0.960293
-0.039433 0.213688 0.976106
0.039415 0.169270 0.984781
-0.086278 0.072753 0.993611
0.015599 -0.014176 0.999778
-0.155936 0.279900 0.947280
-0.149827 0.083746 0.985159
0.148000 -0.096623 -0.984256
0.156502 -0.282186 -0.946508
-0.015813 0.013851 -0.999779
-0.110965 -0.143730 0.983376
-0.190585 -0.055086 0.980124
-0.108457 -0.024338 0.993803
-0.038484 0.327427 -0.944092
-0.015813 0.013851 -0.999779
-0.006635 0.433939 -0.900918
0.165201 -0.033607 0.985687
0.205829 -0.082816 0.975077
0.039844 0.021890 0.998966
-0.653381 0.746866 0.123629
0.139000 0.260015 -0.955548
0.031780 0.243626 -0.969348
-0.235761 -0.039838 -0.970994
-0.015813 0.013851 -0.999779
-0.212547 -0.053701 -0.975674
-0.039199 -0.168824 -0.984866
-0.015813 0.013851 -0.999779
0.040546 -0.215136 -0.975742
-0.032762 -0.238756 0.970527
-0.143707 -0.317592 0.937274
-0.132761 -0.245793 0.960187
0.038496 -0.324100 0.945239
0.047658 -0.234399 0.970972
0.068944 -0.303729 0.950261
-0.186970 -0.122330 -0.974719
-0.197011 -0.145461 -0.969550
-0.235761 -0.039838 -0.970994
0.165201 -0.033607 0.985687
0.039844 0.021890 0.998966
-0.807407 -0.588250 0.045348
-0.173550 0.219065 0.960151
0.015599 -0.014176 0.999778
-0.039433 0.213688 0.976106
0.116116 -0.155378 -0.981007
0.040546 -0.215136 -0.975742
0.173500 -0.218484 -0.960293
0.207036 0.088054 -0.974363
0.178811 -0.021813 -0.983642
0.204404 0.008042 -0.978854
-0.202884 -0.007769 0.979172
-0.186505 -0.002815 0.982450
-0.202563 -0.042487 0.978347
0.087069 -0.072745 -0.993543
0.077116 -0.054228 -0.995546
-0.039199 -0.168824 -0.984866
0.039415 0.169270 0.984781
-0.064935 0.026418 0.997540
-0.086278 0.072753 0.993611
-0.039433 0.213688 0.976106
0.938263 -0.217070 0.269339
0.106356 -0.989732 0.095494
0.116116 -0.155378 -0.981007
-0.625125 -0.779677 -0.036359
0.040546 -0.215136 -0.975742
0.206992 0.050587 0.977034
0.015599 -0.014176 0.999778
0.236170 0.039860 0.970894
-0.193783 -0.045035 -0.980010
-0.235761 -0.039838 -0.970994
-0.212547 -0.053701 -0.975674
0.131906 0.221794 -0.966131
0.572990 0.757904 0.311871
0.031780 0.243626 -0.969348
0.127644 -0.094709 0.987288
-0.095303 -0.125765 0.987472
-0.043894 -0.077764 0.996005
-0.149827 0.083746 0.985159
0.418662 -0.886617 0.196552
0.736914 -0.657694 0.156196
0.736914 -0.657694 0.156196
0.418662 -0.886617 0.196552
0.148000 -0.096623 -0.984256
0.087069 -0.072745 -0.993543
-0.039199 -0.168824 -0.984866
0.040546 -0.215136 -0.975742
-0.039433 0.213688 0.976106
-0.219325 0.099088 0.970607
-0.212028 0.113614 0.970637
0.139000 0.260015 -0.955548
0.144787 0.320436 -0.936140
0.031780 0.243626 -0.969348
-0.143707 -0.317592 0.937274
-0.162379 -0.242237 0.956532
0.908794 0.145367 0.391103
0.023282 -0.017752 -0.999571
0.146039 -0.086576 -0.985483
0.284706 -0.077203 -0.955501
-0.266342 0.082720 0.960322
-0.128249 0.074514 0.988939
-0.000000 0.000000 1.000000
0.108434 0.024323 -0.993806
0.190316 0.054958 -0.980183
0.110597 0.143924 -0.983389
-0.110965 -0.143730 0.983376
-0.108457 -0.024338 0.993803
0.021588 -0.184977 0.982506
0.608558 -0.789776 0.076885
0.185495 0.965450 0.183024
0.204404 0.008042 -0.978854
-0.202884 -0.007769 0.979172
0.185495 0.965450 0.183024
0.608558 -0.789776 0.076885
0.206992 0.050587 0.977034
-0.806456 -0.577661 0.126240
-0.995987 0.063020 0.063549
0.039415 0.169270 0.984781
0.021040 0.026110 0.999438
0.019493 0.018941 0.999631
-0.180149 0.062121 0.981676
-0.181212 0.082776 0.979954
-0.219325 0.099088 0.970607
0.220179 -0.105997 -0.969684
0.223865 -0.097175 -0.969764
0.209741 -0.124438 -0.969806
-0.807407 -0.588250 0.045348
-0.058768 -0.027074 -0.997904
-0.167409 0.034631 -0.985279
-0.018096 0.029847 -0.999391
0.037867 0.132675 -0.990436
-0.127432 0.094765 -0.987310
-0.149827 0.083746 0.985159
0.373205 -0.924134 0.081816
-0.188261 -0.982079 0.008898
-0.188261 -0.982079 0.008898
0.373205 -0.924134 0.081816
0.148000 -0.096623 -0.984256
-0.149827 0.083746 0.985159
-0.155936 0.279900 0.947280
-0.503796 -0.698398 -0.508360
-0.149827 0.083746 0.985159
-0.503796 -0.698398 -0.508360
-0.547394 -0.786308 0.286495
-0.110965 -0.143730 0.983376
0.015599 -0.014176 0.999778
-0.190585 -0.055086 0.980124
-0.032762 -0.238756 0.970527
0.015599 -0.014176 0.999778
-0.143707 -0.317592 0.937274
-0.242054 -0.969287 -0.043500
-0.193783 -0.045035 -0.980010
-0.212547 -0.053701 -0.975674
0.206992 0.050587 0.977034
0.187728 0.000041 0.982221
-0.242054 -0.969287 -0.043500
-0.032762 -0.238756 0.970527
-0.132761 -0.245793 0.960187
-0.653381 0.746866 0.123629
-0.032762 -0.238756 0.970527
0.572990 0.757904 0.311871
-0.109545 -0.200599 0.973530
0.146039 -0.086576 -0.985483
0.173500 -0.218484 -0.960293
0.284706 -0.077203 -0.955501
-0.173550 0.219065 0.960151
-0.155936 0.279900 0.947280
0.015599 -0.014176 0.999778
-0.995987 0.063020 0.063549
-0.806456 -0.577661 0.126240
-0.212547 -0.053701 -0.975674
0.043999 -0.063860 -0.996988
-0.021253 -0.025441 -0.999450
-0.039199 -0.168824 -0.984866
-0.064935 0.026418 0.997540
0.039415 0.169270 0.984781
-0.028216 0.028378 0.999199
0.043999 -0.063860 -0.996988
-0.039199 -0.168824 -0.984866
0.077116 -0.054228 -0.995546
-0.042837 0.309984 -0.949776
-0.829830 0.518944 0.205134
-0.038484 0.327427 -0.944092
0.038496 -0.324100 0.945239
-0.829830 0.518944 0.205134
0.064532 -0.303271 0.950717
-0.503796 -0.698398 -0.508360
0.156502 -0.282186 -0.946508
0.148000 -0.096623 -0.984256
-0.547394 -0.786308 0.286495
-0.503796 -0.698398 -0.508360
0.148000 -0.096623 -0.984256
0.212088 -0.113292 -0.970661
0.197448 -0.100107 -0.975188
0.040546 -0.215136 -0.975742
-0.116660 0.138668 0.983444
0.938263 -0.217070 0.269339
-0.039433 0.213688 0.976106
0.197448 -0.100107 -0.975188
0.223865 -0.097175 -0.969764
0.220179 -0.105997 -0.969684
-0.180149 0.062121 0.981676
-0.219325 0.099088 0.970607
-0.908371 -0.418003 -0.011632
-0.058768 -0.027074 -0.997904
0.109574 0.972766 -0.204256
-0.205406 0.083101 -0.975142
0.205829 -0.082816 0.975077
0.109574 0.972766 -0.204256
0.039844 0.021890 0.998966
-0.205406 0.083101 -0.975142
-0.015813 0.013851 -0.999779
-0.167409 0.034631 -0.985279
-0.058768 -0.027074 -0.997904
-0.205406 0.083101 -0.975142
-0.167409 0.034631 -0.985279
0.236170 0.039860 0.970894
0.197136 0.145499 0.969519
0.187085 0.122147 0.974720
0.206992 0.050587 0.977034
0.236170 0.039860 0.970894
0.187728 0.000041 0.982221
0.206992 0.050587 0.977034
-0.777927 -0.576073 0.250938
-0.806456 -0.577661 0.126240
-0.806456 -0.577661 0.126240
-0.777927 -0.576073 0.250938
-0.212547 -0.053701 -0.975674
-0.021454 0.184641 -0.982572
0.108434 0.024323 -0.993806
0.110597 0.143924 -0.983389
-0.096402 0.316177 -0.943790
-0.047566 0.234265 -0.971008
-0.038484 0.327427 -0.944092
-0.149827 0.083746 0.985159
-0.547394 -0.786308 0.286495
-0.020432 -0.998334 0.053965
-0.020432 -0.998334 0.053965
-0.547394 -0.786308 0.286495
0.148000 -0.096623 -0.984256
0.395485 -0.905151 0.155864
0.043999 -0.063860 -0.996988
0.077116 -0.054228 -0.995546
-0.064935 0.026418 0.997540
-0.028216 0.028378 0.999199
0.395485 -0.905151 0.155864
0.165201 -0.033607 0.985687
0.006765 0.953304 -0.301935
0.185059 0.212273 0.959528
-0.178711 -0.165512 -0.969881
0.006765 0.953304 -0.301935
-0.167409 0.034631 -0.985279
0.572990 0.757904 0.311871
-0.653381 0.746866 0.123629
0.031780 0.243626 -0.969348
-0.032762 -0.238756 0.970527
-0.653381 0.746866 0.123629
0.572990 0.757904 0.311871
0.008298 -0.437037 0.899405
0.015599 -0.014176 0.999778
0.038496 -0.324100 0.945239
0.008298 -0.437037 0.899405
0.038496 -0.324100 0.945239
0.064532 -0.303271 0.950717
-0.173550 0.219065 0.960151
-0.155652 0.239049 0.958451
-0.155936 0.279900 0.947280
0.173500 -0.218484 -0.960293
0.187108 -0.230120 -0.955006
0.284706 -0.077203 -0.955501
-0.039433 0.213688 0.976106
-0.625125 -0.779677 -0.036359
-0.184746 0.098731 0.977814
-0.173550 0.219065 0.960151
-0.039433 0.213688 0.976106
-0.184746 0.098731 0.977814
-0.095303 -0.125765 0.987472
-0.976859 0.104128 -0.186825
-0.043894 -0.077764 0.996005
-0.018096 0.029847 -0.999391
-0.976859 0.104128 -0.186825
0.037867 0.132675 -0.990436
0.908794 0.145367 0.391103
0.152206 0.254089 -0.955129
0.144787 0.320436 -0.936140
-0.042837 0.309984 -0.949776
-0.038484 0.327427 -0.944092
-0.006635 0.433939 -0.900918
-0.202884 -0.007769 0.979172
0.608558 -0.789776 0.076885
-0.191304 0.008542 0.981494
0.205425 -0.039464 -0.977877
0.608558 -0.789776 0.076885
0.204404 0.008042 -0.978854
0.040546 -0.215136 -0.975742
0.938263 -0.217070 0.269339
0.202151 -0.124946 -0.971351
0.106356 -0.989732 0.095494
0.938263 -0.217070 0.269339
0.040546 -0.215136 -0.975742
0.790495 -0.612024 0.023342
0.146039 -0.086576 -0.985483
0.023282 -0.017752 -0.999571
-0.000000 0.000000 1.000000
-0.128249 0.074514 0.988939
0.790495 -0.612024 0.023342
-0.625125 -0.779677 -0.036359
0.106356 -0.989732 0.095494
0.040546 -0.215136 -0.975742
-0.039433 0.213688 0.976106
0.106356 -0.989732 0.095494
-0.625125 -0.779677 -0.036359
0.197448 -0.100107 -0.975188
0.087069 -0.072745 -0.993543
0.040546 -0.215136 -0.975742
-0.039433 0.213688 0.976106
-0.086278 0.072753 0.993611
-0.219325 0.099088 0.970607
0.178811 -0.021813 -0.983642
-0.188261 -0.982079 0.008898
0.148000 -0.096623 -0.984256
-0.149827 0.083746 0.985159
-0.188261 -0.982079 0.008898
-0.186505 -0.002815 0.982450
-0.219325 0.099088 0.970607
-0.181212 0.082776 0.979954
-0.212028 0.113614 0.970637
0.212088 -0.113292 -0.970661
0.223865 -0.097175 -0.969764
0.197448 -0.100107 -0.975188
0.204404 0.008042 -0.978854
-0.015813 0.013851 -0.999779
0.190316 0.054958 -0.980183
0.205425 -0.039464 -0.977877
0.204404 0.008042 -0.978854
0.190316 0.054958 -0.980183
-0.190585 -0.055086 0.980124
0.015599 -0.014176 0.999778
-0.202884 -0.007769 0.979172
-0.190585 -0.055086 0.980124
-0.202884 -0.007769 0.979172
-0.191304 0.008542 0.981494
0.236170 0.039860 0.970894
0.185059 0.212273 0.959528
0.197136 0.145499 0.969519
-0.197011 -0.145461 -0.969550
-0.178711 -0.165512 -0.969881
-0.235761 -0.039838 -0.970994
0.139000 0.260015 -0.955548
0.908794 0.145367 0.391103
0.144787 0.320436 -0.936140
-0.143707 -0.317592 0.937274
0.908794 0.145367 0.391103
-0.132761 -0.245793 0.960187
-0.000000 0.000000 1.000000
0.790495 -0.612024 0.023342
0.749066 -0.661515 0.036031
0.749066 -0.661515 0.036031
0.790495 -0.612024 0.023342
0.023282 -0.017752 -0.999571
0.565930 -0.753086 0.335536
0.736914 -0.657694 0.156196
0.148000 -0.096623 -0.984256
-0.149827 0.083746 0.985159
0.736914 -0.657694 0.156196
0.565930 -0.753086 0.335536
-0.110965 -0.143730 0.983376
0.021588 -0.184977 0.982506
0.047658 -0.234399 0.970972
-0.047566 0.234265 -0.971008
-0.021454 0.184641 -0.982572
0.110597 0.143924 -0.983389
0.127644 -0.094709 0.987288
-0.109545 -0.200599 0.973530
-0.095303 -0.125765 0.987472
0.037867 0.132675 -0.990436
0.131906 0.221794 -0.966131
-0.127432 0.094765 -0.987310
0.152206 0.254089 -0.955129
-0.042837 0.309984 -0.949776
-0.006635 0.433939 -0.900918
0.008298 -0.437037 0.899405
0.064532 -0.303271 0.950717
-0.162379 -0.242237 0.956532
-0.212547 -0.053701 -0.975674
-0.015813 0.013851 -0.999779
-0.110486 -0.137232 -0.984358
-0.073473 -0.005842 -0.997280
-0.212547 -0.053701 -0.975674
-0.110486 -0.137232 -0.984358
0.110797 0.137706 0.984257
0.015599 -0.014176 0.999778
0.206992 0.050587 0.977034
0.110797 0.137706 0.984257
0.206992 0.050587 0.977034
0.049141 0.015387 0.998673
0.031780 0.243626 -0.969348
-0.015813 0.013851 -0.999779
-0.127432 0.094765 -0.987310
0.131906 0.221794 -0.966131
0.031780 0.243626 -0.969348
-0.127432 0.094765 -0.987310
0.127644 -0.094709 0.987288
0.015599 -0.014176 0.999778
-0.032762 -0.238756 0.970527
0.127644 -0.094709 0.987288
-0.032762 -0.238756 0.970527
-0.109545 -0.200599 0.973530
0.156502 -0.282186 -0.946508
0.187108 -0.230120 -0.955006
0.173500 -0.218484 -0.960293
-0.015813 0.013851 -0.999779
0.156502 -0.282186 -0.946508
0.173500 -0.218484 -0.960293
0.165201 -0.033607 0.985687
-0.807407 -0.588250 0.045348
0.006765 0.953304 -0.301935
0.006765 0.953304 -0.301935
-0.807407 -0.588250 0.045348
-0.167409 0.034631 -0.985279
-0.193783 -0.045035 -0.980010
-0.186970 -0.122330 -0.974719
-0.235761 -0.039838 -0.970994
0.236170 0.039860 0.970894
0.187085 0.122147 0.974720
0.187728 0.000041 0.982221
0.209741 -0.124438 -0.969806
0.223865 -0.097175 -0.969764
0.904373 -0.425025 0.038260
0.904373 -0.425025 0.038260
-0.181212 0.082776 0.979954
-0.180149 0.062121 0.981676
-0.976859 0.104128 -0.186825
-0.095303 -0.125765 0.987472
-0.981829 0.140180 0.127914
-0.981829 0.140180 0.127914
0.037867 0.132675 -0.990436
-0.976859 0.104128 -0.186825
-0.266342 0.082720 0.960322
-0.155652 0.239049 0.958451
-0.173550 0.219065 0.960151
-0.266342 0.082720 0.960322
-0.173550 0.219065 0.960151
-0.128249 0.074514 0.988939
0.110797 0.137706 0.984257
0.049141 0.015387 0.998673
0.021040 0.026110 0.999438
-0.021253 -0.025441 -0.999450
-0.073473 -0.005842 -0.997280
-0.110486 -0.137232 -0.984358
-0.039433 0.213688 0.976106
-0.212028 0.113614 0.970637
-0.116660 0.138668 0.983444
0.202151 -0.124946 -0.971351
0.212088 -0.113292 -0.970661
0.040546 -0.215136 -0.975742
-0.173550 0.219065 0.960151
-0.184746 0.098731 0.977814
-0.128249 0.074514 0.988939
0.146039 -0.086576 -0.985483
0.116116 -0.155378 -0.981007
0.173500 -0.218484 -0.960293
0.109574 0.972766 -0.204256
-0.018096 0.029847 -0.999391
-0.205406 0.083101 -0.975142
0.205829 -0.082816 0.975077
-0.043894 -0.077764 0.996005
0.109574 0.972766 -0.204256
-0.190585 -0.055086 0.980124
-0.191304 0.008542 0.981494
-0.205199 0.130217 0.970019
0.205031 -0.130721 -0.969987
0.205425 -0.039464 -0.977877
0.190316 0.054958 -0.980183
-0.149827 0.083746 0.985159
0.565930 -0.753086 0.335536
0.373205 -0.924134 0.081816
0.373205 -0.924134 0.081816
0.565930 -0.753086 0.335536
0.148000 -0.096623 -0.984256
-0.829830 0.518944 0.205134
-0.096402 0.316177 -0.943790
-0.038484 0.327427 -0.944092
0.038496 -0.324100 0.945239
0.068944 -0.303729 0.950261
-0.829830 0.518944 0.205134
0.187108 -0.230120 -0.955006
0.894779 0.082267 -0.438866
0.284706 -0.077203 -0.955501
-0.266342 0.082720 0.960322
0.894779 0.082267 -0.438866
-0.155652 0.239049 0.958451
0.110597 0.143924 -0.983389
-0.015813 0.013851 -0.999779
-0.038484 0.327427 -0.944092
-0.047566 0.234265 -0.971008
0.110597 0.143924 -0.983389
-0.038484 0.327427 -0.944092
0.038496 -0.324100 0.945239
0.015599 -0.014176 0.999778
-0.110965 -0.143730 0.983376
0.038496 -0.324100 0.945239
-0.110965 -0.143730 0.983376
0.047658 -0.234399 0.970972
-0.143707 -0.317592 0.937274
0.015599 -0.014176 0.999778
0.008298 -0.437037 0.899405
-0.143707 -0.317592 0.937274
0.008298 -0.437037 0.899405
-0.162379 -0.242237 0.956532
-0.006635 0.433939 -0.900918
-0.015813 0.013851 -0.999779
0.144787 0.320436 -0.936140
0.152206 0.254089 -0.955129
-0.006635 0.433939 -0.900918
0.144787 0.320436 -0.936140
0.418662 -0.886617 0.196552
-0.020432 -0.998334 0.053965
0.148000 -0.096623 -0.984256
-0.149827 0.083746 0.985159
-0.020432 -0.998334 0.053965
0.418662 -0.886617 0.196552
-0.202884 -0.007769 0.979172
-0.202563 -0.042487 0.978347
0.185495 0.965450 0.183024
0.185495 0.965450 0.183024
0.207036 0.088054 -0.974363
0.204404 0.008042 -0.978854
-0.167409 0.034631 -0.985279
-0.015813 0.013851 -0.999779
-0.235761 -0.039838 -0.970994
-0.178711 -0.165512 -0.969881
-0.167409 0.034631 -0.985279
-0.235761 -0.039838 -0.970994
0.236170 0.039860 0.970894
0.015599 -0.014176 0.999778
0.165201 -0.033607 0.985687
0.236170 0.039860 0.970894
0.165201 -0.033607 0.985687
0.185059 0.212273 0.959528
0.206992 0.050587 0.977034
-0.242054 -0.969287 -0.043500
-0.777927 -0.576073 0.250938
-0.777927 -0.576073 0.250938
-0.242054 -0.969287 -0.043500
-0.212547 -0.053701 -0.975674
0.223813 -0.913145 -0.340697
0.395485 -0.905151 0.155864
0.077116 -0.054228 -0.995546
-0.064935 0.026418 0.997540
0.395485 -0.905151 0.155864
0.223813 -0.913145 -0.340697
0.148000 -0.096623 -0.984256
-0.015813 0.013851 -0.999779
0.204404 0.008042 -0.978854
0.178811 -0.021813 -0.983642
0.148000 -0.096623 -0.984256
0.204404 0.008042 -0.978854
-0.202884 -0.007769 0.979172
0.015599 -0.014176 0.999778
-0.149827 0.083746 0.985159
-0.202884 -0.007769 0.979172
-0.149827 0.083746 0.985159
-0.186505 -0.002815 0.982450
0.206992 0.050587 0.977034
-0.995987 0.063020 0.063549
0.049141 0.015387 0.998673
-0.073473 -0.005842 -0.997280
-0.995987 0.063020 0.063549
-0.212547 -0.053701 -0.975674
0.205829 -0.082816 0.975077
0.015599 -0.014176 0.999778
0.127644 -0.094709 0.987288
0.127644 -0.094709 0.987288
-0.043894 -0.077764 0.996005
0.205829 -0.082816 0.975077
-0.127432 0.094765 -0.987310
-0.015813 0.013851 -0.999779
-0.205406 0.083101 -0.975142
-0.205406 0.083101 -0.975142
-0.018096 0.029847 -0.999391
-0.127432 0.094765 -0.987310
-0.725489 -0.647276 0.233877
-0.550227 -0.834642 0.024982
-0.632775 -0.664445 0.397629
-0.632775 -0.664445 0.397629
-0.726065 -0.647080 0.232632
-0.725489 -0.647276 0.233877
-0.307164 -0.951480 0.018348
-0.547044 -0.837063 0.008321
-0.550227 -0.834642 0.024982
-0.967377 -0.201680 -0.153320
-0.621965 0.159950 -0.766535
-0.956700 -0.224739 -0.184978
-0.544657 -0.838416 -0.020193
-0.967377 -0.201680 -0.153320
-0.956700 -0.224739 -0.184978
-0.967377 -0.201680 -0.153320
-0.544657 -0.838416 -0.020193
-0.525884 -0.850384 -0.017115
-0.110486 -0.137232 -0.984358
-0.015813 0.013851 -0.999779
-0.039199 -0.168824 -0.984866
-0.021253 -0.025441 -0.999450
-0.110486 -0.137232 -0.984358
-0.039199 -0.168824 -0.984866
0.039415 0.169270 0.984781
0.015599 -0.014176 0.999778
0.110797 0.137706 0.984257
0.039415 0.169270 0.984781
0.110797 0.137706 0.984257
0.021040 0.026110 0.999438
0.780017 -0.569890 0.258455
0.945829 -0.217277 0.241241
0.936003 -0.254837 0.242811
0.945829 -0.217277 0.241241
0.093782 -0.985723 0.139839
0.936003 -0.254837 0.242811
0.093782 -0.985723 0.139839
0.945829 -0.217277 0.241241
0.110982 -0.983454 0.143181
0.990319 -0.104275 0.091623
0.648274 -0.755134 0.097538
0.582949 -0.806971 0.094705
0.582949 -0.806971 0.094705
-0.525884 -0.850384 -0.017115
-0.544657 -0.838416 -0.020193
-0.525884 -0.850384 -0.017115
0.582949 -0.806971 0.094705
0.648274 -0.755134 0.097538
-0.905744 -0.423807 0.003947
-0.971428 0.236027 0.024899
-0.972917 0.229828 0.024741
-0.448988 0.893370 0.017333
-0.972917 0.229828 0.024741
-0.971428 0.236027 0.024899
-0.505295 0.861009 0.057802
-0.733519 0.677694 0.051774
-0.736874 0.674141 0.050505
-0.505295 0.861009 0.057802
-0.736874 0.674141 0.050505
-0.506928 0.860061 0.057618
-0.043002 0.994396 0.096575
-0.505295 0.861009 0.057802
-0.506928 0.860061 0.057618
0.857250 -0.476692 0.194646
0.303261 -0.944456 0.126631
0.346664 -0.928576 0.132557
0.303261 -0.944456 0.126631
0.857250 -0.476692 0.194646
0.851961 -0.486360 0.193949
-0.147896 -0.987463 0.055172
0.346664 -0.928576 0.132557
0.303261 -0.944456 0.126631
0.903261 0.427546 0.036382
0.423020 -0.842629 0.333212
0.742710 -0.592388 0.312183
0.423020 -0.842629 0.333212
0.903261 0.427546 0.036382
0.897453 0.439893 0.032734
-0.590841 -0.794380 0.140953
0.742710 -0.592388 0.312183
0.423020 -0.842629 0.333212
0.912659 0.395086 0.104690
0.930596 0.321148 0.175655
0.932919 0.311861 0.180014
0.777323 0.627078 0.050422
0.932919 0.311861 0.180014
0.930596 0.321148 0.175655
0.932919 0.311861 0.180014
0.777323 0.627078 0.050422
0.779923 0.623747 0.051571
-0.726065 -0.647080 0.232632
-0.688672 -0.723517 0.047486
-0.687783 -0.724362 0.047483
-0.726065 -0.647080 0.232632
-0.687783 -0.724362 0.047483
-0.725489 -0.647276 0.233877
0.780017 -0.569890 0.258455
-0.206671 -0.975094 0.080496
-0.198529 -0.976621 0.082452
-0.721037 -0.327376 -0.610680
-0.198529 -0.976621 0.082452
-0.206671 -0.975094 0.080496
0.651077 0.759011 0.000000
0.779923 0.623747 0.051571
0.777323 0.627078 0.050422
0.093782 -0.985723 0.139839
-0.221131 -0.972312 0.075566
-0.234390 -0.969453 0.072267
-0.221131 -0.972312 0.075566
0.093782 -0.985723 0.139839
0.110982 -0.983454 0.143181
-0.561565 -0.826132 0.046366
-0.687783 -0.724362 0.047483
-0.688672 -0.723517 0.047486
0.494012 0.825651 0.272493
0.056453 0.939777 0.337094
0.096533 0.936950 0.335867
0.096533 0.936950 0.335867
0.491429 0.827099 0.272773
0.494012 0.825651 0.272493
0.639151 0.709719 0.296285
0.494012 0.825651 0.272493
0.491429 0.827099 0.272773
0.786751 -0.599369 0.147581
0.875983 -0.452881 0.165990
0.874819 -0.455214 0.165747
0.874819 -0.455214 0.165747
0.979482 -0.006052 0.201439
0.979398 0.004141 0.201899
0.979482 -0.006052 0.201439
0.874819 -0.455214 0.165747
0.875983 -0.452881 0.165990
-0.448988 0.893370 0.017333
-0.480583 0.876936 0.004784
-0.476557 0.879132 0.004487
-0.773300 0.633394 0.028626
-0.476557 0.879132 0.004487
-0.480583 0.876936 0.004784
-0.959081 -0.188657 0.211123
-0.897145 -0.386872 0.213216
-0.897441 -0.386176 0.213230
-0.959081 -0.188657 0.211123
-0.897441 -0.386176 0.213230
-0.963930 -0.163121 0.210309
-0.936029 0.307517 0.171124
-0.959081 -0.188657 0.211123
-0.963930 -0.163121 0.210309
0.416842 0.896192 0.151932
0.097748 0.965473 0.241467
0.092933 0.965689 0.242504
0.097748 0.965473 0.241467
0.416842 0.896192 0.151932
0.417691 0.895849 0.151618
0.097748 0.965473 0.241467
-0.230309 0.923139 0.307851
0.092933 0.965689 0.242504
-0.230309 0.923139 0.307851
0.097748 0.965473 0.241467
-0.232191 0.922528 0.308269
0.947334 -0.246932 0.203918
0.851961 -0.486360 0.193949
0.857250 -0.476692 0.194646
-0.719068 0.694799 0.014013
-0.854176 0.514419 0.075866
-0.860068 0.504019 0.079046
-0.860068 0.504019 0.079046
-0.980891 0.079568 0.177543
-0.980851 0.080358 0.177408
-0.980891 0.079568 0.177543
-0.860068 0.504019 0.079046
-0.854176 0.514419 0.075866
-0.611512 0.785736 0.093129
-0.736874 0.674141 0.050505
-0.733519 0.677694 0.051774
0.639151 0.709719 0.296285
0.607757 0.736540 0.296883
0.607043 0.737119 0.296909
0.414164 0.860932 0.295404
0.607043 0.737119 0.296909
0.607757 0.736540 0.296883
0.789323 0.597365 0.141859
0.911277 0.373421 0.173584
0.910377 0.375726 0.173330
0.911277 0.373421 0.173584
0.938453 0.308010 0.156320
0.938327 0.308444 0.156218
0.938327 0.308444 0.156218
0.910377 0.375726 0.173330
0.911277 0.373421 0.173584
0.719222 0.684822 0.117216
0.938327 0.308444 0.156218
0.938453 0.308010 0.156320
0.719222 0.684822 0.117216
0.938453 0.308010 0.156320
0.721080 0.682863 0.117224
0.719222 0.684822 0.117216
0.417691 0.895849 0.151618
0.416842 0.896192 0.151932
0.417691 0.895849 0.151618
0.719222 0.684822 0.117216
0.721080 0.682863 0.117224
-0.433890 0.844929 0.312784
0.096533 0.936950 0.335867
0.056453 0.939777 0.337094
-0.547044 -0.837063 0.008321
-0.632775 -0.664445 0.397629
-0.550227 -0.834642 0.024982
0.039415 0.169270 0.984781
0.019493 0.018941 0.999631
-0.028216 0.028378 0.999199
0.912659 0.395086 0.104690
0.897453 0.439893 0.032734
0.903261 0.427546 0.036382
-0.721037 -0.327376 -0.610680
-0.956700 -0.224739 -0.184978
-0.621965 0.159950 -0.766535
-0.908371 -0.418003 -0.011632
0.220179 -0.105997 -0.969684
0.209741 -0.124438 -0.969806
-0.980891 0.079568 0.177543
-0.897145 -0.386872 0.213216
-0.980851 0.080358 0.177408
-0.897145 -0.386872 0.213216
-0.980891 0.079568 0.177543
-0.897441 -0.386176 0.213230
0.072296 -0.987166 0.142392
-0.234390 -0.969453 0.072267
-0.221131 -0.972312 0.075566
-0.433890 0.844929 0.312784
-0.230309 0.923139 0.307851
-0.232191 0.922528 0.308269
0.929578 0.305847 0.205771
0.979398 0.004141 0.201899
0.979482 -0.006052 0.201439
</float_array>
          <technique_common>
            <accessor source="#SM_Coral_Table_Acropora_03_LOD1-Normal0-array" count="834" stride="3">
              <param name="X" type="float"/>
              <param name="Y" type="float"/>
              <param name="Z" type="float"/>
            </accessor>
          </technique_common>
        </source>
        <source id="SM_Coral_Table_Acropora_03_LOD1-UV0">
          <float_array id="SM_Coral_Table_Acropora_03_LOD1-UV0-array" count="410">
0.818359 0.142090
0.861816 0.315430
0.750977 0.309082
0.896484 0.152344
0.991699 0.228516
0.714844 0.222656
0.926758 0.154297
0.913574 0.336426
0.773926 0.352051
0.827637 0.247559
0.712402 0.274414
0.875977 0.190430
0.970215 0.181152
0.804199 0.140625
0.858887 0.127930
0.758301 0.176270
0.745605 0.330078
0.899414 0.190430
0.832520 0.139160
0.826660 0.330078
0.875000 0.148926
0.956055 0.316895
0.976074 0.270508
0.792480 0.208496
0.830566 0.127930
0.790039 0.289063
0.948242 0.172363
0.905273 0.222656
0.844727 0.281250
0.718262 0.232910
0.864746 0.216797
0.789063 0.142578
0.878906 0.328125
0.846191 0.137207
0.815918 0.131348
0.731934 0.303711
0.773438 0.264648
0.725098 0.201172
0.870605 0.291992
0.914551 0.159668
0.805176 0.149902
0.719727 0.281738
0.798340 0.350586
0.876465 0.176758
0.830078 0.193359
0.752441 0.330078
0.985840 0.256836
0.891113 0.146484
0.868164 0.134766
0.814453 0.149414
0.982422 0.197754
0.828125 0.134766
0.901367 0.263672
0.708984 0.261719
0.818848 0.340820
0.884277 0.162598
0.944336 0.164551
0.933594 0.330566
0.759277 0.341309
0.854980 0.321777
0.776367 0.224609
0.800781 0.299805
0.851563 0.198242
0.723145 0.292969
0.712402 0.240234
0.824219 0.126465
0.744141 0.323242
0.768066 0.163574
0.837891 0.136230
0.870605 0.143555
0.745605 0.305176
0.975586 0.279297
0.957520 0.173828
0.892090 0.333496
0.870605 0.199219
0.891602 0.282227
0.823242 0.293945
0.933105 0.155762
0.987793 0.240234
0.769043 0.246582
0.718750 0.218262
0.800293 0.139160
0.909668 0.238281
0.744141 0.186035
0.786621 0.276367
0.369287 0.991961
0.220851 0.991961
0.220851 0.986196
0.160852 0.986196
0.283241 0.991963
0.227895 0.991963
0.283241 0.986195
0.044328 0.991961
0.002179 0.991961
0.002179 0.986196
0.804199 0.199707
0.145941 0.991963
0.107376 0.991963
0.107376 0.986195
0.076115 0.991963
0.141114 0.991961
0.092357 0.991961
0.092357 0.986196
0.113737 0.991931
0.036125 0.991931
0.036125 0.986227
0.002179 0.991931
0.249301 0.986227
0.182170 0.991931
0.182170 0.986227
0.148336 0.986227
0.110059 0.991771
0.077960 0.991771
0.077960 0.986386
0.002179 0.986386
0.092856 0.985825
0.002179 0.992332
0.002179 0.985825
0.233452 0.991304
0.406346 0.986534
0.406346 0.991304
0.142974 0.985825
0.214605 0.985825
0.214605 0.992332
0.292216 0.992332
0.084374 0.991961
0.002179 0.991961
0.002179 0.986196
0.369287 0.986196
0.178818 0.986195
0.178818 0.991963
0.292216 0.985825
0.368081 0.985825
0.076115 0.986195
0.044946 0.986195
0.171389 0.991961
0.084374 0.986196
0.262456 0.986199
0.215590 0.991958
0.215590 0.986199
0.068256 0.991958
0.105416 0.986200
0.002179 0.991957
0.002179 0.986200
0.148684 0.991943
0.310559 0.986214
0.310559 0.991943
0.044328 0.986196
0.321110 0.991943
0.251877 0.991943
0.251877 0.986214
0.181670 0.991943
0.130813 0.991963
0.085871 0.991963
0.085871 0.986195
0.032317 0.991963
0.107854 0.986214
0.002179 0.991943
0.002179 0.986214
0.177302 0.986214
0.285440 0.986214
0.285440 0.991943
0.154576 0.986386
0.110059 0.986386
0.120960 0.991943
0.069423 0.991943
0.069423 0.986214
0.002179 0.986214
0.096148 0.986192
0.002179 0.991965
0.002179 0.986192
0.249301 0.991931
0.002179 0.991958
0.002179 0.986199
0.219671 0.986192
0.333804 0.986192
0.333804 0.991965
0.340940 0.991943
0.258118 0.991943
0.258118 0.986214
0.213696 0.986214
0.002179 0.991943
0.002179 0.986214
0.238298 0.986214
0.238298 0.991943
0.108345 0.991943
0.002179 0.991943
0.002179 0.986214
0.262456 0.991958
0.279738 0.986196
0.781250 0.151367
0.092856 0.992332
0.255903 0.991963
0.817871 0.136719
0.002179 0.991943
0.241472 0.986195
0.241472 0.991963
0.044946 0.991963
0.002179 0.991963
0.213696 0.991943
0.177302 0.991943
0.130813 0.986195
0.107854 0.991943
0.148684 0.986214
0.086575 0.986214
</float_array>
          <technique_common>
            <accessor source="#SM_Coral_Table_Acropora_03_LOD1-UV0-array" count="205" stride="2">
              <param name="S" type="float"/>
              <param name="T" type="float"/>
            </accessor>
          </technique_common>
        </source>
        <vertices id="SM_Coral_Table_Acropora_03_LOD1-VERTEX">
          <input semantic="POSITION" source="#SM_Coral_Table_Acropora_03_LOD1-POSITION"/>
        </vertices>
        <triangles count="278" material="MAT_Coral_Table">
          <input semantic="VERTEX" offset="0" source="#SM_Coral_Table_Acropora_03_LOD1-VERTEX"/>
          <input semantic="NORMAL" offset="1" source="#SM_Coral_Table_Acropora_03_LOD1-Normal0"/>
          <input semantic="TEXCOORD" offset="2" set="0" source="#SM_Coral_Table_Acropora_03_LOD1-UV0"/>
          <p> 41 0 36 10 1 9 100 2 84 90 3 76 9 4 9 71 5 61 50 6 44 10 7 9 105 8 95 60 9 52 9 10 9 87 11 75 129 12 21 136 13 71 60 14 52 61 15 52 83 16 71 22 17 21 54 18 44 9 19 9 73 20 62 50 21 44 105 22 95 120 23 49 10 24 9 111 25 30 28 26 27 36 27 27 32 28 30 9 29 9 88 30 75 61 31 52 22 32 21 43 33 38 9 34 9 52 35 28 41 36 36 100 37 84 39 38 35 47 39 42 127 40 54 71 41 61 93 42 79 9 43 9 69 44 60 104 45 95 9 46 9 54 47 44 72 48 61 89 49 76 63 50 54 48 51 38 123 52 7 85 53 73 75 54 64 134 55 53 93 56 79 41 57 36 39 58 35 74 59 63 78 60 62 10 61 9 50 62 44 81 63 69 54 64 44 73 65 62 4 66 4 119 67 50 97 68 82 98 69 82 58 70 50 140 71 4 57 72 49 107 73 40 104 74 95 105 75 95 45 76 40 120 77 49 50 78 44 37 79 33 15 80 14 81 81 69 56 82 48 54 83 44 70 84 60 10 85 9 94 86 79 122 87 29 93 88 79 69 89 60 126 90 58 8 91 8 71 92 61 31 93 25 109 94 45 2 95 2 28 96 27 91 97 77 65 98 56 65 99 56 91 100 77 36 101 27 57 102 49 104 103 95 54 104 44 50 105 44 1 106 0 116 107 18 127 108 54 90 109 76 71 110 61 89 111 76 68 112 59 20 113 19 64 114 55 21 115 20 49 116 43 112 117 43 110 118 20 115 119 55 129 120 21 60 121 52 87 122 75 88 123 75 22 124 21 66 125 57 53 126 46 92 127 78 97 128 82 98 129 82 92 130 78 53 131 46 70 132 60 42 133 37 99 134 83 105 135 95 113 136 67 131 137 190 76 138 65 106 139 51 1 140 0 133 141 193 59 142 51 114 143 65 74 144 63 121 145 35 40 146 36 108 147 2 51 148 45 26 149 25 28 150 27 84 151 72 13 152 12 13 153 12 84 154 72 36 155 27 28 156 27 111 157 30 18 158 17 28 159 27 18 160 17 44 161 39 88 162 75 10 163 9 61 164 52 72 165 61 10 166 9 89 167 76 5 168 5 122 169 29 69 170 60 70 171 60 30 172 29 5 173 5 72 174 61 63 175 54 47 176 42 72 177 61 8 178 8 67 179 58 21 180 20 73 181 62 49 182 43 78 183 62 111 184 30 10 185 9 99 186 83 42 187 37 69 188 60 34 189 31 79 190 67 104 191 95 45 192 40 105 193 95 102 194 31 34 195 31 104 196 95 107 197 40 130 198 1 35 199 32 43 200 38 48 201 38 35 202 32 0 203 1 18 204 17 32 205 30 36 206 27 44 207 39 18 208 17 36 209 27 19 210 18 103 211 0 54 212 44 80 213 68 37 214 33 50 215 44 103 216 0 59 217 51 133 218 193 76 219 65 1 220 0 38 221 34 121 222 35 82 223 70 101 224 84 100 225 84 82 226 70 39 227 35 101 228 84 9 229 9 40 230 36 121 231 35 101 232 84 40 233 36 94 234 79 62 235 53 138 236 64 70 237 60 94 238 79 30 239 29 70 240 60 95 241 80 42 242 37 42 243 37 95 244 80 69 245 60 139 246 57 129 247 21 87 248 75 137 249 73 7 250 7 43 251 38 28 252 27 44 253 39 6 254 6 6 255 6 44 256 39 36 257 27 96 258 81 34 259 31 107 260 40 45 261 40 102 262 31 96 263 81 41 264 36 46 265 41 125 266 10 11 267 10 46 268 41 40 269 36 8 270 8 47 271 42 71 272 61 72 273 61 47 274 42 8 275 8 29 276 28 10 277 9 48 278 38 29 279 28 48 280 38 0 281 1 78 282 62 86 283 74 111 284 30 73 285 62 132 286 74 49 287 43 50 288 44 56 289 48 124 290 69 78 291 62 50 292 44 124 293 69 109 294 45 77 295 66 2 296 2 108 297 2 77 298 66 51 299 45 20 300 19 118 301 59 90 302 76 130 303 1 43 304 38 52 305 28 98 306 82 53 307 46 128 308 22 23 309 22 53 310 46 97 311 82 54 312 44 37 313 33 135 314 68 15 315 14 37 316 33 54 317 44 55 318 47 21 319 20 64 320 55 115 321 55 110 322 20 55 323 47 56 324 48 15 325 14 54 326 44 50 327 44 15 328 14 56 329 48 103 330 0 57 331 49 54 332 44 50 333 44 120 334 49 1 335 0 119 336 50 13 337 12 36 338 27 28 339 27 13 340 12 58 341 50 1 342 0 106 343 51 116 344 18 19 345 18 59 346 51 103 347 0 97 348 82 9 349 9 60 350 52 23 351 22 97 352 82 60 353 52 61 354 52 10 355 9 98 356 82 61 357 52 98 358 82 128 359 22 94 360 79 125 361 10 62 362 53 134 363 53 11 364 10 93 365 79 127 366 54 20 367 19 90 368 76 89 369 76 20 370 19 63 371 54 115 372 55 55 373 47 3 374 3 3 375 3 55 376 47 64 377 55 27 378 26 65 379 56 36 380 27 28 381 27 65 382 56 27 383 26 88 384 75 66 385 57 123 386 7 7 387 7 139 388 57 87 389 75 31 390 25 67 391 58 109 392 45 51 393 45 126 394 58 26 395 25 118 396 59 130 397 1 52 398 28 29 399 28 0 400 1 68 401 59 69 402 60 9 403 9 33 404 23 16 405 15 69 406 60 33 407 23 24 408 23 10 409 9 70 410 60 24 411 23 70 412 60 117 413 15 71 414 61 9 415 9 26 416 25 126 417 58 71 418 61 26 419 25 31 420 25 10 421 9 72 422 61 31 423 25 72 424 61 67 425 58 32 426 30 132 427 74 73 428 62 9 429 9 32 430 30 73 431 62 41 432 36 74 433 63 46 434 41 46 435 41 74 436 63 40 437 36 122 438 29 75 439 64 93 440 79 94 441 79 138 442 64 30 443 29 114 444 65 59 445 51 25 446 24 25 447 24 106 448 51 76 449 65 77 450 66 109 451 45 17 452 16 17 453 16 51 454 45 77 455 66 112 456 43 86 457 74 78 458 62 112 459 43 78 460 62 110 461 20 24 462 23 117 463 15 113 464 67 79 465 67 16 466 15 33 467 23 50 468 44 116 469 18 80 470 68 135 471 68 19 472 18 54 473 44 78 474 62 124 475 69 110 476 20 21 477 20 81 478 69 73 479 62 82 480 70 108 481 2 101 482 84 100 483 84 2 484 2 82 485 70 61 486 52 128 487 22 83 488 71 136 489 71 23 490 22 60 491 52 28 492 27 27 493 26 84 494 72 84 495 72 27 496 26 36 497 27 35 498 32 137 499 73 43 500 38 48 501 38 85 502 73 35 503 32 132 504 74 12 505 11 49 506 43 112 507 43 12 508 11 86 509 74 87 510 75 9 511 9 43 512 38 7 513 7 87 514 75 43 515 38 48 516 38 10 517 9 88 518 75 48 519 38 88 520 75 123 521 7 89 522 76 10 523 9 29 524 28 89 525 76 29 526 28 68 527 59 52 528 28 9 529 9 90 530 76 118 531 59 52 532 28 90 533 76 91 534 77 6 535 6 36 536 27 28 537 27 6 538 6 91 539 77 98 540 82 140 541 4 92 542 78 92 543 78 4 544 4 97 545 82 40 546 36 9 547 9 93 548 79 11 549 10 40 550 36 93 551 79 94 552 79 10 553 9 41 554 36 94 555 79 41 556 36 125 557 10 70 558 60 5 559 5 95 560 80 95 561 80 5 562 5 69 563 60 14 564 13 96 565 81 107 566 40 45 567 40 96 568 81 14 569 13 36 570 27 9 571 9 97 572 82 119 573 50 36 574 27 97 575 82 98 576 82 10 577 9 28 578 27 98 579 82 28 580 27 58 581 50 70 582 60 99 583 83 117 584 15 16 585 15 99 586 83 69 587 60 100 588 84 10 589 9 31 590 25 31 591 25 2 592 2 100 593 84 26 594 25 9 595 9 101 596 84 101 597 84 108 598 2 26 599 25 79 600 85 34 601 86 131 602 189 131 603 189 113 604 128 79 605 85 96 606 88 102 607 87 34 608 86 103 609 89 133 610 192 1 611 91 120 612 147 103 613 93 1 614 94 103 615 93 120 616 147 57 617 92 33 618 23 9 619 9 104 620 95 79 621 67 33 622 23 104 623 95 105 624 95 10 625 9 24 626 23 105 627 95 24 628 23 113 629 67 25 630 96 59 631 97 106 632 98 59 633 97 116 634 133 106 635 98 116 636 133 59 637 97 19 638 99 14 639 100 107 640 101 45 641 102 45 642 102 57 643 92 120 644 147 57 645 92 45 646 102 107 647 101 77 648 103 108 649 104 2 650 105 82 651 106 2 652 105 108 653 104 109 654 109 67 655 107 126 656 171 109 657 109 126 658 171 51 659 108 17 660 110 109 661 109 51 662 108 124 663 163 21 664 112 110 665 113 21 666 112 124 667 163 81 668 111 55 669 114 110 670 113 21 671 112 86 672 115 32 673 116 111 674 117 32 675 116 86 676 115 132 677 191 18 678 118 111 679 119 32 680 120 12 681 121 112 682 122 49 683 123 115 684 131 49 685 123 112 686 122 49 687 123 115 688 131 64 689 124 113 690 127 117 691 136 16 692 125 113 693 127 16 694 125 79 695 126 25 696 96 76 697 129 114 698 130 38 699 90 114 700 130 76 701 129 3 702 132 64 703 124 115 704 131 116 705 133 135 706 197 80 707 134 135 708 197 116 709 133 19 710 99 99 711 135 16 712 125 117 713 136 68 714 139 0 715 137 130 716 188 130 717 188 118 718 138 68 719 139 20 720 140 68 721 139 118 722 138 13 723 141 119 724 142 58 725 143 58 726 145 4 727 144 140 728 203 4 729 144 58 730 145 119 731 146 82 732 148 121 733 149 39 734 150 74 735 151 39 736 150 121 737 149 30 738 154 138 739 201 75 740 152 30 741 154 75 742 152 122 743 153 5 744 155 30 745 154 122 746 153 66 747 156 7 748 157 123 749 158 7 750 157 66 751 156 139 752 202 7 753 161 85 754 159 123 755 160 85 756 159 7 757 161 137 758 200 56 759 162 81 760 111 124 761 163 46 762 164 11 763 165 125 764 166 125 765 166 134 766 194 62 767 167 134 768 194 125 769 166 11 770 165 8 771 168 126 772 169 67 773 170 20 774 140 127 775 172 63 776 173 47 777 174 63 778 175 127 779 176 53 780 177 23 781 178 128 782 179 23 783 178 136 784 199 83 785 180 83 786 180 128 787 179 23 788 178 22 789 182 83 790 180 136 791 199 22 792 182 136 793 199 129 794 181 22 795 183 139 796 202 66 797 156 139 798 202 22 799 183 129 800 184 35 801 185 130 802 186 0 803 187 102 804 87 131 805 189 34 806 86 105 807 95 131 808 190 102 809 31 12 810 121 132 811 191 86 812 115 38 813 90 1 814 91 133 815 192 38 816 34 133 817 193 114 818 65 134 819 196 138 820 201 62 821 195 138 822 201 134 823 196 75 824 152 37 825 198 80 826 134 135 827 197 35 828 185 85 829 159 137 830 200 92 831 204 140 832 203 4 833 144</p>
        </triangles>
      </mesh>
    </geometry>
    <geometry id="SM_Coral_Table_Acropora_03_LOD2-lib" name="SM_Coral_Table_Acropora_03_LOD2Mesh">
      <mesh>
        <source id="SM_Coral_Table_Acropora_03_LOD2-POSITION">
          <float_array id="SM_Coral_Table_Acropora_03_LOD2-POSITION-array" count="354">
-1.516068 -35.625793 10.833979
-31.700790 35.480286 8.561407
3.900192 26.466248 11.276278
36.799789 27.117065 9.320191
5.036804 -7.921021 7.220516
14.219604 -32.427734 11.276286
-49.309265 7.805115 10.680186
-11.039734 35.326782 11.276278
22.034134 33.882263 10.960356
-11.107941 -33.868347 8.505552
-28.707733 -26.465149 7.436418
-45.841156 -7.324768 11.201427
-36.578903 22.953308 7.317250
47.302437 6.160339 13.004540
46.065781 -14.501831 12.103406
-1.498642 -35.695129 10.440419
-31.656967 35.560547 8.171995
3.882431 26.590698 10.896553
5.099335 -8.034668 6.842137
28.925629 -29.114014 10.881355
-49.388107 7.746948 10.292379
22.015060 33.976013 10.571968
-11.028976 -33.908447 8.115480
-28.716141 -26.475586 7.036643
-45.921585 -7.346252 10.810184
-36.582550 22.967773 6.917530
47.384033 6.174011 12.613192
46.140381 -14.500671 11.710425
-44.433624 18.673523 7.613268
-37.125900 -18.509705 7.946620
-36.759705 30.435120 7.185377
-8.293137 -39.154175 9.519629
9.991364 31.102234 11.091226
48.000412 0.331970 12.808718
2.964371 -38.885498 11.079660
14.219604 -32.427734 10.876287
17.190002 -17.066528 7.032304
28.898407 -29.056702 11.276285
37.373947 -22.810547 11.079436
16.012848 -30.397156 11.075641
29.050461 31.768860 9.851425
36.843170 27.126770 8.922670
43.631424 13.924133 11.737484
-23.140793 -6.624084 6.571939
-12.510162 -31.373108 7.969693
-22.871353 -7.908813 6.913779
-26.611862 39.276428 9.985673
-10.973206 35.425781 10.894478
26.654129 -29.646362 11.080635
7.036392 -14.070251 8.469488
-24.093048 -30.613037 7.236671
-43.645813 -13.285461 10.033084
-48.084213 12.192078 9.421833
-46.143234 -2.257202 11.079038
-5.462250 -35.359314 9.772378
11.846603 -26.823364 11.076851
-7.964203 2.897583 0.399911
-7.970444 2.903198 0.000000
7.961273 -32.338318 11.079077
33.594940 -24.576355 11.078861
15.881012 12.170105 7.220513
-34.682495 24.363464 7.117705
-16.818619 -34.705750 7.502782
-18.133316 38.805054 11.068715
-11.552536 -36.488403 8.458298
-8.266663 31.650085 11.089783
9.157150 -21.843445 11.087079
-23.749451 12.995117 6.334872
-25.408524 9.654053 8.061537
-32.189392 -21.905396 7.237314
1.603867 28.839294 11.085488
-41.375793 22.425598 7.118063
41.827332 -20.286560 11.209091
-34.208664 31.686401 7.421166
22.368729 -27.826721 11.076124
-7.772064 -36.425964 9.297317
15.943771 12.203369 6.827725
-2.381256 -15.047607 4.622378
19.366074 -4.758667 7.220516
19.430969 -4.781677 6.827025
14.521988 32.846008 11.087728
-13.199905 20.159058 6.053360
6.172638 -36.541565 11.080544
-15.791840 -31.100525 7.473794
-21.373825 -33.655518 7.236886
49.347504 -3.765930 12.809298
8.872787 -17.111877 8.944694
-45.669769 14.718750 8.517650
43.940536 10.789490 12.337442
-48.069016 0.214050 11.081990
-47.303055 -5.797058 11.082594
-21.373825 -33.655518 7.236886
-15.791840 -31.100525 7.473794
-15.791840 -31.100525 7.473794
-21.373825 -33.655518 7.236886
-11.552536 -36.488403 8.458298
-7.772064 -36.425964 9.297317
-7.772064 -36.425964 9.297317
-11.552536 -36.488403 8.458298
11.846603 -26.823364 11.076851
7.961273 -32.338318 11.079077
9.157150 -21.843445 11.087079
7.961273 -32.338318 11.079077
-34.208664 31.686401 7.421166
-34.682495 24.363464 7.117705
-34.682495 24.363464 7.117705
-34.208664 31.686401 7.421166
9.157150 -21.843445 11.087079
7.036392 -14.070251 8.469488
7.036392 -14.070251 8.469488
9.157150 -21.843445 11.087079
-36.759705 30.435120 7.185377
-8.293137 -39.154175 9.519629
11.846603 -26.823364 11.076851
7.961273 -32.338318 11.079077
-16.818619 -34.705750 7.502782
9.157150 -21.843445 11.087079
8.872787 -17.111877 8.944694
</float_array>
          <technique_common>
            <accessor source="#SM_Coral_Table_Acropora_03_LOD2-POSITION-array" count="118" stride="3">
              <param name="X" type="float"/>
              <param name="Y" type="float"/>
              <param name="Z" type="float"/>
            </accessor>
          </technique_common>
        </source>
        <source id="SM_Coral_Table_Acropora_03_LOD2-Normal0">
          <float_array id="SM_Coral_Table_Acropora_03_LOD2-Normal0-array" count="1602">
-0.290173 -0.454027 0.842413
-0.743572 -0.069576 0.665026
-0.164453 -0.986382 0.002178
-0.290173 -0.454027 0.842413
0.173295 0.046768 0.983759
-0.909295 -0.409962 -0.071515
0.173295 0.046768 0.983759
-0.508098 -0.476221 0.717670
-0.153095 -0.987903 0.024672
0.173295 0.046768 0.983759
-0.378810 -0.238918 0.894104
-0.477918 -0.878356 0.009218
0.173295 0.046768 0.983759
-0.903779 0.414456 0.106819
-0.378810 -0.238918 0.894104
0.146446 -0.058333 0.987497
-0.625530 0.154344 0.764781
-0.849981 -0.492141 0.187963
0.146446 -0.058333 0.987497
-0.616473 0.784456 -0.067743
-0.625530 0.154344 0.764781
0.146446 -0.058333 0.987497
-0.625915 0.411268 0.662637
-0.965659 0.182904 -0.184525
0.146446 -0.058333 0.987497
0.879491 0.354197 0.317869
-0.625915 0.411268 0.662637
0.879491 0.354197 0.317869
-0.034215 0.162691 0.986084
0.443133 0.891506 0.094079
-0.034215 0.162691 0.986084
0.123743 0.588617 0.798885
-0.356607 0.927677 0.110669
-0.034215 0.162691 0.986084
-0.120731 -0.132715 0.983774
0.123743 0.588617 0.798885
-0.120731 -0.132715 0.983774
0.424263 0.900643 0.094040
0.123743 0.588617 0.798885
-0.158786 0.036880 0.986624
0.554528 0.253307 0.792676
0.235593 0.967091 0.096081
-0.158786 0.036880 0.986624
0.801324 -0.579076 0.150167
0.554528 0.253307 0.792676
-0.158786 0.036880 0.986624
0.523207 -0.343862 0.779752
0.857369 0.484610 0.173413
0.056138 -0.036139 0.997769
-0.133013 0.095012 0.986550
-0.158786 0.036880 0.986624
-0.034215 0.162691 0.986084
0.056138 -0.036139 0.997769
-0.120731 -0.132715 0.983774
0.879491 0.354197 0.317869
0.056138 -0.036139 0.997769
-0.034215 0.162691 0.986084
0.949106 0.072539 0.306491
0.056138 -0.036139 0.997769
-0.290173 -0.454027 0.842413
0.949106 0.072539 0.306491
-0.133013 0.095012 0.986550
0.056138 -0.036139 0.997769
-0.438723 -0.249775 -0.863212
-0.909295 -0.409962 -0.071515
0.149323 -0.173371 -0.973471
-0.909295 -0.409962 -0.071515
-0.181633 -0.066343 -0.981126
0.149323 -0.173371 -0.973471
-0.153095 -0.987903 0.024672
-0.537101 -0.505729 -0.675101
-0.181633 -0.066343 -0.981126
-0.537101 -0.505729 -0.675101
-0.994611 -0.102470 0.015787
-0.181633 -0.066343 -0.981126
-0.477918 -0.878356 0.009218
-0.711201 -0.341825 -0.614287
-0.181633 -0.066343 -0.981126
-0.849981 -0.492141 0.187963
-0.868477 -0.027048 -0.494991
-0.181633 -0.066343 -0.981126
-0.733034 0.679114 -0.038288
-0.238306 0.610320 -0.755460
-0.153451 0.049993 -0.986891
-0.965659 0.182904 -0.184525
-0.472055 0.618857 -0.627838
-0.153451 0.049993 -0.986891
-0.472055 0.618857 -0.627838
0.028963 0.265647 -0.963635
-0.153451 0.049993 -0.986891
0.027744 0.866928 -0.497660
0.126281 0.132466 -0.983110
0.105300 0.731345 -0.673830
0.235593 0.967091 0.096081
0.812367 0.294843 -0.503118
0.161021 -0.045199 -0.985915
0.857369 0.484610 0.173413
0.766863 -0.330476 -0.550188
0.161021 -0.045199 -0.985915
0.161021 -0.045199 -0.985915
-0.039034 0.011940 -0.999167
0.126281 0.132466 -0.983110
0.126281 0.132466 -0.983110
-0.039034 0.011940 -0.999167
0.105300 0.731345 -0.673830
0.105300 0.731345 -0.673830
-0.039034 0.011940 -0.999167
0.028963 0.265647 -0.963635
0.299183 -0.400422 -0.866113
0.949106 0.072539 0.306491
0.149323 -0.173371 -0.973471
0.122250 -0.984306 0.127265
-0.290173 -0.454027 0.842413
-0.209602 -0.772190 -0.599825
-0.164453 -0.986382 0.002178
-0.209602 -0.772190 -0.599825
-0.290173 -0.454027 0.842413
-0.153095 -0.987903 0.024672
-0.508098 -0.476221 0.717670
-0.537101 -0.505729 -0.675101
-0.477918 -0.878356 0.009218
-0.378810 -0.238918 0.894104
-0.711201 -0.341825 -0.614287
-0.849981 -0.492141 0.187963
-0.625530 0.154344 0.764781
-0.868477 -0.027048 -0.494991
-0.733034 0.679114 -0.038288
-0.221754 0.590666 0.775848
-0.238306 0.610320 -0.755460
-0.965659 0.182904 -0.184525
-0.625915 0.411268 0.662637
-0.472055 0.618857 -0.627838
-0.136855 0.966464 0.217296
-0.472055 0.618857 -0.627838
-0.625915 0.411268 0.662637
-0.381297 0.924422 0.007524
0.105300 0.731345 -0.673830
-0.034215 0.162691 0.986084
0.424263 0.900643 0.094040
0.027744 0.866928 -0.497660
0.123743 0.588617 0.798885
0.235593 0.967091 0.096081
0.554528 0.253307 0.792676
0.812367 0.294843 -0.503118
0.857369 0.484610 0.173413
0.523207 -0.343862 0.779752
0.766863 -0.330476 -0.550188
0.152890 -0.987725 0.032005
0.766863 -0.330476 -0.550188
0.523207 -0.343862 0.779752
-0.569941 -0.733417 -0.370495
-0.133013 0.095012 0.986550
0.299183 -0.400422 -0.866113
0.949106 0.072539 0.306491
0.299183 -0.400422 -0.866113
-0.133013 0.095012 0.986550
-0.616473 0.784456 -0.067743
-0.868477 -0.027048 -0.494991
-0.625530 0.154344 0.764781
-0.868477 -0.027048 -0.494991
-0.616473 0.784456 -0.067743
-0.181633 -0.066343 -0.981126
-0.994611 -0.102470 0.015787
-0.537101 -0.505729 -0.675101
-0.508098 -0.476221 0.717670
0.173295 0.046768 0.983759
-0.994611 -0.102470 0.015787
-0.508098 -0.476221 0.717670
-0.680871 0.730662 -0.050475
-0.238306 0.610320 -0.755460
-0.221754 0.590666 0.775848
-0.238306 0.610320 -0.755460
-0.680871 0.730662 -0.050475
-0.153451 0.049993 -0.986891
-0.614016 -0.787032 -0.059710
-0.743572 -0.069576 0.665026
-0.438723 -0.249775 -0.863212
-0.164453 -0.986382 0.002178
-0.438723 -0.249775 -0.863212
0.149323 -0.173371 -0.973471
-0.356607 0.927677 0.110669
0.123743 0.588617 0.798885
0.027744 0.866928 -0.497660
-0.356607 0.927677 0.110669
0.027744 0.866928 -0.497660
0.105300 0.731345 -0.673830
0.812367 0.294843 -0.503118
0.801324 -0.579076 0.150167
0.161021 -0.045199 -0.985915
0.801324 -0.579076 0.150167
0.812367 0.294843 -0.503118
0.554528 0.253307 0.792676
-0.949551 -0.313614 0.000451
0.317429 -0.693833 -0.646401
0.317762 -0.693787 0.646287
0.959337 0.282263 -0.000316
0.317762 -0.693787 0.646287
0.317429 -0.693833 -0.646401
-0.623713 -0.776046 0.093460
0.383870 -0.738705 -0.554039
0.296709 -0.566583 0.768731
0.976524 -0.163023 0.140796
0.296709 -0.566583 0.768731
0.383870 -0.738705 -0.554039
0.976524 -0.163023 0.140796
0.383870 -0.738705 -0.554039
0.161021 -0.045199 -0.985915
-0.158786 0.036880 0.986624
0.152890 -0.987725 0.032005
0.523207 -0.343862 0.779752
-0.158786 0.036880 0.986624
0.296709 -0.566583 0.768731
0.976524 -0.163023 0.140796
0.766863 -0.330476 -0.550188
0.152890 -0.987725 0.032005
0.161021 -0.045199 -0.985915
0.969920 -0.088070 0.226934
0.149323 -0.173371 -0.973471
-0.822823 -0.071458 -0.563787
0.949106 0.072539 0.306491
-0.290173 -0.454027 0.842413
0.969920 -0.088070 0.226934
0.317429 -0.693833 -0.646401
-0.949551 -0.313614 0.000451
-0.200471 0.979700 -0.000002
-0.200471 0.979700 -0.000002
-0.949551 -0.313614 0.000451
0.317762 -0.693787 0.646287
0.593279 0.508273 -0.624243
0.973617 -0.149523 0.172374
0.126281 0.132466 -0.983110
0.424263 0.900643 0.094040
0.501756 0.531243 0.682658
0.593279 0.508273 -0.624243
0.235593 0.967091 0.096081
0.161021 -0.045199 -0.985915
0.126281 0.132466 -0.983110
-0.120731 -0.132715 0.983774
0.501756 0.531243 0.682658
0.424263 0.900643 0.094040
-0.120731 -0.132715 0.983774
0.973617 -0.149523 0.172374
0.501756 0.531243 0.682658
0.973617 -0.149523 0.172374
0.593279 0.508273 -0.624243
0.501756 0.531243 0.682658
0.161021 -0.045199 -0.985915
0.299183 -0.400422 -0.866113
-0.039034 0.011940 -0.999167
-0.039034 0.011940 -0.999167
0.299183 -0.400422 -0.866113
0.149323 -0.173371 -0.973471
-0.290173 -0.454027 0.842413
-0.909295 -0.409962 -0.071515
-0.743572 -0.069576 0.665026
-0.909295 -0.409962 -0.071515
-0.438723 -0.249775 -0.863212
-0.743572 -0.069576 0.665026
0.146446 -0.058333 0.987497
-0.680871 0.730662 -0.050475
-0.221754 0.590666 0.775848
0.146446 -0.058333 0.987497
-0.221754 0.590666 0.775848
-0.733034 0.679114 -0.038288
0.879491 0.354197 0.317869
-0.136855 0.966464 0.217296
-0.625915 0.411268 0.662637
0.038048 0.968322 0.246787
0.381980 0.449586 0.807442
0.565412 0.710451 -0.419009
0.038048 0.968322 0.246787
0.565412 0.710451 -0.419009
0.028963 0.265647 -0.963635
-0.472055 0.618857 -0.627838
-0.136855 0.966464 0.217296
0.028963 0.265647 -0.963635
0.383870 -0.738705 -0.554039
-0.623713 -0.776046 0.093460
0.161021 -0.045199 -0.985915
-0.158786 0.036880 0.986624
-0.623713 -0.776046 0.093460
0.296709 -0.566583 0.768731
0.149323 -0.173371 -0.973471
0.949106 0.072539 0.306491
-0.822823 -0.071458 -0.563787
-0.822823 -0.071458 -0.563787
0.949106 0.072539 0.306491
0.969920 -0.088070 0.226934
-0.133513 -0.991043 0.002827
-0.181633 -0.066343 -0.981126
0.140151 -0.989698 -0.029241
0.140151 -0.989698 -0.029241
0.173295 0.046768 0.983759
-0.133513 -0.991043 0.002827
0.173295 0.046768 0.983759
-0.477918 -0.878356 0.009218
-0.539122 -0.841455 -0.036081
-0.539122 -0.841455 -0.036081
-0.477918 -0.878356 0.009218
-0.181633 -0.066343 -0.981126
-0.883232 0.467002 -0.042555
-0.933227 0.359037 -0.013443
-0.153451 0.049993 -0.986891
0.146446 -0.058333 0.987497
-0.933227 0.359037 -0.013443
-0.883232 0.467002 -0.042555
-0.903779 0.414456 0.106819
-0.658755 -0.720033 0.218160
-0.181633 -0.066343 -0.981126
0.173295 0.046768 0.983759
-0.658755 -0.720033 0.218160
-0.903779 0.414456 0.106819
-0.438723 -0.249775 -0.863212
0.270878 -0.952883 0.136522
-0.614016 -0.787032 -0.059710
-0.614016 -0.787032 -0.059710
0.270878 -0.952883 0.136522
-0.743572 -0.069576 0.665026
0.959337 0.282263 -0.000316
0.317429 -0.693833 -0.646401
-0.200471 0.979700 -0.000002
-0.200471 0.979700 -0.000002
0.317762 -0.693787 0.646287
0.959337 0.282263 -0.000316
-0.290173 -0.454027 0.842413
0.056138 -0.036139 0.997769
0.173295 0.046768 0.983759
0.146446 -0.058333 0.987497
0.056138 -0.036139 0.997769
0.879491 0.354197 0.317869
0.028963 0.265647 -0.963635
-0.039034 0.011940 -0.999167
-0.153451 0.049993 -0.986891
-0.181633 -0.066343 -0.981126
-0.039034 0.011940 -0.999167
0.149323 -0.173371 -0.973471
-0.290173 -0.454027 0.842413
0.717927 -0.680879 0.144861
0.969920 -0.088070 0.226934
0.969920 -0.088070 0.226934
0.717927 -0.680879 0.144861
0.149323 -0.173371 -0.973471
0.456913 -0.877028 0.148498
0.976524 -0.163023 0.140796
0.161021 -0.045199 -0.985915
-0.158786 0.036880 0.986624
0.976524 -0.163023 0.140796
0.456913 -0.877028 0.148498
-0.158786 0.036880 0.986624
-0.133013 0.095012 0.986550
-0.569941 -0.733417 -0.370495
-0.158786 0.036880 0.986624
-0.569941 -0.733417 -0.370495
-0.564320 -0.801061 0.199611
-0.680871 0.730662 -0.050475
-0.965659 0.182904 -0.184525
-0.153451 0.049993 -0.986891
0.146446 -0.058333 0.987497
-0.965659 0.182904 -0.184525
-0.680871 0.730662 -0.050475
0.052947 -0.023107 -0.998330
0.052947 -0.023107 -0.998330
0.052947 -0.023107 -0.998330
-0.052947 0.023107 0.998330
-0.052947 0.023107 0.998330
-0.052947 0.023107 0.998330
-0.136855 0.966464 0.217296
0.038048 0.968322 0.246787
0.028963 0.265647 -0.963635
0.879491 0.354197 0.317869
0.038048 0.968322 0.246787
-0.136855 0.966464 0.217296
0.216982 -0.120380 -0.968725
0.216982 -0.120380 -0.968725
0.216982 -0.120380 -0.968725
-0.216982 0.120380 0.968725
-0.216982 0.120380 0.968725
-0.216982 0.120380 0.968725
0.879491 0.354197 0.317869
0.565412 0.710451 -0.419009
0.381980 0.449586 0.807442
0.879491 0.354197 0.317869
0.381980 0.449586 0.807442
0.038048 0.968322 0.246787
-0.001975 0.000987 -0.999998
-0.001975 0.000987 -0.999998
-0.001975 0.000987 -0.999998
0.001975 -0.000987 0.999998
0.001975 -0.000987 0.999998
0.001975 -0.000987 0.999998
-0.153451 0.049993 -0.986891
-0.039034 0.011940 -0.999167
-0.181633 -0.066343 -0.981126
-0.616473 0.784456 -0.067743
-0.153451 0.049993 -0.986891
-0.181633 -0.066343 -0.981126
0.173295 0.046768 0.983759
0.146446 -0.058333 0.987497
-0.658755 -0.720033 0.218160
0.173295 0.046768 0.983759
0.056138 -0.036139 0.997769
0.146446 -0.058333 0.987497
-0.994611 -0.102470 0.015787
-0.539122 -0.841455 -0.036081
-0.181633 -0.066343 -0.981126
0.173295 0.046768 0.983759
-0.539122 -0.841455 -0.036081
-0.994611 -0.102470 0.015787
0.443133 0.891506 0.094079
-0.034215 0.162691 0.986084
0.105300 0.731345 -0.673830
0.443133 0.891506 0.094079
0.105300 0.731345 -0.673830
0.028963 0.265647 -0.963635
-0.933227 0.359037 -0.013443
-0.733034 0.679114 -0.038288
-0.153451 0.049993 -0.986891
0.146446 -0.058333 0.987497
-0.733034 0.679114 -0.038288
-0.933227 0.359037 -0.013443
-0.158786 0.036880 0.986624
0.456913 -0.877028 0.148498
0.152890 -0.987725 0.032005
0.152890 -0.987725 0.032005
0.456913 -0.877028 0.148498
0.161021 -0.045199 -0.985915
0.074211 0.036496 -0.996575
0.074211 0.036496 -0.996574
0.074211 0.036496 -0.996575
-0.074211 -0.036496 0.996575
-0.074211 -0.036496 0.996574
-0.074211 -0.036496 0.996575
-0.158786 0.036880 0.986624
-0.564320 -0.801061 0.199611
-0.623713 -0.776046 0.093460
-0.623713 -0.776046 0.093460
-0.564320 -0.801061 0.199611
0.161021 -0.045199 -0.985915
-0.743572 -0.069576 0.665026
0.270878 -0.952883 0.136522
-0.164453 -0.986382 0.002178
-0.164453 -0.986382 0.002178
0.270878 -0.952883 0.136522
-0.438723 -0.249775 -0.863212
0.424263 0.900643 0.094040
0.593279 0.508273 -0.624243
0.126281 0.132466 -0.983110
0.027744 0.866928 -0.497660
0.424263 0.900643 0.094040
0.126281 0.132466 -0.983110
0.149323 -0.173371 -0.973471
-0.209602 -0.772190 -0.599825
-0.164453 -0.986382 0.002178
0.122250 -0.984306 0.127265
-0.209602 -0.772190 -0.599825
0.149323 -0.173371 -0.973471
-0.120731 -0.132715 0.983774
-0.158786 0.036880 0.986624
0.235593 0.967091 0.096081
-0.120731 -0.132715 0.983774
0.056138 -0.036139 0.997769
-0.158786 0.036880 0.986624
-0.569941 -0.733417 -0.370495
0.299183 -0.400422 -0.866113
0.161021 -0.045199 -0.985915
-0.564320 -0.801061 0.199611
-0.569941 -0.733417 -0.370495
0.161021 -0.045199 -0.985915
-0.381297 0.924422 0.007524
-0.356607 0.927677 0.110669
0.105300 0.731345 -0.673830
-0.034215 0.162691 0.986084
-0.356607 0.927677 0.110669
-0.381297 0.924422 0.007524
0.879491 0.354197 0.317869
0.443133 0.891506 0.094079
0.028963 0.265647 -0.963635
0.565412 0.710451 -0.419009
0.879491 0.354197 0.317869
0.028963 0.265647 -0.963635
0.717927 -0.680879 0.144861
0.122250 -0.984306 0.127265
0.149323 -0.173371 -0.973471
-0.290173 -0.454027 0.842413
0.122250 -0.984306 0.127265
0.717927 -0.680879 0.144861
-0.909295 -0.409962 -0.071515
0.140151 -0.989698 -0.029241
-0.181633 -0.066343 -0.981126
0.173295 0.046768 0.983759
0.140151 -0.989698 -0.029241
-0.909295 -0.409962 -0.071515
0.173295 0.046768 0.983759
-0.153095 -0.987903 0.024672
-0.133513 -0.991043 0.002827
-0.133513 -0.991043 0.002827
-0.153095 -0.987903 0.024672
-0.181633 -0.066343 -0.981126
0.801324 -0.579076 0.150167
0.857369 0.484610 0.173413
0.161021 -0.045199 -0.985915
-0.158786 0.036880 0.986624
0.857369 0.484610 0.173413
0.801324 -0.579076 0.150167
-0.440514 -0.392133 -0.807576
-0.440514 -0.392133 -0.807576
-0.440514 -0.392133 -0.807576
0.440514 0.392133 0.807576
0.440514 0.392133 0.807576
0.440514 0.392133 0.807576
-0.616473 0.784456 -0.067743
-0.883232 0.467002 -0.042555
-0.153451 0.049993 -0.986891
0.146446 -0.058333 0.987497
-0.883232 0.467002 -0.042555
-0.616473 0.784456 -0.067743
-0.120731 -0.132715 0.983774
0.235593 0.967091 0.096081
0.973617 -0.149523 0.172374
0.973617 -0.149523 0.172374
0.235593 0.967091 0.096081
0.126281 0.132466 -0.983110
-0.658755 -0.720033 0.218160
-0.849981 -0.492141 0.187963
-0.181633 -0.066343 -0.981126
0.146446 -0.058333 0.987497
-0.849981 -0.492141 0.187963
-0.658755 -0.720033 0.218160
-0.903779 0.414456 0.106819
-0.711201 -0.341825 -0.614287
-0.378810 -0.238918 0.894104
-0.711201 -0.341825 -0.614287
-0.903779 0.414456 0.106819
-0.181633 -0.066343 -0.981126
</float_array>
          <technique_common>
            <accessor source="#SM_Coral_Table_Acropora_03_LOD2-Normal0-array" count="534" stride="3">
              <param name="X" type="float"/>
              <param name="Y" type="float"/>
              <param name="Z" type="float"/>
            </accessor>
          </technique_common>
        </source>
        <source id="SM_Coral_Table_Acropora_03_LOD2-UV0">
          <float_array id="SM_Coral_Table_Acropora_03_LOD2-UV0-array" count="332">
0.896484 0.152344
0.891113 0.146484
0.884277 0.162598
0.873133 0.146645
0.876465 0.176758
0.843592 0.196430
0.868164 0.134766
0.858887 0.127930
0.846191 0.137207
0.834774 0.137930
0.818359 0.142090
0.828125 0.134766
0.817102 0.134604
0.826613 0.127018
0.814453 0.149414
0.778053 0.232132
0.805176 0.149902
0.789063 0.142578
0.802129 0.139848
0.781250 0.151367
0.768066 0.163574
0.758301 0.176270
0.744141 0.186035
0.725098 0.201172
0.718750 0.218262
0.714844 0.222656
0.718262 0.232910
0.777286 0.266188
0.712402 0.240234
0.708984 0.261719
0.712402 0.274414
0.782069 0.274982
0.719727 0.281738
0.723145 0.292969
0.731934 0.303711
0.745605 0.305176
0.750977 0.309082
0.752441 0.330078
0.744888 0.326728
0.759277 0.341309
0.773926 0.352051
0.798340 0.350586
0.818848 0.340820
0.806900 0.298209
0.826660 0.330078
0.854980 0.321777
0.861816 0.315430
0.878906 0.328125
0.892090 0.333496
0.913574 0.336426
0.933594 0.330566
0.956055 0.316895
0.893421 0.278770
0.975586 0.279297
0.976074 0.270508
0.905440 0.223251
0.985840 0.256836
0.987793 0.240234
0.991699 0.228516
0.982422 0.197754
0.970215 0.181152
0.957520 0.173828
0.946519 0.168918
0.933105 0.155762
0.926758 0.154297
0.914551 0.159668
0.899414 0.190430
0.864746 0.216797
0.827637 0.247559
0.870605 0.199219
0.875977 0.190430
0.002179 0.986386
0.002179 0.991771
0.077960 0.989083
0.208206 0.989069
0.282533 0.986386
0.282533 0.991771
0.044946 0.989085
0.255903 0.989070
0.283241 0.986195
0.283241 0.991963
0.044328 0.989081
0.279738 0.989076
0.369287 0.986196
0.369287 0.991961
0.084374 0.989074
0.294767 0.989081
0.387124 0.986196
0.387124 0.991961
0.032317 0.989043
0.130813 0.989069
0.241472 0.986195
0.241472 0.991963
0.069423 0.989080
0.251877 0.989073
0.321110 0.986214
0.321110 0.991943
0.036125 0.989074
0.182170 0.989068
0.249301 0.986227
0.249301 0.991931
0.096148 0.989078
0.219671 0.989080
0.333804 0.986192
0.333804 0.991965
0.068256 0.989098
0.215590 0.989075
0.262456 0.986199
0.262456 0.991958
0.108345 0.989071
0.177302 0.989076
0.285440 0.986214
0.285440 0.991943
0.107854 0.989075
0.238298 0.986214
0.238298 0.991943
0.213696 0.989080
0.258118 0.989087
0.340940 0.986214
0.340940 0.991943
0.086575 0.989084
0.148684 0.989072
0.310559 0.986214
0.310559 0.991943
0.105416 0.989073
0.269300 0.989066
0.339959 0.986200
0.339959 0.991957
0.029721 0.988902
0.233452 0.988937
0.406346 0.986534
0.406346 0.991304
0.092856 0.989192
0.368081 0.989089
0.405658 0.985825
0.405658 0.992332
0.002179 0.985825
0.002179 0.992332
0.002179 0.986214
0.002179 0.991943
0.002179 0.986200
0.002179 0.991957
0.002179 0.986192
0.002179 0.991965
0.002179 0.986214
0.002179 0.991943
0.002179 0.986196
0.002179 0.991961
0.002179 0.986196
0.002179 0.991961
0.002179 0.986195
0.002179 0.991963
0.002179 0.986195
0.002179 0.991963
0.002179 0.986199
0.002179 0.991958
0.002179 0.986227
0.002179 0.991931
0.002179 0.986214
0.002179 0.991943
0.002175 0.986534
0.002175 0.991304
0.002179 0.986214
0.002179 0.991943
0.002179 0.986214
0.002179 0.991943
</float_array>
          <technique_common>
            <accessor source="#SM_Coral_Table_Acropora_03_LOD2-UV0-array" count="166" stride="2">
              <param name="S" type="float"/>
              <param name="T" type="float"/>
            </accessor>
          </technique_common>
        </source>
        <vertices id="SM_Coral_Table_Acropora_03_LOD2-VERTEX">
          <input semantic="POSITION" source="#SM_Coral_Table_Acropora_03_LOD2-POSITION"/>
        </vertices>
        <triangles count="178" material="MAT_Coral_Table">
          <input semantic="VERTEX" offset="0" source="#SM_Coral_Table_Acropora_03_LOD2-VERTEX"/>
          <input semantic="NORMAL" offset="1" source="#SM_Coral_Table_Acropora_03_LOD2-Normal0"/>
          <input semantic="TEXCOORD" offset="2" set="0" source="#SM_Coral_Table_Acropora_03_LOD2-UV0"/>
          <p> 0 0 8 9 1 10 54 2 9 0 3 8 45 4 15 44 5 14 45 6 15 10 7 20 50 8 19 45 9 15 11 10 24 51 11 23 45 12 15 90 13 25 11 14 24 68 15 27 6 16 29 89 17 28 68 18 27 52 19 30 6 20 29 68 21 27 1 22 39 73 23 37 68 24 27 65 25 44 1 26 39 65 27 44 2 28 46 70 29 45 2 30 46 8 31 49 80 32 48 2 33 46 60 34 52 8 35 49 60 36 52 40 37 50 8 38 49 78 39 55 13 40 56 88 41 54 78 42 55 33 43 57 13 44 56 78 45 55 14 46 59 85 47 58 56 48 68 4 49 67 78 50 55 2 51 46 56 52 68 60 53 52 65 54 44 56 55 68 2 56 46 49 57 69 56 58 68 0 59 8 49 60 69 4 61 67 56 62 68 22 63 10 44 64 14 77 65 5 44 66 14 43 67 15 77 68 5 50 69 19 23 70 20 43 71 15 23 72 20 69 73 21 43 74 15 51 75 23 24 76 24 43 77 15 89 78 28 20 79 29 43 80 15 71 81 34 25 82 35 67 83 31 73 84 37 16 85 39 67 86 31 16 87 39 81 88 43 67 89 31 21 90 49 76 91 52 17 92 46 88 93 54 26 94 56 79 95 55 85 96 58 27 97 59 79 98 55 79 99 55 57 100 68 76 101 52 76 102 52 57 103 68 17 104 46 17 105 46 57 106 68 81 107 43 18 108 67 49 109 69 77 110 5 34 111 74 0 112 75 15 113 76 54 114 77 15 115 151 0 116 150 50 117 82 10 118 83 23 119 84 51 120 86 11 121 87 24 122 88 89 123 90 6 124 91 20 125 92 71 126 94 12 127 95 25 128 96 73 129 98 1 130 99 16 131 100 46 132 101 16 133 143 1 134 142 32 135 109 17 136 139 2 137 138 40 138 113 21 139 163 8 140 162 88 141 117 13 142 118 26 143 119 85 144 121 14 145 122 27 146 123 72 147 124 27 148 141 14 149 140 36 150 129 4 151 130 18 152 131 49 153 132 18 154 137 4 155 136 52 156 93 20 157 145 6 158 144 20 159 29 52 160 30 43 161 15 69 162 85 23 163 147 10 164 146 45 165 15 69 166 21 10 167 20 61 168 97 25 169 157 12 170 156 25 171 35 61 172 36 67 173 31 64 174 78 9 175 79 22 176 80 54 177 9 22 178 10 77 179 5 80 180 110 8 181 111 21 182 112 80 183 48 21 184 49 17 185 46 26 186 56 33 187 57 79 188 55 33 189 120 26 190 165 13 191 164 58 192 73 35 193 72 5 194 71 39 195 133 5 196 134 35 197 135 48 198 128 19 199 161 37 200 160 59 201 125 37 202 126 19 203 127 59 204 62 19 205 63 79 206 55 78 207 55 72 208 60 14 209 59 78 210 55 37 211 63 59 212 62 27 213 59 72 214 60 79 215 55 114 216 3 77 217 5 116 218 4 49 219 69 0 220 8 114 221 3 35 222 1 58 223 3 113 224 2 113 225 2 58 226 3 5 227 1 41 228 51 42 229 53 76 230 52 40 231 113 3 232 114 41 233 115 88 234 54 79 235 55 76 236 52 60 237 52 3 238 51 40 239 50 60 240 52 42 241 53 3 242 51 42 243 116 41 244 159 3 245 158 79 246 55 18 247 67 57 248 68 57 249 68 18 250 67 77 251 5 0 252 8 44 253 14 9 254 10 44 255 81 22 256 149 9 257 148 68 258 27 61 259 36 12 260 35 68 261 27 12 262 35 71 263 34 65 264 44 46 265 40 1 266 39 63 267 102 7 268 103 47 269 104 63 270 41 47 271 42 81 272 43 16 273 39 46 274 40 81 275 43 19 276 63 48 277 64 79 278 55 78 279 55 48 280 64 37 281 63 77 282 5 49 283 69 116 284 4 116 285 4 49 286 69 114 287 3 84 288 17 43 289 15 83 290 16 83 291 16 45 292 15 84 293 17 45 294 15 51 295 23 29 296 22 29 297 22 51 298 23 43 299 15 87 300 32 28 301 33 67 302 31 68 303 27 28 304 33 87 305 32 90 306 25 53 307 26 43 308 15 45 309 15 53 310 26 90 311 25 22 312 10 75 313 11 64 314 12 64 315 12 75 316 11 9 317 10 39 318 0 35 319 1 113 320 2 113 321 2 5 322 1 39 323 0 0 324 8 56 325 68 45 326 15 68 327 27 56 328 68 65 329 44 81 330 43 57 331 68 67 332 31 43 333 15 57 334 68 77 335 5 0 336 8 82 337 6 114 338 3 114 339 3 82 340 6 77 341 5 38 342 61 59 343 62 79 344 55 78 345 55 59 346 62 38 347 61 78 348 55 4 349 67 36 350 66 78 351 55 36 352 66 74 353 65 61 354 36 73 355 37 67 356 31 68 357 27 73 358 37 61 359 36 62 360 18 91 361 17 92 362 16 93 363 16 94 364 17 115 365 18 46 366 40 63 367 41 81 368 43 65 369 44 63 370 41 46 371 40 95 372 12 96 373 11 31 374 13 112 375 13 97 376 11 98 377 12 65 378 105 47 379 155 7 380 154 65 381 44 7 382 42 63 383 41 99 384 2 100 385 3 66 386 4 101 387 4 102 388 3 55 389 2 67 390 31 57 391 68 43 392 15 52 393 30 67 394 31 43 395 15 45 396 15 68 397 27 53 398 26 45 399 15 56 400 68 68 401 27 69 402 21 29 403 22 43 404 15 45 405 15 29 406 22 69 407 21 70 408 106 2 409 107 17 410 108 70 411 45 17 412 46 81 413 43 28 414 33 71 415 34 67 416 31 68 417 27 71 418 34 28 419 33 78 420 55 38 421 61 72 422 60 72 423 60 38 424 61 79 425 55 104 426 36 30 427 38 103 428 37 106 429 37 111 430 38 105 431 36 78 432 55 74 433 65 48 434 64 48 435 64 74 436 65 79 437 55 9 438 10 75 439 11 54 440 9 54 441 9 75 442 11 22 443 10 40 444 50 41 445 51 76 446 52 21 447 49 40 448 50 76 449 52 77 450 5 15 451 8 54 452 9 34 453 7 15 454 8 77 455 5 60 456 52 78 457 55 88 458 54 60 459 52 56 460 68 78 461 55 36 462 66 18 463 67 79 464 55 74 465 65 36 466 66 79 467 55 32 468 47 80 469 48 17 470 46 2 471 46 80 472 48 32 473 47 65 474 44 70 475 45 81 476 43 47 477 42 65 478 44 81 479 43 82 480 6 34 481 7 77 482 5 0 483 8 34 484 7 82 485 6 44 486 14 83 487 16 43 488 15 45 489 15 83 490 16 44 491 14 45 492 15 50 493 19 84 494 17 84 495 17 50 496 19 43 497 15 33 498 57 85 499 58 79 500 55 78 501 55 85 502 58 33 503 57 108 504 69 86 505 70 107 506 4 110 507 4 117 508 70 109 509 69 52 510 30 87 511 32 67 512 31 68 513 27 87 514 32 52 515 30 60 516 52 88 517 54 42 518 53 42 519 53 88 520 54 76 521 52 53 522 26 89 523 28 43 524 15 68 525 27 89 526 28 53 527 26 90 528 89 24 529 153 11 530 152 24 531 24 90 532 25 43 533 15</p>
        </triangles>
      </mesh>
    </geometry>
  </library_geometries>
  <library_visual_scenes>
    <visual_scene id="SM_Coral_Table_Acropora_03" name="SM_Coral_Table_Acropora_03">
      <node name="SM_Coral_Table_Acropora_03_LOD0" id="SM_Coral_Table_Acropora_03_LOD0" layer="urchin" sid="SM_Coral_Table_Acropora_03_LOD0">
        <matrix sid="matrix">1.000000 0.000000 0.000000 0.000000 0.000000 0.000000 1.000000 0.000000 0.000000 -1.000000 0.000000 0.000000 0.000000 0.000000 0.000000 1.000000</matrix>
        <instance_geometry url="#SM_Coral_Table_Acropora_03_LOD0-lib">
          <bind_material>
            <technique_common>
              <instance_material symbol="MAT_Coral_Table" target="#MAT_Coral_Table"/>
            </technique_common>
          </bind_material>
        </instance_geometry>
        <extra>
          <technique profile="FCOLLADA">
            <visibility>1.000000</visibility>
          </technique>
        </extra>
      </node>
      <node name="SM_Coral_Table_Acropora_03_LOD1" id="SM_Coral_Table_Acropora_03_LOD1" layer="urchin" sid="SM_Coral_Table_Acropora_03_LOD1">
        <matrix sid="matrix">1.000000 0.000000 0.000000 0.000000 0.000000 0.000000 1.000000 0.000000 0.000000 -1.000000 0.000000 0.000000 0.000000 0.000000 0.000000 1.000000</matrix>
        <instance_geometry url="#SM_Coral_Table_Acropora_03_LOD1-lib">
          <bind_material>
            <technique_common>
              <instance_material symbol="MAT_Coral_Table" target="#MAT_Coral_Table"/>
            </technique_common>
          </bind_material>
        </instance_geometry>
        <extra>
          <technique profile="FCOLLADA">
            <visibility>1.000000</visibility>
          </technique>
        </extra>
      </node>
      <node name="SM_Coral_Table_Acropora_03_LOD2" id="SM_Coral_Table_Acropora_03_LOD2" layer="urchin" sid="SM_Coral_Table_Acropora_03_LOD2">
        <matrix sid="matrix">1.000000 0.000000 0.000000 0.000000 0.000000 0.000000 1.000000 0.000000 0.000000 -1.000000 0.000000 0.000000 0.000000 0.000000 0.000000 1.000000</matrix>
        <instance_geometry url="#SM_Coral_Table_Acropora_03_LOD2-lib">
          <bind_material>
            <technique_common>
              <instance_material symbol="MAT_Coral_Table" target="#MAT_Coral_Table"/>
            </technique_common>
          </bind_material>
        </instance_geometry>
        <extra>
          <technique profile="FCOLLADA">
            <visibility>1.000000</visibility>
          </technique>
        </extra>
      </node>
      <extra>
        <technique profile="MAX3D">
          <frame_rate>30.000000</frame_rate>
        </technique>
        <technique profile="FCOLLADA">
          <start_time>0.000000</start_time>
          <end_time>3.333333</end_time>
        </technique>
      </extra>
    </visual_scene>
  </library_visual_scenes>
  <scene>
    <instance_visual_scene url="#SM_Coral_Table_Acropora_03"/>
  </scene>
</COLLADA>
