<?xml version="1.0" encoding="utf-8"?>
<COLLADA xmlns="http://www.collada.org/2005/11/COLLADASchema" version="1.4.1">
  <asset>
    <contributor>
      <author/>
      <authoring_tool>FBX COLLADA exporter</authoring_tool>
      <comments/>
    </contributor>
    <created>2024-02-10T11:35:28Z</created>
    <keywords/>
    <modified>2024-02-10T11:35:28Z</modified>
    <revision/>
    <subject/>
    <title/>
    <unit meter="0.010000" name="centimeter"/>
    <up_axis>Y_UP</up_axis>
  </asset>
  <library_materials>
    <material id="MAT_Urchin" name="MAT_Urchin">
      <instance_effect url="#MAT_Urchin-fx"/>
    </material>
  </library_materials>
  <library_effects>
    <effect id="MAT_Urchin-fx" name="MAT_Urchin">
      <profile_COMMON>
        <technique sid="standard">
          <phong>
            <emission>
              <color sid="emission">0.000000  0.000000 0.000000 1.000000</color>
            </emission>
            <ambient>
              <color sid="ambient">0.066667  0.058824 0.117647 1.000000</color>
            </ambient>
            <diffuse>
              <color sid="diffuse">0.066667  0.058824 0.117647 1.000000</color>
            </diffuse>
            <specular>
              <color sid="specular">0.000000  0.000000 0.000000 1.000000</color>
            </specular>
            <shininess>
              <float sid="shininess">2.000000</float>
            </shininess>
            <reflective>
              <color sid="reflective">0.000000  0.000000 0.000000 1.000000</color>
            </reflective>
            <reflectivity>
              <float sid="reflectivity">1.000000</float>
            </reflectivity>
            <transparent opaque="RGB_ZERO">
              <color sid="transparent">1.000000  1.000000 1.000000 1.000000</color>
            </transparent>
            <transparency>
              <float sid="transparency">0.000000</float>
            </transparency>
          </phong>
        </technique>
      </profile_COMMON>
    </effect>
  </library_effects>
  <library_geometries>
    <geometry id="SM_Urchin_01_LOD0-lib" name="SM_Urchin_01_LOD0Mesh">
      <mesh>
        <source id="SM_Urchin_01_LOD0-POSITION">
          <float_array id="SM_Urchin_01_LOD0-POSITION-array" count="1515">
0.109924 -0.197815 -0.000000
-3.287079 -1.324341 0.205997
-1.536789 2.948364 0.252281
1.721191 2.971680 0.295359
2.608200 2.360657 0.224206
3.631165 -0.198486 0.348082
-1.645828 -1.535889 17.059805
-1.948074 -1.236023 17.057087
-2.150375 -1.363098 17.293440
-2.305679 -0.977905 17.031536
-2.537308 -0.630127 16.998577
-2.644424 -0.207153 16.993916
-2.681152 0.730225 17.285894
-2.430725 0.642700 17.028929
-2.388794 1.123291 17.256168
-2.143707 0.972900 17.057158
-1.792572 1.192993 17.062241
-1.458649 1.899597 17.035234
-1.620453 2.114441 17.258902
-0.834946 2.571960 17.256449
-1.149277 2.156006 17.021374
-0.760040 2.333252 17.013165
0.088913 2.669739 17.279200
0.081329 2.395752 17.039591
0.471695 2.263184 17.050297
0.935394 2.348694 17.317860
0.856384 2.105469 17.056265
1.251511 1.994385 17.057751
1.370468 2.238159 17.264412
1.599533 1.856750 17.048153
1.759354 2.075867 17.275318
1.850601 1.576294 17.046835
2.404007 0.924011 17.055864
2.641922 1.049988 17.302185
5.669312 2.637695 16.334114
2.033401 1.755981 17.317190
3.779037 4.856689 16.339270
2.944962 5.369934 16.348761
0.512238 2.515137 17.306547
0.111465 6.130493 16.496237
-2.795212 5.528931 16.770147
-1.273071 2.390869 17.264820
-3.561752 4.857361 16.341475
-1.974808 1.341187 17.275452
-5.015350 3.523071 16.528784
-2.907104 -0.207275 17.225363
-2.798584 -0.680847 17.214283
-6.156723 -0.194275 16.411345
-5.828537 -2.124084 16.336836
-2.556107 -1.070984 17.252451
-1.642288 -2.104065 17.294264
-1.779785 -1.676147 17.258356
-1.477188 -1.921143 17.056728
-4.302444 -4.606995 16.331442
-5.010620 -3.919556 16.528706
-5.456360 -3.029907 16.348783
-7.197006 -3.917664 15.764376
-6.232193 -1.188171 16.770304
-7.118454 3.491882 15.570113
-5.910309 1.763428 16.505529
-5.455643 2.639832 16.345739
-4.630356 6.328247 15.490683
-1.827835 5.767883 16.420444
-3.690414 7.143860 16.085163
0.112152 8.064941 15.865101
1.085449 5.973816 16.346897
1.381317 7.814453 15.563563
2.061478 5.827698 16.528698
3.831390 7.111328 15.764443
5.914886 5.686707 16.085590
4.654907 4.335510 16.769133
7.286423 3.462952 15.474942
6.127838 1.758240 16.501432
2.808487 0.676331 17.284996
2.556335 0.596863 17.054430
2.442734 -0.194885 17.065664
2.704987 -0.194519 17.308859
2.565247 -0.610229 17.061846
2.676880 -1.012024 17.041101
2.845535 -0.646240 17.311216
2.934235 -1.085266 17.267769
2.604050 -1.420837 17.023321
2.180191 -2.235596 17.272602
1.994980 -2.043274 17.024553
1.655167 -2.279297 17.034246
1.380814 -2.638306 17.261925
0.519989 -2.904480 17.289118
1.259277 -2.391846 17.053415
0.474670 -2.641357 17.049074
-0.248840 -2.642578 17.010168
-0.633499 -2.485229 17.054296
-1.334747 -2.230652 17.057716
-0.713135 -2.724609 17.293161
-1.494843 -2.458862 17.283213
-1.828522 -6.155823 16.416878
-0.283966 -2.884399 17.250778
1.809662 -2.500732 17.286484
2.819336 -1.535950 17.244125
5.822510 -3.118408 16.769341
4.523438 -4.610046 16.342093
6.439270 -0.190674 16.529129
7.966919 2.354919 15.867558
7.095703 6.789856 14.670249
8.748886 4.208252 14.425207
5.842712 7.693848 14.508491
4.842300 6.320007 15.472492
4.546188 8.513550 14.529544
2.600082 7.472046 15.481404
3.163605 9.186157 14.633206
1.626114 9.388977 14.437275
-2.889359 9.033142 14.429918
-2.380524 7.435974 15.427565
-4.374115 8.606812 14.667957
-5.617172 7.689636 14.497993
-6.417099 4.546570 15.490726
-7.868233 5.608643 14.632116
-8.536255 4.209229 14.436148
-7.746010 2.360718 15.865813
-9.491623 2.916565 14.905524
-7.918114 -0.204468 15.428222
-9.647507 -1.738708 14.668282
-8.045074 -1.540527 16.085449
-7.554848 -2.684998 15.482093
-6.408798 -4.930298 15.472318
-8.599457 -4.631958 14.529420
-7.877991 -5.990051 14.635654
-9.761940 -5.225403 13.192192
-9.161713 -3.205139 14.501634
-9.593201 -0.194702 14.429425
-10.882950 -1.933899 13.248507
-11.120399 -0.146729 13.294904
-9.122574 6.513977 13.485766
-6.453659 8.836365 13.275981
-4.942398 9.723145 13.250149
-3.313690 10.490295 13.286553
0.101349 9.896912 14.904856
0.101044 11.254578 13.536408
5.137878 9.677063 13.192354
6.671234 8.838745 13.277667
7.986404 7.679932 13.258189
10.993408 3.350159 13.533976
9.704041 2.930786 14.904274
9.976318 -0.201050 14.635010
11.520584 -0.196228 13.485126
9.988922 4.840332 13.202289
7.284470 9.681396 11.853637
5.649734 10.681824 11.851206
3.636673 10.657837 13.485265
3.927231 11.544128 11.935534
1.849380 10.818848 13.252916
0.111557 12.039490 11.877573
-3.690155 11.510315 11.928485
-9.873253 7.062378 11.933316
-10.934746 5.436340 12.012358
-9.829559 4.864624 13.254744
-10.780647 3.334900 13.534181
-10.502228 -3.643494 13.269753
-11.503975 -3.968140 11.855618
-12.542854 -2.227783 12.276147
-12.191490 -0.190857 11.924591
-11.530693 3.589844 11.881117
-11.169556 5.553162 11.137120
-7.066208 9.680908 11.853220
-5.734207 11.209717 12.276268
0.116608 12.911194 11.365188
2.051514 12.046204 12.010798
6.018341 11.376099 11.305389
9.149384 8.886230 12.275998
9.107224 8.807373 11.182306
11.064194 5.386169 11.895446
11.408722 5.563599 11.150554
11.988037 5.858582 9.647236
9.998306 9.684753 9.859981
7.599335 10.101685 11.168650
4.052490 11.937012 11.210774
2.195282 12.970642 9.646101
2.090607 12.309082 11.137772
0.117676 13.249329 9.691300
-3.803635 11.846863 11.137584
-5.674500 11.149658 11.185367
-4.013184 12.491821 9.647373
-7.812607 10.776611 9.805957
-7.375275 10.119324 11.174736
-11.780670 5.864380 9.650402
-10.215561 7.308289 11.213998
-12.357277 3.864258 11.365993
-12.548485 -0.194885 11.135335
-12.662910 3.962952 9.687085
-12.468544 -2.189758 11.185943
-12.774673 -4.339050 9.805410
-12.008644 -4.124023 11.172009
-11.473007 -6.082458 11.305347
-10.209618 -7.689819 11.208991
-10.909187 -8.152344 9.608734
-11.767784 -6.247620 9.645384
-13.697731 -2.374695 9.859723
-13.287865 -2.316528 8.884687
-13.240120 -0.194885 9.650512
-13.423431 -0.194885 8.877362
-13.042282 4.071777 8.927845
-10.860527 7.821838 9.607654
-7.863174 10.775696 8.884623
-6.231567 12.264404 9.860226
-4.076660 12.687134 8.880122
0.102737 13.621948 8.925772
4.344925 12.717834 9.608558
6.159927 11.683289 9.645530
6.498703 12.316467 8.954476
8.082367 10.781677 8.885853
8.095825 10.730042 9.805690
9.706116 9.402100 8.886569
13.257843 4.084229 8.928533
12.303848 6.025452 8.902257
10.085236 9.778015 7.391975
8.162781 10.890259 7.374681
6.427994 12.211792 7.364188
4.294556 12.687073 8.880113
2.253647 13.338806 7.374874
4.414673 13.075073 7.378134
2.240875 13.294189 8.906558
0.110809 14.123596 7.392048
-6.051666 11.896362 8.886116
-7.950325 10.897827 7.374680
-11.175629 7.996643 7.378328
-10.842606 7.761902 8.878345
-12.066833 6.003967 8.907971
-12.093246 6.023804 7.374876
-13.507553 4.231262 7.392328
-14.039322 -0.206177 7.375851
-13.825966 -2.399536 7.391928
-12.794815 -4.388855 8.886156
-12.414467 -6.560974 8.954504
-10.847366 -8.155090 8.879645
-12.296043 -6.518005 7.364193
-11.165527 -8.393555 7.378442
-9.549904 -9.860107 8.908252
-8.012596 -11.384094 8.928108
-7.782990 -11.046204 9.682488
-4.013412 -12.882202 9.647604
-4.076035 -13.074951 8.879679
-2.099655 -14.123596 7.392031
-2.050735 -13.844910 6.635963
-4.252441 -13.654541 7.375853
-8.311363 -11.781067 7.391251
-9.560013 -9.862244 6.658217
-9.577377 -9.879517 7.374877
-10.947273 -8.227661 6.659437
-12.976761 -4.446350 6.655162
-12.945045 -4.436340 7.374690
-12.942223 4.045837 6.657490
-10.956154 7.844421 6.658104
-6.292633 12.374329 7.391987
-4.273163 13.255249 7.375849
0.109039 13.503540 6.660590
4.332764 12.804688 6.659157
9.884995 9.584351 6.635086
12.299454 6.017456 6.658165
12.325226 6.030884 7.374848
13.152512 4.043152 6.658516
13.727661 4.228333 7.392283
14.039337 -0.188721 7.378713
13.639114 -0.194885 8.876870
12.881912 3.948608 9.686177
13.697662 -0.233215 9.608068
12.580292 3.848938 11.366628
11.744125 3.582886 11.876694
8.175400 -0.194885 15.490394
8.214401 -1.478088 15.775388
9.756821 -1.722961 14.521969
11.070374 -1.930054 13.210974
12.178055 -2.105408 11.860073
12.457870 -0.198730 11.939072
12.873367 -0.196411 11.214761
12.941757 -2.239502 11.306916
12.206192 -4.133606 11.162674
11.460617 -5.975708 11.188277
11.725006 -3.969177 11.857906
11.538834 -5.986450 12.275761
10.726074 -3.643738 13.275389
9.381790 -3.209717 14.506294
7.767151 -2.683167 15.471530
6.274658 -1.171936 16.341032
6.047134 -2.124268 16.338617
7.496567 -3.898987 16.085377
5.803726 -5.888550 15.469467
4.962830 -6.881226 15.869347
3.827042 -5.316467 16.503675
2.943741 -5.757324 16.341146
1.393280 -8.300110 15.775348
-1.131058 -8.365784 16.085556
1.084976 -6.360779 16.341185
-0.905899 -6.532166 16.769266
-2.361771 -7.830078 15.424600
-1.438538 -9.956299 14.675531
4.516525 -8.843567 14.442367
1.636948 -9.842590 14.521726
3.785217 -7.418274 15.555143
6.964188 -7.048706 14.420730
8.911850 -4.681763 14.671715
6.046753 -8.354553 14.904427
1.845901 -11.155701 13.210656
-1.635086 -11.194214 13.256469
-2.888580 -9.419922 14.426187
-3.616379 -5.318542 16.516062
-5.628128 -5.926636 15.563409
-6.752838 -7.057739 14.439396
-4.748917 -6.875671 15.865884
-5.815948 -8.362793 14.903069
5.175293 -10.129456 13.254365
5.735138 -11.245056 12.014763
6.843613 -9.450562 13.533239
7.950104 -8.034729 13.201348
10.024445 -5.249207 13.249260
8.805267 -8.892334 11.898656
7.290359 -10.083679 11.868612
7.807755 -10.804749 11.365971
2.021423 -12.263245 11.859797
2.129944 -13.031433 11.306920
-1.882172 -12.784058 11.192121
-1.867188 -12.855469 12.276052
-3.695938 -11.892212 11.924721
-3.804642 -12.239624 11.139423
-3.401962 -10.849792 13.285268
-6.612473 -9.459900 13.533029
-8.652931 -8.951477 12.006082
-7.083939 -10.090637 11.877152
-7.600883 -10.794250 11.366741
-9.323349 -9.625610 9.648620
-8.836502 -9.138794 11.132784
-10.767662 -5.737915 11.851895
-9.877747 -7.445862 11.933274
-9.124252 -6.901428 13.485991
-7.780304 -8.089722 13.263412
-2.014099 -13.598267 8.886179
-2.084351 -13.999268 9.859684
5.857391 -11.479370 11.140433
9.058807 -9.143127 11.136537
12.966476 -4.414795 9.805975
13.273499 -2.278809 9.644836
13.982880 -2.405701 8.954778
13.847229 -2.368713 7.364144
13.009247 -4.385132 8.885176
12.560303 -6.546814 9.859788
9.548706 -9.633484 9.652076
9.788086 -9.865540 8.900610
6.314133 -12.363342 8.907176
7.995331 -11.060425 9.685155
6.160522 -12.074158 9.646590
2.195114 -13.359192 9.644892
2.293610 -14.072937 8.954768
2.290787 -14.095947 6.610459
6.309265 -12.366211 6.659821
6.333847 -12.414368 7.374876
2.286850 -13.932312 7.364145
8.239166 -11.374390 8.927382
9.811066 -9.896118 7.374602
8.524750 -11.781189 7.392066
12.196945 -6.354187 8.885348
13.159653 -4.435303 7.374688
13.192795 -4.446350 6.655378
13.529770 -0.193604 5.297035
13.767761 -0.194885 6.660338
12.030228 5.881348 5.309984
9.902802 9.604919 5.155777
8.194168 10.932983 6.655652
6.514709 12.333923 6.610417
6.291321 11.948425 5.195210
4.250397 12.555359 5.303120
2.200867 13.018799 5.306728
2.248810 13.308411 6.658347
-4.117111 12.811523 6.658378
-6.185364 12.149414 5.154707
-6.162033 12.107727 6.637225
-7.983818 10.944336 6.653975
-7.742462 10.607361 5.311077
-12.054749 6.004150 6.660717
-13.544724 -0.194885 6.661074
-13.219559 -0.194885 5.326959
-13.573227 -2.366211 5.156664
-13.547012 -2.360046 6.635213
-12.437645 -6.565613 6.610419
-9.353386 -9.658508 5.304964
-8.129471 -11.538208 4.971739
-4.011902 -12.877563 5.324237
-7.947998 -11.284119 6.659483
-4.114975 -13.194824 6.659208
2.244446 -13.648865 5.197129
8.172424 -11.293457 6.658041
12.681747 -6.603577 7.391811
12.420288 -6.465271 6.636373
14.003586 -2.415466 6.610547
12.804001 -4.317017 5.313684
13.564194 -2.321350 5.197193
11.823898 -2.052307 2.924185
13.443848 4.140381 4.971658
11.672211 3.551697 2.528720
10.520905 5.111389 3.108959
7.948608 10.599854 5.316214
8.413910 8.111206 3.052139
7.108719 9.445129 2.794350
3.756622 11.086182 2.946115
0.106537 13.824768 4.971728
-4.008194 12.476379 5.329013
-5.224396 10.270691 3.051707
-6.897766 9.443359 2.791195
-9.494858 6.761963 2.942813
-10.738472 7.684631 5.302617
-11.819733 5.882080 5.303082
-11.448708 3.570984 2.528009
-13.224266 4.134766 4.971768
-11.486534 -2.032227 3.058915
-12.586334 -4.322510 5.312926
-12.030685 -6.385254 5.195037
-9.474197 -7.178223 2.944163
-10.464043 -5.579895 2.919500
-10.728477 -8.070374 5.306869
-8.155914 -8.458374 3.107528
-7.043594 -10.022339 2.529031
-3.502914 -11.311035 3.109906
-2.054245 -13.879517 5.155917
-1.728043 -11.798279 3.049573
5.416458 -10.613525 3.101150
6.186050 -12.119812 5.304378
9.765579 -9.849976 6.660610
12.455795 -6.481262 5.155581
9.577515 -9.660950 5.306874
8.352051 -11.536499 4.971695
7.244415 -10.033264 2.530354
8.377167 -8.461731 3.101880
6.248871 -8.644958 2.215188
6.206543 -3.928894 1.053954
7.480530 -7.565186 2.246146
5.184814 -5.264160 1.028097
3.287979 -1.770264 0.251869
9.571335 -5.012878 1.897866
10.029831 -3.419434 2.229391
10.579300 -5.528870 3.046180
11.450272 -3.876404 2.781762
10.695343 -1.867981 1.617637
6.960022 -2.409912 0.866265
3.271027 1.403687 0.230203
3.846680 5.911438 0.991869
0.117569 3.375000 0.163706
2.322830 6.618774 1.115620
1.749756 10.152039 2.165334
4.972351 9.357910 1.615619
6.242874 8.246033 2.224856
5.184601 4.885254 0.988095
9.395859 4.538025 2.247475
7.613632 7.313965 1.901984
5.497299 10.376038 2.919886
3.342560 9.755737 2.186553
1.937271 11.342407 3.114759
0.108521 10.244812 2.225197
0.673920 6.964722 0.908682
0.119064 11.959412 2.529526
-3.504227 10.925354 3.104895
-8.348679 5.950562 2.201572
-10.304146 5.112000 3.107438
-9.224777 4.563110 2.164765
-11.576538 -0.194885 3.113204
-11.220230 -3.879456 2.794351
-9.440544 -5.064575 1.615708
-6.027451 -8.641602 2.223804
-3.140976 -10.179443 2.155676
-1.549408 -10.684204 1.895529
1.962448 -11.910034 2.924637
4.867188 -9.537720 2.149702
0.674316 -7.333435 0.984419
1.789093 -10.780212 1.617585
-1.011230 -7.287598 0.990934
-2.624222 -6.798218 1.074121
-4.148117 -6.035278 0.794046
-7.304153 -7.605164 2.155204
-5.326050 -4.840149 1.069478
-8.355728 -6.344238 2.186923
-9.815689 -3.418518 2.223392
-6.271606 -3.445862 1.122327
-6.859619 -1.875549 0.926590
-10.372154 -1.857849 1.909288
-7.056046 -0.194885 1.112076
-10.387817 -0.189392 2.161901
-9.821457 3.031250 2.222277
-6.018173 8.240112 2.240830
-4.711533 9.259521 1.908987
-4.132080 5.624634 0.863124
-3.129837 9.790894 2.159949
-2.628433 6.407837 1.065963
-5.322052 4.443665 1.110543
-2.738586 1.877686 0.349603
-6.286591 3.059387 1.042607
-6.866867 1.485779 0.924235
-3.390854 0.368164 0.215303
-2.393784 -2.703735 0.259758
-0.966980 -3.543335 0.291793
0.665878 -3.704285 0.299062
3.859634 -6.318298 0.913784
2.200058 -3.087769 0.165496
6.201660 3.540955 1.073140
10.040695 3.032593 2.219221
11.975113 -0.178284 2.933598
10.569427 -0.195313 2.190781
7.091614 1.479919 0.914337
7.229782 -0.755127 1.107636
10.569427 -0.195313 2.190781
</float_array>
          <technique_common>
            <accessor source="#SM_Urchin_01_LOD0-POSITION-array" count="505" stride="3">
              <param name="X" type="float"/>
              <param name="Y" type="float"/>
              <param name="Z" type="float"/>
            </accessor>
          </technique_common>
        </source>
        <source id="SM_Urchin_01_LOD0-Normal0">
          <float_array id="SM_Urchin_01_LOD0-Normal0-array" count="8775">
0.087023 -0.106573 -0.990489
-0.008798 -0.139785 -0.990143
-0.049867 -0.092891 -0.994427
-0.030327 -0.145745 -0.988857
-0.022498 -0.077276 -0.996756
-0.008798 -0.139785 -0.990143
-0.102592 -0.098682 -0.989817
-0.022498 -0.077276 -0.996756
-0.030327 -0.145745 -0.988857
-0.137806 -0.067437 -0.988161
-0.022498 -0.077276 -0.996756
-0.102592 -0.098682 -0.989817
-0.141859 0.040111 -0.989074
-0.061587 0.000978 -0.998101
-0.137806 -0.067437 -0.988161
-0.128150 0.096846 -0.987015
-0.071329 0.059603 -0.995670
-0.141859 0.040111 -0.989074
-0.088883 0.114274 -0.989465
-0.071329 0.059603 -0.995670
-0.128150 0.096846 -0.987015
0.020530 0.122213 -0.992292
-0.071329 0.059603 -0.995670
-0.088883 0.114274 -0.989465
0.075221 0.137735 -0.987609
0.092909 0.045966 -0.994613
0.020530 0.122213 -0.992292
0.106478 0.116229 -0.987499
0.022472 0.065464 -0.997602
0.075221 0.137735 -0.987609
0.133872 0.047874 -0.989842
0.022472 0.065464 -0.997602
0.106478 0.116229 -0.987499
0.153446 -0.010751 -0.988099
0.092825 -0.002931 -0.995678
0.133872 0.047874 -0.989842
0.139689 -0.038099 -0.989462
0.092825 -0.002931 -0.995678
0.153446 -0.010751 -0.988099
0.092825 -0.002931 -0.995678
0.139689 -0.038099 -0.989462
0.087023 -0.106573 -0.990489
0.245351 0.155421 0.956895
0.667380 0.278487 0.690687
0.595644 0.401988 0.695423
0.444564 0.567676 0.692898
0.245351 0.155421 0.956895
0.595644 0.401988 0.695423
0.122218 0.282585 0.951424
0.245351 0.155421 0.956895
0.444564 0.567676 0.692898
0.458766 0.519399 0.720942
0.122218 0.282585 0.951424
0.444564 0.567676 0.692898
0.165304 0.171182 0.971273
0.122218 0.282585 0.951424
0.458766 0.519399 0.720942
0.583860 0.280683 0.761791
0.165304 0.171182 0.971273
0.458766 0.519399 0.720942
0.239478 0.126087 0.962680
0.165304 0.171182 0.971273
0.583860 0.280683 0.761791
0.656328 -0.026409 0.754013
0.239478 0.126087 0.962680
0.583860 0.280683 0.761791
0.243445 0.043995 0.968916
0.239478 0.126087 0.962680
0.656328 -0.026409 0.754013
0.215979 -0.108478 0.970354
0.243445 0.043995 0.968916
0.656328 -0.026409 0.754013
0.587522 -0.304030 0.749922
0.215979 -0.108478 0.970354
0.656328 -0.026409 0.754013
0.114432 -0.208338 0.971340
0.215979 -0.108478 0.970354
0.587522 -0.304030 0.749922
0.413414 -0.499417 0.761362
0.114432 -0.208338 0.971340
0.587522 -0.304030 0.749922
0.161169 -0.182651 0.969878
0.114432 -0.208338 0.971340
0.413414 -0.499417 0.761362
0.483970 -0.440948 0.755869
0.161169 -0.182651 0.969878
0.413414 -0.499417 0.761362
0.535045 -0.396149 0.746185
0.161169 -0.182651 0.969878
0.483970 -0.440948 0.755869
0.161365 -0.165275 0.972957
0.161169 -0.182651 0.969878
0.535045 -0.396149 0.746185
0.355132 -0.570381 0.740639
0.161365 -0.165275 0.972957
0.535045 -0.396149 0.746185
0.143592 -0.247129 0.958284
0.161365 -0.165275 0.972957
0.355132 -0.570381 0.740639
0.120238 -0.233634 0.964862
0.143592 -0.247129 0.958284
0.355132 -0.570381 0.740639
0.165066 -0.659285 0.733551
0.120238 -0.233634 0.964862
0.355132 -0.570381 0.740639
-0.044013 -0.249407 0.967398
0.120238 -0.233634 0.964862
0.165066 -0.659285 0.733551
-0.112455 -0.673750 0.730353
-0.044013 -0.249407 0.967398
0.165066 -0.659285 0.733551
-0.139898 -0.235772 0.961686
-0.044013 -0.249407 0.967398
-0.112455 -0.673750 0.730353
-0.270723 -0.655802 0.704722
-0.139898 -0.235772 0.961686
-0.112455 -0.673750 0.730353
-0.071351 -0.260990 0.962701
-0.139898 -0.235772 0.961686
-0.270723 -0.655802 0.704722
-0.206310 -0.661947 0.720598
-0.071351 -0.260990 0.962701
-0.270723 -0.655802 0.704722
-0.184858 -0.623043 0.760030
-0.071351 -0.260990 0.962701
-0.206310 -0.661947 0.720598
-0.002933 -0.243253 0.969959
-0.071351 -0.260990 0.962701
-0.184858 -0.623043 0.760030
-0.398147 -0.513577 0.760078
-0.002933 -0.243253 0.969959
-0.184858 -0.623043 0.760030
-0.222003 -0.122254 0.967351
-0.002933 -0.243253 0.969959
-0.398147 -0.513577 0.760078
-0.268722 -0.153409 0.950923
-0.222003 -0.122254 0.967351
-0.398147 -0.513577 0.760078
-0.540424 -0.444651 0.714302
-0.268722 -0.153409 0.950923
-0.398147 -0.513577 0.760078
-0.570448 -0.378660 0.728839
-0.268722 -0.153409 0.950923
-0.540424 -0.444651 0.714302
-0.198546 -0.157456 0.967361
-0.268722 -0.153409 0.950923
-0.570448 -0.378660 0.728839
-0.655298 -0.096684 0.749157
-0.198546 -0.157456 0.967361
-0.570448 -0.378660 0.728839
-0.655298 -0.096684 0.749157
-0.253311 0.014676 0.967274
-0.198546 -0.157456 0.967361
-0.253311 0.014676 0.967274
0.284525 0.157449 0.945651
-0.198546 -0.157456 0.967361
0.284525 0.157449 0.945651
-0.268722 -0.153409 0.950923
-0.198546 -0.157456 0.967361
0.284525 0.157449 0.945651
0.128124 0.251337 0.959382
-0.268722 -0.153409 0.950923
0.128124 0.251337 0.959382
0.051787 0.350778 0.935026
-0.268722 -0.153409 0.950923
0.051787 0.350778 0.935026
-0.222003 -0.122254 0.967351
-0.268722 -0.153409 0.950923
0.051787 0.350778 0.935026
0.196590 0.251376 0.947714
-0.222003 -0.122254 0.967351
0.196590 0.251376 0.947714
-0.002933 -0.243253 0.969959
-0.222003 -0.122254 0.967351
0.196590 0.251376 0.947714
0.083142 0.319836 0.943818
-0.002933 -0.243253 0.969959
0.083142 0.319836 0.943818
-0.071351 -0.260990 0.962701
-0.002933 -0.243253 0.969959
0.083142 0.319836 0.943818
-0.139898 -0.235772 0.961686
-0.071351 -0.260990 0.962701
0.083142 0.319836 0.943818
0.092831 0.319536 0.943016
-0.139898 -0.235772 0.961686
0.092831 0.319536 0.943016
-0.044013 -0.249407 0.967398
-0.139898 -0.235772 0.961686
0.092831 0.319536 0.943016
0.030311 0.294313 0.955228
-0.044013 -0.249407 0.967398
0.030311 0.294313 0.955228
0.036169 0.356823 0.933472
-0.044013 -0.249407 0.967398
0.036169 0.356823 0.933472
0.120238 -0.233634 0.964862
-0.044013 -0.249407 0.967398
0.036169 0.356823 0.933472
0.143592 -0.247129 0.958284
0.120238 -0.233634 0.964862
0.036169 0.356823 0.933472
-0.141611 0.233444 0.962003
0.143592 -0.247129 0.958284
-0.141611 0.233444 0.962003
-0.345258 0.163330 0.924186
0.143592 -0.247129 0.958284
-0.345258 0.163330 0.924186
0.161365 -0.165275 0.972957
0.143592 -0.247129 0.958284
-0.345258 0.163330 0.924186
-0.276390 0.198256 0.940374
0.161365 -0.165275 0.972957
-0.276390 0.198256 0.940374
0.161169 -0.182651 0.969878
0.161365 -0.165275 0.972957
-0.276390 0.198256 0.940374
0.114432 -0.208338 0.971340
0.161169 -0.182651 0.969878
-0.276390 0.198256 0.940374
-0.266773 0.198375 0.943122
0.114432 -0.208338 0.971340
-0.266773 0.198375 0.943122
0.215979 -0.108478 0.970354
0.114432 -0.208338 0.971340
-0.266773 0.198375 0.943122
-0.268872 0.124149 0.955141
0.215979 -0.108478 0.970354
-0.268872 0.124149 0.955141
0.243445 0.043995 0.968916
0.215979 -0.108478 0.970354
-0.268872 0.124149 0.955141
-0.327270 0.137734 0.934839
0.243445 0.043995 0.968916
-0.327270 0.137734 0.934839
0.239478 0.126087 0.962680
0.243445 0.043995 0.968916
-0.327270 0.137734 0.934839
-0.261116 -0.063562 0.963212
0.239478 0.126087 0.962680
-0.261116 -0.063562 0.963212
-0.245469 -0.245445 0.937818
0.239478 0.126087 0.962680
-0.245469 -0.245445 0.937818
0.165304 0.171182 0.971273
0.239478 0.126087 0.962680
-0.245469 -0.245445 0.937818
-0.292212 -0.102594 0.950835
0.165304 0.171182 0.971273
-0.292212 -0.102594 0.950835
0.122218 0.282585 0.951424
0.165304 0.171182 0.971273
-0.292212 -0.102594 0.950835
-0.243586 -0.214235 0.945923
0.122218 0.282585 0.951424
-0.243586 -0.214235 0.945923
0.245351 0.155421 0.956895
0.122218 0.282585 0.951424
-0.243586 -0.214235 0.945923
0.276805 0.081182 0.957491
0.245351 0.155421 0.956895
0.276805 0.081182 0.957491
0.667380 0.278487 0.690687
0.245351 0.155421 0.956895
0.276805 0.081182 0.957491
0.454401 0.471984 0.755480
0.667380 0.278487 0.690687
0.153373 0.178779 0.971862
0.454401 0.471984 0.755480
0.276805 0.081182 0.957491
-0.276628 -0.182829 0.943425
0.153373 0.178779 0.971862
0.276805 0.081182 0.957491
-0.243586 -0.214235 0.945923
-0.276628 -0.182829 0.943425
0.276805 0.081182 0.957491
-0.347136 -0.321720 0.880905
-0.276628 -0.182829 0.943425
-0.243586 -0.214235 0.945923
-0.292212 -0.102594 0.950835
-0.347136 -0.321720 0.880905
-0.243586 -0.214235 0.945923
-0.425035 -0.174897 0.888120
-0.347136 -0.321720 0.880905
-0.292212 -0.102594 0.950835
-0.429282 -0.264970 0.863428
-0.425035 -0.174897 0.888120
-0.292212 -0.102594 0.950835
-0.245469 -0.245445 0.937818
-0.429282 -0.264970 0.863428
-0.292212 -0.102594 0.950835
-0.473692 -0.069344 0.877956
-0.429282 -0.264970 0.863428
-0.245469 -0.245445 0.937818
-0.261116 -0.063562 0.963212
-0.473692 -0.069344 0.877956
-0.245469 -0.245445 0.937818
-0.327270 0.137734 0.934839
-0.473692 -0.069344 0.877956
-0.261116 -0.063562 0.963212
-0.495651 0.126102 0.859319
-0.473692 -0.069344 0.877956
-0.327270 0.137734 0.934839
-0.268872 0.124149 0.955141
-0.495651 0.126102 0.859319
-0.327270 0.137734 0.934839
-0.390062 0.163249 0.906202
-0.495651 0.126102 0.859319
-0.268872 0.124149 0.955141
-0.364625 0.307883 0.878781
-0.390062 0.163249 0.906202
-0.268872 0.124149 0.955141
-0.266773 0.198375 0.943122
-0.364625 0.307883 0.878781
-0.268872 0.124149 0.955141
-0.374355 0.284378 0.882603
-0.364625 0.307883 0.878781
-0.266773 0.198375 0.943122
-0.276390 0.198256 0.940374
-0.374355 0.284378 0.882603
-0.266773 0.198375 0.943122
-0.345258 0.163330 0.924186
-0.374355 0.284378 0.882603
-0.276390 0.198256 0.940374
-0.432813 0.286190 0.854850
-0.374355 0.284378 0.882603
-0.345258 0.163330 0.924186
-0.212326 0.429563 0.877721
-0.432813 0.286190 0.854850
-0.345258 0.163330 0.924186
-0.141611 0.233444 0.962003
-0.212326 0.429563 0.877721
-0.345258 0.163330 0.924186
0.036169 0.356823 0.933472
-0.212326 0.429563 0.877721
-0.141611 0.233444 0.962003
-0.034189 0.511029 0.858883
-0.212326 0.429563 0.877721
0.036169 0.356823 0.933472
0.030311 0.294313 0.955228
-0.034189 0.511029 0.858883
0.036169 0.356823 0.933472
0.036168 0.421335 0.906184
-0.034189 0.511029 0.858883
0.030311 0.294313 0.955228
0.180742 0.442593 0.878319
0.036168 0.421335 0.906184
0.030311 0.294313 0.955228
0.092831 0.319536 0.943016
0.180742 0.442593 0.878319
0.030311 0.294313 0.955228
0.094726 0.465834 0.879787
0.180742 0.442593 0.878319
0.092831 0.319536 0.943016
0.083142 0.319836 0.943818
0.094726 0.465834 0.879787
0.092831 0.319536 0.943016
0.196590 0.251376 0.947714
0.094726 0.465834 0.879787
0.083142 0.319836 0.943818
0.243282 0.389862 0.888156
0.094726 0.465834 0.879787
0.196590 0.251376 0.947714
0.190587 0.464238 0.864962
0.243282 0.389862 0.888156
0.196590 0.251376 0.947714
0.051787 0.350778 0.935026
0.190587 0.464238 0.864962
0.196590 0.251376 0.947714
0.284576 0.382375 0.879094
0.190587 0.464238 0.864962
0.051787 0.350778 0.935026
0.128124 0.251337 0.959382
0.284576 0.382375 0.879094
0.051787 0.350778 0.935026
0.399490 0.294014 0.868311
0.284576 0.382375 0.879094
0.128124 0.251337 0.959382
0.284525 0.157449 0.945651
0.399490 0.294014 0.868311
0.128124 0.251337 0.959382
0.266940 0.153509 0.951408
0.399490 0.294014 0.868311
0.284525 0.157449 0.945651
-0.253311 0.014676 0.967274
0.266940 0.153509 0.951408
0.284525 0.157449 0.945651
0.319679 -0.024438 0.947211
0.266940 0.153509 0.951408
-0.253311 0.014676 0.967274
-0.258907 -0.055690 0.964296
0.319679 -0.024438 0.947211
-0.253311 0.014676 0.967274
-0.655298 -0.096684 0.749157
-0.258907 -0.055690 0.964296
-0.253311 0.014676 0.967274
-0.681439 -0.049862 0.730174
-0.258907 -0.055690 0.964296
-0.655298 -0.096684 0.749157
-0.667760 -0.208244 0.714655
-0.258907 -0.055690 0.964296
-0.681439 -0.049862 0.730174
-0.667760 -0.208244 0.714655
-0.241436 -0.173006 0.954871
-0.258907 -0.055690 0.964296
-0.241436 -0.173006 0.954871
0.319679 -0.024438 0.947211
-0.258907 -0.055690 0.964296
-0.675180 -0.053742 0.735693
-0.241436 -0.173006 0.954871
-0.667760 -0.208244 0.714655
-0.223813 0.008797 0.974592
-0.241436 -0.173006 0.954871
-0.675180 -0.053742 0.735693
-0.587379 0.300043 0.751639
-0.223813 0.008797 0.974592
-0.675180 -0.053742 0.735693
-0.221937 0.153494 0.962904
-0.223813 0.008797 0.974592
-0.587379 0.300043 0.751639
-0.153585 0.200529 0.967574
-0.221937 0.153494 0.962904
-0.587379 0.300043 0.751639
-0.434804 0.524702 0.731870
-0.153585 0.200529 0.967574
-0.587379 0.300043 0.751639
-0.094815 0.229711 0.968629
-0.153585 0.200529 0.967574
-0.434804 0.524702 0.731870
-0.288668 0.601821 0.744635
-0.094815 0.229711 0.968629
-0.434804 0.524702 0.731870
-0.084965 0.202165 0.975659
-0.094815 0.229711 0.968629
-0.288668 0.601821 0.744635
-0.188863 0.621374 0.760411
-0.084965 0.202165 0.975659
-0.288668 0.601821 0.744635
0.006831 0.243248 0.969940
-0.084965 0.202165 0.975659
-0.188863 0.621374 0.760411
-0.106643 0.654533 0.748474
0.006831 0.243248 0.969940
-0.188863 0.621374 0.760411
0.049852 0.286413 0.956808
0.006831 0.243248 0.969940
-0.106643 0.654533 0.748474
0.147573 0.669461 0.728041
0.049852 0.286413 0.956808
-0.106643 0.654533 0.748474
0.059667 0.261176 0.963446
0.049852 0.286413 0.956808
0.147573 0.669461 0.728041
0.268796 0.630453 0.728202
0.059667 0.261176 0.963446
0.147573 0.669461 0.728041
0.454401 0.471984 0.755480
0.059667 0.261176 0.963446
0.268796 0.630453 0.728202
0.153373 0.178779 0.971862
0.059667 0.261176 0.963446
0.454401 0.471984 0.755480
0.153373 0.178779 0.971862
-0.229691 -0.268805 0.935407
0.059667 0.261176 0.963446
-0.229691 -0.268805 0.935407
0.049852 0.286413 0.956808
0.059667 0.261176 0.963446
-0.229691 -0.268805 0.935407
-0.118278 -0.235578 0.964631
0.049852 0.286413 0.956808
-0.118278 -0.235578 0.964631
0.139741 -0.262887 0.954653
0.049852 0.286413 0.956808
0.139741 -0.262887 0.954653
0.006831 0.243248 0.969940
0.049852 0.286413 0.956808
0.139741 -0.262887 0.954653
-0.084965 0.202165 0.975659
0.006831 0.243248 0.969940
0.139741 -0.262887 0.954653
0.053737 -0.311691 0.948663
-0.084965 0.202165 0.975659
0.053737 -0.311691 0.948663
-0.094815 0.229711 0.968629
-0.084965 0.202165 0.975659
0.171198 -0.231857 0.957566
-0.094815 0.229711 0.968629
0.053737 -0.311691 0.948663
0.171198 -0.231857 0.957566
0.239599 -0.220002 0.945617
-0.094815 0.229711 0.968629
0.239599 -0.220002 0.945617
-0.153585 0.200529 0.967574
-0.094815 0.229711 0.968629
0.239599 -0.220002 0.945617
-0.221937 0.153494 0.962904
-0.153585 0.200529 0.967574
0.239599 -0.220002 0.945617
0.274455 -0.049827 0.960308
-0.221937 0.153494 0.962904
0.274455 -0.049827 0.960308
0.349068 0.047919 0.935871
-0.221937 0.153494 0.962904
0.349068 0.047919 0.935871
-0.223813 0.008797 0.974592
-0.221937 0.153494 0.962904
0.349068 0.047919 0.935871
0.302291 -0.100748 0.947877
-0.223813 0.008797 0.974592
0.302291 -0.100748 0.947877
-0.241436 -0.173006 0.954871
-0.223813 0.008797 0.974592
0.302291 -0.100748 0.947877
0.319679 -0.024438 0.947211
-0.241436 -0.173006 0.954871
0.302291 -0.100748 0.947877
0.458433 -0.012709 0.888638
0.319679 -0.024438 0.947211
0.458433 -0.012709 0.888638
0.266940 0.153509 0.951408
0.319679 -0.024438 0.947211
0.458433 -0.012709 0.888638
0.368510 0.208169 0.906016
0.266940 0.153509 0.951408
0.368510 0.208169 0.906016
0.399490 0.294014 0.868311
0.266940 0.153509 0.951408
0.368510 0.208169 0.906016
0.499815 0.415654 0.759879
0.399490 0.294014 0.868311
0.499815 0.415654 0.759879
0.450133 0.458001 0.766561
0.399490 0.294014 0.868311
0.450133 0.458001 0.766561
0.284576 0.382375 0.879094
0.399490 0.294014 0.868311
0.450133 0.458001 0.766561
0.190587 0.464238 0.864962
0.284576 0.382375 0.879094
0.327435 0.554165 0.765302
0.190587 0.464238 0.864962
0.450133 0.458001 0.766561
0.327435 0.554165 0.765302
0.323481 0.516883 0.792586
0.190587 0.464238 0.864962
0.323481 0.516883 0.792586
0.243282 0.389862 0.888156
0.190587 0.464238 0.864962
0.323481 0.516883 0.792586
0.094726 0.465834 0.879787
0.243282 0.389862 0.888156
0.147653 0.552466 0.820354
0.094726 0.465834 0.879787
0.323481 0.516883 0.792586
0.147653 0.552466 0.820354
0.184888 0.566408 0.803118
0.094726 0.465834 0.879787
0.184888 0.566408 0.803118
0.180742 0.442593 0.878319
0.094726 0.465834 0.879787
0.184888 0.566408 0.803118
0.036168 0.421335 0.906184
0.180742 0.442593 0.878319
0.184888 0.566408 0.803118
0.047902 0.570004 0.820245
0.036168 0.421335 0.906184
0.047902 0.570004 0.820245
-0.159283 0.598987 0.784757
0.036168 0.421335 0.906184
-0.159283 0.598987 0.784757
-0.034189 0.511029 0.858883
0.036168 0.421335 0.906184
-0.159283 0.598987 0.784757
-0.278518 0.569815 0.773136
-0.034189 0.511029 0.858883
-0.278518 0.569815 0.773136
-0.212326 0.429563 0.877721
-0.034189 0.511029 0.858883
-0.278518 0.569815 0.773136
-0.432813 0.286190 0.854850
-0.212326 0.429563 0.877721
-0.278518 0.569815 0.773136
-0.417624 0.446950 0.791092
-0.432813 0.286190 0.854850
-0.417624 0.446950 0.791092
-0.374355 0.284378 0.882603
-0.432813 0.286190 0.854850
-0.417624 0.446950 0.791092
-0.450592 0.313793 0.835764
-0.374355 0.284378 0.882603
-0.450592 0.313793 0.835764
-0.483610 0.350715 0.801948
-0.374355 0.284378 0.882603
-0.483610 0.350715 0.801948
-0.364625 0.307883 0.878781
-0.374355 0.284378 0.882603
-0.483610 0.350715 0.801948
-0.390062 0.163249 0.906202
-0.364625 0.307883 0.878781
-0.483610 0.350715 0.801948
-0.527010 0.221948 0.820366
-0.390062 0.163249 0.906202
-0.527010 0.221948 0.820366
-0.617501 0.034250 0.785824
-0.390062 0.163249 0.906202
-0.617501 0.034250 0.785824
-0.495651 0.126102 0.859319
-0.390062 0.163249 0.906202
-0.617501 0.034250 0.785824
-0.628296 -0.088920 0.772876
-0.495651 0.126102 0.859319
-0.628296 -0.088920 0.772876
-0.473692 -0.069344 0.877956
-0.495651 0.126102 0.859319
-0.628296 -0.088920 0.772876
-0.429282 -0.264970 0.863428
-0.473692 -0.069344 0.877956
-0.593379 -0.255133 0.763419
-0.429282 -0.264970 0.863428
-0.628296 -0.088920 0.772876
-0.593379 -0.255133 0.763419
-0.567998 -0.227829 0.790868
-0.429282 -0.264970 0.863428
-0.567998 -0.227829 0.790868
-0.425035 -0.174897 0.888120
-0.429282 -0.264970 0.863428
-0.567998 -0.227829 0.790868
-0.347136 -0.321720 0.880905
-0.425035 -0.174897 0.888120
-0.444598 -0.356623 0.821677
-0.347136 -0.321720 0.880905
-0.567998 -0.227829 0.790868
-0.692879 -0.272669 0.667510
-0.444598 -0.356623 0.821677
-0.567998 -0.227829 0.790868
-0.593379 -0.255133 0.763419
-0.692879 -0.272669 0.667510
-0.567998 -0.227829 0.790868
-0.651819 -0.290219 0.700646
-0.692879 -0.272669 0.667510
-0.593379 -0.255133 0.763419
-0.657973 -0.116354 0.743998
-0.651819 -0.290219 0.700646
-0.593379 -0.255133 0.763419
-0.628296 -0.088920 0.772876
-0.657973 -0.116354 0.743998
-0.593379 -0.255133 0.763419
-0.617501 0.034250 0.785824
-0.657973 -0.116354 0.743998
-0.628296 -0.088920 0.772876
-0.719255 0.038160 0.693697
-0.657973 -0.116354 0.743998
-0.617501 0.034250 0.785824
-0.527010 0.221948 0.820366
-0.719255 0.038160 0.693697
-0.617501 0.034250 0.785824
-0.710450 0.245272 0.659622
-0.719255 0.038160 0.693697
-0.527010 0.221948 0.820366
-0.483610 0.350715 0.801948
-0.710450 0.245272 0.659622
-0.527010 0.221948 0.820366
-0.644277 0.354896 0.677463
-0.710450 0.245272 0.659622
-0.483610 0.350715 0.801948
-0.450592 0.313793 0.835764
-0.644277 0.354896 0.677463
-0.483610 0.350715 0.801948
-0.577635 0.425144 0.696843
-0.644277 0.354896 0.677463
-0.450592 0.313793 0.835764
-0.464353 0.546466 0.696959
-0.577635 0.425144 0.696843
-0.450592 0.313793 0.835764
-0.417624 0.446950 0.791092
-0.464353 0.546466 0.696959
-0.450592 0.313793 0.835764
-0.311800 0.591270 0.743761
-0.464353 0.546466 0.696959
-0.417624 0.446950 0.791092
-0.278518 0.569815 0.773136
-0.311800 0.591270 0.743761
-0.417624 0.446950 0.791092
-0.159283 0.598987 0.784757
-0.311800 0.591270 0.743761
-0.278518 0.569815 0.773136
-0.184991 0.695903 0.693900
-0.311800 0.591270 0.743761
-0.159283 0.598987 0.784757
0.047902 0.570004 0.820245
-0.184991 0.695903 0.693900
-0.159283 0.598987 0.784757
0.012704 0.751475 0.659639
-0.184991 0.695903 0.693900
0.047902 0.570004 0.820245
0.184888 0.566408 0.803118
0.012704 0.751475 0.659639
0.047902 0.570004 0.820245
0.137853 0.722501 0.677487
0.012704 0.751475 0.659639
0.184888 0.566408 0.803118
0.147653 0.552466 0.820354
0.137853 0.722501 0.677487
0.184888 0.566408 0.803118
0.243569 0.675966 0.695517
0.137853 0.722501 0.677487
0.147653 0.552466 0.820354
0.397524 0.629973 0.667165
0.243569 0.675966 0.695517
0.147653 0.552466 0.820354
0.323481 0.516883 0.792586
0.397524 0.629973 0.667165
0.147653 0.552466 0.820354
0.327435 0.554165 0.765302
0.397524 0.629973 0.667165
0.323481 0.516883 0.792586
0.356621 0.620356 0.698556
0.397524 0.629973 0.667165
0.327435 0.554165 0.765302
0.475821 0.469956 0.743462
0.356621 0.620356 0.698556
0.327435 0.554165 0.765302
0.450133 0.458001 0.766561
0.475821 0.469956 0.743462
0.327435 0.554165 0.765302
0.499815 0.415654 0.759879
0.475821 0.469956 0.743462
0.450133 0.458001 0.766561
0.598981 0.411400 0.687002
0.475821 0.469956 0.743462
0.499815 0.415654 0.759879
0.708776 0.300148 0.638395
0.598981 0.411400 0.687002
0.499815 0.415654 0.759879
0.501550 0.268895 0.822279
0.708776 0.300148 0.638395
0.499815 0.415654 0.759879
0.368510 0.208169 0.906016
0.501550 0.268895 0.822279
0.499815 0.415654 0.759879
0.577725 -0.055720 0.814327
0.501550 0.268895 0.822279
0.368510 0.208169 0.906016
0.577725 -0.055720 0.814327
0.708776 0.300148 0.638395
0.501550 0.268895 0.822279
0.577725 -0.055720 0.814327
0.757499 -0.061574 0.649926
0.708776 0.300148 0.638395
0.757499 -0.061574 0.649926
0.738604 0.257272 0.623117
0.708776 0.300148 0.638395
0.738604 0.257272 0.623117
0.598981 0.411400 0.687002
0.708776 0.300148 0.638395
0.738604 0.257272 0.623117
0.710403 0.413329 0.569638
0.598981 0.411400 0.687002
0.710403 0.413329 0.569638
0.475821 0.469956 0.743462
0.598981 0.411400 0.687002
0.710403 0.413329 0.569638
0.591472 0.616935 0.519183
0.475821 0.469956 0.743462
0.591472 0.616935 0.519183
0.405839 0.693326 0.595478
0.475821 0.469956 0.743462
0.405839 0.693326 0.595478
0.356621 0.620356 0.698556
0.475821 0.469956 0.743462
0.405839 0.693326 0.595478
0.397524 0.629973 0.667165
0.356621 0.620356 0.698556
0.405839 0.693326 0.595478
0.382007 0.653479 0.653479
0.397524 0.629973 0.667165
0.382007 0.653479 0.653479
0.264578 0.774207 0.574981
0.397524 0.629973 0.667165
0.264578 0.774207 0.574981
0.243569 0.675966 0.695517
0.397524 0.629973 0.667165
0.264578 0.774207 0.574981
0.137853 0.722501 0.677487
0.243569 0.675966 0.695517
0.264578 0.774207 0.574981
0.143648 0.819972 0.554086
0.137853 0.722501 0.677487
0.143648 0.819972 0.554086
-0.020528 0.792843 0.609080
0.137853 0.722501 0.677487
-0.020528 0.792843 0.609080
0.012704 0.751475 0.659639
0.137853 0.722501 0.677487
-0.020528 0.792843 0.609080
-0.184991 0.695903 0.693900
0.012704 0.751475 0.659639
-0.020528 0.792843 0.609080
-0.176909 0.819981 0.544365
-0.184991 0.695903 0.693900
-0.176909 0.819981 0.544365
-0.311800 0.591270 0.743761
-0.184991 0.695903 0.693900
-0.176909 0.819981 0.544365
-0.405706 0.757624 0.511282
-0.311800 0.591270 0.743761
-0.405706 0.757624 0.511282
-0.575694 0.618658 0.534638
-0.311800 0.591270 0.743761
-0.575694 0.618658 0.534638
-0.464353 0.546466 0.696959
-0.311800 0.591270 0.743761
-0.575694 0.618658 0.534638
-0.661937 0.523132 0.536817
-0.464353 0.546466 0.696959
-0.661937 0.523132 0.536817
-0.577635 0.425144 0.696843
-0.464353 0.546466 0.696959
-0.661937 0.523132 0.536817
-0.644277 0.354896 0.677463
-0.577635 0.425144 0.696843
-0.661937 0.523132 0.536817
-0.734728 0.390396 0.554766
-0.644277 0.354896 0.677463
-0.734728 0.390396 0.554766
-0.761776 0.225872 0.607189
-0.644277 0.354896 0.677463
-0.761776 0.225872 0.607189
-0.710450 0.245272 0.659622
-0.644277 0.354896 0.677463
-0.761776 0.225872 0.607189
-0.719255 0.038160 0.693697
-0.710450 0.245272 0.659622
-0.761776 0.225872 0.607189
-0.834850 0.084950 0.543883
-0.719255 0.038160 0.693697
-0.834850 0.084950 0.543883
-0.657973 -0.116354 0.743998
-0.719255 0.038160 0.693697
-0.834850 0.084950 0.543883
-0.845831 -0.151566 0.511466
-0.657973 -0.116354 0.743998
-0.845831 -0.151566 0.511466
-0.732691 -0.321834 0.599656
-0.657973 -0.116354 0.743998
-0.732691 -0.321834 0.599656
-0.651819 -0.290219 0.700646
-0.657973 -0.116354 0.743998
-0.732691 -0.321834 0.599656
-0.692879 -0.272669 0.667510
-0.651819 -0.290219 0.700646
-0.691898 -0.304368 0.654704
-0.692879 -0.272669 0.667510
-0.732691 -0.321834 0.599656
-0.812774 -0.312026 0.491975
-0.691898 -0.304368 0.654704
-0.732691 -0.321834 0.599656
-0.905447 -0.126008 0.405324
-0.812774 -0.312026 0.491975
-0.732691 -0.321834 0.599656
-0.845831 -0.151566 0.511466
-0.905447 -0.126008 0.405324
-0.732691 -0.321834 0.599656
-0.834850 0.084950 0.543883
-0.905447 -0.126008 0.405324
-0.845831 -0.151566 0.511466
-0.897145 0.085121 0.433457
-0.905447 -0.126008 0.405324
-0.834850 0.084950 0.543883
-0.761776 0.225872 0.607189
-0.897145 0.085121 0.433457
-0.834850 0.084950 0.543883
-0.828692 0.259270 0.496033
-0.897145 0.085121 0.433457
-0.761776 0.225872 0.607189
-0.782948 0.436963 0.442781
-0.828692 0.259270 0.496033
-0.761776 0.225872 0.607189
-0.734728 0.390396 0.554766
-0.782948 0.436963 0.442781
-0.761776 0.225872 0.607189
-0.661937 0.523132 0.536817
-0.782948 0.436963 0.442781
-0.734728 0.390396 0.554766
-0.704949 0.530953 0.470252
-0.782948 0.436963 0.442781
-0.661937 0.523132 0.536817
-0.575694 0.618658 0.534638
-0.704949 0.530953 0.470252
-0.661937 0.523132 0.536817
-0.589506 0.654022 0.474066
-0.704949 0.530953 0.470252
-0.575694 0.618658 0.534638
-0.399730 0.821967 0.405691
-0.589506 0.654022 0.474066
-0.575694 0.618658 0.534638
-0.405706 0.757624 0.511282
-0.399730 0.821967 0.405691
-0.575694 0.618658 0.534638
-0.176909 0.819981 0.544365
-0.399730 0.821967 0.405691
-0.405706 0.757624 0.511282
-0.196307 0.879923 0.432666
-0.399730 0.821967 0.405691
-0.176909 0.819981 0.544365
-0.020528 0.792843 0.609080
-0.196307 0.879923 0.432666
-0.176909 0.819981 0.544365
-0.006845 0.867324 0.497698
-0.196307 0.879923 0.432666
-0.020528 0.792843 0.609080
0.175068 0.879275 0.442975
-0.006845 0.867324 0.497698
-0.020528 0.792843 0.609080
0.143648 0.819972 0.554086
0.175068 0.879275 0.442975
-0.020528 0.792843 0.609080
0.264578 0.774207 0.574981
0.175068 0.879275 0.442975
0.143648 0.819972 0.554086
0.241567 0.849825 0.468448
0.175068 0.879275 0.442975
0.264578 0.774207 0.574981
0.382007 0.653479 0.653479
0.241567 0.849825 0.468448
0.264578 0.774207 0.574981
0.393782 0.743599 0.540366
0.241567 0.849825 0.468448
0.382007 0.653479 0.653479
0.474147 0.730293 0.491789
0.393782 0.743599 0.540366
0.382007 0.653479 0.653479
0.405839 0.693326 0.595478
0.474147 0.730293 0.491789
0.382007 0.653479 0.653479
0.653563 0.637923 0.407321
0.474147 0.730293 0.491789
0.405839 0.693326 0.595478
0.591472 0.616935 0.519183
0.653563 0.637923 0.407321
0.405839 0.693326 0.595478
0.710403 0.413329 0.569638
0.653563 0.637923 0.407321
0.591472 0.616935 0.519183
0.771454 0.460593 0.438991
0.653563 0.637923 0.407321
0.710403 0.413329 0.569638
0.738604 0.257272 0.623117
0.771454 0.460593 0.438991
0.710403 0.413329 0.569638
0.771454 0.460593 0.438991
0.738604 0.257272 0.623117
0.801352 0.274914 0.531279
0.899883 0.288247 0.327299
0.771454 0.460593 0.438991
0.801352 0.274914 0.531279
0.899883 0.288247 0.327299
0.820065 0.472069 0.323487
0.771454 0.460593 0.438991
0.820065 0.472069 0.323487
0.653563 0.637923 0.407321
0.771454 0.460593 0.438991
0.820065 0.472069 0.323487
0.702577 0.663572 0.257017
0.653563 0.637923 0.407321
0.702577 0.663572 0.257017
0.529393 0.789655 0.310140
0.653563 0.637923 0.407321
0.529393 0.789655 0.310140
0.474147 0.730293 0.491789
0.653563 0.637923 0.407321
0.529393 0.789655 0.310140
0.417598 0.822417 0.386319
0.474147 0.730293 0.491789
0.417598 0.822417 0.386319
0.393782 0.743599 0.540366
0.474147 0.730293 0.491789
0.417598 0.822417 0.386319
0.241567 0.849825 0.468448
0.393782 0.743599 0.540366
0.417598 0.822417 0.386319
0.245434 0.904391 0.349053
0.241567 0.849825 0.468448
0.245434 0.904391 0.349053
0.172971 0.925436 0.337120
0.241567 0.849825 0.468448
0.172971 0.925436 0.337120
0.175068 0.879275 0.442975
0.241567 0.849825 0.468448
0.172971 0.925436 0.337120
-0.012703 0.937090 0.348858
0.175068 0.879275 0.442975
-0.012703 0.937090 0.348858
-0.006845 0.867324 0.497698
0.175068 0.879275 0.442975
-0.012703 0.937090 0.348858
-0.196307 0.879923 0.432666
-0.006845 0.867324 0.497698
-0.012703 0.937090 0.348858
-0.206143 0.936917 0.282296
-0.196307 0.879923 0.432666
-0.206143 0.936917 0.282296
-0.399730 0.821967 0.405691
-0.196307 0.879923 0.432666
-0.206143 0.936917 0.282296
-0.409265 0.882043 0.233457
-0.399730 0.821967 0.405691
-0.409265 0.882043 0.233457
-0.643878 0.729852 0.229646
-0.399730 0.821967 0.405691
-0.643878 0.729852 0.229646
-0.589506 0.654022 0.474066
-0.399730 0.821967 0.405691
-0.643878 0.729852 0.229646
-0.704949 0.530953 0.470252
-0.589506 0.654022 0.474066
-0.643878 0.729852 0.229646
-0.769355 0.575800 0.276670
-0.704949 0.530953 0.470252
-0.769355 0.575800 0.276670
-0.826367 0.450854 0.337413
-0.704949 0.530953 0.470252
-0.826367 0.450854 0.337413
-0.782948 0.436963 0.442781
-0.704949 0.530953 0.470252
-0.826367 0.450854 0.337413
-0.895064 0.274861 0.351159
-0.782948 0.436963 0.442781
-0.895064 0.274861 0.351159
-0.828692 0.259270 0.496033
-0.782948 0.436963 0.442781
-0.895064 0.274861 0.351159
-0.897145 0.085121 0.433457
-0.828692 0.259270 0.496033
-0.895064 0.274861 0.351159
-0.955299 0.092893 0.280667
-0.897145 0.085121 0.433457
-0.955299 0.092893 0.280667
-0.905447 -0.126008 0.405324
-0.897145 0.085121 0.433457
-0.955299 0.092893 0.280667
-0.965877 -0.116229 0.231456
-0.905447 -0.126008 0.405324
-0.965877 -0.116229 0.231456
-0.893112 -0.327729 0.308131
-0.905447 -0.126008 0.405324
-0.893112 -0.327729 0.308131
-0.812774 -0.312026 0.491975
-0.905447 -0.126008 0.405324
-0.893112 -0.327729 0.308131
-0.821095 -0.420799 0.385657
-0.812774 -0.312026 0.491975
-0.821095 -0.420799 0.385657
-0.755422 -0.370463 0.540459
-0.812774 -0.312026 0.491975
-0.755422 -0.370463 0.540459
-0.691898 -0.304368 0.654704
-0.812774 -0.312026 0.491975
-0.693812 -0.545083 0.470648
-0.691898 -0.304368 0.654704
-0.755422 -0.370463 0.540459
-0.821095 -0.420799 0.385657
-0.693812 -0.545083 0.470648
-0.755422 -0.370463 0.540459
-0.693812 -0.545083 0.470648
-0.821095 -0.420799 0.385657
-0.730520 -0.585751 0.351050
-0.681512 -0.646321 0.343236
-0.693812 -0.545083 0.470648
-0.730520 -0.585751 0.351050
-0.755118 -0.620364 0.212002
-0.681512 -0.646321 0.343236
-0.730520 -0.585751 0.351050
-0.821095 -0.420799 0.385657
-0.755118 -0.620364 0.212002
-0.730520 -0.585751 0.351050
-0.867679 -0.433363 0.243576
-0.755118 -0.620364 0.212002
-0.821095 -0.420799 0.385657
-0.946383 -0.299869 0.120157
-0.867679 -0.433363 0.243576
-0.821095 -0.420799 0.385657
-0.893112 -0.327729 0.308131
-0.946383 -0.299869 0.120157
-0.821095 -0.420799 0.385657
-0.983514 -0.167011 0.069331
-0.946383 -0.299869 0.120157
-0.893112 -0.327729 0.308131
-0.965877 -0.116229 0.231456
-0.983514 -0.167011 0.069331
-0.893112 -0.327729 0.308131
-0.955299 0.092893 0.280667
-0.983514 -0.167011 0.069331
-0.965877 -0.116229 0.231456
-0.970580 0.049852 0.235564
-0.983514 -0.167011 0.069331
-0.955299 0.092893 0.280667
-0.895064 0.274861 0.351159
-0.970580 0.049852 0.235564
-0.955299 0.092893 0.280667
-0.899011 0.290531 0.327676
-0.970580 0.049852 0.235564
-0.895064 0.274861 0.351159
-0.844190 0.484227 0.229930
-0.899011 0.290531 0.327676
-0.895064 0.274861 0.351159
-0.826367 0.450854 0.337413
-0.844190 0.484227 0.229930
-0.895064 0.274861 0.351159
-0.782287 0.610437 0.124071
-0.844190 0.484227 0.229930
-0.826367 0.450854 0.337413
-0.769355 0.575800 0.276670
-0.782287 0.610437 0.124071
-0.826367 0.450854 0.337413
-0.651492 0.757014 0.049876
-0.782287 0.610437 0.124071
-0.769355 0.575800 0.276670
-0.643878 0.729852 0.229646
-0.651492 0.757014 0.049876
-0.769355 0.575800 0.276670
-0.464426 0.882886 0.069426
-0.651492 0.757014 0.049876
-0.643878 0.729852 0.229646
-0.409265 0.882043 0.233457
-0.464426 0.882886 0.069426
-0.643878 0.729852 0.229646
-0.206143 0.936917 0.282296
-0.464426 0.882886 0.069426
-0.409265 0.882043 0.233457
-0.253295 0.937743 0.237654
-0.464426 0.882886 0.069426
-0.206143 0.936917 0.282296
-0.012703 0.937090 0.348858
-0.253295 0.937743 0.237654
-0.206143 0.936917 0.282296
-0.000978 0.944888 0.327392
-0.253295 0.937743 0.237654
-0.012703 0.937090 0.348858
0.198581 0.951779 0.233844
-0.000978 0.944888 0.327392
-0.012703 0.937090 0.348858
0.172971 0.925436 0.337120
0.198581 0.951779 0.233844
-0.012703 0.937090 0.348858
0.243463 0.945531 0.216094
0.198581 0.951779 0.233844
0.172971 0.925436 0.337120
0.245434 0.904391 0.349053
0.243463 0.945531 0.216094
0.172971 0.925436 0.337120
0.417598 0.822417 0.386319
0.243463 0.945531 0.216094
0.245434 0.904391 0.349053
0.448947 0.859747 0.243476
0.243463 0.945531 0.216094
0.417598 0.822417 0.386319
0.587546 0.800783 0.116346
0.448947 0.859747 0.243476
0.417598 0.822417 0.386319
0.529393 0.789655 0.310140
0.587546 0.800783 0.116346
0.417598 0.822417 0.386319
0.716020 0.696565 0.045967
0.587546 0.800783 0.116346
0.529393 0.789655 0.310140
0.702577 0.663572 0.257017
0.716020 0.696565 0.045967
0.529393 0.789655 0.310140
0.820065 0.472069 0.323487
0.716020 0.696565 0.045967
0.702577 0.663572 0.257017
0.837607 0.511214 0.192546
0.716020 0.696565 0.045967
0.820065 0.472069 0.323487
0.899883 0.288247 0.327299
0.837607 0.511214 0.192546
0.820065 0.472069 0.323487
0.899883 0.288247 0.327299
0.913717 0.290251 0.284386
0.837607 0.511214 0.192546
0.913717 0.290251 0.284386
0.842223 0.535128 -0.065568
0.837607 0.511214 0.192546
0.842223 0.535128 -0.065568
0.716020 0.696565 0.045967
0.837607 0.511214 0.192546
0.842223 0.535128 -0.065568
0.714842 0.699203 0.010776
0.716020 0.696565 0.045967
0.714842 0.699203 0.010776
0.602746 0.796254 0.051739
0.716020 0.696565 0.045967
0.602746 0.796254 0.051739
0.587546 0.800783 0.116346
0.716020 0.696565 0.045967
0.602746 0.796254 0.051739
0.472215 0.880820 0.034189
0.587546 0.800783 0.116346
0.472215 0.880820 0.034189
0.448947 0.859747 0.243476
0.587546 0.800783 0.116346
0.472215 0.880820 0.034189
0.243463 0.945531 0.216094
0.448947 0.859747 0.243476
0.472215 0.880820 0.034189
0.241380 0.970288 -0.016642
0.243463 0.945531 0.216094
0.241380 0.970288 -0.016642
0.213924 0.973948 -0.075242
0.243463 0.945531 0.216094
0.213924 0.973948 -0.075242
0.198581 0.951779 0.233844
0.243463 0.945531 0.216094
0.213924 0.973948 -0.075242
-0.000978 0.944888 0.327392
0.198581 0.951779 0.233844
0.213924 0.973948 -0.075242
0.032258 0.990197 -0.135898
-0.000978 0.944888 0.327392
0.032258 0.990197 -0.135898
-0.286296 0.952635 -0.102569
-0.000978 0.944888 0.327392
-0.286296 0.952635 -0.102569
-0.253295 0.937743 0.237654
-0.000978 0.944888 0.327392
-0.286296 0.952635 -0.102569
-0.496191 0.868120 -0.012731
-0.253295 0.937743 0.237654
-0.496191 0.868120 -0.012731
-0.464426 0.882886 0.069426
-0.253295 0.937743 0.237654
-0.496191 0.868120 -0.012731
-0.647937 0.761236 0.026417
-0.464426 0.882886 0.069426
-0.647937 0.761236 0.026417
-0.651492 0.757014 0.049876
-0.464426 0.882886 0.069426
-0.647937 0.761236 0.026417
-0.782287 0.610437 0.124071
-0.651492 0.757014 0.049876
-0.647937 0.761236 0.026417
-0.792981 0.609208 -0.006866
-0.782287 0.610437 0.124071
-0.792981 0.609208 -0.006866
-0.859383 0.505463 -0.077250
-0.782287 0.610437 0.124071
-0.859383 0.505463 -0.077250
-0.844190 0.484227 0.229930
-0.782287 0.610437 0.124071
-0.859383 0.505463 -0.077250
-0.899011 0.290531 0.327676
-0.844190 0.484227 0.229930
-0.859383 0.505463 -0.077250
-0.931564 0.337224 -0.135901
-0.899011 0.290531 0.327676
-0.931564 0.337224 -0.135901
-0.994415 0.024446 -0.102665
-0.899011 0.290531 0.327676
-0.994415 0.024446 -0.102665
-0.970580 0.049852 0.235564
-0.899011 0.290531 0.327676
-0.994415 0.024446 -0.102665
-0.979692 -0.200220 -0.010776
-0.970580 0.049852 0.235564
-0.979692 -0.200220 -0.010776
-0.983514 -0.167011 0.069331
-0.970580 0.049852 0.235564
-0.979692 -0.200220 -0.010776
-0.956116 -0.288713 0.049875
-0.983514 -0.167011 0.069331
-0.956116 -0.288713 0.049875
-0.946383 -0.299869 0.120157
-0.983514 -0.167011 0.069331
-0.956116 -0.288713 0.049875
-0.897967 -0.438732 0.034189
-0.946383 -0.299869 0.120157
-0.897967 -0.438732 0.034189
-0.867679 -0.433363 0.243576
-0.946383 -0.299869 0.120157
-0.897967 -0.438732 0.034189
-0.755118 -0.620364 0.212002
-0.867679 -0.433363 0.243576
-0.755118 -0.620364 0.212002
-0.897967 -0.438732 0.034189
-0.764971 -0.643850 -0.016642
-0.747693 -0.659762 -0.075294
-0.755118 -0.620364 0.212002
-0.764971 -0.643850 -0.016642
-0.747693 -0.659762 -0.075294
-0.719644 -0.653268 0.235272
-0.755118 -0.620364 0.212002
-0.719644 -0.653268 0.235272
-0.681512 -0.646321 0.343236
-0.755118 -0.620364 0.212002
-0.719644 -0.653268 0.235272
-0.536359 -0.764960 0.356587
-0.681512 -0.646321 0.343236
-0.552179 -0.763324 0.335313
-0.536359 -0.764960 0.356587
-0.719644 -0.653268 0.235272
-0.747693 -0.659762 -0.075294
-0.552179 -0.763324 0.335313
-0.719644 -0.653268 0.235272
-0.747693 -0.659762 -0.075294
-0.609217 -0.781263 -0.135949
-0.552179 -0.763324 0.335313
-0.329200 -0.938679 -0.102517
-0.552179 -0.763324 0.335313
-0.609217 -0.781263 -0.135949
-0.329200 -0.938679 -0.102517
-0.346899 -0.905800 0.243282
-0.552179 -0.763324 0.335313
-0.346899 -0.905800 0.243282
-0.536359 -0.764960 0.356587
-0.552179 -0.763324 0.335313
-0.384044 -0.878428 0.284385
-0.536359 -0.764960 0.356587
-0.346899 -0.905800 0.243282
-0.153394 -0.977965 0.141617
-0.384044 -0.878428 0.284385
-0.346899 -0.905800 0.243282
-0.127988 -0.991667 -0.014687
-0.153394 -0.977965 0.141617
-0.346899 -0.905800 0.243282
-0.329200 -0.938679 -0.102517
-0.127988 -0.991667 -0.014687
-0.346899 -0.905800 0.243282
-0.329200 -0.938679 -0.102517
-0.159339 -0.966666 -0.200419
-0.127988 -0.991667 -0.014687
-0.347224 -0.887084 -0.304166
-0.159339 -0.966666 -0.200419
-0.329200 -0.938679 -0.102517
-0.578110 -0.771704 -0.265070
-0.347224 -0.887084 -0.304166
-0.329200 -0.938679 -0.102517
-0.609217 -0.781263 -0.135949
-0.578110 -0.771704 -0.265070
-0.329200 -0.938679 -0.102517
-0.747693 -0.659762 -0.075294
-0.578110 -0.771704 -0.265070
-0.609217 -0.781263 -0.135949
-0.734421 -0.648400 -0.200509
-0.578110 -0.771704 -0.265070
-0.747693 -0.659762 -0.075294
-0.749285 -0.635991 -0.184627
-0.734421 -0.648400 -0.200509
-0.747693 -0.659762 -0.075294
-0.764971 -0.643850 -0.016642
-0.749285 -0.635991 -0.184627
-0.747693 -0.659762 -0.075294
-0.897967 -0.438732 0.034189
-0.749285 -0.635991 -0.184627
-0.764971 -0.643850 -0.016642
-0.885046 -0.446958 -0.130086
-0.749285 -0.635991 -0.184627
-0.897967 -0.438732 0.034189
-0.945848 -0.302265 -0.118350
-0.885046 -0.446958 -0.130086
-0.897967 -0.438732 0.034189
-0.956116 -0.288713 0.049875
-0.945848 -0.302265 -0.118350
-0.897967 -0.438732 0.034189
-0.960559 -0.165132 -0.223736
-0.945848 -0.302265 -0.118350
-0.956116 -0.288713 0.049875
-0.979692 -0.200220 -0.010776
-0.960559 -0.165132 -0.223736
-0.956116 -0.288713 0.049875
-0.994415 0.024446 -0.102665
-0.960559 -0.165132 -0.223736
-0.979692 -0.200220 -0.010776
-0.950464 0.055683 -0.305806
-0.960559 -0.165132 -0.223736
-0.994415 0.024446 -0.102665
-0.911807 0.313759 -0.264883
-0.950464 0.055683 -0.305806
-0.994415 0.024446 -0.102665
-0.931564 0.337224 -0.135901
-0.911807 0.313759 -0.264883
-0.994415 0.024446 -0.102665
-0.859383 0.505463 -0.077250
-0.911807 0.313759 -0.264883
-0.931564 0.337224 -0.135901
-0.843841 0.497740 -0.200469
-0.911807 0.313759 -0.264883
-0.859383 0.505463 -0.077250
-0.778783 0.595103 -0.198368
-0.843841 0.497740 -0.200469
-0.859383 0.505463 -0.077250
-0.792981 0.609208 -0.006866
-0.778783 0.595103 -0.198368
-0.859383 0.505463 -0.077250
-0.647937 0.761236 0.026417
-0.778783 0.595103 -0.198368
-0.792981 0.609208 -0.006866
-0.651817 0.739743 -0.167079
-0.778783 0.595103 -0.198368
-0.647937 0.761236 0.026417
-0.456046 0.862405 -0.219726
-0.651817 0.739743 -0.167079
-0.647937 0.761236 0.026417
-0.496191 0.868120 -0.012731
-0.456046 0.862405 -0.219726
-0.647937 0.761236 0.026417
-0.286296 0.952635 -0.102569
-0.456046 0.862405 -0.219726
-0.496191 0.868120 -0.012731
-0.241274 0.921037 -0.305741
-0.456046 0.862405 -0.219726
-0.286296 0.952635 -0.102569
0.014674 0.963566 -0.267069
-0.241274 0.921037 -0.305741
-0.286296 0.952635 -0.102569
0.032258 0.990197 -0.135898
0.014674 0.963566 -0.267069
-0.286296 0.952635 -0.102569
0.213924 0.973948 -0.075242
0.014674 0.963566 -0.267069
0.032258 0.990197 -0.135898
0.209976 0.956158 -0.204135
0.014674 0.963566 -0.267069
0.213924 0.973948 -0.075242
0.233471 0.954292 -0.186595
0.209976 0.956158 -0.204135
0.213924 0.973948 -0.075242
0.241380 0.970288 -0.016642
0.233471 0.954292 -0.186595
0.213924 0.973948 -0.075242
0.472215 0.880820 0.034189
0.233471 0.954292 -0.186595
0.241380 0.970288 -0.016642
0.456418 0.880507 -0.128028
0.233471 0.954292 -0.186595
0.472215 0.880820 0.034189
0.587858 0.801105 -0.112488
0.456418 0.880507 -0.128028
0.472215 0.880820 0.034189
0.602746 0.796254 0.051739
0.587858 0.801105 -0.112488
0.472215 0.880820 0.034189
0.706202 0.692469 -0.147535
0.587858 0.801105 -0.112488
0.602746 0.796254 0.051739
0.714842 0.699203 0.010776
0.706202 0.692469 -0.147535
0.602746 0.796254 0.051739
0.842223 0.535128 -0.065568
0.706202 0.692469 -0.147535
0.714842 0.699203 0.010776
0.706202 0.692469 -0.147535
0.842223 0.535128 -0.065568
0.837798 0.517175 -0.174998
0.842223 0.535128 -0.065568
0.922198 0.308083 -0.233744
0.837798 0.517175 -0.174998
0.939725 0.317803 -0.126168
0.922198 0.308083 -0.233744
0.842223 0.535128 -0.065568
0.913717 0.290251 0.284386
0.939725 0.317803 -0.126168
0.842223 0.535128 -0.065568
0.913717 0.290251 0.284386
0.996659 0.055748 -0.059698
0.939725 0.317803 -0.126168
0.996659 0.055748 -0.059698
0.922198 0.308083 -0.233744
0.939725 0.317803 -0.126168
0.976308 0.065479 -0.206239
0.922198 0.308083 -0.233744
0.996659 0.055748 -0.059698
0.984517 -0.171096 0.038101
0.976308 0.065479 -0.206239
0.996659 0.055748 -0.059698
0.965520 0.059673 0.253397
0.984517 -0.171096 0.038101
0.996659 0.055748 -0.059698
0.913717 0.290251 0.284386
0.965520 0.059673 0.253397
0.996659 0.055748 -0.059698
0.899883 0.288247 0.327299
0.965520 0.059673 0.253397
0.913717 0.290251 0.284386
0.944592 0.043956 0.325291
0.965520 0.059673 0.253397
0.899883 0.288247 0.327299
0.848721 0.022465 0.528364
0.944592 0.043956 0.325291
0.899883 0.288247 0.327299
0.801352 0.274914 0.531279
0.848721 0.022465 0.528364
0.899883 0.288247 0.327299
0.738604 0.257272 0.623117
0.848721 0.022465 0.528364
0.801352 0.274914 0.531279
0.784383 -0.004883 0.620258
0.848721 0.022465 0.528364
0.738604 0.257272 0.623117
0.757499 -0.061574 0.649926
0.784383 -0.004883 0.620258
0.738604 0.257272 0.623117
0.718016 -0.184618 0.671096
0.784383 -0.004883 0.620258
0.757499 -0.061574 0.649926
0.577725 -0.055720 0.814327
0.718016 -0.184618 0.671096
0.757499 -0.061574 0.649926
0.591209 -0.149519 0.792538
0.718016 -0.184618 0.671096
0.577725 -0.055720 0.814327
0.458433 -0.012709 0.888638
0.591209 -0.149519 0.792538
0.577725 -0.055720 0.814327
0.458433 -0.012709 0.888638
0.577725 -0.055720 0.814327
0.368510 0.208169 0.906016
0.444798 -0.112416 0.888548
0.591209 -0.149519 0.792538
0.458433 -0.012709 0.888638
0.302291 -0.100748 0.947877
0.444798 -0.112416 0.888548
0.458433 -0.012709 0.888638
0.302291 -0.100748 0.947877
0.501161 -0.038100 0.864515
0.444798 -0.112416 0.888548
0.501161 -0.038100 0.864515
0.591209 -0.149519 0.792538
0.444798 -0.112416 0.888548
0.501161 -0.038100 0.864515
0.626831 -0.143762 0.765777
0.591209 -0.149519 0.792538
0.626831 -0.143762 0.765777
0.718016 -0.184618 0.671096
0.591209 -0.149519 0.792538
0.718016 -0.184618 0.671096
0.626831 -0.143762 0.765777
0.696984 -0.151524 0.700895
0.785158 -0.176978 0.593470
0.718016 -0.184618 0.671096
0.696984 -0.151524 0.700895
0.785158 -0.176978 0.593470
0.742944 -0.163038 0.649194
0.718016 -0.184618 0.671096
0.742944 -0.163038 0.649194
0.784383 -0.004883 0.620258
0.718016 -0.184618 0.671096
0.742944 -0.163038 0.649194
0.848721 0.022465 0.528364
0.784383 -0.004883 0.620258
0.831974 -0.147627 0.534813
0.848721 0.022465 0.528364
0.742944 -0.163038 0.649194
0.843361 -0.225742 0.487629
0.831974 -0.147627 0.534813
0.742944 -0.163038 0.649194
0.785158 -0.176978 0.593470
0.843361 -0.225742 0.487629
0.742944 -0.163038 0.649194
0.810171 -0.423206 0.405610
0.843361 -0.225742 0.487629
0.785158 -0.176978 0.593470
0.768753 -0.374124 0.518701
0.810171 -0.423206 0.405610
0.785158 -0.176978 0.593470
0.593288 -0.307898 0.743780
0.768753 -0.374124 0.518701
0.785158 -0.176978 0.593470
0.696984 -0.151524 0.700895
0.593288 -0.307898 0.743780
0.785158 -0.176978 0.593470
0.626831 -0.143762 0.765777
0.593288 -0.307898 0.743780
0.696984 -0.151524 0.700895
0.575560 -0.288305 0.765252
0.593288 -0.307898 0.743780
0.626831 -0.143762 0.765777
0.501161 -0.038100 0.864515
0.575560 -0.288305 0.765252
0.626831 -0.143762 0.765777
0.452586 -0.151522 0.878753
0.575560 -0.288305 0.765252
0.501161 -0.038100 0.864515
0.349068 0.047919 0.935871
0.452586 -0.151522 0.878753
0.501161 -0.038100 0.864515
0.302291 -0.100748 0.947877
0.349068 0.047919 0.935871
0.501161 -0.038100 0.864515
0.274455 -0.049827 0.960308
0.452586 -0.151522 0.878753
0.349068 0.047919 0.935871
0.405540 -0.290244 0.866773
0.452586 -0.151522 0.878753
0.274455 -0.049827 0.960308
0.405540 -0.290244 0.866773
0.575560 -0.288305 0.765252
0.452586 -0.151522 0.878753
0.239599 -0.220002 0.945617
0.405540 -0.290244 0.866773
0.274455 -0.049827 0.960308
0.171198 -0.231857 0.957566
0.405540 -0.290244 0.866773
0.239599 -0.220002 0.945617
0.261168 -0.325732 0.908675
0.405540 -0.290244 0.866773
0.171198 -0.231857 0.957566
0.094867 -0.470497 0.877288
0.261168 -0.325732 0.908675
0.171198 -0.231857 0.957566
0.053737 -0.311691 0.948663
0.094867 -0.470497 0.877288
0.171198 -0.231857 0.957566
0.139741 -0.262887 0.954653
0.094867 -0.470497 0.877288
0.053737 -0.311691 0.948663
0.165098 -0.460161 0.872350
0.094867 -0.470497 0.877288
0.139741 -0.262887 0.954653
-0.184661 -0.452370 0.872503
0.165098 -0.460161 0.872350
0.139741 -0.262887 0.954653
-0.118278 -0.235578 0.964631
-0.184661 -0.452370 0.872503
0.139741 -0.262887 0.954653
-0.229691 -0.268805 0.935407
-0.184661 -0.452370 0.872503
-0.118278 -0.235578 0.964631
-0.229691 -0.268805 0.935407
-0.272470 -0.434598 0.858420
-0.184661 -0.452370 0.872503
-0.272470 -0.434598 0.858420
-0.141851 -0.638790 0.756191
-0.184661 -0.452370 0.872503
-0.141851 -0.638790 0.756191
0.165098 -0.460161 0.872350
-0.184661 -0.452370 0.872503
-0.141851 -0.638790 0.756191
0.145812 -0.646815 0.748578
0.165098 -0.460161 0.872350
0.145812 -0.646815 0.748578
0.094867 -0.470497 0.877288
0.165098 -0.460161 0.872350
0.145812 -0.646815 0.748578
0.135852 -0.624470 0.769143
0.094867 -0.470497 0.877288
0.135852 -0.624470 0.769143
0.261168 -0.325732 0.908675
0.094867 -0.470497 0.877288
0.135852 -0.624470 0.769143
0.356968 -0.460635 0.812644
0.261168 -0.325732 0.908675
0.356968 -0.460635 0.812644
0.552044 -0.344902 0.759138
0.261168 -0.325732 0.908675
0.552044 -0.344902 0.759138
0.405540 -0.290244 0.866773
0.261168 -0.325732 0.908675
0.552044 -0.344902 0.759138
0.575560 -0.288305 0.765252
0.405540 -0.290244 0.866773
0.552044 -0.344902 0.759138
0.593288 -0.307898 0.743780
0.575560 -0.288305 0.765252
0.575830 -0.442887 0.687219
0.593288 -0.307898 0.743780
0.552044 -0.344902 0.759138
0.462712 -0.593744 0.658306
0.575830 -0.442887 0.687219
0.552044 -0.344902 0.759138
0.356968 -0.460635 0.812644
0.462712 -0.593744 0.658306
0.552044 -0.344902 0.759138
0.135852 -0.624470 0.769143
0.462712 -0.593744 0.658306
0.356968 -0.460635 0.812644
0.223839 -0.700796 0.677334
0.462712 -0.593744 0.658306
0.135852 -0.624470 0.769143
0.135780 -0.684743 0.716024
0.223839 -0.700796 0.677334
0.135852 -0.624470 0.769143
0.145812 -0.646815 0.748578
0.135780 -0.684743 0.716024
0.135852 -0.624470 0.769143
-0.094808 -0.661667 0.743779
0.135780 -0.684743 0.716024
0.145812 -0.646815 0.748578
-0.141851 -0.638790 0.756191
-0.094808 -0.661667 0.743779
0.145812 -0.646815 0.748578
-0.225714 -0.577458 0.784599
-0.094808 -0.661667 0.743779
-0.141851 -0.638790 0.756191
-0.272470 -0.434598 0.858420
-0.225714 -0.577458 0.784599
-0.141851 -0.638790 0.756191
-0.278436 -0.319541 0.905741
-0.225714 -0.577458 0.784599
-0.272470 -0.434598 0.858420
-0.204230 -0.208140 0.956539
-0.278436 -0.319541 0.905741
-0.272470 -0.434598 0.858420
-0.229691 -0.268805 0.935407
-0.204230 -0.208140 0.956539
-0.272470 -0.434598 0.858420
0.153373 0.178779 0.971862
-0.204230 -0.208140 0.956539
-0.229691 -0.268805 0.935407
-0.276628 -0.182829 0.943425
-0.204230 -0.208140 0.956539
0.153373 0.178779 0.971862
-0.409367 -0.247194 0.878245
-0.204230 -0.208140 0.956539
-0.276628 -0.182829 0.943425
-0.409367 -0.247194 0.878245
-0.278436 -0.319541 0.905741
-0.204230 -0.208140 0.956539
-0.347136 -0.321720 0.880905
-0.409367 -0.247194 0.878245
-0.276628 -0.182829 0.943425
-0.347136 -0.321720 0.880905
-0.480140 -0.349102 0.804732
-0.409367 -0.247194 0.878245
-0.480140 -0.349102 0.804732
-0.278436 -0.319541 0.905741
-0.409367 -0.247194 0.878245
-0.480140 -0.349102 0.804732
-0.372369 -0.434883 0.819889
-0.278436 -0.319541 0.905741
-0.372369 -0.434883 0.819889
-0.225714 -0.577458 0.784599
-0.278436 -0.319541 0.905741
-0.372369 -0.434883 0.819889
-0.262894 -0.671420 0.692879
-0.225714 -0.577458 0.784599
-0.262894 -0.671420 0.692879
-0.094808 -0.661667 0.743779
-0.225714 -0.577458 0.784599
-0.338932 -0.764795 0.547917
-0.094808 -0.661667 0.743779
-0.262894 -0.671420 0.692879
-0.338932 -0.764795 0.547917
-0.135773 -0.821459 0.553869
-0.094808 -0.661667 0.743779
-0.135773 -0.821459 0.553869
0.155354 -0.774865 0.612739
-0.094808 -0.661667 0.743779
0.155354 -0.774865 0.612739
0.135780 -0.684743 0.716024
-0.094808 -0.661667 0.743779
0.155354 -0.774865 0.612739
0.223839 -0.700796 0.677334
0.135780 -0.684743 0.716024
0.155354 -0.774865 0.612739
0.298216 -0.728325 0.616936
0.223839 -0.700796 0.677334
0.298216 -0.728325 0.616936
0.479749 -0.618462 0.622372
0.223839 -0.700796 0.677334
0.479749 -0.618462 0.622372
0.462712 -0.593744 0.658306
0.223839 -0.700796 0.677334
0.479749 -0.618462 0.622372
0.575830 -0.442887 0.687219
0.462712 -0.593744 0.658306
0.479749 -0.618462 0.622372
0.613233 -0.550670 0.566311
0.575830 -0.442887 0.687219
0.613233 -0.550670 0.566311
0.593288 -0.307898 0.743780
0.575830 -0.442887 0.687219
0.613233 -0.550670 0.566311
0.768753 -0.374124 0.518701
0.593288 -0.307898 0.743780
0.613233 -0.550670 0.566311
0.810171 -0.423206 0.405610
0.768753 -0.374124 0.518701
0.675115 -0.593098 0.438696
0.810171 -0.423206 0.405610
0.613233 -0.550670 0.566311
0.479749 -0.618462 0.622372
0.675115 -0.593098 0.438696
0.613233 -0.550670 0.566311
0.515194 -0.695063 0.501460
0.675115 -0.593098 0.438696
0.479749 -0.618462 0.622372
0.335215 -0.821969 0.460432
0.515194 -0.695063 0.501460
0.479749 -0.618462 0.622372
0.298216 -0.728325 0.616936
0.335215 -0.821969 0.460432
0.479749 -0.618462 0.622372
0.155354 -0.774865 0.612739
0.335215 -0.821969 0.460432
0.298216 -0.728325 0.616936
0.178860 -0.880614 0.438781
0.335215 -0.821969 0.460432
0.155354 -0.774865 0.612739
-0.167043 -0.899638 0.403421
0.178860 -0.880614 0.438781
0.155354 -0.774865 0.612739
-0.135773 -0.821459 0.553869
-0.167043 -0.899638 0.403421
0.155354 -0.774865 0.612739
-0.338932 -0.764795 0.547917
-0.167043 -0.899638 0.403421
-0.135773 -0.821459 0.553869
-0.360744 -0.826016 0.433084
-0.167043 -0.899638 0.403421
-0.338932 -0.764795 0.547917
-0.450288 -0.653378 0.608554
-0.360744 -0.826016 0.433084
-0.338932 -0.764795 0.547917
-0.262894 -0.671420 0.692879
-0.450288 -0.653378 0.608554
-0.338932 -0.764795 0.547917
-0.450675 -0.601218 0.659871
-0.450288 -0.653378 0.608554
-0.262894 -0.671420 0.692879
-0.372369 -0.434883 0.819889
-0.450675 -0.601218 0.659871
-0.262894 -0.671420 0.692879
-0.480140 -0.349102 0.804732
-0.450675 -0.601218 0.659871
-0.372369 -0.434883 0.819889
-0.480140 -0.349102 0.804732
-0.536771 -0.505443 0.675577
-0.450675 -0.601218 0.659871
-0.536771 -0.505443 0.675577
-0.450288 -0.653378 0.608554
-0.450675 -0.601218 0.659871
-0.536771 -0.505443 0.675577
-0.599186 -0.579636 0.552266
-0.450288 -0.653378 0.608554
-0.657923 -0.609096 0.442875
-0.450288 -0.653378 0.608554
-0.599186 -0.579636 0.552266
-0.657923 -0.609096 0.442875
-0.505259 -0.706581 0.495436
-0.450288 -0.653378 0.608554
-0.505259 -0.706581 0.495436
-0.360744 -0.826016 0.433084
-0.450288 -0.653378 0.608554
-0.536359 -0.764960 0.356587
-0.360744 -0.826016 0.433084
-0.505259 -0.706581 0.495436
-0.657923 -0.609096 0.442875
-0.536359 -0.764960 0.356587
-0.505259 -0.706581 0.495436
-0.536359 -0.764960 0.356587
-0.657923 -0.609096 0.442875
-0.681512 -0.646321 0.343236
-0.657923 -0.609096 0.442875
-0.693812 -0.545083 0.470648
-0.681512 -0.646321 0.343236
-0.657923 -0.609096 0.442875
-0.669556 -0.474058 0.571807
-0.693812 -0.545083 0.470648
-0.599186 -0.579636 0.552266
-0.669556 -0.474058 0.571807
-0.657923 -0.609096 0.442875
-0.536771 -0.505443 0.675577
-0.669556 -0.474058 0.571807
-0.599186 -0.579636 0.552266
-0.669556 -0.474058 0.571807
-0.691898 -0.304368 0.654704
-0.693812 -0.545083 0.470648
-0.669556 -0.474058 0.571807
-0.692879 -0.272669 0.667510
-0.691898 -0.304368 0.654704
-0.669556 -0.474058 0.571807
-0.597270 -0.403727 0.693017
-0.692879 -0.272669 0.667510
-0.536771 -0.505443 0.675577
-0.597270 -0.403727 0.693017
-0.669556 -0.474058 0.571807
-0.444598 -0.356623 0.821677
-0.597270 -0.403727 0.693017
-0.536771 -0.505443 0.675577
-0.444598 -0.356623 0.821677
-0.692879 -0.272669 0.667510
-0.597270 -0.403727 0.693017
-0.480140 -0.349102 0.804732
-0.444598 -0.356623 0.821677
-0.536771 -0.505443 0.675577
-0.347136 -0.321720 0.880905
-0.444598 -0.356623 0.821677
-0.480140 -0.349102 0.804732
-0.384044 -0.878428 0.284385
-0.360744 -0.826016 0.433084
-0.536359 -0.764960 0.356587
-0.384044 -0.878428 0.284385
-0.167043 -0.899638 0.403421
-0.360744 -0.826016 0.433084
-0.176984 -0.941594 0.286493
-0.167043 -0.899638 0.403421
-0.384044 -0.878428 0.284385
-0.153394 -0.977965 0.141617
-0.176984 -0.941594 0.286493
-0.384044 -0.878428 0.284385
-0.153394 -0.977965 0.141617
0.177019 -0.902714 0.392136
-0.176984 -0.941594 0.286493
0.177019 -0.902714 0.392136
-0.167043 -0.899638 0.403421
-0.176984 -0.941594 0.286493
0.177019 -0.902714 0.392136
0.178860 -0.880614 0.438781
-0.167043 -0.899638 0.403421
0.177019 -0.902714 0.392136
0.335215 -0.821969 0.460432
0.178860 -0.880614 0.438781
0.177019 -0.902714 0.392136
0.356764 -0.841509 0.405687
0.335215 -0.821969 0.460432
0.356764 -0.841509 0.405687
0.543049 -0.752420 0.372777
0.335215 -0.821969 0.460432
0.543049 -0.752420 0.372777
0.515194 -0.695063 0.501460
0.335215 -0.821969 0.460432
0.543049 -0.752420 0.372777
0.675115 -0.593098 0.438696
0.515194 -0.695063 0.501460
0.543049 -0.752420 0.372777
0.702905 -0.634427 0.321601
0.675115 -0.593098 0.438696
0.702905 -0.634427 0.321601
0.810171 -0.423206 0.405610
0.675115 -0.593098 0.438696
0.702905 -0.634427 0.321601
0.849644 -0.462541 0.253301
0.810171 -0.423206 0.405610
0.849644 -0.462541 0.253301
0.914688 -0.259262 0.310046
0.810171 -0.423206 0.405610
0.914688 -0.259262 0.310046
0.843361 -0.225742 0.487629
0.810171 -0.423206 0.405610
0.914688 -0.259262 0.310046
0.912020 -0.143698 0.384149
0.843361 -0.225742 0.487629
0.912020 -0.143698 0.384149
0.831974 -0.147627 0.534813
0.843361 -0.225742 0.487629
0.912020 -0.143698 0.384149
0.848721 0.022465 0.528364
0.831974 -0.147627 0.534813
0.912020 -0.143698 0.384149
0.944592 0.043956 0.325291
0.848721 0.022465 0.528364
0.912020 -0.143698 0.384149
0.965520 0.059673 0.253397
0.944592 0.043956 0.325291
0.912020 -0.143698 0.384149
0.957522 -0.157457 0.241574
0.965520 0.059673 0.253397
0.957522 -0.157457 0.241574
0.984517 -0.171096 0.038101
0.965520 0.059673 0.253397
0.942802 -0.311708 0.118160
0.984517 -0.171096 0.038101
0.957522 -0.157457 0.241574
0.912020 -0.143698 0.384149
0.942802 -0.311708 0.118160
0.957522 -0.157457 0.241574
0.914688 -0.259262 0.310046
0.942802 -0.311708 0.118160
0.912020 -0.143698 0.384149
0.883284 -0.466580 0.045967
0.942802 -0.311708 0.118160
0.914688 -0.259262 0.310046
0.849644 -0.462541 0.253301
0.883284 -0.466580 0.045967
0.914688 -0.259262 0.310046
0.702905 -0.634427 0.321601
0.883284 -0.466580 0.045967
0.849644 -0.462541 0.253301
0.743990 -0.640417 0.190647
0.883284 -0.466580 0.045967
0.702905 -0.634427 0.321601
0.543049 -0.752420 0.372777
0.743990 -0.640417 0.190647
0.702905 -0.634427 0.321601
0.543049 -0.752420 0.372777
0.556182 -0.771139 0.309848
0.743990 -0.640417 0.190647
0.370535 -0.878966 0.300204
0.556182 -0.771139 0.309848
0.543049 -0.752420 0.372777
0.356764 -0.841509 0.405687
0.370535 -0.878966 0.300204
0.543049 -0.752420 0.372777
0.177019 -0.902714 0.392136
0.370535 -0.878966 0.300204
0.356764 -0.841509 0.405687
0.169111 -0.958925 0.227739
0.370535 -0.878966 0.300204
0.177019 -0.902714 0.392136
-0.153394 -0.977965 0.141617
0.169111 -0.958925 0.227739
0.177019 -0.902714 0.392136
0.180642 -0.983292 0.022458
0.169111 -0.958925 0.227739
-0.153394 -0.977965 0.141617
0.180642 -0.983292 0.022458
0.370535 -0.878966 0.300204
0.169111 -0.958925 0.227739
-0.127988 -0.991667 -0.014687
0.180642 -0.983292 0.022458
-0.153394 -0.977965 0.141617
-0.159339 -0.966666 -0.200419
0.180642 -0.983292 0.022458
-0.127988 -0.991667 -0.014687
0.180642 -0.983292 0.022458
-0.159339 -0.966666 -0.200419
0.188685 -0.976662 -0.102616
0.376587 -0.914528 -0.147717
0.180642 -0.983292 0.022458
0.188685 -0.976662 -0.102616
0.376587 -0.914528 -0.147717
0.374497 -0.925991 -0.047873
0.180642 -0.983292 0.022458
0.374497 -0.925991 -0.047873
0.370535 -0.878966 0.300204
0.180642 -0.983292 0.022458
0.374497 -0.925991 -0.047873
0.556182 -0.771139 0.309848
0.370535 -0.878966 0.300204
0.374497 -0.925991 -0.047873
0.582032 -0.803000 -0.128175
0.556182 -0.771139 0.309848
0.582032 -0.803000 -0.128175
0.769337 -0.634391 -0.075293
0.556182 -0.771139 0.309848
0.769337 -0.634391 -0.075293
0.743990 -0.640417 0.190647
0.556182 -0.771139 0.309848
0.769337 -0.634391 -0.075293
0.883284 -0.466580 0.045967
0.743990 -0.640417 0.190647
0.769337 -0.634391 -0.075293
0.884627 -0.466298 0.001001
0.883284 -0.466580 0.045967
0.884627 -0.466298 0.001001
0.944117 -0.325816 0.049876
0.883284 -0.466580 0.045967
0.944117 -0.325816 0.049876
0.942802 -0.311708 0.118160
0.883284 -0.466580 0.045967
0.944117 -0.325816 0.049876
0.984517 -0.171096 0.038101
0.942802 -0.311708 0.118160
0.943015 -0.311763 -0.116303
0.984517 -0.171096 0.038101
0.944117 -0.325816 0.049876
0.943015 -0.311763 -0.116303
0.979668 -0.159185 -0.122113
0.984517 -0.171096 0.038101
0.979668 -0.159185 -0.122113
0.976308 0.065479 -0.206239
0.984517 -0.171096 0.038101
0.893989 -0.135805 -0.427014
0.976308 0.065479 -0.206239
0.979668 -0.159185 -0.122113
0.893989 -0.135805 -0.427014
0.935086 0.034200 -0.352767
0.976308 0.065479 -0.206239
0.935086 0.034200 -0.352767
0.922198 0.308083 -0.233744
0.976308 0.065479 -0.206239
0.935086 0.034200 -0.352767
0.892552 0.327542 -0.309947
0.922198 0.308083 -0.233744
0.892552 0.327542 -0.309947
0.768679 0.536216 -0.348719
0.922198 0.308083 -0.233744
0.768679 0.536216 -0.348719
0.837798 0.517175 -0.174998
0.922198 0.308083 -0.233744
0.768679 0.536216 -0.348719
0.706202 0.692469 -0.147535
0.837798 0.517175 -0.174998
0.768679 0.536216 -0.348719
0.663848 0.634475 -0.395915
0.706202 0.692469 -0.147535
0.663848 0.634475 -0.395915
0.536655 0.739891 -0.405662
0.706202 0.692469 -0.147535
0.536655 0.739891 -0.405662
0.587858 0.801105 -0.112488
0.706202 0.692469 -0.147535
0.536655 0.739891 -0.405662
0.456418 0.880507 -0.128028
0.587858 0.801105 -0.112488
0.536655 0.739891 -0.405662
0.405880 0.806801 -0.429340
0.456418 0.880507 -0.128028
0.405880 0.806801 -0.429340
0.233471 0.954292 -0.186595
0.456418 0.880507 -0.128028
0.405880 0.806801 -0.429340
0.212048 0.888245 -0.407502
0.233471 0.954292 -0.186595
0.212048 0.888245 -0.407502
0.209976 0.956158 -0.204135
0.233471 0.954292 -0.186595
0.212048 0.888245 -0.407502
0.253000 0.901665 -0.350701
0.209976 0.956158 -0.204135
0.253000 0.901665 -0.350701
0.014674 0.963566 -0.267069
0.209976 0.956158 -0.204135
0.024423 0.946616 -0.321436
0.014674 0.963566 -0.267069
0.253000 0.901665 -0.350701
0.024423 0.946616 -0.321436
-0.241661 0.903034 -0.355148
0.014674 0.963566 -0.267069
-0.241661 0.903034 -0.355148
-0.241274 0.921037 -0.305741
0.014674 0.963566 -0.267069
-0.241661 0.903034 -0.355148
-0.456046 0.862405 -0.219726
-0.241274 0.921037 -0.305741
-0.241661 0.903034 -0.355148
-0.388226 0.832145 -0.395998
-0.456046 0.862405 -0.219726
-0.388226 0.832145 -0.395998
-0.610588 0.692652 -0.383948
-0.456046 0.862405 -0.219726
-0.610588 0.692652 -0.383948
-0.651817 0.739743 -0.167079
-0.456046 0.862405 -0.219726
-0.610588 0.692652 -0.383948
-0.778783 0.595103 -0.198368
-0.651817 0.739743 -0.167079
-0.610588 0.692652 -0.383948
-0.735877 0.552194 -0.391876
-0.778783 0.595103 -0.198368
-0.735877 0.552194 -0.391876
-0.843841 0.497740 -0.200469
-0.778783 0.595103 -0.198368
-0.735877 0.552194 -0.391876
-0.778969 0.520998 -0.348953
-0.843841 0.497740 -0.200469
-0.778969 0.520998 -0.348953
-0.911807 0.313759 -0.264883
-0.843841 0.497740 -0.200469
-0.893190 0.314037 -0.321857
-0.911807 0.313759 -0.264883
-0.778969 0.520998 -0.348953
-0.893190 0.314037 -0.321857
-0.933669 0.047905 -0.354918
-0.911807 0.313759 -0.264883
-0.933669 0.047905 -0.354918
-0.950464 0.055683 -0.305806
-0.911807 0.313759 -0.264883
-0.933669 0.047905 -0.354918
-0.960559 -0.165132 -0.223736
-0.950464 0.055683 -0.305806
-0.933669 0.047905 -0.354918
-0.910479 -0.112463 -0.397971
-0.960559 -0.165132 -0.223736
-0.910479 -0.112463 -0.397971
-0.869197 -0.282532 -0.405797
-0.960559 -0.165132 -0.223736
-0.869197 -0.282532 -0.405797
-0.945848 -0.302265 -0.118350
-0.960559 -0.165132 -0.223736
-0.869197 -0.282532 -0.405797
-0.885046 -0.446958 -0.130086
-0.945848 -0.302265 -0.118350
-0.869197 -0.282532 -0.405797
-0.800859 -0.417547 -0.429277
-0.885046 -0.446958 -0.130086
-0.800859 -0.417547 -0.429277
-0.749285 -0.635991 -0.184627
-0.885046 -0.446958 -0.130086
-0.800859 -0.417547 -0.429277
-0.693541 -0.593782 -0.407951
-0.749285 -0.635991 -0.184627
-0.693541 -0.593782 -0.407951
-0.734421 -0.648400 -0.200509
-0.749285 -0.635991 -0.184627
-0.693541 -0.593782 -0.407951
-0.736515 -0.578112 -0.351187
-0.734421 -0.648400 -0.200509
-0.736515 -0.578112 -0.351187
-0.578110 -0.771704 -0.265070
-0.734421 -0.648400 -0.200509
-0.575749 -0.751707 -0.321636
-0.578110 -0.771704 -0.265070
-0.736515 -0.578112 -0.351187
-0.575749 -0.751707 -0.321636
-0.335208 -0.872782 -0.354806
-0.578110 -0.771704 -0.265070
-0.335208 -0.872782 -0.354806
-0.347224 -0.887084 -0.304166
-0.578110 -0.771704 -0.265070
-0.335208 -0.872782 -0.354806
-0.159339 -0.966666 -0.200419
-0.347224 -0.887084 -0.304166
-0.335208 -0.872782 -0.354806
-0.184753 -0.892459 -0.411563
-0.159339 -0.966666 -0.200419
-0.184753 -0.892459 -0.411563
0.176816 -0.883985 -0.432789
-0.159339 -0.966666 -0.200419
0.176816 -0.883985 -0.432789
0.188685 -0.976662 -0.102616
-0.159339 -0.966666 -0.200419
0.176816 -0.883985 -0.432789
0.376587 -0.914528 -0.147717
0.188685 -0.976662 -0.102616
0.176816 -0.883985 -0.432789
0.303945 -0.878551 -0.368463
0.376587 -0.914528 -0.147717
0.303945 -0.878551 -0.368463
0.574192 -0.791243 -0.210327
0.376587 -0.914528 -0.147717
0.574192 -0.791243 -0.210327
0.374497 -0.925991 -0.047873
0.376587 -0.914528 -0.147717
0.574192 -0.791243 -0.210327
0.582032 -0.803000 -0.128175
0.374497 -0.925991 -0.047873
0.574192 -0.791243 -0.210327
0.769337 -0.634391 -0.075293
0.582032 -0.803000 -0.128175
0.574192 -0.791243 -0.210327
0.749870 -0.636383 -0.180863
0.769337 -0.634391 -0.075293
0.749870 -0.636383 -0.180863
0.873468 -0.460719 -0.157451
0.769337 -0.634391 -0.075293
0.873468 -0.460719 -0.157451
0.884627 -0.466298 0.001001
0.769337 -0.634391 -0.075293
0.873468 -0.460719 -0.157451
0.944117 -0.325816 0.049876
0.884627 -0.466298 0.001001
0.873468 -0.460719 -0.157451
0.943015 -0.311763 -0.116303
0.944117 -0.325816 0.049876
0.873468 -0.460719 -0.157451
0.870380 -0.282275 -0.403434
0.943015 -0.311763 -0.116303
0.870380 -0.282275 -0.403434
0.979668 -0.159185 -0.122113
0.943015 -0.311763 -0.116303
0.870380 -0.282275 -0.403434
0.893989 -0.135805 -0.427014
0.979668 -0.159185 -0.122113
0.870380 -0.282275 -0.403434
0.711319 -0.100776 -0.695607
0.893989 -0.135805 -0.427014
0.711319 -0.100776 -0.695607
0.935086 0.034200 -0.352767
0.893989 -0.135805 -0.427014
0.711319 -0.100776 -0.695607
0.671873 0.022494 -0.740324
0.935086 0.034200 -0.352767
0.671873 0.022494 -0.740324
0.892552 0.327542 -0.309947
0.935086 0.034200 -0.352767
0.671873 0.022494 -0.740324
0.532810 0.243422 -0.810468
0.892552 0.327542 -0.309947
0.532810 0.243422 -0.810468
0.520406 0.420845 -0.743012
0.892552 0.327542 -0.309947
0.520406 0.420845 -0.743012
0.768679 0.536216 -0.348719
0.892552 0.327542 -0.309947
0.520406 0.420845 -0.743012
0.516688 0.454223 -0.725751
0.768679 0.536216 -0.348719
0.516688 0.454223 -0.725751
0.663848 0.634475 -0.395915
0.768679 0.536216 -0.348719
0.516688 0.454223 -0.725751
0.536655 0.739891 -0.405662
0.663848 0.634475 -0.395915
0.516688 0.454223 -0.725751
0.438797 0.550189 -0.710458
0.536655 0.739891 -0.405662
0.438797 0.550189 -0.710458
0.315720 0.646032 -0.694956
0.536655 0.739891 -0.405662
0.315720 0.646032 -0.694956
0.405880 0.806801 -0.429340
0.536655 0.739891 -0.405662
0.315720 0.646032 -0.694956
0.212048 0.888245 -0.407502
0.405880 0.806801 -0.429340
0.315720 0.646032 -0.694956
0.131968 0.702875 -0.698965
0.212048 0.888245 -0.407502
0.131968 0.702875 -0.698965
0.208249 0.632580 -0.745973
0.212048 0.888245 -0.407502
0.208249 0.632580 -0.745973
0.253000 0.901665 -0.350701
0.212048 0.888245 -0.407502
0.208249 0.632580 -0.745973
0.024423 0.946616 -0.321436
0.253000 0.901665 -0.350701
0.208249 0.632580 -0.745973
0.042063 0.599591 -0.799200
0.024423 0.946616 -0.321436
0.042063 0.599591 -0.799200
-0.196438 0.647943 -0.735922
0.024423 0.946616 -0.321436
-0.196438 0.647943 -0.735922
-0.241661 0.903034 -0.355148
0.024423 0.946616 -0.321436
-0.196438 0.647943 -0.735922
-0.272994 0.636876 -0.721015
-0.241661 0.903034 -0.355148
-0.272994 0.636876 -0.721015
-0.388226 0.832145 -0.395998
-0.241661 0.903034 -0.355148
-0.272994 0.636876 -0.721015
-0.610588 0.692652 -0.383948
-0.388226 0.832145 -0.395998
-0.272994 0.636876 -0.721015
-0.433198 0.511445 -0.742134
-0.610588 0.692652 -0.383948
-0.433198 0.511445 -0.742134
-0.553995 0.385956 -0.737650
-0.610588 0.692652 -0.383948
-0.553995 0.385956 -0.737650
-0.735877 0.552194 -0.391876
-0.610588 0.692652 -0.383948
-0.553995 0.385956 -0.737650
-0.534633 0.393870 -0.747685
-0.735877 0.552194 -0.391876
-0.534633 0.393870 -0.747685
-0.778969 0.520998 -0.348953
-0.735877 0.552194 -0.391876
-0.534633 0.393870 -0.747685
-0.893190 0.314037 -0.321857
-0.778969 0.520998 -0.348953
-0.534633 0.393870 -0.747685
-0.558291 0.223903 -0.798860
-0.893190 0.314037 -0.321857
-0.558291 0.223903 -0.798860
-0.677116 0.012702 -0.735767
-0.893190 0.314037 -0.321857
-0.677116 0.012702 -0.735767
-0.933669 0.047905 -0.354918
-0.893190 0.314037 -0.321857
-0.677116 0.012702 -0.735767
-0.692932 -0.061559 -0.718370
-0.933669 0.047905 -0.354918
-0.692932 -0.061559 -0.718370
-0.910479 -0.112463 -0.397971
-0.933669 0.047905 -0.354918
-0.692932 -0.061559 -0.718370
-0.869197 -0.282532 -0.405797
-0.910479 -0.112463 -0.397971
-0.692932 -0.061559 -0.718370
-0.677791 -0.186829 -0.711122
-0.869197 -0.282532 -0.405797
-0.677791 -0.186829 -0.711122
-0.634208 -0.339087 -0.694839
-0.869197 -0.282532 -0.405797
-0.634208 -0.339087 -0.694839
-0.800859 -0.417547 -0.429277
-0.869197 -0.282532 -0.405797
-0.634208 -0.339087 -0.694839
-0.693541 -0.593782 -0.407951
-0.800859 -0.417547 -0.429277
-0.634208 -0.339087 -0.694839
-0.521078 -0.489798 -0.698982
-0.693541 -0.593782 -0.407951
-0.521078 -0.489798 -0.698982
-0.540358 -0.389962 -0.745615
-0.693541 -0.593782 -0.407951
-0.540358 -0.389962 -0.745615
-0.736515 -0.578112 -0.351187
-0.693541 -0.593782 -0.407951
-0.540358 -0.389962 -0.745615
-0.575749 -0.751707 -0.321636
-0.736515 -0.578112 -0.351187
-0.540358 -0.389962 -0.745615
-0.386005 -0.462157 -0.798380
-0.575749 -0.751707 -0.321636
-0.386005 -0.462157 -0.798380
-0.221773 -0.639999 -0.735675
-0.575749 -0.751707 -0.321636
-0.221773 -0.639999 -0.735675
-0.335208 -0.872782 -0.354806
-0.575749 -0.751707 -0.321636
-0.221773 -0.639999 -0.735675
-0.159335 -0.710677 -0.685238
-0.335208 -0.872782 -0.354806
-0.159335 -0.710677 -0.685238
-0.184753 -0.892459 -0.411563
-0.335208 -0.872782 -0.354806
-0.159335 -0.710677 -0.685238
0.176816 -0.883985 -0.432789
-0.184753 -0.892459 -0.411563
-0.159335 -0.710677 -0.685238
0.143779 -0.724702 -0.673895
0.176816 -0.883985 -0.432789
0.143779 -0.724702 -0.673895
0.303945 -0.878551 -0.368463
0.176816 -0.883985 -0.432789
0.143779 -0.724702 -0.673895
0.202363 -0.667646 -0.716448
0.303945 -0.878551 -0.368463
0.202363 -0.667646 -0.716448
0.556755 -0.768185 -0.316095
0.303945 -0.878551 -0.368463
0.556755 -0.768185 -0.316095
0.574192 -0.791243 -0.210327
0.303945 -0.878551 -0.368463
0.556755 -0.768185 -0.316095
0.749701 -0.565923 -0.343045
0.574192 -0.791243 -0.210327
0.749701 -0.565923 -0.343045
0.749870 -0.636383 -0.180863
0.574192 -0.791243 -0.210327
0.749701 -0.565923 -0.343045
0.873468 -0.460719 -0.157451
0.749870 -0.636383 -0.180863
0.749701 -0.565923 -0.343045
0.809764 -0.438594 -0.389766
0.873468 -0.460719 -0.157451
0.809764 -0.438594 -0.389766
0.870380 -0.282275 -0.403434
0.873468 -0.460719 -0.157451
0.589182 -0.350763 -0.727894
0.870380 -0.282275 -0.403434
0.809764 -0.438594 -0.389766
0.749701 -0.565923 -0.343045
0.589182 -0.350763 -0.727894
0.809764 -0.438594 -0.389766
0.559708 -0.366304 -0.743336
0.589182 -0.350763 -0.727894
0.749701 -0.565923 -0.343045
0.556755 -0.768185 -0.316095
0.559708 -0.366304 -0.743336
0.749701 -0.565923 -0.343045
0.352954 -0.474166 -0.806592
0.559708 -0.366304 -0.743336
0.556755 -0.768185 -0.316095
0.202363 -0.667646 -0.716448
0.352954 -0.474166 -0.806592
0.556755 -0.768185 -0.316095
0.202363 -0.667646 -0.716448
0.235505 -0.278467 -0.931125
0.352954 -0.474166 -0.806592
0.235505 -0.278467 -0.931125
0.559708 -0.366304 -0.743336
0.352954 -0.474166 -0.806592
0.235505 -0.278467 -0.931125
0.337219 -0.268841 -0.902224
0.559708 -0.366304 -0.743336
0.337219 -0.268841 -0.902224
0.589182 -0.350763 -0.727894
0.559708 -0.366304 -0.743336
0.337219 -0.268841 -0.902224
0.382233 -0.239516 -0.892485
0.589182 -0.350763 -0.727894
0.208092 -0.153351 -0.966013
0.382233 -0.239516 -0.892485
0.337219 -0.268841 -0.902224
0.210094 -0.182723 -0.960454
0.208092 -0.153351 -0.966013
0.337219 -0.268841 -0.902224
0.235505 -0.278467 -0.931125
0.210094 -0.182723 -0.960454
0.337219 -0.268841 -0.902224
0.171065 -0.217962 -0.960848
0.210094 -0.182723 -0.960454
0.235505 -0.278467 -0.931125
0.171065 -0.217962 -0.960848
0.087023 -0.106573 -0.990489
0.210094 -0.182723 -0.960454
0.139689 -0.038099 -0.989462
0.210094 -0.182723 -0.960454
0.087023 -0.106573 -0.990489
0.139689 -0.038099 -0.989462
0.208092 -0.153351 -0.966013
0.210094 -0.182723 -0.960454
0.139689 -0.038099 -0.989462
0.214005 -0.092840 -0.972411
0.208092 -0.153351 -0.966013
0.214005 -0.092840 -0.972411
0.382233 -0.239516 -0.892485
0.208092 -0.153351 -0.966013
0.214005 -0.092840 -0.972411
0.393580 -0.180673 -0.901361
0.382233 -0.239516 -0.892485
0.393580 -0.180673 -0.901361
0.589182 -0.350763 -0.727894
0.382233 -0.239516 -0.892485
0.393580 -0.180673 -0.901361
0.657922 -0.243419 -0.712661
0.589182 -0.350763 -0.727894
0.657922 -0.243419 -0.712661
0.870380 -0.282275 -0.403434
0.589182 -0.350763 -0.727894
0.657922 -0.243419 -0.712661
0.711319 -0.100776 -0.695607
0.870380 -0.282275 -0.403434
0.393580 -0.180673 -0.901361
0.711319 -0.100776 -0.695607
0.657922 -0.243419 -0.712661
0.423154 0.000978 -0.906057
0.711319 -0.100776 -0.695607
0.393580 -0.180673 -0.901361
0.214005 -0.092840 -0.972411
0.423154 0.000978 -0.906057
0.393580 -0.180673 -0.901361
0.243570 0.032276 -0.969346
0.423154 0.000978 -0.906057
0.214005 -0.092840 -0.972411
0.153446 -0.010751 -0.988099
0.243570 0.032276 -0.969346
0.214005 -0.092840 -0.972411
0.153446 -0.010751 -0.988099
0.214005 -0.092840 -0.972411
0.139689 -0.038099 -0.989462
0.241567 0.047922 -0.969200
0.243570 0.032276 -0.969346
0.153446 -0.010751 -0.988099
0.133872 0.047874 -0.989842
0.241567 0.047922 -0.969200
0.153446 -0.010751 -0.988099
0.241520 0.133944 -0.961107
0.241567 0.047922 -0.969200
0.133872 0.047874 -0.989842
0.106478 0.116229 -0.987499
0.241520 0.133944 -0.961107
0.133872 0.047874 -0.989842
0.175045 0.175045 -0.968875
0.241520 0.133944 -0.961107
0.106478 0.116229 -0.987499
0.116206 0.206042 -0.971619
0.175045 0.175045 -0.968875
0.106478 0.116229 -0.987499
0.075221 0.137735 -0.987609
0.116206 0.206042 -0.971619
0.106478 0.116229 -0.987499
0.047922 0.249386 -0.967218
0.116206 0.206042 -0.971619
0.075221 0.137735 -0.987609
0.020530 0.122213 -0.992292
0.047922 0.249386 -0.967218
0.075221 0.137735 -0.987609
0.022483 0.282480 -0.959010
0.047922 0.249386 -0.967218
0.020530 0.122213 -0.992292
0.102627 0.401781 -0.909967
0.047922 0.249386 -0.967218
0.022483 0.282480 -0.959010
0.102627 0.401781 -0.909967
0.042033 0.452702 -0.890670
0.047922 0.249386 -0.967218
0.042033 0.452702 -0.890670
0.221965 0.358959 -0.906576
0.047922 0.249386 -0.967218
0.221965 0.358959 -0.906576
0.116206 0.206042 -0.971619
0.047922 0.249386 -0.967218
0.221965 0.358959 -0.906576
0.341272 0.300217 -0.890732
0.116206 0.206042 -0.971619
0.341272 0.300217 -0.890732
0.175045 0.175045 -0.968875
0.116206 0.206042 -0.971619
0.341272 0.300217 -0.890732
0.335644 0.298498 -0.893444
0.175045 0.175045 -0.968875
0.335644 0.298498 -0.893444
0.241520 0.133944 -0.961107
0.175045 0.175045 -0.968875
0.358958 0.237652 -0.902591
0.241520 0.133944 -0.961107
0.335644 0.298498 -0.893444
0.516688 0.454223 -0.725751
0.358958 0.237652 -0.902591
0.335644 0.298498 -0.893444
0.341272 0.300217 -0.890732
0.516688 0.454223 -0.725751
0.335644 0.298498 -0.893444
0.341272 0.300217 -0.890732
0.438797 0.550189 -0.710458
0.516688 0.454223 -0.725751
0.341272 0.300217 -0.890732
0.315720 0.646032 -0.694956
0.438797 0.550189 -0.710458
0.221965 0.358959 -0.906576
0.315720 0.646032 -0.694956
0.341272 0.300217 -0.890732
0.042033 0.452702 -0.890670
0.315720 0.646032 -0.694956
0.221965 0.358959 -0.906576
0.042033 0.452702 -0.890670
0.131968 0.702875 -0.698965
0.315720 0.646032 -0.694956
0.042033 0.452702 -0.890670
0.208249 0.632580 -0.745973
0.131968 0.702875 -0.698965
0.102627 0.401781 -0.909967
0.208249 0.632580 -0.745973
0.042033 0.452702 -0.890670
-0.002933 0.368502 -0.929622
0.208249 0.632580 -0.745973
0.102627 0.401781 -0.909967
0.022483 0.282480 -0.959010
-0.002933 0.368502 -0.929622
0.102627 0.401781 -0.909967
-0.002933 0.368502 -0.929622
0.042063 0.599591 -0.799200
0.208249 0.632580 -0.745973
-0.002933 0.368502 -0.929622
-0.196438 0.647943 -0.735922
0.042063 0.599591 -0.799200
-0.002933 0.368502 -0.929622
-0.085115 0.425528 -0.900933
-0.196438 0.647943 -0.735922
-0.085115 0.425528 -0.900933
-0.272994 0.636876 -0.721015
-0.196438 0.647943 -0.735922
-0.159357 0.425429 -0.890851
-0.272994 0.636876 -0.721015
-0.085115 0.425528 -0.900933
-0.159357 0.425429 -0.890851
-0.272615 0.301846 -0.913548
-0.272994 0.636876 -0.721015
-0.272615 0.301846 -0.913548
-0.433198 0.511445 -0.742134
-0.272994 0.636876 -0.721015
-0.272615 0.301846 -0.913548
-0.331695 0.237803 -0.912923
-0.433198 0.511445 -0.742134
-0.331695 0.237803 -0.912923
-0.553995 0.385956 -0.737650
-0.433198 0.511445 -0.742134
-0.331695 0.237803 -0.912923
-0.534633 0.393870 -0.747685
-0.553995 0.385956 -0.737650
-0.331695 0.237803 -0.912923
-0.339025 0.225635 -0.913318
-0.534633 0.393870 -0.747685
-0.339025 0.225635 -0.913318
-0.343331 0.114444 -0.932216
-0.534633 0.393870 -0.747685
-0.343331 0.114444 -0.932216
-0.558291 0.223903 -0.798860
-0.534633 0.393870 -0.747685
-0.343331 0.114444 -0.932216
-0.677116 0.012702 -0.735767
-0.558291 0.223903 -0.798860
-0.343331 0.114444 -0.932216
-0.434688 0.038101 -0.899775
-0.677116 0.012702 -0.735767
-0.434688 0.038101 -0.899775
-0.692932 -0.061559 -0.718370
-0.677116 0.012702 -0.735767
-0.434688 0.038101 -0.899775
-0.452802 -0.069427 -0.888904
-0.692932 -0.061559 -0.718370
-0.452802 -0.069427 -0.888904
-0.427058 -0.120211 -0.896198
-0.692932 -0.061559 -0.718370
-0.427058 -0.120211 -0.896198
-0.677791 -0.186829 -0.711122
-0.692932 -0.061559 -0.718370
-0.427058 -0.120211 -0.896198
-0.634208 -0.339087 -0.694839
-0.677791 -0.186829 -0.711122
-0.427058 -0.120211 -0.896198
-0.372602 -0.206423 -0.904742
-0.634208 -0.339087 -0.694839
-0.372602 -0.206423 -0.904742
-0.302126 -0.339319 -0.890832
-0.634208 -0.339087 -0.694839
-0.302126 -0.339319 -0.890832
-0.521078 -0.489798 -0.698982
-0.634208 -0.339087 -0.694839
-0.302126 -0.339319 -0.890832
-0.540358 -0.389962 -0.745615
-0.521078 -0.489798 -0.698982
-0.302126 -0.339319 -0.890832
-0.331207 -0.251100 -0.909533
-0.540358 -0.389962 -0.745615
-0.331207 -0.251100 -0.909533
-0.229597 -0.290107 -0.929044
-0.540358 -0.389962 -0.745615
-0.229597 -0.290107 -0.929044
-0.386005 -0.462157 -0.798380
-0.540358 -0.389962 -0.745615
-0.229597 -0.290107 -0.929044
-0.221773 -0.639999 -0.735675
-0.386005 -0.462157 -0.798380
-0.229597 -0.290107 -0.929044
-0.168990 -0.411222 -0.895734
-0.221773 -0.639999 -0.735675
-0.168990 -0.411222 -0.895734
-0.159335 -0.710677 -0.685238
-0.221773 -0.639999 -0.735675
-0.168990 -0.411222 -0.895734
-0.145544 -0.477606 -0.866435
-0.159335 -0.710677 -0.685238
-0.145544 -0.477606 -0.866435
0.143779 -0.724702 -0.673895
-0.159335 -0.710677 -0.685238
-0.145544 -0.477606 -0.866435
0.092830 -0.475890 -0.874592
0.143779 -0.724702 -0.673895
0.092830 -0.475890 -0.874592
0.192549 -0.399689 -0.896200
0.143779 -0.724702 -0.673895
0.192549 -0.399689 -0.896200
0.202363 -0.667646 -0.716448
0.143779 -0.724702 -0.673895
0.192549 -0.399689 -0.896200
0.235505 -0.278467 -0.931125
0.202363 -0.667646 -0.716448
0.192549 -0.399689 -0.896200
0.171065 -0.217962 -0.960848
0.235505 -0.278467 -0.931125
0.026375 -0.208092 -0.977754
0.171065 -0.217962 -0.960848
0.192549 -0.399689 -0.896200
0.092830 -0.475890 -0.874592
0.026375 -0.208092 -0.977754
0.192549 -0.399689 -0.896200
-0.145544 -0.477606 -0.866435
0.026375 -0.208092 -0.977754
0.092830 -0.475890 -0.874592
-0.089037 -0.210380 -0.973557
0.026375 -0.208092 -0.977754
-0.145544 -0.477606 -0.866435
-0.168990 -0.411222 -0.895734
-0.089037 -0.210380 -0.973557
-0.145544 -0.477606 -0.866435
-0.104594 -0.241469 -0.964755
-0.089037 -0.210380 -0.973557
-0.168990 -0.411222 -0.895734
-0.229597 -0.290107 -0.929044
-0.104594 -0.241469 -0.964755
-0.168990 -0.411222 -0.895734
-0.169182 -0.198555 -0.965377
-0.104594 -0.241469 -0.964755
-0.229597 -0.290107 -0.929044
-0.331207 -0.251100 -0.909533
-0.169182 -0.198555 -0.965377
-0.229597 -0.290107 -0.929044
-0.219869 -0.169086 -0.960764
-0.169182 -0.198555 -0.965377
-0.331207 -0.251100 -0.909533
-0.302126 -0.339319 -0.890832
-0.219869 -0.169086 -0.960764
-0.331207 -0.251100 -0.909533
-0.192739 -0.137950 -0.971505
-0.219869 -0.169086 -0.960764
-0.302126 -0.339319 -0.890832
-0.372602 -0.206423 -0.904742
-0.192739 -0.137950 -0.971505
-0.302126 -0.339319 -0.890832
-0.427058 -0.120211 -0.896198
-0.192739 -0.137950 -0.971505
-0.372602 -0.206423 -0.904742
-0.249289 -0.057673 -0.966710
-0.192739 -0.137950 -0.971505
-0.427058 -0.120211 -0.896198
-0.452802 -0.069427 -0.888904
-0.249289 -0.057673 -0.966710
-0.427058 -0.120211 -0.896198
-0.268843 0.022485 -0.962922
-0.249289 -0.057673 -0.966710
-0.452802 -0.069427 -0.888904
-0.434688 0.038101 -0.899775
-0.268843 0.022485 -0.962922
-0.452802 -0.069427 -0.888904
-0.258922 0.055682 -0.964292
-0.268843 0.022485 -0.962922
-0.434688 0.038101 -0.899775
-0.343331 0.114444 -0.932216
-0.258922 0.055682 -0.964292
-0.434688 0.038101 -0.899775
-0.213908 0.157260 -0.964112
-0.258922 0.055682 -0.964292
-0.343331 0.114444 -0.932216
-0.339025 0.225635 -0.913318
-0.213908 0.157260 -0.964112
-0.343331 0.114444 -0.932216
-0.331695 0.237803 -0.912923
-0.213908 0.157260 -0.964112
-0.339025 0.225635 -0.913318
-0.217963 0.159312 -0.962867
-0.213908 0.157260 -0.964112
-0.331695 0.237803 -0.912923
-0.272615 0.301846 -0.913548
-0.217963 0.159312 -0.962867
-0.331695 0.237803 -0.912923
-0.167178 0.192641 -0.966923
-0.217963 0.159312 -0.962867
-0.272615 0.301846 -0.913548
-0.159357 0.425429 -0.890851
-0.167178 0.192641 -0.966923
-0.272615 0.301846 -0.913548
-0.059580 0.266645 -0.961951
-0.167178 0.192641 -0.966923
-0.159357 0.425429 -0.890851
-0.085115 0.425528 -0.900933
-0.059580 0.266645 -0.961951
-0.159357 0.425429 -0.890851
-0.002933 0.368502 -0.929622
-0.059580 0.266645 -0.961951
-0.085115 0.425528 -0.900933
0.022483 0.282480 -0.959010
-0.059580 0.266645 -0.961951
-0.002933 0.368502 -0.929622
0.020530 0.122213 -0.992292
-0.059580 0.266645 -0.961951
0.022483 0.282480 -0.959010
-0.088883 0.114274 -0.989465
-0.059580 0.266645 -0.961951
0.020530 0.122213 -0.992292
-0.088883 0.114274 -0.989465
-0.167178 0.192641 -0.966923
-0.059580 0.266645 -0.961951
-0.128150 0.096846 -0.987015
-0.167178 0.192641 -0.966923
-0.088883 0.114274 -0.989465
-0.128150 0.096846 -0.987015
-0.217963 0.159312 -0.962867
-0.167178 0.192641 -0.966923
-0.128150 0.096846 -0.987015
-0.213908 0.157260 -0.964112
-0.217963 0.159312 -0.962867
-0.141859 0.040111 -0.989074
-0.213908 0.157260 -0.964112
-0.128150 0.096846 -0.987015
-0.141859 0.040111 -0.989074
-0.258922 0.055682 -0.964292
-0.213908 0.157260 -0.964112
-0.141859 0.040111 -0.989074
-0.268843 0.022485 -0.962922
-0.258922 0.055682 -0.964292
-0.137806 -0.067437 -0.988161
-0.268843 0.022485 -0.962922
-0.141859 0.040111 -0.989074
-0.137806 -0.067437 -0.988161
-0.249289 -0.057673 -0.966710
-0.268843 0.022485 -0.962922
-0.137806 -0.067437 -0.988161
-0.192739 -0.137950 -0.971505
-0.249289 -0.057673 -0.966710
-0.102592 -0.098682 -0.989817
-0.192739 -0.137950 -0.971505
-0.137806 -0.067437 -0.988161
-0.102592 -0.098682 -0.989817
-0.219869 -0.169086 -0.960764
-0.192739 -0.137950 -0.971505
-0.102592 -0.098682 -0.989817
-0.169182 -0.198555 -0.965377
-0.219869 -0.169086 -0.960764
-0.030327 -0.145745 -0.988857
-0.169182 -0.198555 -0.965377
-0.102592 -0.098682 -0.989817
-0.030327 -0.145745 -0.988857
-0.104594 -0.241469 -0.964755
-0.169182 -0.198555 -0.965377
-0.030327 -0.145745 -0.988857
-0.089037 -0.210380 -0.973557
-0.104594 -0.241469 -0.964755
-0.008798 -0.139785 -0.990143
-0.089037 -0.210380 -0.973557
-0.030327 -0.145745 -0.988857
-0.008798 -0.139785 -0.990143
0.026375 -0.208092 -0.977754
-0.089037 -0.210380 -0.973557
-0.008798 -0.139785 -0.990143
0.171065 -0.217962 -0.960848
0.026375 -0.208092 -0.977754
-0.008798 -0.139785 -0.990143
0.087023 -0.106573 -0.990489
0.171065 -0.217962 -0.960848
0.520406 0.420845 -0.743012
0.358958 0.237652 -0.902591
0.516688 0.454223 -0.725751
0.520406 0.420845 -0.743012
0.311849 0.129985 -0.941198
0.358958 0.237652 -0.902591
0.311849 0.129985 -0.941198
0.241520 0.133944 -0.961107
0.358958 0.237652 -0.902591
0.311849 0.129985 -0.941198
0.241567 0.047922 -0.969200
0.241520 0.133944 -0.961107
0.532810 0.243422 -0.810468
0.311849 0.129985 -0.941198
0.520406 0.420845 -0.743012
0.671873 0.022494 -0.740324
0.311849 0.129985 -0.941198
0.532810 0.243422 -0.810468
0.396161 0.116415 -0.910771
0.311849 0.129985 -0.941198
0.671873 0.022494 -0.740324
0.396161 0.116415 -0.910771
0.241567 0.047922 -0.969200
0.311849 0.129985 -0.941198
0.396161 0.116415 -0.910771
0.243570 0.032276 -0.969346
0.241567 0.047922 -0.969200
0.396161 0.116415 -0.910771
0.423154 0.000978 -0.906057
0.243570 0.032276 -0.969346
0.396161 0.116415 -0.910771
0.711319 -0.100776 -0.695607
0.423154 0.000978 -0.906057
0.396161 0.116415 -0.910771
0.671873 0.022494 -0.740324
0.711319 -0.100776 -0.695607
</float_array>
          <technique_common>
            <accessor source="#SM_Urchin_01_LOD0-Normal0-array" count="2925" stride="3">
              <param name="X" type="float"/>
              <param name="Y" type="float"/>
              <param name="Z" type="float"/>
            </accessor>
          </technique_common>
        </source>
        <source id="SM_Urchin_01_LOD0-UV0">
          <float_array id="SM_Urchin_01_LOD0-UV0-array" count="1036">
0.836914 0.837402
0.861328 0.676758
0.788574 0.681885
0.928223 0.707031
0.976563 0.763794
0.995117 0.836548
0.976563 0.911682
0.928223 0.968140
0.862793 0.997746
0.787598 0.992878
0.725586 0.952576
0.696289 0.913391
0.681641 0.862305
0.688477 0.787476
0.724609 0.723877
0.347900 0.644531
0.348877 0.642578
0.346924 0.643555
0.346436 0.645996
0.345215 0.645020
0.344971 0.647461
0.343506 0.646729
0.344238 0.649170
0.342529 0.648926
0.343994 0.651367
0.342041 0.651611
0.343262 0.656982
0.345215 0.656006
0.344727 0.659180
0.346436 0.657959
0.346680 0.660645
0.347900 0.659424
0.349365 0.663086
0.348145 0.664551
0.350830 0.664551
0.349854 0.666260
0.352051 0.667236
0.352539 0.665283
0.356445 0.667480
0.356445 0.665527
0.358643 0.666748
0.358154 0.664795
0.360596 0.666016
0.360107 0.664063
0.362061 0.663574
0.362793 0.665283
0.363770 0.662842
0.364746 0.664551
0.366211 0.662842
0.364746 0.661621
0.367432 0.658203
0.368896 0.659180
0.367920 0.656494
0.369629 0.656982
0.391113 0.667236
0.384277 0.675049
0.379883 0.678223
0.374512 0.680664
0.368896 0.682617
0.362793 0.683594
0.356689 0.684082
0.344238 0.682617
0.338867 0.680908
0.333740 0.678467
0.325195 0.671387
0.322021 0.666992
0.319580 0.662354
0.317871 0.651855
0.318359 0.646729
0.319580 0.641846
0.321777 0.636963
0.324707 0.632813
0.347656 0.641357
0.349365 0.641113
0.348389 0.639404
0.328613 0.628906
0.311035 0.627197
0.306885 0.632568
0.303711 0.638672
0.302246 0.645020
0.301270 0.651855
0.304199 0.665527
0.307129 0.671631
0.311523 0.677246
0.323486 0.685791
0.330566 0.688232
0.338623 0.690674
0.356689 0.692383
0.365723 0.692139
0.374268 0.690674
0.382324 0.688477
0.389893 0.685547
0.395752 0.681885
0.406006 0.671875
0.393555 0.662354
0.395264 0.652100
0.369141 0.652344
0.367432 0.652344
0.367920 0.650146
0.369629 0.649902
0.368164 0.647949
0.370117 0.647461
0.367920 0.645752
0.369385 0.645020
0.366455 0.641113
0.365234 0.642578
0.364502 0.639648
0.363525 0.641357
0.362305 0.638916
0.361572 0.640625
0.358398 0.637207
0.357910 0.639160
0.354248 0.637451
0.354492 0.639160
0.352051 0.638184
0.352539 0.639893
0.344238 0.621582
0.350098 0.620605
0.362549 0.620605
0.374268 0.623535
0.379639 0.625977
0.384277 0.629150
0.391113 0.637207
0.393311 0.641846
0.394775 0.646973
0.411621 0.652100
0.409180 0.665527
0.420166 0.676758
0.407715 0.688965
0.399902 0.693604
0.390137 0.697021
0.379639 0.699463
0.368408 0.701172
0.356689 0.701660
0.333252 0.699707
0.322998 0.697021
0.313721 0.693848
0.298584 0.683594
0.292969 0.676758
0.289307 0.668945
0.285889 0.651855
0.286865 0.643555
0.288818 0.635254
0.292725 0.627686
0.298096 0.621094
0.281250 0.622070
0.276611 0.631348
0.274170 0.641357
0.272949 0.652100
0.276611 0.673340
0.281250 0.682617
0.287109 0.690918
0.305176 0.703125
0.316162 0.707520
0.328857 0.710693
0.356934 0.713135
0.370850 0.712158
0.384521 0.710449
0.396729 0.707275
0.408203 0.703125
0.417725 0.697510
0.432129 0.682617
0.436523 0.673096
0.423828 0.668945
0.426758 0.652100
0.439697 0.652100
0.447021 0.677734
0.442139 0.688965
0.425781 0.706543
0.415771 0.713623
0.402832 0.718506
0.388672 0.722168
0.372559 0.724121
0.356689 0.725098
0.324463 0.721924
0.310547 0.718018
0.297852 0.713623
0.277832 0.698975
0.271484 0.688965
0.266357 0.677734
0.262695 0.651855
0.263916 0.639160
0.266357 0.626953
0.270996 0.615723
0.261719 0.624512
0.259033 0.637939
0.257813 0.651855
0.261475 0.680420
0.266846 0.692383
0.273926 0.703125
0.294434 0.719238
0.307861 0.724365
0.322754 0.728027
0.356689 0.731934
0.373535 0.730713
0.390381 0.728271
0.405518 0.724854
0.418701 0.719238
0.429688 0.711914
0.446533 0.692383
0.451904 0.680176
0.460693 0.685059
0.455078 0.699951
0.436279 0.723145
0.424561 0.731201
0.409424 0.738281
0.393799 0.744141
0.375000 0.746094
0.356445 0.746826
0.319336 0.743408
0.303467 0.738037
0.289551 0.731934
0.266113 0.713867
0.258301 0.699951
0.252686 0.685059
0.248047 0.651611
0.249756 0.635498
0.252930 0.620361
0.258301 0.605469
0.266357 0.612305
0.273438 0.601807
0.265137 0.591797
0.276123 0.580811
0.261719 0.587158
0.253418 0.601074
0.247681 0.616943
0.244019 0.634277
0.243042 0.651855
0.247803 0.687744
0.253662 0.703857
0.262695 0.718506
0.286133 0.739990
0.301270 0.747314
0.318115 0.751831
0.356201 0.755981
0.375488 0.755127
0.394775 0.751709
0.411621 0.747070
0.426758 0.739990
0.439941 0.730225
0.459473 0.704102
0.465576 0.687744
0.469238 0.711426
0.446777 0.742188
0.432129 0.754150
0.415283 0.763428
0.396973 0.769531
0.376709 0.773560
0.356201 0.773315
0.315186 0.769287
0.297852 0.763062
0.281006 0.754272
0.254150 0.728516
0.243896 0.711182
0.237549 0.692139
0.230957 0.651367
0.232544 0.632324
0.236816 0.612549
0.243896 0.593750
0.253418 0.577148
0.266113 0.562012
0.272949 0.574463
0.288574 0.572021
0.286133 0.564697
0.281250 0.551025
0.316895 0.535156
0.319092 0.552734
0.320557 0.561279
0.337402 0.549805
0.335938 0.531982
0.335449 0.523193
0.315186 0.525879
0.277832 0.543457
0.262207 0.556396
0.248657 0.572754
0.238281 0.591064
0.230469 0.610596
0.225952 0.631104
0.223511 0.651855
0.230347 0.694336
0.238037 0.714355
0.249268 0.732910
0.277832 0.760986
0.295410 0.770630
0.313965 0.778442
0.356201 0.783447
0.377441 0.782349
0.398438 0.778076
0.417725 0.770630
0.435059 0.760864
0.450439 0.747803
0.475098 0.714355
0.482666 0.694580
0.475586 0.692383
0.482178 0.651855
0.489014 0.651855
0.480713 0.631836
0.469971 0.651855
0.465332 0.651611
0.455078 0.652100
0.450439 0.652100
0.438721 0.641602
0.426025 0.643555
0.410889 0.645264
0.409180 0.638672
0.423828 0.635254
0.436279 0.631104
0.446777 0.626709
0.449463 0.639160
0.454346 0.637939
0.451416 0.624512
0.446533 0.612549
0.441895 0.616211
0.432129 0.622070
0.420166 0.627930
0.406006 0.633057
0.396484 0.622803
0.389648 0.618896
0.382080 0.615723
0.365234 0.612305
0.347900 0.612305
0.339111 0.613525
0.344727 0.603271
0.367920 0.603271
0.389893 0.607178
0.399414 0.610840
0.407959 0.615234
0.417969 0.606689
0.408203 0.601074
0.396729 0.596924
0.370361 0.592529
0.342285 0.592285
0.333740 0.604492
0.322998 0.618652
0.333008 0.625732
0.316406 0.622559
0.304932 0.615234
0.313477 0.610596
0.328613 0.593506
0.325195 0.582275
0.340576 0.580811
0.372314 0.580322
0.402588 0.586182
0.415527 0.590820
0.426514 0.597412
0.430176 0.592529
0.418945 0.584717
0.405273 0.579834
0.373047 0.573975
0.339600 0.574219
0.323486 0.576172
0.297363 0.590820
0.304443 0.601074
0.294922 0.606934
0.286621 0.597656
0.282715 0.592529
0.293945 0.584717
0.277344 0.605957
0.286865 0.613770
0.338135 0.559814
0.374756 0.559570
0.409424 0.565674
0.424316 0.572021
0.437012 0.581055
0.454590 0.605469
0.459717 0.619385
0.463379 0.635498
0.468994 0.634033
0.465332 0.616943
0.459473 0.600830
0.440186 0.574463
0.427002 0.564697
0.411621 0.557373
0.375488 0.549561
0.377197 0.531494
0.377441 0.522949
0.417725 0.533203
0.415771 0.541016
0.431885 0.551270
0.447021 0.562012
0.468750 0.593506
0.476318 0.612061
0.482666 0.610107
0.487061 0.630615
0.501465 0.628662
0.502930 0.651611
0.497559 0.698975
0.487793 0.720215
0.459473 0.757324
0.442627 0.772339
0.423096 0.784912
0.402100 0.793457
0.378906 0.798462
0.356201 0.801147
0.310547 0.792725
0.290283 0.783813
0.270752 0.772705
0.237793 0.740723
0.225342 0.719971
0.215576 0.698730
0.210205 0.651611
0.212646 0.629150
0.217163 0.606689
0.225342 0.584717
0.237183 0.564941
0.252686 0.546387
0.269531 0.530518
0.312256 0.511230
0.334229 0.507568
0.379395 0.506104
0.423340 0.519775
0.435303 0.543457
0.450928 0.556396
0.474609 0.590576
0.495850 0.605957
0.534180 0.623291
0.536133 0.651367
0.529297 0.708252
0.518066 0.734375
0.484375 0.780762
0.462646 0.798828
0.438721 0.812378
0.412598 0.822754
0.384277 0.829224
0.356689 0.831909
0.300293 0.823486
0.274170 0.812744
0.250244 0.798340
0.211182 0.758911
0.195557 0.734375
0.184204 0.708496
0.175659 0.651855
0.178101 0.623779
0.184692 0.596191
0.195435 0.571045
0.210083 0.546875
0.228760 0.524170
0.249756 0.505371
0.301270 0.480957
0.328857 0.475098
0.383789 0.475586
0.438232 0.491699
0.443604 0.530762
0.460449 0.546387
0.486816 0.584961
0.518555 0.570313
0.484619 0.523926
0.463135 0.505127
0.476074 0.488281
0.500488 0.508789
0.538086 0.560547
0.586914 0.513184
0.548340 0.463867
0.496826 0.426270
0.562500 0.373047
0.668457 0.498047
0.613770 0.569580
0.550293 0.590332
0.528809 0.596436
0.557617 0.620361
0.623535 0.631104
0.704590 0.652344
0.617188 0.713379
0.668457 0.809204
0.586426 0.791138
0.604004 0.900330
0.548340 0.840942
0.497803 0.878418
0.514160 0.958649
0.440186 0.903748
0.357422 0.995682
0.377930 0.913147
0.388184 0.849976
0.420410 0.843018
0.449219 0.832764
0.475586 0.816284
0.500000 0.795532
0.538086 0.744141
0.356689 0.852295
0.293945 0.842651
0.264404 0.831299
0.236694 0.815063
0.193115 0.772095
0.175659 0.744141
0.163330 0.714844
0.154419 0.651855
0.156494 0.620361
0.163696 0.589355
0.174438 0.560303
0.191162 0.534424
0.212524 0.509277
0.236694 0.488770
0.294678 0.461426
0.325439 0.454590
0.387939 0.453613
0.448242 0.472656
0.377441 0.390137
0.314453 0.391602
0.253906 0.407715
0.197510 0.437500
0.151489 0.480469
0.116028 0.531494
0.095398 0.590332
0.088196 0.651855
0.096497 0.713623
0.117065 0.772705
0.152344 0.824341
0.197876 0.867554
0.253906 0.895996
0.197998 0.957794
0.074341 0.855835
0.011246 0.705811
0.026459 0.544678
0.118835 0.398926
0.249268 0.325684
0.411377 0.314453
0.550293 0.714600
0.558594 0.650879
</float_array>
          <technique_common>
            <accessor source="#SM_Urchin_01_LOD0-UV0-array" count="518" stride="2">
              <param name="S" type="float"/>
              <param name="T" type="float"/>
            </accessor>
          </technique_common>
        </source>
        <vertices id="SM_Urchin_01_LOD0-VERTEX">
          <input semantic="POSITION" source="#SM_Urchin_01_LOD0-POSITION"/>
        </vertices>
        <triangles count="975" material="MAT_Urchin">
          <input semantic="VERTEX" offset="0" source="#SM_Urchin_01_LOD0-VERTEX"/>
          <input semantic="NORMAL" offset="1" source="#SM_Urchin_01_LOD0-Normal0"/>
          <input semantic="TEXCOORD" offset="2" set="0" source="#SM_Urchin_01_LOD0-UV0"/>
          <p> 497 0 2 495 1 1 0 2 0 494 3 3 0 4 0 495 5 1 493 6 4 0 7 0 494 8 3 1 9 5 0 10 0 493 11 4 492 12 6 0 13 0 1 14 5 489 15 7 0 16 0 492 17 6 2 18 8 0 19 0 489 20 7 442 21 9 0 22 0 2 23 8 3 24 10 0 25 0 442 26 9 4 27 11 0 28 0 3 29 10 440 30 12 0 31 0 4 32 11 5 33 13 0 34 0 440 35 12 433 36 14 0 37 0 5 38 13 0 39 0 433 40 14 497 41 2 51 42 17 52 43 16 6 44 15 7 45 18 51 46 17 6 47 15 8 48 19 51 49 17 7 50 18 9 51 20 8 52 19 7 53 18 49 54 21 8 55 19 9 56 20 10 57 22 49 58 21 9 59 20 46 60 23 49 61 21 10 62 22 11 63 24 46 64 23 10 65 22 45 66 25 46 67 23 11 68 24 12 69 26 45 70 25 11 71 24 13 72 27 12 73 26 11 74 24 14 75 28 12 76 26 13 77 27 15 78 29 14 79 28 13 80 27 43 81 30 14 82 28 15 83 29 16 84 31 43 85 30 15 86 29 17 87 32 43 88 30 16 89 31 18 90 33 43 91 30 17 92 32 20 93 34 18 94 33 17 95 32 41 96 35 18 97 33 20 98 34 19 99 36 41 100 35 20 101 34 21 102 37 19 103 36 20 104 34 22 105 38 19 106 36 21 107 37 23 108 39 22 109 38 21 110 37 38 111 40 22 112 38 23 113 39 24 114 41 38 115 40 23 116 39 25 117 42 38 118 40 24 119 41 26 120 43 25 121 42 24 122 41 27 123 44 25 124 42 26 125 43 28 126 45 25 127 42 27 128 44 29 129 46 28 130 45 27 131 44 30 132 47 28 133 45 29 134 46 35 135 48 30 136 47 29 137 46 31 138 49 35 139 48 29 140 46 32 141 50 35 142 48 31 143 49 33 144 51 35 145 48 32 146 50 74 147 52 33 148 51 32 149 50 74 150 52 73 151 53 33 152 51 73 153 53 34 154 54 33 155 51 34 156 54 35 157 48 33 158 51 34 159 54 70 160 55 35 161 48 70 162 55 36 163 56 35 164 48 36 165 56 30 166 47 35 167 48 36 168 56 37 169 57 30 170 47 37 171 57 28 172 45 30 173 47 37 174 57 67 175 58 28 176 45 67 177 58 25 178 42 28 179 45 67 180 58 38 181 40 25 182 42 67 183 58 65 184 59 38 185 40 65 186 59 22 187 38 38 188 40 65 189 59 39 190 60 22 191 38 39 192 60 62 193 61 22 194 38 62 195 61 19 196 36 22 197 38 62 198 61 41 199 35 19 200 36 62 201 61 40 202 62 41 203 35 40 204 62 42 205 63 41 206 35 42 207 63 18 208 33 41 209 35 42 210 63 44 211 64 18 212 33 44 213 64 43 214 30 18 215 33 44 216 64 14 217 28 43 218 30 44 219 64 60 220 65 14 221 28 60 222 65 12 223 26 14 224 28 60 225 65 59 226 66 12 227 26 59 228 66 45 229 25 12 230 26 59 231 66 47 232 67 45 233 25 47 234 67 46 235 23 45 236 25 47 237 67 57 238 68 46 239 23 57 240 68 48 241 69 46 242 23 48 243 69 49 244 21 46 245 23 48 246 69 55 247 70 49 248 21 55 249 70 8 250 19 49 251 21 55 252 70 54 253 71 8 254 19 54 255 71 51 256 17 8 257 19 54 258 71 50 259 72 51 260 17 50 261 72 52 262 16 51 263 17 50 264 72 91 265 73 52 266 16 93 267 74 91 268 73 50 269 72 53 270 75 93 271 74 50 272 72 54 273 71 53 274 75 50 275 72 123 276 76 53 277 75 54 278 71 55 279 70 123 280 76 54 281 71 56 282 77 123 283 76 55 284 70 122 285 78 56 286 77 55 287 70 48 288 69 122 289 78 55 290 70 121 291 79 122 292 78 48 293 69 57 294 68 121 295 79 48 296 69 47 297 67 121 298 79 57 299 68 119 300 80 121 301 79 47 302 67 59 303 66 119 304 80 47 305 67 117 306 81 119 307 80 59 308 66 58 309 82 117 310 81 59 311 66 60 312 65 58 313 82 59 314 66 114 315 83 58 316 82 60 317 65 44 318 64 114 319 83 60 320 65 42 321 63 114 322 83 44 323 64 61 324 84 114 325 83 42 326 63 63 327 85 61 328 84 42 329 63 40 330 62 63 331 85 42 332 63 62 333 61 63 334 85 40 335 62 111 336 86 63 337 85 62 338 61 39 339 60 111 340 86 62 341 61 64 342 87 111 343 86 39 344 60 66 345 88 64 346 87 39 347 60 65 348 59 66 349 88 39 350 60 107 351 89 66 352 88 65 353 59 67 354 58 107 355 89 65 356 59 37 357 57 107 358 89 67 359 58 68 360 90 107 361 89 37 362 57 105 363 91 68 364 90 37 365 57 36 366 56 105 367 91 37 368 57 69 369 92 105 370 91 36 371 56 70 372 55 69 373 92 36 374 56 71 375 93 69 376 92 70 377 55 34 378 54 71 379 93 70 380 55 72 381 94 71 382 93 34 383 54 73 384 53 72 385 94 34 386 54 100 387 95 72 388 94 73 389 53 76 390 96 100 391 95 73 392 53 74 393 52 76 394 96 73 395 53 75 396 97 76 397 96 74 398 52 77 399 98 76 400 96 75 401 97 77 402 98 79 403 99 76 404 96 79 405 99 100 406 95 76 407 96 78 408 100 79 409 99 77 410 98 80 411 101 79 412 99 78 413 100 81 414 102 80 415 101 78 416 100 97 417 103 80 418 101 81 419 102 82 420 104 97 421 103 81 422 102 83 423 105 82 424 104 81 425 102 96 426 106 82 427 104 83 428 105 84 429 107 96 430 106 83 431 105 85 432 108 96 433 106 84 434 107 87 435 109 85 436 108 84 437 107 86 438 110 85 439 108 87 440 109 88 441 111 86 442 110 87 443 109 95 444 112 86 445 110 88 446 111 89 447 113 95 448 112 88 449 111 92 450 114 95 451 112 89 452 113 90 453 115 92 454 114 89 455 113 91 456 73 92 457 114 90 458 115 93 459 74 92 460 114 91 461 73 93 462 74 94 463 116 92 464 114 94 465 116 95 466 112 92 467 114 94 468 116 291 469 117 95 470 112 291 471 117 290 472 118 95 473 112 290 474 118 86 475 110 95 476 112 290 477 118 85 478 108 86 479 110 290 480 118 287 481 119 85 482 108 287 483 119 96 484 106 85 485 108 286 486 120 96 487 106 287 488 119 286 489 120 99 490 121 96 491 106 99 492 121 82 493 104 96 494 106 99 495 121 97 496 103 82 497 104 99 498 121 98 499 122 97 500 103 98 501 122 282 502 123 97 503 103 282 504 123 80 505 101 97 506 103 282 507 123 281 508 124 80 509 101 281 510 124 79 511 99 80 512 101 281 513 124 100 514 95 79 515 99 281 516 124 266 517 125 100 518 95 266 519 125 72 520 94 100 521 95 266 522 125 101 523 126 72 524 94 101 525 126 71 526 93 72 527 94 101 528 126 103 529 127 71 530 93 103 531 127 102 532 128 71 533 93 102 534 128 69 535 92 71 536 93 102 537 128 105 538 91 69 539 92 104 540 129 105 541 91 102 542 128 104 543 129 106 544 130 105 545 91 106 546 130 68 547 90 105 548 91 106 549 130 107 550 89 68 551 90 108 552 131 107 553 89 106 554 130 108 555 131 109 556 132 107 557 89 109 558 132 66 559 88 107 560 89 109 561 132 64 562 87 66 563 88 109 564 132 135 565 133 64 566 87 135 567 133 110 568 134 64 569 87 110 570 134 111 571 86 64 572 87 110 573 134 112 574 135 111 575 86 112 576 135 63 577 85 111 578 86 112 579 135 61 580 84 63 581 85 112 582 135 113 583 136 61 584 84 113 585 136 114 586 83 61 587 84 113 588 136 115 589 137 114 590 83 115 591 137 116 592 138 114 593 83 116 594 138 58 595 82 114 596 83 116 597 138 117 598 81 58 599 82 116 600 138 118 601 139 117 602 81 118 603 139 128 604 140 117 605 81 128 606 140 119 607 80 117 608 81 128 609 140 120 610 141 119 611 80 120 612 141 121 613 79 119 614 80 120 615 141 122 616 78 121 617 79 127 618 142 122 619 78 120 620 141 127 621 142 124 622 143 122 623 78 124 624 143 56 625 77 122 626 78 124 627 143 123 628 76 56 629 77 125 630 144 123 631 76 124 632 143 126 633 145 125 634 144 124 635 143 127 636 142 126 637 145 124 638 143 156 639 146 126 640 145 127 641 142 129 642 147 156 643 146 127 644 142 120 645 141 129 646 147 127 647 142 128 648 140 129 649 147 120 650 141 130 651 148 129 652 147 128 653 140 118 654 139 130 655 148 128 656 140 155 657 149 130 658 148 118 659 139 116 660 138 155 661 149 118 662 139 154 663 150 155 664 149 116 665 138 115 666 137 154 667 150 116 668 138 131 669 151 154 670 150 115 671 137 132 672 152 131 673 151 115 674 137 113 675 136 132 676 152 115 677 137 133 678 153 132 679 152 113 680 136 112 681 135 133 682 153 113 683 136 110 684 134 133 685 153 112 686 135 134 687 154 133 688 153 110 689 134 135 690 133 134 691 154 110 692 134 136 693 155 134 694 154 135 695 133 109 696 132 136 697 155 135 698 133 149 699 156 136 700 155 109 701 132 108 702 131 149 703 156 109 704 132 147 705 157 149 706 156 108 707 131 137 708 158 147 709 157 108 710 131 106 711 130 137 712 158 108 713 131 104 714 129 137 715 158 106 716 130 138 717 159 137 718 158 104 719 129 139 720 160 138 721 159 104 722 129 102 723 128 139 724 160 104 725 129 103 726 127 139 727 160 102 728 128 144 729 161 139 730 160 103 731 127 140 732 162 144 733 161 103 734 127 141 735 163 140 736 162 103 737 127 101 738 126 141 739 163 103 740 127 142 741 164 141 742 163 101 743 126 142 744 164 140 745 162 141 746 163 142 747 164 143 748 165 140 749 162 143 750 165 265 751 166 140 752 162 265 753 166 144 754 161 140 755 162 265 756 166 169 757 167 144 758 161 169 759 167 139 760 160 144 761 161 169 762 167 167 763 168 139 764 160 167 765 168 145 766 169 139 767 160 145 768 169 138 769 159 139 770 160 145 771 169 137 772 158 138 773 159 145 774 169 146 775 170 137 776 158 146 777 170 148 778 171 137 779 158 148 780 171 147 781 157 137 782 158 148 783 171 149 784 156 147 785 157 148 786 171 165 787 172 149 788 156 165 789 172 150 790 173 149 791 156 150 792 173 136 793 155 149 794 156 150 795 173 134 796 154 136 797 155 150 798 173 151 799 174 134 800 154 151 801 174 133 802 153 134 803 154 151 804 174 163 805 175 133 806 153 163 807 175 162 808 176 133 809 153 162 810 176 132 811 152 133 812 153 162 813 176 152 814 177 132 815 152 152 816 177 131 817 151 132 818 152 152 819 177 154 820 150 131 821 151 152 822 177 153 823 178 154 824 150 153 825 178 160 826 179 154 827 150 160 828 179 155 829 149 154 830 150 160 831 179 130 832 148 155 833 149 160 834 179 159 835 180 130 836 148 159 837 180 129 838 147 130 839 148 159 840 180 158 841 181 129 842 147 158 843 181 157 844 182 129 845 147 157 846 182 156 847 146 129 848 147 157 849 182 126 850 145 156 851 146 329 852 183 126 853 145 157 854 182 190 855 184 329 856 183 157 857 182 188 858 185 190 859 184 157 860 182 158 861 181 188 862 185 157 863 182 159 864 180 188 865 185 158 866 181 186 867 186 188 868 185 159 869 180 160 870 179 186 871 186 159 872 180 185 873 187 186 874 186 160 875 179 161 876 188 185 877 187 160 878 179 153 879 178 161 880 188 160 881 179 152 882 177 161 883 188 153 884 178 184 885 189 161 886 188 152 887 177 162 888 176 184 889 189 152 890 177 182 891 190 184 892 189 162 893 176 179 894 191 182 895 190 162 896 176 163 897 175 179 898 191 162 899 176 151 900 174 179 901 191 163 902 175 178 903 192 179 904 191 151 905 174 150 906 173 178 907 192 151 908 174 164 909 193 178 910 192 150 911 173 176 912 194 164 913 193 150 914 173 165 915 172 176 916 194 150 917 173 148 918 171 176 919 194 165 920 172 174 921 195 176 922 194 148 923 171 146 924 170 174 925 195 148 926 171 166 927 196 174 928 195 146 929 170 173 930 197 166 931 196 146 932 170 145 933 169 173 934 197 146 935 170 168 936 198 173 937 197 145 938 169 167 939 168 168 940 198 145 941 169 169 942 167 168 943 198 167 944 168 170 945 199 168 946 198 169 947 167 265 948 166 170 949 199 169 950 167 170 951 199 265 952 166 264 953 200 262 954 201 170 955 199 264 956 200 262 957 201 171 958 202 170 959 199 171 960 202 168 961 198 170 962 199 171 963 202 172 964 203 168 965 198 172 966 203 209 967 204 168 968 198 209 969 204 173 970 197 168 971 198 209 972 204 206 973 205 173 974 197 206 975 205 166 976 196 173 977 197 206 978 205 174 979 195 166 980 196 206 981 205 205 982 206 174 983 195 205 984 206 175 985 207 174 986 195 175 987 207 176 988 194 174 989 195 175 990 207 177 991 208 176 992 194 177 993 208 164 994 193 176 995 194 177 996 208 178 997 192 164 998 193 177 999 208 180 1000 209 178 1001 192 180 1002 209 179 1003 191 178 1004 192 180 1005 209 202 1006 210 179 1007 191 202 1008 210 181 1009 211 179 1010 191 181 1011 211 182 1012 190 179 1013 191 181 1014 211 184 1015 189 182 1016 190 181 1017 211 200 1018 212 184 1019 189 200 1020 212 183 1021 213 184 1022 189 183 1023 213 161 1024 188 184 1025 189 183 1026 213 187 1027 214 161 1028 188 187 1029 214 185 1030 187 161 1031 188 187 1032 214 186 1033 186 185 1034 187 187 1035 214 197 1036 215 186 1037 186 197 1038 215 188 1039 185 186 1040 186 197 1041 215 195 1042 216 188 1043 185 195 1044 216 189 1045 217 188 1046 185 189 1047 217 190 1048 184 188 1049 185 189 1050 217 194 1051 218 190 1052 184 194 1053 218 191 1054 219 190 1055 184 191 1056 219 329 1057 183 190 1058 184 192 1059 220 329 1060 183 191 1061 219 194 1062 218 192 1063 220 191 1064 219 192 1065 220 194 1066 218 193 1067 221 327 1068 222 192 1069 220 193 1070 221 232 1071 223 327 1072 222 193 1073 221 194 1074 218 232 1075 223 193 1076 221 231 1077 224 232 1078 223 194 1079 218 230 1080 225 231 1081 224 194 1082 218 189 1083 217 230 1084 225 194 1085 218 196 1086 226 230 1087 225 189 1088 217 195 1089 216 196 1090 226 189 1091 217 197 1092 215 196 1093 226 195 1094 216 198 1095 227 196 1096 226 197 1097 215 187 1098 214 198 1099 227 197 1100 215 199 1101 228 198 1102 227 187 1103 214 225 1104 229 199 1105 228 187 1106 214 183 1107 213 225 1108 229 187 1109 214 224 1110 230 225 1111 229 183 1112 213 200 1113 212 224 1114 230 183 1115 213 201 1116 231 224 1117 230 200 1118 212 181 1119 211 201 1120 231 200 1121 212 221 1122 232 201 1123 231 181 1124 211 202 1125 210 221 1126 232 181 1127 211 180 1128 209 221 1129 232 202 1130 210 203 1131 233 221 1132 232 180 1133 209 177 1134 208 203 1135 233 180 1136 209 204 1137 234 203 1138 233 177 1139 208 219 1140 235 204 1141 234 177 1142 208 175 1143 207 219 1144 235 177 1145 208 216 1146 236 219 1147 235 175 1148 207 205 1149 206 216 1150 236 175 1151 207 206 1152 205 216 1153 236 205 1154 206 207 1155 237 216 1156 236 206 1157 205 208 1158 238 207 1159 237 206 1160 205 209 1161 204 208 1162 238 206 1163 205 210 1164 239 208 1165 238 209 1166 204 172 1167 203 210 1168 239 209 1169 204 171 1170 202 210 1171 239 172 1172 203 212 1173 240 210 1174 239 171 1175 202 262 1176 201 212 1177 240 171 1178 202 262 1179 201 211 1180 241 212 1181 240 211 1182 241 257 1183 242 212 1184 240 257 1185 242 210 1186 239 212 1187 240 257 1188 242 213 1189 243 210 1190 239 213 1191 243 214 1192 244 210 1193 239 214 1194 244 208 1195 238 210 1196 239 214 1197 244 215 1198 245 208 1199 238 215 1200 245 207 1201 237 208 1202 238 215 1203 245 216 1204 236 207 1205 237 215 1206 245 218 1207 246 216 1208 236 218 1209 246 217 1210 247 216 1211 236 217 1212 247 219 1213 235 216 1214 236 217 1215 247 204 1216 234 219 1217 235 217 1218 247 220 1219 248 204 1220 234 220 1221 248 252 1222 249 204 1223 234 252 1224 249 203 1225 233 204 1226 234 252 1227 249 251 1228 250 203 1229 233 251 1230 250 221 1231 232 203 1232 233 251 1233 250 222 1234 251 221 1235 232 222 1236 251 201 1237 231 221 1238 232 222 1239 251 224 1240 230 201 1241 231 222 1242 251 223 1243 252 224 1244 230 223 1245 252 226 1246 253 224 1247 230 226 1248 253 225 1249 229 224 1250 230 226 1251 253 199 1252 228 225 1253 229 226 1254 253 227 1255 254 199 1256 228 227 1257 254 228 1258 255 199 1259 228 228 1260 255 198 1261 227 199 1262 228 228 1263 255 229 1264 256 198 1265 227 229 1266 256 196 1267 226 198 1268 227 229 1269 256 248 1270 257 196 1271 226 248 1272 257 230 1273 225 196 1274 226 248 1275 257 233 1276 258 230 1277 225 233 1278 258 231 1279 224 230 1280 225 233 1281 258 232 1282 223 231 1283 224 232 1284 223 233 1285 258 234 1286 259 245 1287 260 232 1288 223 234 1289 259 245 1290 260 235 1291 261 232 1292 223 235 1293 261 327 1294 222 232 1295 223 235 1296 261 237 1297 262 327 1298 222 236 1299 263 237 1300 262 235 1301 261 245 1302 260 236 1303 263 235 1304 261 245 1305 260 243 1306 264 236 1307 263 242 1308 265 236 1309 263 243 1310 264 242 1311 265 239 1312 266 236 1313 263 239 1314 266 237 1315 262 236 1316 263 238 1317 267 237 1318 262 239 1319 266 333 1320 268 238 1321 267 239 1322 266 240 1323 269 333 1324 268 239 1325 266 242 1326 265 240 1327 269 239 1328 266 242 1329 265 241 1330 270 240 1331 269 385 1332 271 241 1333 270 242 1334 265 384 1335 272 385 1336 271 242 1337 265 243 1338 264 384 1339 272 242 1340 265 245 1341 260 384 1342 272 243 1343 264 244 1344 273 384 1345 272 245 1346 260 246 1347 274 244 1348 273 245 1349 260 234 1350 259 246 1351 274 245 1352 260 233 1353 258 246 1354 274 234 1355 259 380 1356 275 246 1357 274 233 1358 258 247 1359 276 380 1360 275 233 1361 258 248 1362 257 247 1363 276 233 1364 258 379 1365 277 247 1366 276 248 1367 257 229 1368 256 379 1369 277 248 1370 257 228 1371 255 379 1372 277 229 1373 256 376 1374 278 379 1375 277 228 1376 255 249 1377 279 376 1378 278 228 1379 255 227 1380 254 249 1381 279 228 1382 255 226 1383 253 249 1384 279 227 1385 254 375 1386 280 249 1387 279 226 1388 253 250 1389 281 375 1390 280 226 1391 253 223 1392 252 250 1393 281 226 1394 253 222 1395 251 250 1396 281 223 1397 252 373 1398 282 250 1399 281 222 1400 251 372 1401 283 373 1402 282 222 1403 251 251 1404 250 372 1405 283 222 1406 251 252 1407 249 372 1408 283 251 1409 250 370 1410 284 372 1411 283 252 1412 249 253 1413 285 370 1414 284 252 1415 249 220 1416 248 253 1417 285 252 1418 249 217 1419 247 253 1420 285 220 1421 248 369 1422 286 253 1423 285 217 1424 247 254 1425 287 369 1426 286 217 1427 247 218 1428 246 254 1429 287 217 1430 247 215 1431 245 254 1432 287 218 1433 246 365 1434 288 254 1435 287 215 1436 245 364 1437 289 365 1438 288 215 1439 245 214 1440 244 364 1441 289 215 1442 245 255 1443 290 364 1444 289 214 1445 244 213 1446 243 255 1447 290 214 1448 244 257 1449 242 255 1450 290 213 1451 243 255 1452 290 257 1453 242 256 1454 291 257 1455 242 258 1456 292 256 1457 291 259 1458 293 258 1459 292 257 1460 242 211 1461 241 259 1462 293 257 1463 242 211 1464 241 260 1465 294 259 1466 293 260 1467 294 258 1468 292 259 1469 293 361 1470 295 258 1471 292 260 1472 294 340 1473 296 361 1474 295 260 1475 294 261 1476 297 340 1477 296 260 1478 294 211 1479 241 261 1480 297 260 1481 294 262 1482 201 261 1483 297 211 1484 241 263 1485 298 261 1486 297 262 1487 201 272 1488 299 263 1489 298 262 1490 201 264 1491 200 272 1492 299 262 1493 201 265 1494 166 272 1495 299 264 1496 200 271 1497 300 272 1498 299 265 1499 166 143 1500 165 271 1501 300 265 1502 166 269 1503 301 271 1504 300 143 1505 165 142 1506 164 269 1507 301 143 1508 165 268 1509 302 269 1510 301 142 1511 164 266 1512 125 268 1513 302 142 1514 164 266 1515 125 142 1516 164 101 1517 126 267 1518 303 268 1519 302 266 1520 125 281 1521 124 267 1522 303 266 1523 125 281 1524 124 280 1525 304 267 1526 303 280 1527 304 268 1528 302 267 1529 303 280 1530 304 279 1531 305 268 1532 302 279 1533 305 269 1534 301 268 1535 302 269 1536 301 279 1537 305 278 1538 306 276 1539 307 269 1540 301 278 1541 306 276 1542 307 270 1543 308 269 1544 301 270 1545 308 271 1546 300 269 1547 301 270 1548 308 272 1549 299 271 1550 300 273 1551 309 272 1552 299 270 1553 308 274 1554 310 273 1555 309 270 1556 308 276 1557 307 274 1558 310 270 1559 308 275 1560 311 274 1561 310 276 1562 307 277 1563 312 275 1564 311 276 1565 307 312 1566 313 277 1567 312 276 1568 307 278 1569 306 312 1570 313 276 1571 307 279 1572 305 312 1573 313 278 1574 306 298 1575 314 312 1576 313 279 1577 305 280 1578 304 298 1579 314 279 1580 305 283 1581 315 298 1582 314 280 1583 304 282 1584 123 283 1585 315 280 1586 304 281 1587 124 282 1588 123 280 1589 304 98 1590 122 283 1591 315 282 1592 123 284 1593 316 283 1594 315 98 1595 122 284 1596 316 298 1597 314 283 1598 315 99 1599 121 284 1600 316 98 1601 122 286 1602 120 284 1603 316 99 1604 121 285 1605 317 284 1606 316 286 1607 120 296 1608 318 285 1609 317 286 1610 120 287 1611 119 296 1612 318 286 1613 120 290 1614 118 296 1615 318 287 1616 119 288 1617 319 296 1618 318 290 1619 118 289 1620 320 288 1621 319 290 1622 118 291 1623 117 289 1624 320 290 1625 118 94 1626 116 289 1627 320 291 1628 117 94 1629 116 292 1630 321 289 1631 320 292 1632 321 293 1633 322 289 1634 320 293 1635 322 288 1636 319 289 1637 320 293 1638 322 295 1639 323 288 1640 319 295 1641 323 296 1642 318 288 1643 319 295 1644 323 294 1645 324 296 1646 318 294 1647 324 285 1648 317 296 1649 318 294 1650 324 299 1651 325 285 1652 317 299 1653 325 297 1654 326 285 1655 317 297 1656 326 284 1657 316 285 1658 317 297 1659 326 298 1660 314 284 1661 316 297 1662 326 312 1663 313 298 1664 314 311 1665 327 312 1666 313 297 1667 326 310 1668 328 311 1669 327 297 1670 326 299 1671 325 310 1672 328 297 1673 326 294 1674 324 310 1675 328 299 1676 325 308 1677 329 310 1678 328 294 1679 324 300 1680 330 308 1681 329 294 1682 324 295 1683 323 300 1684 330 294 1685 324 301 1686 331 300 1687 330 295 1688 323 293 1689 322 301 1690 331 295 1691 323 302 1692 332 301 1693 331 293 1694 322 292 1695 321 302 1696 332 293 1697 322 306 1698 333 302 1699 332 292 1700 321 303 1701 334 306 1702 333 292 1703 321 94 1704 116 303 1705 334 292 1706 321 93 1707 74 303 1708 334 94 1709 116 53 1710 75 303 1711 334 93 1712 74 304 1713 335 303 1714 334 53 1715 75 304 1716 335 306 1717 333 303 1718 334 123 1719 76 304 1720 335 53 1721 75 123 1722 76 305 1723 336 304 1724 335 305 1725 336 306 1726 333 304 1727 335 305 1728 336 307 1729 337 306 1730 333 307 1731 337 302 1732 332 306 1733 333 307 1734 337 322 1735 338 302 1736 332 322 1737 338 301 1738 331 302 1739 332 320 1740 339 301 1741 331 322 1742 338 320 1743 339 319 1744 340 301 1745 331 319 1746 340 316 1747 341 301 1748 331 316 1749 341 300 1750 330 301 1751 331 316 1752 341 308 1753 329 300 1754 330 316 1755 341 309 1756 342 308 1757 329 309 1758 342 314 1759 343 308 1760 329 314 1761 343 310 1762 328 308 1763 329 314 1764 343 311 1765 327 310 1766 328 314 1767 343 313 1768 344 311 1769 327 313 1770 344 312 1771 313 311 1772 327 313 1773 344 277 1774 312 312 1775 313 313 1776 344 275 1777 311 277 1778 312 336 1779 345 275 1780 311 313 1781 344 314 1782 343 336 1783 345 313 1784 344 315 1785 346 336 1786 345 314 1787 343 335 1788 347 315 1789 346 314 1790 343 309 1791 342 335 1792 347 314 1793 343 316 1794 341 335 1795 347 309 1796 342 317 1797 348 335 1798 347 316 1799 341 318 1800 349 317 1801 348 316 1802 341 319 1803 340 318 1804 349 316 1805 341 320 1806 339 318 1807 349 319 1808 340 321 1809 350 318 1810 349 320 1811 339 325 1812 351 321 1813 350 320 1814 339 322 1815 338 325 1816 351 320 1817 339 323 1818 352 325 1819 351 322 1820 338 307 1821 337 323 1822 352 322 1823 338 305 1824 336 323 1825 352 307 1826 337 305 1827 336 332 1828 353 323 1829 352 332 1830 353 325 1831 351 323 1832 352 332 1833 353 324 1834 354 325 1835 351 328 1836 355 325 1837 351 324 1838 354 328 1839 355 326 1840 356 325 1841 351 326 1842 356 321 1843 350 325 1844 351 237 1845 262 321 1846 350 326 1847 356 328 1848 355 237 1849 262 326 1850 356 237 1851 262 328 1852 355 327 1853 222 328 1854 355 192 1855 220 327 1856 222 328 1857 355 330 1858 357 192 1859 220 324 1860 354 330 1861 357 328 1862 355 332 1863 353 330 1864 357 324 1865 354 330 1866 357 329 1867 183 192 1868 220 330 1869 357 126 1870 145 329 1871 183 330 1872 357 331 1873 358 126 1874 145 332 1875 353 331 1876 358 330 1877 357 125 1878 144 331 1879 358 332 1880 353 125 1881 144 126 1882 145 331 1883 358 305 1884 336 125 1885 144 332 1886 353 123 1887 76 125 1888 144 305 1889 336 238 1890 267 321 1891 350 237 1892 262 238 1893 267 318 1894 349 321 1895 350 334 1896 359 318 1897 349 238 1898 267 333 1899 268 334 1900 359 238 1901 267 333 1902 268 348 1903 360 334 1904 359 348 1905 360 318 1906 349 334 1907 359 348 1908 360 317 1909 348 318 1910 349 348 1911 360 335 1912 347 317 1913 348 348 1914 360 347 1915 361 335 1916 347 347 1917 361 346 1918 362 335 1919 347 346 1920 362 315 1921 346 335 1922 347 346 1923 362 336 1924 345 315 1925 346 346 1926 362 343 1927 363 336 1928 345 343 1929 363 275 1930 311 336 1931 345 343 1932 363 342 1933 364 275 1934 311 342 1935 364 337 1936 365 275 1937 311 337 1938 365 274 1939 310 275 1940 311 337 1941 365 338 1942 366 274 1943 310 338 1944 366 273 1945 309 274 1946 310 338 1947 366 272 1948 299 273 1949 309 338 1950 366 263 1951 298 272 1952 299 338 1953 366 261 1954 297 263 1955 298 338 1956 366 339 1957 367 261 1958 297 339 1959 367 340 1960 296 261 1961 297 341 1962 368 340 1963 296 339 1964 367 338 1965 366 341 1966 368 339 1967 367 337 1968 365 341 1969 368 338 1970 366 357 1971 369 341 1972 368 337 1973 365 342 1974 364 357 1975 369 337 1976 365 343 1977 363 357 1978 369 342 1979 364 344 1980 370 357 1981 369 343 1982 363 346 1983 362 344 1984 370 343 1985 363 346 1986 362 354 1987 371 344 1988 370 345 1989 372 354 1990 371 346 1991 362 347 1992 361 345 1993 372 346 1994 362 348 1995 360 345 1996 372 347 1997 361 349 1998 373 345 1999 372 348 2000 360 333 2001 268 349 2002 373 348 2003 360 353 2004 374 349 2005 373 333 2006 268 353 2007 374 345 2008 372 349 2009 373 240 2010 269 353 2011 374 333 2012 268 241 2013 270 353 2014 374 240 2015 269 353 2016 374 241 2017 270 350 2018 375 351 2019 376 353 2020 374 350 2021 375 351 2022 376 352 2023 377 353 2024 374 352 2025 377 345 2026 372 353 2027 374 352 2028 377 354 2029 371 345 2030 372 352 2031 377 356 2032 378 354 2033 371 356 2034 378 355 2035 379 354 2036 371 355 2037 379 344 2038 370 354 2039 371 355 2040 379 357 2041 369 344 2042 370 355 2043 379 388 2044 380 357 2045 369 388 2046 380 358 2047 381 357 2048 369 358 2049 381 341 2050 368 357 2051 369 358 2052 381 340 2053 296 341 2054 368 359 2055 382 340 2056 296 358 2057 381 359 2058 382 390 2059 383 340 2060 296 390 2061 383 361 2062 295 340 2063 296 392 2064 384 361 2065 295 390 2066 383 392 2067 384 360 2068 385 361 2069 295 360 2070 385 258 2071 292 361 2072 295 360 2073 385 394 2074 386 258 2075 292 394 2076 386 362 2077 387 258 2078 292 362 2079 387 256 2080 291 258 2081 292 362 2082 387 255 2083 290 256 2084 291 362 2085 387 363 2086 388 255 2087 290 363 2088 388 397 2089 389 255 2090 290 397 2091 389 364 2092 289 255 2093 290 397 2094 389 365 2095 288 364 2096 289 397 2097 389 366 2098 390 365 2099 288 366 2100 390 254 2101 287 365 2102 288 366 2103 390 367 2104 391 254 2105 287 367 2106 391 369 2107 286 254 2108 287 367 2109 391 368 2110 392 369 2111 286 368 2112 392 253 2113 285 369 2114 286 401 2115 393 253 2116 285 368 2117 392 401 2118 393 402 2119 394 253 2120 285 402 2121 394 370 2122 284 253 2123 285 402 2124 394 372 2125 283 370 2126 284 402 2127 394 371 2128 395 372 2129 283 371 2130 395 374 2131 396 372 2132 283 374 2133 396 373 2134 282 372 2135 283 374 2136 396 250 2137 281 373 2138 282 374 2139 396 406 2140 397 250 2141 281 406 2142 397 375 2143 280 250 2144 281 406 2145 397 407 2146 398 375 2147 280 407 2148 398 249 2149 279 375 2150 280 409 2151 399 249 2152 279 407 2153 398 409 2154 399 377 2155 400 249 2156 279 377 2157 400 376 2158 278 249 2159 279 377 2160 400 379 2161 277 376 2162 278 377 2163 400 378 2164 401 379 2165 277 378 2166 401 411 2167 402 379 2168 277 411 2169 402 247 2170 276 379 2171 277 411 2172 402 380 2173 275 247 2174 276 411 2175 402 412 2176 403 380 2177 275 412 2178 403 246 2179 274 380 2180 275 412 2181 403 415 2182 404 246 2183 274 415 2184 404 244 2185 273 246 2186 274 415 2187 404 381 2188 405 244 2189 273 381 2190 405 384 2191 272 244 2192 273 382 2193 406 384 2194 272 381 2195 405 382 2196 406 383 2197 407 384 2198 272 383 2199 407 385 2200 271 384 2201 272 383 2202 407 241 2203 270 385 2204 271 383 2205 407 419 2206 408 241 2207 270 419 2208 408 386 2209 409 241 2210 270 386 2211 409 350 2212 375 241 2213 270 386 2214 409 351 2215 376 350 2216 375 386 2217 409 422 2218 410 351 2219 376 422 2220 410 387 2221 411 351 2222 376 387 2223 411 352 2224 377 351 2225 376 387 2226 411 356 2227 378 352 2228 377 387 2229 411 355 2230 379 356 2231 378 387 2232 411 423 2233 412 355 2234 379 423 2235 412 389 2236 413 355 2237 379 389 2238 413 388 2239 380 355 2240 379 389 2241 413 358 2242 381 388 2243 380 389 2244 413 359 2245 382 358 2246 381 389 2247 413 391 2248 414 359 2249 382 391 2250 414 390 2251 383 359 2252 382 391 2253 414 392 2254 384 390 2255 383 391 2256 414 393 2257 415 392 2258 384 393 2259 415 360 2260 385 392 2261 384 393 2262 415 500 2263 416 360 2264 385 500 2265 416 394 2266 386 360 2267 385 500 2268 416 395 2269 417 394 2270 386 395 2271 417 396 2272 418 394 2273 386 396 2274 418 362 2275 387 394 2276 386 396 2277 418 398 2278 419 362 2279 387 398 2280 419 363 2281 388 362 2282 387 398 2283 419 397 2284 389 363 2285 388 398 2286 419 399 2287 420 397 2288 389 399 2289 420 450 2290 421 397 2291 389 450 2292 421 366 2293 390 397 2294 389 450 2295 421 367 2296 391 366 2297 390 450 2298 421 400 2299 422 367 2300 391 400 2301 422 452 2302 423 367 2303 391 452 2304 423 368 2305 392 367 2306 391 452 2307 423 401 2308 393 368 2309 392 452 2310 423 455 2311 424 401 2312 393 455 2313 424 456 2314 425 401 2315 393 456 2316 425 402 2317 394 401 2318 393 456 2319 425 403 2320 426 402 2321 394 403 2322 426 371 2323 395 402 2324 394 403 2325 426 374 2326 396 371 2327 395 403 2328 426 404 2329 427 374 2330 396 404 2331 427 405 2332 428 374 2333 396 405 2334 428 406 2335 397 374 2336 396 405 2337 428 458 2338 429 406 2339 397 458 2340 429 407 2341 398 406 2342 397 458 2343 429 409 2344 399 407 2345 398 458 2346 429 408 2347 430 409 2348 399 408 2349 430 460 2350 431 409 2351 399 460 2352 431 377 2353 400 409 2354 399 460 2355 431 410 2356 432 377 2357 400 410 2358 432 378 2359 401 377 2360 400 410 2361 432 411 2362 402 378 2363 401 410 2364 432 461 2365 433 411 2366 402 461 2367 433 414 2368 434 411 2369 402 414 2370 434 412 2371 403 411 2372 402 414 2373 434 415 2374 404 412 2375 403 414 2376 434 413 2377 435 415 2378 404 413 2379 435 416 2380 436 415 2381 404 416 2382 436 381 2383 405 415 2384 404 416 2385 436 382 2386 406 381 2387 405 416 2388 436 417 2389 437 382 2390 406 417 2391 437 418 2392 438 382 2393 406 418 2394 438 383 2395 407 382 2396 406 418 2397 438 420 2398 439 383 2399 407 420 2400 439 419 2401 408 383 2402 407 420 2403 439 386 2404 409 419 2405 408 420 2406 439 466 2407 440 386 2408 409 466 2409 440 422 2410 410 386 2411 409 466 2412 440 421 2413 441 422 2414 410 421 2415 441 426 2416 442 422 2417 410 426 2418 442 387 2419 411 422 2420 410 426 2421 442 425 2422 443 387 2423 411 425 2424 443 423 2425 412 387 2426 411 425 2427 443 389 2428 413 423 2429 412 425 2430 443 424 2431 444 389 2432 413 424 2433 444 391 2434 414 389 2435 413 436 2436 445 391 2437 414 424 2438 444 425 2439 443 436 2440 445 424 2441 444 428 2442 446 436 2443 445 425 2444 443 426 2445 442 428 2446 446 425 2447 443 427 2448 447 428 2449 446 426 2450 442 421 2451 441 427 2452 447 426 2453 442 421 2454 441 429 2455 448 427 2456 447 429 2457 448 428 2458 446 427 2459 447 429 2460 448 431 2461 449 428 2462 446 431 2463 449 436 2464 445 428 2465 446 431 2466 449 434 2467 450 436 2468 445 430 2469 451 434 2470 450 431 2471 449 432 2472 452 430 2473 451 431 2474 449 429 2475 448 432 2476 452 431 2477 449 496 2478 453 432 2479 452 429 2480 448 496 2481 453 497 2482 454 432 2483 452 433 2484 455 432 2485 452 497 2486 454 433 2487 455 430 2488 451 432 2489 452 433 2490 455 439 2491 456 430 2492 451 439 2493 456 434 2494 450 430 2495 451 439 2496 456 435 2497 457 434 2498 450 435 2499 457 436 2500 445 434 2501 450 435 2502 457 437 2503 458 436 2504 445 437 2505 458 391 2506 414 436 2507 445 437 2508 458 393 2509 415 391 2510 414 435 2511 457 393 2512 415 437 2513 458 438 2514 459 393 2515 415 435 2516 457 439 2517 456 438 2518 459 435 2519 457 503 2520 460 438 2521 459 439 2522 456 5 2523 461 503 2524 460 439 2525 456 5 2526 461 439 2527 456 433 2528 455 502 2529 462 503 2530 460 5 2531 461 440 2532 463 502 2533 462 5 2534 461 498 2535 464 502 2536 462 440 2537 463 4 2538 465 498 2539 464 440 2540 463 447 2541 466 498 2542 464 4 2543 465 441 2544 467 447 2545 466 4 2546 465 3 2547 468 441 2548 467 4 2549 465 443 2550 469 441 2551 467 3 2552 468 442 2553 470 443 2554 469 3 2555 468 454 2556 471 443 2557 469 442 2558 470 444 2559 472 443 2560 469 454 2561 471 444 2562 472 451 2563 473 443 2564 469 451 2565 473 445 2566 474 443 2567 469 445 2568 474 441 2569 467 443 2570 469 445 2571 474 446 2572 475 441 2573 467 446 2574 475 447 2575 466 441 2576 467 446 2577 475 449 2578 476 447 2579 466 449 2580 476 498 2581 464 447 2582 466 448 2583 477 498 2584 464 449 2585 476 398 2586 419 448 2587 477 449 2588 476 446 2589 475 398 2590 419 449 2591 476 446 2592 475 399 2593 420 398 2594 419 446 2595 475 450 2596 421 399 2597 420 445 2598 474 450 2599 421 446 2600 475 451 2601 473 450 2602 421 445 2603 474 451 2604 473 400 2605 422 450 2606 421 451 2607 473 452 2608 423 400 2609 422 444 2610 472 452 2611 423 451 2612 473 453 2613 478 452 2614 423 444 2615 472 454 2616 471 453 2617 478 444 2618 472 453 2619 478 455 2620 424 452 2621 423 453 2622 478 456 2623 425 455 2624 424 453 2625 478 486 2626 479 456 2627 425 486 2628 479 403 2629 426 456 2630 425 484 2631 480 403 2632 426 486 2633 479 484 2634 480 483 2635 481 403 2636 426 483 2637 481 404 2638 427 403 2639 426 483 2640 481 457 2641 482 404 2642 427 457 2643 482 405 2644 428 404 2645 427 457 2646 482 458 2647 429 405 2648 428 457 2649 482 459 2650 483 458 2651 429 459 2652 483 482 2653 484 458 2654 429 482 2655 484 408 2656 430 458 2657 429 482 2658 484 460 2659 431 408 2660 430 482 2661 484 481 2662 485 460 2663 431 481 2664 485 410 2665 432 460 2666 431 481 2667 485 479 2668 486 410 2669 432 479 2670 486 476 2671 487 410 2672 432 476 2673 487 461 2674 433 410 2675 432 476 2676 487 414 2677 434 461 2678 433 476 2679 487 462 2680 488 414 2681 434 462 2682 488 475 2683 489 414 2684 434 475 2685 489 413 2686 435 414 2687 434 475 2688 489 416 2689 436 413 2690 435 475 2691 489 473 2692 490 416 2693 436 473 2694 490 463 2695 491 416 2696 436 463 2697 491 417 2698 437 416 2699 436 463 2700 491 418 2701 438 417 2702 437 463 2703 491 464 2704 492 418 2705 438 464 2706 492 420 2707 439 418 2708 438 464 2709 492 465 2710 493 420 2711 439 465 2712 493 466 2713 440 420 2714 439 465 2715 493 469 2716 494 466 2717 440 469 2718 494 467 2719 495 466 2720 440 467 2721 495 421 2722 441 466 2723 440 467 2724 495 429 2725 448 421 2726 441 467 2727 495 496 2728 453 429 2729 448 468 2730 496 496 2731 453 467 2732 495 469 2733 494 468 2734 496 467 2735 495 465 2736 493 468 2737 496 469 2738 494 470 2739 497 468 2740 496 465 2741 493 464 2742 492 470 2743 497 465 2744 493 471 2745 498 470 2746 497 464 2747 492 463 2748 491 471 2749 498 464 2750 492 472 2751 499 471 2752 498 463 2753 491 473 2754 490 472 2755 499 463 2756 491 474 2757 500 472 2758 499 473 2759 490 475 2760 489 474 2761 500 473 2762 490 477 2763 501 474 2764 500 475 2765 489 462 2766 488 477 2767 501 475 2768 489 476 2769 487 477 2770 501 462 2771 488 478 2772 502 477 2773 501 476 2774 487 479 2775 486 478 2776 502 476 2777 487 480 2778 503 478 2779 502 479 2780 486 481 2781 485 480 2782 503 479 2783 486 491 2784 504 480 2785 503 481 2786 485 482 2787 484 491 2788 504 481 2789 485 490 2790 505 491 2791 504 482 2792 484 459 2793 483 490 2794 505 482 2795 484 457 2796 482 490 2797 505 459 2798 483 488 2799 506 490 2800 505 457 2801 482 483 2802 481 488 2803 506 457 2804 482 485 2805 507 488 2806 506 483 2807 481 484 2808 480 485 2809 507 483 2810 481 487 2811 508 485 2812 507 484 2813 480 486 2814 479 487 2815 508 484 2816 480 453 2817 478 487 2818 508 486 2819 479 454 2820 471 487 2821 508 453 2822 478 442 2823 470 487 2824 508 454 2825 471 2 2826 509 487 2827 508 442 2828 470 2 2829 509 485 2830 507 487 2831 508 489 2832 510 485 2833 507 2 2834 509 489 2835 510 488 2836 506 485 2837 507 489 2838 510 490 2839 505 488 2840 506 492 2841 511 490 2842 505 489 2843 510 492 2844 511 491 2845 504 490 2846 505 492 2847 511 480 2848 503 491 2849 504 1 2850 512 480 2851 503 492 2852 511 1 2853 512 478 2854 502 480 2855 503 1 2856 512 477 2857 501 478 2858 502 493 2859 513 477 2860 501 1 2861 512 493 2862 513 474 2863 500 477 2864 501 493 2865 513 472 2866 499 474 2867 500 494 2868 514 472 2869 499 493 2870 513 494 2871 514 471 2872 498 472 2873 499 494 2874 514 470 2875 497 471 2876 498 495 2877 515 470 2878 497 494 2879 514 495 2880 515 468 2881 496 470 2882 497 495 2883 515 496 2884 453 468 2885 496 495 2886 515 497 2887 454 496 2888 453 396 2889 418 448 2890 477 398 2891 419 396 2892 418 499 2893 516 448 2894 477 499 2895 516 498 2896 464 448 2897 477 499 2898 516 502 2899 462 498 2900 464 395 2901 417 499 2902 516 396 2903 418 500 2904 416 499 2905 516 395 2906 417 501 2907 517 499 2908 516 500 2909 416 501 2910 517 502 2911 462 499 2912 516 501 2913 517 503 2914 460 502 2915 462 501 2916 517 438 2917 459 503 2918 460 501 2919 517 393 2920 415 438 2921 459 501 2922 517 500 2923 416 393 2924 415</p>
        </triangles>
      </mesh>
    </geometry>
    <geometry id="SM_Urchin_01_LOD1-lib" name="SM_Urchin_01_LOD1Mesh">
      <mesh>
        <source id="SM_Urchin_01_LOD1-POSITION">
          <float_array id="SM_Urchin_01_LOD1-POSITION-array" count="1209">
2.200058 -3.087769 0.165496
2.676880 -1.012024 17.041101
6.514709 12.333923 6.610417
-12.437645 -6.565613 6.610419
12.941757 -2.239502 11.306916
-2.099655 -14.123596 7.392031
-9.491623 2.916565 14.905524
-4.711533 9.259521 1.908987
-2.430725 0.642700 17.028929
11.823898 -2.052307 2.924185
5.914886 5.686707 16.085590
-6.292633 12.374329 7.391987
-13.507553 4.231262 7.392328
8.172424 -11.293457 6.658041
-5.815948 -8.362793 14.903069
7.496567 -3.898987 16.085377
-3.690414 7.143860 16.085163
13.152512 4.043152 6.658516
-9.440544 -5.064575 1.615708
1.789093 -10.780212 1.617585
4.972351 9.357910 1.615619
4.052490 11.937012 11.210774
12.420288 -6.465271 6.636373
-10.209618 -7.689819 11.208991
-1.882172 -12.784058 11.192121
-8.045074 -1.540527 16.085449
11.064194 5.386169 11.895446
1.599533 1.856750 17.048153
-12.468544 -2.189758 11.185943
-6.231567 12.264404 9.860226
-1.334747 -2.230652 17.057716
7.290359 -10.083679 11.868612
0.101349 9.896912 14.904856
-7.947998 -11.284119 6.659483
4.962830 -6.881226 15.869347
-1.131058 -8.365784 16.085556
0.109039 13.503540 6.660590
-3.287079 -1.324341 0.205997
-9.224777 4.563110 2.164765
7.284470 9.681396 11.853637
13.847229 -2.368713 7.364144
9.704041 2.930786 14.904274
11.672211 3.551697 2.528720
9.706116 9.402100 8.886569
-9.122574 6.513977 13.485766
-13.825966 -2.399536 7.391928
6.248871 -8.644958 2.215188
11.460617 -5.975708 11.188277
2.021423 -12.263245 11.859797
-7.083939 -10.090637 11.877152
-11.530693 3.589844 11.881117
-8.155914 -8.458374 3.107528
0.117569 3.375000 0.163706
1.937271 11.342407 3.114759
0.111557 12.039490 11.877573
-9.124252 -6.901428 13.485991
2.244446 -13.648865 5.197129
-11.175629 7.996643 7.378328
8.239166 -11.374390 8.927382
3.831390 7.111328 15.764443
-5.674500 11.149658 11.185367
-13.287865 -2.316528 8.884687
9.884995 9.584351 6.635086
-5.010620 -3.919556 16.528706
12.196945 -6.354187 8.885348
-11.767784 -6.247620 9.645384
12.881912 3.948608 9.686177
-10.372154 -1.857849 1.909288
9.756821 -1.722961 14.521969
1.655167 -2.279297 17.034246
6.843613 -9.450562 13.533239
-2.014099 -13.598267 8.886179
-10.882950 -1.933899 13.248507
2.195114 -13.359192 9.644892
4.414673 13.075073 7.378134
13.273499 -2.278809 9.644836
10.579300 -5.528870 3.046180
7.613632 7.313965 1.901984
-13.224266 4.134766 4.971768
-4.148117 -6.035278 0.794046
-2.305679 -0.977905 17.031536
-4.374115 8.606812 14.667957
-6.185364 12.149414 5.154707
-8.012596 -11.384094 8.928108
6.127838 1.758240 16.501432
-1.635086 -11.194214 13.256469
0.102737 13.621948 8.925772
6.960022 -2.409912 0.866265
6.159927 11.683289 9.645530
-5.015350 3.523071 16.528784
13.443848 4.140381 4.971658
3.636673 10.657837 13.485265
13.564194 -2.321350 5.197193
8.352051 -11.536499 4.971695
2.061478 5.827698 16.528698
-10.304146 5.112000 3.107438
-1.549408 -10.684204 1.895529
-1.458649 1.899597 17.035234
-13.573227 -2.366211 5.156664
-2.054245 -13.879517 5.155917
-12.030685 -6.385254 5.195037
0.081329 2.395752 17.039591
2.556335 0.596863 17.054430
5.497299 10.376038 2.919886
12.455795 -6.481262 5.155581
7.244415 -10.033264 2.530354
-6.027451 -8.641602 2.223804
-11.503975 -3.968140 11.855618
10.024445 -5.249207 13.249260
0.106537 13.824768 4.971728
-8.129471 -11.538208 4.971739
-5.828537 -2.124084 16.336836
0.108521 10.244812 2.225197
9.107224 8.807373 11.182306
6.047134 -2.124268 16.338617
-5.224396 10.270691 3.051707
-3.690155 11.510315 11.928485
-13.697731 -2.374695 9.859723
6.291321 11.948425 5.195210
-10.860527 7.821838 9.607654
-6.051666 11.896362 8.886116
11.744125 3.582886 11.876694
5.857391 -11.479370 11.140433
-0.248840 -2.642578 17.010168
12.560303 -6.546814 9.859788
-7.780304 -8.089722 13.263412
9.998306 9.684753 9.859981
3.779037 4.856689 16.339270
10.029831 -3.419434 2.229391
-11.486534 -2.032227 3.058915
10.695343 -1.867981 1.617637
-9.577377 -9.879517 7.374877
10.040695 3.032593 2.219221
2.608200 2.360657 0.224206
-10.847366 -8.155090 8.879645
-9.829559 4.864624 13.254744
-11.448708 3.570984 2.528009
4.294556 12.687073 8.880113
13.639114 -0.194885 8.876870
11.520584 -0.196228 13.485126
2.286850 -13.932312 7.364145
-5.734207 11.209717 12.276268
-2.084351 -13.999268 9.859684
-9.593201 -0.194702 14.429425
1.849380 10.818848 13.252916
7.095703 6.789856 14.670249
0.119064 11.959412 2.529526
-7.043594 -10.022339 2.529031
-12.542854 -2.227783 12.276147
-1.867188 -12.855469 12.276052
9.811066 -9.896118 7.374602
11.538834 -5.986450 12.275761
-2.888580 -9.419922 14.426187
-3.616379 -5.318542 16.516062
-10.464043 -5.579895 2.919500
-10.738472 7.684631 5.302617
12.325226 6.030884 7.374848
-6.866867 1.485779 0.924235
-8.599457 -4.631958 14.529420
-4.630356 6.328247 15.490683
7.950104 -8.034729 13.201348
2.322830 6.618774 1.115620
-4.942398 9.723145 13.250149
9.902802 9.604919 5.155777
-12.942223 4.045837 6.657490
6.439270 -0.190674 16.529129
-11.169556 5.553162 11.137120
9.988922 4.840332 13.202289
8.805267 -8.892334 11.898656
6.242874 8.246033 2.224856
6.333847 -12.414368 7.374876
0.674316 -7.333435 0.984419
-6.897766 9.443359 2.791195
2.090607 12.309082 11.137772
4.523438 -4.610046 16.342093
1.636948 -9.842590 14.521726
3.859634 -6.318298 0.913784
5.416458 -10.613525 3.101150
-11.473007 -6.082458 11.305347
2.200867 13.018799 5.306728
9.149384 8.886230 12.275998
-4.273163 13.255249 7.375849
0.111465 6.130493 16.496237
-9.815689 -3.418518 2.223392
-9.353386 -9.658508 5.304964
-13.240120 -0.194885 9.650512
-0.905899 -6.532166 16.769266
-5.910309 1.763428 16.505529
-4.132080 5.624634 0.863124
-2.798584 -0.680847 17.214283
-8.355728 -6.344238 2.186923
12.873367 -0.196411 11.214761
9.577515 -9.660950 5.306874
-13.547012 -2.360046 6.635213
-4.013412 -12.882202 9.647604
-7.742462 10.607361 5.311077
-7.066208 9.680908 11.853220
-4.013184 12.491821 9.647373
-1.728043 -11.798279 3.049573
0.088913 2.669739 17.279200
-6.271606 -3.445862 1.122327
14.039337 -0.188721 7.378713
-2.388794 1.123291 17.256168
-6.156723 -0.194275 16.411345
7.091614 1.479919 0.914337
-7.197006 -3.917664 15.764376
11.988037 5.858582 9.647236
-4.252441 -13.654541 7.375853
3.342560 9.755737 2.186553
5.175293 -10.129456 13.254365
0.109924 -0.197815 -0.000000
9.571335 -5.012878 1.897866
8.214401 -1.478088 15.775388
11.725006 -3.969177 11.857906
9.548706 -9.633484 9.652076
-6.612473 -9.459900 13.533029
10.569427 -0.195313 2.190781
0.110809 14.123596 7.392048
-8.836502 -9.138794 11.132784
-8.311363 -11.781067 7.391251
6.018341 11.376099 11.305389
13.727661 4.228333 7.392283
8.413910 8.111206 3.052139
10.993408 3.350159 13.533976
8.524750 -11.781189 7.392066
2.293610 -14.072937 8.954768
-2.889359 9.033142 14.429918
13.982880 -2.405701 8.954778
7.807755 -10.804749 11.365971
12.580292 3.848938 11.366628
0.101044 11.254578 13.536408
-12.414467 -6.560974 8.954504
6.498703 12.316467 8.954476
-7.600883 -10.794250 11.366741
12.030228 5.881348 5.309984
-10.780647 3.334900 13.534181
-12.357277 3.864258 11.365993
0.116608 12.911194 11.365188
-13.042282 4.071777 8.927845
-7.950325 10.897827 7.374680
2.808487 0.676331 17.284996
1.393280 -8.300110 15.775348
5.137878 9.677063 13.192354
6.427994 12.211792 7.364188
2.934235 -1.085266 17.267769
10.520905 5.111389 3.108959
-9.873253 7.062378 11.933316
-1.273071 2.390869 17.264820
-7.554848 -2.684998 15.482093
7.767151 -2.683167 15.471530
-0.283966 -2.884399 17.250778
8.377167 -8.461731 3.101880
-9.761940 -5.225403 13.192192
-12.296043 -6.518005 7.364193
2.600082 7.472046 15.481404
4.546188 8.513550 14.529544
4.842300 6.320007 15.472492
-1.827835 5.767883 16.420444
6.186050 -12.119812 5.304378
-9.647507 -1.738708 14.668282
-12.191490 -0.190857 11.924591
1.809662 -2.500732 17.286484
-12.093246 6.023804 7.374876
12.804001 -4.317017 5.313684
-7.812607 10.776611 9.805957
7.286423 3.462952 15.474942
-3.695938 -11.892212 11.924721
8.911850 -4.681763 14.671715
2.129944 -13.031433 11.306920
-9.494858 6.761963 2.942813
7.986404 7.679932 13.258189
11.450272 -3.876404 2.781762
7.948608 10.599854 5.316214
10.726074 -3.643738 13.275389
-4.008194 12.476379 5.329013
-2.644424 -0.207153 16.993916
-14.039322 -0.206177 7.375851
2.253647 13.338806 7.374874
-12.586334 -4.322510 5.312926
-11.220230 -3.879456 2.794351
-11.165527 -8.393555 7.378442
7.108719 9.445129 2.794350
-13.219559 -0.194885 5.326959
-6.417099 4.546570 15.490726
-4.011902 -12.877563 5.324237
-7.782990 -11.046204 9.682488
2.033401 1.755981 17.317190
-9.821457 3.031250 2.222277
-1.779785 -1.676147 17.258356
-1.828522 -6.155823 16.416878
6.046753 -8.354553 14.904427
3.785217 -7.418274 15.555143
12.681747 -6.603577 7.391811
-3.313690 10.490295 13.286553
-2.624222 -6.798218 1.074121
0.117676 13.249329 9.691300
14.003586 -2.415466 6.610547
-10.842606 7.761902 8.878345
0.673920 6.964722 0.908682
-1.494843 -2.458862 17.283213
-3.390854 0.368164 0.215303
-4.748917 -6.875671 15.865884
6.314133 -12.363342 8.907176
5.803726 -5.888550 15.469467
10.085236 9.778015 7.391975
-6.018173 8.240112 2.240830
8.175400 -0.194885 15.490394
-6.408798 -4.930298 15.472318
3.287979 -1.770264 0.251869
-3.561752 4.857361 16.341475
5.184601 4.885254 0.988095
-2.050735 -13.844910 6.635963
-11.120399 -0.146729 13.294904
-12.774673 -4.339050 9.805410
-7.877991 -5.990051 14.635654
8.095825 10.730042 9.805690
-6.859619 -1.875549 0.926590
12.178055 -2.105408 11.860073
-10.934746 5.436340 12.012358
5.735138 -11.245056 12.014763
12.966476 -4.414795 9.805975
6.964188 -7.048706 14.420730
3.163605 9.186157 14.633206
2.051514 12.046204 12.010798
8.748886 4.208252 14.425207
3.846680 5.911438 0.991869
-12.008644 -4.124023 11.172009
-6.162033 12.107727 6.637225
-8.652931 -8.951477 12.006082
-12.794815 -4.388855 8.886156
13.009247 -4.385132 8.885176
-3.401962 -10.849792 13.285268
7.229782 -0.755127 1.107636
-1.438538 -9.956299 14.675531
1.626114 9.388977 14.437275
-1.536789 2.948364 0.252281
-6.752838 -7.057739 14.439396
-6.232193 -1.188171 16.770304
8.082367 10.781677 8.885853
3.756622 11.086182 2.946115
-8.536255 4.209229 14.436148
-9.474197 -7.178223 2.944163
7.599335 10.101685 11.168650
-1.645828 -1.535889 17.059805
5.822510 -3.118408 16.769341
-2.795212 5.528931 16.770147
-1.792572 1.192993 17.062241
9.976318 -0.201050 14.635010
13.697662 -0.233215 9.608068
5.669312 2.637695 16.334114
-10.909187 -8.152344 9.608734
-11.819733 5.882080 5.303082
4.654907 4.335510 16.769133
-12.066833 6.003967 8.907971
-7.868233 5.608643 14.632116
2.290787 -14.095947 6.610459
4.344925 12.717834 9.608558
-2.380524 7.435974 15.427565
-7.918114 -0.204468 15.428222
-4.302444 -4.606995 16.331442
0.112152 8.064941 15.865101
-3.803635 11.846863 11.137584
9.058807 -9.143127 11.136537
7.966919 2.354919 15.867558
-2.361771 -7.830078 15.424600
-7.746010 2.360718 15.865813
-5.322052 4.443665 1.110543
6.671234 8.838745 13.277667
-12.548485 -0.194885 11.135335
-3.804642 -12.239624 11.139423
11.408722 5.563599 11.150554
3.827042 -5.316467 16.503675
12.303848 6.025452 8.902257
2.442734 -0.194885 17.065664
-10.502228 -3.643494 13.269753
4.332764 12.804688 6.659157
13.257843 4.084229 8.928533
-10.947273 -8.227661 6.659437
4.516525 -8.843567 14.442367
12.206192 -4.133606 11.162674
5.649734 10.681824 11.851206
-10.767662 -5.737915 11.851895
-6.453659 8.836365 13.275981
13.767761 -0.194885 6.660338
1.085449 5.973816 16.346897
-5.455643 2.639832 16.345739
9.788086 -9.865540 8.900610
11.070374 -1.930054 13.210974
0.935394 2.348694 17.317860
-10.956154 7.844421 6.658104
4.867188 -9.537720 2.149702
-10.387817 -0.189392 2.161901
6.274658 -1.171936 16.341032
-9.549904 -9.860107 8.908252
2.944962 5.369934 16.348761
-5.456360 -3.029907 16.348783
-4.114975 -13.194824 6.659208
-0.760040 2.333252 17.013165
2.240875 13.294189 8.906558
-12.662910 3.962952 9.687085
1.962448 -11.910034 2.924637
1.084976 -6.360779 16.341185
-3.502914 -11.311035 3.109906
</float_array>
          <technique_common>
            <accessor source="#SM_Urchin_01_LOD1-POSITION-array" count="403" stride="3">
              <param name="X" type="float"/>
              <param name="Y" type="float"/>
              <param name="Z" type="float"/>
            </accessor>
          </technique_common>
        </source>
        <source id="SM_Urchin_01_LOD1-Normal0">
          <float_array id="SM_Urchin_01_LOD1-Normal0-array" count="7101">
0.737253 0.367650 0.566825
0.581876 0.672574 0.457237
0.473753 0.457759 0.752339
-0.257008 0.016990 -0.966260
-0.140813 0.045800 -0.988976
-0.565187 0.115278 -0.816868
-0.553303 0.614932 0.561884
-0.674752 0.526435 0.517278
-0.446269 0.610367 0.654444
-0.197236 -0.698814 0.687573
-0.420685 -0.605682 0.675407
-0.361125 -0.773635 0.520651
-0.371813 -0.400722 -0.837363
-0.225383 -0.677862 -0.699790
-0.595636 -0.764569 -0.246278
0.297440 0.139952 -0.944427
0.268718 0.057702 -0.961489
0.193215 0.181800 -0.964166
0.567833 -0.781776 -0.257667
0.564999 -0.330949 -0.755810
0.743172 -0.569472 -0.351279
0.579741 -0.599321 0.552010
0.816285 -0.344812 0.463448
0.580537 -0.309286 0.753206
-0.496566 0.244663 -0.832804
-0.709574 -0.063334 -0.701779
-0.910483 0.330407 -0.248702
-0.523355 -0.510404 0.682340
-0.622148 -0.416258 0.663070
-0.693376 -0.524145 0.494472
-0.016512 0.737352 0.675307
-0.253549 0.680044 0.687934
0.047658 0.810458 0.583854
0.543532 0.454035 -0.705993
0.639396 0.677944 -0.362718
0.770870 0.531166 -0.351599
-0.360228 0.165631 0.918043
-0.332200 0.197962 0.922201
0.097988 -0.147525 0.984192
0.139761 -0.660614 0.737602
0.110570 -0.484849 0.867581
0.170854 -0.460609 0.871004
0.488844 0.436793 -0.755144
0.543532 0.454035 -0.705993
0.770870 0.531166 -0.351599
0.764340 -0.641953 -0.060665
0.880760 -0.473467 -0.009572
0.747612 -0.628147 0.215654
0.551463 -0.087896 0.829556
0.751275 -0.082235 0.654847
0.736257 0.334119 0.588464
0.068598 0.386759 0.919626
0.097988 -0.147525 0.984192
-0.059235 -0.175156 0.982757
0.188639 0.628009 -0.754996
0.034663 0.969572 -0.242342
0.252144 0.903175 -0.347418
-0.576626 0.385236 -0.720483
-0.736057 0.560719 -0.379228
-0.624771 0.693479 -0.358814
-0.866692 -0.169698 0.469092
-0.733221 -0.316677 0.601750
-0.656097 -0.119407 0.745170
-0.617866 0.728861 0.294963
-0.769867 0.600267 0.216759
-0.674752 0.526435 0.517278
0.126031 -0.674015 0.727887
0.385275 -0.769596 0.509201
0.229410 -0.681190 0.695234
0.137183 -0.748910 -0.648317
0.312287 -0.883926 -0.348069
0.173741 -0.878765 -0.444507
0.138894 -0.267746 0.953426
-0.077243 0.127385 0.988841
0.030545 0.198232 0.979679
-0.326765 -0.080048 0.941709
-0.307197 -0.222884 0.925177
0.275235 0.231336 0.933129
0.138894 -0.267746 0.953426
0.207086 -0.226906 0.951645
-0.077243 0.127385 0.988841
0.332293 -0.142015 0.932423
0.386019 -0.073265 0.919577
-0.135290 0.031845 0.990294
0.312649 0.538521 0.782461
0.391568 0.646491 0.654771
0.148469 0.517393 0.842770
0.027472 0.293389 0.955598
0.068598 0.386759 0.919626
-0.059235 -0.175156 0.982757
0.891371 0.281647 0.355150
0.990688 0.041171 0.129779
0.998308 0.010366 -0.057224
0.751275 -0.082235 0.654847
0.690468 0.246461 0.680082
0.736257 0.334119 0.588464
-0.709574 -0.063334 -0.701779
-0.938637 0.064999 -0.338726
-0.910483 0.330407 -0.248702
-0.521353 -0.396397 -0.755685
-0.595636 -0.764569 -0.246278
-0.735791 -0.582307 -0.345732
-0.214353 -0.275460 -0.937110
-0.055677 -0.279533 -0.958521
-0.141940 -0.494417 -0.857558
0.206383 -0.054145 -0.976972
0.482569 -0.227315 -0.845846
0.239645 -0.274253 -0.931319
0.081911 0.547086 -0.833059
-0.276947 0.651904 -0.705918
0.034663 0.969572 -0.242342
0.009153 0.134600 -0.990858
-0.206663 0.179059 -0.961888
0.040968 0.276767 -0.960063
0.789779 0.458357 0.407623
0.705319 0.686877 0.175287
0.669181 0.649435 0.361154
0.201368 0.977781 -0.058270
0.071492 0.981714 -0.176425
0.012541 0.938210 0.345838
0.722404 -0.091748 -0.685357
0.906951 0.344281 -0.242716
0.885002 -0.145273 -0.442342
0.564999 -0.330949 -0.755810
0.598946 -0.376698 -0.706655
0.743172 -0.569472 -0.351279
-0.739480 -0.670596 -0.058908
-0.636197 -0.751102 -0.176349
-0.559846 -0.745292 0.362094
-0.888827 -0.452194 0.074211
-0.837719 -0.428900 0.338041
-0.960812 -0.270174 0.062014
0.158647 -0.984255 0.077933
0.388999 -0.892292 0.229117
0.135468 -0.932866 0.333780
-0.334100 -0.935670 -0.113572
-0.356521 -0.861332 0.361940
-0.559846 -0.745292 0.362094
-0.706680 0.212585 0.674842
-0.851414 0.101484 0.514583
-0.726500 -0.035055 0.686271
-0.271134 0.114415 0.955717
-0.343269 0.181705 0.921493
0.108678 0.046590 0.992985
0.846648 0.528216 -0.064620
0.723675 0.690069 -0.009979
0.828000 0.512916 0.226568
0.891371 0.281647 0.355150
0.998308 0.010366 -0.057224
0.921460 0.348041 -0.172564
0.305312 0.148038 0.940675
-0.169332 -0.148415 0.974320
-0.139762 -0.032188 0.989662
-0.982891 0.034470 -0.180934
-0.928341 0.071423 0.364804
-0.884891 0.303101 0.353692
-0.887510 0.278771 0.366896
-0.905281 0.045972 0.422318
-0.781358 0.281302 0.557090
-0.286185 0.957621 -0.032568
-0.219310 0.906004 0.362023
0.012541 0.938210 0.345838
-0.649363 0.759968 -0.027851
-0.773968 0.629500 0.068583
-0.617866 0.728861 0.294963
-0.271134 0.114415 0.955717
0.108678 0.046590 0.992985
0.099173 -0.118778 0.987956
0.386870 -0.919924 -0.063803
0.388999 -0.892292 0.229117
0.158647 -0.984255 0.077933
0.577732 -0.798899 -0.167292
0.764340 -0.641953 -0.060665
0.562740 -0.777840 0.279800
0.010063 0.415190 0.909679
-0.024621 0.533156 0.845659
0.027472 0.293389 0.955598
0.080920 0.587506 0.805164
-0.253549 0.680044 0.687934
-0.192109 0.553039 0.810704
-0.225383 -0.677862 -0.699790
-0.341147 -0.853294 -0.394346
-0.595636 -0.764569 -0.246278
-0.334100 -0.935670 -0.113572
-0.559846 -0.745292 0.362094
-0.636197 -0.751102 -0.176349
0.579741 -0.599321 0.552010
0.580537 -0.309286 0.753206
0.588726 -0.433950 0.681974
0.236915 -0.240247 0.941357
0.262973 -0.056454 0.963150
-0.135290 0.031845 0.990294
0.087838 0.087989 0.992241
-0.200458 -0.211898 0.956512
-0.276570 -0.271091 0.921965
-0.511497 -0.629519 0.584873
-0.420685 -0.605682 0.675407
-0.197236 -0.698814 0.687573
-0.276947 0.651904 -0.705918
-0.227962 0.872471 -0.432235
0.034663 0.969572 -0.242342
0.071492 0.981714 -0.176425
-0.286185 0.957621 -0.032568
0.012541 0.938210 0.345838
-0.140813 0.045800 -0.988976
-0.257008 0.016990 -0.966260
-0.101415 0.095348 -0.990264
0.004431 -0.205547 -0.978637
0.154152 -0.236787 -0.959254
0.266599 -0.419795 -0.867581
-0.356971 0.557731 -0.749338
-0.576626 0.385236 -0.720483
-0.624771 0.693479 -0.358814
-0.101415 0.095348 -0.990264
-0.257008 0.016990 -0.966260
-0.244231 0.158238 -0.956719
0.491989 0.825569 0.276374
0.402482 0.789729 0.462966
0.497328 0.675844 0.543966
0.254830 0.830467 0.495365
0.254541 0.702865 0.664221
0.391568 0.646491 0.654771
0.598946 -0.376698 -0.706655
0.859839 -0.281599 -0.425885
0.843722 -0.399857 -0.358117
0.881222 -0.472597 -0.009998
0.984641 -0.155721 0.078944
0.880760 -0.473467 -0.009572
0.472938 0.423448 0.772671
0.480132 0.466635 0.742782
0.401229 0.300486 0.865288
0.305312 0.148038 0.940675
0.126251 0.237772 0.963081
-0.169332 -0.148415 0.974320
0.501330 0.159655 -0.850399
0.268718 0.057702 -0.961489
0.297440 0.139952 -0.944427
0.722404 -0.091748 -0.685357
0.492859 0.255780 -0.831665
0.906951 0.344281 -0.242716
0.543532 0.454035 -0.705993
0.532778 0.729037 -0.429713
0.639396 0.677944 -0.362718
0.454156 0.887813 0.074366
0.426332 0.839146 0.337750
0.616209 0.784929 0.064600
-0.769867 0.600267 0.216759
-0.811234 0.432906 0.393054
-0.674752 0.526435 0.517278
-0.243434 0.601047 0.761238
-0.451038 0.284748 0.845862
-0.355021 0.310100 0.881929
-0.709574 -0.063334 -0.701779
-0.860237 -0.276074 -0.428689
-0.919780 -0.141226 -0.366142
-0.974599 -0.223932 -0.003339
-0.888827 -0.452194 0.074211
-0.983850 -0.177050 0.026296
0.137183 -0.748910 -0.648317
0.192754 -0.662664 -0.723686
0.312287 -0.883926 -0.348069
0.126791 -0.494277 -0.860008
0.004431 -0.205547 -0.978637
0.266599 -0.419795 -0.867581
0.936939 -0.344429 0.059278
0.984641 -0.155721 0.078944
0.931287 -0.143948 0.334640
0.786263 -0.178987 0.591400
0.694425 -0.118415 0.709755
0.730736 -0.175058 0.659832
0.158647 -0.984255 0.077933
0.135468 -0.932866 0.333780
-0.131531 -0.990917 0.027981
-0.154891 -0.872517 0.463382
0.126031 -0.674015 0.727887
-0.078270 -0.650990 0.755040
-0.739480 -0.670596 -0.058908
-0.718277 -0.598580 0.354654
-0.773218 -0.622121 0.122875
-0.523355 -0.510404 0.682340
-0.587525 -0.611334 0.530175
-0.420685 -0.605682 0.675407
-0.706680 0.212585 0.674842
-0.726500 -0.035055 0.686271
-0.754570 0.296559 0.585386
-0.706680 0.212585 0.674842
-0.754570 0.296559 0.585386
-0.642146 0.333577 0.690199
-0.432943 -0.209602 -0.876714
-0.234127 -0.136095 -0.962633
-0.279356 -0.369697 -0.886163
-0.645118 -0.354591 -0.676822
-0.543105 -0.445380 -0.711811
-0.735791 -0.582307 -0.345732
0.193215 0.181800 -0.964166
0.268718 0.057702 -0.961489
0.107380 0.094829 -0.989685
-0.120928 -0.059189 -0.990895
0.000333 -0.005904 -0.999982
0.077850 -0.110464 -0.990826
0.313825 0.666382 -0.676349
0.175744 0.680574 -0.711289
0.252144 0.903175 -0.347418
0.040968 0.276767 -0.960063
-0.206663 0.179059 -0.961888
0.020721 0.328988 -0.944107
0.314053 0.928561 0.197853
-0.004940 0.933787 0.357796
0.254830 0.830467 0.495365
0.116307 0.835145 0.537592
-0.016512 0.737352 0.675307
0.125188 0.719701 0.682904
-0.733221 -0.316677 0.601750
-0.689280 -0.227840 0.687737
-0.656097 -0.119407 0.745170
-0.570241 -0.251504 0.782030
-0.413875 -0.214763 0.884638
-0.440463 -0.264710 0.857858
-0.136358 -0.722273 -0.678032
0.173741 -0.878765 -0.444507
-0.202057 -0.911183 -0.359053
-0.087447 -0.996150 -0.006248
0.158647 -0.984255 0.077933
-0.131531 -0.990917 0.027981
-0.624771 0.693479 -0.358814
-0.736057 0.560719 -0.379228
-0.771978 0.579877 -0.260369
-0.769867 0.600267 0.216759
-0.887510 0.278771 0.366896
-0.811234 0.432906 0.393054
0.150920 -0.858134 0.490743
0.388999 -0.892292 0.229117
0.346798 -0.854483 0.386768
0.683303 -0.606767 0.406117
0.824881 -0.433909 0.362347
0.684773 -0.580747 0.440248
0.126251 0.237772 0.963081
0.022726 0.391475 0.919908
-0.169332 -0.148415 0.974320
0.473753 0.457759 0.752339
0.422024 0.592941 0.685797
0.312649 0.538521 0.782461
-0.004940 0.933787 0.357796
-0.219310 0.906004 0.362023
-0.238197 0.876544 0.418249
-0.617866 0.728861 0.294963
-0.674752 0.526435 0.517278
-0.553303 0.614932 0.561884
-0.884210 -0.378205 0.274105
-0.799366 -0.255407 0.543857
-0.924499 -0.128534 0.358861
-0.887510 0.278771 0.366896
-0.928341 0.071423 0.364804
-0.905281 0.045972 0.422318
0.723576 0.690235 -0.003554
0.454156 0.887813 0.074366
0.723675 0.690069 -0.009979
0.846648 0.528216 -0.064620
0.723576 0.690235 -0.003554
0.723675 0.690069 -0.009979
-0.358722 -0.318861 0.877295
-0.422774 -0.327979 0.844803
-0.484417 -0.352228 0.800796
-0.200458 -0.211898 0.956512
-0.254983 -0.332060 0.908141
-0.293788 -0.446430 0.845215
0.937516 -0.210853 0.276775
0.875745 -0.139150 0.462286
0.801841 -0.261441 0.537308
0.683303 -0.606767 0.406117
0.872864 -0.457234 0.170426
0.824881 -0.433909 0.362347
-0.884210 -0.378205 0.274105
-0.789422 -0.403213 0.462852
-0.799366 -0.255407 0.543857
-0.543414 -0.752385 0.372314
-0.693376 -0.524145 0.494472
-0.798412 -0.569004 0.196909
0.777917 0.287811 0.558579
0.869395 0.021597 0.493646
0.893431 0.273770 0.356135
0.789779 0.458357 0.407623
0.669181 0.649435 0.361154
0.765587 0.469466 0.439862
-0.709574 -0.063334 -0.701779
-0.639607 -0.157615 -0.752370
-0.860237 -0.276074 -0.428689
-0.426900 -0.081376 -0.900630
-0.234127 -0.136095 -0.962633
-0.432943 -0.209602 -0.876714
0.549830 -0.318009 0.772371
0.580537 -0.309286 0.753206
0.594914 -0.313365 0.740189
0.332293 -0.142015 0.932423
0.459939 -0.081172 0.884233
0.453504 0.005772 0.891236
0.236915 -0.240247 0.941357
-0.135290 0.031845 0.990294
-0.077243 0.127385 0.988841
0.549830 -0.318009 0.772371
0.594914 -0.313365 0.740189
0.411848 -0.288401 0.864411
0.139761 -0.660614 0.737602
0.128679 -0.612221 0.780145
0.110570 -0.484849 0.867581
0.150920 -0.858134 0.490743
-0.156099 -0.926545 0.342269
-0.185569 -0.966387 0.177935
-0.356521 -0.861332 0.361940
-0.325394 -0.846471 0.421432
-0.543414 -0.752385 0.372314
-0.271134 0.114415 0.955717
-0.514005 0.140480 0.846206
-0.343269 0.181705 0.921493
-0.658273 -0.066183 0.749865
-0.656097 -0.119407 0.745170
-0.570241 -0.251504 0.782030
0.150920 -0.858134 0.490743
0.346798 -0.854483 0.386768
0.142450 -0.838200 0.526430
0.150920 -0.858134 0.490743
0.142450 -0.838200 0.526430
-0.156099 -0.926545 0.342269
0.252144 0.903175 -0.347418
0.028040 0.957488 -0.287107
0.201368 0.977781 -0.058270
0.454156 0.887813 0.074366
0.261037 0.957135 0.125509
0.426332 0.839146 0.337750
0.869395 0.021597 0.493646
0.982427 -0.010232 0.186367
0.893431 0.273770 0.356135
0.875745 -0.139150 0.462286
0.833276 -0.149091 0.532375
0.801841 -0.261441 0.537308
0.206383 -0.054145 -0.976972
0.519736 -0.075206 -0.851010
0.430189 -0.211818 -0.877537
0.609468 -0.241914 -0.755001
0.722404 -0.091748 -0.685357
0.859839 -0.281599 -0.425885
0.316183 0.311002 -0.896273
0.193215 0.181800 -0.964166
0.114197 0.195373 -0.974058
0.543532 0.454035 -0.705993
0.423395 0.505532 -0.751780
0.532778 0.729037 -0.429713
-0.776538 0.523973 -0.349917
-0.905019 0.318239 -0.282248
-0.864783 0.498682 -0.058876
-0.910483 0.330407 -0.248702
-0.938637 0.064999 -0.338726
-0.905019 0.318239 -0.282248
-0.234127 -0.136095 -0.962633
-0.138692 -0.253844 -0.957250
-0.279356 -0.369697 -0.886163
0.077850 -0.110464 -0.990826
-0.138692 -0.253844 -0.957250
-0.120928 -0.059189 -0.990895
-0.307197 -0.222884 0.925177
0.087838 0.087989 0.992241
0.275235 0.231336 0.933129
-0.243434 0.601047 0.761238
-0.355021 0.310100 0.881929
-0.456738 0.273518 0.846510
0.027472 0.293389 0.955598
-0.024621 0.533156 0.845659
0.068598 0.386759 0.919626
-0.227962 0.872471 -0.432235
-0.286185 0.957621 -0.032568
0.028040 0.957488 -0.287107
-0.624771 0.693479 -0.358814
-0.771978 0.579877 -0.260369
-0.649363 0.759968 -0.027851
-0.666487 -0.654447 0.357062
-0.543414 -0.752385 0.372314
-0.511404 -0.654876 0.556420
-0.543414 -0.752385 0.372314
-0.325394 -0.846471 0.421432
-0.511404 -0.654876 0.556420
0.453504 0.005772 0.891236
0.551463 -0.087896 0.829556
0.346904 0.199296 0.916482
0.346904 0.199296 0.916482
0.472938 0.423448 0.772671
0.401229 0.300486 0.865288
-0.276570 -0.271091 0.921965
-0.200458 -0.211898 0.956512
-0.293788 -0.446430 0.845215
-0.165899 -0.661308 0.731539
-0.078270 -0.650990 0.755040
0.139761 -0.660614 0.737602
-0.004940 0.933787 0.357796
-0.238197 0.876544 0.418249
0.025810 0.826460 0.562404
-0.004940 0.933787 0.357796
0.025810 0.826460 0.562404
0.154877 0.919048 0.362443
0.154152 -0.236787 -0.959254
0.206383 -0.054145 -0.976972
0.239645 -0.274253 -0.931319
0.107380 0.094829 -0.989685
0.268718 0.057702 -0.961489
0.141270 -0.033637 -0.989399
0.402482 0.789729 0.462966
0.393303 0.745235 0.538458
0.497328 0.675844 0.543966
0.402482 0.789729 0.462966
0.314053 0.928561 0.197853
0.254830 0.830467 0.495365
-0.394599 0.137387 0.908524
-0.514005 0.140480 0.846206
-0.271134 0.114415 0.955717
-0.487853 0.354397 0.797748
-0.394599 0.137387 0.908524
-0.355021 0.310100 0.881929
0.770870 0.531166 -0.351599
0.706903 0.681450 -0.189510
0.846648 0.528216 -0.064620
0.885002 -0.145273 -0.442342
0.906951 0.344281 -0.242716
0.909129 0.311566 -0.276425
-0.016512 0.737352 0.675307
0.047658 0.810458 0.583854
0.125188 0.719701 0.682904
0.186875 0.572499 0.798325
0.010063 0.415190 0.909679
0.103836 0.469343 0.876889
0.885002 -0.145273 -0.442342
0.909129 0.311566 -0.276425
0.946686 0.088312 -0.309817
0.859839 -0.281599 -0.425885
0.989278 -0.137480 -0.049280
0.866154 -0.460253 -0.194792
0.173741 -0.878765 -0.444507
0.312287 -0.883926 -0.348069
0.386870 -0.919924 -0.063803
0.567833 -0.781776 -0.257667
0.743172 -0.569472 -0.351279
0.565121 -0.780105 -0.268467
0.225683 0.265025 0.937459
0.123131 0.365579 0.922600
-0.100161 -0.272823 0.956836
0.148469 0.517393 0.842770
0.103836 0.469343 0.876889
0.312649 0.538521 0.782461
-0.324418 0.111003 -0.939378
-0.709574 -0.063334 -0.701779
-0.496566 0.244663 -0.832804
-0.417609 0.200106 -0.886318
-0.576626 0.385236 -0.720483
-0.356971 0.557731 -0.749338
-0.136358 -0.722273 -0.678032
0.137183 -0.748910 -0.648317
0.173741 -0.878765 -0.444507
-0.141940 -0.494417 -0.857558
0.004431 -0.205547 -0.978637
0.126791 -0.494277 -0.860008
-0.332200 0.197962 0.922201
0.099173 -0.118778 0.987956
0.097988 -0.147525 0.984192
-0.938637 0.064999 -0.338726
-0.960962 -0.159668 -0.225962
-0.905019 0.318239 -0.282248
-0.919780 -0.141226 -0.366142
-0.860237 -0.276074 -0.428689
-0.960962 -0.159668 -0.225962
-0.341147 -0.853294 -0.394346
-0.344616 -0.845544 -0.407793
-0.584249 -0.759236 -0.286730
-0.202057 -0.911183 -0.359053
0.173741 -0.878765 -0.444507
-0.142600 -0.967431 -0.209149
-0.735791 -0.582307 -0.345732
-0.584249 -0.759236 -0.286730
-0.739480 -0.670596 -0.058908
-0.860237 -0.276074 -0.428689
-0.881195 -0.469325 -0.056819
-0.960962 -0.159668 -0.225962
0.225683 0.265025 0.937459
-0.100161 -0.272823 0.956836
-0.169332 -0.148415 0.974320
-0.135290 0.031845 0.990294
0.386019 -0.073265 0.919577
-0.139762 -0.032188 0.989662
0.246682 0.455748 -0.855243
0.316183 0.311002 -0.896273
0.114197 0.195373 -0.974058
-0.005449 0.484640 -0.874696
0.313825 0.666382 -0.676349
0.246682 0.455748 -0.855243
0.743172 -0.569472 -0.351279
0.764340 -0.641953 -0.060665
0.565121 -0.780105 -0.268467
0.843722 -0.399857 -0.358117
0.859839 -0.281599 -0.425885
0.866154 -0.460253 -0.194792
0.266599 -0.419795 -0.867581
0.192754 -0.662664 -0.723686
0.137183 -0.748910 -0.648317
0.239645 -0.274253 -0.931319
0.598946 -0.376698 -0.706655
0.564999 -0.330949 -0.755810
-0.214353 -0.275460 -0.937110
-0.225383 -0.677862 -0.699790
-0.371813 -0.400722 -0.837363
-0.279356 -0.369697 -0.886163
-0.543105 -0.445380 -0.711811
-0.645118 -0.354591 -0.676822
-0.789422 -0.403213 0.462852
-0.693376 -0.524145 0.494472
-0.755453 -0.374124 0.537887
-0.693376 -0.524145 0.494472
-0.697174 -0.290725 0.655307
-0.622767 -0.313784 0.716730
0.551463 -0.087896 0.829556
0.730736 -0.175058 0.659832
0.751275 -0.082235 0.654847
0.594914 -0.313365 0.740189
0.580537 -0.309286 0.753206
0.604555 -0.136059 0.784857
0.034663 0.969572 -0.242342
-0.227962 0.872471 -0.432235
0.028040 0.957488 -0.287107
0.034663 0.969572 -0.242342
0.028040 0.957488 -0.287107
0.252144 0.903175 -0.347418
-0.595636 -0.764569 -0.246278
-0.341147 -0.853294 -0.394346
-0.584249 -0.759236 -0.286730
-0.595636 -0.764569 -0.246278
-0.584249 -0.759236 -0.286730
-0.735791 -0.582307 -0.345732
-0.570241 -0.251504 0.782030
-0.440463 -0.264710 0.857858
-0.658273 -0.066183 0.749865
-0.240823 -0.060947 0.968653
-0.240821 -0.298897 0.923399
0.108678 0.046590 0.992985
0.020721 0.328988 -0.944107
-0.276947 0.651904 -0.705918
0.081911 0.547086 -0.833059
-0.005449 0.484640 -0.874696
0.175744 0.680574 -0.711289
0.313825 0.666382 -0.676349
0.581876 0.672574 0.457237
0.408401 0.690124 0.597443
0.473753 0.457759 0.752339
0.497328 0.675844 0.543966
0.393303 0.745235 0.538458
0.321416 0.619017 0.716596
0.512787 -0.046375 0.857262
0.594914 -0.313365 0.740189
0.604555 -0.136059 0.784857
0.262973 -0.056454 0.963150
0.394960 0.105703 0.912597
-0.135290 0.031845 0.990294
-0.304132 0.283104 -0.909591
-0.244231 0.158238 -0.956719
-0.417609 0.200106 -0.886318
0.020721 0.328988 -0.944107
-0.257096 0.467682 -0.845680
-0.276947 0.651904 -0.705918
-0.164696 0.840184 0.516688
-0.431430 0.771148 0.468188
-0.302962 0.609536 0.732584
-0.016512 0.737352 0.675307
-0.238197 0.876544 0.418249
-0.164696 0.840184 0.516688
-0.928341 0.071423 0.364804
-0.978145 -0.111821 0.175296
-0.924499 -0.128534 0.358861
-0.884210 -0.378205 0.274105
-0.960812 -0.270174 0.062014
-0.789422 -0.403213 0.462852
0.252144 0.903175 -0.347418
0.201368 0.977781 -0.058270
0.230369 0.937902 -0.259366
0.532778 0.729037 -0.429713
0.437939 0.897177 -0.057303
0.706903 0.681450 -0.189510
-0.864783 0.498682 -0.058876
-0.884891 0.303101 0.353692
-0.859198 0.473334 0.194251
-0.649363 0.759968 -0.027851
-0.803832 0.593298 -0.043025
-0.773968 0.629500 0.068583
-0.219310 0.906004 0.362023
-0.406874 0.896058 0.177577
-0.414870 0.836615 0.357711
-0.649363 0.759968 -0.027851
-0.617866 0.728861 0.294963
-0.470313 0.882311 0.018244
0.690468 0.246461 0.680082
0.595753 0.426181 0.680770
0.736257 0.334119 0.588464
0.893431 0.273770 0.356135
0.765587 0.469466 0.439862
0.777917 0.287811 0.558579
0.562740 -0.777840 0.279800
0.468056 -0.644193 0.604929
0.346798 -0.854483 0.386768
0.385275 -0.769596 0.509201
0.449105 -0.582561 0.677442
0.229410 -0.681190 0.695234
0.087838 0.087989 0.992241
-0.276570 -0.271091 0.921965
0.030545 0.198232 0.979679
0.937516 -0.210853 0.276775
0.936939 -0.344429 0.059278
0.875745 -0.139150 0.462286
0.683303 -0.606767 0.406117
0.880760 -0.473467 -0.009572
0.872864 -0.457234 0.170426
-0.523355 -0.510404 0.682340
-0.420685 -0.605682 0.675407
-0.511497 -0.629519 0.584873
-0.358722 -0.318861 0.877295
-0.484417 -0.352228 0.800796
-0.254983 -0.332060 0.908141
0.491989 0.825569 0.276374
0.616209 0.784929 0.064600
0.402482 0.789729 0.462966
0.789779 0.458357 0.407623
0.723675 0.690069 -0.009979
0.705319 0.686877 0.175287
0.312649 0.538521 0.782461
0.200867 0.473787 0.857425
0.480132 0.466635 0.742782
0.215457 0.413481 0.884653
0.103836 0.469343 0.876889
0.225683 0.265025 0.937459
0.239645 -0.274253 -0.931319
0.482569 -0.227315 -0.845846
0.598946 -0.376698 -0.706655
0.430189 -0.211818 -0.877537
0.722404 -0.091748 -0.685357
0.609468 -0.241914 -0.755001
-0.426900 -0.081376 -0.900630
-0.639607 -0.157615 -0.752370
-0.709574 -0.063334 -0.701779
-0.324418 0.111003 -0.939378
-0.565187 0.115278 -0.816868
-0.709574 -0.063334 -0.701779
0.501330 0.159655 -0.850399
0.297440 0.139952 -0.944427
0.722404 -0.091748 -0.685357
0.519736 -0.075206 -0.851010
0.722404 -0.091748 -0.685357
0.430189 -0.211818 -0.877537
-0.773218 -0.622121 0.122875
-0.888827 -0.452194 0.074211
-0.776709 -0.627829 -0.050531
-0.735791 -0.582307 -0.345732
-0.739480 -0.670596 -0.058908
-0.738666 -0.624489 -0.253743
0.488844 0.436793 -0.755144
0.297440 0.139952 -0.944427
0.543532 0.454035 -0.705993
0.722404 -0.091748 -0.685357
0.297440 0.139952 -0.944427
0.492859 0.255780 -0.831665
0.141270 -0.033637 -0.989399
0.000333 -0.005904 -0.999982
0.107380 0.094829 -0.989685
0.009153 0.134600 -0.990858
0.074828 0.226825 -0.971057
0.107380 0.094829 -0.989685
-0.888827 -0.452194 0.074211
-0.773218 -0.622121 0.122875
-0.837719 -0.428900 0.338041
-0.693376 -0.524145 0.494472
-0.789422 -0.403213 0.462852
-0.798412 -0.569004 0.196909
-0.674752 0.526435 0.517278
-0.778848 0.365149 0.509963
-0.642146 0.333577 0.690199
-0.451038 0.284748 0.845862
-0.487853 0.354397 0.797748
-0.355021 0.310100 0.881929
-0.324418 0.111003 -0.939378
-0.496566 0.244663 -0.832804
-0.573812 0.386957 -0.721806
-0.573812 0.386957 -0.721806
-0.496566 0.244663 -0.832804
-0.910483 0.330407 -0.248702
0.201368 0.977781 -0.058270
0.227731 0.912331 0.340280
0.261037 0.957135 0.125509
0.454156 0.887813 0.074366
0.260616 0.963994 -0.052877
0.261037 0.957135 0.125509
0.931287 -0.143948 0.334640
0.984641 -0.155721 0.078944
0.990688 0.041171 0.129779
0.875745 -0.139150 0.462286
0.982427 -0.010232 0.186367
0.869395 0.021597 0.493646
0.730736 -0.175058 0.659832
0.869395 0.021597 0.493646
0.751275 -0.082235 0.654847
0.751275 -0.082235 0.654847
0.869395 0.021597 0.493646
0.690468 0.246461 0.680082
0.173741 -0.878765 -0.444507
0.386870 -0.919924 -0.063803
0.169356 -0.983780 -0.059128
0.173741 -0.878765 -0.444507
0.169356 -0.983780 -0.059128
-0.142600 -0.967431 -0.209149
-0.431430 0.771148 0.468188
-0.553303 0.614932 0.561884
-0.302962 0.609536 0.732584
-0.164696 0.840184 0.516688
-0.414870 0.836615 0.357711
-0.431430 0.771148 0.468188
-0.185569 -0.966387 0.177935
-0.156099 -0.926545 0.342269
-0.356521 -0.861332 0.361940
-0.131531 -0.990917 0.027981
0.150920 -0.858134 0.490743
-0.185569 -0.966387 0.177935
-0.533472 0.259784 0.804934
-0.726500 -0.035055 0.686271
-0.583572 -0.012893 0.811959
-0.583572 -0.012893 0.811959
-0.656097 -0.119407 0.745170
-0.658273 -0.066183 0.749865
0.148469 0.517393 0.842770
0.186875 0.572499 0.798325
0.103836 0.469343 0.876889
0.254830 0.830467 0.495365
0.125188 0.719701 0.682904
0.254541 0.702865 0.664221
0.480132 0.466635 0.742782
0.200867 0.473787 0.857425
0.295145 0.433659 0.851369
0.480132 0.466635 0.742782
0.295145 0.433659 0.851369
0.401229 0.300486 0.865288
0.020721 0.328988 -0.944107
0.081911 0.547086 -0.833059
0.188639 0.628009 -0.754996
0.188639 0.628009 -0.754996
0.081911 0.547086 -0.833059
0.034663 0.969572 -0.242342
-0.214353 -0.275460 -0.937110
-0.371813 -0.400722 -0.837363
-0.521353 -0.396397 -0.755685
-0.521353 -0.396397 -0.755685
-0.371813 -0.400722 -0.837363
-0.595636 -0.764569 -0.246278
-0.706680 0.212585 0.674842
-0.905281 0.045972 0.422318
-0.851414 0.101484 0.514583
-0.866692 -0.169698 0.469092
-0.924499 -0.128534 0.358861
-0.733221 -0.316677 0.601750
-0.420685 -0.605682 0.675407
-0.325394 -0.846471 0.421432
-0.361125 -0.773635 0.520651
-0.154891 -0.872517 0.463382
-0.156099 -0.926545 0.342269
0.126031 -0.674015 0.727887
0.764340 -0.641953 -0.060665
0.881222 -0.472597 -0.009998
0.880760 -0.473467 -0.009572
0.743172 -0.569472 -0.351279
0.866154 -0.460253 -0.194792
0.764340 -0.641953 -0.060665
0.580537 -0.309286 0.753206
0.816285 -0.344812 0.463448
0.786263 -0.178987 0.591400
0.579741 -0.599321 0.552010
0.824881 -0.433909 0.362347
0.816285 -0.344812 0.463448
-0.410188 -0.429359 0.804609
-0.197236 -0.698814 0.687573
-0.173070 -0.559192 0.810772
-0.173070 -0.559192 0.810772
-0.078270 -0.650990 0.755040
-0.165899 -0.661308 0.731539
-0.358722 -0.318861 0.877295
-0.254983 -0.332060 0.908141
-0.258029 -0.226732 0.939156
-0.307197 -0.222884 0.925177
-0.258029 -0.226732 0.939156
0.087838 0.087989 0.992241
-0.432943 -0.209602 -0.876714
-0.279356 -0.369697 -0.886163
-0.645118 -0.354591 -0.676822
-0.426900 -0.081376 -0.900630
-0.432943 -0.209602 -0.876714
-0.645118 -0.354591 -0.676822
-0.573812 0.386957 -0.721806
-0.910483 0.330407 -0.248702
-0.776538 0.523973 -0.349917
-0.910483 0.330407 -0.248702
-0.905019 0.318239 -0.282248
-0.776538 0.523973 -0.349917
0.891371 0.281647 0.355150
0.921460 0.348041 -0.172564
0.846648 0.528216 -0.064620
0.770870 0.531166 -0.351599
0.846648 0.528216 -0.064620
0.909129 0.311566 -0.276425
-0.324418 0.111003 -0.939378
-0.257008 0.016990 -0.966260
-0.565187 0.115278 -0.816868
-0.244231 0.158238 -0.956719
-0.257008 0.016990 -0.966260
-0.417609 0.200106 -0.886318
-0.693376 -0.524145 0.494472
-0.622148 -0.416258 0.663070
-0.697174 -0.290725 0.655307
-0.422774 -0.327979 0.844803
-0.358722 -0.318861 0.877295
-0.570241 -0.251504 0.782030
-0.136423 0.214914 0.967058
-0.360228 0.165631 0.918043
0.097988 -0.147525 0.984192
-0.243434 0.601047 0.761238
-0.456738 0.273518 0.846510
-0.244204 0.461783 0.852714
0.360875 -0.481291 0.798829
0.549830 -0.318009 0.772371
0.263713 -0.316267 0.911280
0.449105 -0.582561 0.677442
0.588726 -0.433950 0.681974
0.488602 -0.638434 0.594702
0.246682 0.455748 -0.855243
0.114197 0.195373 -0.974058
0.074828 0.226825 -0.971057
-0.005449 0.484640 -0.874696
0.246682 0.455748 -0.855243
0.074828 0.226825 -0.971057
-0.253549 0.680044 0.687934
-0.302962 0.609536 0.732584
-0.192109 0.553039 0.810704
-0.243434 0.601047 0.761238
-0.446269 0.610367 0.654444
-0.451038 0.284748 0.845862
0.639396 0.677944 -0.362718
0.532778 0.729037 -0.429713
0.706903 0.681450 -0.189510
0.770870 0.531166 -0.351599
0.639396 0.677944 -0.362718
0.706903 0.681450 -0.189510
-0.864783 0.498682 -0.058876
-0.905019 0.318239 -0.282248
-0.912126 0.373356 -0.169211
-0.912126 0.373356 -0.169211
-0.905019 0.318239 -0.282248
-0.982891 0.034470 -0.180934
0.453504 0.005772 0.891236
0.346904 0.199296 0.916482
0.272113 0.164129 0.948165
0.386019 -0.073265 0.919577
0.272113 0.164129 0.948165
-0.139762 -0.032188 0.989662
-0.887510 0.278771 0.366896
-0.781358 0.281302 0.557090
-0.811234 0.432906 0.393054
-0.778848 0.365149 0.509963
-0.706680 0.212585 0.674842
-0.642146 0.333577 0.690199
0.737253 0.367650 0.566825
0.473753 0.457759 0.752339
0.595753 0.426181 0.680770
0.690468 0.246461 0.680082
0.737253 0.367650 0.566825
0.595753 0.426181 0.680770
0.562740 -0.777840 0.279800
0.684773 -0.580747 0.440248
0.468056 -0.644193 0.604929
0.449105 -0.582561 0.677442
0.579741 -0.599321 0.552010
0.588726 -0.433950 0.681974
0.316183 0.311002 -0.896273
0.423395 0.505532 -0.751780
0.543532 0.454035 -0.705993
0.246682 0.455748 -0.855243
0.313825 0.666382 -0.676349
0.316183 0.311002 -0.896273
0.386870 -0.919924 -0.063803
0.577732 -0.798899 -0.167292
0.562740 -0.777840 0.279800
0.312287 -0.883926 -0.348069
0.565121 -0.780105 -0.268467
0.386870 -0.919924 -0.063803
0.077850 -0.110464 -0.990826
-0.055677 -0.279533 -0.958521
-0.138692 -0.253844 -0.957250
-0.138692 -0.253844 -0.957250
-0.055677 -0.279533 -0.958521
-0.214353 -0.275460 -0.937110
-0.257096 0.467682 -0.845680
-0.304132 0.283104 -0.909591
-0.276947 0.651904 -0.705918
-0.276947 0.651904 -0.705918
-0.356971 0.557731 -0.749338
-0.624771 0.693479 -0.358814
0.254830 0.830467 0.495365
0.116307 0.835145 0.537592
0.125188 0.719701 0.682904
-0.004940 0.933787 0.357796
0.154877 0.919048 0.362443
0.254830 0.830467 0.495365
0.549830 -0.318009 0.772371
0.411848 -0.288401 0.864411
0.263713 -0.316267 0.911280
0.207086 -0.226906 0.951645
0.236915 -0.240247 0.941357
-0.077243 0.127385 0.988841
0.126031 -0.674015 0.727887
0.229410 -0.681190 0.695234
0.139761 -0.660614 0.737602
0.126031 -0.674015 0.727887
0.139761 -0.660614 0.737602
-0.078270 -0.650990 0.755040
0.141270 -0.033637 -0.989399
0.206383 -0.054145 -0.976972
0.154152 -0.236787 -0.959254
0.077850 -0.110464 -0.990826
0.154152 -0.236787 -0.959254
0.004431 -0.205547 -0.978637
0.192754 -0.662664 -0.723686
0.239645 -0.274253 -0.931319
0.315911 -0.439586 -0.840812
0.192754 -0.662664 -0.723686
0.315911 -0.439586 -0.840812
0.567833 -0.781776 -0.257667
-0.924499 -0.128534 0.358861
-0.799366 -0.255407 0.543857
-0.733221 -0.316677 0.601750
-0.693376 -0.524145 0.494472
-0.622767 -0.313784 0.716730
-0.755453 -0.374124 0.537887
0.313825 0.666382 -0.676349
0.252144 0.903175 -0.347418
0.401912 0.796329 -0.452024
0.401912 0.796329 -0.452024
0.252144 0.903175 -0.347418
0.230369 0.937902 -0.259366
0.737253 0.367650 0.566825
0.669181 0.649435 0.361154
0.581876 0.672574 0.457237
0.581876 0.672574 0.457237
0.669181 0.649435 0.361154
0.408401 0.690124 0.597443
-0.227962 0.872471 -0.432235
-0.490435 0.843641 -0.218502
-0.286185 0.957621 -0.032568
-0.286185 0.957621 -0.032568
-0.536487 0.843801 -0.013476
-0.219310 0.906004 0.362023
0.103836 0.469343 0.876889
0.010063 0.415190 0.909679
0.027472 0.293389 0.955598
0.123131 0.365579 0.922600
0.063164 0.343802 0.936916
-0.059235 -0.175156 0.982757
-0.248500 -0.068950 -0.966175
-0.234127 -0.136095 -0.962633
-0.426900 -0.081376 -0.900630
-0.510689 -0.098126 -0.854147
-0.426900 -0.081376 -0.900630
-0.709574 -0.063334 -0.701779
-0.645118 -0.354591 -0.676822
-0.735791 -0.582307 -0.345732
-0.792594 -0.409680 -0.451616
-0.792594 -0.409680 -0.451616
-0.735791 -0.582307 -0.345732
-0.738666 -0.624489 -0.253743
-0.974599 -0.223932 -0.003339
-0.983850 -0.177050 0.026296
-0.928341 0.071423 0.364804
-0.928341 0.071423 0.364804
-0.983850 -0.177050 0.026296
-0.978145 -0.111821 0.175296
-0.102023 -0.237158 0.966099
0.138894 -0.267746 0.953426
0.030545 0.198232 0.979679
-0.276570 -0.271091 0.921965
-0.293788 -0.446430 0.845215
-0.204320 -0.481456 0.852323
-0.355021 0.310100 0.881929
-0.394599 0.137387 0.908524
-0.271134 0.114415 0.955717
-0.332200 0.197962 0.922201
-0.292367 0.173462 0.940443
0.099173 -0.118778 0.987956
0.020721 0.328988 -0.944107
-0.206663 0.179059 -0.961888
-0.257096 0.467682 -0.845680
-0.257096 0.467682 -0.845680
-0.206663 0.179059 -0.961888
-0.304132 0.283104 -0.909591
0.275235 0.231336 0.933129
0.472715 0.444247 0.761042
0.560143 0.449790 0.695650
0.915781 -0.126040 0.381390
0.108678 0.046590 0.992985
0.548709 0.541931 0.636576
-0.279356 -0.369697 -0.886163
-0.138692 -0.253844 -0.957250
-0.214353 -0.275460 -0.937110
-0.279356 -0.369697 -0.886163
-0.214353 -0.275460 -0.937110
-0.521353 -0.396397 -0.755685
0.694425 -0.118415 0.709755
0.869395 0.021597 0.493646
0.730736 -0.175058 0.659832
0.875745 -0.139150 0.462286
0.869395 0.021597 0.493646
0.833276 -0.149091 0.532375
0.743172 -0.569472 -0.351279
0.598946 -0.376698 -0.706655
0.843722 -0.399857 -0.358117
0.743172 -0.569472 -0.351279
0.843722 -0.399857 -0.358117
0.866154 -0.460253 -0.194792
-0.905019 0.318239 -0.282248
-0.960962 -0.159668 -0.225962
-0.982891 0.034470 -0.180934
-0.974599 -0.223932 -0.003339
-0.960962 -0.159668 -0.225962
-0.888827 -0.452194 0.074211
-0.087447 -0.996150 -0.006248
-0.131531 -0.990917 0.027981
-0.356521 -0.861332 0.361940
-0.131531 -0.990917 0.027981
-0.185569 -0.966387 0.177935
-0.356521 -0.861332 0.361940
-0.276947 0.651904 -0.705918
-0.624771 0.693479 -0.358814
-0.417798 0.834530 -0.359172
-0.417798 0.834530 -0.359172
-0.624771 0.693479 -0.358814
-0.490435 0.843641 -0.218502
-0.617866 0.728861 0.294963
-0.553303 0.614932 0.561884
-0.414870 0.836615 0.357711
-0.431430 0.771148 0.468188
-0.414870 0.836615 0.357711
-0.553303 0.614932 0.561884
-0.536487 0.843801 -0.013476
-0.470313 0.882311 0.018244
-0.219310 0.906004 0.362023
-0.219310 0.906004 0.362023
-0.470313 0.882311 0.018244
-0.406874 0.896058 0.177577
-0.214353 -0.275460 -0.937110
-0.141940 -0.494417 -0.857558
-0.225383 -0.677862 -0.699790
-0.141940 -0.494417 -0.857558
0.137183 -0.748910 -0.648317
-0.136358 -0.722273 -0.678032
-0.453104 -0.718504 0.527683
-0.100161 -0.272823 0.956836
-0.128470 -0.660093 0.740116
-0.059235 -0.175156 0.982757
0.097988 -0.147525 0.984192
0.191593 -0.754691 0.627482
-0.120928 -0.059189 -0.990895
-0.138692 -0.253844 -0.957250
-0.234127 -0.136095 -0.962633
-0.120928 -0.059189 -0.990895
-0.234127 -0.136095 -0.962633
-0.248500 -0.068950 -0.966175
0.885002 -0.145273 -0.442342
0.946686 0.088312 -0.309817
0.989278 -0.137480 -0.049280
0.990688 0.041171 0.129779
0.984641 -0.155721 0.078944
0.998308 0.010366 -0.057224
0.099173 -0.118778 0.987956
0.108678 0.046590 0.992985
0.915781 -0.126040 0.381390
0.505241 -0.471092 0.723051
0.099173 -0.118778 0.987956
0.323842 -0.193335 0.926147
-0.343269 0.181705 0.921493
-0.240823 -0.060947 0.968653
0.108678 0.046590 0.992985
-0.514005 0.140480 0.846206
-0.513745 -0.091904 0.853006
-0.343269 0.181705 0.921493
0.501330 0.159655 -0.850399
0.233406 0.038450 -0.971619
0.268718 0.057702 -0.961489
0.268718 0.057702 -0.961489
0.233406 0.038450 -0.971619
0.141270 -0.033637 -0.989399
-0.570241 -0.251504 0.782030
-0.358722 -0.318861 0.877295
-0.413875 -0.214763 0.884638
-0.413875 -0.214763 0.884638
-0.358722 -0.318861 0.877295
-0.326765 -0.080048 0.941709
0.891371 0.281647 0.355150
0.846648 0.528216 -0.064620
0.828000 0.512916 0.226568
0.893431 0.273770 0.356135
0.789779 0.458357 0.407623
0.765587 0.469466 0.439862
-0.341147 -0.853294 -0.394346
-0.142600 -0.967431 -0.209149
-0.344616 -0.845544 -0.407793
-0.334100 -0.935670 -0.113572
-0.087447 -0.996150 -0.006248
-0.356521 -0.861332 0.361940
0.040968 0.276767 -0.960063
0.020721 0.328988 -0.944107
-0.005449 0.484640 -0.874696
0.020721 0.328988 -0.944107
0.188639 0.628009 -0.754996
-0.005449 0.484640 -0.874696
0.128679 -0.612221 0.780145
0.360875 -0.481291 0.798829
0.263713 -0.316267 0.911280
0.449105 -0.582561 0.677442
0.488602 -0.638434 0.594702
0.229410 -0.681190 0.695234
-0.101415 0.095348 -0.990264
0.000333 -0.005904 -0.999982
-0.140813 0.045800 -0.988976
0.107380 0.094829 -0.989685
0.000333 -0.005904 -0.999982
0.009153 0.134600 -0.990858
0.430189 -0.211818 -0.877537
0.598946 -0.376698 -0.706655
0.482569 -0.227315 -0.845846
0.206383 -0.054145 -0.976972
0.430189 -0.211818 -0.877537
0.482569 -0.227315 -0.845846
0.512787 -0.046375 0.857262
0.604555 -0.136059 0.784857
0.459939 -0.081172 0.884233
0.459939 -0.081172 0.884233
0.604555 -0.136059 0.784857
0.453504 0.005772 0.891236
0.937516 -0.210853 0.276775
0.801841 -0.261441 0.537308
0.824881 -0.433909 0.362347
0.816285 -0.344812 0.463448
0.824881 -0.433909 0.362347
0.786263 -0.178987 0.591400
0.764340 -0.641953 -0.060665
0.747612 -0.628147 0.215654
0.562740 -0.777840 0.279800
0.562740 -0.777840 0.279800
0.683303 -0.606767 0.406117
0.684773 -0.580747 0.440248
-0.484417 -0.352228 0.800796
-0.511497 -0.629519 0.584873
-0.410188 -0.429359 0.804609
-0.410188 -0.429359 0.804609
-0.511497 -0.629519 0.584873
-0.197236 -0.698814 0.687573
0.501330 0.159655 -0.850399
0.722404 -0.091748 -0.685357
0.519736 -0.075206 -0.851010
0.501330 0.159655 -0.850399
0.519736 -0.075206 -0.851010
0.233406 0.038450 -0.971619
0.201368 0.977781 -0.058270
0.028040 0.957488 -0.287107
0.071492 0.981714 -0.176425
0.071492 0.981714 -0.176425
0.028040 0.957488 -0.287107
-0.286185 0.957621 -0.032568
-0.523355 -0.510404 0.682340
-0.693376 -0.524145 0.494472
-0.587525 -0.611334 0.530175
-0.666487 -0.654447 0.357062
-0.693376 -0.524145 0.494472
-0.543414 -0.752385 0.372314
-0.739480 -0.670596 -0.058908
-0.584249 -0.759236 -0.286730
-0.636197 -0.751102 -0.176349
-0.636197 -0.751102 -0.176349
-0.584249 -0.759236 -0.286730
-0.334100 -0.935670 -0.113572
0.402482 0.789729 0.462966
0.254830 0.830467 0.495365
0.393303 0.745235 0.538458
0.393303 0.745235 0.538458
0.254830 0.830467 0.495365
0.321416 0.619017 0.716596
0.998308 0.010366 -0.057224
0.909129 0.311566 -0.276425
0.921460 0.348041 -0.172564
0.921460 0.348041 -0.172564
0.909129 0.311566 -0.276425
0.846648 0.528216 -0.064620
0.316183 0.311002 -0.896273
0.543532 0.454035 -0.705993
0.347483 0.389257 -0.853074
0.543532 0.454035 -0.705993
0.297440 0.139952 -0.944427
0.347483 0.389257 -0.853074
0.551463 -0.087896 0.829556
0.736257 0.334119 0.588464
0.536577 0.288067 0.793160
0.536577 0.288067 0.793160
0.736257 0.334119 0.588464
0.472938 0.423448 0.772671
0.565121 -0.780105 -0.268467
0.764340 -0.641953 -0.060665
0.577732 -0.798899 -0.167292
0.565121 -0.780105 -0.268467
0.577732 -0.798899 -0.167292
0.386870 -0.919924 -0.063803
-0.131531 -0.990917 0.027981
0.135468 -0.932866 0.333780
0.150920 -0.858134 0.490743
0.135468 -0.932866 0.333780
0.388999 -0.892292 0.229117
0.150920 -0.858134 0.490743
-0.243434 0.601047 0.761238
-0.244204 0.461783 0.852714
-0.024621 0.533156 0.845659
-0.192109 0.553039 0.810704
-0.302962 0.609536 0.732584
-0.243434 0.601047 0.761238
0.875745 -0.139150 0.462286
0.936939 -0.344429 0.059278
0.931287 -0.143948 0.334640
0.875745 -0.139150 0.462286
0.931287 -0.143948 0.334640
0.990688 0.041171 0.129779
0.346798 -0.854483 0.386768
0.468056 -0.644193 0.604929
0.449105 -0.582561 0.677442
0.468056 -0.644193 0.604929
0.684773 -0.580747 0.440248
0.449105 -0.582561 0.677442
0.690468 0.246461 0.680082
0.869395 0.021597 0.493646
0.777917 0.287811 0.558579
0.765587 0.469466 0.439862
0.690468 0.246461 0.680082
0.777917 0.287811 0.558579
0.186875 0.572499 0.798325
0.047658 0.810458 0.583854
0.080920 0.587506 0.805164
0.047658 0.810458 0.583854
-0.253549 0.680044 0.687934
0.080920 0.587506 0.805164
-0.960812 -0.270174 0.062014
-0.837719 -0.428900 0.338041
-0.789422 -0.403213 0.462852
-0.837719 -0.428900 0.338041
-0.773218 -0.622121 0.122875
-0.789422 -0.403213 0.462852
0.616209 0.784929 0.064600
0.426332 0.839146 0.337750
0.402482 0.789729 0.462966
0.426332 0.839146 0.337750
0.261037 0.957135 0.125509
0.402482 0.789729 0.462966
-0.511404 -0.654876 0.556420
-0.325394 -0.846471 0.421432
-0.420685 -0.605682 0.675407
-0.666487 -0.654447 0.357062
-0.511404 -0.654876 0.556420
-0.420685 -0.605682 0.675407
0.488844 0.436793 -0.755144
0.770870 0.531166 -0.351599
0.906951 0.344281 -0.242716
0.906951 0.344281 -0.242716
0.770870 0.531166 -0.351599
0.909129 0.311566 -0.276425
-0.487853 0.354397 0.797748
-0.754570 0.296559 0.585386
-0.533472 0.259784 0.804934
-0.754570 0.296559 0.585386
-0.726500 -0.035055 0.686271
-0.533472 0.259784 0.804934
-0.811234 0.432906 0.393054
-0.781358 0.281302 0.557090
-0.706680 0.212585 0.674842
-0.781358 0.281302 0.557090
-0.905281 0.045972 0.422318
-0.706680 0.212585 0.674842
0.154877 0.919048 0.362443
0.025810 0.826460 0.562404
-0.016512 0.737352 0.675307
0.025810 0.826460 0.562404
-0.238197 0.876544 0.418249
-0.016512 0.737352 0.675307
-0.912126 0.373356 -0.169211
-0.982891 0.034470 -0.180934
-0.884891 0.303101 0.353692
-0.864783 0.498682 -0.058876
-0.912126 0.373356 -0.169211
-0.884891 0.303101 0.353692
-0.624771 0.693479 -0.358814
-0.649363 0.759968 -0.027851
-0.490435 0.843641 -0.218502
-0.536487 0.843801 -0.013476
-0.649363 0.759968 -0.027851
-0.470313 0.882311 0.018244
-0.588119 0.180387 0.788402
-0.139762 -0.032188 0.989662
-0.351598 -0.087050 0.932095
-0.139762 -0.032188 0.989662
-0.169332 -0.148415 0.974320
-0.640946 -0.152163 0.752352
-0.165899 -0.661308 0.731539
0.139761 -0.660614 0.737602
0.170854 -0.460609 0.871004
-0.102023 -0.237158 0.966099
-0.204320 -0.481456 0.852323
0.138894 -0.267746 0.953426
0.408401 0.690124 0.597443
0.422024 0.592941 0.685797
0.473753 0.457759 0.752339
0.321416 0.619017 0.716596
0.254830 0.830467 0.495365
0.391568 0.646491 0.654771
0.454156 0.887813 0.074366
0.230369 0.937902 -0.259366
0.260616 0.963994 -0.052877
0.706903 0.681450 -0.189510
0.437939 0.897177 -0.057303
0.454156 0.887813 0.074366
-0.077243 0.127385 0.988841
-0.135290 0.031845 0.990294
-0.588119 0.180387 0.788402
-0.588119 0.180387 0.788402
-0.135290 0.031845 0.990294
-0.139762 -0.032188 0.989662
0.492859 0.255780 -0.831665
0.297440 0.139952 -0.944427
0.488844 0.436793 -0.755144
0.492859 0.255780 -0.831665
0.488844 0.436793 -0.755144
0.906951 0.344281 -0.242716
-0.674752 0.526435 0.517278
-0.642146 0.333577 0.690199
-0.616650 0.422429 0.664301
-0.674752 0.526435 0.517278
-0.616650 0.422429 0.664301
-0.446269 0.610367 0.654444
0.097988 -0.147525 0.984192
0.099173 -0.118778 0.987956
0.505241 -0.471092 0.723051
0.191593 -0.754691 0.627482
0.097988 -0.147525 0.984192
0.505241 -0.471092 0.723051
-0.440463 -0.264710 0.857858
-0.413875 -0.214763 0.884638
-0.326765 -0.080048 0.941709
-0.513745 -0.091904 0.853006
-0.440463 -0.264710 0.857858
-0.240821 -0.298897 0.923399
0.332293 -0.142015 0.932423
0.512787 -0.046375 0.857262
0.459939 -0.081172 0.884233
0.394960 0.105703 0.912597
0.503037 -0.147193 0.851638
0.512787 -0.046375 0.857262
0.063284 0.699281 0.712040
0.030545 0.198232 0.979679
-0.347083 0.589607 0.729312
0.472715 0.444247 0.761042
0.030545 0.198232 0.979679
0.063284 0.699281 0.712040
0.239645 -0.274253 -0.931319
0.564999 -0.330949 -0.755810
0.315911 -0.439586 -0.840812
0.315911 -0.439586 -0.840812
0.564999 -0.330949 -0.755810
0.567833 -0.781776 -0.257667
-0.656097 -0.119407 0.745170
-0.689280 -0.227840 0.687737
-0.570241 -0.251504 0.782030
-0.697174 -0.290725 0.655307
-0.422774 -0.327979 0.844803
-0.570241 -0.251504 0.782030
-0.888827 -0.452194 0.074211
-0.738666 -0.624489 -0.253743
-0.776709 -0.627829 -0.050531
-0.960962 -0.159668 -0.225962
-0.881195 -0.469325 -0.056819
-0.888827 -0.452194 0.074211
0.225683 0.265025 0.937459
0.103836 0.469343 0.876889
0.123131 0.365579 0.922600
0.123131 0.365579 0.922600
0.103836 0.469343 0.876889
0.063164 0.343802 0.936916
0.312649 0.538521 0.782461
0.103836 0.469343 0.876889
0.215457 0.413481 0.884653
0.312649 0.538521 0.782461
0.215457 0.413481 0.884653
0.200867 0.473787 0.857425
0.200867 0.473787 0.857425
0.215457 0.413481 0.884653
0.225683 0.265025 0.937459
0.295145 0.433659 0.851369
0.200867 0.473787 0.857425
0.022726 0.391475 0.919908
0.068598 0.386759 0.919626
-0.136423 0.214914 0.967058
0.097988 -0.147525 0.984192
-0.024621 0.533156 0.845659
-0.244204 0.461783 0.852714
0.068598 0.386759 0.919626
0.567833 -0.781776 -0.257667
0.565121 -0.780105 -0.268467
0.312287 -0.883926 -0.348069
0.192754 -0.662664 -0.723686
0.567833 -0.781776 -0.257667
0.312287 -0.883926 -0.348069
-0.658273 -0.066183 0.749865
-0.440463 -0.264710 0.857858
-0.513745 -0.091904 0.853006
-0.658273 -0.066183 0.749865
-0.513745 -0.091904 0.853006
-0.514005 0.140480 0.846206
-0.851414 0.101484 0.514583
-0.924499 -0.128534 0.358861
-0.866692 -0.169698 0.469092
-0.851414 0.101484 0.514583
-0.866692 -0.169698 0.469092
-0.656097 -0.119407 0.745170
-0.347083 0.589607 0.729312
-0.077243 0.127385 0.988841
-0.588119 0.180387 0.788402
0.030545 0.198232 0.979679
-0.077243 0.127385 0.988841
-0.347083 0.589607 0.729312
-0.736057 0.560719 -0.379228
-0.864783 0.498682 -0.058876
-0.771978 0.579877 -0.260369
-0.803832 0.593298 -0.043025
-0.864783 0.498682 -0.058876
-0.773968 0.629500 0.068583
0.859839 -0.281599 -0.425885
0.722404 -0.091748 -0.685357
0.885002 -0.145273 -0.442342
0.859839 -0.281599 -0.425885
0.885002 -0.145273 -0.442342
0.989278 -0.137480 -0.049280
-0.406874 0.896058 0.177577
-0.470313 0.882311 0.018244
-0.617866 0.728861 0.294963
-0.406874 0.896058 0.177577
-0.617866 0.728861 0.294963
-0.414870 0.836615 0.357711
0.305312 0.148038 0.940675
0.401229 0.300486 0.865288
0.126251 0.237772 0.963081
0.346904 0.199296 0.916482
0.401229 0.300486 0.865288
0.272113 0.164129 0.948165
-0.361125 -0.773635 0.520651
-0.156099 -0.926545 0.342269
-0.154891 -0.872517 0.463382
-0.361125 -0.773635 0.520651
-0.154891 -0.872517 0.463382
-0.078270 -0.650990 0.755040
0.411848 -0.288401 0.864411
0.594914 -0.313365 0.740189
0.503037 -0.147193 0.851638
0.503037 -0.147193 0.851638
0.594914 -0.313365 0.740189
0.512787 -0.046375 0.857262
-0.156099 -0.926545 0.342269
0.142450 -0.838200 0.526430
0.126031 -0.674015 0.727887
0.142450 -0.838200 0.526430
0.346798 -0.854483 0.386768
0.126031 -0.674015 0.727887
-0.417609 0.200106 -0.886318
-0.573812 0.386957 -0.721806
-0.576626 0.385236 -0.720483
-0.576626 0.385236 -0.720483
-0.573812 0.386957 -0.721806
-0.736057 0.560719 -0.379228
0.472938 0.423448 0.772671
0.473753 0.457759 0.752339
0.480132 0.466635 0.742782
0.480132 0.466635 0.742782
0.473753 0.457759 0.752339
0.312649 0.538521 0.782461
0.609468 -0.241914 -0.755001
0.859839 -0.281599 -0.425885
0.598946 -0.376698 -0.706655
0.430189 -0.211818 -0.877537
0.609468 -0.241914 -0.755001
0.598946 -0.376698 -0.706655
0.313825 0.666382 -0.676349
0.401912 0.796329 -0.452024
0.532778 0.729037 -0.429713
0.532778 0.729037 -0.429713
0.401912 0.796329 -0.452024
0.437939 0.897177 -0.057303
0.604555 -0.136059 0.784857
0.580537 -0.309286 0.753206
0.686214 -0.225884 0.691438
0.686214 -0.225884 0.691438
0.580537 -0.309286 0.753206
0.786263 -0.178987 0.591400
-0.276947 0.651904 -0.705918
-0.417798 0.834530 -0.359172
-0.227962 0.872471 -0.432235
-0.227962 0.872471 -0.432235
-0.417798 0.834530 -0.359172
-0.490435 0.843641 -0.218502
0.815940 -0.303775 0.491896
0.099173 -0.118778 0.987956
0.915781 -0.126040 0.381390
-0.982891 0.034470 -0.180934
-0.960962 -0.159668 -0.225962
-0.974599 -0.223932 -0.003339
-0.982891 0.034470 -0.180934
-0.974599 -0.223932 -0.003339
-0.928341 0.071423 0.364804
0.260616 0.963994 -0.052877
0.230369 0.937902 -0.259366
0.201368 0.977781 -0.058270
0.260616 0.963994 -0.052877
0.201368 0.977781 -0.058270
0.261037 0.957135 0.125509
-0.645118 -0.354591 -0.676822
-0.792594 -0.409680 -0.451616
-0.860237 -0.276074 -0.428689
-0.860237 -0.276074 -0.428689
-0.792594 -0.409680 -0.451616
-0.881195 -0.469325 -0.056819
-0.426900 -0.081376 -0.900630
-0.645118 -0.354591 -0.676822
-0.639607 -0.157615 -0.752370
-0.639607 -0.157615 -0.752370
-0.645118 -0.354591 -0.676822
-0.860237 -0.276074 -0.428689
-0.776709 -0.627829 -0.050531
-0.738666 -0.624489 -0.253743
-0.739480 -0.670596 -0.058908
-0.739480 -0.670596 -0.058908
-0.773218 -0.622121 0.122875
-0.776709 -0.627829 -0.050531
0.316183 0.311002 -0.896273
0.313825 0.666382 -0.676349
0.423395 0.505532 -0.751780
0.423395 0.505532 -0.751780
0.313825 0.666382 -0.676349
0.532778 0.729037 -0.429713
-0.709574 -0.063334 -0.701779
-0.919780 -0.141226 -0.366142
-0.938637 0.064999 -0.338726
-0.938637 0.064999 -0.338726
-0.919780 -0.141226 -0.366142
-0.960962 -0.159668 -0.225962
-0.360228 0.165631 0.918043
-0.355021 0.310100 0.881929
-0.332200 0.197962 0.922201
-0.332200 0.197962 0.922201
-0.355021 0.310100 0.881929
-0.292367 0.173462 0.940443
-0.136358 -0.722273 -0.678032
-0.202057 -0.911183 -0.359053
-0.341147 -0.853294 -0.394346
-0.341147 -0.853294 -0.394346
-0.202057 -0.911183 -0.359053
-0.142600 -0.967431 -0.209149
-0.718277 -0.598580 0.354654
-0.543414 -0.752385 0.372314
-0.773218 -0.622121 0.122875
-0.356521 -0.861332 0.361940
-0.543414 -0.752385 0.372314
-0.559846 -0.745292 0.362094
-0.169332 -0.148415 0.974320
-0.100161 -0.272823 0.956836
-0.453104 -0.718504 0.527683
-0.640946 -0.152163 0.752352
-0.169332 -0.148415 0.974320
-0.453104 -0.718504 0.527683
-0.417609 0.200106 -0.886318
-0.257008 0.016990 -0.966260
-0.324418 0.111003 -0.939378
-0.417609 0.200106 -0.886318
-0.324418 0.111003 -0.939378
-0.573812 0.386957 -0.721806
-0.326765 -0.080048 0.941709
0.275235 0.231336 0.933129
0.108678 0.046590 0.992985
0.108678 0.046590 0.992985
0.275235 0.231336 0.933129
0.548709 0.541931 0.636576
-0.276570 -0.271091 0.921965
-0.204320 -0.481456 0.852323
-0.102023 -0.237158 0.966099
-0.276570 -0.271091 0.921965
-0.102023 -0.237158 0.966099
0.030545 0.198232 0.979679
0.128679 -0.612221 0.780145
0.488602 -0.638434 0.594702
0.360875 -0.481291 0.798829
0.360875 -0.481291 0.798829
0.488602 -0.638434 0.594702
0.549830 -0.318009 0.772371
0.138894 -0.267746 0.953426
0.110570 -0.484849 0.867581
0.207086 -0.226906 0.951645
0.128679 -0.612221 0.780145
0.263713 -0.316267 0.911280
0.110570 -0.484849 0.867581
0.866154 -0.460253 -0.194792
0.984641 -0.155721 0.078944
0.881222 -0.472597 -0.009998
0.866154 -0.460253 -0.194792
0.881222 -0.472597 -0.009998
0.764340 -0.641953 -0.060665
-0.164696 0.840184 0.516688
-0.302962 0.609536 0.732584
-0.253549 0.680044 0.687934
-0.016512 0.737352 0.675307
-0.164696 0.840184 0.516688
-0.253549 0.680044 0.687934
0.077850 -0.110464 -0.990826
0.004431 -0.205547 -0.978637
-0.055677 -0.279533 -0.958521
-0.055677 -0.279533 -0.958521
0.004431 -0.205547 -0.978637
-0.141940 -0.494417 -0.857558
0.261037 0.957135 0.125509
0.227731 0.912331 0.340280
-0.004940 0.933787 0.357796
0.012541 0.938210 0.345838
-0.219310 0.906004 0.362023
-0.004940 0.933787 0.357796
0.989278 -0.137480 -0.049280
0.946686 0.088312 -0.309817
0.984641 -0.155721 0.078944
0.866154 -0.460253 -0.194792
0.989278 -0.137480 -0.049280
0.984641 -0.155721 0.078944
-0.769867 0.600267 0.216759
-0.859198 0.473334 0.194251
-0.887510 0.278771 0.366896
-0.617866 0.728861 0.294963
-0.773968 0.629500 0.068583
-0.769867 0.600267 0.216759
-0.005449 0.484640 -0.874696
0.074828 0.226825 -0.971057
0.040968 0.276767 -0.960063
0.040968 0.276767 -0.960063
0.074828 0.226825 -0.971057
0.009153 0.134600 -0.990858
0.087838 0.087989 0.992241
0.472715 0.444247 0.761042
0.275235 0.231336 0.933129
0.087838 0.087989 0.992241
0.030545 0.198232 0.979679
0.472715 0.444247 0.761042
-0.120928 -0.059189 -0.990895
-0.248500 -0.068950 -0.966175
-0.140813 0.045800 -0.988976
-0.140813 0.045800 -0.988976
0.000333 -0.005904 -0.999982
-0.120928 -0.059189 -0.990895
-0.410188 -0.429359 0.804609
-0.173070 -0.559192 0.810772
-0.254983 -0.332060 0.908141
-0.484417 -0.352228 0.800796
-0.410188 -0.429359 0.804609
-0.254983 -0.332060 0.908141
0.388999 -0.892292 0.229117
0.562740 -0.777840 0.279800
0.346798 -0.854483 0.386768
0.386870 -0.919924 -0.063803
0.562740 -0.777840 0.279800
0.388999 -0.892292 0.229117
0.207086 -0.226906 0.951645
0.411848 -0.288401 0.864411
0.236915 -0.240247 0.941357
0.236915 -0.240247 0.941357
0.411848 -0.288401 0.864411
0.262973 -0.056454 0.963150
0.846648 0.528216 -0.064620
0.706903 0.681450 -0.189510
0.723576 0.690235 -0.003554
0.723576 0.690235 -0.003554
0.706903 0.681450 -0.189510
0.454156 0.887813 0.074366
-0.304132 0.283104 -0.909591
-0.417609 0.200106 -0.886318
-0.356971 0.557731 -0.749338
-0.304132 0.283104 -0.909591
-0.356971 0.557731 -0.749338
-0.276947 0.651904 -0.705918
0.453504 0.005772 0.891236
0.272113 0.164129 0.948165
0.386019 -0.073265 0.919577
0.332293 -0.142015 0.932423
0.453504 0.005772 0.891236
0.386019 -0.073265 0.919577
-0.326765 -0.080048 0.941709
-0.358722 -0.318861 0.877295
-0.307197 -0.222884 0.925177
-0.358722 -0.318861 0.877295
-0.258029 -0.226732 0.939156
-0.307197 -0.222884 0.925177
0.141270 -0.033637 -0.989399
0.154152 -0.236787 -0.959254
0.077850 -0.110464 -0.990826
0.000333 -0.005904 -0.999982
0.141270 -0.033637 -0.989399
0.077850 -0.110464 -0.990826
-0.244204 0.461783 0.852714
-0.456738 0.273518 0.846510
-0.360228 0.165631 0.918043
-0.456738 0.273518 0.846510
-0.355021 0.310100 0.881929
-0.360228 0.165631 0.918043
0.297440 0.139952 -0.944427
0.193215 0.181800 -0.964166
0.347483 0.389257 -0.853074
0.316183 0.311002 -0.896273
0.347483 0.389257 -0.853074
0.193215 0.181800 -0.964166
-0.142600 -0.967431 -0.209149
0.158647 -0.984255 0.077933
-0.087447 -0.996150 -0.006248
-0.334100 -0.935670 -0.113572
-0.142600 -0.967431 -0.209149
-0.087447 -0.996150 -0.006248
-0.851414 0.101484 0.514583
-0.656097 -0.119407 0.745170
-0.726500 -0.035055 0.686271
-0.726500 -0.035055 0.686271
-0.656097 -0.119407 0.745170
-0.583572 -0.012893 0.811959
-0.978145 -0.111821 0.175296
-0.983850 -0.177050 0.026296
-0.884210 -0.378205 0.274105
-0.978145 -0.111821 0.175296
-0.884210 -0.378205 0.274105
-0.924499 -0.128534 0.358861
-0.422774 -0.327979 0.844803
-0.697174 -0.290725 0.655307
-0.622148 -0.416258 0.663070
-0.422774 -0.327979 0.844803
-0.622148 -0.416258 0.663070
-0.523355 -0.510404 0.682340
0.705319 0.686877 0.175287
0.723675 0.690069 -0.009979
0.491989 0.825569 0.276374
0.705319 0.686877 0.175287
0.491989 0.825569 0.276374
0.669181 0.649435 0.361154
-0.140813 0.045800 -0.988976
-0.248500 -0.068950 -0.966175
-0.510689 -0.098126 -0.854147
-0.510689 -0.098126 -0.854147
-0.248500 -0.068950 -0.966175
-0.426900 -0.081376 -0.900630
0.801841 -0.261441 0.537308
0.833276 -0.149091 0.532375
0.694425 -0.118415 0.709755
0.833276 -0.149091 0.532375
0.869395 0.021597 0.493646
0.694425 -0.118415 0.709755
-0.674752 0.526435 0.517278
-0.811234 0.432906 0.393054
-0.778848 0.365149 0.509963
-0.778848 0.365149 0.509963
-0.811234 0.432906 0.393054
-0.706680 0.212585 0.674842
0.126031 -0.674015 0.727887
0.346798 -0.854483 0.386768
0.385275 -0.769596 0.509201
0.385275 -0.769596 0.509201
0.346798 -0.854483 0.386768
0.449105 -0.582561 0.677442
0.872864 -0.457234 0.170426
0.880760 -0.473467 -0.009572
0.937516 -0.210853 0.276775
0.872864 -0.457234 0.170426
0.937516 -0.210853 0.276775
0.824881 -0.433909 0.362347
0.488602 -0.638434 0.594702
0.588726 -0.433950 0.681974
0.549830 -0.318009 0.772371
0.588726 -0.433950 0.681974
0.580537 -0.309286 0.753206
0.549830 -0.318009 0.772371
0.391568 0.646491 0.654771
0.254541 0.702865 0.664221
0.148469 0.517393 0.842770
0.254541 0.702865 0.664221
0.125188 0.719701 0.682904
0.148469 0.517393 0.842770
0.254830 0.830467 0.495365
0.154877 0.919048 0.362443
0.116307 0.835145 0.537592
0.116307 0.835145 0.537592
0.154877 0.919048 0.362443
-0.016512 0.737352 0.675307
0.736257 0.334119 0.588464
0.595753 0.426181 0.680770
0.472938 0.423448 0.772671
0.595753 0.426181 0.680770
0.473753 0.457759 0.752339
0.472938 0.423448 0.772671
0.074828 0.226825 -0.971057
0.114197 0.195373 -0.974058
0.107380 0.094829 -0.989685
0.114197 0.195373 -0.974058
0.193215 0.181800 -0.964166
0.107380 0.094829 -0.989685
-0.755453 -0.374124 0.537887
-0.622767 -0.313784 0.716730
-0.799366 -0.255407 0.543857
-0.789422 -0.403213 0.462852
-0.755453 -0.374124 0.537887
-0.799366 -0.255407 0.543857
-0.286185 0.957621 -0.032568
-0.490435 0.843641 -0.218502
-0.536487 0.843801 -0.013476
-0.536487 0.843801 -0.013476
-0.490435 0.843641 -0.218502
-0.649363 0.759968 -0.027851
-0.587525 -0.611334 0.530175
-0.693376 -0.524145 0.494472
-0.666487 -0.654447 0.357062
-0.666487 -0.654447 0.357062
-0.420685 -0.605682 0.675407
-0.587525 -0.611334 0.530175
-0.888827 -0.452194 0.074211
-0.960812 -0.270174 0.062014
-0.983850 -0.177050 0.026296
-0.983850 -0.177050 0.026296
-0.960812 -0.270174 0.062014
-0.884210 -0.378205 0.274105
0.984641 -0.155721 0.078944
0.936939 -0.344429 0.059278
0.880760 -0.473467 -0.009572
0.880760 -0.473467 -0.009572
0.936939 -0.344429 0.059278
0.937516 -0.210853 0.276775
-0.361125 -0.773635 0.520651
-0.078270 -0.650990 0.755040
-0.197236 -0.698814 0.687573
-0.197236 -0.698814 0.687573
-0.078270 -0.650990 0.755040
-0.173070 -0.559192 0.810772
0.141270 -0.033637 -0.989399
0.233406 0.038450 -0.971619
0.206383 -0.054145 -0.976972
0.233406 0.038450 -0.971619
0.519736 -0.075206 -0.851010
0.206383 -0.054145 -0.976972
-0.165899 -0.661308 0.731539
0.170854 -0.460609 0.871004
-0.204320 -0.481456 0.852323
-0.293788 -0.446430 0.845215
-0.165899 -0.661308 0.731539
-0.204320 -0.481456 0.852323
0.148469 0.517393 0.842770
0.125188 0.719701 0.682904
0.186875 0.572499 0.798325
0.125188 0.719701 0.682904
0.047658 0.810458 0.583854
0.186875 0.572499 0.798325
-0.101415 0.095348 -0.990264
-0.206663 0.179059 -0.961888
0.009153 0.134600 -0.990858
0.009153 0.134600 -0.990858
0.000333 -0.005904 -0.999982
-0.101415 0.095348 -0.990264
-0.484417 -0.352228 0.800796
-0.422774 -0.327979 0.844803
-0.523355 -0.510404 0.682340
-0.484417 -0.352228 0.800796
-0.523355 -0.510404 0.682340
-0.511497 -0.629519 0.584873
-0.343269 0.181705 0.921493
-0.513745 -0.091904 0.853006
-0.240823 -0.060947 0.968653
-0.240823 -0.060947 0.968653
-0.513745 -0.091904 0.853006
-0.240821 -0.298897 0.923399
0.454156 0.887813 0.074366
0.616209 0.784929 0.064600
0.723675 0.690069 -0.009979
0.723675 0.690069 -0.009979
0.616209 0.784929 0.064600
0.491989 0.825569 0.276374
-0.005449 0.484640 -0.874696
0.188639 0.628009 -0.754996
0.175744 0.680574 -0.711289
0.175744 0.680574 -0.711289
0.188639 0.628009 -0.754996
0.252144 0.903175 -0.347418
-0.451038 0.284748 0.845862
-0.642146 0.333577 0.690199
-0.487853 0.354397 0.797748
-0.642146 0.333577 0.690199
-0.754570 0.296559 0.585386
-0.487853 0.354397 0.797748
-0.279356 -0.369697 -0.886163
-0.521353 -0.396397 -0.755685
-0.543105 -0.445380 -0.711811
-0.543105 -0.445380 -0.711811
-0.521353 -0.396397 -0.755685
-0.735791 -0.582307 -0.345732
0.491989 0.825569 0.276374
0.497328 0.675844 0.543966
0.669181 0.649435 0.361154
0.669181 0.649435 0.361154
0.497328 0.675844 0.543966
0.408401 0.690124 0.597443
0.548709 0.541931 0.636576
0.275235 0.231336 0.933129
0.560143 0.449790 0.695650
0.411848 -0.288401 0.864411
0.503037 -0.147193 0.851638
0.262973 -0.056454 0.963150
0.262973 -0.056454 0.963150
0.503037 -0.147193 0.851638
0.394960 0.105703 0.912597
0.068598 0.386759 0.919626
-0.244204 0.461783 0.852714
-0.136423 0.214914 0.967058
-0.136423 0.214914 0.967058
-0.244204 0.461783 0.852714
-0.360228 0.165631 0.918043
0.323842 -0.193335 0.926147
0.099173 -0.118778 0.987956
0.815940 -0.303775 0.491896
0.453504 0.005772 0.891236
0.604555 -0.136059 0.784857
0.551463 -0.087896 0.829556
0.604555 -0.136059 0.784857
0.730736 -0.175058 0.659832
0.551463 -0.087896 0.829556
0.875745 -0.139150 0.462286
0.990688 0.041171 0.129779
0.982427 -0.010232 0.186367
0.982427 -0.010232 0.186367
0.990688 0.041171 0.129779
0.893431 0.273770 0.356135
-0.139762 -0.032188 0.989662
0.272113 0.164129 0.948165
0.305312 0.148038 0.940675
0.272113 0.164129 0.948165
0.401229 0.300486 0.865288
0.305312 0.148038 0.940675
-0.789422 -0.403213 0.462852
-0.773218 -0.622121 0.122875
-0.798412 -0.569004 0.196909
-0.773218 -0.622121 0.122875
-0.543414 -0.752385 0.372314
-0.798412 -0.569004 0.196909
-0.573812 0.386957 -0.721806
-0.776538 0.523973 -0.349917
-0.736057 0.560719 -0.379228
-0.736057 0.560719 -0.379228
-0.776538 0.523973 -0.349917
-0.864783 0.498682 -0.058876
0.401229 0.300486 0.865288
0.295145 0.433659 0.851369
0.126251 0.237772 0.963081
0.126251 0.237772 0.963081
0.295145 0.433659 0.851369
0.022726 0.391475 0.919908
-0.864783 0.498682 -0.058876
-0.859198 0.473334 0.194251
-0.773968 0.629500 0.068583
-0.773968 0.629500 0.068583
-0.859198 0.473334 0.194251
-0.769867 0.600267 0.216759
-0.446269 0.610367 0.654444
-0.616650 0.422429 0.664301
-0.451038 0.284748 0.845862
-0.616650 0.422429 0.664301
-0.642146 0.333577 0.690199
-0.451038 0.284748 0.845862
0.386870 -0.919924 -0.063803
0.158647 -0.984255 0.077933
0.169356 -0.983780 -0.059128
0.158647 -0.984255 0.077933
-0.142600 -0.967431 -0.209149
0.169356 -0.983780 -0.059128
0.402482 0.789729 0.462966
0.261037 0.957135 0.125509
0.314053 0.928561 0.197853
0.314053 0.928561 0.197853
0.261037 0.957135 0.125509
-0.004940 0.933787 0.357796
-0.192109 0.553039 0.810704
-0.243434 0.601047 0.761238
-0.024621 0.533156 0.845659
-0.192109 0.553039 0.810704
-0.024621 0.533156 0.845659
0.010063 0.415190 0.909679
-0.583572 -0.012893 0.811959
-0.658273 -0.066183 0.749865
-0.514005 0.140480 0.846206
-0.583572 -0.012893 0.811959
-0.514005 0.140480 0.846206
-0.394599 0.137387 0.908524
-0.254983 -0.332060 0.908141
-0.200458 -0.211898 0.956512
-0.258029 -0.226732 0.939156
-0.258029 -0.226732 0.939156
-0.200458 -0.211898 0.956512
0.087838 0.087989 0.992241
0.080920 0.587506 0.805164
-0.192109 0.553039 0.810704
0.010063 0.415190 0.909679
0.186875 0.572499 0.798325
0.080920 0.587506 0.805164
0.010063 0.415190 0.909679
-0.219310 0.906004 0.362023
-0.414870 0.836615 0.357711
-0.238197 0.876544 0.418249
-0.238197 0.876544 0.418249
-0.414870 0.836615 0.357711
-0.164696 0.840184 0.516688
0.449105 -0.582561 0.677442
0.684773 -0.580747 0.440248
0.579741 -0.599321 0.552010
0.684773 -0.580747 0.440248
0.824881 -0.433909 0.362347
0.579741 -0.599321 0.552010
0.551463 -0.087896 0.829556
0.536577 0.288067 0.793160
0.346904 0.199296 0.916482
0.346904 0.199296 0.916482
0.536577 0.288067 0.793160
0.472938 0.423448 0.772671
-0.254983 -0.332060 0.908141
-0.173070 -0.559192 0.810772
-0.293788 -0.446430 0.845215
-0.293788 -0.446430 0.845215
-0.173070 -0.559192 0.810772
-0.165899 -0.661308 0.731539
-0.533472 0.259784 0.804934
-0.583572 -0.012893 0.811959
-0.394599 0.137387 0.908524
-0.487853 0.354397 0.797748
-0.533472 0.259784 0.804934
-0.394599 0.137387 0.908524
-0.101415 0.095348 -0.990264
-0.244231 0.158238 -0.956719
-0.206663 0.179059 -0.961888
-0.206663 0.179059 -0.961888
-0.244231 0.158238 -0.956719
-0.304132 0.283104 -0.909591
0.408401 0.690124 0.597443
0.391568 0.646491 0.654771
0.422024 0.592941 0.685797
0.422024 0.592941 0.685797
0.391568 0.646491 0.654771
0.312649 0.538521 0.782461
-0.928341 0.071423 0.364804
-0.924499 -0.128534 0.358861
-0.905281 0.045972 0.422318
-0.905281 0.045972 0.422318
-0.924499 -0.128534 0.358861
-0.851414 0.101484 0.514583
-0.356521 -0.861332 0.361940
-0.156099 -0.926545 0.342269
-0.325394 -0.846471 0.421432
-0.325394 -0.846471 0.421432
-0.156099 -0.926545 0.342269
-0.361125 -0.773635 0.520651
0.690468 0.246461 0.680082
0.765587 0.469466 0.439862
0.737253 0.367650 0.566825
0.765587 0.469466 0.439862
0.669181 0.649435 0.361154
0.737253 0.367650 0.566825
0.110570 -0.484849 0.867581
0.263713 -0.316267 0.911280
0.207086 -0.226906 0.951645
0.263713 -0.316267 0.911280
0.411848 -0.288401 0.864411
0.207086 -0.226906 0.951645
0.893431 0.273770 0.356135
0.828000 0.512916 0.226568
0.789779 0.458357 0.407623
0.828000 0.512916 0.226568
0.723675 0.690069 -0.009979
0.789779 0.458357 0.407623
-0.351598 -0.087050 0.932095
-0.139762 -0.032188 0.989662
-0.640946 -0.152163 0.752352
-0.733221 -0.316677 0.601750
-0.697174 -0.290725 0.655307
-0.689280 -0.227840 0.687737
-0.689280 -0.227840 0.687737
-0.697174 -0.290725 0.655307
-0.570241 -0.251504 0.782030
0.401912 0.796329 -0.452024
0.230369 0.937902 -0.259366
0.437939 0.897177 -0.057303
0.437939 0.897177 -0.057303
0.230369 0.937902 -0.259366
0.454156 0.887813 0.074366
0.893431 0.273770 0.356135
0.990688 0.041171 0.129779
0.891371 0.281647 0.355150
0.893431 0.273770 0.356135
0.891371 0.281647 0.355150
0.828000 0.512916 0.226568
-0.792594 -0.409680 -0.451616
-0.738666 -0.624489 -0.253743
-0.881195 -0.469325 -0.056819
-0.881195 -0.469325 -0.056819
-0.738666 -0.624489 -0.253743
-0.888827 -0.452194 0.074211
0.139761 -0.660614 0.737602
0.229410 -0.681190 0.695234
0.128679 -0.612221 0.780145
0.229410 -0.681190 0.695234
0.488602 -0.638434 0.594702
0.128679 -0.612221 0.780145
0.824881 -0.433909 0.362347
0.801841 -0.261441 0.537308
0.786263 -0.178987 0.591400
0.786263 -0.178987 0.591400
0.801841 -0.261441 0.537308
0.694425 -0.118415 0.709755
0.408401 0.690124 0.597443
0.497328 0.675844 0.543966
0.321416 0.619017 0.716596
0.408401 0.690124 0.597443
0.321416 0.619017 0.716596
0.391568 0.646491 0.654771
-0.799366 -0.255407 0.543857
-0.622767 -0.313784 0.716730
-0.733221 -0.316677 0.601750
-0.622767 -0.313784 0.716730
-0.697174 -0.290725 0.655307
-0.733221 -0.316677 0.601750
-0.553303 0.614932 0.561884
-0.446269 0.610367 0.654444
-0.302962 0.609536 0.732584
-0.302962 0.609536 0.732584
-0.446269 0.610367 0.654444
-0.243434 0.601047 0.761238
0.984641 -0.155721 0.078944
0.946686 0.088312 -0.309817
0.998308 0.010366 -0.057224
0.946686 0.088312 -0.309817
0.909129 0.311566 -0.276425
0.998308 0.010366 -0.057224
0.063164 0.343802 0.936916
0.103836 0.469343 0.876889
0.027472 0.293389 0.955598
0.063164 0.343802 0.936916
0.027472 0.293389 0.955598
-0.059235 -0.175156 0.982757
-0.292367 0.173462 0.940443
-0.355021 0.310100 0.881929
-0.271134 0.114415 0.955717
-0.292367 0.173462 0.940443
-0.271134 0.114415 0.955717
0.099173 -0.118778 0.987956
0.562740 -0.777840 0.279800
0.747612 -0.628147 0.215654
0.683303 -0.606767 0.406117
0.747612 -0.628147 0.215654
0.880760 -0.473467 -0.009572
0.683303 -0.606767 0.406117
0.786263 -0.178987 0.591400
0.730736 -0.175058 0.659832
0.686214 -0.225884 0.691438
0.730736 -0.175058 0.659832
0.604555 -0.136059 0.784857
0.686214 -0.225884 0.691438
0.123131 0.365579 0.922600
-0.059235 -0.175156 0.982757
-0.100161 -0.272823 0.956836
-0.100161 -0.272823 0.956836
-0.059235 -0.175156 0.982757
-0.128470 -0.660093 0.740116
-0.649363 0.759968 -0.027851
-0.771978 0.579877 -0.260369
-0.803832 0.593298 -0.043025
-0.803832 0.593298 -0.043025
-0.771978 0.579877 -0.260369
-0.864783 0.498682 -0.058876
0.266599 -0.419795 -0.867581
0.154152 -0.236787 -0.959254
0.239645 -0.274253 -0.931319
0.266599 -0.419795 -0.867581
0.239645 -0.274253 -0.931319
0.192754 -0.662664 -0.723686
-0.565187 0.115278 -0.816868
-0.140813 0.045800 -0.988976
-0.510689 -0.098126 -0.854147
-0.565187 0.115278 -0.816868
-0.510689 -0.098126 -0.854147
-0.709574 -0.063334 -0.701779
0.332293 -0.142015 0.932423
0.394960 0.105703 0.912597
0.512787 -0.046375 0.857262
0.394960 0.105703 0.912597
0.332293 -0.142015 0.932423
-0.135290 0.031845 0.990294
-0.739480 -0.670596 -0.058908
-0.559846 -0.745292 0.362094
-0.718277 -0.598580 0.354654
-0.559846 -0.745292 0.362094
-0.543414 -0.752385 0.372314
-0.718277 -0.598580 0.354654
0.022726 0.391475 0.919908
0.200867 0.473787 0.857425
0.225683 0.265025 0.937459
0.022726 0.391475 0.919908
0.225683 0.265025 0.937459
-0.169332 -0.148415 0.974320
-0.240821 -0.298897 0.923399
-0.440463 -0.264710 0.857858
-0.326765 -0.080048 0.941709
-0.240821 -0.298897 0.923399
-0.326765 -0.080048 0.941709
0.108678 0.046590 0.992985
-0.584249 -0.759236 -0.286730
-0.344616 -0.845544 -0.407793
-0.334100 -0.935670 -0.113572
-0.344616 -0.845544 -0.407793
-0.142600 -0.967431 -0.209149
-0.334100 -0.935670 -0.113572
-0.128470 -0.660093 0.740116
-0.059235 -0.175156 0.982757
0.191593 -0.754691 0.627482
0.201368 0.977781 -0.058270
0.012541 0.938210 0.345838
0.227731 0.912331 0.340280
0.227731 0.912331 0.340280
0.012541 0.938210 0.345838
-0.004940 0.933787 0.357796
-0.859198 0.473334 0.194251
-0.884891 0.303101 0.353692
-0.887510 0.278771 0.366896
-0.884891 0.303101 0.353692
-0.928341 0.071423 0.364804
-0.887510 0.278771 0.366896
0.126791 -0.494277 -0.860008
0.266599 -0.419795 -0.867581
0.137183 -0.748910 -0.648317
-0.141940 -0.494417 -0.857558
0.126791 -0.494277 -0.860008
0.137183 -0.748910 -0.648317
-0.204320 -0.481456 0.852323
0.170854 -0.460609 0.871004
0.138894 -0.267746 0.953426
0.170854 -0.460609 0.871004
0.110570 -0.484849 0.867581
0.138894 -0.267746 0.953426
-0.141940 -0.494417 -0.857558
-0.136358 -0.722273 -0.678032
-0.225383 -0.677862 -0.699790
-0.225383 -0.677862 -0.699790
-0.136358 -0.722273 -0.678032
-0.341147 -0.853294 -0.394346
</float_array>
          <technique_common>
            <accessor source="#SM_Urchin_01_LOD1-Normal0-array" count="2367" stride="3">
              <param name="X" type="float"/>
              <param name="Y" type="float"/>
              <param name="Z" type="float"/>
            </accessor>
          </technique_common>
        </source>
        <source id="SM_Urchin_01_LOD1-UV0">
          <float_array id="SM_Urchin_01_LOD1-UV0-array" count="820">
0.562500 0.373047
0.417725 0.770630
0.368164 0.647949
0.238281 0.591064
0.454346 0.637939
0.335938 0.531982
0.289307 0.668945
0.264404 0.831299
0.345215 0.656006
0.534180 0.623291
0.395752 0.681885
0.297852 0.763062
0.237549 0.692139
0.435303 0.543457
0.313477 0.610596
0.406006 0.633057
0.330566 0.688232
0.482666 0.694580
0.174438 0.560303
0.387939 0.453613
0.449219 0.832764
0.390381 0.728271
0.474609 0.590576
0.273438 0.601807
0.339600 0.574219
0.302246 0.645020
0.442139 0.688965
0.363770 0.662842
0.259033 0.637939
0.303467 0.738037
0.349365 0.641113
0.415527 0.590820
0.356689 0.701660
0.277832 0.543457
0.389648 0.618896
0.347900 0.612305
0.356201 0.783447
0.026459 0.544678
0.175659 0.744141
0.415771 0.713623
0.480713 0.631836
0.423828 0.668945
0.529297 0.708252
0.439941 0.730225
0.287109 0.690918
0.232544 0.632324
0.476074 0.488281
0.446533 0.612549
0.372314 0.580322
0.297363 0.590820
0.266357 0.677734
0.228760 0.524170
0.357422 0.995682
0.995117 0.836548
0.787598 0.992878
0.788574 0.681885
0.384277 0.829224
0.356689 0.725098
0.286865 0.613770
0.379395 0.506104
0.254150 0.728516
0.427002 0.564697
0.382324 0.688477
0.307861 0.724365
0.244019 0.634277
0.450439 0.747803
0.324707 0.632813
0.459473 0.600830
0.258301 0.605469
0.460693 0.685059
0.156494 0.620361
0.426025 0.643555
0.363525 0.641357
0.408203 0.601074
0.337402 0.549805
0.274170 0.641357
0.374756 0.559570
0.396973 0.769531
0.463379 0.635498
0.518555 0.570313
0.500000 0.795532
0.215576 0.698730
0.197510 0.437500
0.344971 0.647461
0.322998 0.697021
0.290283 0.783813
0.286133 0.564697
0.393555 0.662354
0.342285 0.592285
0.356201 0.755981
0.613770 0.569580
0.409424 0.738281
0.325195 0.671387
0.497559 0.698975
0.384521 0.710449
0.501465 0.628662
0.443604 0.530762
0.368896 0.682617
0.195557 0.734375
0.325439 0.454590
0.349365 0.663086
0.212646 0.629150
0.334229 0.507568
0.225342 0.584717
0.356445 0.665527
0.367920 0.656494
0.438721 0.812378
0.486816 0.584961
0.463135 0.505127
0.236694 0.488770
0.266357 0.626953
0.432129 0.622070
0.356201 0.801147
0.269531 0.530518
0.319580 0.641846
0.356689 0.852295
0.429688 0.711914
0.393311 0.641846
0.274170 0.812744
0.324463 0.721924
0.249756 0.635498
0.423096 0.784912
0.266113 0.713867
0.301270 0.747314
0.447021 0.677734
0.405273 0.579834
0.354492 0.639160
0.454590 0.605469
0.294922 0.606934
0.436279 0.723145
0.379883 0.678223
0.550293 0.590332
0.178101 0.623779
0.557617 0.620361
0.266113 0.562012
0.550293 0.714600
0.696289 0.913391
0.604004 0.900330
0.261719 0.587158
0.281250 0.682617
0.184204 0.708496
0.394775 0.751709
0.469971 0.651855
0.439697 0.652100
0.377197 0.531494
0.310547 0.718018
0.338135 0.559814
0.285889 0.651855
0.370850 0.712158
0.407715 0.688965
0.356689 0.831909
0.249756 0.505371
0.263916 0.639160
0.340576 0.580811
0.447021 0.562012
0.441895 0.616211
0.333740 0.604492
0.333008 0.625732
0.195435 0.571045
0.237793 0.740723
0.469238 0.711426
0.096497 0.713623
0.292725 0.627686
0.323486 0.685791
0.417969 0.606689
0.440186 0.903748
0.316162 0.707520
0.459473 0.757324
0.230347 0.694336
0.395264 0.652100
0.266846 0.692383
0.432129 0.682617
0.426514 0.597412
0.475586 0.816284
0.415771 0.541016
0.377441 0.390137
0.250244 0.798340
0.373535 0.730713
0.384277 0.629150
0.367920 0.603271
0.496826 0.426270
0.438232 0.491699
0.266357 0.612305
0.378906 0.798462
0.425781 0.706543
0.315186 0.769287
0.356689 0.684082
0.163696 0.589355
0.252686 0.546387
0.248047 0.651611
0.350098 0.620605
0.319580 0.662354
0.197876 0.867554
0.342529 0.648926
0.191162 0.534424
0.455078 0.652100
0.460449 0.546387
0.225952 0.631104
0.320557 0.561279
0.270752 0.772705
0.297852 0.713623
0.319336 0.743408
0.328857 0.475098
0.356445 0.667480
0.116028 0.531494
0.482178 0.651855
0.344727 0.659180
0.317871 0.651855
0.617188 0.713379
0.306885 0.632568
0.455078 0.699951
0.316895 0.535156
0.420410 0.843018
0.396729 0.596924
0.836914 0.837402
0.538086 0.560547
0.410889 0.645264
0.446777 0.626709
0.437012 0.581055
0.304443 0.601074
0.558594 0.650879
0.356201 0.773315
0.282715 0.592529
0.281250 0.551025
0.405518 0.724854
0.475586 0.692383
0.484375 0.780762
0.436523 0.673096
0.431885 0.551270
0.375488 0.549561
0.333252 0.699707
0.468994 0.634033
0.418945 0.584717
0.451904 0.680176
0.356934 0.713135
0.253418 0.601074
0.411621 0.747070
0.293945 0.584717
0.487793 0.720215
0.276611 0.673340
0.261475 0.680420
0.356689 0.731934
0.247803 0.687744
0.281006 0.754272
0.369629 0.656982
0.365234 0.612305
0.396729 0.707275
0.415283 0.763428
0.370117 0.647461
0.518066 0.734375
0.277832 0.698975
0.349854 0.666260
0.303711 0.638672
0.409180 0.638672
0.354248 0.637451
0.484619 0.523926
0.281250 0.622070
0.243896 0.593750
0.374268 0.690674
0.390137 0.697021
0.389893 0.685547
0.344238 0.682617
0.423340 0.519775
0.286865 0.643555
0.262695 0.651855
0.364502 0.639648
0.243896 0.711182
0.495850 0.605957
0.289551 0.731934
0.406006 0.671875
0.325195 0.582275
0.420166 0.627930
0.373047 0.573975
0.211182 0.758911
0.417725 0.697510
0.528809 0.596436
0.442627 0.772339
0.436279 0.631104
0.310547 0.792725
0.343994 0.651367
0.230957 0.651367
0.376709 0.773560
0.217163 0.606689
0.184692 0.596191
0.253418 0.577148
0.462646 0.798828
0.210205 0.651611
0.311523 0.677246
0.312256 0.511230
0.288574 0.572021
0.366211 0.662842
0.163330 0.714844
0.346924 0.643555
0.344238 0.621582
0.399414 0.610840
0.382080 0.615723
0.468750 0.593506
0.328857 0.710693
0.253906 0.407715
0.356445 0.746826
0.487061 0.630615
0.262695 0.718506
0.377930 0.913147
0.348389 0.639404
0.011246 0.705811
0.976563 0.911682
0.322998 0.618652
0.411621 0.557373
0.396484 0.622803
0.446777 0.742188
0.236694 0.815063
0.411621 0.652100
0.311035 0.627197
0.668457 0.498047
0.724609 0.723877
0.333740 0.678467
0.548340 0.840942
0.335449 0.523193
0.272949 0.652100
0.252930 0.620361
0.298096 0.621094
0.424561 0.731201
0.095398 0.590332
0.449463 0.639160
0.271484 0.688965
0.402588 0.586182
0.459717 0.619385
0.407959 0.615234
0.379639 0.699463
0.372559 0.724121
0.420166 0.676758
0.497803 0.878418
0.261719 0.624512
0.295410 0.770630
0.286621 0.597656
0.247681 0.616943
0.465332 0.616943
0.328613 0.593506
0.623535 0.631104
0.344727 0.603271
0.368408 0.701172
0.197998 0.957794
0.862793 0.997746
0.304932 0.615234
0.318359 0.646729
0.426758 0.739990
0.412598 0.822754
0.292969 0.676758
0.210083 0.546875
0.418701 0.719238
0.347900 0.644531
0.391113 0.637207
0.338867 0.680908
0.347900 0.659424
0.426758 0.652100
0.465332 0.651611
0.391113 0.667236
0.265137 0.591797
0.225342 0.719971
0.384277 0.675049
0.253662 0.703857
0.298584 0.683594
0.377441 0.522949
0.393799 0.744141
0.338623 0.690674
0.301270 0.651855
0.328613 0.628906
0.356689 0.692383
0.322754 0.728027
0.430176 0.592529
0.409180 0.665527
0.339111 0.613525
0.304199 0.665527
0.152344 0.824341
0.408203 0.703125
0.257813 0.651855
0.323486 0.576172
0.446533 0.692383
0.379639 0.625977
0.459473 0.704102
0.367432 0.652344
0.276611 0.631348
0.398438 0.778076
0.465576 0.687744
0.248657 0.572754
0.389893 0.607178
0.451416 0.624512
0.402832 0.718506
0.270996 0.615723
0.305176 0.703125
0.489014 0.651855
0.362793 0.683594
0.322021 0.666992
0.440186 0.574463
0.438721 0.641602
0.360596 0.666016
0.249268 0.732910
0.448242 0.472656
0.154419 0.651855
0.394775 0.646973
0.272949 0.574463
0.374512 0.680664
0.321777 0.636963
0.315186 0.525879
0.352539 0.665283
0.375488 0.755127
0.252686 0.685059
0.383789 0.475586
0.362549 0.620605
0.301270 0.480957
</float_array>
          <technique_common>
            <accessor source="#SM_Urchin_01_LOD1-UV0-array" count="410" stride="2">
              <param name="S" type="float"/>
              <param name="T" type="float"/>
            </accessor>
          </technique_common>
        </source>
        <vertices id="SM_Urchin_01_LOD1-VERTEX">
          <input semantic="POSITION" source="#SM_Urchin_01_LOD1-POSITION"/>
        </vertices>
        <triangles count="789" material="MAT_Urchin">
          <input semantic="VERTEX" offset="0" source="#SM_Urchin_01_LOD1-VERTEX"/>
          <input semantic="NORMAL" offset="1" source="#SM_Urchin_01_LOD1-Normal0"/>
          <input semantic="TEXCOORD" offset="2" set="0" source="#SM_Urchin_01_LOD1-UV0"/>
          <p> 26 0 26 180 1 184 270 2 274 157 3 161 300 4 304 391 5 398 196 6 200 246 7 250 382 8 389 331 9 337 49 10 49 266 11 270 147 12 151 402 13 409 110 14 113 132 15 135 204 16 208 310 17 316 93 18 96 251 19 255 192 20 196 168 21 172 151 22 155 108 23 111 136 24 140 129 25 132 78 26 81 125 27 128 55 28 58 23 29 23 54 30 57 293 31 297 230 32 234 222 33 226 163 34 167 234 35 238 309 36 315 89 37 92 247 38 251 175 39 179 291 40 295 241 41 245 245 42 249 222 43 226 234 44 238 150 45 154 64 46 67 386 47 393 347 48 354 139 49 143 223 50 227 257 51 261 247 52 251 199 53 203 53 54 56 109 55 112 179 56 183 269 57 273 155 58 159 195 59 199 148 60 152 107 61 110 72 62 75 264 63 268 119 64 122 246 65 250 48 66 48 319 67 325 209 68 213 400 69 407 258 70 262 56 71 59 401 72 408 261 73 265 250 74 254 395 75 402 63 76 66 288 77 292 401 78 408 371 79 378 261 80 265 392 81 399 165 82 169 244 83 248 255 84 259 242 85 246 322 86 328 182 87 186 257 88 261 199 89 203 376 90 383 138 91 142 201 92 205 139 93 143 121 94 124 223 95 227 129 96 132 282 97 286 78 98 81 51 99 51 110 100 113 184 101 188 106 102 109 294 103 298 96 104 99 87 105 90 211 106 215 46 107 46 146 108 150 115 109 118 109 110 112 52 111 52 188 112 192 298 113 302 206 114 210 126 115 129 113 116 116 277 117 281 217 118 221 86 119 89 9 120 9 90 121 93 92 122 95 251 123 255 76 124 79 192 125 196 131 126 134 219 127 223 83 128 86 253 129 257 231 130 235 329 131 335 140 132 144 302 133 307 225 134 229 207 135 211 194 136 198 83 137 86 50 138 50 260 139 264 312 140 318 187 141 191 203 142 207 189 143 193 156 144 160 43 145 43 372 146 379 376 147 383 201 148 205 221 149 225 349 150 356 286 151 290 240 152 244 276 153 280 185 154 189 238 155 242 399 156 406 368 157 375 236 158 240 181 159 185 197 160 201 86 161 89 239 162 243 297 163 301 264 164 268 187 165 191 189 166 193 202 167 206 170 168 174 302 169 307 140 170 144 224 171 228 150 172 154 58 173 61 360 174 367 357 175 364 182 176 186 32 177 32 293 178 297 226 179 230 402 180 409 284 181 288 110 182 113 207 183 211 83 184 86 219 185 223 168 186 172 108 187 111 160 188 164 174 189 178 344 190 351 244 191 248 299 192 303 153 193 157 289 194 293 215 195 219 49 196 49 331 197 337 115 198 118 274 199 278 109 200 112 217 201 221 181 202 185 86 203 89 300 204 304 157 205 161 335 206 341 171 207 175 176 208 180 390 209 397 172 210 176 269 211 273 195 212 199 335 213 341 157 214 161 366 215 373 315 216 321 88 217 91 342 218 349 21 219 21 91 220 94 242 221 246 76 222 79 263 223 267 104 224 107 292 225 296 40 226 40 64 227 67 324 228 330 145 229 149 265 230 269 349 231 356 352 232 359 286 233 290 216 234 220 204 235 208 132 236 135 9 237 9 42 238 42 90 239 93 222 240 226 272 241 276 163 242 167 243 243 247 232 244 236 338 245 345 119 246 122 166 247 170 246 248 250 81 249 84 354 250 361 283 251 287 129 252 132 278 253 282 98 254 101 45 255 45 253 256 257 61 257 64 400 258 407 177 259 181 258 260 262 19 261 19 171 262 175 390 263 397 330 264 336 40 265 40 227 266 231 213 267 217 317 268 323 387 269 394 140 270 144 225 271 229 71 272 74 149 273 153 48 274 48 85 275 88 131 276 134 393 277 400 134 278 138 125 279 128 328 280 334 49 281 49 50 282 50 312 283 318 235 284 239 50 285 50 235 286 239 135 287 139 18 288 18 200 289 204 190 290 194 154 291 158 341 292 348 184 293 188 310 294 316 204 295 208 133 296 137 37 297 53 210 298 214 0 299 55 103 300 106 339 301 346 179 302 183 298 303 302 188 304 192 112 305 115 356 306 363 295 307 299 21 308 21 323 309 329 54 310 57 144 311 148 107 312 110 374 313 381 72 314 75 158 315 162 205 316 209 248 317 252 198 318 202 56 319 59 99 320 102 5 321 5 140 322 144 71 323 74 195 324 199 155 325 159 389 326 396 119 327 122 399 328 406 166 329 170 73 330 76 302 331 307 122 332 125 214 333 218 47 334 47 362 335 369 352 336 359 127 337 130 286 338 290 270 339 274 367 340 374 255 341 259 295 342 299 197 343 201 361 344 368 264 345 268 246 346 250 196 347 200 313 348 319 326 349 332 28 350 28 399 351 406 185 352 189 368 353 375 304 354 309 243 355 247 43 356 43 156 357 160 304 358 309 43 359 43 307 360 312 314 361 320 336 362 343 153 363 157 301 364 306 364 365 371 320 366 326 75 367 78 379 368 386 214 369 218 124 370 127 47 371 47 313 372 319 65 373 68 326 374 332 285 375 289 23 376 23 350 377 357 229 378 233 191 379 195 66 380 69 206 381 210 113 382 116 370 383 377 129 384 132 279 385 283 278 386 282 183 387 187 200 388 204 18 389 18 321 390 327 108 391 111 267 392 271 392 393 399 212 394 216 306 395 311 174 396 178 244 397 248 261 398 265 321 399 327 267 400 271 303 401 308 175 402 179 378 403 385 291 404 295 73 405 76 24 406 24 142 407 146 194 408 198 369 409 376 285 410 289 187 411 191 358 412 365 203 413 207 259 414 263 72 415 75 158 416 162 73 417 76 122 418 125 268 419 272 73 420 76 268 421 272 24 422 24 179 423 183 36 424 36 277 425 281 243 426 247 137 427 141 232 428 236 191 429 195 348 430 355 66 431 69 75 432 78 4 433 4 379 434 386 87 435 90 130 436 133 128 437 131 271 438 275 9 439 9 263 440 267 169 441 173 310 442 316 325 443 331 222 444 226 281 445 285 272 446 276 351 447 358 164 448 168 262 449 266 78 450 81 282 451 286 164 452 168 200 453 204 79 454 82 190 455 194 0 456 0 79 457 82 37 458 37 63 459 66 299 460 303 288 461 292 81 462 84 283 463 287 159 464 163 182 465 186 357 466 364 257 467 261 274 468 278 181 469 185 36 470 36 195 471 199 389 472 396 239 473 243 218 474 222 285 475 289 233 476 237 285 477 289 369 478 376 233 479 237 306 480 311 347 481 354 363 482 370 363 483 370 324 484 330 265 485 269 289 486 293 153 487 157 364 488 371 333 489 339 85 490 88 175 491 179 295 492 299 361 493 368 237 494 241 295 495 299 237 496 241 173 497 177 176 498 180 87 499 90 46 500 46 133 501 137 204 502 208 308 503 313 88 504 91 220 505 224 342 506 349 88 507 91 356 508 363 21 509 21 365 510 372 358 511 365 187 512 191 340 513 347 365 514 372 283 515 287 234 516 238 62 517 65 156 518 160 92 519 95 90 520 93 17 521 17 54 522 57 230 523 234 144 524 148 334 525 340 360 526 367 254 527 258 92 528 95 17 529 17 383 530 390 263 531 267 296 532 300 22 533 22 56 534 59 258 535 262 170 536 174 93 537 96 192 538 196 13 539 13 394 540 401 94 541 97 388 542 395 322 543 328 254 544 258 255 545 259 287 546 291 129 547 132 136 548 140 38 549 38 269 550 273 172 551 176 198 552 202 400 553 407 56 554 59 96 555 99 171 556 175 19 557 19 89 558 92 202 559 206 247 560 251 282 561 286 193 562 197 164 563 168 98 564 101 278 565 282 193 566 197 284 567 288 396 568 403 33 569 33 99 570 102 56 571 59 311 572 317 184 573 188 33 574 33 131 575 134 278 576 282 3 577 3 193 578 197 394 579 401 388 580 395 286 581 290 244 582 248 165 583 169 240 584 244 20 585 20 169 586 173 325 587 331 208 588 212 103 589 106 20 590 20 192 591 196 150 592 154 13 593 13 104 594 107 263 595 267 22 596 22 390 597 397 177 598 181 400 599 407 46 600 46 76 601 79 251 602 255 106 603 109 402 604 409 147 605 151 190 606 194 341 607 348 154 608 158 65 609 68 23 610 23 178 611 182 23 612 23 252 613 256 381 614 388 347 615 354 387 616 394 139 617 143 267 618 271 108 619 111 68 620 71 109 621 112 274 622 278 36 623 36 109 624 112 36 625 36 179 626 183 110 627 113 284 628 288 33 629 33 110 630 113 33 631 33 184 632 188 158 633 162 248 634 252 259 635 263 337 636 344 111 637 114 189 638 193 112 639 115 115 640 118 146 641 150 208 642 212 339 643 346 103 644 106 180 645 184 39 646 39 270 647 274 342 648 349 220 649 224 380 650 387 249 651 253 267 652 271 68 653 71 344 654 351 114 655 117 244 656 248 305 657 310 366 658 373 38 659 38 112 660 115 7 661 7 115 662 118 116 663 119 141 664 145 162 665 166 54 666 57 361 667 368 116 668 119 185 669 189 117 670 120 28 671 28 313 672 319 329 673 335 65 674 68 179 675 183 277 676 281 375 677 382 272 678 276 2 679 1 62 680 65 262 681 266 238 682 242 353 683 360 239 684 243 57 685 60 297 686 301 197 687 201 29 688 29 60 689 63 239 690 243 264 691 268 120 692 123 121 693 124 167 694 171 223 695 227 66 696 69 370 697 377 229 698 233 58 699 61 228 700 232 122 701 125 319 702 325 31 703 31 209 704 213 299 705 303 289 706 293 250 707 254 320 708 326 330 709 336 75 710 78 214 711 218 64 712 67 124 713 127 125 714 128 49 715 49 215 716 219 307 717 312 336 718 343 301 719 306 315 720 321 338 721 345 88 722 91 206 723 210 43 724 43 126 725 129 255 726 259 256 727 260 145 728 149 59 729 62 254 730 258 394 731 401 46 732 46 211 733 215 76 734 79 128 735 131 9 736 9 271 737 275 183 738 187 279 739 283 129 740 132 287 741 291 391 742 398 129 743 132 216 744 220 132 745 135 9 746 9 130 747 133 9 748 9 128 749 131 134 750 138 253 751 257 280 752 284 184 753 188 131 754 134 377 755 384 245 756 249 132 757 135 222 758 226 9 759 9 132 760 135 42 761 42 308 762 314 210 763 214 133 764 136 52 765 52 161 766 165 133 767 137 253 768 257 134 769 138 231 770 235 23 771 23 65 772 68 350 773 357 246 774 250 318 775 324 135 776 139 354 777 361 340 778 347 283 779 287 287 780 291 136 781 140 95 782 98 95 783 98 136 784 140 78 785 81 277 786 281 398 787 405 137 788 141 243 789 247 74 790 77 137 791 141 227 792 231 40 793 40 138 794 142 75 795 78 348 796 355 191 797 195 387 798 394 191 799 195 139 800 143 139 801 143 191 802 195 121 803 124 56 804 59 170 805 174 355 806 362 56 807 59 355 808 362 311 809 317 141 810 145 196 811 200 162 812 166 116 813 119 60 814 63 141 815 145 142 816 146 24 817 24 194 818 198 71 819 74 73 820 76 142 821 146 6 822 6 312 823 318 143 824 147 143 825 147 72 826 75 259 827 263 322 828 328 334 829 340 254 830 258 21 831 21 144 832 148 91 833 94 145 834 149 256 835 260 10 836 10 145 837 149 10 838 10 265 839 269 112 840 115 146 841 150 53 842 56 53 843 56 146 844 150 109 845 112 106 846 109 147 847 151 51 848 51 51 849 51 147 850 151 110 851 113 50 852 50 368 853 375 260 854 264 148 855 152 28 856 28 107 857 110 49 858 49 369 859 376 266 860 270 149 861 153 24 862 24 48 863 48 150 864 154 292 865 296 64 866 67 192 867 196 22 868 22 150 869 154 108 870 111 151 871 155 213 872 217 168 873 172 47 874 47 151 875 155 14 876 14 331 877 337 152 878 156 152 879 156 85 880 88 333 881 339 307 882 312 301 883 306 359 884 366 63 885 66 359 886 366 299 887 303 18 888 18 190 889 194 154 890 158 183 891 187 18 892 18 154 893 158 95 894 98 78 895 81 351 896 358 78 897 81 164 898 168 351 899 358 376 900 383 221 901 225 156 902 160 234 903 238 156 904 160 17 905 17 287 906 291 157 907 161 391 908 398 366 909 373 157 910 161 38 911 38 23 912 23 55 913 58 252 914 256 314 915 320 307 916 312 158 917 162 345 918 352 309 919 315 247 920 251 81 921 84 159 922 163 16 923 16 290 924 294 321 925 327 34 926 34 31 927 31 160 928 164 70 929 73 20 930 20 325 931 331 161 932 165 208 933 212 20 934 20 161 935 165 293 936 297 162 937 166 226 938 230 81 939 84 382 940 389 354 941 361 163 942 167 272 943 276 62 944 65 234 945 238 163 946 167 62 947 65 262 948 266 164 949 168 12 950 12 12 951 12 164 952 168 276 953 280 306 954 311 363 955 370 84 956 87 165 957 169 84 958 87 240 959 244 399 960 406 236 961 240 166 962 170 318 963 324 50 964 50 135 965 139 26 966 26 270 967 274 167 968 171 121 969 124 26 970 26 167 971 171 58 972 61 362 973 369 228 974 232 31 975 31 168 976 172 160 977 164 169 978 173 281 979 285 222 980 226 20 981 20 103 982 106 169 983 173 170 984 174 224 985 228 58 986 61 258 987 262 13 988 13 170 989 174 0 990 0 294 991 298 79 992 82 79 993 82 294 994 298 106 995 109 7 996 7 305 997 310 115 998 118 115 999 118 172 1000 176 195 1001 199 21 1002 21 323 1003 329 144 1004 148 295 1005 299 173 1006 177 21 1007 21 321 1008 327 303 1009 308 34 1010 34 371 1011 378 174 1012 178 261 1013 265 48 1014 48 209 1015 213 175 1016 179 48 1017 48 175 1018 179 85 1019 88 308 1020 313 87 1021 90 176 1022 180 0 1023 0 176 1024 180 171 1025 175 177 1026 181 46 1027 46 105 1028 108 177 1029 181 105 1030 108 93 1031 96 28 1032 28 326 1033 332 107 1034 110 23 1035 23 381 1036 388 178 1037 182 103 1038 106 179 1039 183 118 1040 121 118 1041 121 179 1042 183 375 1043 382 26 1044 26 113 1045 116 180 1046 184 180 1047 184 113 1048 116 39 1049 39 274 1050 278 327 1051 333 181 1052 185 181 1053 185 11 1054 11 197 1055 201 254 1056 258 360 1057 367 182 1058 186 94 1059 97 384 1060 391 199 1061 203 316 1062 322 200 1063 204 183 1064 187 67 1065 70 183 1066 187 129 1067 132 154 1068 158 184 1069 188 100 1070 103 100 1071 103 184 1072 188 377 1073 384 45 1074 45 61 1075 64 185 1076 189 185 1077 189 61 1078 64 117 1079 120 186 1080 190 401 1081 408 250 1082 254 289 1083 293 364 1084 371 35 1085 35 283 1086 287 365 1087 372 187 1088 191 89 1089 92 385 1090 392 202 1091 206 112 1092 115 188 1093 192 7 1094 7 7 1095 7 188 1096 192 305 1097 310 288 1098 292 30 1099 30 343 1100 350 275 1101 279 189 1102 193 80 1103 83 190 1104 194 79 1105 82 106 1106 109 190 1107 194 106 1108 109 51 1109 51 317 1110 323 191 1111 195 387 1112 394 75 1113 78 191 1114 195 4 1115 4 192 1116 196 76 1117 79 104 1118 107 192 1119 196 104 1120 107 22 1121 22 164 1122 168 193 1123 197 276 1124 280 45 1125 45 193 1126 197 253 1127 257 5 1128 5 71 1129 74 194 1130 198 71 1131 74 142 1132 146 194 1133 198 115 1134 118 195 1135 199 82 1136 85 82 1137 85 195 1138 199 327 1139 333 264 1140 268 196 1141 200 60 1142 63 141 1143 145 60 1144 63 196 1145 200 11 1146 11 120 1147 123 197 1148 201 197 1149 201 120 1150 123 29 1151 29 106 1152 109 96 1153 99 402 1154 409 96 1155 99 400 1156 407 198 1157 202 27 1158 27 388 1159 395 101 1160 104 199 1161 203 247 1162 251 397 1163 404 37 1164 37 79 1165 82 200 1166 204 37 1167 37 200 1168 204 316 1169 322 92 1170 95 383 1171 390 296 1172 300 138 1173 142 40 1174 40 201 1175 205 202 1176 206 189 1177 193 275 1178 279 97 1179 100 202 1180 206 346 1181 353 203 1182 207 337 1183 344 189 1184 193 358 1185 365 25 1186 25 203 1187 207 216 1188 220 332 1189 338 204 1190 208 204 1191 208 332 1192 338 308 1193 313 158 1194 162 307 1195 312 205 1196 209 205 1197 209 307 1198 312 395 1199 402 376 1200 383 156 1201 160 372 1202 379 66 1203 69 206 1204 210 370 1205 377 284 1206 288 311 1207 317 396 1208 403 207 1209 211 5 1210 5 194 1211 198 298 1212 302 112 1213 115 208 1214 212 112 1215 115 53 1216 56 208 1217 212 378 1218 385 290 1219 294 34 1220 34 31 1221 31 70 1222 73 209 1223 213 335 1224 342 210 1225 214 300 1226 305 133 1227 136 210 1228 214 52 1229 54 128 1230 131 76 1231 79 211 1232 215 87 1233 90 128 1234 131 211 1235 215 249 1236 253 68 1237 71 212 1238 216 212 1239 216 68 1240 71 306 1241 311 320 1242 326 379 1243 386 47 1244 47 151 1245 155 47 1246 47 213 1247 217 150 1248 154 386 1249 393 58 1250 61 58 1251 61 214 1252 218 362 1253 369 336 1254 343 215 1255 219 14 1256 14 14 1257 14 215 1258 219 331 1259 337 216 1260 220 9 1261 9 130 1262 133 216 1263 220 130 1264 133 332 1265 338 277 1266 281 36 1267 36 217 1268 221 217 1269 221 36 1270 36 181 1271 185 125 1272 128 23 1273 23 328 1274 334 218 1275 222 23 1276 23 285 1277 289 131 1278 134 33 1279 33 219 1280 223 219 1281 223 33 1282 33 207 1283 211 88 1284 91 21 1285 21 220 1286 224 220 1287 224 21 1288 21 380 1289 387 201 1290 205 17 1291 17 221 1292 225 221 1293 225 17 1294 17 156 1295 160 169 1296 173 222 1297 226 77 1298 80 222 1299 226 132 1300 135 77 1301 80 347 1302 354 223 1303 227 41 1304 41 41 1305 41 223 1306 227 324 1307 330 13 1308 13 150 1309 154 224 1310 228 13 1311 13 224 1312 228 170 1313 174 71 1314 74 225 1315 229 73 1316 76 225 1317 229 302 1318 307 73 1319 76 81 1320 84 16 1321 16 357 1322 364 226 1323 230 162 1324 166 81 1325 84 75 1326 78 330 1327 336 227 1328 231 75 1329 78 227 1330 231 138 1331 142 122 1332 125 228 1333 232 31 1334 31 228 1335 232 362 1336 369 31 1337 31 121 1338 124 191 1339 195 229 1340 233 370 1341 377 121 1342 124 229 1343 233 334 1344 340 230 1345 234 32 1346 32 230 1347 234 293 1348 297 32 1349 32 329 1350 335 231 1351 235 65 1352 68 231 1353 235 134 1354 138 65 1355 68 338 1356 345 232 1357 236 88 1358 91 232 1359 236 137 1360 141 88 1361 91 233 1362 237 369 1363 376 49 1364 49 218 1365 222 233 1366 237 49 1367 49 245 1368 249 234 1369 238 90 1370 93 90 1371 93 234 1372 238 17 1373 17 340 1374 347 235 1375 239 6 1376 6 235 1377 239 312 1378 318 6 1379 6 166 1380 170 236 1381 240 50 1382 50 236 1383 240 368 1384 375 50 1385 50 173 1386 177 237 1387 241 54 1388 57 237 1389 241 361 1390 368 54 1391 57 12 1392 12 276 1393 280 238 1394 242 262 1395 266 12 1396 12 238 1397 242 195 1398 199 239 1399 243 327 1400 333 11 1401 11 239 1402 243 120 1403 123 1 1404 2 240 1405 244 373 1406 380 240 1407 244 286 1408 290 102 1409 105 333 1410 339 175 1411 179 241 1412 245 186 1413 190 35 1414 35 401 1415 408 39 1416 39 367 1417 374 270 1418 274 380 1419 387 21 1420 21 242 1421 246 243 1422 247 375 1423 382 74 1424 77 62 1425 65 2 1426 1 243 1427 247 261 1428 265 244 1429 248 1 1430 2 1 1431 2 244 1432 248 240 1433 244 42 1434 42 132 1435 135 245 1436 249 42 1437 42 245 1438 249 90 1439 93 246 1440 250 135 1441 139 44 1442 44 246 1443 250 44 1444 44 382 1445 389 247 1446 251 202 1447 206 97 1448 100 397 1449 404 247 1450 251 97 1451 100 248 1452 252 205 1453 209 395 1454 402 25 1455 25 248 1456 252 111 1457 114 392 1458 399 249 1459 253 212 1460 216 114 1461 117 15 1462 15 249 1463 253 123 1464 126 250 1465 254 69 1466 72 30 1467 30 250 1468 254 123 1469 126 46 1470 46 251 1471 255 105 1472 108 105 1473 108 251 1474 255 93 1475 96 72 1476 75 374 1477 381 158 1478 162 252 1479 256 314 1480 320 158 1481 162 253 1482 257 377 1483 384 280 1484 284 193 1485 197 3 1486 3 253 1487 257 394 1488 401 254 1489 258 94 1490 97 94 1491 97 254 1492 258 384 1493 391 255 1494 259 254 1495 258 59 1496 62 255 1497 259 59 1498 62 256 1499 260 256 1500 260 59 1501 62 394 1502 401 10 1503 10 256 1504 260 127 1505 130 257 1506 261 345 1507 352 247 1508 251 357 1509 364 16 1510 16 257 1511 261 93 1512 96 13 1513 13 258 1514 262 177 1515 181 93 1516 96 258 1517 262 259 1518 263 248 1519 252 25 1520 25 259 1521 263 25 1522 25 358 1523 365 260 1524 264 28 1525 28 148 1526 152 260 1527 264 148 1528 152 72 1529 75 69 1530 72 261 1531 265 1 1532 2 250 1533 254 261 1534 265 69 1535 72 155 1536 159 262 1537 266 389 1538 396 57 1539 60 262 1540 266 297 1541 301 263 1542 267 9 1543 9 92 1544 95 263 1545 267 92 1546 95 296 1547 300 29 1548 29 120 1549 123 264 1550 268 29 1551 29 264 1552 268 60 1553 63 349 1554 356 265 1555 269 352 1556 359 363 1557 370 265 1558 269 84 1559 87 266 1560 270 24 1561 24 149 1562 153 266 1563 270 149 1564 153 85 1565 88 303 1566 308 267 1567 271 15 1568 15 15 1569 15 267 1570 271 249 1571 253 24 1572 24 268 1573 272 48 1574 48 268 1575 272 122 1576 125 48 1577 48 38 1578 38 95 1579 98 269 1580 273 269 1581 273 95 1582 98 155 1583 159 324 1584 330 270 1585 274 145 1586 149 145 1587 149 270 1588 274 255 1589 259 271 1590 275 263 1591 267 76 1592 79 128 1593 131 271 1594 275 76 1595 79 103 1596 106 118 1597 121 272 1598 276 272 1599 276 118 1600 121 2 1601 1 68 1602 71 108 1603 111 273 1604 277 273 1605 277 108 1606 111 213 1607 217 115 1608 118 82 1609 85 274 1610 278 274 1611 278 82 1612 85 327 1613 333 8 1614 8 202 1615 206 275 1616 279 276 1617 280 193 1618 197 45 1619 45 276 1620 280 45 1621 45 185 1622 189 74 1623 77 375 1624 382 277 1625 281 74 1626 77 277 1627 281 137 1628 141 154 1629 158 100 1630 103 278 1631 282 278 1632 282 100 1633 103 3 1634 3 183 1635 187 154 1636 158 279 1637 283 279 1638 283 154 1639 158 278 1640 282 280 1641 284 377 1642 384 131 1643 134 131 1644 134 134 1645 138 280 1646 284 169 1647 173 103 1648 106 281 1649 285 281 1650 285 103 1651 106 272 1652 276 129 1653 132 98 1654 101 282 1655 286 282 1656 286 98 1657 101 193 1658 197 309 1659 315 283 1660 287 89 1661 92 89 1662 92 283 1663 287 385 1664 392 198 1665 202 99 1666 102 284 1667 288 284 1668 288 99 1669 102 311 1670 317 393 1671 400 285 1672 289 134 1673 138 194 1674 198 285 1675 289 83 1676 86 286 1677 290 388 1678 395 27 1679 27 102 1680 105 286 1681 290 27 1682 27 38 1683 38 157 1684 161 287 1685 291 38 1686 38 287 1687 291 95 1688 98 395 1689 402 288 1690 292 189 1691 193 189 1692 193 288 1693 292 80 1694 83 289 1695 293 35 1696 35 186 1697 190 289 1698 293 186 1699 190 250 1700 254 378 1701 385 70 1702 73 290 1703 294 290 1704 294 70 1705 73 321 1706 327 401 1707 408 291 1708 295 371 1709 378 378 1710 385 34 1711 34 291 1712 295 22 1713 22 40 1714 40 292 1715 296 22 1716 22 292 1717 296 150 1718 154 116 1719 119 162 1720 166 293 1721 297 54 1722 57 116 1723 119 293 1724 297 0 1725 0 171 1726 175 294 1727 298 294 1728 298 171 1729 175 96 1730 99 137 1731 141 398 1732 405 295 1733 299 86 1734 89 197 1735 201 295 1736 299 296 1737 300 383 1738 390 40 1739 40 22 1740 22 296 1741 300 40 1742 40 119 1743 122 353 1744 360 399 1745 406 264 1746 268 297 1747 301 119 1748 122 208 1749 212 161 1750 165 298 1751 302 298 1752 302 161 1753 165 52 1754 52 299 1755 303 30 1756 30 288 1757 292 299 1758 303 250 1759 254 30 1760 30 37 1761 37 316 1762 322 300 1763 304 300 1764 305 210 1765 214 37 1766 53 14 1767 14 152 1768 156 301 1769 306 336 1770 343 14 1771 14 301 1772 306 302 1773 307 58 1774 61 122 1775 125 170 1776 174 58 1777 61 302 1778 307 371 1779 378 303 1780 308 174 1781 178 174 1782 178 303 1783 308 344 1784 351 156 1785 160 62 1786 65 304 1787 309 304 1788 309 62 1789 65 243 1790 247 305 1791 310 38 1792 38 172 1793 176 305 1794 310 172 1795 176 115 1796 118 306 1797 311 84 1798 87 165 1799 169 392 1800 399 306 1801 311 165 1802 169 395 1803 402 307 1804 312 63 1805 66 307 1806 312 359 1807 366 63 1808 66 308 1809 313 176 1810 180 0 1811 0 210 1812 214 308 1813 314 0 1814 55 16 1815 16 159 1816 163 309 1817 315 159 1818 163 283 1819 287 309 1820 315 132 1821 135 310 1822 316 77 1823 80 169 1824 173 77 1825 80 310 1826 316 311 1827 317 140 1828 144 5 1829 5 207 1830 211 311 1831 317 5 1832 5 260 1833 264 72 1834 75 312 1835 318 312 1836 318 72 1837 75 143 1838 147 117 1839 120 61 1840 64 313 1841 319 117 1842 120 313 1843 319 28 1844 28 314 1845 320 252 1846 256 55 1847 58 314 1848 320 55 1849 58 125 1850 128 126 1851 129 43 1852 43 315 1853 321 126 1854 129 315 1855 321 113 1856 116 300 1857 304 316 1858 322 67 1859 70 67 1860 70 316 1861 322 183 1862 187 379 1863 386 4 1864 4 317 1865 323 4 1866 4 191 1867 195 317 1868 323 246 1869 250 166 1870 170 318 1871 324 318 1872 324 166 1873 170 50 1874 50 48 1875 48 122 1876 125 319 1877 325 319 1878 325 122 1879 125 31 1880 31 124 1881 127 64 1882 67 320 1883 326 124 1884 127 320 1885 326 47 1886 47 70 1887 73 160 1888 164 321 1889 327 160 1890 164 108 1891 111 321 1892 327 242 1893 246 91 1894 94 322 1895 328 91 1896 94 144 1897 148 322 1898 328 21 1899 21 173 1900 177 323 1901 329 323 1902 329 173 1903 177 54 1904 57 223 1905 227 167 1906 171 324 1907 330 167 1908 171 270 1909 274 324 1910 330 161 1911 165 325 1912 331 133 1913 137 325 1914 331 310 1915 316 133 1916 137 178 1917 182 381 1918 388 326 1919 332 65 1920 68 178 1921 182 326 1922 332 181 1923 185 327 1924 333 11 1925 11 11 1926 11 327 1927 333 239 1928 243 328 1929 334 23 1930 23 218 1931 222 218 1932 222 49 1933 49 328 1934 334 253 1935 257 329 1936 335 61 1937 64 61 1938 64 329 1939 335 313 1940 319 40 1941 40 330 1942 336 64 1943 67 64 1944 67 330 1945 336 320 1946 326 266 1947 270 85 1948 88 331 1949 337 331 1950 337 85 1951 88 152 1952 156 308 1953 313 332 1954 338 87 1955 90 332 1956 338 130 1957 133 87 1958 90 333 1959 339 241 1960 245 35 1961 35 364 1962 371 333 1963 339 35 1964 35 322 1965 328 144 1966 148 334 1967 340 144 1968 148 230 1969 234 334 1970 340 335 1971 341 188 1972 192 52 1973 52 52 1974 54 210 1975 214 335 1976 342 336 1977 343 314 1978 320 125 1979 128 336 1980 343 125 1981 128 215 1982 219 203 1983 207 25 1984 25 337 1985 344 337 1986 344 25 1987 25 111 1988 114 243 1989 247 338 1990 345 43 1991 43 43 1992 43 338 1993 345 315 1994 321 208 1995 212 53 1996 56 339 1997 346 339 1998 346 53 1999 56 179 2000 183 354 2001 361 135 2002 139 340 2003 347 135 2004 139 235 2005 239 340 2006 347 190 2007 194 51 2008 51 341 2009 348 341 2010 348 51 2011 51 184 2012 188 315 2013 321 342 2014 349 113 2015 116 113 2016 116 342 2017 349 39 2018 39 80 2019 83 288 2020 292 343 2021 350 303 2022 308 15 2023 15 344 2024 351 344 2025 351 15 2026 15 114 2027 117 257 2028 261 16 2029 16 345 2030 352 345 2031 352 16 2032 16 309 2033 315 346 2034 353 202 2035 206 8 2036 8 306 2037 311 68 2038 71 347 2039 354 68 2040 71 387 2041 394 347 2042 354 75 2043 78 138 2044 142 348 2045 355 348 2046 355 138 2047 142 66 2048 69 240 2049 244 84 2050 87 349 2051 356 84 2052 87 265 2053 269 349 2054 356 65 2055 68 134 2056 138 350 2057 357 134 2058 138 285 2059 289 350 2060 357 95 2061 98 351 2062 358 155 2063 159 155 2064 159 351 2065 358 262 2066 266 265 2067 269 10 2068 10 352 2069 359 352 2070 359 10 2071 10 127 2072 130 262 2073 266 353 2074 360 297 2075 301 297 2076 301 353 2077 360 119 2078 122 382 2079 389 44 2080 44 354 2081 361 44 2082 44 135 2083 139 354 2084 361 170 2085 174 140 2086 144 355 2087 362 140 2088 144 311 2089 317 355 2090 362 88 2091 91 137 2092 141 356 2093 363 356 2094 363 137 2095 141 295 2096 299 226 2097 230 81 2098 84 357 2099 364 226 2100 230 357 2101 364 360 2102 367 143 2103 147 259 2104 263 358 2105 365 143 2106 147 358 2107 365 365 2108 372 301 2109 306 153 2110 157 359 2111 366 359 2112 366 153 2113 157 299 2114 303 32 2115 32 226 2116 230 360 2117 367 334 2118 340 32 2119 32 360 2120 367 197 2121 201 60 2122 63 361 2123 368 361 2124 368 60 2125 63 116 2126 119 31 2127 31 362 2128 369 168 2129 172 362 2130 369 47 2131 47 168 2132 172 347 2133 354 41 2134 41 363 2135 370 363 2136 370 41 2137 41 324 2138 330 301 2139 306 152 2140 156 364 2141 371 364 2142 371 152 2143 156 333 2144 339 6 2145 6 143 2146 147 365 2147 372 340 2148 347 6 2149 6 365 2150 372 335 2151 341 366 2152 373 188 2153 192 188 2154 192 366 2155 373 305 2156 310 39 2157 39 242 2158 246 367 2159 374 367 2160 374 242 2161 246 255 2162 259 185 2163 189 28 2164 28 368 2165 375 368 2166 375 28 2167 28 260 2168 264 194 2169 198 24 2170 24 369 2171 376 369 2172 376 24 2173 24 266 2174 270 121 2175 124 370 2176 377 26 2177 26 370 2178 377 113 2179 116 26 2180 26 291 2181 295 34 2182 34 371 2183 378 34 2184 34 303 2185 308 371 2186 378 66 2187 69 372 2188 379 206 2189 210 372 2190 379 43 2191 43 206 2192 210 373 2193 380 240 2194 244 102 2195 105 107 2196 110 252 2197 256 374 2198 381 374 2199 381 252 2200 256 158 2201 162 118 2202 121 375 2203 382 2 2204 1 2 2205 1 375 2206 382 243 2207 247 66 2208 69 138 2209 142 376 2210 383 66 2211 69 376 2212 383 372 2213 379 100 2214 103 377 2215 384 3 2216 3 3 2217 3 377 2218 384 253 2219 257 175 2220 179 209 2221 213 378 2222 385 209 2223 213 70 2224 73 378 2225 385 47 2226 47 379 2227 386 213 2228 217 213 2229 217 379 2230 386 317 2231 323 39 2232 39 342 2233 349 380 2234 387 39 2235 39 380 2236 387 242 2237 246 326 2238 332 381 2239 388 107 2240 110 381 2241 388 252 2242 256 107 2243 110 196 2244 200 382 2245 389 162 2246 166 162 2247 166 382 2248 389 81 2249 84 40 2250 40 383 2251 390 201 2252 205 383 2253 390 17 2254 17 201 2255 205 384 2256 391 254 2257 258 182 2258 186 384 2259 391 182 2260 186 199 2261 203 385 2262 392 283 2263 287 187 2264 191 385 2265 392 187 2266 191 202 2267 206 58 2268 61 386 2269 393 214 2270 218 386 2271 393 64 2272 67 214 2273 218 213 2274 217 387 2275 394 273 2276 277 387 2277 394 68 2278 71 273 2279 277 94 2280 97 199 2281 203 388 2282 395 388 2283 395 199 2284 203 101 2285 104 239 2286 243 389 2287 396 57 2288 60 57 2289 60 389 2290 396 262 2291 266 390 2292 397 176 2293 180 46 2294 46 390 2295 397 46 2296 46 177 2297 181 391 2298 398 300 2299 304 67 2300 70 391 2301 398 67 2302 70 129 2303 132 392 2304 399 114 2305 117 249 2306 253 114 2307 117 392 2308 399 244 2309 248 131 2310 134 83 2311 86 393 2312 400 83 2313 86 285 2314 289 393 2315 400 127 2316 130 256 2317 260 394 2318 401 127 2319 130 394 2320 401 286 2321 290 111 2322 114 248 2323 252 395 2324 402 111 2325 114 395 2326 402 189 2327 193 33 2328 33 396 2329 403 207 2330 211 396 2331 403 311 2332 317 207 2333 211 101 2334 104 199 2335 203 397 2336 404 277 2337 281 86 2338 89 398 2339 405 398 2340 405 86 2341 89 295 2342 299 353 2343 360 238 2344 242 399 2345 406 238 2346 242 185 2347 189 399 2348 406 19 2349 19 390 2350 397 400 2351 407 96 2352 99 19 2353 19 400 2354 407 35 2355 35 241 2356 245 401 2357 408 241 2358 245 291 2359 295 401 2360 408 96 2361 99 198 2362 202 402 2363 409 402 2364 409 198 2365 202 284 2366 288</p>
        </triangles>
      </mesh>
    </geometry>
    <geometry id="SM_Urchin_01_LOD2-lib" name="SM_Urchin_01_LOD2Mesh">
      <mesh>
        <source id="SM_Urchin_01_LOD2-POSITION">
          <float_array id="SM_Urchin_01_LOD2-POSITION-array" count="831">
2.200058 -3.087769 0.165496
2.676880 -1.012024 17.041101
6.514709 12.333923 6.610417
-12.437645 -6.565613 6.610419
12.941757 -2.239502 11.306916
-2.099655 -14.123596 7.392031
-9.491623 2.916565 14.905524
-4.711533 9.259521 1.908987
-2.430725 0.642700 17.028929
11.823898 -2.052307 2.924185
5.914886 5.686707 16.085590
-6.292633 12.374329 7.391987
-13.507553 4.231262 7.392328
8.172424 -11.293457 6.658041
-5.815948 -8.362793 14.903069
7.496567 -3.898987 16.085377
-3.690414 7.143860 16.085163
13.152512 4.043152 6.658516
-9.440544 -5.064575 1.615708
1.789093 -10.780212 1.617585
4.972351 9.357910 1.615619
4.052490 11.937012 11.210774
12.420288 -6.465271 6.636373
-10.209618 -7.689819 11.208991
-1.882172 -12.784058 11.192121
-8.045074 -1.540527 16.085449
11.064194 5.386169 11.895446
1.599533 1.856750 17.048153
-12.468544 -2.189758 11.185943
-6.231567 12.264404 9.860226
-1.334747 -2.230652 17.057716
7.290359 -10.083679 11.868612
0.101349 9.896912 14.904856
-7.947998 -11.284119 6.659483
4.962830 -6.881226 15.869347
-1.131058 -8.365784 16.085556
0.109039 13.503540 6.660590
-3.287079 -1.324341 0.205997
-9.224777 4.563110 2.164765
7.284470 9.681396 11.853637
13.847229 -2.368713 7.364144
9.704041 2.930786 14.904274
11.672211 3.551697 2.528720
9.706116 9.402100 8.886569
-9.122574 6.513977 13.485766
-13.825966 -2.399536 7.391928
6.248871 -8.644958 2.215188
11.460617 -5.975708 11.188277
2.021423 -12.263245 11.859797
-7.083939 -10.090637 11.877152
-11.530693 3.589844 11.881117
-8.155914 -8.458374 3.107528
0.117569 3.375000 0.163706
1.937271 11.342407 3.114759
0.111557 12.039490 11.877573
-9.124252 -6.901428 13.485991
2.244446 -13.648865 5.197129
-11.175629 7.996643 7.378328
8.239166 -11.374390 8.927382
3.831390 7.111328 15.764443
-5.674500 11.149658 11.185367
-13.287865 -2.316528 8.884687
9.884995 9.584351 6.635086
-5.010620 -3.919556 16.528706
12.196945 -6.354187 8.885348
-11.767784 -6.247620 9.645384
12.881912 3.948608 9.686177
-10.372154 -1.857849 1.909288
9.756821 -1.722961 14.521969
1.655167 -2.279297 17.034246
6.843613 -9.450562 13.533239
-2.014099 -13.598267 8.886179
-10.882950 -1.933899 13.248507
2.195114 -13.359192 9.644892
4.414673 13.075073 7.378134
13.273499 -2.278809 9.644836
10.579300 -5.528870 3.046180
7.613632 7.313965 1.901984
-13.224266 4.134766 4.971768
-4.148117 -6.035278 0.794046
-2.305679 -0.977905 17.031536
-4.374115 8.606812 14.667957
-6.185364 12.149414 5.154707
-8.012596 -11.384094 8.928108
6.127838 1.758240 16.501432
-1.635086 -11.194214 13.256469
0.102737 13.621948 8.925772
6.960022 -2.409912 0.866265
6.159927 11.683289 9.645530
-5.015350 3.523071 16.528784
13.443848 4.140381 4.971658
3.636673 10.657837 13.485265
13.564194 -2.321350 5.197193
8.352051 -11.536499 4.971695
2.061478 5.827698 16.528698
-10.304146 5.112000 3.107438
-1.549408 -10.684204 1.895529
-1.458649 1.899597 17.035234
-13.573227 -2.366211 5.156664
-2.054245 -13.879517 5.155917
-12.030685 -6.385254 5.195037
0.081329 2.395752 17.039591
2.556335 0.596863 17.054430
5.497299 10.376038 2.919886
12.455795 -6.481262 5.155581
7.244415 -10.033264 2.530354
-6.027451 -8.641602 2.223804
-11.503975 -3.968140 11.855618
10.024445 -5.249207 13.249260
0.106537 13.824768 4.971728
-8.129471 -11.538208 4.971739
-5.828537 -2.124084 16.336836
0.108521 10.244812 2.225197
9.107224 8.807373 11.182306
6.047134 -2.124268 16.338617
-5.224396 10.270691 3.051707
-3.690155 11.510315 11.928485
-13.697731 -2.374695 9.859723
6.291321 11.948425 5.195210
-10.860527 7.821838 9.607654
-6.051666 11.896362 8.886116
11.744125 3.582886 11.876694
5.857391 -11.479370 11.140433
-0.248840 -2.642578 17.010168
12.560303 -6.546814 9.859788
-7.780304 -8.089722 13.263412
9.998306 9.684753 9.859981
3.779037 4.856689 16.339270
10.029831 -3.419434 2.229391
-11.486534 -2.032227 3.058915
10.695343 -1.867981 1.617637
-9.577377 -9.879517 7.374877
10.040695 3.032593 2.219221
2.608200 2.360657 0.224206
-10.847366 -8.155090 8.879645
-9.829559 4.864624 13.254744
-11.448708 3.570984 2.528009
4.294556 12.687073 8.880113
13.639114 -0.194885 8.876870
11.520584 -0.196228 13.485126
2.286850 -13.932312 7.364145
-5.734207 11.209717 12.276268
-2.084351 -13.999268 9.859684
-9.593201 -0.194702 14.429425
1.849380 10.818848 13.252916
7.095703 6.789856 14.670249
0.119064 11.959412 2.529526
-7.043594 -10.022339 2.529031
-12.542854 -2.227783 12.276147
-1.867188 -12.855469 12.276052
9.811066 -9.896118 7.374602
11.538834 -5.986450 12.275761
-2.888580 -9.419922 14.426187
-3.616379 -5.318542 16.516062
-10.464043 -5.579895 2.919500
-10.738472 7.684631 5.302617
12.325226 6.030884 7.374848
-6.866867 1.485779 0.924235
-8.599457 -4.631958 14.529420
-4.630356 6.328247 15.490683
7.950104 -8.034729 13.201348
2.322830 6.618774 1.115620
-4.942398 9.723145 13.250149
9.902802 9.604919 5.155777
-12.942223 4.045837 6.657490
6.439270 -0.190674 16.529129
-11.169556 5.553162 11.137120
9.988922 4.840332 13.202289
8.805267 -8.892334 11.898656
6.242874 8.246033 2.224856
6.333847 -12.414368 7.374876
0.674316 -7.333435 0.984419
-6.897766 9.443359 2.791195
2.090607 12.309082 11.137772
4.523438 -4.610046 16.342093
1.636948 -9.842590 14.521726
3.859634 -6.318298 0.913784
5.416458 -10.613525 3.101150
-11.473007 -6.082458 11.305347
2.200867 13.018799 5.306728
9.149384 8.886230 12.275998
-4.273163 13.255249 7.375849
0.111465 6.130493 16.496237
-9.815689 -3.418518 2.223392
-9.353386 -9.658508 5.304964
-13.240120 -0.194885 9.650512
-0.905899 -6.532166 16.769266
-5.910309 1.763428 16.505529
-4.132080 5.624634 0.863124
-2.798584 -0.680847 17.214283
-8.355728 -6.344238 2.186923
12.873367 -0.196411 11.214761
9.577515 -9.660950 5.306874
-13.547012 -2.360046 6.635213
-4.013412 -12.882202 9.647604
-7.742462 10.607361 5.311077
-7.066208 9.680908 11.853220
-4.013184 12.491821 9.647373
-1.728043 -11.798279 3.049573
0.088913 2.669739 17.279200
-6.271606 -3.445862 1.122327
14.039337 -0.188721 7.378713
-2.388794 1.123291 17.256168
-6.156723 -0.194275 16.411345
7.091614 1.479919 0.914337
-7.197006 -3.917664 15.764376
11.988037 5.858582 9.647236
-4.252441 -13.654541 7.375853
3.342560 9.755737 2.186553
5.175293 -10.129456 13.254365
0.109924 -0.197815 -0.000000
9.571335 -5.012878 1.897866
8.214401 -1.478088 15.775388
11.725006 -3.969177 11.857906
9.548706 -9.633484 9.652076
-6.612473 -9.459900 13.533029
10.569427 -0.195313 2.190781
0.110809 14.123596 7.392048
-8.836502 -9.138794 11.132784
-8.311363 -11.781067 7.391251
6.018341 11.376099 11.305389
13.727661 4.228333 7.392283
8.413910 8.111206 3.052139
10.993408 3.350159 13.533976
8.524750 -11.781189 7.392066
2.293610 -14.072937 8.954768
-2.889359 9.033142 14.429918
13.982880 -2.405701 8.954778
7.807755 -10.804749 11.365971
12.580292 3.848938 11.366628
0.101044 11.254578 13.536408
-12.414467 -6.560974 8.954504
6.498703 12.316467 8.954476
-7.600883 -10.794250 11.366741
12.030228 5.881348 5.309984
-10.780647 3.334900 13.534181
-12.357277 3.864258 11.365993
0.116608 12.911194 11.365188
-13.042282 4.071777 8.927845
-7.950325 10.897827 7.374680
2.808487 0.676331 17.284996
1.393280 -8.300110 15.775348
5.137878 9.677063 13.192354
6.427994 12.211792 7.364188
2.934235 -1.085266 17.267769
10.520905 5.111389 3.108959
-9.873253 7.062378 11.933316
-1.273071 2.390869 17.264820
-7.554848 -2.684998 15.482093
7.767151 -2.683167 15.471530
-0.283966 -2.884399 17.250778
8.377167 -8.461731 3.101880
-9.761940 -5.225403 13.192192
-12.296043 -6.518005 7.364193
2.600082 7.472046 15.481404
4.546188 8.513550 14.529544
4.842300 6.320007 15.472492
-1.827835 5.767883 16.420444
6.186050 -12.119812 5.304378
-9.647507 -1.738708 14.668282
-12.191490 -0.190857 11.924591
1.809662 -2.500732 17.286484
-12.093246 6.023804 7.374876
12.804001 -4.317017 5.313684
-7.812607 10.776611 9.805957
7.286423 3.462952 15.474942
-3.695938 -11.892212 11.924721
8.911850 -4.681763 14.671715
2.129944 -13.031433 11.306920
-9.494858 6.761963 2.942813
7.986404 7.679932 13.258189
11.450272 -3.876404 2.781762
7.948608 10.599854 5.316214
10.726074 -3.643738 13.275389
-4.008194 12.476379 5.329013
-2.644424 -0.207153 16.993916
-14.039322 -0.206177 7.375851
</float_array>
          <technique_common>
            <accessor source="#SM_Urchin_01_LOD2-POSITION-array" count="277" stride="3">
              <param name="X" type="float"/>
              <param name="Y" type="float"/>
              <param name="Z" type="float"/>
            </accessor>
          </technique_common>
        </source>
        <source id="SM_Urchin_01_LOD2-Normal0">
          <float_array id="SM_Urchin_01_LOD2-Normal0-array" count="4869">
0.718621 0.403150 0.566616
0.581876 0.672574 0.457237
0.456617 0.486061 0.745148
-0.247249 0.068529 -0.966526
-0.129682 -0.032644 -0.991018
-0.531915 -0.099261 -0.840960
-0.547322 0.578970 0.604344
-0.681331 0.507279 0.527689
-0.301100 0.601481 0.739973
-0.103387 -0.636955 0.763937
-0.426917 -0.587551 0.687405
-0.454140 -0.805736 0.380193
-0.386633 -0.395766 -0.832997
-0.136319 -0.699926 -0.701085
-0.610431 -0.751713 -0.249602
0.309793 0.135794 -0.941057
0.256738 0.066230 -0.964209
0.340363 0.396339 -0.852683
0.567833 -0.781776 -0.257667
0.564999 -0.330949 -0.755810
0.743172 -0.569472 -0.351279
0.601862 -0.554657 0.574559
0.816285 -0.344812 0.463448
0.593220 -0.303118 0.745795
-0.521934 0.203395 -0.828381
-0.679758 -0.101210 -0.726420
-0.911633 0.320128 -0.257765
-0.558090 -0.504713 0.658636
-0.597598 -0.430429 0.676467
-0.701864 -0.540792 0.463606
0.028848 0.743843 0.667732
-0.158543 0.933771 0.320836
0.042887 0.806878 0.589159
0.513213 0.487421 -0.706423
0.639396 0.677944 -0.362718
0.770870 0.531166 -0.351599
-0.088797 0.255097 0.962829
-0.242700 0.262407 0.933938
0.030552 -0.090695 0.995410
0.130281 -0.672586 0.728461
0.385719 -0.290671 0.875632
0.150055 -0.464777 0.872620
0.488844 0.436793 -0.755144
0.513213 0.487421 -0.706423
0.770870 0.531166 -0.351599
0.773637 -0.633487 -0.013379
0.877778 -0.468121 -0.101827
0.717041 -0.626567 0.305397
0.575121 -0.114846 0.809967
0.724154 -0.023121 0.689250
0.746734 0.314790 0.585915
-0.020064 0.344864 0.938438
0.030552 -0.090695 0.995410
0.016284 -0.170391 0.985242
0.234843 0.629297 -0.740834
0.034663 0.969572 -0.242342
0.246462 0.897906 -0.364720
-0.576626 0.385236 -0.720483
-0.727432 0.563000 -0.392266
-0.627565 0.683171 -0.373415
-0.866692 -0.169698 0.469092
-0.705086 -0.293209 0.645665
-0.661107 -0.109202 0.742302
-0.612809 0.731593 0.298725
-0.765001 0.569539 0.300663
-0.681331 0.507279 0.527689
0.133602 -0.671566 0.728800
0.314152 -0.824057 0.471422
0.241319 -0.714187 0.657041
0.110029 -0.499548 -0.859271
0.309391 -0.883990 -0.350483
0.183994 -0.899673 -0.395898
0.150055 -0.464777 0.872620
-0.076221 0.118996 0.989965
-0.025038 0.196883 0.980107
-0.260664 -0.150612 0.953609
-0.271608 -0.174287 0.946495
0.117501 0.034976 0.992457
0.150055 -0.464777 0.872620
0.385719 -0.290671 0.875632
-0.076221 0.118996 0.989965
0.324634 -0.009294 0.945794
0.328910 -0.026488 0.943990
-0.129922 0.025175 0.991205
0.301161 0.533155 0.790600
0.442036 0.629807 0.638708
0.226083 0.699816 0.677602
-0.029117 0.347676 0.937163
-0.020064 0.344864 0.938438
0.016284 -0.170391 0.985242
0.908478 0.304608 0.286150
0.957930 0.061697 0.280293
0.998834 0.044917 -0.017719
0.724154 -0.023121 0.689250
0.681508 0.193537 0.705755
0.746734 0.314790 0.585915
-0.679758 -0.101210 -0.726420
-0.925350 -0.142204 -0.351433
-0.911633 0.320128 -0.257765
-0.559066 -0.370603 -0.741686
-0.610431 -0.751713 -0.249602
-0.735717 -0.578085 -0.352900
-0.208987 -0.263970 -0.941618
0.006514 -0.220162 -0.975441
-0.181988 -0.481402 -0.857399
0.224427 -0.077494 -0.971405
0.482569 -0.227315 -0.845846
0.226255 -0.271890 -0.935353
0.081911 0.547086 -0.833059
-0.251288 0.699067 -0.669447
0.034663 0.969572 -0.242342
-0.006809 0.153224 -0.988168
-0.148066 0.203623 -0.967788
-0.012493 0.259994 -0.965529
0.835290 0.466955 0.290248
0.696614 0.694926 0.178342
0.660288 0.663006 0.352765
0.272850 0.961892 0.017789
0.020646 0.983487 -0.179797
0.006287 0.948064 0.318018
0.722404 -0.091748 -0.685357
0.906951 0.344281 -0.242716
0.906872 -0.173906 -0.383849
0.564999 -0.330949 -0.755810
0.598946 -0.376698 -0.706655
0.743172 -0.569472 -0.351279
-0.754053 -0.656227 -0.027757
-0.636197 -0.751102 -0.176349
-0.580731 -0.755827 0.302452
-0.882275 -0.463746 0.080807
-0.830788 -0.442663 0.337402
-0.982326 -0.184729 0.030167
0.184418 -0.979980 -0.075029
0.557458 -0.779552 0.285551
0.145205 -0.931972 0.332182
-0.362634 -0.931926 0.003064
-0.370497 -0.824965 0.426807
-0.580731 -0.755827 0.302452
-0.690795 0.223726 0.687568
-0.907872 0.181741 0.377807
-0.661107 -0.109202 0.742302
-0.326944 0.052715 0.943572
-0.330371 0.079364 0.940509
0.117501 0.034976 0.992457
0.847658 0.530542 0.000896
0.718235 0.688788 -0.098540
0.835290 0.466955 0.290248
0.908478 0.304608 0.286150
0.998834 0.044917 -0.017719
0.925578 0.350073 -0.144067
0.284077 0.122777 0.950908
0.101778 0.084391 0.991221
-0.162932 0.022720 0.986376
-0.982891 0.034470 -0.180934
-0.896243 0.098357 0.432520
-0.902373 0.310250 0.299112
-0.902373 0.310250 0.299112
-0.921476 -0.075357 0.381055
-0.758614 0.270800 0.592598
-0.286648 0.957470 -0.032933
-0.182269 0.883565 0.431383
0.006287 0.948064 0.318018
-0.650581 0.759266 -0.016119
-0.765001 0.569539 0.300663
-0.612809 0.731593 0.298725
-0.326944 0.052715 0.943572
0.117501 0.034976 0.992457
0.178546 -0.144685 0.973236
0.367526 -0.930013 -0.001260
0.557458 -0.779552 0.285551
0.184418 -0.979980 -0.075029
0.577732 -0.798899 -0.167292
0.773637 -0.633487 -0.013379
0.557458 -0.779552 0.285551
0.020154 0.572549 0.819623
-0.155778 0.615743 0.772395
-0.029117 0.347676 0.937163
0.020154 0.572549 0.819623
-0.158543 0.933771 0.320836
-0.155778 0.615743 0.772395
-0.136319 -0.699926 -0.701085
-0.127796 -0.894291 -0.428850
-0.610431 -0.751713 -0.249602
-0.362634 -0.931926 0.003064
-0.580731 -0.755827 0.302452
-0.636197 -0.751102 -0.176349
0.601862 -0.554657 0.574559
0.593220 -0.303118 0.745795
0.567386 -0.429427 0.702614
0.255055 -0.228940 0.939432
0.464131 -0.236359 0.853649
-0.129922 0.025175 0.991205
-0.080826 -0.043624 0.995773
-0.180566 -0.257779 0.949181
-0.033261 -0.265979 0.963405
-0.485102 -0.664183 0.568803
-0.426917 -0.587551 0.687405
-0.103387 -0.636955 0.763937
-0.251288 0.699067 -0.669447
-0.218357 0.873158 -0.435793
0.034663 0.969572 -0.242342
0.020646 0.983487 -0.179797
-0.286648 0.957470 -0.032933
0.006287 0.948064 0.318018
-0.129682 -0.032644 -0.991018
-0.247249 0.068529 -0.966526
-0.006809 0.153224 -0.988168
0.006514 -0.220162 -0.975441
0.150710 -0.265908 -0.952145
0.226255 -0.271890 -0.935353
-0.419837 0.564512 -0.710678
-0.576626 0.385236 -0.720483
-0.627565 0.683171 -0.373415
-0.006809 0.153224 -0.988168
-0.247249 0.068529 -0.966526
-0.148066 0.203623 -0.967788
0.696614 0.694926 0.178342
0.393497 0.787257 0.474748
0.660288 0.663006 0.352765
0.250122 0.849704 0.464157
0.226083 0.699816 0.677602
0.442036 0.629807 0.638708
0.598946 -0.376698 -0.706655
0.887443 -0.268044 -0.374964
0.843722 -0.399857 -0.358117
0.886988 -0.461221 0.022951
0.979278 -0.191853 -0.064864
0.877778 -0.468121 -0.101827
0.596164 0.430480 0.677699
0.468548 0.464880 0.751232
0.464593 0.281455 0.839605
0.284077 0.122777 0.950908
0.273074 0.423854 0.863585
0.101778 0.084391 0.991221
0.494027 0.146734 -0.856975
0.256738 0.066230 -0.964209
0.309793 0.135794 -0.941057
0.722404 -0.091748 -0.685357
0.492859 0.255780 -0.831665
0.906951 0.344281 -0.242716
0.513213 0.487421 -0.706423
0.527645 0.721919 -0.447687
0.639396 0.677944 -0.362718
0.490995 0.865184 0.101880
0.411527 0.846749 0.337138
0.718235 0.688788 -0.098540
-0.765001 0.569539 0.300663
-0.757005 0.415022 0.504679
-0.681331 0.507279 0.527689
-0.286740 0.611833 0.737184
-0.602478 0.412831 0.683075
-0.242700 0.262407 0.933938
-0.679758 -0.101210 -0.726420
-0.784636 -0.423451 -0.452808
-0.925350 -0.142204 -0.351433
-0.974599 -0.223932 -0.003339
-0.882275 -0.463746 0.080807
-0.982326 -0.184729 0.030167
0.110029 -0.499548 -0.859271
0.202276 -0.669655 -0.714595
0.309391 -0.883990 -0.350483
0.110029 -0.499548 -0.859271
0.006514 -0.220162 -0.975441
0.226255 -0.271890 -0.935353
0.877778 -0.468121 -0.101827
0.979278 -0.191853 -0.064864
0.933920 -0.127445 0.333992
0.802184 -0.233233 0.549639
0.872262 -0.182585 0.453675
0.666869 -0.251888 0.701312
0.184418 -0.979980 -0.075029
0.145205 -0.931972 0.332182
-0.131531 -0.990917 0.027981
-0.154891 -0.872517 0.463382
0.133602 -0.671566 0.728800
-0.103387 -0.636955 0.763937
-0.754053 -0.656227 -0.027757
-0.580731 -0.755827 0.302452
-0.753450 -0.621390 0.214913
-0.558090 -0.504713 0.658636
-0.638892 -0.586060 0.498348
-0.426917 -0.587551 0.687405
-0.690795 0.223726 0.687568
-0.661107 -0.109202 0.742302
-0.780106 0.258257 0.569857
-0.690795 0.223726 0.687568
-0.780106 0.258257 0.569857
-0.650065 0.371895 0.662653
-0.432943 -0.209602 -0.876714
-0.236277 -0.105316 -0.965962
-0.303963 -0.388318 -0.869951
-0.652716 -0.335529 -0.679251
-0.559066 -0.370603 -0.741686
-0.735717 -0.578085 -0.352900
0.340363 0.396339 -0.852683
0.256738 0.066230 -0.964209
0.116224 0.095824 -0.988590
-0.129682 -0.032644 -0.991018
-0.003977 -0.003661 -0.999985
0.069589 -0.098934 -0.992658
0.333866 0.656230 -0.676680
0.234843 0.629297 -0.740834
0.246462 0.897906 -0.364720
-0.012493 0.259994 -0.965529
-0.148066 0.203623 -0.967788
0.027938 0.303896 -0.952295
0.254065 0.923307 0.288019
0.006287 0.948064 0.318018
0.250122 0.849704 0.464157
0.173584 0.849919 0.497500
0.028848 0.743843 0.667732
0.157643 0.741767 0.651866
-0.705086 -0.293209 0.645665
-0.727914 -0.248588 0.639019
-0.661107 -0.109202 0.742302
-0.554039 -0.252573 0.793252
-0.432642 -0.327367 0.840031
-0.461856 -0.256041 0.849195
-0.136319 -0.699926 -0.701085
0.183994 -0.899673 -0.395898
-0.127796 -0.894291 -0.428850
-0.084148 -0.990081 0.112510
0.184418 -0.979980 -0.075029
-0.131531 -0.990917 0.027981
-0.627565 0.683171 -0.373415
-0.727432 0.563000 -0.392266
-0.808138 0.587617 -0.040228
-0.765001 0.569539 0.300663
-0.902373 0.310250 0.299112
-0.757005 0.415022 0.504679
0.158520 -0.857629 0.489227
0.557458 -0.779552 0.285551
0.314152 -0.824057 0.471422
0.717041 -0.626567 0.305397
0.793042 -0.467766 0.390229
0.601862 -0.554657 0.574559
0.273074 0.423854 0.863585
0.113721 0.256388 0.959861
0.101778 0.084391 0.991221
0.456617 0.486061 0.745148
0.442036 0.629807 0.638708
0.301161 0.533155 0.790600
0.006287 0.948064 0.318018
-0.182269 0.883565 0.431383
-0.396693 0.845982 0.356299
-0.612809 0.731593 0.298725
-0.681331 0.507279 0.527689
-0.547322 0.578970 0.604344
-0.985357 -0.083912 0.148425
-0.647624 -0.422593 0.634034
-0.921476 -0.075357 0.381055
-0.902373 0.310250 0.299112
-0.896243 0.098357 0.432520
-0.921476 -0.075357 0.381055
0.719381 0.694299 0.020957
0.490995 0.865184 0.101880
0.718235 0.688788 -0.098540
0.847658 0.530542 0.000896
0.719381 0.694299 0.020957
0.718235 0.688788 -0.098540
-0.271608 -0.174287 0.946495
-0.597598 -0.430429 0.676467
-0.558090 -0.504713 0.658636
-0.180566 -0.257779 0.949181
-0.370914 -0.435116 0.820425
-0.180309 -0.563784 0.806000
0.869765 -0.470243 0.149599
0.864871 -0.131186 0.484550
0.802184 -0.233233 0.549639
0.717041 -0.626567 0.305397
0.869765 -0.470243 0.149599
0.793042 -0.467766 0.390229
-0.985357 -0.083912 0.148425
-0.775610 -0.448419 0.444240
-0.647624 -0.422593 0.634034
-0.580731 -0.755827 0.302452
-0.701864 -0.540792 0.463606
-0.753450 -0.621390 0.214913
0.800572 0.296802 0.520570
0.896673 0.032308 0.441514
0.908478 0.304608 0.286150
0.835290 0.466955 0.290248
0.660288 0.663006 0.352765
0.718621 0.403150 0.566616
-0.679758 -0.101210 -0.726420
-0.652716 -0.335529 -0.679251
-0.784636 -0.423451 -0.452808
-0.479803 -0.102825 -0.871330
-0.236277 -0.105316 -0.965962
-0.432943 -0.209602 -0.876714
0.567386 -0.429427 0.702614
0.593220 -0.303118 0.745795
0.561328 -0.313997 0.765713
0.324634 -0.009294 0.945794
0.548191 0.012716 0.836257
0.328910 -0.026488 0.943990
0.255055 -0.228940 0.939432
-0.129922 0.025175 0.991205
-0.076221 0.118996 0.989965
0.567386 -0.429427 0.702614
0.561328 -0.313997 0.765713
0.255055 -0.228940 0.939432
0.130281 -0.672586 0.728461
0.241319 -0.714187 0.657041
0.385719 -0.290671 0.875632
0.158520 -0.857629 0.489227
-0.175157 -0.923641 0.340892
-0.185569 -0.966387 0.177935
-0.370497 -0.824965 0.426807
-0.175157 -0.923641 0.340892
-0.580731 -0.755827 0.302452
-0.326944 0.052715 0.943572
-0.594620 0.021670 0.803715
-0.330371 0.079364 0.940509
-0.677295 -0.095318 0.729511
-0.661107 -0.109202 0.742302
-0.554039 -0.252573 0.793252
0.158520 -0.857629 0.489227
0.314152 -0.824057 0.471422
0.142450 -0.838200 0.526430
0.158520 -0.857629 0.489227
0.142450 -0.838200 0.526430
-0.175157 -0.923641 0.340892
0.246462 0.897906 -0.364720
0.009046 0.953523 -0.301185
0.272850 0.961892 0.017789
0.490995 0.865184 0.101880
0.254065 0.923307 0.288019
0.411527 0.846749 0.337138
0.896673 0.032308 0.441514
0.957930 0.061697 0.280293
0.908478 0.304608 0.286150
0.864871 -0.131186 0.484550
0.872262 -0.182585 0.453675
0.802184 -0.233233 0.549639
0.224427 -0.077494 -0.971405
0.499382 -0.057846 -0.864449
0.430189 -0.211818 -0.877537
0.609468 -0.241914 -0.755001
0.722404 -0.091748 -0.685357
0.887443 -0.268044 -0.374964
0.345625 0.341734 -0.873934
0.340363 0.396339 -0.852683
0.116224 0.095824 -0.988590
0.513213 0.487421 -0.706423
0.333866 0.656230 -0.676680
0.527645 0.721919 -0.447687
-0.727432 0.563000 -0.392266
-0.906053 0.327170 -0.268379
-0.873041 0.483122 -0.066285
-0.911633 0.320128 -0.257765
-0.925350 -0.142204 -0.351433
-0.906053 0.327170 -0.268379
-0.236277 -0.105316 -0.965962
-0.153888 -0.244714 -0.957305
-0.303963 -0.388318 -0.869951
0.069589 -0.098934 -0.992658
-0.153888 -0.244714 -0.957305
-0.129682 -0.032644 -0.991018
-0.271608 -0.174287 0.946495
-0.080826 -0.043624 0.995773
0.117501 0.034976 0.992457
-0.286740 0.611833 0.737184
-0.242700 0.262407 0.933938
-0.088797 0.255097 0.962829
-0.029117 0.347676 0.937163
-0.155778 0.615743 0.772395
-0.020064 0.344864 0.938438
-0.218357 0.873158 -0.435793
-0.286648 0.957470 -0.032933
0.009046 0.953523 -0.301185
-0.627565 0.683171 -0.373415
-0.808138 0.587617 -0.040228
-0.650581 0.759266 -0.016119
-0.638892 -0.586060 0.498348
-0.580731 -0.755827 0.302452
-0.493134 -0.634706 0.594952
-0.580731 -0.755827 0.302452
-0.175157 -0.923641 0.340892
-0.493134 -0.634706 0.594952
0.328910 -0.026488 0.943990
0.575121 -0.114846 0.809967
0.525655 0.264175 0.808640
0.525655 0.264175 0.808640
0.596164 0.430480 0.677699
0.464593 0.281455 0.839605
-0.033261 -0.265979 0.963405
-0.180566 -0.257779 0.949181
-0.180309 -0.563784 0.806000
-0.230528 -0.456722 0.859222
-0.103387 -0.636955 0.763937
0.130281 -0.672586 0.728461
0.006287 0.948064 0.318018
-0.396693 0.845982 0.356299
0.022060 0.804987 0.592882
0.006287 0.948064 0.318018
0.022060 0.804987 0.592882
0.173584 0.849919 0.497500
0.150710 -0.265908 -0.952145
0.224427 -0.077494 -0.971405
0.226255 -0.271890 -0.935353
0.116224 0.095824 -0.988590
0.256738 0.066230 -0.964209
0.069589 -0.098934 -0.992658
0.393497 0.787257 0.474748
0.333718 0.719194 0.609420
0.660288 0.663006 0.352765
0.393497 0.787257 0.474748
0.254065 0.923307 0.288019
0.250122 0.849704 0.464157
-0.528138 0.219968 0.820173
-0.594620 0.021670 0.803715
-0.326944 0.052715 0.943572
-0.650065 0.371895 0.662653
-0.528138 0.219968 0.820173
-0.242700 0.262407 0.933938
0.770870 0.531166 -0.351599
0.719381 0.694299 0.020957
0.847658 0.530542 0.000896
0.906872 -0.173906 -0.383849
0.906951 0.344281 -0.242716
0.909074 0.311738 -0.276412
0.028848 0.743843 0.667732
0.042887 0.806878 0.589159
0.157643 0.741767 0.651866
0.157643 0.741767 0.651866
0.020154 0.572549 0.819623
0.118932 0.481098 0.868562
0.906872 -0.173906 -0.383849
0.909074 0.311738 -0.276412
0.998834 0.044917 -0.017719
0.887443 -0.268044 -0.374964
0.979278 -0.191853 -0.064864
0.886988 -0.461221 0.022951
0.183994 -0.899673 -0.395898
0.309391 -0.883990 -0.350483
0.367526 -0.930013 -0.001260
0.567833 -0.781776 -0.257667
0.743172 -0.569472 -0.351279
0.565121 -0.780105 -0.268467
0.113721 0.256388 0.959861
0.162776 0.340550 0.926029
0.016284 -0.170391 0.985242
0.226083 0.699816 0.677602
0.118932 0.481098 0.868562
0.301161 0.533155 0.790600
-0.358808 0.218848 -0.907393
-0.679758 -0.101210 -0.726420
-0.521934 0.203395 -0.828381
-0.358808 0.218848 -0.907393
-0.576626 0.385236 -0.720483
-0.419837 0.564512 -0.710678
-0.136319 -0.699926 -0.701085
0.110029 -0.499548 -0.859271
0.183994 -0.899673 -0.395898
-0.181988 -0.481402 -0.857399
0.006514 -0.220162 -0.975441
0.110029 -0.499548 -0.859271
-0.242700 0.262407 0.933938
0.178546 -0.144685 0.973236
0.030552 -0.090695 0.995410
-0.925350 -0.142204 -0.351433
-0.966246 -0.158977 -0.202718
-0.906053 0.327170 -0.268379
-0.925350 -0.142204 -0.351433
-0.784636 -0.423451 -0.452808
-0.966246 -0.158977 -0.202718
-0.127796 -0.894291 -0.428850
-0.362634 -0.931926 0.003064
-0.594441 -0.754016 -0.279462
-0.127796 -0.894291 -0.428850
0.183994 -0.899673 -0.395898
-0.084148 -0.990081 0.112510
-0.735717 -0.578085 -0.352900
-0.594441 -0.754016 -0.279462
-0.754053 -0.656227 -0.027757
-0.784636 -0.423451 -0.452808
-0.888810 -0.454821 -0.056162
-0.966246 -0.158977 -0.202718
0.113721 0.256388 0.959861
0.016284 -0.170391 0.985242
0.101778 0.084391 0.991221
-0.129922 0.025175 0.991205
0.328910 -0.026488 0.943990
-0.162932 0.022720 0.986376
0.246663 0.458997 -0.853510
0.345625 0.341734 -0.873934
0.116224 0.095824 -0.988590
-0.007616 0.507097 -0.861855
0.333866 0.656230 -0.676680
0.246663 0.458997 -0.853510
0.743172 -0.569472 -0.351279
0.773637 -0.633487 -0.013379
0.565121 -0.780105 -0.268467
0.843722 -0.399857 -0.358117
0.887443 -0.268044 -0.374964
0.886988 -0.461221 0.022951
0.226255 -0.271890 -0.935353
0.202276 -0.669655 -0.714595
0.110029 -0.499548 -0.859271
0.226255 -0.271890 -0.935353
0.598946 -0.376698 -0.706655
0.564999 -0.330949 -0.755810
-0.208987 -0.263970 -0.941618
-0.136319 -0.699926 -0.701085
-0.386633 -0.395766 -0.832997
-0.303963 -0.388318 -0.869951
-0.559066 -0.370603 -0.741686
-0.652716 -0.335529 -0.679251
-0.775610 -0.448419 0.444240
-0.701864 -0.540792 0.463606
-0.647624 -0.422593 0.634034
-0.701864 -0.540792 0.463606
-0.727914 -0.248588 0.639019
-0.705086 -0.293209 0.645665
0.575121 -0.114846 0.809967
0.666869 -0.251888 0.701312
0.724154 -0.023121 0.689250
0.561328 -0.313997 0.765713
0.593220 -0.303118 0.745795
0.575121 -0.114846 0.809967
0.034663 0.969572 -0.242342
-0.218357 0.873158 -0.435793
0.009046 0.953523 -0.301185
0.034663 0.969572 -0.242342
0.009046 0.953523 -0.301185
0.246462 0.897906 -0.364720
-0.610431 -0.751713 -0.249602
-0.127796 -0.894291 -0.428850
-0.594441 -0.754016 -0.279462
-0.610431 -0.751713 -0.249602
-0.594441 -0.754016 -0.279462
-0.735717 -0.578085 -0.352900
-0.554039 -0.252573 0.793252
-0.461856 -0.256041 0.849195
-0.677295 -0.095318 0.729511
-0.464691 -0.104816 0.879247
-0.260664 -0.150612 0.953609
0.117501 0.034976 0.992457
0.027938 0.303896 -0.952295
-0.251288 0.699067 -0.669447
0.081911 0.547086 -0.833059
-0.007616 0.507097 -0.861855
0.234843 0.629297 -0.740834
0.333866 0.656230 -0.676680
0.581876 0.672574 0.457237
0.399153 0.653286 0.643347
0.456617 0.486061 0.745148
0.660288 0.663006 0.352765
0.333718 0.719194 0.609420
0.399153 0.653286 0.643347
0.526539 -0.068392 0.847396
0.561328 -0.313997 0.765713
0.575121 -0.114846 0.809967
0.464131 -0.236359 0.853649
0.324634 -0.009294 0.945794
-0.129922 0.025175 0.991205
-0.419837 0.564512 -0.710678
-0.148066 0.203623 -0.967788
-0.358808 0.218848 -0.907393
0.027938 0.303896 -0.952295
-0.176605 0.459907 -0.870228
-0.251288 0.699067 -0.669447
-0.158543 0.933771 0.320836
-0.431430 0.771148 0.468188
-0.301100 0.601481 0.739973
0.028848 0.743843 0.667732
-0.396693 0.845982 0.356299
-0.158543 0.933771 0.320836
-0.896243 0.098357 0.432520
-0.985357 -0.083912 0.148425
-0.921476 -0.075357 0.381055
-0.985357 -0.083912 0.148425
-0.982326 -0.184729 0.030167
-0.775610 -0.448419 0.444240
0.246462 0.897906 -0.364720
0.272850 0.961892 0.017789
0.479277 0.874167 -0.078268
0.527645 0.721919 -0.447687
0.479277 0.874167 -0.078268
0.719381 0.694299 0.020957
-0.873041 0.483122 -0.066285
-0.902373 0.310250 0.299112
-0.765001 0.569539 0.300663
-0.650581 0.759266 -0.016119
-0.808138 0.587617 -0.040228
-0.765001 0.569539 0.300663
-0.182269 0.883565 0.431383
-0.406874 0.896058 0.177577
-0.396693 0.845982 0.356299
-0.650581 0.759266 -0.016119
-0.612809 0.731593 0.298725
-0.470313 0.882311 0.018244
0.681508 0.193537 0.705755
0.596164 0.430480 0.677699
0.746734 0.314790 0.585915
0.908478 0.304608 0.286150
0.718621 0.403150 0.566616
0.800572 0.296802 0.520570
0.557458 -0.779552 0.285551
0.468267 -0.674488 0.570781
0.314152 -0.824057 0.471422
0.314152 -0.824057 0.471422
0.365519 -0.604326 0.707945
0.241319 -0.714187 0.657041
-0.080826 -0.043624 0.995773
-0.033261 -0.265979 0.963405
-0.025038 0.196883 0.980107
0.869765 -0.470243 0.149599
0.877778 -0.468121 -0.101827
0.864871 -0.131186 0.484550
0.717041 -0.626567 0.305397
0.877778 -0.468121 -0.101827
0.869765 -0.470243 0.149599
-0.558090 -0.504713 0.658636
-0.426917 -0.587551 0.687405
-0.485102 -0.664183 0.568803
-0.271608 -0.174287 0.946495
-0.558090 -0.504713 0.658636
-0.370914 -0.435116 0.820425
0.696614 0.694926 0.178342
0.718235 0.688788 -0.098540
0.393497 0.787257 0.474748
0.835290 0.466955 0.290248
0.718235 0.688788 -0.098540
0.696614 0.694926 0.178342
0.301161 0.533155 0.790600
0.224333 0.479641 0.848303
0.468548 0.464880 0.751232
0.179465 0.411839 0.893410
0.118932 0.481098 0.868562
0.113721 0.256388 0.959861
0.226255 -0.271890 -0.935353
0.482569 -0.227315 -0.845846
0.598946 -0.376698 -0.706655
0.430189 -0.211818 -0.877537
0.722404 -0.091748 -0.685357
0.609468 -0.241914 -0.755001
-0.479803 -0.102825 -0.871330
-0.652716 -0.335529 -0.679251
-0.679758 -0.101210 -0.726420
-0.358808 0.218848 -0.907393
-0.531915 -0.099261 -0.840960
-0.679758 -0.101210 -0.726420
0.494027 0.146734 -0.856975
0.309793 0.135794 -0.941057
0.722404 -0.091748 -0.685357
0.499382 -0.057846 -0.864449
0.722404 -0.091748 -0.685357
0.430189 -0.211818 -0.877537
-0.753450 -0.621390 0.214913
-0.882275 -0.463746 0.080807
-0.754053 -0.656227 -0.027757
-0.735717 -0.578085 -0.352900
-0.754053 -0.656227 -0.027757
-0.888810 -0.454821 -0.056162
0.488844 0.436793 -0.755144
0.309793 0.135794 -0.941057
0.513213 0.487421 -0.706423
0.722404 -0.091748 -0.685357
0.309793 0.135794 -0.941057
0.492859 0.255780 -0.831665
0.069589 -0.098934 -0.992658
-0.003977 -0.003661 -0.999985
0.116224 0.095824 -0.988590
-0.006809 0.153224 -0.988168
-0.012493 0.259994 -0.965529
0.116224 0.095824 -0.988590
-0.882275 -0.463746 0.080807
-0.753450 -0.621390 0.214913
-0.830788 -0.442663 0.337402
-0.701864 -0.540792 0.463606
-0.775610 -0.448419 0.444240
-0.753450 -0.621390 0.214913
-0.681331 0.507279 0.527689
-0.757005 0.415022 0.504679
-0.650065 0.371895 0.662653
-0.602478 0.412831 0.683075
-0.650065 0.371895 0.662653
-0.242700 0.262407 0.933938
-0.358808 0.218848 -0.907393
-0.521934 0.203395 -0.828381
-0.571396 0.440404 -0.692497
-0.571396 0.440404 -0.692497
-0.521934 0.203395 -0.828381
-0.911633 0.320128 -0.257765
0.272850 0.961892 0.017789
0.006287 0.948064 0.318018
0.254065 0.923307 0.288019
0.490995 0.865184 0.101880
0.272850 0.961892 0.017789
0.254065 0.923307 0.288019
0.933920 -0.127445 0.333992
0.979278 -0.191853 -0.064864
0.957930 0.061697 0.280293
0.864871 -0.131186 0.484550
0.957930 0.061697 0.280293
0.896673 0.032308 0.441514
0.666869 -0.251888 0.701312
0.896673 0.032308 0.441514
0.724154 -0.023121 0.689250
0.724154 -0.023121 0.689250
0.896673 0.032308 0.441514
0.681508 0.193537 0.705755
0.183994 -0.899673 -0.395898
0.367526 -0.930013 -0.001260
0.184418 -0.979980 -0.075029
0.183994 -0.899673 -0.395898
0.184418 -0.979980 -0.075029
-0.084148 -0.990081 0.112510
-0.431430 0.771148 0.468188
-0.547322 0.578970 0.604344
-0.301100 0.601481 0.739973
-0.158543 0.933771 0.320836
-0.396693 0.845982 0.356299
-0.431430 0.771148 0.468188
-0.185569 -0.966387 0.177935
-0.175157 -0.923641 0.340892
-0.370497 -0.824965 0.426807
-0.131531 -0.990917 0.027981
0.158520 -0.857629 0.489227
-0.185569 -0.966387 0.177935
-0.528138 0.219968 0.820173
-0.661107 -0.109202 0.742302
-0.594620 0.021670 0.803715
-0.594620 0.021670 0.803715
-0.661107 -0.109202 0.742302
-0.677295 -0.095318 0.729511
0.226083 0.699816 0.677602
0.157643 0.741767 0.651866
0.118932 0.481098 0.868562
0.250122 0.849704 0.464157
0.157643 0.741767 0.651866
0.226083 0.699816 0.677602
0.468548 0.464880 0.751232
0.224333 0.479641 0.848303
0.273074 0.423854 0.863585
0.468548 0.464880 0.751232
0.273074 0.423854 0.863585
0.464593 0.281455 0.839605
0.027938 0.303896 -0.952295
0.081911 0.547086 -0.833059
0.234843 0.629297 -0.740834
0.234843 0.629297 -0.740834
0.081911 0.547086 -0.833059
0.034663 0.969572 -0.242342
-0.208987 -0.263970 -0.941618
-0.386633 -0.395766 -0.832997
-0.559066 -0.370603 -0.741686
-0.559066 -0.370603 -0.741686
-0.386633 -0.395766 -0.832997
-0.610431 -0.751713 -0.249602
-0.690795 0.223726 0.687568
-0.921476 -0.075357 0.381055
-0.907872 0.181741 0.377807
-0.866692 -0.169698 0.469092
-0.921476 -0.075357 0.381055
-0.705086 -0.293209 0.645665
-0.426917 -0.587551 0.687405
-0.175157 -0.923641 0.340892
-0.454140 -0.805736 0.380193
-0.154891 -0.872517 0.463382
-0.175157 -0.923641 0.340892
0.133602 -0.671566 0.728800
0.773637 -0.633487 -0.013379
0.886988 -0.461221 0.022951
0.877778 -0.468121 -0.101827
0.743172 -0.569472 -0.351279
0.886988 -0.461221 0.022951
0.773637 -0.633487 -0.013379
0.593220 -0.303118 0.745795
0.816285 -0.344812 0.463448
0.802184 -0.233233 0.549639
0.601862 -0.554657 0.574559
0.793042 -0.467766 0.390229
0.816285 -0.344812 0.463448
-0.370914 -0.435116 0.820425
-0.103387 -0.636955 0.763937
-0.180309 -0.563784 0.806000
-0.180309 -0.563784 0.806000
-0.103387 -0.636955 0.763937
-0.230528 -0.456722 0.859222
-0.271608 -0.174287 0.946495
-0.370914 -0.435116 0.820425
-0.180566 -0.257779 0.949181
-0.271608 -0.174287 0.946495
-0.180566 -0.257779 0.949181
-0.080826 -0.043624 0.995773
-0.432943 -0.209602 -0.876714
-0.303963 -0.388318 -0.869951
-0.652716 -0.335529 -0.679251
-0.479803 -0.102825 -0.871330
-0.432943 -0.209602 -0.876714
-0.652716 -0.335529 -0.679251
-0.571396 0.440404 -0.692497
-0.911633 0.320128 -0.257765
-0.727432 0.563000 -0.392266
-0.911633 0.320128 -0.257765
-0.906053 0.327170 -0.268379
-0.727432 0.563000 -0.392266
0.908478 0.304608 0.286150
0.925578 0.350073 -0.144067
0.847658 0.530542 0.000896
0.770870 0.531166 -0.351599
0.847658 0.530542 0.000896
0.909074 0.311738 -0.276412
-0.358808 0.218848 -0.907393
-0.247249 0.068529 -0.966526
-0.531915 -0.099261 -0.840960
-0.148066 0.203623 -0.967788
-0.247249 0.068529 -0.966526
-0.358808 0.218848 -0.907393
-0.701864 -0.540792 0.463606
-0.597598 -0.430429 0.676467
-0.727914 -0.248588 0.639019
-0.597598 -0.430429 0.676467
-0.271608 -0.174287 0.946495
-0.554039 -0.252573 0.793252
-0.249584 0.385449 0.888334
-0.088797 0.255097 0.962829
0.030552 -0.090695 0.995410
-0.286740 0.611833 0.737184
-0.088797 0.255097 0.962829
-0.249584 0.385449 0.888334
0.474918 -0.614245 0.630203
0.567386 -0.429427 0.702614
0.385719 -0.290671 0.875632
0.365519 -0.604326 0.707945
0.567386 -0.429427 0.702614
0.474918 -0.614245 0.630203
0.246663 0.458997 -0.853510
0.116224 0.095824 -0.988590
-0.012493 0.259994 -0.965529
-0.007616 0.507097 -0.861855
0.246663 0.458997 -0.853510
-0.012493 0.259994 -0.965529
-0.158543 0.933771 0.320836
-0.301100 0.601481 0.739973
-0.155778 0.615743 0.772395
-0.286740 0.611833 0.737184
-0.301100 0.601481 0.739973
-0.602478 0.412831 0.683075
0.639396 0.677944 -0.362718
0.527645 0.721919 -0.447687
0.719381 0.694299 0.020957
0.770870 0.531166 -0.351599
0.639396 0.677944 -0.362718
0.719381 0.694299 0.020957
-0.873041 0.483122 -0.066285
-0.906053 0.327170 -0.268379
-0.912126 0.373356 -0.169211
-0.912126 0.373356 -0.169211
-0.906053 0.327170 -0.268379
-0.982891 0.034470 -0.180934
0.328910 -0.026488 0.943990
0.525655 0.264175 0.808640
0.284077 0.122777 0.950908
0.328910 -0.026488 0.943990
0.284077 0.122777 0.950908
-0.162932 0.022720 0.986376
-0.902373 0.310250 0.299112
-0.758614 0.270800 0.592598
-0.757005 0.415022 0.504679
-0.757005 0.415022 0.504679
-0.690795 0.223726 0.687568
-0.650065 0.371895 0.662653
0.718621 0.403150 0.566616
0.456617 0.486061 0.745148
0.596164 0.430480 0.677699
0.681508 0.193537 0.705755
0.718621 0.403150 0.566616
0.596164 0.430480 0.677699
0.557458 -0.779552 0.285551
0.601862 -0.554657 0.574559
0.468267 -0.674488 0.570781
0.365519 -0.604326 0.707945
0.601862 -0.554657 0.574559
0.567386 -0.429427 0.702614
0.345625 0.341734 -0.873934
0.333866 0.656230 -0.676680
0.513213 0.487421 -0.706423
0.246663 0.458997 -0.853510
0.333866 0.656230 -0.676680
0.345625 0.341734 -0.873934
0.367526 -0.930013 -0.001260
0.577732 -0.798899 -0.167292
0.557458 -0.779552 0.285551
0.309391 -0.883990 -0.350483
0.565121 -0.780105 -0.268467
0.367526 -0.930013 -0.001260
0.069589 -0.098934 -0.992658
0.006514 -0.220162 -0.975441
-0.153888 -0.244714 -0.957305
-0.153888 -0.244714 -0.957305
0.006514 -0.220162 -0.975441
-0.208987 -0.263970 -0.941618
-0.176605 0.459907 -0.870228
-0.419837 0.564512 -0.710678
-0.251288 0.699067 -0.669447
-0.251288 0.699067 -0.669447
-0.419837 0.564512 -0.710678
-0.627565 0.683171 -0.373415
0.250122 0.849704 0.464157
0.173584 0.849919 0.497500
0.157643 0.741767 0.651866
0.006287 0.948064 0.318018
0.173584 0.849919 0.497500
0.250122 0.849704 0.464157
0.567386 -0.429427 0.702614
0.255055 -0.228940 0.939432
0.385719 -0.290671 0.875632
0.385719 -0.290671 0.875632
0.255055 -0.228940 0.939432
-0.076221 0.118996 0.989965
0.133602 -0.671566 0.728800
0.241319 -0.714187 0.657041
0.130281 -0.672586 0.728461
0.133602 -0.671566 0.728800
0.130281 -0.672586 0.728461
-0.103387 -0.636955 0.763937
0.069589 -0.098934 -0.992658
0.224427 -0.077494 -0.971405
0.150710 -0.265908 -0.952145
0.069589 -0.098934 -0.992658
0.150710 -0.265908 -0.952145
0.006514 -0.220162 -0.975441
0.202276 -0.669655 -0.714595
0.226255 -0.271890 -0.935353
0.315911 -0.439586 -0.840812
0.202276 -0.669655 -0.714595
0.315911 -0.439586 -0.840812
0.567833 -0.781776 -0.257667
-0.921476 -0.075357 0.381055
-0.647624 -0.422593 0.634034
-0.705086 -0.293209 0.645665
-0.701864 -0.540792 0.463606
-0.705086 -0.293209 0.645665
-0.647624 -0.422593 0.634034
0.333866 0.656230 -0.676680
0.246462 0.897906 -0.364720
0.407017 0.790682 -0.457339
0.407017 0.790682 -0.457339
0.246462 0.897906 -0.364720
0.479277 0.874167 -0.078268
0.718621 0.403150 0.566616
0.660288 0.663006 0.352765
0.581876 0.672574 0.457237
0.581876 0.672574 0.457237
0.660288 0.663006 0.352765
0.399153 0.653286 0.643347
-0.218357 0.873158 -0.435793
-0.513396 0.855095 0.072371
-0.286648 0.957470 -0.032933
-0.286648 0.957470 -0.032933
-0.513396 0.855095 0.072371
-0.182269 0.883565 0.431383
0.118932 0.481098 0.868562
0.020154 0.572549 0.819623
-0.029117 0.347676 0.937163
0.162776 0.340550 0.926029
-0.029117 0.347676 0.937163
0.016284 -0.170391 0.985242
-0.531915 -0.099261 -0.840960
-0.236277 -0.105316 -0.965962
-0.479803 -0.102825 -0.871330
-0.531915 -0.099261 -0.840960
-0.479803 -0.102825 -0.871330
-0.679758 -0.101210 -0.726420
-0.652716 -0.335529 -0.679251
-0.735717 -0.578085 -0.352900
-0.784636 -0.423451 -0.452808
-0.784636 -0.423451 -0.452808
-0.735717 -0.578085 -0.352900
-0.888810 -0.454821 -0.056162
-0.974599 -0.223932 -0.003339
-0.982326 -0.184729 0.030167
-0.896243 0.098357 0.432520
-0.896243 0.098357 0.432520
-0.982326 -0.184729 0.030167
-0.985357 -0.083912 0.148425
-0.033261 -0.265979 0.963405
0.150055 -0.464777 0.872620
-0.025038 0.196883 0.980107
-0.033261 -0.265979 0.963405
-0.180309 -0.563784 0.806000
-0.230528 -0.456722 0.859222
-0.242700 0.262407 0.933938
-0.528138 0.219968 0.820173
-0.326944 0.052715 0.943572
-0.242700 0.262407 0.933938
-0.326944 0.052715 0.943572
0.178546 -0.144685 0.973236
0.027938 0.303896 -0.952295
-0.148066 0.203623 -0.967788
-0.176605 0.459907 -0.870228
-0.176605 0.459907 -0.870228
-0.148066 0.203623 -0.967788
-0.419837 0.564512 -0.710678
0.117501 0.034976 0.992457
-0.080826 -0.043624 0.995773
0.517148 0.389121 0.762327
0.915781 -0.126040 0.381390
0.117501 0.034976 0.992457
0.517148 0.389121 0.762327
-0.303963 -0.388318 -0.869951
-0.153888 -0.244714 -0.957305
-0.208987 -0.263970 -0.941618
-0.303963 -0.388318 -0.869951
-0.208987 -0.263970 -0.941618
-0.559066 -0.370603 -0.741686
0.872262 -0.182585 0.453675
0.896673 0.032308 0.441514
0.666869 -0.251888 0.701312
0.864871 -0.131186 0.484550
0.896673 0.032308 0.441514
0.872262 -0.182585 0.453675
0.743172 -0.569472 -0.351279
0.598946 -0.376698 -0.706655
0.843722 -0.399857 -0.358117
0.743172 -0.569472 -0.351279
0.843722 -0.399857 -0.358117
0.886988 -0.461221 0.022951
-0.906053 0.327170 -0.268379
-0.966246 -0.158977 -0.202718
-0.982891 0.034470 -0.180934
-0.974599 -0.223932 -0.003339
-0.966246 -0.158977 -0.202718
-0.882275 -0.463746 0.080807
-0.084148 -0.990081 0.112510
-0.131531 -0.990917 0.027981
-0.370497 -0.824965 0.426807
-0.131531 -0.990917 0.027981
-0.185569 -0.966387 0.177935
-0.370497 -0.824965 0.426807
-0.251288 0.699067 -0.669447
-0.627565 0.683171 -0.373415
-0.405606 0.810581 -0.422424
-0.405606 0.810581 -0.422424
-0.627565 0.683171 -0.373415
-0.513396 0.855095 0.072371
-0.612809 0.731593 0.298725
-0.547322 0.578970 0.604344
-0.396693 0.845982 0.356299
-0.431430 0.771148 0.468188
-0.396693 0.845982 0.356299
-0.547322 0.578970 0.604344
-0.513396 0.855095 0.072371
-0.470313 0.882311 0.018244
-0.182269 0.883565 0.431383
-0.182269 0.883565 0.431383
-0.470313 0.882311 0.018244
-0.406874 0.896058 0.177577
-0.208987 -0.263970 -0.941618
-0.181988 -0.481402 -0.857399
-0.136319 -0.699926 -0.701085
-0.181988 -0.481402 -0.857399
0.110029 -0.499548 -0.859271
-0.136319 -0.699926 -0.701085
0.101778 0.084391 0.991221
0.016284 -0.170391 0.985242
-0.049293 -0.639665 0.767072
0.016284 -0.170391 0.985242
0.030552 -0.090695 0.995410
-0.049293 -0.639665 0.767072
-0.129682 -0.032644 -0.991018
-0.153888 -0.244714 -0.957305
-0.236277 -0.105316 -0.965962
-0.129682 -0.032644 -0.991018
-0.236277 -0.105316 -0.965962
-0.531915 -0.099261 -0.840960
0.906872 -0.173906 -0.383849
0.998834 0.044917 -0.017719
0.979278 -0.191853 -0.064864
0.957930 0.061697 0.280293
0.979278 -0.191853 -0.064864
0.998834 0.044917 -0.017719
0.178546 -0.144685 0.973236
0.117501 0.034976 0.992457
0.915781 -0.126040 0.381390
0.470677 -0.504373 0.723927
0.178546 -0.144685 0.973236
0.850837 -0.283430 0.442429
-0.330371 0.079364 0.940509
-0.464691 -0.104816 0.879247
0.117501 0.034976 0.992457
-0.594620 0.021670 0.803715
-0.464691 -0.104816 0.879247
-0.330371 0.079364 0.940509
0.494027 0.146734 -0.856975
0.224427 -0.077494 -0.971405
0.256738 0.066230 -0.964209
0.256738 0.066230 -0.964209
0.224427 -0.077494 -0.971405
0.069589 -0.098934 -0.992658
-0.554039 -0.252573 0.793252
-0.271608 -0.174287 0.946495
-0.432642 -0.327367 0.840031
-0.432642 -0.327367 0.840031
-0.271608 -0.174287 0.946495
-0.260664 -0.150612 0.953609
0.908478 0.304608 0.286150
0.847658 0.530542 0.000896
0.835290 0.466955 0.290248
0.908478 0.304608 0.286150
0.835290 0.466955 0.290248
0.718621 0.403150 0.566616
-0.127796 -0.894291 -0.428850
-0.084148 -0.990081 0.112510
-0.362634 -0.931926 0.003064
-0.362634 -0.931926 0.003064
-0.084148 -0.990081 0.112510
-0.370497 -0.824965 0.426807
-0.012493 0.259994 -0.965529
0.027938 0.303896 -0.952295
-0.007616 0.507097 -0.861855
0.027938 0.303896 -0.952295
0.234843 0.629297 -0.740834
-0.007616 0.507097 -0.861855
0.241319 -0.714187 0.657041
0.474918 -0.614245 0.630203
0.385719 -0.290671 0.875632
0.365519 -0.604326 0.707945
0.474918 -0.614245 0.630203
0.241319 -0.714187 0.657041
-0.006809 0.153224 -0.988168
-0.003977 -0.003661 -0.999985
-0.129682 -0.032644 -0.991018
0.116224 0.095824 -0.988590
-0.003977 -0.003661 -0.999985
-0.006809 0.153224 -0.988168
0.430189 -0.211818 -0.877537
0.598946 -0.376698 -0.706655
0.482569 -0.227315 -0.845846
0.224427 -0.077494 -0.971405
0.430189 -0.211818 -0.877537
0.482569 -0.227315 -0.845846
0.526539 -0.068392 0.847396
0.575121 -0.114846 0.809967
0.548191 0.012716 0.836257
0.548191 0.012716 0.836257
0.575121 -0.114846 0.809967
0.328910 -0.026488 0.943990
0.869765 -0.470243 0.149599
0.802184 -0.233233 0.549639
0.793042 -0.467766 0.390229
0.816285 -0.344812 0.463448
0.793042 -0.467766 0.390229
0.802184 -0.233233 0.549639
0.773637 -0.633487 -0.013379
0.717041 -0.626567 0.305397
0.557458 -0.779552 0.285551
0.557458 -0.779552 0.285551
0.717041 -0.626567 0.305397
0.601862 -0.554657 0.574559
-0.558090 -0.504713 0.658636
-0.485102 -0.664183 0.568803
-0.370914 -0.435116 0.820425
-0.370914 -0.435116 0.820425
-0.485102 -0.664183 0.568803
-0.103387 -0.636955 0.763937
0.494027 0.146734 -0.856975
0.722404 -0.091748 -0.685357
0.499382 -0.057846 -0.864449
0.494027 0.146734 -0.856975
0.499382 -0.057846 -0.864449
0.224427 -0.077494 -0.971405
0.272850 0.961892 0.017789
0.009046 0.953523 -0.301185
0.020646 0.983487 -0.179797
0.020646 0.983487 -0.179797
0.009046 0.953523 -0.301185
-0.286648 0.957470 -0.032933
-0.558090 -0.504713 0.658636
-0.701864 -0.540792 0.463606
-0.638892 -0.586060 0.498348
-0.638892 -0.586060 0.498348
-0.701864 -0.540792 0.463606
-0.580731 -0.755827 0.302452
-0.754053 -0.656227 -0.027757
-0.594441 -0.754016 -0.279462
-0.636197 -0.751102 -0.176349
-0.636197 -0.751102 -0.176349
-0.594441 -0.754016 -0.279462
-0.362634 -0.931926 0.003064
0.393497 0.787257 0.474748
0.250122 0.849704 0.464157
0.333718 0.719194 0.609420
0.333718 0.719194 0.609420
0.250122 0.849704 0.464157
0.399153 0.653286 0.643347
0.998834 0.044917 -0.017719
0.909074 0.311738 -0.276412
0.925578 0.350073 -0.144067
0.925578 0.350073 -0.144067
0.909074 0.311738 -0.276412
0.847658 0.530542 0.000896
0.345625 0.341734 -0.873934
0.513213 0.487421 -0.706423
0.340363 0.396339 -0.852683
0.513213 0.487421 -0.706423
0.309793 0.135794 -0.941057
0.340363 0.396339 -0.852683
0.575121 -0.114846 0.809967
0.746734 0.314790 0.585915
0.525655 0.264175 0.808640
0.525655 0.264175 0.808640
0.746734 0.314790 0.585915
0.596164 0.430480 0.677699
0.565121 -0.780105 -0.268467
0.773637 -0.633487 -0.013379
0.577732 -0.798899 -0.167292
0.565121 -0.780105 -0.268467
0.577732 -0.798899 -0.167292
0.367526 -0.930013 -0.001260
-0.131531 -0.990917 0.027981
0.145205 -0.931972 0.332182
0.158520 -0.857629 0.489227
0.145205 -0.931972 0.332182
0.557458 -0.779552 0.285551
0.158520 -0.857629 0.489227
-0.286740 0.611833 0.737184
-0.249584 0.385449 0.888334
-0.155778 0.615743 0.772395
-0.155778 0.615743 0.772395
-0.301100 0.601481 0.739973
-0.286740 0.611833 0.737184
0.864871 -0.131186 0.484550
0.877778 -0.468121 -0.101827
0.933920 -0.127445 0.333992
0.864871 -0.131186 0.484550
0.933920 -0.127445 0.333992
0.957930 0.061697 0.280293
0.314152 -0.824057 0.471422
0.468267 -0.674488 0.570781
0.365519 -0.604326 0.707945
0.468267 -0.674488 0.570781
0.601862 -0.554657 0.574559
0.365519 -0.604326 0.707945
0.681508 0.193537 0.705755
0.896673 0.032308 0.441514
0.800572 0.296802 0.520570
0.718621 0.403150 0.566616
0.681508 0.193537 0.705755
0.800572 0.296802 0.520570
0.157643 0.741767 0.651866
0.042887 0.806878 0.589159
0.020154 0.572549 0.819623
0.042887 0.806878 0.589159
-0.158543 0.933771 0.320836
0.020154 0.572549 0.819623
-0.982326 -0.184729 0.030167
-0.830788 -0.442663 0.337402
-0.775610 -0.448419 0.444240
-0.830788 -0.442663 0.337402
-0.753450 -0.621390 0.214913
-0.775610 -0.448419 0.444240
0.718235 0.688788 -0.098540
0.411527 0.846749 0.337138
0.393497 0.787257 0.474748
0.411527 0.846749 0.337138
0.254065 0.923307 0.288019
0.393497 0.787257 0.474748
-0.493134 -0.634706 0.594952
-0.175157 -0.923641 0.340892
-0.426917 -0.587551 0.687405
-0.638892 -0.586060 0.498348
-0.493134 -0.634706 0.594952
-0.426917 -0.587551 0.687405
0.488844 0.436793 -0.755144
0.770870 0.531166 -0.351599
0.906951 0.344281 -0.242716
0.906951 0.344281 -0.242716
0.770870 0.531166 -0.351599
0.909074 0.311738 -0.276412
-0.650065 0.371895 0.662653
-0.780106 0.258257 0.569857
-0.528138 0.219968 0.820173
-0.780106 0.258257 0.569857
-0.661107 -0.109202 0.742302
-0.528138 0.219968 0.820173
-0.757005 0.415022 0.504679
-0.758614 0.270800 0.592598
-0.690795 0.223726 0.687568
-0.758614 0.270800 0.592598
-0.921476 -0.075357 0.381055
-0.690795 0.223726 0.687568
0.173584 0.849919 0.497500
0.022060 0.804987 0.592882
0.028848 0.743843 0.667732
0.022060 0.804987 0.592882
-0.396693 0.845982 0.356299
0.028848 0.743843 0.667732
-0.912126 0.373356 -0.169211
-0.982891 0.034470 -0.180934
-0.902373 0.310250 0.299112
-0.873041 0.483122 -0.066285
-0.912126 0.373356 -0.169211
-0.902373 0.310250 0.299112
-0.627565 0.683171 -0.373415
-0.650581 0.759266 -0.016119
-0.513396 0.855095 0.072371
-0.513396 0.855095 0.072371
-0.650581 0.759266 -0.016119
-0.470313 0.882311 0.018244
-0.617172 0.195919 0.762046
-0.162932 0.022720 0.986376
-0.612684 -0.240366 0.752889
-0.162932 0.022720 0.986376
0.101778 0.084391 0.991221
-0.612684 -0.240366 0.752889
-0.230528 -0.456722 0.859222
0.130281 -0.672586 0.728461
0.150055 -0.464777 0.872620
-0.033261 -0.265979 0.963405
-0.230528 -0.456722 0.859222
0.150055 -0.464777 0.872620
0.399153 0.653286 0.643347
0.442036 0.629807 0.638708
0.456617 0.486061 0.745148
0.399153 0.653286 0.643347
0.250122 0.849704 0.464157
0.442036 0.629807 0.638708
0.490995 0.865184 0.101880
0.479277 0.874167 -0.078268
0.272850 0.961892 0.017789
0.719381 0.694299 0.020957
0.479277 0.874167 -0.078268
0.490995 0.865184 0.101880
-0.076221 0.118996 0.989965
-0.129922 0.025175 0.991205
-0.617172 0.195919 0.762046
-0.617172 0.195919 0.762046
-0.129922 0.025175 0.991205
-0.162932 0.022720 0.986376
0.492859 0.255780 -0.831665
0.309793 0.135794 -0.941057
0.488844 0.436793 -0.755144
0.492859 0.255780 -0.831665
0.488844 0.436793 -0.755144
0.906951 0.344281 -0.242716
-0.681331 0.507279 0.527689
-0.650065 0.371895 0.662653
-0.602478 0.412831 0.683075
-0.681331 0.507279 0.527689
-0.602478 0.412831 0.683075
-0.301100 0.601481 0.739973
0.030552 -0.090695 0.995410
0.178546 -0.144685 0.973236
0.470677 -0.504373 0.723927
-0.049293 -0.639665 0.767072
0.030552 -0.090695 0.995410
0.470677 -0.504373 0.723927
-0.461856 -0.256041 0.849195
-0.432642 -0.327367 0.840031
-0.260664 -0.150612 0.953609
-0.464691 -0.104816 0.879247
-0.461856 -0.256041 0.849195
-0.260664 -0.150612 0.953609
0.324634 -0.009294 0.945794
0.526539 -0.068392 0.847396
0.548191 0.012716 0.836257
0.324634 -0.009294 0.945794
0.464131 -0.236359 0.853649
0.526539 -0.068392 0.847396
0.063284 0.699281 0.712040
-0.025038 0.196883 0.980107
-0.347083 0.589607 0.729312
-0.080826 -0.043624 0.995773
-0.025038 0.196883 0.980107
0.063284 0.699281 0.712040
0.226255 -0.271890 -0.935353
0.564999 -0.330949 -0.755810
0.315911 -0.439586 -0.840812
0.315911 -0.439586 -0.840812
0.564999 -0.330949 -0.755810
0.567833 -0.781776 -0.257667
-0.661107 -0.109202 0.742302
-0.727914 -0.248588 0.639019
-0.554039 -0.252573 0.793252
-0.727914 -0.248588 0.639019
-0.597598 -0.430429 0.676467
-0.554039 -0.252573 0.793252
-0.882275 -0.463746 0.080807
-0.888810 -0.454821 -0.056162
-0.754053 -0.656227 -0.027757
-0.966246 -0.158977 -0.202718
-0.888810 -0.454821 -0.056162
-0.882275 -0.463746 0.080807
0.113721 0.256388 0.959861
0.118932 0.481098 0.868562
0.162776 0.340550 0.926029
0.162776 0.340550 0.926029
0.118932 0.481098 0.868562
-0.029117 0.347676 0.937163
0.301161 0.533155 0.790600
0.118932 0.481098 0.868562
0.179465 0.411839 0.893410
0.301161 0.533155 0.790600
0.179465 0.411839 0.893410
0.224333 0.479641 0.848303
0.224333 0.479641 0.848303
0.179465 0.411839 0.893410
0.113721 0.256388 0.959861
0.273074 0.423854 0.863585
0.224333 0.479641 0.848303
0.113721 0.256388 0.959861
-0.020064 0.344864 0.938438
-0.249584 0.385449 0.888334
0.030552 -0.090695 0.995410
-0.155778 0.615743 0.772395
-0.249584 0.385449 0.888334
-0.020064 0.344864 0.938438
0.567833 -0.781776 -0.257667
0.565121 -0.780105 -0.268467
0.309391 -0.883990 -0.350483
0.202276 -0.669655 -0.714595
0.567833 -0.781776 -0.257667
0.309391 -0.883990 -0.350483
-0.677295 -0.095318 0.729511
-0.461856 -0.256041 0.849195
-0.464691 -0.104816 0.879247
-0.677295 -0.095318 0.729511
-0.464691 -0.104816 0.879247
-0.594620 0.021670 0.803715
-0.907872 0.181741 0.377807
-0.921476 -0.075357 0.381055
-0.866692 -0.169698 0.469092
-0.907872 0.181741 0.377807
-0.866692 -0.169698 0.469092
-0.661107 -0.109202 0.742302
-0.347083 0.589607 0.729312
-0.076221 0.118996 0.989965
-0.617172 0.195919 0.762046
-0.025038 0.196883 0.980107
-0.076221 0.118996 0.989965
-0.347083 0.589607 0.729312
-0.727432 0.563000 -0.392266
-0.873041 0.483122 -0.066285
-0.808138 0.587617 -0.040228
-0.808138 0.587617 -0.040228
-0.873041 0.483122 -0.066285
-0.765001 0.569539 0.300663
0.887443 -0.268044 -0.374964
0.722404 -0.091748 -0.685357
0.906872 -0.173906 -0.383849
0.887443 -0.268044 -0.374964
0.906872 -0.173906 -0.383849
0.979278 -0.191853 -0.064864
-0.406874 0.896058 0.177577
-0.470313 0.882311 0.018244
-0.612809 0.731593 0.298725
-0.406874 0.896058 0.177577
-0.612809 0.731593 0.298725
-0.396693 0.845982 0.356299
0.284077 0.122777 0.950908
0.464593 0.281455 0.839605
0.273074 0.423854 0.863585
0.525655 0.264175 0.808640
0.464593 0.281455 0.839605
0.284077 0.122777 0.950908
-0.454140 -0.805736 0.380193
-0.175157 -0.923641 0.340892
-0.154891 -0.872517 0.463382
-0.454140 -0.805736 0.380193
-0.154891 -0.872517 0.463382
-0.103387 -0.636955 0.763937
0.255055 -0.228940 0.939432
0.561328 -0.313997 0.765713
0.464131 -0.236359 0.853649
0.464131 -0.236359 0.853649
0.561328 -0.313997 0.765713
0.526539 -0.068392 0.847396
-0.175157 -0.923641 0.340892
0.142450 -0.838200 0.526430
0.133602 -0.671566 0.728800
0.142450 -0.838200 0.526430
0.314152 -0.824057 0.471422
0.133602 -0.671566 0.728800
-0.358808 0.218848 -0.907393
-0.571396 0.440404 -0.692497
-0.576626 0.385236 -0.720483
-0.576626 0.385236 -0.720483
-0.571396 0.440404 -0.692497
-0.727432 0.563000 -0.392266
0.596164 0.430480 0.677699
0.456617 0.486061 0.745148
0.468548 0.464880 0.751232
0.468548 0.464880 0.751232
0.456617 0.486061 0.745148
0.301161 0.533155 0.790600
0.609468 -0.241914 -0.755001
0.887443 -0.268044 -0.374964
0.598946 -0.376698 -0.706655
0.430189 -0.211818 -0.877537
0.609468 -0.241914 -0.755001
0.598946 -0.376698 -0.706655
0.333866 0.656230 -0.676680
0.407017 0.790682 -0.457339
0.527645 0.721919 -0.447687
0.527645 0.721919 -0.447687
0.407017 0.790682 -0.457339
0.479277 0.874167 -0.078268
0.575121 -0.114846 0.809967
0.593220 -0.303118 0.745795
0.666869 -0.251888 0.701312
0.666869 -0.251888 0.701312
0.593220 -0.303118 0.745795
0.802184 -0.233233 0.549639
-0.251288 0.699067 -0.669447
-0.405606 0.810581 -0.422424
-0.218357 0.873158 -0.435793
-0.218357 0.873158 -0.435793
-0.405606 0.810581 -0.422424
-0.513396 0.855095 0.072371
0.850837 -0.283430 0.442429
0.178546 -0.144685 0.973236
0.915781 -0.126040 0.381390
-0.982891 0.034470 -0.180934
-0.966246 -0.158977 -0.202718
-0.974599 -0.223932 -0.003339
-0.982891 0.034470 -0.180934
-0.974599 -0.223932 -0.003339
-0.896243 0.098357 0.432520
</float_array>
          <technique_common>
            <accessor source="#SM_Urchin_01_LOD2-Normal0-array" count="1623" stride="3">
              <param name="X" type="float"/>
              <param name="Y" type="float"/>
              <param name="Z" type="float"/>
            </accessor>
          </technique_common>
        </source>
        <source id="SM_Urchin_01_LOD2-UV0">
          <float_array id="SM_Urchin_01_LOD2-UV0-array" count="562">
0.562500 0.373047
0.417725 0.770630
0.368164 0.647949
0.238281 0.591064
0.454346 0.637939
0.335938 0.531982
0.289307 0.668945
0.264404 0.831299
0.345215 0.656006
0.534180 0.623291
0.395752 0.681885
0.297852 0.763062
0.237549 0.692139
0.435303 0.543457
0.313477 0.610596
0.406006 0.633057
0.330566 0.688232
0.482666 0.694580
0.174438 0.560303
0.387939 0.453613
0.449219 0.832764
0.390381 0.728271
0.474609 0.590576
0.273438 0.601807
0.339600 0.574219
0.302246 0.645020
0.442139 0.688965
0.363770 0.662842
0.259033 0.637939
0.303467 0.738037
0.349365 0.641113
0.415527 0.590820
0.356689 0.701660
0.277832 0.543457
0.389648 0.618896
0.347900 0.612305
0.356201 0.783447
0.026459 0.544678
0.175659 0.744141
0.415771 0.713623
0.480713 0.631836
0.423828 0.668945
0.529297 0.708252
0.439941 0.730225
0.287109 0.690918
0.232544 0.632324
0.476074 0.488281
0.446533 0.612549
0.372314 0.580322
0.297363 0.590820
0.266357 0.677734
0.228760 0.524170
0.357422 0.995682
0.995117 0.836548
0.787598 0.992878
0.788574 0.681885
0.384277 0.829224
0.356689 0.725098
0.286865 0.613770
0.379395 0.506104
0.254150 0.728516
0.427002 0.564697
0.382324 0.688477
0.307861 0.724365
0.244019 0.634277
0.450439 0.747803
0.324707 0.632813
0.459473 0.600830
0.258301 0.605469
0.460693 0.685059
0.156494 0.620361
0.426025 0.643555
0.363525 0.641357
0.408203 0.601074
0.337402 0.549805
0.274170 0.641357
0.374756 0.559570
0.396973 0.769531
0.463379 0.635498
0.518555 0.570313
0.500000 0.795532
0.215576 0.698730
0.197510 0.437500
0.344971 0.647461
0.322998 0.697021
0.290283 0.783813
0.286133 0.564697
0.393555 0.662354
0.342285 0.592285
0.356201 0.755981
0.613770 0.569580
0.409424 0.738281
0.325195 0.671387
0.497559 0.698975
0.384521 0.710449
0.501465 0.628662
0.443604 0.530762
0.368896 0.682617
0.195557 0.734375
0.325439 0.454590
0.349365 0.663086
0.212646 0.629150
0.334229 0.507568
0.225342 0.584717
0.356445 0.665527
0.367920 0.656494
0.438721 0.812378
0.486816 0.584961
0.463135 0.505127
0.236694 0.488770
0.266357 0.626953
0.432129 0.622070
0.356201 0.801147
0.269531 0.530518
0.319580 0.641846
0.356689 0.852295
0.429688 0.711914
0.393311 0.641846
0.274170 0.812744
0.324463 0.721924
0.249756 0.635498
0.423096 0.784912
0.266113 0.713867
0.301270 0.747314
0.447021 0.677734
0.405273 0.579834
0.354492 0.639160
0.454590 0.605469
0.294922 0.606934
0.436279 0.723145
0.379883 0.678223
0.550293 0.590332
0.178101 0.623779
0.557617 0.620361
0.266113 0.562012
0.550293 0.714600
0.696289 0.913391
0.604004 0.900330
0.261719 0.587158
0.281250 0.682617
0.184204 0.708496
0.394775 0.751709
0.469971 0.651855
0.439697 0.652100
0.377197 0.531494
0.310547 0.718018
0.338135 0.559814
0.285889 0.651855
0.370850 0.712158
0.407715 0.688965
0.356689 0.831909
0.249756 0.505371
0.263916 0.639160
0.340576 0.580811
0.447021 0.562012
0.441895 0.616211
0.333740 0.604492
0.333008 0.625732
0.195435 0.571045
0.237793 0.740723
0.469238 0.711426
0.096497 0.713623
0.292725 0.627686
0.323486 0.685791
0.417969 0.606689
0.440186 0.903748
0.316162 0.707520
0.459473 0.757324
0.230347 0.694336
0.395264 0.652100
0.266846 0.692383
0.432129 0.682617
0.426514 0.597412
0.475586 0.816284
0.415771 0.541016
0.377441 0.390137
0.250244 0.798340
0.373535 0.730713
0.384277 0.629150
0.367920 0.603271
0.496826 0.426270
0.438232 0.491699
0.266357 0.612305
0.378906 0.798462
0.425781 0.706543
0.315186 0.769287
0.356689 0.684082
0.163696 0.589355
0.252686 0.546387
0.248047 0.651611
0.350098 0.620605
0.319580 0.662354
0.197876 0.867554
0.342529 0.648926
0.191162 0.534424
0.455078 0.652100
0.460449 0.546387
0.225952 0.631104
0.320557 0.561279
0.270752 0.772705
0.297852 0.713623
0.319336 0.743408
0.328857 0.475098
0.356445 0.667480
0.116028 0.531494
0.482178 0.651855
0.344727 0.659180
0.317871 0.651855
0.617188 0.713379
0.306885 0.632568
0.455078 0.699951
0.316895 0.535156
0.420410 0.843018
0.396729 0.596924
0.836914 0.837402
0.538086 0.560547
0.410889 0.645264
0.446777 0.626709
0.437012 0.581055
0.304443 0.601074
0.558594 0.650879
0.356201 0.773315
0.282715 0.592529
0.281250 0.551025
0.405518 0.724854
0.475586 0.692383
0.484375 0.780762
0.436523 0.673096
0.431885 0.551270
0.375488 0.549561
0.333252 0.699707
0.468994 0.634033
0.418945 0.584717
0.451904 0.680176
0.356934 0.713135
0.253418 0.601074
0.411621 0.747070
0.293945 0.584717
0.487793 0.720215
0.276611 0.673340
0.261475 0.680420
0.356689 0.731934
0.247803 0.687744
0.281006 0.754272
0.369629 0.656982
0.365234 0.612305
0.396729 0.707275
0.415283 0.763428
0.370117 0.647461
0.518066 0.734375
0.277832 0.698975
0.349854 0.666260
0.303711 0.638672
0.409180 0.638672
0.354248 0.637451
0.484619 0.523926
0.281250 0.622070
0.243896 0.593750
0.374268 0.690674
0.390137 0.697021
0.389893 0.685547
0.344238 0.682617
0.423340 0.519775
0.286865 0.643555
0.262695 0.651855
0.364502 0.639648
0.243896 0.711182
0.495850 0.605957
0.289551 0.731934
0.406006 0.671875
0.325195 0.582275
0.420166 0.627930
0.373047 0.573975
0.211182 0.758911
0.417725 0.697510
0.528809 0.596436
0.442627 0.772339
0.436279 0.631104
0.310547 0.792725
0.343994 0.651367
0.230957 0.651367
</float_array>
          <technique_common>
            <accessor source="#SM_Urchin_01_LOD2-UV0-array" count="281" stride="2">
              <param name="S" type="float"/>
              <param name="T" type="float"/>
            </accessor>
          </technique_common>
        </source>
        <vertices id="SM_Urchin_01_LOD2-VERTEX">
          <input semantic="POSITION" source="#SM_Urchin_01_LOD2-POSITION"/>
        </vertices>
        <triangles count="541" material="MAT_Urchin">
          <input semantic="VERTEX" offset="0" source="#SM_Urchin_01_LOD2-VERTEX"/>
          <input semantic="NORMAL" offset="1" source="#SM_Urchin_01_LOD2-Normal0"/>
          <input semantic="TEXCOORD" offset="2" set="0" source="#SM_Urchin_01_LOD2-UV0"/>
          <p> 26 0 26 180 1 184 270 2 274 157 3 161 37 4 37 67 5 70 196 6 200 246 7 250 162 8 166 85 9 88 49 10 49 266 11 270 147 12 151 198 13 202 110 14 113 132 15 135 204 16 208 77 17 80 93 18 96 251 19 255 192 20 196 168 21 172 151 22 155 108 23 111 136 24 140 129 25 132 78 26 81 125 27 128 55 28 58 23 29 23 54 30 57 116 31 119 230 32 234 222 33 226 163 34 167 234 35 238 159 36 163 89 37 92 247 38 251 175 39 179 34 40 34 241 41 245 245 42 249 222 43 226 234 44 238 150 45 154 64 46 67 214 47 218 68 48 71 139 49 143 223 50 227 257 51 261 247 52 251 199 53 203 53 54 56 109 55 112 179 56 183 269 57 273 155 58 159 195 59 199 148 60 152 107 61 110 72 62 75 264 63 268 119 64 122 246 65 250 48 66 48 122 67 125 209 68 213 19 69 19 258 70 262 56 71 59 241 72 245 261 73 265 250 74 254 111 75 114 63 76 66 189 77 193 241 78 245 34 79 34 261 80 265 114 81 117 165 82 169 244 83 248 255 84 259 242 85 246 91 86 94 182 87 186 257 88 261 199 89 203 66 90 69 138 91 142 201 92 205 139 93 143 121 94 124 223 95 227 129 96 132 98 97 101 78 98 81 51 99 51 110 100 113 184 101 188 106 102 109 171 103 175 96 104 99 87 105 90 211 106 215 46 107 46 146 108 150 115 109 118 109 110 112 52 111 52 188 112 192 161 113 165 206 114 210 126 115 129 113 116 116 74 117 77 217 118 221 86 119 89 9 120 9 90 121 93 92 122 95 251 123 255 76 124 79 192 125 196 131 126 134 219 127 223 83 128 86 253 129 257 231 130 235 61 131 64 140 132 144 58 133 61 225 134 229 207 135 211 194 136 198 83 137 86 50 138 50 260 139 264 72 140 75 187 141 191 203 142 207 189 143 193 156 144 160 43 145 43 206 146 210 66 147 69 201 148 205 221 149 225 84 150 87 27 151 27 240 152 244 276 153 280 185 154 189 238 155 242 238 156 242 28 157 28 236 158 240 181 159 185 197 160 201 86 161 89 239 162 243 119 163 122 264 164 268 187 165 191 189 166 193 202 167 206 170 168 174 58 169 61 140 170 144 224 171 228 150 172 154 58 173 61 32 174 32 226 175 230 182 176 186 32 177 32 116 178 119 226 179 230 198 180 202 99 181 102 110 182 113 207 183 211 83 184 86 219 185 223 168 186 172 108 187 111 160 188 164 174 189 178 15 190 15 244 191 248 30 192 30 153 193 157 186 194 190 215 195 219 49 196 49 85 197 88 115 198 118 274 199 278 109 200 112 217 201 221 181 202 185 86 203 89 37 204 37 157 205 161 52 206 52 171 207 175 176 208 180 46 209 46 172 210 176 269 211 273 195 212 199 52 213 52 157 214 161 188 215 192 126 216 129 88 217 91 113 218 116 21 219 21 91 220 94 242 221 246 76 222 79 263 223 267 104 224 107 22 225 22 40 226 40 64 227 67 167 228 171 145 229 149 265 230 269 84 231 87 10 232 10 27 233 27 216 234 220 204 235 208 132 236 135 9 237 9 42 238 42 90 239 93 222 240 226 272 241 276 163 242 167 243 243 247 232 244 236 43 245 43 119 246 122 166 247 170 246 248 250 81 249 84 44 250 44 89 251 92 129 252 132 100 253 103 98 254 101 45 255 45 253 256 257 61 257 64 19 258 19 177 259 181 258 260 262 19 261 19 171 262 175 46 263 46 64 264 67 40 265 40 227 266 231 213 267 217 4 268 4 273 269 277 140 270 144 225 271 229 71 272 74 149 273 153 48 274 48 85 275 88 131 276 134 83 277 86 134 278 138 125 279 128 218 280 222 49 281 49 50 282 50 72 283 75 235 284 239 50 285 50 235 286 239 135 287 139 18 288 18 200 289 204 190 290 194 154 291 158 51 292 51 184 293 188 77 294 80 204 295 208 133 296 137 37 297 53 210 298 214 0 299 55 103 300 106 53 301 56 179 302 183 161 303 165 188 304 192 112 305 115 137 306 141 86 307 89 21 308 21 173 309 177 54 310 57 144 311 148 107 312 110 252 313 256 72 314 75 158 315 162 205 316 209 248 317 252 198 318 202 56 319 59 99 320 102 5 321 5 140 322 144 71 323 74 195 324 199 155 325 159 57 326 60 119 327 122 238 328 242 166 329 170 73 330 76 58 331 61 122 332 125 214 333 218 47 334 47 168 335 172 10 336 10 127 337 130 27 338 27 270 339 274 242 340 246 255 341 259 86 342 89 197 343 201 60 344 63 264 345 268 246 346 250 196 347 200 117 348 120 178 349 182 28 350 28 238 351 242 185 352 189 28 353 28 62 354 65 243 355 247 43 356 43 156 357 160 62 358 65 43 359 43 63 360 66 55 361 58 125 362 128 153 363 157 14 364 14 152 365 156 124 366 127 75 367 78 213 368 217 214 369 218 124 370 127 47 371 47 117 372 120 65 373 68 178 374 182 83 375 86 23 376 23 134 377 138 229 378 233 191 379 195 66 380 69 206 381 210 113 382 116 26 383 26 129 384 132 154 385 158 100 386 103 183 387 187 200 388 204 18 389 18 160 390 164 108 391 111 267 392 271 114 393 117 212 394 216 165 395 169 174 396 178 244 397 248 261 398 265 160 399 164 267 400 271 174 401 178 175 402 179 209 403 213 34 404 34 73 405 76 24 406 24 142 407 146 194 408 198 24 409 24 83 410 86 187 411 191 143 412 147 203 413 207 259 414 263 72 415 75 158 416 162 73 417 76 122 418 125 268 419 272 73 420 76 268 421 272 24 422 24 179 423 183 36 424 36 74 425 77 243 426 247 137 427 141 232 428 236 191 429 195 138 430 142 66 431 69 75 432 78 4 433 4 213 434 217 87 435 90 130 436 133 128 437 131 271 438 275 9 439 9 263 440 267 169 441 173 77 442 80 133 443 137 222 444 226 103 445 106 272 446 276 155 447 159 164 448 168 262 449 266 78 450 81 98 451 101 164 452 168 200 453 204 79 454 82 190 455 194 0 456 0 79 457 82 37 458 37 63 459 66 30 460 30 189 461 193 81 462 84 89 463 92 159 464 163 182 465 186 226 466 230 257 467 261 274 468 278 181 469 185 36 470 36 195 471 199 57 472 60 239 473 243 218 474 222 83 475 86 233 476 237 83 477 86 24 478 24 233 479 237 165 480 169 68 481 71 41 482 41 41 483 41 167 484 171 265 485 269 186 486 190 153 487 157 152 488 156 35 489 35 85 490 88 175 491 179 86 492 89 60 493 63 237 494 241 86 495 89 237 496 241 173 497 177 176 498 180 87 499 90 46 500 46 133 501 137 204 502 208 0 503 0 88 504 91 220 505 224 113 506 116 88 507 91 137 508 141 21 509 21 6 510 6 143 511 147 187 512 191 135 513 139 6 514 6 89 515 92 234 516 238 62 517 65 156 518 160 92 519 95 90 520 93 17 521 17 54 522 57 230 523 234 144 524 148 144 525 148 32 526 32 254 527 258 92 528 95 17 529 17 201 530 205 263 531 267 40 532 40 22 533 22 56 534 59 258 535 262 170 536 174 93 537 96 192 538 196 13 539 13 127 540 130 94 541 97 199 542 203 91 543 94 254 544 258 255 545 259 38 546 38 129 547 132 136 548 140 38 549 38 269 550 273 172 551 176 198 552 202 19 553 19 56 554 59 96 555 99 171 556 175 19 557 19 89 558 92 202 559 206 247 560 251 98 561 101 193 562 197 164 563 168 98 564 101 100 565 103 193 566 197 99 567 102 207 568 211 33 569 33 99 570 102 56 571 59 5 572 5 184 573 188 33 574 33 131 575 134 100 576 103 3 577 3 193 578 197 127 579 130 199 580 203 27 581 27 244 582 248 165 583 169 240 584 244 20 585 20 169 586 173 133 587 137 208 588 212 103 589 106 20 590 20 192 591 196 150 592 154 13 593 13 104 594 107 263 595 267 22 596 22 46 597 46 177 598 181 19 599 19 46 600 46 76 601 79 251 602 255 106 603 109 198 604 202 147 605 151 190 606 194 51 607 51 154 608 158 65 609 68 23 610 23 178 611 182 23 612 23 252 613 256 107 614 110 68 615 71 273 616 277 139 617 143 267 618 271 108 619 111 68 620 71 109 621 112 274 622 278 36 623 36 109 624 112 36 625 36 179 626 183 110 627 113 99 628 102 33 629 33 110 630 113 33 631 33 184 632 188 158 633 162 248 634 252 259 635 263 25 636 25 111 637 114 189 638 193 112 639 115 115 640 118 146 641 150 208 642 212 53 643 56 103 644 106 180 645 184 39 646 39 270 647 274 113 648 116 220 649 224 39 650 39 249 651 253 267 652 271 68 653 71 15 654 15 114 655 117 244 656 248 172 657 176 188 658 192 38 659 38 112 660 115 7 661 7 115 662 118 116 663 119 141 664 145 162 665 166 54 666 57 60 667 63 116 668 119 185 669 189 117 670 120 28 671 28 117 672 120 61 673 64 65 674 68 179 675 183 74 676 77 2 677 1 272 678 276 2 679 1 62 680 65 262 681 266 238 682 242 119 683 122 239 684 243 57 685 60 119 686 122 197 687 201 29 688 29 60 689 63 239 690 243 264 691 268 120 692 123 121 693 124 167 694 171 223 695 227 66 696 69 26 697 26 229 698 233 58 699 61 228 700 232 122 701 125 122 702 125 31 703 31 209 704 213 30 705 30 186 706 190 250 707 254 124 708 127 64 709 67 75 710 78 214 711 218 64 712 67 124 713 127 125 714 128 49 715 49 215 716 219 63 717 66 125 718 128 14 719 14 126 720 129 43 721 43 88 722 91 206 723 210 43 724 43 126 725 129 255 726 259 256 727 260 145 728 149 59 729 62 254 730 258 127 731 130 46 732 46 211 733 215 76 734 79 128 735 131 9 736 9 271 737 275 183 738 187 154 739 158 129 740 132 38 741 38 67 742 70 129 743 132 216 744 220 132 745 135 9 746 9 130 747 133 9 748 9 128 749 131 134 750 138 253 751 257 131 752 134 184 753 188 131 754 134 3 755 3 245 756 249 132 757 135 222 758 226 9 759 9 132 760 135 42 761 42 0 762 55 210 763 214 133 764 136 52 765 52 161 766 165 133 767 137 253 768 257 134 769 138 231 770 235 23 771 23 65 772 68 134 773 138 246 774 250 166 775 170 135 776 139 44 777 44 135 778 139 89 779 92 38 780 38 136 781 140 95 782 98 95 783 98 136 784 140 78 785 81 74 786 77 86 787 89 137 788 141 243 789 247 74 790 77 137 791 141 227 792 231 40 793 40 138 794 142 75 795 78 138 796 142 191 797 195 273 798 277 191 799 195 139 800 143 139 801 143 191 802 195 121 803 124 56 804 59 170 805 174 140 806 144 56 807 59 140 808 144 5 809 5 141 810 145 196 811 200 162 812 166 116 813 119 60 814 63 141 815 145 142 816 146 24 817 24 194 818 198 71 819 74 73 820 76 142 821 146 6 822 6 72 823 75 143 824 147 143 825 147 72 826 75 259 827 263 91 828 94 144 829 148 254 830 258 21 831 21 144 832 148 91 833 94 145 834 149 256 835 260 10 836 10 145 837 149 10 838 10 265 839 269 112 840 115 146 841 150 53 842 56 53 843 56 146 844 150 109 845 112 106 846 109 147 847 151 51 848 51 51 849 51 147 850 151 110 851 113 50 852 50 28 853 28 260 854 264 148 855 152 28 856 28 107 857 110 49 858 49 24 859 24 266 860 270 149 861 153 24 862 24 48 863 48 150 864 154 22 865 22 64 866 67 192 867 196 22 868 22 150 869 154 108 870 111 151 871 155 213 872 217 168 873 172 47 874 47 151 875 155 14 876 14 85 877 88 152 878 156 152 879 156 85 880 88 35 881 35 63 882 66 14 883 14 153 884 157 63 885 66 153 886 157 30 887 30 18 888 18 190 889 194 154 890 158 183 891 187 18 892 18 154 893 158 95 894 98 78 895 81 155 896 159 78 897 81 164 898 168 155 899 159 66 900 69 221 901 225 156 902 160 234 903 238 156 904 160 17 905 17 38 906 38 157 907 161 67 908 70 188 909 192 157 910 161 38 911 38 23 912 23 55 913 58 252 914 256 55 915 58 63 916 66 158 917 162 16 918 16 159 919 163 247 920 251 81 921 84 159 922 163 16 923 16 70 924 73 160 925 164 34 926 34 31 927 31 160 928 164 70 929 73 20 930 20 133 931 137 161 932 165 208 933 212 20 934 20 161 935 165 116 936 119 162 937 166 226 938 230 81 939 84 162 940 166 44 941 44 163 942 167 272 943 276 62 944 65 234 945 238 163 946 167 62 947 65 262 948 266 164 949 168 12 950 12 12 951 12 164 952 168 276 953 280 165 954 169 41 955 41 84 956 87 165 957 169 84 958 87 240 959 244 238 960 242 236 961 240 166 962 170 166 963 170 50 964 50 135 965 139 26 966 26 270 967 274 167 968 171 121 969 124 26 970 26 167 971 171 58 972 61 168 973 172 228 974 232 31 975 31 168 976 172 160 977 164 169 978 173 103 979 106 222 980 226 20 981 20 103 982 106 169 983 173 170 984 174 224 985 228 58 986 61 258 987 262 13 988 13 170 989 174 0 990 0 171 991 175 79 992 82 79 993 82 171 994 175 106 995 109 7 996 7 172 997 176 115 998 118 115 999 118 172 1000 176 195 1001 199 21 1002 21 173 1003 177 144 1004 148 86 1005 89 173 1006 177 21 1007 21 160 1008 164 174 1009 178 34 1010 34 34 1011 34 174 1012 178 261 1013 265 48 1014 48 209 1015 213 175 1016 179 48 1017 48 175 1018 179 85 1019 88 0 1020 0 87 1021 90 176 1022 180 0 1023 0 176 1024 180 171 1025 175 177 1026 181 46 1027 46 105 1028 108 177 1029 181 105 1030 108 93 1031 96 28 1032 28 178 1033 182 107 1034 110 23 1035 23 107 1036 110 178 1037 182 103 1038 106 179 1039 183 118 1040 121 118 1041 121 179 1042 183 2 1043 1 26 1044 26 113 1045 116 180 1046 184 180 1047 184 113 1048 116 39 1049 39 274 1050 278 11 1051 11 181 1052 185 181 1053 185 11 1054 11 197 1055 201 254 1056 258 32 1057 32 182 1058 186 94 1059 97 182 1060 186 199 1061 203 67 1062 70 200 1063 204 183 1064 187 67 1065 70 183 1066 187 129 1067 132 154 1068 158 184 1069 188 100 1070 103 100 1071 103 184 1072 188 3 1073 3 45 1074 45 61 1075 64 185 1076 189 185 1077 189 61 1078 64 117 1079 120 186 1080 190 241 1081 245 250 1082 254 186 1083 190 152 1084 156 35 1085 35 89 1086 92 6 1087 6 187 1088 191 89 1089 92 187 1090 191 202 1091 206 112 1092 115 188 1093 192 7 1094 7 7 1095 7 188 1096 192 172 1097 176 189 1098 193 30 1099 30 80 1100 83 275 1101 279 189 1102 193 80 1103 83 190 1104 194 79 1105 82 106 1106 109 190 1107 194 106 1108 109 51 1109 51 4 1110 4 191 1111 195 273 1112 277 75 1113 78 191 1114 195 4 1115 4 192 1116 196 76 1117 79 104 1118 107 192 1119 196 104 1120 107 22 1121 22 164 1122 168 193 1123 197 276 1124 280 45 1125 45 193 1126 197 253 1127 257 5 1128 5 71 1129 74 194 1130 198 71 1131 74 142 1132 146 194 1133 198 115 1134 118 195 1135 199 82 1136 85 82 1137 85 195 1138 199 11 1139 11 264 1140 268 196 1141 200 60 1142 63 141 1143 145 60 1144 63 196 1145 200 11 1146 11 120 1147 123 197 1148 201 197 1149 201 120 1150 123 29 1151 29 106 1152 109 96 1153 99 198 1154 202 96 1155 99 19 1156 19 198 1157 202 27 1158 27 199 1159 203 101 1160 104 199 1161 203 247 1162 251 101 1163 104 37 1164 37 79 1165 82 200 1166 204 37 1167 37 200 1168 204 67 1169 70 92 1170 95 201 1171 205 40 1172 40 138 1173 142 40 1174 40 201 1175 205 202 1176 206 189 1177 193 275 1178 279 97 1179 100 202 1180 206 8 1181 8 203 1182 207 25 1183 25 189 1184 193 143 1185 147 25 1186 25 203 1187 207 216 1188 220 87 1189 90 204 1190 208 204 1191 208 87 1192 90 0 1193 0 158 1194 162 63 1195 66 205 1196 209 205 1197 209 63 1198 66 111 1199 114 66 1200 69 156 1201 160 206 1202 210 66 1203 69 206 1204 210 26 1205 26 99 1206 102 5 1207 5 207 1208 211 207 1209 211 5 1210 5 194 1211 198 161 1212 165 112 1213 115 208 1214 212 112 1215 115 53 1216 56 208 1217 212 209 1218 213 70 1219 73 34 1220 34 31 1221 31 70 1222 73 209 1223 213 52 1224 54 210 1225 214 37 1226 53 133 1227 136 210 1228 214 52 1229 54 128 1230 131 76 1231 79 211 1232 215 87 1233 90 128 1234 131 211 1235 215 249 1236 253 68 1237 71 212 1238 216 212 1239 216 68 1240 71 165 1241 169 124 1242 127 213 1243 217 47 1244 47 151 1245 155 47 1246 47 213 1247 217 150 1248 154 214 1249 218 58 1250 61 58 1251 61 214 1252 218 168 1253 172 125 1254 128 215 1255 219 14 1256 14 14 1257 14 215 1258 219 85 1259 88 216 1260 220 9 1261 9 130 1262 133 216 1263 220 130 1264 133 87 1265 90 74 1266 77 36 1267 36 217 1268 221 217 1269 221 36 1270 36 181 1271 185 125 1272 128 23 1273 23 218 1274 222 218 1275 222 23 1276 23 83 1277 86 131 1278 134 33 1279 33 219 1280 223 219 1281 223 33 1282 33 207 1283 211 88 1284 91 21 1285 21 220 1286 224 220 1287 224 21 1288 21 39 1289 39 201 1290 205 17 1291 17 221 1292 225 221 1293 225 17 1294 17 156 1295 160 169 1296 173 222 1297 226 77 1298 80 222 1299 226 132 1300 135 77 1301 80 68 1302 71 223 1303 227 41 1304 41 41 1305 41 223 1306 227 167 1307 171 13 1308 13 150 1309 154 224 1310 228 13 1311 13 224 1312 228 170 1313 174 71 1314 74 225 1315 229 73 1316 76 225 1317 229 58 1318 61 73 1319 76 81 1320 84 16 1321 16 226 1322 230 226 1323 230 162 1324 166 81 1325 84 75 1326 78 64 1327 67 227 1328 231 75 1329 78 227 1330 231 138 1331 142 122 1332 125 228 1333 232 31 1334 31 228 1335 232 168 1336 172 31 1337 31 121 1338 124 191 1339 195 229 1340 233 26 1341 26 121 1342 124 229 1343 233 144 1344 148 230 1345 234 32 1346 32 230 1347 234 116 1348 119 32 1349 32 61 1350 64 231 1351 235 65 1352 68 231 1353 235 134 1354 138 65 1355 68 43 1356 43 232 1357 236 88 1358 91 232 1359 236 137 1360 141 88 1361 91 233 1362 237 24 1363 24 49 1364 49 218 1365 222 233 1366 237 49 1367 49 245 1368 249 234 1369 238 90 1370 93 90 1371 93 234 1372 238 17 1373 17 135 1374 139 235 1375 239 6 1376 6 235 1377 239 72 1378 75 6 1379 6 166 1380 170 236 1381 240 50 1382 50 236 1383 240 28 1384 28 50 1385 50 173 1386 177 237 1387 241 54 1388 57 237 1389 241 60 1390 63 54 1391 57 12 1392 12 276 1393 280 238 1394 242 262 1395 266 12 1396 12 238 1397 242 195 1398 199 239 1399 243 11 1400 11 11 1401 11 239 1402 243 120 1403 123 1 1404 2 240 1405 244 102 1406 105 240 1407 244 27 1408 27 102 1409 105 35 1410 35 175 1411 179 241 1412 245 186 1413 190 35 1414 35 241 1415 245 39 1416 39 242 1417 246 270 1418 274 39 1419 39 21 1420 21 242 1421 246 243 1422 247 2 1423 1 74 1424 77 62 1425 65 2 1426 1 243 1427 247 261 1428 265 244 1429 248 1 1430 2 1 1431 2 244 1432 248 240 1433 244 42 1434 42 132 1435 135 245 1436 249 42 1437 42 245 1438 249 90 1439 93 246 1440 250 135 1441 139 44 1442 44 246 1443 250 44 1444 44 162 1445 166 247 1446 251 202 1447 206 97 1448 100 101 1449 104 247 1450 251 97 1451 100 248 1452 252 205 1453 209 111 1454 114 25 1455 25 248 1456 252 111 1457 114 114 1458 117 249 1459 253 212 1460 216 114 1461 117 15 1462 15 249 1463 253 123 1464 126 250 1465 254 69 1466 72 30 1467 30 250 1468 254 123 1469 126 46 1470 46 251 1471 255 105 1472 108 105 1473 108 251 1474 255 93 1475 96 72 1476 75 252 1477 256 158 1478 162 252 1479 256 55 1480 58 158 1481 162 253 1482 257 3 1483 3 131 1484 134 193 1485 197 3 1486 3 253 1487 257 127 1488 130 254 1489 258 94 1490 97 94 1491 97 254 1492 258 182 1493 186 255 1494 259 254 1495 258 59 1496 62 255 1497 259 59 1498 62 256 1499 260 256 1500 260 59 1501 62 127 1502 130 10 1503 10 256 1504 260 127 1505 130 257 1506 261 16 1507 16 247 1508 251 226 1509 230 16 1510 16 257 1511 261 93 1512 96 13 1513 13 258 1514 262 177 1515 181 93 1516 96 258 1517 262 259 1518 263 248 1519 252 25 1520 25 259 1521 263 25 1522 25 143 1523 147 260 1524 264 28 1525 28 148 1526 152 260 1527 264 148 1528 152 72 1529 75 69 1530 72 261 1531 265 1 1532 2 250 1533 254 261 1534 265 69 1535 72 155 1536 159 262 1537 266 57 1538 60 57 1539 60 262 1540 266 119 1541 122 263 1542 267 9 1543 9 92 1544 95 263 1545 267 92 1546 95 40 1547 40 29 1548 29 120 1549 123 264 1550 268 29 1551 29 264 1552 268 60 1553 63 84 1554 87 265 1555 269 10 1556 10 41 1557 41 265 1558 269 84 1559 87 266 1560 270 24 1561 24 149 1562 153 266 1563 270 149 1564 153 85 1565 88 174 1566 178 267 1567 271 15 1568 15 15 1569 15 267 1570 271 249 1571 253 24 1572 24 268 1573 272 48 1574 48 268 1575 272 122 1576 125 48 1577 48 38 1578 38 95 1579 98 269 1580 273 269 1581 273 95 1582 98 155 1583 159 167 1584 171 270 1585 274 145 1586 149 145 1587 149 270 1588 274 255 1589 259 271 1590 275 263 1591 267 76 1592 79 128 1593 131 271 1594 275 76 1595 79 103 1596 106 118 1597 121 272 1598 276 272 1599 276 118 1600 121 2 1601 1 68 1602 71 108 1603 111 273 1604 277 273 1605 277 108 1606 111 213 1607 217 115 1608 118 82 1609 85 274 1610 278 274 1611 278 82 1612 85 11 1613 11 8 1614 8 202 1615 206 275 1616 279 276 1617 280 193 1618 197 45 1619 45 276 1620 280 45 1621 45 185 1622 189</p>
        </triangles>
      </mesh>
    </geometry>
    <geometry id="SM_Urchin_01_LOD3-lib" name="SM_Urchin_01_LOD3Mesh">
      <mesh>
        <source id="SM_Urchin_01_LOD3-POSITION">
          <float_array id="SM_Urchin_01_LOD3-POSITION-array" count="240">
8.012192 2.657288 15.584849
-2.889801 -1.937805 0.229906
-2.286362 -0.644531 17.022408
-12.209938 -2.458191 11.694386
7.407837 -3.879272 15.927350
-5.722549 10.956787 11.689736
-2.653076 -13.524292 9.422195
9.540192 9.836548 6.104527
11.251221 -1.679260 2.352884
-7.449661 -1.944580 16.090181
-5.284561 9.592773 2.464283
12.473953 -1.145142 11.820156
-3.483490 6.542908 16.232048
0.029068 10.059814 14.571519
7.395294 -10.369019 11.629032
0.373779 -10.881897 1.916428
0.856873 13.610168 6.184449
-10.308258 -3.927734 2.319439
-8.129875 -9.768433 11.263473
-11.472809 4.727295 11.351686
-2.092728 2.453125 0.297301
1.581223 1.862732 17.048424
-0.784561 -7.768555 16.205601
11.504105 3.936829 12.246517
5.204941 11.282593 11.537304
6.006958 8.897095 2.057326
3.513107 0.326721 0.309441
13.765549 -2.261475 6.466444
0.547073 -2.489197 17.024658
-11.330864 -7.386230 9.267090
-2.825058 -13.787231 6.556310
-13.633316 -1.916016 6.390314
13.208862 4.430176 6.156914
-11.175682 7.578125 7.969557
8.240479 -11.417297 6.045969
-4.794983 -5.358643 16.127846
-7.348953 2.835571 15.741902
4.711853 -6.266541 16.012445
-6.142715 12.132690 6.443156
-8.590134 -10.948608 6.177616
6.842636 -9.550598 2.574213
8.954773 8.972595 11.507753
-0.983902 1.998474 17.032333
10.769608 3.628784 2.466622
11.591095 -5.498779 11.622027
-0.075180 -3.631226 0.295763
-10.285522 4.320679 2.562715
-7.324783 -8.658691 2.543831
5.484894 5.949097 15.819820
0.512253 12.494446 11.305576
1.439789 2.915039 0.224965
1.075897 11.012146 2.505383
2.149643 -13.107666 10.507353
2.579544 -0.385071 17.041670
2.268814 -13.845947 6.204277
-13.005508 4.407349 5.899568
-13.400238 -2.427246 9.477888
12.501404 -6.502563 6.206042
-7.115677 -8.170227 13.973827
-9.706909 4.854797 13.601616
1.367615 6.242615 16.302176
-12.298149 -6.484619 6.334947
12.876297 4.330505 9.377037
2.710815 -2.469238 0.206046
5.166580 12.341614 9.263705
-10.171585 -1.359497 14.009541
-2.001389 -10.382446 13.944321
13.574966 -1.640686 9.304810
-6.223236 11.980896 9.666469
6.451874 12.183960 6.332217
8.281784 -1.404846 15.454163
6.547836 -8.966003 14.038525
7.919357 -11.426025 9.110837
12.491547 -6.120361 9.399132
-4.376190 8.843079 14.271787
-2.332932 -12.622864 11.687737
-3.390854 0.368164 0.215303
10.482635 -4.566589 2.591168
2.850677 10.351624 13.689013
9.574387 9.750305 9.400704
</float_array>
          <technique_common>
            <accessor source="#SM_Urchin_01_LOD3-POSITION-array" count="80" stride="3">
              <param name="X" type="float"/>
              <param name="Y" type="float"/>
              <param name="Z" type="float"/>
            </accessor>
          </technique_common>
        </source>
        <source id="SM_Urchin_01_LOD3-Normal0">
          <float_array id="SM_Urchin_01_LOD3-Normal0-array" count="1377">
0.607126 -0.075893 -0.790973
0.912553 0.322911 -0.250948
0.968988 -0.102357 -0.224914
-0.424320 0.695972 0.579289
-0.340215 0.561989 0.753938
-0.026282 0.614502 0.788478
-0.003665 -0.563378 -0.826191
-0.261982 -0.935301 -0.237860
-0.578686 -0.784857 -0.221637
-0.322304 0.537328 -0.779358
-0.432706 0.865548 -0.252174
0.011427 0.976455 -0.215419
-0.111272 -0.660176 0.742824
-0.573215 -0.690660 0.440924
-0.171568 -0.808707 0.562633
0.508549 -0.001884 0.861031
0.481112 0.143770 0.864789
0.195202 -0.012162 0.980687
-0.565551 -0.185099 -0.803673
-0.967214 -0.044694 -0.249998
-0.919419 0.307525 -0.245148
-0.823649 0.339809 0.454019
-0.800929 -0.151741 0.579213
-0.681488 -0.092788 0.725923
0.563798 -0.779383 -0.273304
0.550425 -0.283073 -0.785431
0.839963 -0.467151 -0.276101
0.168151 -0.889486 0.424900
0.487737 -0.546398 0.680854
-0.053774 -0.446555 0.893139
0.011427 0.976455 -0.215419
-0.432706 0.865548 -0.252174
-0.006313 0.912483 0.409065
0.913439 0.309467 0.264311
0.968988 -0.102357 -0.224914
0.912553 0.322911 -0.250948
0.321097 0.474181 -0.819786
0.574471 0.244137 -0.781268
0.177600 0.041255 -0.983238
-0.397208 -0.489353 -0.776376
-0.003665 -0.563378 -0.826191
-0.578686 -0.784857 -0.221637
-0.823649 0.339809 0.454019
-0.681488 -0.092788 0.725923
-0.637825 0.408454 0.652951
-0.053774 -0.446555 0.893139
0.200755 -0.320573 0.925705
0.025398 -0.140540 0.989749
0.039599 0.623065 -0.781167
-0.103485 0.164100 -0.981001
-0.322304 0.537328 -0.779358
-0.397208 -0.489353 -0.776376
-0.015737 -0.161585 -0.986733
-0.003665 -0.563378 -0.826191
0.516666 -0.683854 0.515171
0.732676 -0.369317 0.571656
0.438223 -0.180064 0.880646
0.508549 -0.001884 0.861031
0.813828 -0.032749 0.580182
0.747785 0.266189 0.608244
-0.418413 0.177672 0.890709
-0.432256 -0.102243 0.895936
-0.152237 -0.020955 0.988122
0.062073 0.332037 0.941222
-0.197215 0.404431 0.893052
0.121676 0.135082 0.983335
0.912553 0.322911 -0.250948
0.684436 0.688158 0.240800
0.913439 0.309467 0.264311
-0.026282 0.614502 0.788478
-0.340215 0.561989 0.753938
0.062073 0.332037 0.941222
0.168151 -0.889486 0.424900
0.516666 -0.683854 0.515171
0.487737 -0.546398 0.680854
-0.003665 -0.563378 -0.826191
0.563798 -0.779383 -0.273304
0.177636 -0.952961 -0.245581
0.369327 -0.522771 -0.768315
0.550425 -0.283073 -0.785431
0.563798 -0.779383 -0.273304
0.111689 -0.110802 -0.987547
0.550425 -0.283073 -0.785431
0.369327 -0.522771 -0.768315
0.409968 0.877369 -0.249299
0.011427 0.976455 -0.215419
0.324347 0.911945 0.251305
0.574471 0.244137 -0.781268
0.321097 0.474181 -0.819786
0.912553 0.322911 -0.250948
-0.561439 0.269365 -0.782450
-0.161894 0.041698 -0.985927
-0.565551 -0.185099 -0.803673
-0.561439 0.269365 -0.782450
-0.565551 -0.185099 -0.803673
-0.919419 0.307525 -0.245148
-0.573215 -0.690660 0.440924
-0.475190 -0.520631 0.709322
-0.800929 -0.151741 0.579213
-0.565551 -0.185099 -0.803673
-0.852118 -0.459613 -0.250301
-0.967214 -0.044694 -0.249998
-0.424320 0.695972 0.579289
-0.823649 0.339809 0.454019
-0.340215 0.561989 0.753938
-0.561439 0.269365 -0.782450
-0.919419 0.307525 -0.245148
-0.432706 0.865548 -0.252174
-0.103485 0.164100 -0.981001
-0.161894 0.041698 -0.985927
-0.561439 0.269365 -0.782450
-0.015737 -0.161585 -0.986733
0.111689 -0.110802 -0.987547
0.369327 -0.522771 -0.768315
-0.152237 -0.020955 0.988122
-0.053774 -0.446555 0.893139
0.025398 -0.140540 0.989749
-0.197215 0.404431 0.893052
-0.094131 0.127593 0.987350
0.121676 0.135082 0.983335
-0.152237 -0.020955 0.988122
-0.244864 -0.285913 0.926443
-0.053774 -0.446555 0.893139
-0.475190 -0.520631 0.709322
-0.573215 -0.690660 0.440924
-0.111272 -0.660176 0.742824
0.508549 -0.001884 0.861031
0.747785 0.266189 0.608244
0.481112 0.143770 0.864789
0.747785 0.266189 0.608244
0.581259 0.586202 0.564363
0.323139 0.359719 0.875319
0.323139 0.359719 0.875319
0.355467 0.770105 0.529700
0.235789 0.663260 0.710275
0.011427 0.976455 -0.215419
-0.006313 0.912483 0.409065
0.324347 0.911945 0.251305
0.321097 0.474181 -0.819786
0.011427 0.976455 -0.215419
0.409968 0.877369 -0.249299
0.039599 0.623065 -0.781167
-0.322304 0.537328 -0.779358
0.011427 0.976455 -0.215419
0.052038 0.144190 -0.988181
0.321097 0.474181 -0.819786
0.177600 0.041255 -0.983238
0.111689 -0.110802 -0.987547
-0.015737 -0.161585 -0.986733
0.052038 0.144190 -0.988181
0.563798 -0.779383 -0.273304
0.839963 -0.467151 -0.276101
0.855807 -0.448523 0.257724
0.913439 0.309467 0.264311
0.969548 -0.050868 0.239562
0.968988 -0.102357 -0.224914
0.200755 -0.320573 0.925705
0.195202 -0.012162 0.980687
0.025398 -0.140540 0.989749
-0.783698 -0.528617 0.326160
-0.573215 -0.690660 0.440924
-0.800929 -0.151741 0.579213
-0.261982 -0.935301 -0.237860
-0.573215 -0.690660 0.440924
-0.578686 -0.784857 -0.221637
0.177636 -0.952961 -0.245581
0.551775 -0.799827 0.236266
0.168151 -0.889486 0.424900
-0.261982 -0.935301 -0.237860
-0.253712 -0.939345 0.230783
-0.573215 -0.690660 0.440924
-0.967214 -0.044694 -0.249998
-0.959199 -0.092837 0.267056
-0.823649 0.339809 0.454019
-0.967214 -0.044694 -0.249998
-0.852118 -0.459613 -0.250301
-0.959199 -0.092837 0.267056
0.912553 0.322911 -0.250948
0.691278 0.646954 -0.321845
0.684436 0.688158 0.240800
0.321097 0.474181 -0.819786
0.691278 0.646954 -0.321845
0.912553 0.322911 -0.250948
-0.432371 0.864093 0.257678
-0.789184 0.611935 0.052199
-0.823649 0.339809 0.454019
-0.919419 0.307525 -0.245148
-0.967214 -0.044694 -0.249998
-0.823649 0.339809 0.454019
0.563798 -0.779383 -0.273304
0.551775 -0.799827 0.236266
0.177636 -0.952961 -0.245581
0.563798 -0.779383 -0.273304
0.855807 -0.448523 0.257724
0.551775 -0.799827 0.236266
-0.800929 -0.151741 0.579213
-0.475190 -0.520631 0.709322
-0.432256 -0.102243 0.895936
-0.432256 -0.102243 0.895936
-0.244864 -0.285913 0.926443
-0.152237 -0.020955 0.988122
-0.823649 0.339809 0.454019
-0.637825 0.408454 0.652951
-0.340215 0.561989 0.753938
-0.197215 0.404431 0.893052
-0.418413 0.177672 0.890709
-0.094131 0.127593 0.987350
0.516666 -0.683854 0.515171
0.438223 -0.180064 0.880646
0.487737 -0.546398 0.680854
0.200755 -0.320573 0.925705
0.438223 -0.180064 0.880646
0.195202 -0.012162 0.980687
-0.432706 0.865548 -0.252174
-0.432371 0.864093 0.257678
-0.006313 0.912483 0.409065
-0.432706 0.865548 -0.252174
-0.789184 0.611935 0.052199
-0.432371 0.864093 0.257678
-0.578686 -0.784857 -0.221637
-0.573215 -0.690660 0.440924
-0.783698 -0.528617 0.326160
-0.565551 -0.185099 -0.803673
-0.578686 -0.784857 -0.221637
-0.852118 -0.459613 -0.250301
-0.003665 -0.563378 -0.826191
0.369327 -0.522771 -0.768315
0.563798 -0.779383 -0.273304
-0.003665 -0.563378 -0.826191
-0.015737 -0.161585 -0.986733
0.369327 -0.522771 -0.768315
0.581259 0.586202 0.564363
0.355467 0.770105 0.529700
0.323139 0.359719 0.875319
0.409968 0.877369 -0.249299
0.324347 0.911945 0.251305
0.684436 0.688158 0.240800
-0.418413 0.177672 0.890709
-0.152237 -0.020955 0.988122
-0.094131 0.127593 0.987350
0.607126 -0.075893 -0.790973
0.177600 0.041255 -0.983238
0.574471 0.244137 -0.781268
0.607126 -0.075893 -0.790973
0.574471 0.244137 -0.781268
0.912553 0.322911 -0.250948
0.813828 -0.032749 0.580182
0.438223 -0.180064 0.880646
0.732676 -0.369317 0.571656
0.855807 -0.448523 0.257724
0.968988 -0.102357 -0.224914
0.969548 -0.050868 0.239562
-0.120545 -0.105226 -0.987115
-0.015737 -0.161585 -0.986733
-0.397208 -0.489353 -0.776376
-0.120545 -0.105226 -0.987115
0.052038 0.144190 -0.988181
-0.015737 -0.161585 -0.986733
-0.322304 0.537328 -0.779358
-0.103485 0.164100 -0.981001
-0.561439 0.269365 -0.782450
-0.322304 0.537328 -0.779358
-0.561439 0.269365 -0.782450
-0.432706 0.865548 -0.252174
-0.565551 -0.185099 -0.803673
-0.397208 -0.489353 -0.776376
-0.578686 -0.784857 -0.221637
-0.565551 -0.185099 -0.803673
-0.120545 -0.105226 -0.987115
-0.397208 -0.489353 -0.776376
0.481112 0.143770 0.864789
0.323139 0.359719 0.875319
0.121676 0.135082 0.983335
0.747785 0.266189 0.608244
0.323139 0.359719 0.875319
0.481112 0.143770 0.864789
0.355467 0.770105 0.529700
-0.006313 0.912483 0.409065
0.235789 0.663260 0.710275
-0.006313 0.912483 0.409065
-0.424320 0.695972 0.579289
-0.026282 0.614502 0.788478
-0.103485 0.164100 -0.981001
0.052038 0.144190 -0.988181
-0.161894 0.041698 -0.985927
0.052038 0.144190 -0.988181
-0.103485 0.164100 -0.981001
0.039599 0.623065 -0.781167
0.039599 0.623065 -0.781167
0.321097 0.474181 -0.819786
0.052038 0.144190 -0.988181
0.321097 0.474181 -0.819786
0.039599 0.623065 -0.781167
0.011427 0.976455 -0.215419
0.177636 -0.952961 -0.245581
0.168151 -0.889486 0.424900
-0.253712 -0.939345 0.230783
-0.171568 -0.808707 0.562633
0.168151 -0.889486 0.424900
-0.111272 -0.660176 0.742824
0.481112 0.143770 0.864789
0.121676 0.135082 0.983335
0.195202 -0.012162 0.980687
-0.003665 -0.563378 -0.826191
0.177636 -0.952961 -0.245581
-0.261982 -0.935301 -0.237860
-0.261982 -0.935301 -0.237860
0.177636 -0.952961 -0.245581
-0.253712 -0.939345 0.230783
-0.432706 0.865548 -0.252174
-0.919419 0.307525 -0.245148
-0.789184 0.611935 0.052199
-0.789184 0.611935 0.052199
-0.919419 0.307525 -0.245148
-0.823649 0.339809 0.454019
-0.823649 0.339809 0.454019
-0.959199 -0.092837 0.267056
-0.800929 -0.151741 0.579213
-0.959199 -0.092837 0.267056
-0.783698 -0.528617 0.326160
-0.800929 -0.151741 0.579213
0.550425 -0.283073 -0.785431
0.968988 -0.102357 -0.224914
0.839963 -0.467151 -0.276101
0.839963 -0.467151 -0.276101
0.968988 -0.102357 -0.224914
0.855807 -0.448523 0.257724
-0.475190 -0.520631 0.709322
-0.111272 -0.660176 0.742824
-0.244864 -0.285913 0.926443
-0.475190 -0.520631 0.709322
-0.244864 -0.285913 0.926443
-0.432256 -0.102243 0.895936
-0.637825 0.408454 0.652951
-0.681488 -0.092788 0.725923
-0.418413 0.177672 0.890709
-0.340215 0.561989 0.753938
-0.637825 0.408454 0.652951
-0.418413 0.177672 0.890709
0.323139 0.359719 0.875319
0.062073 0.332037 0.941222
0.121676 0.135082 0.983335
0.235789 0.663260 0.710275
0.062073 0.332037 0.941222
0.323139 0.359719 0.875319
-0.783698 -0.528617 0.326160
-0.852118 -0.459613 -0.250301
-0.578686 -0.784857 -0.221637
-0.852118 -0.459613 -0.250301
-0.783698 -0.528617 0.326160
-0.959199 -0.092837 0.267056
0.747785 0.266189 0.608244
0.813828 -0.032749 0.580182
0.913439 0.309467 0.264311
0.913439 0.309467 0.264311
0.581259 0.586202 0.564363
0.747785 0.266189 0.608244
0.111689 -0.110802 -0.987547
0.052038 0.144190 -0.988181
0.177600 0.041255 -0.983238
0.177600 0.041255 -0.983238
0.607126 -0.075893 -0.790973
0.111689 -0.110802 -0.987547
0.324347 0.911945 0.251305
0.355467 0.770105 0.529700
0.581259 0.586202 0.564363
0.324347 0.911945 0.251305
-0.006313 0.912483 0.409065
0.355467 0.770105 0.529700
-0.681488 -0.092788 0.725923
-0.800929 -0.151741 0.579213
-0.432256 -0.102243 0.895936
-0.418413 0.177672 0.890709
-0.681488 -0.092788 0.725923
-0.432256 -0.102243 0.895936
-0.053774 -0.446555 0.893139
-0.244864 -0.285913 0.926443
-0.111272 -0.660176 0.742824
0.168151 -0.889486 0.424900
-0.053774 -0.446555 0.893139
-0.111272 -0.660176 0.742824
0.969548 -0.050868 0.239562
0.813828 -0.032749 0.580182
0.732676 -0.369317 0.571656
0.813828 -0.032749 0.580182
0.969548 -0.050868 0.239562
0.913439 0.309467 0.264311
-0.006313 0.912483 0.409065
-0.432371 0.864093 0.257678
-0.424320 0.695972 0.579289
-0.432371 0.864093 0.257678
-0.823649 0.339809 0.454019
-0.424320 0.695972 0.579289
0.691278 0.646954 -0.321845
0.409968 0.877369 -0.249299
0.684436 0.688158 0.240800
0.321097 0.474181 -0.819786
0.409968 0.877369 -0.249299
0.691278 0.646954 -0.321845
0.438223 -0.180064 0.880646
0.508549 -0.001884 0.861031
0.195202 -0.012162 0.980687
0.508549 -0.001884 0.861031
0.438223 -0.180064 0.880646
0.813828 -0.032749 0.580182
-0.053774 -0.446555 0.893139
0.487737 -0.546398 0.680854
0.200755 -0.320573 0.925705
0.487737 -0.546398 0.680854
0.438223 -0.180064 0.880646
0.200755 -0.320573 0.925705
0.551775 -0.799827 0.236266
0.732676 -0.369317 0.571656
0.516666 -0.683854 0.515171
0.168151 -0.889486 0.424900
0.551775 -0.799827 0.236266
0.516666 -0.683854 0.515171
0.855807 -0.448523 0.257724
0.969548 -0.050868 0.239562
0.732676 -0.369317 0.571656
0.551775 -0.799827 0.236266
0.855807 -0.448523 0.257724
0.732676 -0.369317 0.571656
0.062073 0.332037 0.941222
-0.340215 0.561989 0.753938
-0.197215 0.404431 0.893052
-0.340215 0.561989 0.753938
-0.418413 0.177672 0.890709
-0.197215 0.404431 0.893052
-0.253712 -0.939345 0.230783
-0.171568 -0.808707 0.562633
-0.573215 -0.690660 0.440924
0.168151 -0.889486 0.424900
-0.171568 -0.808707 0.562633
-0.253712 -0.939345 0.230783
-0.161894 0.041698 -0.985927
-0.120545 -0.105226 -0.987115
-0.565551 -0.185099 -0.803673
-0.161894 0.041698 -0.985927
0.052038 0.144190 -0.988181
-0.120545 -0.105226 -0.987115
0.111689 -0.110802 -0.987547
0.607126 -0.075893 -0.790973
0.550425 -0.283073 -0.785431
0.550425 -0.283073 -0.785431
0.607126 -0.075893 -0.790973
0.968988 -0.102357 -0.224914
-0.006313 0.912483 0.409065
-0.026282 0.614502 0.788478
0.235789 0.663260 0.710275
0.235789 0.663260 0.710275
-0.026282 0.614502 0.788478
0.062073 0.332037 0.941222
0.913439 0.309467 0.264311
0.684436 0.688158 0.240800
0.581259 0.586202 0.564363
0.684436 0.688158 0.240800
0.324347 0.911945 0.251305
0.581259 0.586202 0.564363
</float_array>
          <technique_common>
            <accessor source="#SM_Urchin_01_LOD3-Normal0-array" count="459" stride="3">
              <param name="X" type="float"/>
              <param name="Y" type="float"/>
              <param name="Z" type="float"/>
            </accessor>
          </technique_common>
        </source>
        <source id="SM_Urchin_01_LOD3-UV0">
          <float_array id="SM_Urchin_01_LOD3-UV0-array" count="174">
0.891688 0.690497
0.986865 0.804192
0.976563 0.911682
0.893060 0.984051
0.738112 0.954100
0.686236 0.812005
0.758544 0.701599
0.345368 0.649189
0.351568 0.663561
0.363679 0.662873
0.367913 0.651269
0.409989 0.667364
0.393322 0.683638
0.364895 0.684688
0.332611 0.685638
0.306743 0.668175
0.306698 0.642766
0.324119 0.625653
0.281300 0.645192
0.356168 0.704154
0.412335 0.645540
0.358266 0.640068
0.350537 0.614848
0.387324 0.621612
0.405600 0.632810
0.443699 0.679206
0.378236 0.708331
0.322200 0.699696
0.283521 0.681651
0.301926 0.608744
0.262678 0.636871
0.399104 0.723223
0.450619 0.645660
0.427317 0.711110
0.359977 0.731195
0.308694 0.720460
0.265804 0.686043
0.461660 0.688763
0.435961 0.727905
0.401157 0.745509
0.302530 0.739138
0.255624 0.721845
0.248001 0.634324
0.289005 0.589272
0.260543 0.595376
0.450669 0.754308
0.419039 0.773413
0.363737 0.787245
0.294807 0.771792
0.225275 0.699636
0.223336 0.634649
0.235460 0.589874
0.270164 0.544924
0.332435 0.556406
0.328274 0.523821
0.485829 0.699168
0.489041 0.631388
0.466401 0.640396
0.445592 0.616955
0.339998 0.598350
0.405003 0.605053
0.373825 0.566717
0.416190 0.588250
0.336249 0.577994
0.424268 0.565535
0.457782 0.605770
0.378244 0.517976
0.438236 0.539352
0.478263 0.588996
0.546006 0.626788
0.537388 0.715612
0.464019 0.815597
0.373576 0.839504
0.264706 0.818682
0.184565 0.727259
0.176736 0.588050
0.231405 0.511116
0.362013 0.457517
0.465586 0.500687
0.531662 0.579287
0.612244 0.431732
0.692745 0.703763
0.487689 0.952720
0.140795 0.910629
0.011246 0.705811
0.067541 0.479858
0.337805 0.319550
</float_array>
          <technique_common>
            <accessor source="#SM_Urchin_01_LOD3-UV0-array" count="87" stride="2">
              <param name="S" type="float"/>
              <param name="T" type="float"/>
            </accessor>
          </technique_common>
        </source>
        <vertices id="SM_Urchin_01_LOD3-VERTEX">
          <input semantic="POSITION" source="#SM_Urchin_01_LOD3-POSITION"/>
        </vertices>
        <triangles count="153" material="MAT_Urchin">
          <input semantic="VERTEX" offset="0" source="#SM_Urchin_01_LOD3-VERTEX"/>
          <input semantic="NORMAL" offset="1" source="#SM_Urchin_01_LOD3-Normal0"/>
          <input semantic="TEXCOORD" offset="2" set="0" source="#SM_Urchin_01_LOD3-UV0"/>
          <p> 8 0 69 32 1 55 27 2 56 5 3 35 74 4 27 13 5 19 15 6 77 30 7 54 39 8 52 10 9 73 38 10 48 16 11 47 66 12 59 18 13 43 75 14 63 70 15 20 0 16 11 53 17 10 17 18 75 31 19 50 55 20 49 19 21 36 3 22 30 65 23 18 34 24 67 77 25 79 57 26 68 52 27 61 71 28 60 22 29 22 16 30 47 38 31 48 49 32 34 62 33 37 27 34 56 32 35 55 25 36 71 43 37 70 26 38 81 47 39 76 15 40 77 39 41 52 19 42 36 65 43 18 59 44 28 22 45 22 37 46 23 28 47 21 51 48 72 20 49 83 10 50 73 47 51 76 45 52 86 15 53 77 14 54 62 44 55 58 4 56 24 70 57 20 11 58 32 23 59 25 36 60 15 9 61 16 2 62 7 60 63 13 12 64 14 21 65 9 32 66 55 79 67 38 62 68 37 13 69 19 74 70 27 60 71 13 52 72 61 14 73 62 71 74 60 15 75 77 34 76 67 54 77 66 40 78 78 77 79 79 34 80 67 63 81 80 77 82 79 40 83 78 69 84 46 16 85 47 64 86 39 43 87 70 25 88 71 32 89 55 46 90 74 76 91 84 17 92 75 46 93 74 17 94 75 55 95 49 18 96 43 58 97 29 3 98 30 17 99 75 61 100 51 31 101 50 5 102 35 19 103 36 74 104 27 46 105 74 55 106 49 38 107 48 20 108 83 76 109 84 46 110 74 45 111 86 63 112 80 40 113 78 2 114 7 22 115 22 28 116 21 12 117 14 42 118 8 21 119 9 2 120 7 35 121 17 22 122 22 58 123 29 18 124 43 66 125 59 70 126 20 23 127 25 0 128 11 23 129 25 41 130 33 48 131 12 48 132 12 24 133 31 78 134 26 16 135 47 49 136 34 64 137 39 25 138 71 16 139 47 69 140 46 51 141 72 10 142 73 16 143 47 50 144 82 25 145 71 26 146 81 63 147 6 45 148 0 50 149 4 34 150 67 57 151 68 73 152 65 62 153 37 67 154 57 27 155 56 37 156 23 53 157 10 28 158 21 29 159 44 18 160 43 3 161 30 30 162 54 18 163 43 39 164 52 54 165 66 72 166 64 52 167 61 30 168 54 6 169 53 18 170 43 31 171 50 56 172 42 19 173 36 31 174 50 61 175 51 56 176 42 32 177 55 7 178 45 79 179 38 25 180 71 7 181 45 32 182 55 68 183 40 33 184 41 19 185 36 55 186 49 31 187 50 19 188 36 34 189 67 72 190 64 54 191 66 34 192 67 73 193 65 72 194 64 3 195 30 58 196 29 9 197 16 9 198 16 35 199 17 2 200 7 19 201 36 59 202 28 74 203 27 12 204 14 36 205 15 42 206 8 14 207 62 4 208 24 71 209 60 37 210 23 4 211 24 53 212 10 38 213 48 68 214 40 49 215 34 38 216 48 33 217 41 68 218 40 39 219 52 18 220 43 29 221 44 17 222 75 39 223 52 61 224 51 15 225 77 40 226 78 34 227 67 15 228 77 45 229 86 40 230 78 41 231 33 24 232 31 48 233 12 69 234 46 64 235 39 79 236 38 36 237 15 2 238 7 42 239 8 8 240 69 26 241 81 43 242 70 8 243 69 43 244 70 32 245 55 11 246 32 4 247 24 44 248 58 73 249 65 27 250 56 67 251 57 1 252 85 45 253 86 47 254 76 1 255 1 50 256 4 45 257 0 10 258 73 20 259 83 46 260 74 10 261 73 46 262 74 38 263 48 17 264 75 47 265 76 39 266 52 17 267 75 1 268 85 47 269 76 0 270 11 48 271 12 21 272 9 23 273 25 48 274 12 0 275 11 24 276 31 49 277 34 78 278 26 49 279 34 5 280 35 13 281 19 20 282 3 50 283 4 76 284 2 50 285 82 20 286 83 51 287 72 51 288 72 25 289 71 50 290 82 25 291 71 51 292 72 16 293 47 54 294 66 52 295 61 6 296 53 75 297 63 52 298 61 66 299 59 0 300 11 21 301 9 53 302 10 15 303 77 54 304 66 30 305 54 30 306 54 54 307 66 6 308 53 38 309 48 55 310 49 33 311 41 33 312 41 55 313 49 19 314 36 19 315 36 56 316 42 3 317 30 56 318 42 29 319 44 3 320 30 77 321 79 27 322 56 57 323 68 57 324 68 27 325 56 73 326 65 58 327 29 66 328 59 35 329 17 58 330 29 35 331 17 9 332 16 59 333 28 65 334 18 36 335 15 74 336 27 59 337 28 36 338 15 48 339 12 60 340 13 21 341 9 78 342 26 60 343 13 48 344 12 29 345 44 61 346 51 39 347 52 61 348 51 29 349 44 56 350 42 23 351 25 11 352 32 62 353 37 62 354 37 41 355 33 23 356 25 63 357 6 50 358 4 26 359 5 26 360 81 8 361 69 63 362 80 64 363 39 24 364 31 41 365 33 64 366 39 49 367 34 24 368 31 65 369 18 3 370 30 9 371 16 36 372 15 65 373 18 9 374 16 22 375 22 35 376 17 66 377 59 52 378 61 22 379 22 66 380 59 67 381 57 11 382 32 44 383 58 11 384 32 67 385 57 62 386 37 49 387 34 68 388 40 5 389 35 68 390 40 19 391 36 5 392 35 7 393 45 69 394 46 79 395 38 25 396 71 69 397 46 7 398 45 4 399 24 70 400 20 53 401 10 70 402 20 4 403 24 11 404 32 22 405 22 71 406 60 37 407 23 71 408 60 4 409 24 37 410 23 72 411 64 44 412 58 14 413 62 52 414 61 72 415 64 14 416 62 73 417 65 67 418 57 44 419 58 72 420 64 73 421 65 44 422 58 60 423 13 74 424 27 12 425 14 74 426 27 36 427 15 12 428 14 6 429 53 75 430 63 18 431 43 52 432 61 75 433 63 6 434 53 76 435 84 1 436 85 17 437 75 76 438 2 50 439 4 1 440 1 63 441 80 8 442 69 77 443 79 77 444 79 8 445 69 27 446 56 49 447 34 13 448 19 78 449 26 78 450 26 13 451 19 60 452 13 62 453 37 79 454 38 41 455 33 79 456 38 64 457 39 41 458 33</p>
        </triangles>
      </mesh>
    </geometry>
  </library_geometries>
  <library_visual_scenes>
    <visual_scene id="SM_Urchin_01" name="SM_Urchin_01">
      <node name="SM_Urchin_01_LOD0" id="SM_Urchin_01_LOD0" layer="urchin" sid="SM_Urchin_01_LOD0">
        <matrix sid="matrix">1.000000 0.000000 0.000000 0.000000 0.000000 0.000000 1.000000 0.000000 0.000000 -1.000000 0.000000 0.000000 0.000000 0.000000 0.000000 1.000000</matrix>
        <instance_geometry url="#SM_Urchin_01_LOD0-lib">
          <bind_material>
            <technique_common>
              <instance_material symbol="MAT_Urchin" target="#MAT_Urchin"/>
            </technique_common>
          </bind_material>
        </instance_geometry>
        <extra>
          <technique profile="FCOLLADA">
            <visibility>1.000000</visibility>
          </technique>
        </extra>
      </node>
      <node name="SM_Urchin_01_LOD1" id="SM_Urchin_01_LOD1" layer="urchin" sid="SM_Urchin_01_LOD1">
        <matrix sid="matrix">1.000000 0.000000 0.000000 0.000000 0.000000 0.000000 1.000000 0.000000 0.000000 -1.000000 0.000000 0.000000 0.000000 0.000000 0.000000 1.000000</matrix>
        <instance_geometry url="#SM_Urchin_01_LOD1-lib">
          <bind_material>
            <technique_common>
              <instance_material symbol="MAT_Urchin" target="#MAT_Urchin"/>
            </technique_common>
          </bind_material>
        </instance_geometry>
        <extra>
          <technique profile="FCOLLADA">
            <visibility>1.000000</visibility>
          </technique>
        </extra>
      </node>
      <node name="SM_Urchin_01_LOD2" id="SM_Urchin_01_LOD2" layer="urchin" sid="SM_Urchin_01_LOD2">
        <matrix sid="matrix">1.000000 0.000000 0.000000 0.000000 0.000000 0.000000 1.000000 0.000000 0.000000 -1.000000 0.000000 0.000000 0.000000 0.000000 0.000000 1.000000</matrix>
        <instance_geometry url="#SM_Urchin_01_LOD2-lib">
          <bind_material>
            <technique_common>
              <instance_material symbol="MAT_Urchin" target="#MAT_Urchin"/>
            </technique_common>
          </bind_material>
        </instance_geometry>
        <extra>
          <technique profile="FCOLLADA">
            <visibility>1.000000</visibility>
          </technique>
        </extra>
      </node>
      <node name="SM_Urchin_01_LOD3" id="SM_Urchin_01_LOD3" layer="urchin" sid="SM_Urchin_01_LOD3">
        <matrix sid="matrix">1.000000 0.000000 0.000000 0.000000 0.000000 0.000000 1.000000 0.000000 0.000000 -1.000000 0.000000 0.000000 0.000000 0.000000 0.000000 1.000000</matrix>
        <instance_geometry url="#SM_Urchin_01_LOD3-lib">
          <bind_material>
            <technique_common>
              <instance_material symbol="MAT_Urchin" target="#MAT_Urchin"/>
            </technique_common>
          </bind_material>
        </instance_geometry>
        <extra>
          <technique profile="FCOLLADA">
            <visibility>1.000000</visibility>
          </technique>
        </extra>
      </node>
      <extra>
        <technique profile="MAX3D">
          <frame_rate>30.000000</frame_rate>
        </technique>
        <technique profile="FCOLLADA">
          <start_time>0.000000</start_time>
          <end_time>3.333333</end_time>
        </technique>
      </extra>
    </visual_scene>
  </library_visual_scenes>
  <scene>
    <instance_visual_scene url="#SM_Urchin_01"/>
  </scene>
</COLLADA>
