<?xml version="1.0" encoding="utf-8"?>
<COLLADA xmlns="http://www.collada.org/2005/11/COLLADASchema" version="1.4.1">
  <asset>
    <contributor>
      <author/>
      <authoring_tool>FBX COLLADA exporter</authoring_tool>
      <comments/>
    </contributor>
    <created>2024-02-10T11:35:28Z</created>
    <keywords/>
    <modified>2024-02-10T11:35:28Z</modified>
    <revision/>
    <subject/>
    <title/>
    <unit meter="0.010000" name="centimeter"/>
    <up_axis>Y_UP</up_axis>
  </asset>
  <library_materials>
    <material id="MAT_Urchin" name="MAT_Urchin">
      <instance_effect url="#MAT_Urchin-fx"/>
    </material>
  </library_materials>
  <library_effects>
    <effect id="MAT_Urchin-fx" name="MAT_Urchin">
      <profile_COMMON>
        <technique sid="standard">
          <phong>
            <emission>
              <color sid="emission">0.000000  0.000000 0.000000 1.000000</color>
            </emission>
            <ambient>
              <color sid="ambient">0.066667  0.058824 0.117647 1.000000</color>
            </ambient>
            <diffuse>
              <color sid="diffuse">0.066667  0.058824 0.117647 1.000000</color>
            </diffuse>
            <specular>
              <color sid="specular">0.000000  0.000000 0.000000 1.000000</color>
            </specular>
            <shininess>
              <float sid="shininess">2.000000</float>
            </shininess>
            <reflective>
              <color sid="reflective">0.000000  0.000000 0.000000 1.000000</color>
            </reflective>
            <reflectivity>
              <float sid="reflectivity">1.000000</float>
            </reflectivity>
            <transparent opaque="RGB_ZERO">
              <color sid="transparent">1.000000  1.000000 1.000000 1.000000</color>
            </transparent>
            <transparency>
              <float sid="transparency">0.000000</float>
            </transparency>
          </phong>
        </technique>
      </profile_COMMON>
    </effect>
  </library_effects>
  <library_geometries>
    <geometry id="SM_Urchin_Group_02_LOD0-lib" name="SM_Urchin_Group_02_LOD0Mesh">
      <mesh>
        <source id="SM_Urchin_Group_02_LOD0-POSITION">
          <float_array id="SM_Urchin_Group_02_LOD0-POSITION-array" count="9954">
11.105499 -0.108917 28.243443
18.598892 -2.813721 32.540787
25.500793 -1.346527 30.387913
21.297867 -2.175262 23.142075
2.926208 -4.795441 17.124825
16.056854 -4.726532 22.898438
12.574600 -7.775146 28.243446
2.924927 0.935760 21.025730
13.199539 -1.356781 18.967295
15.408264 -4.832611 23.335615
32.293457 -5.269989 24.355207
17.367661 -5.613312 22.898438
15.918381 -10.043457 28.243446
19.802414 -9.691315 30.292858
24.182709 -4.668640 18.561039
32.015991 -6.065186 19.063980
18.083252 2.833466 21.147722
14.916077 9.510651 20.165756
29.571976 -0.382751 29.091068
33.485199 -3.369263 26.440119
22.403030 -1.244110 22.888260
23.135941 -8.088989 30.483044
20.307571 -4.987823 23.142075
16.990204 -1.139771 15.562160
13.601273 2.791321 12.003065
24.013916 -4.597168 18.544640
30.951202 -8.561432 18.544640
16.400208 -16.933685 19.910696
31.226395 3.184357 24.869331
30.264862 8.475159 22.670696
14.197632 -4.499847 17.497421
6.196472 -4.531433 15.290945
2.493866 -3.940125 19.910694
27.382278 -13.618988 24.869333
32.243973 -11.320862 22.872400
15.552551 0.840729 17.497421
13.158478 7.618774 15.290943
2.913330 1.723480 19.910692
4.505737 6.199097 22.701887
13.093872 -1.595184 18.871447
27.432281 2.566132 27.073261
20.431183 11.466461 20.898632
16.953568 12.349884 25.186497
7.418640 -9.284393 27.435730
24.621704 7.633636 21.381748
27.830963 8.554382 26.252872
21.265778 1.916382 19.407526
21.416855 -14.168884 28.843258
18.463730 -18.093750 26.137016
2.515228 -0.192780 19.910694
25.835632 -11.044922 27.835335
29.542694 -14.622223 23.338806
30.355530 3.173737 15.338831
9.719421 1.191010 29.451397
17.169785 -16.632965 23.996300
21.260254 -16.585968 27.807579
24.953964 7.135681 25.841022
23.650772 -0.550659 21.428673
8.405304 -7.400055 14.378063
0.887268 -12.128540 7.181555
0.887268 -14.753662 15.438962
0.887268 -5.472778 11.024262
0.887268 -11.008057 17.601500
0.887268 -4.902863 14.446048
0.887268 -4.902863 22.131462
0.887268 -13.366547 16.301331
0.887268 -13.366547 20.626404
0.887268 -7.301941 24.352692
0.887268 -13.957703 28.195396
0.887268 -13.140503 17.950567
0.887268 -16.886139 20.113102
0.887268 -24.674133 19.957394
0.887268 -16.210449 18.102114
0.887268 -16.210449 13.777041
0.887268 -24.674133 12.271981
0.887268 -17.250946 27.303398
0.887268 -14.625824 19.045994
0.887268 -18.371460 16.883459
0.887268 -23.906708 23.460691
0.887268 -22.023895 9.855719
0.887268 -16.185333 16.257843
0.887268 -15.368164 6.013011
0.887268 -12.439728 14.095305
-1.772675 -14.788483 7.181556
0.852417 -14.788483 15.438964
-2.893188 -14.788483 17.601500
-8.428467 -14.788483 11.024262
-6.599304 -14.788483 24.352692
-0.760742 -14.788483 17.950569
2.984894 -14.788483 20.113102
0.056458 -14.788483 28.195396
3.349701 -14.788483 27.303398
10.005463 -14.788483 23.460690
0.724579 -14.788483 19.045994
4.470215 -14.788483 16.883457
8.122681 -14.788483 9.855718
1.466919 -14.788483 6.013011
2.284119 -14.788483 16.257843
-1.461517 -14.788483 14.095305
-1.682068 -15.476959 7.181556
0.853607 -14.797516 15.438962
-2.764374 -15.766968 17.601500
-8.111023 -17.199585 11.024263
-8.661530 -14.289276 11.533766
-0.486237 -15.156525 16.301331
-0.486237 -15.156525 20.626404
-8.661530 -17.443420 19.219181
-6.344208 -16.726166 24.352692
-0.704590 -15.215057 17.950567
0.084778 -15.003540 28.195396
2.913422 -14.245605 20.113102
10.436066 -12.229919 10.064301
10.436066 -12.229919 17.749716
2.260773 -14.420471 18.102114
2.260773 -14.420471 13.777040
3.265808 -14.151184 27.303398
9.694763 -12.428558 23.460690
0.730133 -14.830597 19.045994
4.348114 -13.861176 16.883457
7.876129 -12.915863 9.855718
2.236511 -14.426971 16.257843
-1.381470 -15.396423 14.095305
1.447144 -14.638489 6.013011
-1.416321 -16.118500 7.181556
0.857086 -14.805908 15.438962
-2.386719 -16.678741 17.601500
-7.180389 -19.446350 11.024263
-5.596283 -18.531769 24.352692
-0.539948 -15.612518 17.950567
2.703857 -13.739685 20.113102
0.167755 -15.203888 28.195396
9.448486 -9.845703 19.957394
2.118713 -14.077545 18.102114
9.448486 -9.845703 12.271979
2.118713 -14.077545 13.777040
3.019806 -13.557281 27.303398
0.746368 -14.869843 19.045994
3.990173 -12.997040 16.883457
8.783844 -10.229401 23.460690
7.153320 -11.170807 9.855717
1.389252 -14.498688 6.013011
2.096954 -14.090088 16.257843
-1.146851 -15.962891 14.095305
-5.699951 -21.375702 11.024264
-2.285919 -14.335999 10.552796
0.862640 -14.813141 15.438962
-1.785919 -17.461700 17.601500
-4.406525 -20.082306 24.352692
0.299805 -15.375946 28.195396
-0.278046 -15.953827 17.950567
2.370514 -13.305267 20.113102
7.877472 -7.798309 19.957394
1.892731 -13.783020 18.102114
1.892731 -13.783020 13.777040
5.438080 -10.237701 12.885445
9.204956 -8.934814 23.489174
1.293335 -13.063843 24.452196
3.420776 -12.254974 16.883457
0.772217 -14.903534 19.045994
6.003479 -9.672302 9.855718
1.874969 -13.800812 16.257843
1.297119 -14.378632 6.013011
-0.773590 -16.449341 14.095305
-0.442719 -17.092102 7.181556
-3.770599 -22.856171 11.024264
0.869843 -14.818665 15.438962
-1.002960 -18.062469 17.601501
-4.055542 -23.349731 14.446050
-4.055542 -23.349731 22.131464
0.176300 -16.019958 16.301331
0.176300 -16.019958 20.626404
-2.856018 -21.272064 24.352692
0.471863 -15.507996 28.195396
0.063263 -16.215729 17.950567
1.936066 -12.971893 20.113102
5.830078 -6.227295 19.957394
1.598236 -13.557068 18.102114
5.830078 -6.227295 12.271979
1.598236 -13.557068 13.777040
8.168518 -8.285889 22.348831
4.840637 -14.049927 26.191540
2.678741 -11.685577 16.883457
0.805939 -14.929382 19.045994
4.504974 -8.522461 9.855718
1.585693 -13.578796 16.257843
1.177094 -14.286530 6.013011
-0.287140 -16.822601 14.095305
0.198822 -17.357819 7.181556
-1.523834 -23.786804 11.024264
0.878235 -14.822144 15.438962
-0.091187 -18.440155 17.601501
-1.671326 -24.337311 14.446051
0.519226 -16.162018 16.301331
0.519226 -16.162018 20.626404
-1.671326 -24.337311 22.131464
-1.050415 -22.019958 24.352692
0.460724 -16.380341 17.950567
0.672241 -15.591003 28.195396
1.430176 -12.762360 20.113102
3.445862 -5.239716 19.957394
3.445862 -5.239716 12.271978
1.255280 -13.415009 18.102114
1.255280 -13.415009 13.777040
1.524597 -12.409973 27.303398
0.845154 -14.945648 19.045994
3.247223 -5.980988 23.460690
1.814606 -11.327667 16.883457
2.759918 -7.799652 9.855718
1.248779 -13.439270 16.257843
0.279358 -17.057251 14.095305
1.037292 -14.228607 6.013011
0.198822 -12.219177 7.181555
0.878235 -14.754852 15.438962
-0.091187 -11.136871 17.601500
-1.523834 -5.790222 11.024262
-1.671326 -5.239716 14.446049
0.519226 -13.415009 16.301331
0.519226 -13.415009 20.626404
-1.671326 -5.239716 22.131462
-1.050415 -7.557037 24.352692
0.672241 -13.986023 28.195396
0.460724 -13.196655 17.950567
1.430176 -16.814667 20.113102
3.445862 -24.337280 19.957394
3.445862 -24.337311 12.271981
1.255280 -16.162018 18.102114
1.255280 -16.162018 13.777041
1.524597 -17.167023 27.303398
0.845154 -14.631378 19.045994
3.247223 -23.596008 23.460691
1.814606 -18.249359 16.883459
2.759918 -21.777374 9.855719
1.248779 -16.137726 16.257843
1.037292 -15.348419 6.013011
0.279358 -12.519745 14.095305
-0.442719 -12.484924 7.181556
0.869843 -14.758331 15.438962
-1.002960 -11.514557 17.601500
-3.770599 -6.720856 11.024262
-5.710846 -6.227295 14.446049
0.176300 -13.557068 16.301331
-5.710846 -6.227295 22.131462
0.176300 -13.557068 20.626404
-2.856018 -8.304962 24.352692
0.063263 -13.361298 17.950567
1.936066 -16.605103 20.113102
0.471863 -14.069000 28.195396
2.118469 -16.921051 27.303398
0.805908 -14.647614 19.045994
2.678741 -17.891418 16.883459
5.446381 -22.685089 23.460691
4.504974 -21.054565 9.855719
1.585693 -15.998199 16.257843
-0.287140 -12.754395 14.095305
1.177094 -15.290497 6.013011
-0.993622 -12.907623 7.181556
0.862640 -14.763885 15.438962
-5.699951 -8.201294 11.024262
-1.785919 -12.115326 17.601500
-6.102936 -7.798309 14.446049
-0.118195 -13.783051 16.301331
-0.118195 -13.783051 20.626404
-6.102936 -7.798309 22.131462
7.877472 -21.778717 19.957394
7.877472 -21.778717 12.271980
1.892731 -15.793976 18.102114
1.892731 -15.793976 13.777041
2.628479 -16.529724 27.303398
0.772217 -14.673462 19.045994
3.420776 -17.322021 16.883457
7.334808 -21.236053 23.460691
6.003479 -19.904724 9.855719
1.874969 -15.776215 16.257843
-0.773560 -13.127655 14.095305
1.297119 -15.198364 6.013011
-1.416321 -13.458527 7.181556
0.857086 -14.771088 15.438962
-2.386719 -12.898285 17.601500
-7.180389 -10.130646 11.024263
-5.596283 -11.045227 24.352692
-0.539948 -13.964508 17.950567
0.167786 -14.373108 28.195396
2.703857 -15.837311 20.113102
9.448486 -19.731323 19.957394
2.118713 -15.499481 18.102114
9.448486 -18.866882 12.271980
2.118713 -15.499481 13.777041
3.019806 -16.019714 27.303398
0.746368 -14.707184 19.045994
3.990173 -16.579987 16.883457
8.783875 -19.347595 21.347601
1.389252 -17.795929 6.013011
7.153320 -18.406219 9.855718
2.096954 -15.486908 16.257843
-1.146851 -13.614105 14.095305
-1.682068 -14.100067 7.181556
-8.111023 -12.377411 11.024262
0.853607 -14.779480 15.438962
-2.764374 -13.810059 17.601500
-6.344208 -12.850830 24.352692
0.084778 -14.573486 28.195396
-0.704590 -14.361969 17.950567
2.913422 -15.331421 20.113102
10.436066 -17.347107 19.957394
2.260773 -15.156525 18.102114
2.260773 -15.156525 13.777040
10.436066 -17.347107 12.271979
3.265808 -15.425842 27.303398
0.730133 -14.746399 19.045994
4.348114 -15.715851 16.883457
8.111755 -16.724304 21.513342
7.876129 -16.661163 9.855718
2.236511 -15.150055 16.257843
1.447144 -14.938538 6.013011
-1.381470 -14.180573 14.095305
-1.772675 -24.695831 17.201723
0.852417 -16.438446 17.201723
-2.893188 -14.275909 17.201721
-8.428467 -20.853149 17.201723
-8.998383 -9.745941 17.201721
-8.998383 -15.533997 17.201723
-0.534698 -15.576050 17.201723
-0.534698 -11.251007 17.201721
-6.599304 -7.524719 17.201721
-0.760742 -13.926819 17.201721
2.984894 -11.764282 17.201721
0.056458 -3.682007 17.201721
10.772888 -11.920013 17.201721
10.772888 -19.605438 17.201723
2.309204 -13.775299 17.201721
2.309204 -18.100372 17.201723
3.349701 -4.574005 17.201721
0.724579 -12.831421 17.201721
10.005463 -8.416718 17.201721
4.470215 -14.993927 17.201723
8.122681 -22.021698 17.201721
2.284119 -15.619568 17.201723
1.466919 -25.864380 17.201723
-1.461517 -17.782104 17.201723
-1.416321 -24.695831 18.531700
0.857086 -16.438446 17.219141
-2.386719 -14.275909 19.091951
-7.180389 -20.853149 21.859583
-5.596283 -7.524719 20.945004
0.167755 -3.682007 17.617123
-0.539948 -13.926819 18.025724
2.703857 -11.764282 16.152912
9.448486 -11.920013 12.258904
2.118713 -13.775299 16.490747
2.118713 -18.100372 16.490749
9.448486 -19.605438 12.258905
3.019806 -4.574005 15.970502
8.783844 -8.416718 12.642620
0.746368 -12.831421 17.283064
3.990173 -14.993927 15.410251
7.153320 -22.021698 13.584022
2.096954 -15.619568 16.503304
-1.146851 -17.782104 18.376114
1.389252 -25.864380 16.911905
-0.442719 -24.695831 19.505312
0.869843 -16.438446 17.231892
-3.770599 -20.853149 25.269371
-1.002960 -14.275909 20.475693
-4.055542 -9.745941 25.762930
-4.055542 -15.533997 25.762932
0.176300 -11.251007 18.433167
0.176300 -15.576050 18.433167
-2.856018 -7.524719 23.685276
0.063263 -13.926819 18.628933
1.936066 -11.764282 15.385127
0.471863 -3.682007 17.921215
5.830078 -11.920013 8.640510
1.598236 -13.775299 15.970277
5.830078 -19.605438 8.640511
1.598236 -18.100372 15.970278
2.118500 -4.574005 15.069185
5.446381 -8.416718 9.305124
0.805939 -12.831421 17.342607
2.678741 -14.993927 14.098804
4.504974 -22.021698 10.935677
1.585693 -15.619568 15.992023
1.177094 -25.864380 16.699739
-0.287140 -17.782104 19.235826
2.217255 -24.695831 19.505312
5.545135 -20.853149 25.269371
0.904694 -16.438446 17.231892
2.777496 -14.275909 20.475693
5.830078 -9.745941 25.762930
1.598236 -11.251007 18.433167
5.830078 -15.533997 25.762932
1.598236 -15.576050 18.433167
4.630554 -7.524719 23.685276
1.711273 -13.926819 18.628933
-0.161560 -11.764282 15.385127
1.302673 -3.682007 17.921215
-4.055542 -11.920013 8.640510
0.176300 -13.775299 15.970277
0.176300 -18.100372 15.970278
-4.055542 -19.605438 8.640511
-0.343964 -4.574005 15.069185
0.968597 -12.831421 17.342607
-3.671844 -8.416718 9.305124
-0.904205 -14.993927 14.098804
-2.730438 -22.021698 10.935677
0.188843 -15.619568 15.992023
0.597443 -25.864380 16.699739
2.061646 -17.782104 19.235826
3.190857 -24.695831 18.531700
0.917419 -16.438446 17.219141
4.161224 -14.275909 19.091951
8.954926 -20.853149 21.859583
9.448486 -9.745941 22.144539
9.448486 -15.533997 22.144539
2.118713 -11.251007 17.912697
2.118713 -15.576050 17.912697
7.370819 -7.524719 20.945004
2.314484 -13.926819 18.025724
-0.929321 -11.764282 16.152912
1.606750 -3.682007 17.617123
-1.245270 -4.574005 15.970502
1.028137 -12.831421 17.283064
-7.009338 -8.416718 12.642620
-2.215637 -14.993927 15.410253
-5.378784 -22.021698 13.584022
-0.322449 -15.619568 16.503304
2.921356 -17.782104 18.376114
0.385284 -25.864380 16.911905
-8.998383 -12.324310 22.131464
-8.998383 -14.788483 14.446049
-0.534698 -14.788483 20.626404
-0.534698 -14.788483 16.301331
-7.673950 -19.731323 22.131466
-7.673950 -19.731323 16.343412
-0.344177 -15.499481 16.301331
-0.344177 -15.499481 20.626404
-6.822296 -22.902527 19.377394
-4.606262 -20.282043 14.910021
-0.118195 -15.793976 16.301331
-0.118195 -15.793976 20.626404
-7.673950 -9.845703 14.446049
-0.344177 -14.077545 16.301331
-0.344177 -14.077545 20.626404
-7.673950 -9.845703 22.131462
-8.661530 -12.229919 14.446048
-0.486237 -14.420471 16.301331
-8.661530 -12.229919 22.131464
-0.486237 -14.420471 20.626404
-7.673950 -9.745941 22.144539
-7.673950 -15.533997 22.144539
-0.344177 -11.251007 17.912697
-0.344177 -15.576050 17.912697
-7.673950 -11.920013 12.258904
-7.673950 -19.605438 12.258905
-0.344177 -13.775299 16.490747
-0.344177 -18.100372 16.490749
-8.865814 -4.787506 5.140145
-8.865814 -1.341003 15.523325
-8.865814 4.090088 14.952621
-8.865814 4.863220 4.126037
-8.865814 7.984802 7.198459
-8.865814 0.715942 15.374815
-8.865814 3.925720 19.792904
-8.865814 13.688385 15.049156
-8.865814 12.886169 19.098581
-8.865814 2.170807 16.891762
-8.865814 -0.050476 21.880550
-8.865814 8.939056 27.963390
-8.865814 -8.121552 27.501232
-8.865814 -0.852692 19.324875
-8.865814 -4.062469 14.906788
-8.865814 -13.825134 19.650536
-8.865814 4.912994 29.496223
-8.865814 1.466492 19.113049
-8.865814 -3.964569 19.683754
-8.865814 -4.737701 30.510334
-8.865814 -12.911102 15.215487
-8.865814 -2.195740 17.422310
-8.865814 -8.963989 6.350678
-8.865814 0.025543 12.433517
-12.224365 -7.504669 7.114182
-8.909821 -1.376587 15.549175
-13.639130 0.228302 17.758221
-20.628143 -4.652863 11.039533
-18.318604 5.238586 24.654602
-10.946625 0.487366 18.114796
-6.217316 2.092255 20.323837
-9.914825 8.090393 28.579952
-5.756683 7.428406 27.668770
2.647095 4.576599 23.743420
-9.071228 1.300323 19.233780
-4.341888 -0.304565 17.024734
0.269806 -5.520081 9.845856
-7.102112 -0.768860 16.385666
-11.831451 -2.373749 14.176622
-8.133942 -8.371887 5.920506
-12.109924 -8.207916 7.625102
-8.908325 -1.385773 15.555868
-20.227356 -7.115814 12.828879
-13.476501 -0.771179 18.484365
-20.922424 -3.764771 11.189500
-10.600037 -1.112549 16.703217
-20.922424 -1.283173 21.380993
-10.600037 2.097229 21.121304
-17.996490 3.259247 26.092609
-10.875732 0.051666 18.431339
-9.879089 7.870758 28.739532
-6.307556 2.646851 19.920931
3.190765 -2.751648 8.160113
3.190765 2.951935 16.010813
-7.131592 0.975769 17.996477
-7.131592 -2.233978 13.578388
-5.862610 8.079437 27.195793
2.254791 6.987335 21.992014
-9.064240 1.257294 19.265030
-4.496033 0.642700 16.336533
-0.041473 -3.607147 8.456095
-7.162231 -0.399567 16.117367
-11.730408 -2.994720 14.627773
-8.158905 -8.218628 5.809171
-11.774414 -8.863251 8.101204
-8.903931 -1.394348 15.562103
-19.052277 -9.410889 14.496284
-12.999634 -1.702576 19.161022
-17.052155 1.414825 27.432617
-9.774292 7.666046 28.888233
-10.667877 -0.354370 18.726315
-6.572144 3.163605 19.545483
1.943817 7.025818 16.496557
-7.310974 1.326080 17.741964
-7.310974 -1.883698 13.323877
1.943817 1.322235 8.645859
-6.173218 8.686096 26.755043
1.104645 9.233765 20.359962
-9.043701 1.217224 19.294147
-4.947998 1.525421 15.695227
-0.954132 -1.824585 7.161043
-7.338409 -0.055420 15.867350
-11.434143 -3.573395 15.048177
-8.231995 -8.075836 5.705423
-17.183044 -11.381744 15.928115
-12.241089 -2.502380 19.742081
-12.872406 -4.540527 10.222117
-8.896912 -1.401733 15.567457
-15.549927 -0.169067 28.583305
-10.337189 -0.703003 18.979610
-9.607574 7.490295 29.015926
-6.993042 3.607391 19.223076
-0.039795 9.117218 14.977127
-7.596283 1.626923 17.523409
-7.596283 -1.582855 13.105320
-3.119812 1.377045 9.563432
1.636322 10.577332 19.428303
-5.666931 2.283417 15.144526
-8.353119 7.074158 23.476330
-9.011078 1.182831 19.319149
-2.405945 -0.293854 6.048956
-7.618713 0.240112 15.652652
-10.962860 -4.070313 15.409185
-8.348328 -7.953186 5.616330
-10.545105 -9.857788 8.823752
-8.887817 -1.407379 15.571566
-11.252472 -3.116058 20.187943
-14.746979 -12.894012 17.026802
-15.106781 -10.858765 20.888464
-9.763519 -1.994507 17.343987
-9.763519 1.215271 21.762074
-15.106781 -5.155182 28.739162
-13.592194 -1.384399 29.466263
-9.906219 -0.970551 19.173973
-7.541565 3.947937 18.975685
-9.390320 7.355408 29.113911
-2.624878 10.722015 13.811228
-2.624878 5.018433 5.960530
-7.968140 1.857758 17.355705
-7.968140 -1.352020 12.937617
0.327698 10.393921 17.781843
-6.603851 2.865082 14.721958
-3.874176 7.357697 25.984890
-8.968536 1.156403 19.338337
-4.298004 0.880737 5.195621
-7.983978 0.466858 15.487910
-8.499878 -7.859100 5.547968
-10.348633 -4.451599 15.686197
-9.735077 -10.129242 9.020960
-11.910126 -13.844696 17.717461
-8.877197 -1.410950 15.574148
-10.101257 -3.501862 20.468222
-12.096375 -11.867584 21.621376
-12.096375 -6.164001 29.472073
-9.330505 -2.139618 17.449409
-9.330505 1.070160 21.867496
-11.312378 -2.148407 30.021309
-9.404388 -1.138733 19.296156
-9.137329 7.270630 29.175507
-8.180328 4.161987 18.820168
-5.635284 11.730835 13.078315
-8.401154 2.002869 17.250282
-5.635284 6.027252 5.227616
-8.401154 -1.206909 12.832196
-8.061127 9.858093 25.903584
-8.919006 1.139801 19.350397
-5.886078 13.573517 17.207081
-7.694946 3.230713 14.456322
-6.501343 1.619080 4.659192
-8.409363 0.609406 15.384350
-8.676392 -7.799957 5.504996
-9.633392 -4.691284 15.860335
-9.735077 -4.880096 5.207410
-8.877197 -1.342194 15.524206
-10.101257 3.958496 15.048220
-11.910126 4.538940 4.361606
-12.096375 7.640686 7.448442
-9.330505 0.666443 15.410772
-9.330505 3.876221 19.828861
-12.096375 13.344299 15.299138
-11.312378 12.625580 19.287899
-9.404388 2.113464 16.933435
-9.137329 8.910156 27.984398
-8.180328 0.022552 21.827511
-5.635284 -7.777466 27.251251
-8.401154 -0.803192 19.288921
-8.401154 -4.012970 14.870831
-5.635284 -13.481049 19.400551
-8.061127 4.998718 29.433956
-8.918976 1.460846 19.117165
-5.886047 -4.420319 30.279758
-7.694946 -3.839844 19.593151
-6.501343 -12.659271 15.032522
-8.409363 -2.147125 17.386988
-8.676392 -8.943817 6.336021
-9.633392 -0.056213 12.492910
-10.545105 -5.151550 5.404616
-8.887817 -1.345764 15.526789
-11.252472 3.572693 15.328501
-14.746979 3.588287 5.052269
-17.196808 6.631897 8.181355
-9.763519 0.521332 15.516195
-17.196808 12.335480 16.032053
-9.763519 3.731110 19.934284
-13.592224 11.861572 19.842947
-9.906250 1.945282 17.055616
-7.541565 0.236572 21.671993
-9.390320 8.825348 28.045994
-7.311249 5.250000 29.251396
-8.968536 1.444244 19.129225
-6.603851 -3.474213 19.327511
-3.109375 -3.489807 29.603741
-4.298004 -11.920898 14.496093
-7.983978 -2.004578 17.283426
-10.348633 -0.295898 12.667048
-8.499878 -8.884674 6.293047
-11.240662 -5.583344 5.718328
-17.183044 2.076019 6.150952
-8.896912 -1.351410 15.530895
-12.241058 2.958984 15.774363
-17.691864 5.027100 9.347256
-10.135376 0.290527 15.683898
-10.135376 3.500275 20.101986
-17.691864 10.730682 17.197950
-0.039795 -5.163849 25.352438
-0.039795 -10.867432 17.501740
-7.596283 -0.427246 19.015795
-7.596283 -3.637054 14.597706
-6.667328 5.649750 28.960976
-9.011078 1.417847 19.148411
-0.724945 -2.009583 28.528351
-5.666931 -2.892578 18.904945
-2.405945 -10.746307 13.642759
-7.618713 -1.777802 17.118683
-10.962860 -0.677185 12.944060
-8.348328 -8.790558 6.224685
-11.774414 -6.146088 6.127164
-8.903931 -1.358795 15.536251
-19.052277 0.105164 7.582785
-12.999634 2.159180 16.355423
-17.052155 9.062378 21.876593
-10.667877 1.329102 17.503279
-6.572144 1.020905 21.102198
-9.774292 8.514709 28.271671
1.943817 -3.072418 23.833008
-7.310974 -0.126434 18.797239
-7.310974 -3.336212 14.379150
1.943817 -7.892975 15.340774
-6.173218 6.170715 28.582497
-9.043701 1.383423 19.173416
-4.947998 -2.134552 18.354244
1.104645 -1.648743 24.968346
-8.231995 -11.443970 8.152412
-0.954132 -9.215576 12.530672
-7.338409 -1.482300 16.903990
-11.434143 -1.174103 13.305070
-12.109924 -6.801422 6.603265
-8.908325 -1.367371 15.542484
-13.476501 1.227814 17.032078
-20.227356 -2.189941 9.250188
-17.996490 7.217926 23.216600
-9.879089 8.310059 28.420372
-10.875732 0.923065 17.798252
-6.307556 1.537689 20.726746
3.190765 -0.636932 22.063595
-7.131592 0.223877 18.542727
-7.131592 -2.985901 14.124638
3.190765 -6.340515 14.212896
-5.862610 6.777374 28.141750
-9.064240 1.343323 19.202534
0.256042 1.153992 23.190811
-4.496033 -1.251831 17.712938
-0.041473 -7.433014 11.235620
-7.162231 -1.138153 16.653971
-8.158905 -8.525116 6.031843
-11.730408 -1.752747 13.725473
-12.224365 -10.188782 24.702408
-8.909821 -1.753784 18.574316
-20.628143 -6.263428 21.850607
-13.639130 0.455261 16.969425
-21.347717 5.082642 13.607592
-21.347717 -0.829895 17.903095
-10.661224 -0.872864 17.934324
-10.661224 3.545227 14.724546
-18.318604 7.351654 11.959146
-10.946625 0.811829 16.710373
-6.217316 3.020874 15.105483
-9.914825 11.276978 9.107350
3.616089 2.861816 15.221041
-7.070435 0.966644 16.597904
-7.070435 -3.451447 19.807682
3.616089 -4.988892 20.924637
-5.756683 10.365814 9.769330
2.647095 6.440460 12.621129
-9.071228 1.930817 15.897421
-4.341888 -0.278229 17.502312
0.269806 -7.457092 22.717823
-8.133942 -11.382477 25.569622
-7.102142 -0.917297 17.966599
-11.831482 -3.126343 19.571487
-11.774414 -9.201782 26.060986
-8.903931 -1.740875 18.592108
-12.999634 1.858063 18.900307
-19.052277 -2.806702 26.608637
-17.052155 10.129669 15.782933
-9.774292 11.585266 9.531684
-10.667877 1.423340 17.552094
-6.572144 2.242523 14.034117
1.943817 -0.806396 10.171922
-7.310974 0.438995 15.871639
1.943817 -8.657104 15.875519
-7.310974 -3.979095 19.081417
-6.173218 9.452087 8.511632
-9.043701 1.991180 15.980513
-4.947998 -1.607758 15.672311
1.104645 3.057007 7.963977
-0.954132 -10.141937 19.022318
-7.338409 -1.435608 17.253159
-8.231995 -11.597565 25.273569
-11.434143 -2.254791 20.771135
-10.545105 -8.479218 27.055538
-14.746979 -0.276184 30.091759
-8.887817 -1.731415 18.605131
-11.252472 2.884979 20.313807
-15.106781 11.436188 22.352924
-9.763519 4.459106 15.982475
-15.106781 5.523651 26.648426
-9.763519 0.041016 19.192253
-13.592194 12.163300 18.582138
-9.390320 11.810944 9.842316
-9.906219 1.871002 18.168276
-7.541565 1.672729 13.249821
-2.624878 -3.491730 6.475709
-2.624878 -11.342438 12.179305
-7.968140 0.052734 15.339976
-7.968140 -4.365356 18.549755
-7.311249 8.783203 7.590930
-8.968536 2.035370 16.041336
-6.603851 -2.580994 14.332658
-3.109375 0.580139 4.554706
-4.298004 -12.107361 16.317020
-7.983978 -1.815063 16.730881
-8.499878 -11.755005 25.056843
-10.348633 -1.616760 21.649334
-7.186554 -8.479218 27.055538
-8.843842 -1.731415 18.605131
-2.984680 -0.276184 30.091759
-6.479156 2.884979 20.313807
-2.624878 11.436188 22.352921
-7.968140 4.459106 15.982475
-2.624878 5.523651 26.648422
-7.968140 0.041016 19.192253
-4.139435 12.163300 18.582138
-7.825409 1.871002 18.168276
-10.190094 1.672729 13.249821
-8.341339 11.810944 9.842316
-15.106781 -3.491730 6.475709
-9.763519 0.052734 15.339976
-9.763519 -4.365356 18.549755
-15.106781 -11.342438 12.179305
-10.420410 8.783203 7.590930
-8.763123 2.035370 16.041336
-14.622284 0.580139 4.554706
-11.127808 -2.580994 14.332658
-13.433655 -12.107361 16.317020
-9.231750 -11.755005 25.056843
-9.747681 -1.815063 16.730881
-7.382996 -1.616760 21.649334
-5.957245 -9.201782 26.060986
-8.827728 -1.740875 18.592108
-4.731995 1.858063 18.900307
1.320648 -2.806702 26.608637
1.943817 8.750885 18.656712
1.943817 2.838348 22.952213
-7.310974 4.072845 15.450811
-7.310974 -0.345245 18.660587
-0.679504 10.129669 15.782933
-7.957367 11.585266 9.531684
-7.063782 1.423340 17.552094
-11.159515 2.242523 14.034117
-11.558441 9.452087 8.511632
-18.836304 3.057007 7.963978
-8.687927 1.991180 15.980513
-12.783661 -1.607758 15.672312
-16.777527 -10.141937 19.022320
-10.393219 -1.435608 17.253159
-6.297516 -2.254791 20.771135
-9.499634 -11.597565 25.273569
-21.347717 6.107361 20.556837
-21.347717 -2.113434 14.534908
-10.661224 -0.736572 16.430088
-10.661224 2.473175 20.848179
-19.675476 -1.458984 26.053833
-19.675476 -5.754486 20.141304
-10.420685 -1.462830 16.957729
-10.420685 1.746918 21.375816
-18.600159 -6.742279 25.593990
-15.802124 -7.380798 19.085789
-10.135376 1.446106 21.594372
-10.135376 -1.763672 17.176285
-19.675476 2.935669 10.866683
-10.420685 -0.010315 15.902453
-10.420685 3.199432 20.320541
-19.675476 8.639252 18.717381
-20.922424 0.500153 12.636095
-10.600037 -0.360626 16.156965
-10.600037 2.849152 20.575054
-20.922424 6.203766 20.486794
-19.675476 8.750885 18.656712
-19.675476 2.838348 22.952213
-10.420685 -0.345245 18.660587
-10.420685 4.072845 15.450811
-19.675476 -0.806396 10.171922
-10.420685 0.438995 15.871639
-19.675476 -8.657104 15.875519
-10.420685 -3.979095 19.081417
-30.241638 23.618408 10.938332
-30.241638 24.620361 22.329264
-30.241638 11.315826 14.791565
-30.241638 11.879700 21.201965
-30.241638 20.937958 25.945776
-30.241638 11.574127 32.508968
-30.241638 11.449707 17.218063
-30.241638 6.180054 20.911587
-30.241638 6.819031 31.482838
-30.241638 9.633331 18.901894
-30.241638 -3.546753 26.655102
-30.241638 3.799805 16.185017
-30.241638 -2.661285 6.563189
-30.241638 6.702576 0.000000
-30.241638 6.826996 15.290907
-30.241638 12.096649 11.597383
-30.241638 -5.272339 21.880896
-30.241638 7.030243 18.027664
-30.241638 6.466370 11.617263
-30.241638 -6.274292 10.489965
-30.241638 11.909790 1.165579
-30.241638 9.095490 13.746529
-30.241638 22.275604 5.993318
-30.241638 14.928986 16.463404
-34.199341 21.346863 7.697466
-44.102234 16.664948 10.979061
-30.293488 11.286072 14.749126
-35.866486 8.651276 16.595888
-41.380707 0.425659 22.361271
-31.477783 -4.256256 25.642864
-32.693665 8.225983 16.893986
-27.120667 5.591156 18.740747
-26.577850 -3.169434 24.881117
-30.483704 6.891327 17.829456
-24.910706 9.526123 15.982695
-16.674927 1.512482 21.599522
-19.476288 18.088684 9.981147
-28.163330 10.288361 15.448433
-29.379211 22.770599 6.699552
-33.736328 12.923187 13.601671
-34.064484 20.758942 6.858664
-30.291718 11.278381 14.738138
-35.674835 7.815704 15.403744
-43.629974 14.605896 8.041409
-44.449036 16.470459 12.022422
-32.285248 9.921112 15.037165
-32.285248 4.651459 18.730690
-44.449036 4.413055 14.742619
-41.001160 -1.229065 20.000429
-31.435669 -4.439880 25.380875
-32.610107 7.861725 16.374296
-27.227020 6.054779 19.402214
-16.034271 20.019531 13.276637
-16.034271 10.655670 19.839828
-28.198059 8.355621 17.471802
-28.198059 13.625244 13.778276
-26.702698 -2.625183 25.657627
-30.475464 6.855347 17.778154
-17.137207 3.527832 24.474880
-25.092346 10.318054 17.112549
-19.843109 19.687897 12.262779
-29.408600 22.898712 6.882334
-28.234161 10.597107 15.888914
-33.617249 12.404053 12.860996
-33.669098 20.211060 6.077026
-42.245300 12.687195 5.303955
-30.286530 11.271210 14.727901
-35.112915 7.037048 14.292844
-39.888367 -2.771027 17.800478
-32.365173 7.522278 15.890024
-27.538788 6.486816 20.018608
-31.312164 -4.610992 25.136742
-17.503662 10.001923 24.630062
-28.409424 8.648468 17.889645
-28.409424 13.918121 14.196122
-17.503662 19.365784 18.066872
-27.068726 -2.118011 26.381222
-30.451263 6.821838 17.730347
-18.492523 5.405853 27.154293
-25.624908 11.056000 18.165405
-20.918579 21.178101 14.388925
-29.494781 23.018097 7.052662
-28.441772 10.884796 16.299379
-33.268127 11.920258 12.170797
-40.042572 11.039581 2.953254
-34.962952 17.625763 11.127751
-34.219025 6.368439 13.338895
-30.278320 11.265045 14.719113
-38.118164 -4.095123 15.911341
-31.975494 7.230804 15.474174
-28.034790 6.857819 20.547916
-31.115723 -4.757935 24.927099
-19.841125 11.750366 27.124580
-28.745636 8.899994 18.248457
-23.470612 18.283600 18.113152
-28.745636 14.169617 14.554933
-17.865997 6.476685 28.755932
-29.637482 1.777252 24.547546
-30.412811 6.793060 17.689301
-26.472107 11.689697 19.069519
-22.629395 22.457825 16.214691
-28.772064 11.131866 16.651855
-32.712769 11.504852 11.578114
-29.631836 23.120636 7.198929
-32.220490 19.379639 4.890787
-37.171967 9.775330 1.149492
-30.267578 11.260315 14.712368
-33.054077 5.855347 12.606903
-37.595947 5.184753 3.470278
-37.595947 -4.179108 10.033467
-31.299500 9.183746 13.985186
-31.299500 3.914124 17.678709
-35.811188 -5.111145 14.461751
-30.859711 -4.870697 24.766235
-31.467651 7.007172 15.155080
-28.681152 7.142487 20.954069
-22.887390 13.091980 29.038689
-29.183807 9.092957 18.523783
-22.887390 22.455811 22.475502
-29.183807 14.362579 14.830257
-19.408081 8.420258 28.572762
-27.576172 12.175964 19.763264
-24.359558 -1.184052 24.831467
-30.362671 6.770996 17.657801
-24.858978 23.439758 17.615648
-29.202484 11.321411 16.922321
-31.988983 11.186096 11.123331
-29.810425 23.199280 7.311163
-31.265991 19.152679 4.567023
-30.255066 11.257355 14.708127
-31.697479 5.532837 12.146753
-33.829041 8.980560 0.015603
-34.048523 4.341370 2.267019
-34.048523 -5.022491 8.830210
-30.789246 9.062439 13.812109
-30.789246 3.792816 17.505632
-33.124664 -5.749847 13.550503
-30.876282 6.866577 14.954489
-29.433899 7.321442 21.209389
-30.561584 -4.941559 24.665112
-26.434814 13.935333 30.241951
-29.694092 9.214264 18.696859
-29.694092 14.483917 15.003335
-26.434814 23.299194 23.678762
-29.293396 -1.138214 27.779102
-30.304291 6.757111 17.638000
-26.730347 9.033905 32.330521
-28.861908 12.481628 20.199373
-27.455383 24.057037 18.496325
-30.018433 23.248718 7.381714
-29.703735 11.440582 17.092340
-31.146149 10.985718 10.837442
-31.265961 23.540985 10.827902
-30.255066 11.314819 14.790119
-31.697479 11.769684 21.045017
-33.829041 24.349304 21.942516
-34.048523 20.650330 25.535370
-30.789246 11.408325 17.159027
-34.048523 11.286469 32.098560
-30.789246 6.138672 20.852552
-33.124634 6.601196 31.172031
-30.876282 9.585388 18.833475
-29.433868 3.860870 16.272100
-30.561584 -3.570953 26.620609
-26.434784 -2.373596 6.973598
-29.694092 6.868378 15.349941
-26.434784 6.990234 0.410409
-29.694092 12.138000 11.656415
-29.293396 -5.200684 21.983128
-26.730316 -6.008972 10.868512
-30.304291 7.025482 18.020910
-28.861908 6.570618 11.766010
-27.455383 12.120331 1.465960
-29.703735 9.136139 13.804521
-31.146149 14.860657 16.365892
-30.018433 22.292480 6.017382
-32.220490 23.314056 10.504137
-30.267578 11.311859 14.785880
-33.054077 11.447174 20.584869
-37.171967 23.554535 20.808624
-40.058807 19.806946 24.332109
-31.299500 11.287018 16.985950
-31.299500 6.017365 20.679474
-40.058807 10.443085 30.895298
-35.811188 5.962494 30.260780
-31.467651 9.444763 18.632883
-28.681152 4.039795 16.527418
-30.859711 -3.641815 26.519489
-28.409760 -4.990601 22.282848
-30.362671 7.011627 18.001110
-23.458282 -5.231049 11.978364
-27.576172 6.876282 12.202119
-24.858978 12.737579 2.346639
-29.202484 9.255310 13.974541
-31.989014 14.660278 16.080004
-29.810455 22.341919 6.087935
-33.040161 22.953094 9.989103
-30.278320 11.307098 14.779134
-40.042572 22.290283 19.004864
-34.218994 10.934113 19.852875
-40.642181 18.465332 22.418001
-31.737671 11.094025 16.710625
-31.737671 5.824402 20.404148
-40.642181 9.101501 28.981194
-19.841125 -0.188629 10.090965
-28.745636 7.182678 15.798342
-28.745636 12.452301 12.104816
-19.841125 9.175232 3.527776
-27.650970 -4.656433 22.759640
-30.412811 6.989563 17.969610
-26.472107 7.362549 12.895867
-20.648529 -3.993591 13.743879
-22.629395 13.719543 3.747597
-28.772064 9.444885 14.245005
-29.631836 22.420563 6.200167
-32.712769 14.341522 15.625222
-33.669098 22.482635 9.317897
-42.245300 20.642639 16.654158
-30.286530 11.300964 14.770345
-35.112915 10.265472 18.898926
-39.888367 3.622345 26.922054
-32.365173 8.929657 17.897938
-27.538788 4.695496 17.462879
-31.312164 -3.901520 26.148983
-17.503662 1.559784 12.585482
-28.409424 7.434174 16.157154
-28.409424 12.703796 12.463628
-17.503662 11.661865 7.075532
-27.068726 -4.220886 23.381004
-30.451263 6.960754 17.928560
-25.624908 7.996246 13.799976
-18.492523 0.193665 14.240204
-29.494781 20.202332 3.035328
-33.268127 13.926086 15.032537
-20.918579 14.999237 5.573362
-28.441772 9.691956 14.597481
-34.064484 21.934753 8.536262
-30.291718 11.293793 14.760110
-43.629974 18.723938 13.916709
-35.674835 9.486847 17.788029
-41.001160 2.080414 24.722103
-32.610107 8.590210 17.413668
-27.227020 5.127533 18.079273
-31.435669 -4.072632 25.904850
-16.034271 3.595886 15.490405
-16.034271 12.959717 8.927217
-28.198059 7.727051 16.574999
-28.198059 12.996674 12.881474
-26.702698 -3.713715 24.104599
-30.475464 6.927277 17.880754
-25.092346 8.734192 14.852838
-19.492523 2.231964 17.577959
-19.843109 16.489441 7.699508
-29.408600 22.642487 6.516764
-28.234161 9.979614 15.007947
-33.617249 13.442322 14.342340
-34.199341 0.677673 4.183455
-44.102234 3.959290 8.865381
-30.293488 7.729340 14.244219
-35.866486 9.576111 16.879036
-44.950195 13.444611 22.398312
-44.950195 8.501740 15.346192
-32.357330 12.159332 20.564560
-32.357330 8.465790 15.294920
-41.380707 15.341492 25.104637
-32.693665 9.874207 17.304338
-27.120667 11.720978 19.939156
-31.477783 18.623077 29.786564
-15.533081 11.587982 19.749443
-28.125977 10.003632 17.488979
-15.533081 5.024811 10.385590
-28.125977 6.310089 12.219344
-26.577850 17.861328 28.699760
-30.483704 10.809662 18.638996
-24.910706 8.962921 16.004177
-16.674927 14.579742 24.017834
-19.476288 2.961365 7.441635
-28.163330 8.428650 15.241936
-33.736328 6.581879 12.607118
-29.379211 -0.320221 2.759708
-33.669098 -0.942749 5.319229
-30.286530 7.708130 14.259092
-42.245300 -1.715820 12.843101
-35.112915 7.273071 18.493252
-39.888367 10.780701 28.301327
-31.312164 18.116974 30.141308
-32.365173 8.870239 18.008018
-27.538788 12.998840 19.043493
-17.503662 17.610291 15.528377
-28.409424 10.869873 16.881821
-28.409424 7.176331 11.612185
-17.503662 11.047089 6.164524
-27.068726 19.361450 27.648323
-18.492523 20.134521 20.124451
-30.451263 10.710571 18.708462
-25.624908 11.145630 14.474299
-20.918579 7.369141 4.352190
-28.441772 9.279602 14.645499
-33.268127 5.151031 13.610024
-29.494781 0.032867 2.512209
-32.220490 -2.128998 6.150675
-30.267578 7.692596 14.269979
-33.054077 5.587128 19.674942
-37.171967 -5.870270 15.754993
-37.595947 3.013702 29.709415
-37.595947 -1.929199 22.657295
-31.299500 6.965424 16.346550
-31.299500 10.658936 21.616188
-35.811188 7.441986 30.641464
-31.467651 8.135284 18.523148
-28.681152 13.934296 18.387819
-30.859711 17.746460 30.400997
-22.887390 22.018921 12.438339
-22.887390 15.455719 3.074486
-29.183807 11.503998 16.437351
-29.183807 7.810486 11.167716
-28.409760 20.459595 26.878620
-30.362671 10.638031 18.759312
-23.458282 24.200897 17.274298
-27.576172 12.743500 13.354349
-24.858978 10.595886 2.090556
-29.202484 9.902557 14.208876
-31.988983 4.103546 14.344200
-29.810425 0.291382 2.331023
-28.262817 -2.128998 6.150675
-23.311371 -5.870270 15.754992
-30.215729 7.692596 14.269979
-27.429230 5.587128 19.674942
-22.887390 3.013702 29.709415
-22.887390 -1.929199 22.657293
-29.183807 10.658936 21.616188
-29.183807 6.965424 16.346550
-24.672119 7.441986 30.641464
-29.015656 8.135284 18.523148
-31.802155 13.934296 18.387819
-29.623596 17.746460 30.400997
-37.595947 22.018921 12.438339
-31.299500 11.503998 16.437351
-31.299500 7.810486 11.167716
-37.595947 15.455719 3.074486
-32.073547 20.459595 26.878620
-30.120636 10.638031 18.759312
-32.907135 12.743500 13.354349
-37.025024 24.200897 17.274298
-35.624329 10.595886 2.090556
-31.280823 9.902557 14.208876
-28.494324 4.103546 14.344200
-30.672882 0.291382 2.331023
-26.814209 -0.942749 5.319229
-30.196777 7.708130 14.259092
-18.238037 -1.715820 12.843101
-25.370392 7.273071 18.493252
-17.503662 7.422333 26.619381
-28.409424 11.293091 21.171717
-17.503662 2.479431 19.567259
-28.409424 7.599548 15.902081
-20.594940 10.780701 28.301327
-28.118164 8.870239 18.008018
-29.171143 18.116974 30.141308
-32.944519 12.998840 19.043493
-33.414581 19.361450 27.648323
-30.032043 10.710571 18.708462
-41.990784 20.134521 20.124451
-34.858398 11.145630 14.474301
-39.564728 7.369141 4.352190
-30.988525 0.032867 2.512209
-32.041534 9.279602 14.645499
-27.215179 5.151031 13.610024
-44.950195 5.236389 23.466759
-44.950195 12.495850 13.901198
-32.357330 10.235382 15.485571
-32.357330 4.965759 19.179096
-42.979645 -1.089081 14.442092
-32.073883 4.358582 18.312847
-42.979645 5.963043 9.499211
-32.073883 9.628204 14.619322
-41.712524 -0.441681 8.226394
-31.737671 4.107086 17.954035
-38.415344 7.239197 7.604140
-31.737671 9.376740 14.260511
-42.979645 16.716919 19.923485
-32.073883 10.842529 16.351814
-42.979645 7.353058 26.486675
-32.073883 5.572906 20.045338
-44.449036 14.680817 17.018562
-44.449036 5.316956 23.581753
-32.285248 10.549683 15.933971
-32.285248 5.280029 19.627495
-42.979645 7.422333 26.619381
-42.979645 2.479431 19.567259
-32.073883 11.293091 21.171717
-32.073883 7.599548 15.902081
-42.979645 17.610291 15.528377
-32.073883 10.869873 16.881821
-42.979645 11.047089 6.164525
-32.073883 7.176331 11.612185
-17.891296 -12.817200 7.923426
-15.959778 -6.929169 14.103880
-15.490814 -18.526764 15.604501
-14.403839 -15.213196 19.082636
-14.793671 -7.496918 17.835239
-15.068390 -17.320953 16.956253
-12.306885 -10.160614 25.792513
-13.668915 -18.820007 21.434315
-11.836212 -13.532867 27.298664
-14.511353 -17.647369 18.738607
-11.280914 -22.084595 29.075491
-14.198853 -22.459961 19.738535
-15.054413 -30.854095 17.000942
-14.779724 -21.030029 17.879936
-16.179199 -19.531006 13.401868
-17.541199 -28.190399 9.043671
-11.910004 -25.347809 27.062490
-14.310486 -19.638245 19.381418
-13.841492 -31.235840 20.882040
-15.397461 -22.951813 15.903283
-18.049042 -24.478088 7.418667
-18.604309 -15.926361 5.641845
-15.373871 -20.363586 15.978731
-15.686371 -15.550995 14.978799
-21.057495 -15.702606 7.947030
-15.532288 -18.564545 15.604812
-18.903809 -19.314056 19.116184
-27.048523 -17.034454 14.186541
-20.747620 -21.653961 27.365101
-12.269836 -22.985809 29.082861
-16.473022 -19.435059 18.753231
-11.702026 -20.184570 19.719921
-8.978912 -22.676666 27.040640
-14.504120 -19.814697 19.382862
-11.132599 -19.065186 15.871490
-2.987885 -21.344818 20.801128
-9.436554 -16.629456 7.354465
-13.711182 -18.848358 15.966336
-18.482178 -18.098846 14.999640
-17.914368 -15.297577 5.636703
-21.030151 -16.449402 7.688494
-15.531921 -18.574341 15.601425
-18.864960 -20.375458 18.748737
-26.952759 -19.649902 13.281096
-27.085358 -16.669495 14.958390
-16.746338 -19.262665 16.830662
-15.346863 -20.761688 21.308729
-24.924683 -22.754669 21.872227
-20.670685 -23.755859 26.637438
-12.261292 -23.219086 29.002111
-16.456085 -19.897736 18.593052
-11.723572 -19.595642 19.923803
-6.590057 -13.926300 7.631016
-4.103271 -16.589996 15.588289
-13.101746 -19.088348 18.005524
-14.501221 -17.589325 13.527457
-9.004211 -21.985321 27.279978
-14.502441 -19.860382 19.367050
-3.081604 -18.784821 21.687376
-11.169403 -18.059265 16.219736
-9.510925 -14.598053 8.057710
-13.725525 -18.456177 16.102104
-18.458038 -18.758270 14.771351
-17.920319 -15.134857 5.693040
-20.807648 -17.145294 7.386002
-15.529022 -18.583466 15.597464
-26.173492 -22.087097 12.221707
-18.548706 -21.364502 18.318823
-20.044434 -25.714508 25.786058
-16.318207 -20.328888 18.405642
-11.899048 -19.046844 20.162346
-12.191803 -23.436432 28.907633
-4.215881 -14.768829 18.998262
-6.702637 -12.105133 11.040987
-13.220703 -18.716339 18.167229
-14.620178 -17.217316 13.689162
-9.210205 -21.341095 27.560009
-3.844360 -16.399292 22.724304
-14.488831 -19.902954 19.348549
-11.469147 -17.121887 16.627190
-10.116180 -12.705109 8.880527
-13.842377 -18.090729 16.260952
-18.261566 -19.372772 14.504245
-17.968811 -14.983215 5.758956
-24.763794 -24.179962 11.080568
-20.477722 -16.380188 11.761554
-17.976654 -22.213837 17.855732
-15.523743 -18.591278 15.593196
-18.911530 -27.396454 24.868986
-16.068848 -20.699127 18.203770
-12.216461 -18.575623 20.419296
-12.066071 -23.623077 28.805864
-5.711792 -12.547943 20.209215
-10.903717 -12.742981 12.908751
-13.435883 -18.396881 18.341412
-14.835327 -16.897858 13.863345
-3.243622 -15.004852 23.039022
-11.958313 -19.817627 25.357639
-14.464233 -19.939514 19.328623
-12.011322 -16.316925 17.066088
-11.211060 -11.079620 9.766835
-14.053772 -17.776917 16.432060
-18.056519 -14.852997 5.829960
-17.906128 -19.900452 14.216529
-19.850037 -18.201416 6.733196
-22.819763 -25.785889 9.935444
-15.516479 -18.597260 15.588914
-17.187744 -22.865540 17.391022
-22.073334 -27.507233 13.411788
-19.586548 -30.170959 21.369062
-16.115479 -20.199249 16.319981
-14.716003 -21.698303 20.798046
-17.349213 -28.687042 23.948709
-15.724915 -20.983215 18.001188
-11.892700 -23.766296 28.703737
-12.654205 -18.213989 20.677143
-7.774750 -10.843781 21.424393
-13.732605 -18.151764 18.516205
-15.132080 -16.652710 14.038136
-10.261536 -8.180084 13.467121
-4.672028 -13.905701 22.425083
-7.641754 -21.490143 25.627327
-14.430267 -19.967529 19.308624
-12.759003 -15.699280 17.506516
-12.720978 -9.832306 10.656240
-14.345245 -17.536133 16.603767
-17.415985 -20.305359 13.927808
-18.177490 -14.753082 5.901213
-19.180206 -18.489685 6.427369
-15.507690 -18.601044 15.584910
-20.473877 -26.795410 8.864375
-16.235748 -23.275208 16.956366
-19.583923 -28.578522 12.275196
-15.757416 -20.353363 16.156494
-17.097168 -31.242218 20.232468
-14.357941 -21.852386 20.634558
-15.463928 -29.498352 23.087950
-11.683502 -23.856323 28.608217
-15.309937 -21.161804 17.811710
-13.182434 -17.986694 20.918316
-10.264160 -9.772491 22.560989
-14.090698 -17.997650 18.679691
-12.750946 -7.108795 14.603715
-15.490143 -16.498627 14.201625
-10.716797 -20.096527 28.447460
-14.389313 -19.985168 19.289921
-9.423126 -11.790802 26.010452
-13.661285 -15.311005 17.918463
-14.542999 -9.048218 11.488127
-18.323456 -14.690247 5.967856
-14.697021 -17.384766 16.764368
-16.824493 -20.559906 13.657759
-18.648956 -12.915497 8.127297
-15.500732 -18.528046 15.607171
-15.480682 -15.352936 19.372391
-18.613312 -7.273499 14.817883
-17.609528 -7.862305 18.592926
-15.473419 -17.373535 17.065237
-14.073944 -18.872559 21.543303
-15.122742 -10.526001 26.550198
-13.968689 -13.809601 27.872475
-14.980774 -17.708282 18.864918
-13.601379 -22.382446 19.577763
-11.517548 -22.115326 29.139166
-12.238556 -30.488708 16.243254
-14.374695 -20.977478 17.770950
-15.774139 -19.478455 13.292882
-14.725342 -27.825012 8.285983
-11.208588 -25.256805 26.873755
-11.244232 -30.898804 20.183172
-14.356812 -19.644257 19.393887
-14.376862 -22.819397 15.628668
-15.988068 -24.210663 6.864107
-14.975983 -20.311981 15.871669
-16.355408 -15.637817 15.158822
-18.439209 -15.904938 5.597418
-19.373749 -13.203766 8.257311
-21.151642 -8.283020 15.273213
-15.510223 -18.531830 15.608874
-16.510773 -15.762604 19.557169
-22.102356 -8.933563 19.638391
-15.860870 -17.527618 17.134739
-19.615570 -11.597290 27.595665
-14.461395 -19.026642 21.612804
-16.008606 -14.620911 28.238400
-11.743927 -22.205353 29.179773
-15.429840 -17.886871 18.945469
-13.029816 -22.155121 19.475233
-10.537628 -24.989960 26.753399
-8.759735 -29.910706 19.737497
-14.401154 -19.661896 19.401840
-13.400604 -22.431122 15.453543
-14.016602 -23.426575 6.510459
-18.281281 -15.842102 5.569088
-14.595398 -20.160583 15.803396
-16.995392 -15.892334 15.273625
-20.016235 -13.662323 8.304603
-15.518646 -18.537811 15.609493
-23.401764 -9.888947 15.438837
-17.423920 -16.414307 19.624382
-22.690948 -10.637756 19.251869
-16.204315 -17.772736 17.160019
-14.804840 -19.271790 21.638084
-20.204163 -13.301453 27.209141
-7.157166 -27.713257 15.584313
-9.643921 -25.049561 7.627041
-13.643768 -20.578278 17.676167
-15.043243 -19.079224 13.198100
-9.942871 -24.565460 26.709616
-14.440430 -19.689941 19.404732
-12.535187 -21.813446 15.389842
-6.557312 -28.338837 19.575382
-12.268951 -22.179260 6.381819
-14.257996 -19.919800 15.778563
-17.562714 -16.297241 15.315383
-18.141266 -15.742188 5.558781
-20.532654 -14.259888 8.265950
-15.525421 -18.545654 15.608987
-18.157867 -17.263641 19.569447
-25.210388 -11.981812 15.303470
-19.270416 -17.593414 28.262714
-12.105896 -22.535217 29.182470
-16.147827 -18.541199 18.950821
-12.115906 -21.322266 19.468424
-5.237885 -25.492340 15.727963
-13.367706 -20.258820 17.696829
-7.635315 -21.890930 8.056662
-14.767181 -18.759766 13.218763
-9.464783 -24.012238 26.745401
-14.472015 -19.726471 19.402369
-11.839569 -21.008514 15.441907
-5.470795 -25.557953 17.520044
-18.309692 -18.559906 4.668186
-10.864227 -20.553772 6.486959
-13.986786 -19.605988 15.798861
-18.018738 -16.824921 15.281253
-20.887817 -14.955811 8.143989
-15.530060 -18.554779 15.607390
-18.662628 -18.252686 19.396111
-26.454224 -14.419006 14.876333
-20.270020 -19.552094 27.919453
-16.367889 -18.972351 18.875259
-11.835846 -20.773468 19.564602
-12.216827 -22.752563 29.144381
-3.917969 -22.906036 16.181229
-13.177856 -19.886810 17.762026
-14.577301 -18.387756 13.283961
-6.404755 -20.242340 8.223956
-9.135986 -23.368011 26.858309
-5.876465 -22.769745 18.787771
-14.493744 -19.769043 19.394909
-11.361176 -20.071136 15.606189
-9.898132 -18.660828 6.818709
-13.800293 -19.240540 15.862906
-17.951355 -15.460327 5.593781
-18.332336 -17.439423 15.173558
-18.839508 -29.922546 15.044165
-15.132477 -20.965302 16.884106
-25.676636 -25.754150 18.576258
-18.980164 -18.619446 18.871840
-25.147797 -13.705536 22.444260
-16.103882 -15.338165 19.071365
-25.746185 -19.984161 20.529495
-16.551025 -20.029816 17.640575
-22.310516 -11.296051 22.364140
-16.626221 -18.240814 18.262949
-14.678833 -7.127655 21.374481
-12.331390 -15.894989 17.706007
-3.882416 -16.063873 15.009011
-4.676971 -24.400696 12.466576
-13.273712 -18.076416 17.270262
-13.720856 -22.768066 15.839470
-11.191498 -8.095276 19.960730
-14.898529 -17.052521 18.120789
-11.050842 -19.398346 16.133053
-4.354370 -12.263641 16.428635
-7.807404 -27.021759 12.567492
-13.491669 -20.076996 16.668680
-17.786530 -22.422821 17.225622
-15.439087 -31.190155 13.557147
-18.021820 -30.383514 16.300137
-15.121765 -20.971313 16.900555
-17.818024 -19.274597 20.656885
-22.812927 -27.368530 22.974928
-20.009094 -12.593445 25.899124
-16.119629 -18.526398 19.041100
-14.423431 -7.271637 21.766769
-12.976227 -15.531464 16.715557
-6.921326 -14.350739 10.341239
-13.710846 -17.829987 16.598850
-7.715881 -22.687561 7.798803
-14.157990 -22.521637 15.168058
-11.948486 -7.668518 18.798019
-14.848541 -17.080719 18.197601
-12.152283 -18.777466 14.441270
-7.157379 -10.683502 12.123226
-10.031616 -25.767883 9.151098
-13.921082 -19.834930 16.009125
-15.617279 -31.089691 13.283456
-17.064484 -22.829865 18.334663
-16.648529 -30.720947 16.977461
-15.103790 -20.975739 16.909424
-15.866241 -19.754181 21.619535
-18.003387 -28.550323 25.347075
-17.005096 -16.672791 29.629299
-17.603485 -22.951416 27.714533
-14.932648 -15.764984 20.104860
-15.379791 -20.456635 18.674070
-16.143890 -13.543182 27.805492
-15.268799 -18.735443 19.460743
-14.059204 -15.265350 16.181419
-13.994507 -7.377014 21.978317
-12.025116 -13.096649 7.823969
-14.444977 -17.649597 16.236763
-14.892120 -22.341248 14.805972
-12.819672 -21.433441 5.281533
-13.219788 -7.356140 18.170986
-14.764526 -17.101349 18.239025
-11.864960 -9.526764 9.801373
-14.002075 -18.322906 13.528913
-13.767151 -24.849976 7.308680
-14.642242 -19.657715 15.653433
-15.851837 -23.127838 18.932753
-15.916534 -31.016174 13.135854
-13.757324 -30.720947 16.073912
-15.065918 -20.975739 16.897591
-11.757111 -19.754181 20.335367
-7.877777 -28.550323 22.182648
-6.260010 -16.672791 26.271278
-6.858429 -22.951416 24.356516
-13.387085 -15.764984 19.621845
-13.834229 -20.456635 18.191051
-8.006470 -13.543182 25.262409
-13.091492 -7.377014 21.696108
-13.477509 -18.735443 18.900940
-16.339172 -15.265350 16.893953
-22.770203 -13.096649 11.181987
-15.990540 -17.649597 16.719782
-16.437683 -22.341248 15.288990
-23.564758 -21.433441 8.639552
-15.896301 -7.356140 19.007442
-14.587708 -17.101349 18.183765
-17.896515 -18.322906 14.745991
-21.775879 -9.526764 12.898706
-21.631592 -24.849976 9.766450
-16.160522 -19.657715 16.127922
-16.546570 -31.016174 13.332751
-13.298859 -23.127838 18.134905
-13.014099 -30.383514 14.735140
-5.274841 -27.368530 17.493980
-15.056183 -20.971313 16.880060
-10.700806 -19.274597 18.432636
-3.497864 -15.418701 21.295773
-4.096252 -21.697296 19.381008
-13.436920 -20.276245 17.475374
-12.989777 -15.584595 18.906166
-5.914642 -12.593445 21.494370
-12.859344 -7.271637 21.277962
-13.017059 -18.526398 18.071489
-16.925293 -15.531464 17.949703
-16.584351 -7.668518 20.246807
-14.542267 -17.080719 18.101887
-18.897644 -18.777466 16.549311
-24.323608 -10.683502 17.487961
-23.653229 -25.767883 13.408080
-16.550812 -19.834930 16.830963
-12.642578 -22.829865 16.952745
-16.708527 -31.089691 13.624490
-23.819244 -18.211060 26.695425
-26.560791 -18.220398 17.922960
-16.760956 -18.863434 16.968870
-15.361481 -20.362457 21.446938
-23.145447 -26.245850 23.795195
-25.018311 -24.239777 17.802401
-15.227936 -21.133698 21.147020
-16.627380 -19.634674 16.668959
-23.438751 -28.731323 19.605335
-22.204651 -24.340363 15.094072
-15.012756 -21.453156 20.972839
-16.412231 -19.954132 16.494774
-24.610199 -12.858673 19.108219
-16.480377 -18.092194 17.139359
-22.123413 -15.522369 27.065491
-15.080902 -19.591248 21.617422
-25.930115 -15.444946 18.654953
-16.670258 -18.464233 17.074160
-15.270782 -19.963257 21.552223
-23.443359 -18.108673 26.612225
-22.108887 -15.418701 27.112030
-22.707275 -21.697296 25.197268
-16.113922 -20.276245 18.311985
-15.666779 -15.584595 19.742775
-25.532349 -14.350739 16.157497
-16.387848 -17.829987 17.435459
-16.834991 -22.521637 16.004667
-26.326904 -22.687561 13.615062
25.902832 23.717010 7.111784
28.970764 16.419891 16.928593
28.371384 31.242218 15.010720
30.359970 20.654816 21.373829
29.861755 30.516632 19.779593
29.510666 17.960938 18.656197
33.039978 27.112244 29.949400
31.299255 16.045105 24.379395
33.641556 22.802338 31.874338
30.222565 17.543793 20.934141
30.621948 11.393036 22.212105
34.351242 11.872772 34.145210
29.528519 0.664917 18.713318
29.879593 13.220581 19.836712
28.091003 15.136414 14.113515
26.350281 4.069244 8.543513
33.547226 7.702240 31.572495
30.479309 14.999359 21.755686
29.090103 10.764435 17.310453
31.078674 0.177032 23.673559
25.701233 8.813782 6.466676
29.120239 14.072296 17.406879
28.720840 20.223083 16.128914
24.991547 19.743317 4.195806
21.856262 20.029327 7.141951
14.199448 18.327148 15.116368
28.917770 16.371613 16.928989
24.608780 15.413666 21.416702
22.252289 12.423157 31.959244
27.715469 15.259064 20.952835
33.813049 14.301147 22.188313
33.087341 10.720978 34.154633
37.293320 11.116119 31.544571
30.231827 14.773834 21.757532
44.950165 12.818298 23.570152
34.540802 15.731750 17.269821
36.708420 18.844757 6.384622
31.245239 16.008850 17.391037
25.873352 20.546936 4.189233
25.147659 16.966797 16.155552
21.891205 19.074860 6.811530
28.918213 16.359100 16.924660
14.321823 14.984467 13.959163
24.658447 14.057190 20.947090
14.152328 18.793579 16.102827
27.366135 15.479370 18.495687
29.154739 13.563538 24.218887
16.913803 11.016388 24.939072
22.350632 9.736816 31.029259
27.737122 14.667725 20.748114
33.098267 10.422882 34.051430
33.785492 15.053802 22.448883
40.346420 22.299530 6.738069
43.524658 18.895203 16.907873
32.024109 15.702148 19.997221
30.235535 17.617981 14.274025
37.260971 11.999695 31.850456
30.233963 14.715454 21.737324
34.493744 17.017365 17.714895
44.830368 16.090088 24.702820
36.613373 21.440948 7.283407
31.226898 16.510071 17.564552
25.178513 16.123993 15.863786
25.865738 20.754913 4.261236
22.175583 18.185486 6.424930
28.921936 16.347443 16.919600
25.062607 12.793091 20.397636
15.317764 11.869598 12.605208
23.151031 7.233551 29.941154
27.913300 14.116669 20.508595
33.561234 15.755188 22.753752
33.187073 10.145081 33.930679
43.380737 21.222687 21.265991
31.872101 16.177582 20.203888
40.202499 24.627045 11.096189
30.083496 18.093445 14.480692
36.997711 12.823029 32.208351
43.855530 19.138885 26.028065
30.251343 14.661041 21.713680
34.110687 18.215393 18.235643
35.839813 23.860260 8.335006
25.803772 20.948730 4.345481
31.077545 16.977112 17.767572
25.429626 15.338623 15.522410
17.119415 9.194794 11.146773
25.793747 11.707642 19.805782
22.597229 19.163300 12.017111
28.928680 16.337433 16.914146
24.598923 5.083954 28.769081
28.232025 13.643494 20.250587
33.347748 9.906525 33.800613
33.155548 16.357452 23.082150
41.468872 24.061127 22.813654
34.833313 23.811829 13.483287
31.597092 16.585876 20.426504
29.808502 18.501740 14.703309
44.623322 20.921051 26.430294
33.485474 14.770111 29.393608
33.417755 19.244141 18.796577
30.282806 14.614349 21.688210
34.440506 25.937744 9.467756
30.807404 17.378204 17.986256
25.883881 14.664246 15.154695
25.691666 21.115143 4.436228
23.399445 16.835693 5.590608
28.937973 16.329773 16.908672
26.802032 10.874725 19.211861
19.603989 7.142365 9.683245
20.557968 4.942383 14.126195
28.172409 14.282349 17.843012
23.736206 1.538025 24.295998
29.961014 12.366516 23.566212
26.595642 3.434509 27.592926
28.671555 13.280396 19.991682
32.596100 16.819611 23.411692
33.569336 9.723480 33.670094
38.832306 26.239166 24.366716
35.654053 29.643494 14.196910
31.217865 16.899170 20.649897
29.429260 18.815002 14.926700
42.797729 22.325836 25.645651
39.002258 12.632538 29.738285
30.326202 14.578491 21.662651
32.462158 20.033539 19.359465
32.510773 27.531860 10.604461
30.434860 17.685974 18.205704
25.537079 21.242889 4.527291
26.510315 14.146759 14.785693
24.255524 16.467255 5.199746
28.949188 16.324951 16.903557
22.602142 5.852142 8.314366
28.018723 10.351135 18.656349
23.739548 3.573212 12.673569
28.630051 14.085419 17.634069
30.418640 12.169586 23.357265
26.917786 0.168884 22.843374
29.005112 2.397614 26.492828
29.201950 13.052155 19.749521
31.921005 17.110138 23.719923
33.836731 9.608429 33.548012
35.650696 27.608307 25.819345
32.472473 31.012665 15.649537
30.760208 17.096100 20.858845
28.971619 19.011932 15.135646
35.072220 14.413635 33.342556
36.725586 25.028778 30.227938
30.378555 14.555969 21.638748
31.309021 20.529785 19.885956
30.182129 28.533966 11.667654
29.985291 17.879425 18.410961
27.266235 13.821442 14.440557
25.350525 21.323151 4.612465
24.934509 23.591339 7.372343
24.980057 30.802155 15.923254
28.958069 16.418243 16.932005
28.983719 20.476227 21.744148
26.262939 30.049622 20.747955
29.441162 26.645294 30.917761
28.993011 17.893768 18.795486
30.781601 15.977936 24.518684
30.916122 22.448669 32.607697
29.622620 17.465942 21.095573
34.048798 11.833527 34.226593
31.385574 11.492126 22.006626
33.127319 1.131897 17.744955
30.397247 13.287720 19.697422
28.608658 15.203583 13.974225
29.949097 4.536255 7.575151
34.443665 7.818573 31.331287
30.420090 14.991669 21.771624
30.394440 10.933685 16.959480
34.398102 0.607758 22.780373
28.335236 9.155579 5.757920
29.628738 14.138306 17.270050
27.865784 20.112122 16.358992
25.202560 19.770721 4.139026
24.008194 23.222931 7.538506
28.945953 16.413422 16.934181
21.735947 29.511902 16.505192
27.667206 19.952637 21.980305
20.520889 28.680481 22.084116
23.699127 25.276123 32.253918
28.497833 17.696838 18.884315
30.286423 15.781006 24.607513
28.308990 21.411804 33.075371
29.048721 17.237701 21.198521
32.116043 11.782654 21.875591
33.759476 11.718475 34.278492
35.301178 8.159607 31.177460
30.363434 14.969116 21.781784
37.573425 1.870636 22.210777
31.642166 11.429932 16.735662
30.854889 10.157684 5.305940
30.115173 14.331757 17.182791
27.047836 19.786804 16.505718
25.404419 19.850983 4.102818
23.187057 22.636902 7.598947
28.935196 16.405731 16.934975
26.500183 19.119720 22.066206
18.860168 27.459473 16.716867
19.768646 26.502472 21.590118
28.058868 17.383575 18.916624
29.847473 15.467712 24.639822
22.946869 23.098114 31.759924
39.621628 4.679077 16.902794
36.443390 8.083405 6.732989
31.331390 13.797974 19.576286
29.542801 15.713806 13.853089
36.061340 8.702148 31.121510
40.388245 3.879578 22.003586
30.313217 14.933289 21.785484
32.748230 12.219330 16.654247
33.088501 11.751770 5.141532
30.546387 14.639526 17.151051
25.583359 19.978699 4.089645
26.322769 19.269318 16.559086
22.527039 21.873169 7.549547
28.926544 16.395752 16.934326
25.562134 18.034241 21.995998
16.548660 24.784668 16.543861
24.140228 17.612732 33.106445
33.296860 11.296875 34.281940
28.131058 16.401428 21.205360
33.284073 12.847076 21.866886
42.074539 7.517517 17.086384
31.684219 14.206238 19.602694
29.895615 16.122101 13.879497
39.010529 12.120300 7.282067
36.672348 9.409149 31.167240
41.776886 7.433655 19.376755
30.272842 14.886597 21.782459
33.637268 13.248077 16.720789
25.368103 16.377533 2.951420
34.883804 13.829285 5.275905
30.892975 15.040588 17.176994
25.739960 18.594940 16.515467
22.073135 20.983765 7.393674
14.958969 21.669800 15.997960
28.920609 16.384094 16.932285
24.917007 16.770172 21.774464
22.862686 15.109467 32.667736
27.849838 15.850403 21.108788
33.642014 13.548462 21.989805
33.155090 11.019073 34.233253
43.761475 10.822937 17.665680
40.583237 14.227264 7.495878
31.926865 14.681702 19.686020
30.138275 16.597534 13.962823
37.092560 10.232513 31.311539
41.258392 10.997131 20.996979
30.245087 14.832184 21.772930
34.248688 14.446106 16.930750
36.118500 16.248566 5.699899
31.131348 15.507629 17.258848
25.826096 20.338959 4.134379
25.339157 17.809570 16.377827
24.690948 1.855469 16.212456
29.428741 13.303345 18.563992
15.952759 7.182922 20.726650
24.511185 16.301422 21.104420
16.628647 22.581665 25.670156
28.187225 20.495087 21.359423
15.863861 14.557251 23.222988
27.615753 14.498901 19.530798
20.254837 25.661102 25.567759
27.519638 16.785339 20.326225
33.008667 19.783447 19.614424
30.008530 30.988525 24.302925
43.806915 19.567566 16.167528
31.804321 16.995453 19.057522
31.232849 10.999268 17.228897
42.791428 8.912689 12.918163
34.465515 29.751892 22.496077
29.727737 18.304016 20.144535
43.203720 24.424438 17.981878
34.645279 15.305939 17.604109
38.790558 5.562866 13.047140
29.036880 0.235443 14.311970
31.525772 14.438629 18.288670
26.036743 11.440521 19.000471
25.735992 1.266327 17.817652
29.442413 13.295624 18.585016
25.996460 15.464111 23.385799
19.612732 5.119659 26.348379
23.196182 24.002960 30.085653
30.334930 30.804535 24.804289
28.167114 16.420380 21.320740
32.184540 20.248016 18.348579
39.923004 21.757050 10.201876
31.245667 17.310394 18.199421
38.907532 11.102173 6.952509
30.674194 11.314209 16.370796
33.498062 30.297272 21.010077
29.791656 18.268005 20.242710
33.237595 16.099487 15.441924
39.621338 26.443970 12.479344
35.947891 7.165375 8.680812
30.976959 14.747986 17.445724
28.809143 0.363800 13.962179
26.959534 10.920319 20.417881
27.491135 0.835083 18.683308
29.465408 13.289978 18.596350
28.490952 14.851196 24.616119
25.759583 3.609253 29.380104
27.035446 18.789368 34.853004
26.270660 10.764954 32.405842
29.112671 13.953400 20.851658
29.684143 19.949585 22.680283
28.136093 22.789124 32.522087
29.254517 16.153168 21.857067
30.883133 30.669830 25.074663
30.800461 20.588135 17.665920
33.400116 23.359863 6.984673
30.307419 17.540955 17.736656
32.384644 12.704987 3.735308
29.735947 11.544769 15.908034
31.873260 30.696533 20.208694
29.898987 18.241608 20.295650
30.873444 16.680420 14.275883
33.604813 27.922333 9.511896
31.173721 8.338470 6.326106
30.055283 14.974457 16.991129
28.509354 10.539490 21.182274
28.426682 0.457794 13.773536
31.186249 0.835083 17.528526
38.700638 3.609253 25.335804
29.513794 13.289978 18.581226
33.742615 14.851196 22.974882
40.768204 18.789368 30.561283
31.659454 19.949585 22.062963
40.003418 10.764954 28.114117
31.087982 13.953400 20.234337
38.536148 22.789124 29.271898
32.037247 30.669830 24.713982
31.543869 16.153168 21.141609
27.886520 20.588135 18.576578
19.667358 23.359863 11.276394
28.332092 17.540955 18.353979
27.760620 11.544769 16.525352
18.651871 12.704987 8.027029
28.452515 30.696533 21.277731
20.938141 27.922333 13.470448
30.124969 18.241608 20.225023
25.896149 16.680420 15.831373
21.122559 8.338501 9.467262
28.114838 14.974457 17.597551
31.772186 10.539490 20.162580
27.621460 0.457794 14.025179
32.136139 1.266327 15.817503
29.526230 13.295624 18.558821
35.092636 15.464111 20.543095
42.027313 5.119659 19.343449
44.298401 20.392181 24.202328
43.533615 12.367767 21.755163
32.167236 20.180145 21.148289
31.595764 14.183960 19.319666
41.209625 24.002960 24.456148
32.132370 16.420380 20.081532
32.333923 30.804535 24.179567
27.137451 20.248016 19.925880
27.573181 30.297272 22.861700
30.183075 18.268005 20.120382
24.616669 16.099518 18.136106
17.682007 26.443970 19.335752
18.538773 7.165375 14.121454
27.616028 14.747986 18.496073
27.414474 0.363800 14.398037
32.610947 10.920319 18.651722
18.326614 16.823395 31.103363
14.822784 16.811432 19.891703
27.347458 15.989594 18.672325
29.136063 14.073761 24.395527
19.187759 6.554474 27.396721
29.306763 13.088074 24.012222
16.794159 9.118378 19.737621
27.518158 15.003906 18.289021
18.812881 3.377930 22.041866
29.581757 12.679810 23.789604
20.390137 8.989807 16.276239
27.793167 14.595642 18.066406
17.315720 23.664001 21.406528
27.706039 16.975281 18.890217
29.494644 15.059418 24.613415
20.493958 20.259674 31.576332
15.628784 20.358612 20.827227
18.807022 16.954224 30.997032
27.463394 16.499817 18.806890
29.251999 14.583984 24.530087
20.512543 20.392181 31.635811
19.747757 12.367767 29.188644
28.174408 14.183960 20.388897
28.745880 20.180145 22.217522
16.137177 21.757050 17.635349
15.121689 11.102173 14.385986
27.824310 17.310394 19.268650
27.252838 11.314209 17.440027
15.870361 -1.861633 23.363930
11.558777 -0.357178 28.279274
13.867233 -1.162689 20.609627
7.771088 0.964478 24.763548
25.221680 -5.034576 30.491192
21.179535 -3.714203 23.142075
15.477600 -1.724609 22.898436
29.679230 -6.662262 29.168732
24.537903 -4.868256 29.942825
23.747849 -4.592590 21.158474
21.023911 -3.642120 23.303902
23.840820 -4.642853 18.531338
22.590240 -4.206451 21.382160
28.991089 -6.439972 25.519751
30.015762 -6.797516 19.727753
25.400894 -5.187225 12.404656
21.886887 -3.961029 16.181400
21.779663 -3.923645 10.018150
18.770645 -2.873657 15.346067
3.987793 2.284607 23.540178
4.587708 2.075287 18.539711
13.626602 -1.078705 21.753191
13.234314 -0.941833 18.539713
14.592773 -1.415863 12.003066
16.456131 -2.066040 15.759939
19.709808 -3.201385 15.490335
19.317535 -3.064484 11.044593
15.773697 -3.225494 23.363930
13.689468 -3.621735 20.609627
11.287506 -4.078369 28.279274
7.437622 -4.810303 24.763550
30.132858 -0.478516 29.168732
24.783325 -1.495514 29.811668
23.961288 -1.651794 21.158474
21.127045 -2.190643 23.303902
24.066925 -1.648834 18.531336
30.491928 -0.427368 19.765450
22.765717 -1.896210 21.382160
29.425751 -0.630066 25.519749
25.690186 -1.340240 12.404655
21.922318 -2.056549 10.018150
18.791443 -2.651764 15.346067
22.033875 -2.035339 16.181400
14.444382 -3.478210 12.003066
16.383209 -3.109619 15.759940
19.768631 -2.466003 15.490335
19.360474 -2.543610 11.044593
3.659210 -5.271240 23.540180
4.099731 -4.572357 18.539713
13.439102 -3.669312 21.753191
13.030930 -3.746918 18.539713
15.365051 -3.303192 22.898436
10.812958 -4.138885 28.243443
18.612732 -2.685760 32.540787
4.232788 -5.086334 13.854248
13.132965 -3.727509 18.554926
16.306671 -3.124146 15.562160
11.207794 -4.093536 12.003067
16.371918 -4.454926 23.363930
14.765045 -5.840179 20.609627
9.945068 -9.995422 24.763550
12.913208 -7.436615 28.279274
23.898468 1.987000 30.292858
20.630890 -0.783325 23.142075
18.560715 -2.567963 32.540787
27.433823 5.103607 28.546581
22.675735 1.001709 21.158474
23.297989 1.515076 31.324005
20.490616 -0.882050 23.303902
22.765747 1.057098 18.531336
21.762558 0.192261 21.382160
27.719223 5.327454 19.664747
26.897217 4.618805 25.164545
7.400116 -12.189392 23.540180
14.572006 -6.006592 21.753193
14.257324 -6.277893 18.539713
8.619537 -11.138153 18.539715
15.347061 -5.338440 12.003067
16.841827 -4.049805 15.759940
19.137207 -2.071014 11.044593
19.451904 -1.799713 15.490335
24.017212 2.135986 12.404655
21.112305 -0.368286 10.018150
18.698502 -2.449219 15.346067
21.198318 -0.294159 16.181400
15.537430 -4.698914 23.043262
12.617752 -7.075928 28.596577
18.715302 -6.051483 23.441792
17.073029 -9.496887 30.013367
19.246567 -11.183105 31.530621
23.538788 -10.523682 28.455574
17.735565 -5.840027 23.655045
21.086685 -6.254303 22.420273
25.687851 -11.514038 29.099476
30.609558 -11.610352 26.448528
20.611053 -6.379669 22.896671
24.144394 -4.778442 18.586502
3.813110 4.742249 16.261805
4.450562 1.682281 18.980467
14.077759 0.214203 17.168495
13.097183 -1.334839 18.980469
16.586838 0.191681 16.351234
14.130005 -0.409637 17.748720
7.187134 4.212799 15.641088
12.882538 4.087250 13.857268
31.225739 -2.230255 13.757893
24.090698 -3.610046 17.465319
21.720169 -1.646759 16.376766
26.296051 0.170288 13.106009
30.122894 -6.490509 18.228138
23.701324 -5.042572 18.987724
22.980286 -3.088715 17.356750
29.946838 -3.700928 15.614254
3.918182 -2.367065 25.860205
9.507141 -5.990509 28.596577
22.305344 8.588348 28.465424
20.235657 2.656952 21.158474
19.285172 -0.066986 23.303902
20.511337 3.447021 29.750225
20.285904 2.749939 18.531336
19.849533 1.499359 21.382160
22.440582 8.924896 19.664745
22.083023 7.900177 24.816441
20.830261 4.309998 12.404655
19.566696 0.688782 10.018150
19.604111 0.795990 16.181398
18.516739 -2.320251 15.346067
17.058914 -6.498108 12.003067
17.709106 -4.634766 15.759940
18.707565 -1.773376 11.044593
18.844452 -1.381073 15.490335
13.602142 -16.404694 23.540182
16.721786 -7.464264 21.753193
16.584900 -7.856567 18.539713
14.132568 -14.884583 18.539715
17.504715 -5.220551 23.363930
16.805756 -7.223633 20.609627
14.709137 -13.232208 24.763550
16.000229 -9.532135 28.279274
20.844055 4.072754 30.292858
18.456787 -2.492004 32.540787
19.357285 0.088654 23.142075
20.612366 -14.489807 28.465427
19.439072 -8.318237 21.158474
19.595352 -9.140289 29.750225
18.900253 -5.483978 23.303902
19.442047 -8.423859 18.531338
20.663513 -14.848877 19.664749
19.194672 -7.122650 21.382162
20.460815 -13.782684 24.892448
19.750641 -10.047119 12.404657
19.034332 -6.279266 10.018151
18.439102 -3.148376 15.346067
19.055527 -6.390808 16.181400
17.612671 1.198669 12.003065
17.981262 -0.740143 15.759939
18.624893 -4.125580 15.490335
18.547287 -3.717407 11.044593
17.865387 -0.130646 23.363930
17.012512 4.355560 28.279274
17.469147 1.953583 20.609627
16.280594 8.205444 24.763546
15.653046 11.506409 23.540176
17.421555 2.203979 21.753189
15.953735 9.924713 18.539711
17.343964 2.612122 18.539711
18.915604 -5.654816 23.142075
17.787704 0.278015 22.898436
17.010056 4.996490 28.243443
18.405121 -2.969666 32.540787
4.399536 5.161743 15.794721
13.575607 -0.279053 18.780888
6.286499 9.623657 18.585913
18.060486 2.531769 19.561739
18.026688 8.425262 22.767948
21.445465 1.772705 19.791828
23.218231 8.114288 23.585926
30.992645 3.688690 24.772743
34.536743 -0.355682 23.242218
23.057938 0.632721 20.894295
26.180237 8.687714 25.879108
28.639252 4.093414 24.367531
23.285995 0.048553 20.619247
20.576553 2.301758 21.332146
24.095520 -3.912903 18.792679
21.927795 -6.104950 17.851040
29.843323 -7.291718 18.354136
27.348785 -11.146576 16.845007
26.987503 -14.376373 15.784617
21.479599 -13.632935 15.408254
19.804840 -7.135742 17.296619
23.140915 -6.331970 17.925097
14.642471 -5.380554 17.270504
8.840027 -7.864410 15.830616
4.612885 -3.164642 16.860502
13.425201 -2.429474 18.077343
1.789429 -1.057312 17.218876
4.838318 2.793518 18.788492
13.484940 -0.223602 18.788494
12.858307 -3.280579 17.742350
24.323105 3.365448 31.522213
27.273331 0.178894 28.380474
22.697433 -1.638153 22.411867
19.816055 0.122314 23.646633
17.385178 0.596436 23.034859
16.578110 4.273834 28.588169
21.572372 3.397522 30.004955
20.714661 -0.321655 23.433380
2.332428 0.498810 16.256880
4.735168 2.497894 18.975540
13.381775 -0.519226 18.975540
13.185791 -2.342010 17.163570
15.164200 -3.885376 16.346310
13.614807 -1.886139 17.743795
9.840515 -4.630737 13.852345
5.303375 -1.185730 15.636164
22.210556 -5.294617 17.351824
23.990631 -4.213470 18.982796
28.045670 -9.149384 15.609329
29.918976 -7.074890 18.223213
28.122391 -11.123962 13.762820
22.769409 -9.936493 13.110935
20.317307 -5.667114 16.381693
23.394669 -5.604767 17.470243
24.173187 -4.695953 18.581579
31.830719 -6.596130 19.640926
26.194504 -11.790771 29.168736
22.638977 -7.666473 29.900314
22.092606 -7.032684 21.158474
20.208847 -4.847565 23.303902
16.635971 -0.728851 23.363930
13.654251 2.729858 28.279274
15.250702 0.878021 20.609627
11.095459 5.697998 24.763546
8.841644 8.263824 23.540176
15.084290 1.071045 21.753191
14.813004 1.385742 18.539711
8.334137 7.588318 18.539711
8.758087 7.907928 13.854245
7.554169 8.493042 17.124825
14.880829 1.307068 18.554926
15.752441 0.296021 12.003066
17.041077 -1.198761 15.759939
19.291168 -3.808838 15.490335
19.019882 -3.494141 11.044593
23.226883 -8.374146 12.404657
20.722595 -5.469269 10.018151
18.641693 -3.055450 15.346067
20.796753 -5.555267 16.181400
22.147995 -7.122681 18.531338
26.418335 -12.076141 19.760826
21.283157 -6.119507 21.382162
25.709686 -11.254150 25.519753
16.364349 -0.413788 22.898436
13.373795 3.234863 28.243443
18.522903 -2.917664 32.540787
23.629700 -16.857147 18.544640
19.598969 -8.724915 18.544640
29.055649 -15.508423 18.690380
23.554276 -5.464020 18.544640
30.222443 -6.205200 18.544640
23.362747 -1.992615 18.544638
30.895020 -0.983582 18.544638
32.779816 2.223511 18.653788
24.441101 -2.605835 18.534786
22.423996 0.370300 18.534786
28.061768 5.230560 18.534786
17.295761 2.223328 18.544638
14.385208 0.321747 18.544638
14.459229 8.419067 18.544636
8.126617 6.905151 18.544636
4.551056 6.857086 18.544636
14.521332 1.485443 18.544638
12.952499 -1.749512 18.544638
4.305878 1.267609 18.544638
16.705399 -18.095581 18.544641
16.692429 -8.459381 18.544640
21.668625 -15.513153 18.544640
20.278412 -8.200562 18.544640
14.610794 -7.086029 18.544640
17.712860 -8.655853 18.544640
10.634827 -12.490265 18.544640
14.820602 -15.683533 18.544640
22.275192 -6.220703 21.075531
23.786789 -3.098328 21.305605
29.854599 -5.655670 25.803020
26.868271 -9.913666 24.985039
21.067444 -18.232208 22.701891
17.284378 -7.983307 18.871449
22.525543 -6.390594 21.244320
25.782852 -13.024292 24.985039
32.146286 -3.693390 26.679008
23.660431 -4.107758 21.428734
30.079147 1.090027 24.642307
23.581970 -0.584717 20.715836
23.897415 -1.126678 20.990883
20.446655 3.052063 18.651590
24.226578 10.053680 19.078526
20.984085 2.513611 18.883240
21.914642 9.115723 18.444689
17.919312 2.180206 17.941593
17.344681 9.560883 16.935568
14.607117 11.281860 15.858109
18.512161 3.265686 17.998592
15.807404 1.153839 17.370111
11.012573 6.768799 15.481743
8.570221 6.250458 14.850760
5.164978 2.153320 14.112171
15.988022 1.271606 17.426046
13.954056 -3.974274 17.361059
8.017029 -6.739166 15.921173
15.507217 -6.763245 18.167904
10.014038 -11.586578 16.951061
9.907349 -15.108124 17.309435
14.819061 -15.116821 18.879047
14.488190 -6.677582 17.832912
17.271393 -8.088806 18.879047
15.980942 -7.406982 21.075531
19.388168 -8.058960 21.305607
13.602615 -12.799377 24.281731
18.488434 -14.581909 25.099712
4.049347 -9.343353 22.701889
12.986694 -3.042450 18.871447
15.881668 -7.692810 21.244320
10.317047 -12.556030 24.281731
20.976974 -16.287628 25.975700
25.062393 -13.052887 24.642307
18.380432 -8.198181 21.428736
21.763123 -7.210571 20.715836
21.321274 -7.655518 20.990883
24.464478 -3.240784 18.651592
32.205841 -5.079773 19.176083
24.083496 -3.899292 18.883240
30.701477 -3.089386 18.444691
22.968216 -1.025238 17.941593
29.948700 1.440094 16.935570
30.902481 4.529785 15.858109
25.554199 6.041626 15.481743
24.170151 -1.316925 17.998594
21.430237 0.749084 17.370111
24.403961 8.031036 14.850760
21.590744 0.605072 17.426046
19.588593 10.577179 14.112170
15.997177 1.212036 17.361057
13.705231 -1.010040 18.167904
10.901489 6.093201 15.921171
6.005890 3.612366 16.951057
2.576721 2.803986 17.309431
13.524216 -0.003571 17.832912
3.839569 -1.942596 18.879045
12.881439 -3.057220 18.879045
16.328201 1.219574 22.874100
19.801056 1.381866 22.882923
14.927002 7.352844 25.205132
20.055237 8.491028 25.556595
16.642349 2.577942 21.244318
11.854919 8.207886 24.281727
22.948257 10.328369 25.975697
19.188309 2.709686 21.428734
26.512558 6.527039 24.064323
22.388596 1.234497 20.715836
24.475662 -3.089905 18.651592
22.017120 1.739716 20.990883
32.403473 -2.411438 19.179234
33.360611 3.755920 23.338802
24.195847 -2.382477 18.883240
30.622299 -4.158478 18.444691
29.210449 -8.527618 16.935572
22.669327 -5.060852 17.941593
29.698669 -11.724152 15.858110
24.186020 -12.431580 15.481746
20.886749 -6.589233 17.370113
23.901108 -4.949402 17.998594
15.444763 -6.246735 17.361059
10.576294 -10.154633 15.921173
6.066467 -6.540375 16.951061
13.505173 -3.711273 18.167904
2.001770 -4.959259 17.309433
13.177856 -4.680084 17.832912
3.950104 -0.450500 18.879045
12.991943 -1.565094 18.879045
15.052643 0.580292 22.688061
13.639099 -2.576324 23.041513
9.188385 -0.583252 28.870071
11.826080 3.796387 27.613476
19.085861 2.677032 19.193815
12.911484 6.907013 27.613476
14.874222 0.725037 22.947357
7.270050 -2.675781 30.215775
8.469116 -7.156311 27.086971
13.817947 -1.585205 23.230663
13.592560 -5.002228 22.135506
7.727844 -14.347626 25.084511
12.246628 -15.395905 19.599422
13.394348 -4.501160 22.558035
15.814270 -8.320190 18.763205
15.392014 -7.821960 19.216919
17.988617 -7.325165 17.372570
14.243408 -14.347961 18.357960
18.063049 -14.531342 15.402121
20.266861 -16.066040 13.303367
17.426056 -8.421204 17.495811
19.818329 -6.200348 16.264847
22.924286 -11.226013 12.566199
21.665237 -1.070007 16.235512
20.513229 1.579010 17.815826
25.401382 6.613464 15.432461
26.472961 2.088959 13.415277
25.686249 10.072845 16.134384
21.365707 1.551453 17.159695
21.554962 9.809204 19.208706
19.102631 2.781189 19.208706
22.463425 -2.005615 23.414583
26.070923 -1.174164 29.232056
21.540314 -5.333344 23.816120
25.176758 -6.162201 30.705585
22.644775 -1.986389 23.709150
27.156342 1.936462 29.262623
25.125610 -8.906281 32.150913
21.981598 -4.433807 24.030994
21.983444 -11.871979 28.642365
20.236679 -7.320587 22.786865
17.068680 -8.757904 18.886183
20.624710 -7.024109 23.266870
15.298309 -16.460754 19.898598
17.621582 -8.599945 19.435497
14.626801 -14.481750 18.395546
12.093338 -12.448273 14.816875
16.254074 -6.719910 17.202524
9.818359 -12.420197 12.279039
10.891388 -7.027252 11.386542
15.988541 -7.919617 17.354885
15.735077 -4.775543 15.864538
17.486771 0.388031 15.825871
16.232880 5.662109 12.411380
19.496918 8.673737 14.853611
19.731384 1.851807 17.739176
21.290436 11.606689 15.703437
19.173599 2.316376 16.944790
23.766907 9.037354 19.425556
21.314560 2.009369 19.425556
14.846802 -6.632568 21.075531
11.153870 -11.225647 24.281731
17.969193 -8.144165 21.305607
15.411850 -14.211975 25.099712
2.192474 -5.200500 22.701889
13.084198 -1.641754 18.871447
14.676926 -6.882935 21.244320
8.043243 -10.140228 24.281731
17.374115 -16.503662 25.975700
16.959763 -8.017822 21.428736
20.482803 -7.939331 20.715836
22.157562 -14.436523 24.216579
31.121185 -8.583954 19.078529
19.940842 -8.254822 20.990883
24.119568 -4.804047 18.651592
23.581131 -5.341461 18.883242
23.247711 -2.276703 17.941593
30.628418 -1.702057 16.935570
30.183228 -6.272034 18.444691
32.349380 1.035492 15.858109
24.333191 -2.869537 17.998594
27.574615 3.880035 15.481744
22.221375 -0.164795 17.370111
17.093262 1.688568 17.361057
14.304291 0.135406 18.167904
7.862335 6.193359 16.951057
14.081848 7.247894 15.921171
4.340790 6.300049 17.309431
4.332092 1.388336 18.879045
14.389938 1.154419 17.832911
12.978714 -1.628784 18.879045
19.046417 2.491943 20.058895
15.830872 2.109894 21.324383
15.530807 9.096588 24.299183
20.287262 8.772675 22.065575
29.566223 8.170319 17.720245
22.574326 -1.044373 17.244438
23.321838 9.537384 21.035717
19.087799 2.816559 20.172665
12.971222 10.082123 25.831158
16.724915 2.564392 21.114204
9.805054 5.493103 25.363455
13.813141 0.503601 21.562567
3.560638 1.493134 26.495607
14.139252 1.097748 21.660164
4.151184 -4.725342 23.433483
12.129150 -4.362579 20.667204
6.112366 -6.282288 22.457544
12.316818 -3.592529 20.732124
14.014450 -6.102722 19.633202
8.280396 -10.686676 21.020672
8.152008 -14.046234 20.460506
12.852661 -6.183105 20.053585
15.828796 -7.394012 18.694633
13.358551 -13.908447 18.484583
20.864532 -6.187805 16.986155
22.409424 -3.281036 16.909807
28.888306 -5.444977 14.035466
25.801086 -9.436340 14.511413
31.801468 -3.592712 13.245777
22.814087 -4.224274 16.586489
22.666138 -0.997498 17.217493
29.522339 0.730316 14.890673
22.256821 -5.527832 22.797131
23.563858 -2.343140 22.310831
26.294418 -7.642059 28.424042
28.886185 -3.059540 28.391232
25.360260 -10.705841 29.195061
17.863571 -8.343750 20.421646
22.476746 -5.614960 23.050251
30.881622 -0.710632 28.999969
29.048828 3.033234 25.268127
23.458344 -3.278870 22.714962
23.372025 -0.147522 20.950489
29.174286 9.688019 21.104710
20.545288 2.393036 17.362671
23.875977 9.546661 16.255753
21.049881 2.002350 17.837168
18.241257 1.106354 16.533487
17.564102 7.769592 13.222952
21.771164 8.240753 15.555082
15.016708 8.818726 11.216207
12.496185 3.890381 11.845613
18.766098 2.213348 16.354450
16.324188 -0.245514 15.952629
10.354126 2.958862 11.058326
16.485519 -0.099304 15.999691
6.957581 -1.393036 10.960504
14.957565 -5.740875 17.535318
14.723175 -5.305420 17.204290
16.206360 -7.566071 19.083447
11.257782 -13.050323 18.487514
9.707886 -9.038696 15.805516
11.231018 -16.302856 19.887997
15.268524 -7.683655 18.569029
15.743164 -15.365326 22.200993
17.853775 -8.443054 20.458982
2.309204 -14.788483 13.777040
6.541046 -14.788483 13.024511
2.309204 -14.788483 18.102114
6.541046 -14.788483 19.029757
10.549896 -13.367157 19.957396
8.918823 -13.367157 12.271979
2.370514 -16.271759 20.113102
1.335144 -15.236389 24.154247
-0.278046 -13.623199 17.950567
-2.342285 -11.558960 21.151627
-1.751404 -7.267609 23.828436
2.954956 -11.973938 27.671143
-7.070435 -2.609955 13.851511
-7.070435 0.599823 18.269600
-1.727173 -3.168427 13.082797
-1.727173 1.288269 19.217190
3.334503 3.428619 19.109959
1.275055 -2.274994 11.259260
-6.993042 0.577118 21.424604
-10.337189 1.677734 17.249981
-8.300293 4.633789 24.784288
-6.255096 10.576416 25.955650
-12.943573 6.161987 18.987942
-12.197479 12.532166 18.537575
-28.125977 13.310974 13.329878
-21.829529 14.227844 12.687233
-28.125977 8.041321 17.023403
-21.829529 6.911102 17.815590
-15.864899 6.994659 20.339529
-18.291748 16.358521 13.776339
-28.034790 4.324493 16.933571
-29.575256 0.284943 21.646097
-31.975494 9.221130 18.313787
-35.046814 7.083801 23.562492
-27.165222 -1.213928 28.624397
-34.167633 7.487122 31.076965
-14.486603 -17.988525 13.389251
-13.087128 -19.487579 17.867317
-10.130341 -17.727722 11.172601
-8.187225 -19.809082 17.390274
-3.382751 -18.588776 17.459179
-7.642426 -15.925079 10.055957
-12.523163 -21.793518 19.437944
-15.827881 -18.170959 18.974768
-12.233887 -22.071045 24.316244
-14.870331 -13.313934 27.663540
-16.822418 -17.041229 23.673138
-8.998016 -19.751007 28.486584
30.254211 17.107758 14.097390
35.821716 17.441132 11.264397
32.042801 15.191925 19.820585
44.445480 16.340607 19.298965
38.305145 14.781006 19.210899
39.001419 19.744965 9.837270
32.763580 12.244812 21.827930
28.539978 16.874603 21.235970
33.133301 11.890106 28.062645
27.268921 18.318481 27.240723
29.763763 23.082153 32.340672
37.268906 14.855225 33.392555
25.438675 1.640991 12.003268
21.859467 -1.765625 16.463799
16.117401 0.108978 16.587414
14.841141 4.543121 12.765677
21.142334 4.475372 10.723989
18.979370 -5.990204 15.859116
19.503922 -8.749359 18.994625
20.190552 -12.361023 12.138643
21.064377 -16.957367 13.932038
20.971176 -16.467163 18.140757
15.788849 10.792084 13.854245
15.730637 11.098236 17.124823
17.363358 2.510071 18.554926
17.966721 -0.663605 15.562160
16.997360 4.435242 12.003065
19.637680 -14.983734 14.760205
14.206635 -15.401276 14.021616
14.382538 -4.862915 17.406864
20.014954 -7.051727 17.335497
9.716400 -10.143555 15.200385
20.530487 -5.246399 15.859116
24.764786 -10.158112 12.138643
22.364319 -7.373627 18.994625
27.819717 -13.701752 13.932038
27.493912 -13.323822 18.168276
27.559204 7.718109 18.544636
22.531845 0.161285 18.544638
22.408875 0.198700 18.544638
23.678192 11.742767 18.544636
16.749634 1.920868 18.544638
16.714157 9.910889 18.544636
24.827942 -10.519684 11.318728
19.663574 -6.327148 16.362801
28.166428 -6.399261 9.872093
21.489456 -0.568085 16.502594
27.429626 0.182678 12.180883
26.978455 6.099396 14.850760
22.339142 -0.345398 17.426046
22.986160 9.805084 14.112170
16.567688 1.444977 17.497421
16.199738 8.482208 15.290943
14.879532 -15.528442 17.623636
15.652191 -7.298553 18.791174
21.178528 -5.683197 16.955299
24.753235 -11.666779 14.517138
19.850662 -16.580139 15.526507
21.501877 -3.826691 15.859116
27.624756 -5.963196 12.138643
24.153625 -4.751984 18.994625
32.042206 -7.504608 13.932038
31.571075 -7.340210 18.140755
3.459869 2.468842 17.124825
4.754547 2.017090 13.854246
13.332397 -0.976074 18.554926
16.382584 -2.040405 15.562160
11.482147 -0.330444 12.003066
21.633270 -2.111511 15.859116
28.004074 -0.900330 12.138642
24.392395 -1.586945 18.994625
32.600418 -0.026520 13.932037
32.110214 -0.119720 18.178699
20.889465 -0.560394 15.859116
23.016663 1.273407 18.994625
25.801163 3.673920 12.138641
29.344818 6.728851 13.932035
28.966873 6.403015 18.140753
7.714813 -11.918121 17.124826
7.950836 -11.714630 13.854247
14.335999 -6.210052 18.554928
16.782822 -4.100677 15.562160
12.851761 -7.489594 12.003067
19.469757 0.410980 15.859115
20.395050 3.062744 18.994623
23.147675 10.951324 13.932036
21.606262 6.533844 12.138640
22.983276 10.480194 18.140753
13.739029 -16.012390 17.124828
13.841690 -15.718170 13.854248
16.619125 -7.758484 18.554928
17.683441 -4.708313 15.562160
15.973495 -9.608734 12.003067
4.005157 4.031525 21.017321
6.837555 5.999451 25.851795
13.475586 -0.565704 18.962364
17.367233 0.781494 23.327206
13.467499 5.359253 28.588165
21.192795 -10.527008 11.998344
16.065781 -10.073212 10.719068
20.509933 -5.633209 16.458874
11.090332 -6.206146 12.760754
14.848129 -3.528564 16.582493
2.382416 -0.619019 18.544638
13.059113 -1.759216 18.544638
0.837494 -5.992401 18.544640
7.524567 -11.672272 18.544640
14.426392 -7.646545 18.544640
22.755249 -14.229828 14.850762
17.617310 -16.038788 14.112174
21.066696 -6.470459 17.426048
15.059692 -5.813995 17.497421
11.919296 -12.122406 15.290945
10.081665 -5.374176 9.873063
15.758698 -4.964600 15.979982
17.885040 0.689636 16.149229
10.310852 -0.168762 8.121602
14.536423 4.681580 10.916883
8.634216 -21.632111 12.271980
8.634216 -18.718536 19.957394
4.371704 -19.684845 13.024512
4.371704 -19.684845 19.029755
1.598236 -16.019958 18.102114
1.598236 -16.019958 13.777041
0.915710 -10.717712 17.392952
0.915710 -2.037872 23.081390
-4.466248 -3.713348 22.850918
-7.968140 -0.658081 19.183498
-7.968140 -3.867859 14.765408
-4.466248 -8.170044 16.716522
-18.715179 9.300385 3.706376
-18.715179 2.424683 13.819445
-25.057251 10.046478 6.721578
-25.057251 2.729736 11.849936
-29.183807 6.989685 15.523018
-29.183807 12.259338 11.829492
-8.806213 -24.890564 7.418472
-6.018219 -24.393738 16.339594
-12.994507 -23.039032 10.289728
-11.051361 -25.120422 16.507397
-13.987244 -20.823395 17.701447
-15.386688 -19.324341 13.223381
37.514008 8.286652 6.466428
41.077225 8.921600 17.868080
32.161194 10.652954 10.136040
34.644608 7.992859 18.082542
30.892426 13.484680 19.608597
29.103821 15.400513 13.885399
1.213318 -12.608612 17.095779
1.088776 -12.608612 16.924362
2.744385 -13.778259 16.598305
2.035034 -13.778259 15.621953
2.159576 -14.430359 15.450534
2.361084 -16.322876 16.722849
1.833527 -16.725891 16.894266
0.887268 -16.725891 16.206772
1.088776 -16.937775 16.924362
1.472076 -16.725891 16.396790
0.887268 -16.322876 15.652049
1.798126 -16.322876 15.948010
0.887268 -15.768158 15.249021
2.035034 -15.768158 15.621953
2.159576 -15.116028 15.450534
1.798126 -13.223511 15.948010
1.472076 -12.820496 16.396790
0.887268 -12.608612 16.858887
0.887268 -12.581635 17.201723
0.685760 -12.608612 16.924362
0.302460 -12.820496 16.396790
0.887268 -12.820496 16.206772
0.887268 -13.223511 15.652049
0.887268 -13.778259 15.249020
-0.385040 -14.430359 15.450534
0.887268 -14.430359 15.037135
0.887268 -15.116028 15.037135
-0.260498 -15.768158 15.621953
0.887268 -16.937775 16.858887
0.685760 -16.937775 16.924362
0.561218 -16.937775 17.095779
-0.586548 -16.322876 16.722849
0.302460 -16.725891 16.396790
-0.023621 -16.322876 15.948010
-0.969879 -15.768158 16.598305
-0.385040 -15.116028 15.450534
-0.260498 -13.778259 15.621953
-0.023621 -13.223511 15.948010
-0.058990 -12.820496 16.894264
0.561218 -12.608612 17.095779
-8.611389 1.952545 15.448749
-8.127411 1.344604 15.067079
-7.004913 1.174866 15.699247
-7.715729 0.599854 14.907747
-6.520966 0.515808 15.983704
-6.266510 -0.198944 16.400776
-6.266510 -0.899353 16.909636
-7.416626 -2.241486 16.463127
-7.671051 -2.275604 18.473579
-7.715729 -2.566162 17.207874
-8.454132 -2.342499 18.836676
-8.611389 -2.469696 18.661570
-8.127411 -2.644806 17.965405
-7.259369 -1.702576 15.804066
-7.259369 -1.002136 15.295204
-8.865814 -0.485565 14.605401
-7.416626 -0.208771 14.986354
-8.865814 1.203583 14.872972
-8.865814 1.903961 15.381863
-8.865814 0.380219 14.605421
-8.865814 -1.308929 14.872914
-10.315033 -0.208771 14.986354
-10.472290 -1.002136 15.295204
-8.865814 -2.009369 15.381775
-8.865814 -2.518250 16.082172
-8.865814 -2.785797 16.905546
-8.865814 -2.785828 17.771299
-9.604248 -2.644806 17.965405
-8.865814 -2.518311 18.594685
-9.120270 -2.469696 18.661570
-10.015930 -2.566162 17.207874
-10.315033 -2.241486 16.463127
-10.472290 -1.702576 15.804066
-11.465149 -0.899353 16.909636
-11.210693 0.515808 15.983704
-10.726715 1.174866 15.699247
-10.015930 0.599854 14.907747
-9.604248 1.344604 15.067079
-9.120270 1.952545 15.448749
-29.756531 11.128998 18.819981
-29.941833 11.337860 18.673592
-28.886383 12.002319 17.090599
-27.478485 10.736298 16.970070
-28.533936 11.925873 16.136286
-28.348602 11.577820 15.195369
-28.348602 10.992279 14.359948
-27.478485 9.036957 14.545588
-28.048798 8.411499 13.976076
-29.756531 7.431976 13.545348
-29.941833 7.640839 13.398959
-29.371521 8.464569 13.206583
-28.886383 9.355560 13.314382
-30.241638 10.680908 13.393327
-28.533936 10.226532 13.711803
-30.241638 12.081512 14.842332
-30.241638 12.380249 15.817809
-30.241638 12.362915 16.837856
-29.371521 11.799713 17.964897
-30.241638 11.417633 18.617676
-30.241638 12.031219 17.802626
-31.596924 12.002319 17.090599
-30.241638 11.495972 14.006913
-30.241638 9.716156 13.061637
-31.949402 10.226532 13.711803
-30.241638 8.696106 13.044310
-31.111786 8.464569 13.206583
-30.241638 7.720612 13.343044
-30.241638 7.279877 13.602946
-30.541473 7.640839 13.398959
-31.649567 7.858459 13.631416
-32.434509 8.411499 13.976076
-31.596924 9.355560 13.314382
-32.134705 10.992279 14.359948
-33.304657 9.673615 15.284204
-32.134705 11.577820 15.195369
-33.304657 10.259186 16.119625
-33.004822 10.736298 16.970070
-31.949402 11.925873 16.136286
-31.111786 11.799713 17.964897
-30.726776 11.128998 18.819981
-30.541473 11.337860 18.673592
-14.345367 -16.761688 17.037079
-13.315247 -17.311920 16.939356
-14.083221 -17.532074 15.726766
-14.141602 -18.923828 15.064420
-13.201996 -20.029022 15.838408
-13.635681 -20.673950 15.914050
-14.826111 -21.470245 16.486637
-15.149048 -21.536224 16.698158
-15.016968 -21.410828 16.351460
-15.446289 -20.932251 15.747030
-14.749146 -20.998108 15.745118
-15.584106 -20.302795 15.306013
-14.498291 -20.405396 15.303033
-14.288940 -19.690643 15.068479
-14.070740 -18.180054 15.291250
-15.587433 -18.036774 15.295415
-15.451447 -17.402832 15.730523
-14.177856 -17.043335 16.328339
-14.569397 -16.714722 17.783607
-14.809601 -16.692017 17.784266
-15.007446 -16.714722 17.920511
-15.616699 -16.761688 17.434387
-15.042511 -16.695862 17.038992
-15.263672 -16.940765 16.331318
-16.157990 -17.043335 16.947163
-16.578339 -17.532074 16.506531
-15.658295 -18.780548 15.068586
-16.907471 -18.923828 15.928796
-15.657166 -19.561401 15.072238
-15.257172 -21.388123 16.352118
-15.534943 -21.470245 16.708151
-15.455017 -21.410828 16.488363
-16.020447 -20.998108 16.142429
-16.478394 -20.405396 15.921857
-17.239166 -20.029022 17.100094
-16.784058 -19.690643 15.848245
-17.411957 -19.298950 17.316483
-16.836578 -18.180054 16.155628
-17.033447 -17.870483 17.758381
-15.848602 -16.934113 18.072235
-15.087372 -16.774139 18.140299
31.142517 18.455353 19.260872
30.769745 17.691132 17.084854
32.325623 16.383575 17.619022
30.695114 15.912384 16.238340
31.341751 13.675690 17.324215
30.626495 13.040985 17.609684
29.820282 12.657990 18.056005
29.918671 13.261353 17.108307
29.027695 13.345551 17.110752
29.576385 12.733917 17.883244
28.758163 15.097595 16.248333
30.239288 14.018921 16.543301
30.506836 14.932373 16.243530
28.756714 16.095520 16.243664
30.785706 16.863007 16.528242
30.648804 18.315765 17.853691
29.543716 18.759888 18.761942
30.434692 18.675720 18.759497
30.148392 18.735779 19.713604
29.986725 18.650330 20.179516
29.841385 18.764771 19.714443
29.588516 18.735779 19.888573
28.809891 18.675720 19.267281
29.261063 18.446869 17.857502
29.021088 17.856354 17.089657
28.847321 17.046112 16.533564
27.160217 15.912384 17.343056
27.317947 14.932373 17.240107
28.851532 14.149994 16.547112
27.708572 14.018921 17.334190
29.269363 12.762909 17.884087
29.407578 12.573639 18.326340
28.914383 12.657990 18.339113
29.016510 12.733917 18.058212
27.997498 13.040985 18.431292
28.293854 13.261353 17.616089
26.736298 14.499908 18.840036
27.250809 16.863007 17.632957
27.580872 17.691132 18.081432
28.118103 18.315765 18.644581
29.486404 18.659851 20.169472
16.915268 -6.822357 16.246302
19.509079 -7.114807 16.246302
23.246246 -4.130585 16.246300
25.005569 -4.744476 17.797272
19.900467 -8.821014 17.797272
16.915268 -6.822357 22.603729
19.509079 -7.114807 22.603729
19.900467 -8.821014 19.956457
16.357269 -8.421478 19.956457
18.439758 -2.453430 15.246244
22.176926 0.530823 16.246300
25.005569 -4.744476 19.956455
23.246246 -4.130585 22.603731
22.176926 0.530823 22.603729
19.964233 1.915527 22.603729
20.522232 3.514679 19.956455
23.544830 1.623138 19.956455
23.544830 1.623138 17.797270
20.522232 3.514679 17.797270
18.439743 -2.453430 24.307920
14.702576 -5.437653 22.603729
11.873932 -0.162354 19.956455
13.334671 -6.529968 17.797272
14.702576 -5.437653 16.246300
16.357254 -8.421478 17.797272
13.334671 -6.529968 19.956457
17.370422 2.208008 16.246300
13.633240 -0.776245 16.246300
16.979019 3.914185 17.797270
11.873932 -0.162354 17.797272
16.979019 3.914185 19.956455
13.633240 -0.776245 22.603731
17.370422 2.208008 22.603729
19.964233 1.915527 16.246300
1.833527 -12.820496 16.894264
2.361084 -13.223511 17.680597
2.361084 -13.223511 16.722847
2.945923 -14.430359 16.532829
2.945923 -14.430359 17.870617
2.945923 -15.116028 16.532829
2.945923 -15.116028 17.870617
2.744385 -15.768158 16.598305
1.833527 -16.725891 17.509180
1.213318 -16.937775 17.307667
1.213318 -16.937775 17.095779
1.088776 -16.937775 17.479082
1.472076 -16.725891 18.006657
2.361084 -16.322876 17.680597
1.798126 -16.322876 18.455437
2.744385 -15.768158 17.805140
2.744385 -13.778259 17.805140
1.833527 -12.820496 17.509178
1.798126 -13.223511 18.455437
1.472076 -12.820496 18.006657
1.213318 -12.608612 17.307665
1.088776 -12.608612 17.479082
0.887268 -13.778259 19.154425
2.035034 -13.778259 18.781490
0.887268 -14.430359 19.366308
0.887268 -15.116028 19.366308
2.159576 -14.430359 18.952909
2.159576 -15.116028 18.952909
0.887268 -15.768158 19.154425
2.035034 -15.768158 18.781490
0.887268 -16.322876 18.751396
0.887268 -16.937775 17.544561
0.887268 -16.964752 17.201723
0.561218 -12.608612 17.307665
0.887268 -12.608612 17.544559
0.685760 -12.608612 17.479082
0.302460 -12.820496 18.006657
0.887268 -12.820496 18.196674
0.887268 -13.223511 18.751396
-0.260498 -15.768158 18.781490
-0.023621 -16.322876 18.455437
0.887268 -16.725891 18.196674
0.685760 -16.937775 17.479082
0.302460 -16.725891 18.006657
0.561218 -16.937775 17.307667
-0.058990 -16.725891 17.509180
-0.969879 -15.768158 17.805140
-0.385040 -15.116028 18.952909
-0.385040 -14.430359 18.952909
-0.260498 -13.778259 18.781490
-0.023621 -13.223511 18.455437
-0.058990 -12.820496 17.509178
-0.586548 -13.223511 16.722847
-0.586548 -13.223511 17.680597
-0.969879 -13.778259 16.598305
-0.969879 -13.778259 17.805140
-1.171387 -14.430359 16.532829
-1.171387 -14.430359 17.870617
-1.171387 -15.116028 16.532829
-1.171387 -15.116028 17.870617
-0.586548 -16.322876 17.680597
-0.058990 -16.725891 16.894266
-8.865814 2.412842 16.082285
-8.611389 2.364258 16.015400
-8.454132 2.237030 15.840296
-8.454132 2.079773 15.623854
-7.671051 1.713776 15.575253
-7.004913 1.885651 16.677597
-6.520966 1.411438 17.216496
-6.266510 0.093445 18.276194
-6.520966 -1.516907 17.460478
-7.004913 -1.991119 17.999374
-7.004913 -1.280334 18.977722
-8.454132 -2.185272 19.053116
-7.671051 -1.819275 19.101715
-8.127411 -1.450073 19.609892
-6.520966 -0.621277 18.693266
-7.416626 0.103333 19.690615
-7.259369 0.896667 19.381765
-6.266510 0.793884 17.767334
-7.416626 2.136017 18.213844
-7.671051 2.170135 16.203392
-8.127411 2.539337 16.711567
-7.715729 2.460693 17.469097
-7.259369 1.597076 18.872902
-7.715729 -0.705322 19.769226
-8.865814 -0.485657 20.071550
-8.865814 -1.309052 19.803997
-8.611389 -2.058044 19.228222
-9.277527 2.237030 15.840296
-9.277527 2.079773 15.623854
-8.865814 2.185974 15.712050
-8.865814 2.680359 16.905670
-10.315033 2.136017 18.213844
-10.015930 2.460693 17.469097
-8.865814 2.680328 17.771423
-8.865814 2.412781 18.594797
-8.865814 1.903870 19.295193
-8.865814 1.203461 19.804054
-10.472290 0.896667 19.381765
-8.865814 0.380066 20.071568
-10.015930 -0.705322 19.769226
-8.865814 -2.009430 19.295103
-8.865814 -2.291443 18.964920
-9.120270 -2.058044 19.228222
-9.604248 -1.450073 19.609892
-10.315033 0.103333 19.690615
-10.726715 -1.280334 18.977722
-11.210693 -0.621277 18.693266
-10.472290 1.597076 18.872902
-11.210693 1.411438 17.216496
-10.060608 2.170135 16.203392
-9.604248 2.539337 16.711567
-9.120270 2.364258 16.015400
-10.060608 1.713776 15.575253
-10.726715 1.885651 16.677597
-11.465149 -0.198944 16.400776
-11.465149 0.793884 17.767334
-11.465149 0.093445 18.276194
-11.210693 -1.516907 17.460478
-10.726715 -1.991119 17.999374
-10.060608 -2.275604 18.473579
-10.060608 -1.819275 19.101715
-9.277527 -2.185272 19.053116
-9.277527 -2.342499 18.836676
-29.941833 10.661987 19.147312
-28.833740 11.193604 18.389732
-28.048798 11.058289 17.752296
-28.048798 9.891357 18.570196
-27.178650 10.259186 16.119625
-27.178650 8.043671 16.426651
-27.178650 8.629242 17.262070
-27.178650 9.673615 15.284204
-28.048798 7.244598 14.793976
-28.833740 7.109253 14.156540
-28.833740 7.858459 13.631416
-29.941833 6.964966 13.872681
-29.756531 7.173828 13.726294
-27.478485 7.566559 15.576202
-28.533936 6.376984 16.409986
-28.348602 7.310577 18.186327
-27.478485 9.265900 18.000683
-28.833740 10.444397 18.914856
-29.371521 9.838287 19.339691
-29.756531 10.870850 19.000927
-30.241638 8.586700 19.484638
-28.886383 8.947296 19.231892
-28.533936 8.076324 18.834469
-30.241638 6.806885 18.539360
-30.241638 6.221313 17.703939
-28.348602 6.725006 17.350906
-28.886383 6.300507 15.455673
-29.371521 6.503143 14.581375
-30.241638 6.885193 13.928596
-31.649567 11.193604 18.389732
-30.241638 11.022980 18.943325
-30.541473 10.661987 19.147312
-30.241638 10.582214 19.203228
-30.241638 9.606750 19.501961
-31.111786 9.838287 19.339691
-30.241638 7.621948 19.152945
-32.134705 7.310577 18.186327
-32.134705 6.725006 17.350906
-30.241638 5.922607 16.728462
-30.241638 5.939911 15.708418
-31.111786 6.503143 14.581375
-30.241638 6.271606 14.743649
-30.541473 6.964966 13.872681
-30.726776 7.173828 13.726294
-31.596924 6.300507 15.455673
-31.949402 6.376984 16.409986
-33.004822 7.566559 15.576202
-31.949402 8.076324 18.834469
-33.004822 9.265900 18.000683
-31.596924 8.947296 19.231892
-32.434509 9.891357 18.570196
-31.649567 10.444397 18.914856
-30.726776 10.870850 19.000927
-32.434509 11.058289 17.752296
-33.304657 8.629242 17.262070
-33.304657 8.043671 16.426651
-33.004822 9.036957 14.545588
-32.434509 7.244598 14.793976
-31.649567 7.109253 14.156540
-30.726776 7.431976 13.545348
-14.398651 -17.385529 19.099281
-14.587738 -16.929688 18.494194
-13.592590 -17.147247 18.066040
-14.378540 -16.774139 17.918785
-13.791534 -16.934113 17.429375
-13.005341 -17.643860 17.930984
-12.996277 -17.870483 16.496696
-12.605774 -18.288757 17.746220
-12.865845 -18.555176 16.144722
-12.936707 -19.298981 15.917892
-13.996338 -21.383667 16.774080
-14.195313 -21.170563 16.137415
-14.757568 -21.543671 16.706017
-14.228210 -21.556091 17.411930
-13.325775 -21.005890 16.905682
-12.811493 -20.447327 17.087936
-13.686951 -21.274445 17.899155
-13.266602 -20.785736 18.339783
-12.503845 -19.762634 17.303003
-13.008331 -20.137726 18.690691
-12.432953 -19.018829 17.529833
-12.937469 -19.393951 18.917519
-14.309998 -16.847565 18.138163
-14.389893 -16.906982 18.357952
-14.260834 -18.014984 19.540302
-13.824463 -17.319672 18.703890
-13.366516 -17.912415 18.924458
-13.060883 -18.627136 18.998070
-14.187775 -18.756409 19.774078
-14.581238 -21.377014 18.514997
-14.837463 -21.603088 16.925804
-14.695892 -16.781586 18.148159
-15.018799 -16.847565 18.359678
-14.827972 -16.906982 18.494854
-15.095795 -17.319672 19.101196
-14.186615 -19.537231 19.777729
-15.774200 -20.137726 19.555063
-14.257507 -20.281036 19.550898
-14.393494 -20.914948 19.115791
-15.667084 -21.274445 18.517979
-15.761719 -20.785736 19.119549
-15.499542 -21.556091 17.809238
-14.802399 -21.621948 17.807323
-15.275543 -21.603088 17.062710
-15.035309 -21.625763 17.062048
-15.466370 -21.543671 16.927530
-16.053375 -21.383667 17.416941
-16.529694 -21.005890 17.906960
-16.848663 -20.447327 18.349619
-15.703308 -19.393951 19.781895
-16.979095 -19.762634 18.701591
-16.908203 -19.018829 18.928425
-15.556000 -18.627136 19.777834
-15.346649 -17.912415 19.543283
-16.209259 -17.643860 18.932262
-15.649628 -17.147247 18.708900
-16.519165 -17.311920 17.940634
-16.642944 -18.288757 19.007906
-17.341064 -18.555176 17.543310
-16.839600 -20.673950 16.915331
-16.252350 -21.170532 16.780275
30.377792 18.490051 20.447645
30.479919 18.565979 20.166744
30.392303 18.659851 19.886366
31.396820 18.182983 20.074566
32.147339 17.548279 19.901958
31.751266 17.972534 18.634605
32.158936 17.258636 18.068859
32.878876 15.790985 19.389267
32.235031 15.432983 17.329123
31.896011 14.499908 17.227537
31.737808 13.251434 18.591570
32.395096 13.965332 18.824497
30.880798 12.768616 18.423374
29.907898 12.564117 18.336384
29.805786 12.488190 18.617285
30.584427 12.548248 19.238579
31.813431 13.532837 20.424423
32.788269 14.840393 19.099367
32.658020 16.724060 19.665821
31.685730 17.205048 21.171669
31.100449 17.962616 20.889771
32.076355 16.291595 21.265749
32.234100 15.311584 21.162796
32.143494 14.360962 20.872896
30.373215 13.367645 21.416199
31.276215 12.908203 19.861279
30.133240 12.777100 20.648354
29.850601 12.464081 19.743914
29.574020 18.565979 20.449852
30.124939 18.461060 20.621773
29.817932 18.490051 20.622614
30.366623 17.878418 21.395103
29.475632 17.962616 21.397551
30.542770 17.073975 21.958748
30.636139 16.126373 22.257524
30.637604 15.128448 22.262188
28.608597 14.360962 21.977612
30.546997 14.177856 21.972290
28.624557 13.532837 21.421000
29.552917 12.459198 18.791412
29.245911 12.488190 18.792255
28.959610 12.548248 19.746361
28.745499 12.908203 20.652164
27.068665 14.840393 20.886837
28.699188 15.311584 22.267513
28.887482 16.291595 22.262325
29.155029 17.205048 21.962559
28.767822 18.182983 20.896172
28.513519 18.455353 20.082481
27.656494 17.972534 19.914291
28.052551 17.548279 21.181644
26.999222 17.258636 19.681358
27.498291 16.724060 21.278320
26.606049 16.383575 19.406490
27.159271 15.790985 21.176735
26.515442 15.432983 19.116589
27.235367 13.965332 20.436996
27.246979 13.675690 18.603901
27.643036 13.251434 19.871254
28.251785 12.768616 19.244984
29.002014 12.564117 18.619492
29.002014 12.564117 18.619492
</float_array>
          <technique_common>
            <accessor source="#SM_Urchin_Group_02_LOD0-POSITION-array" count="3318" stride="3">
              <param name="X" type="float"/>
              <param name="Y" type="float"/>
              <param name="Z" type="float"/>
            </accessor>
          </technique_common>
        </source>
        <source id="SM_Urchin_Group_02_LOD0-Normal0">
          <float_array id="SM_Urchin_Group_02_LOD0-Normal0-array" count="22437">
-0.341424 -0.939894 0.005341
-0.341421 -0.939897 0.004959
-0.341421 -0.939897 0.004959
0.190354 -0.981714 0.001526
0.190735 -0.981641 0.000954
0.190733 -0.981642 0.000763
0.087118 -0.988667 0.122260
0.087070 -0.988671 0.122261
0.087070 -0.988671 0.122261
0.657493 -0.753461 -0.000763
0.657481 -0.753471 -0.001144
0.657481 -0.753471 -0.001144
0.282668 0.815008 0.505827
0.282684 0.815102 0.505666
0.282718 0.814989 0.505830
-0.517056 0.387744 0.763091
-0.516887 0.387904 0.763124
-0.516953 0.388001 0.763030
0.948871 -0.315631 -0.004577
0.948889 -0.315565 -0.005340
0.948861 -0.315651 -0.005150
-0.978493 -0.206213 0.005341
-0.978461 -0.206373 0.004959
-0.978478 -0.206281 0.005341
-0.149549 -0.540635 0.827858
-0.149550 -0.540618 0.827869
-0.149549 -0.540635 0.827858
-0.178844 0.059615 0.982070
-0.178857 0.059603 0.982068
-0.178904 0.059508 0.982065
-0.309580 -0.825619 0.471714
-0.309759 -0.825562 0.471695
-0.309552 -0.825544 0.471862
-0.744979 -0.667067 0.005340
-0.745028 -0.667015 0.004959
-0.745076 -0.666963 0.004578
-0.757875 -0.652400 -0.000954
-0.757974 -0.652284 -0.001049
-0.757886 -0.652386 -0.000954
0.010490 0.018405 0.999776
0.010490 0.018691 0.999770
0.010873 0.018599 0.999768
-0.477596 0.147437 0.866120
-0.477675 0.147461 0.866073
-0.477209 0.147626 0.866301
-0.558530 0.229955 0.796973
-0.558238 0.229842 0.797210
-0.558313 0.229944 0.797127
-0.265117 0.128148 0.955663
-0.265098 0.128138 0.955669
-0.265141 0.128183 0.955651
0.047831 0.468014 0.882426
0.047870 0.467971 0.882446
0.047851 0.468144 0.882356
0.055314 0.583465 0.810252
0.055886 0.583415 0.810249
0.055694 0.583453 0.810235
0.026321 0.317949 0.947743
0.026416 0.317948 0.947740
0.026231 0.317921 0.947754
-0.077337 -0.507709 0.858050
-0.077336 -0.507736 0.858035
-0.077310 -0.507772 0.858016
0.181194 -0.983095 -0.026321
0.181575 -0.983025 -0.026321
0.181009 -0.983129 -0.026322
0.730536 -0.235755 0.640888
0.730528 -0.235800 0.640881
0.730536 -0.235755 0.640888
0.724704 -0.253360 0.640791
0.724792 -0.253391 0.640678
0.724864 -0.253511 0.640550
-0.818424 0.315778 0.480069
-0.818406 0.315843 0.480058
-0.818481 0.315871 0.479911
-0.825939 0.286313 0.485644
-0.825893 0.286488 0.485618
-0.825916 0.286400 0.485631
0.149663 0.474381 0.867504
0.149521 0.474320 0.867562
0.149663 0.474381 0.867504
0.573502 0.801987 -0.167073
0.573366 0.802160 -0.166707
0.573121 0.802179 -0.167454
0.396217 -0.343280 0.851570
0.396157 -0.343192 0.851633
0.396159 -0.343182 0.851636
-0.043964 -0.998951 -0.012779
-0.044060 -0.998950 -0.012588
-0.044060 -0.998945 -0.012970
-0.640441 0.349401 0.683926
-0.640723 0.349069 0.683832
-0.640763 0.349282 0.683684
-0.779631 0.406026 -0.476780
-0.779767 0.406115 -0.476482
-0.779877 0.405960 -0.476433
-0.476263 0.345193 0.808712
-0.476191 0.345198 0.808752
-0.476257 0.345224 0.808702
0.999999 0.000954 0.000954
0.999999 0.000954 0.001049
0.999999 0.000954 0.001049
0.999999 0.000954 0.000954
0.999999 0.000954 0.000954
0.999999 0.000954 0.001049
0.999999 0.000954 0.001144
0.999999 0.000954 0.000954
0.999999 0.001049 0.001049
0.999999 0.000954 0.001144
0.999999 0.000954 0.000954
0.999999 0.000954 0.000954
0.999999 0.000954 0.000763
0.999999 0.000954 0.000954
0.999999 0.000954 0.000763
0.999999 0.000954 0.000763
0.999999 0.000954 0.000954
0.999999 0.000954 0.000954
0.999999 0.001335 0.000954
0.999999 0.000763 0.000954
0.999999 0.001335 0.000954
0.999999 0.001335 0.000954
0.999999 0.000763 0.000954
0.999999 0.000763 0.000954
0.999999 0.001335 0.000763
0.999999 0.000954 0.000954
0.999999 0.000954 0.001144
0.999999 0.001335 0.000763
0.999999 0.000954 0.000954
0.999999 0.000954 0.000954
0.999999 0.000954 0.000954
0.999999 0.000763 0.000954
0.999999 0.001335 0.000954
0.999999 0.000954 0.000954
0.999999 0.000954 0.000954
0.999999 0.000763 0.000954
0.000954 0.999999 0.001049
0.000972 0.999999 0.000954
0.000977 0.999999 0.000954
0.000954 0.999999 0.001049
0.001001 0.999999 0.000954
0.000972 0.999999 0.000954
0.000978 0.999999 0.000763
0.000972 0.999999 0.000954
0.000954 0.999999 0.000954
0.000978 0.999999 0.000763
0.001001 0.999999 0.000763
0.000972 0.999999 0.000954
0.000954 0.999999 0.001144
0.000972 0.999999 0.000954
0.001025 0.999999 0.001144
0.000954 0.999999 0.001144
0.001049 0.999999 0.001144
0.000972 0.999999 0.000954
0.000977 0.999999 0.000954
0.000954 0.999999 0.000954
0.000954 0.999999 0.000954
0.000977 0.999999 0.000954
0.000977 0.999999 0.000954
0.000954 0.999999 0.000954
-0.258838 0.965920 0.000954
-0.258769 0.965939 0.001049
-0.258827 0.965923 0.001001
-0.258838 0.965920 0.000954
-0.258792 0.965933 0.000954
-0.258769 0.965939 0.001049
-0.177205 0.952024 0.249498
-0.177082 0.952004 0.249659
-0.177189 0.952033 0.249476
-0.177205 0.952024 0.249498
-0.177091 0.952050 0.249480
-0.177082 0.952004 0.249659
-0.258769 0.965939 -0.001144
-0.258832 0.965922 -0.000954
-0.258838 0.965920 -0.000763
-0.258769 0.965939 -0.001144
-0.258792 0.965933 -0.001144
-0.258832 0.965922 -0.000954
-0.258792 0.965933 0.001049
-0.258838 0.965920 0.000954
-0.258838 0.965920 0.000954
-0.258792 0.965933 0.001049
-0.258792 0.965933 0.000954
-0.258838 0.965920 0.000954
-0.258838 0.965920 0.001144
-0.258769 0.965939 0.000954
-0.258792 0.965933 0.001144
-0.258838 0.965920 0.001144
-0.258838 0.965920 0.000954
-0.258769 0.965939 0.000954
-0.258827 0.965923 -0.000954
-0.258860 0.965914 -0.000954
-0.258725 0.965950 -0.001049
-0.258827 0.965923 -0.000954
-0.258769 0.965939 -0.000954
-0.258860 0.965914 -0.000954
-0.500047 0.865998 0.001049
-0.500010 0.866019 0.001049
-0.500002 0.866024 0.001001
-0.500047 0.865998 0.001049
-0.499947 0.866056 0.000954
-0.500010 0.866019 0.001049
-0.500010 0.866019 -0.001144
-0.500010 0.866019 -0.000954
-0.500047 0.865998 -0.000763
-0.500010 0.866019 -0.001144
-0.500023 0.866011 -0.001144
-0.500010 0.866019 -0.000954
-0.500006 0.866022 0.001049
-0.500023 0.866011 0.000954
-0.500006 0.866022 0.000763
-0.500006 0.866022 0.001049
-0.500023 0.866011 0.001049
-0.500023 0.866011 0.000954
-0.500006 0.866021 0.001144
-0.500010 0.866019 0.000954
-0.500041 0.866001 0.001144
-0.500006 0.866021 0.001144
-0.500041 0.866001 0.000954
-0.500010 0.866019 0.000954
-0.500006 0.866022 0.000954
-0.500023 0.866011 0.000954
-0.500006 0.866022 0.001049
-0.500006 0.866022 0.000954
-0.500006 0.866022 0.000954
-0.500023 0.866011 0.000954
-0.767494 0.564376 0.304027
-0.767601 0.564220 0.304046
-0.767479 0.564392 0.304035
-0.767494 0.564376 0.304027
-0.767574 0.564209 0.304135
-0.767601 0.564220 0.304046
-0.707085 0.707127 -0.001144
-0.707086 0.707127 -0.000954
-0.707154 0.707059 -0.000763
-0.707085 0.707127 -0.001144
-0.707142 0.707071 -0.001144
-0.707086 0.707127 -0.000954
-0.707083 0.707130 -0.001049
-0.707083 0.707130 -0.000954
-0.707059 0.707154 -0.001144
-0.707083 0.707130 -0.001049
-0.707083 0.707130 -0.001049
-0.707083 0.707130 -0.000954
-0.552730 0.830621 -0.067518
-0.552698 0.830626 -0.067709
-0.552657 0.830654 -0.067711
-0.552730 0.830621 -0.067518
-0.552807 0.830569 -0.067521
-0.552698 0.830626 -0.067709
-0.707083 0.707130 0.000954
-0.707083 0.707130 0.000954
-0.707083 0.707130 0.000954
-0.707083 0.707130 0.000954
-0.707270 0.706942 0.000954
-0.707083 0.707130 0.000954
-0.866075 0.499913 0.000954
-0.866014 0.500018 0.001049
-0.866055 0.499947 0.001049
-0.866075 0.499913 0.000954
-0.865957 0.500119 0.000763
-0.866014 0.500018 0.001049
-0.866075 0.499913 0.000954
-0.866055 0.499947 0.001144
-0.866075 0.499913 0.001049
-0.866075 0.499913 0.000954
-0.865973 0.500090 0.000954
-0.866055 0.499947 0.001144
-0.866014 0.500019 0.000763
-0.866055 0.499947 0.000954
-0.866075 0.499913 0.001144
-0.866014 0.500019 0.000763
-0.866013 0.500021 0.000763
-0.866055 0.499947 0.000954
-0.866022 0.500006 0.000954
-0.866013 0.500021 0.000954
-0.866022 0.500006 0.000763
-0.866022 0.500006 0.000954
-0.866013 0.500021 0.001049
-0.866013 0.500021 0.000954
-0.709870 0.625762 0.323275
-0.709980 0.625721 0.323113
-0.709914 0.625800 0.323104
-0.709870 0.625762 0.323275
-0.709839 0.625887 0.323100
-0.709980 0.625721 0.323113
-0.866013 0.500021 0.000954
-0.866013 0.500021 0.000954
-0.866063 0.499934 0.000954
-0.866013 0.500021 0.000954
-0.866055 0.499947 0.001049
-0.866013 0.500021 0.000954
-0.965974 0.258639 0.000954
-0.965949 0.258729 0.001049
-0.965926 0.258818 0.001049
-0.965974 0.258639 0.000954
-0.965873 0.259016 0.000763
-0.965949 0.258729 0.001049
-0.965974 0.258639 0.000954
-0.965925 0.258818 0.001144
-0.965974 0.258639 0.001049
-0.965974 0.258639 0.000954
-0.965973 0.258640 0.001144
-0.965925 0.258818 0.001144
-0.965950 0.258729 0.000763
-0.965971 0.258650 0.000954
-0.965974 0.258639 0.000954
-0.965950 0.258729 0.000763
-0.965923 0.258829 0.000763
-0.965971 0.258650 0.000954
-0.965923 0.258826 0.001049
-0.965923 0.258829 0.000954
-0.965924 0.258826 0.000763
-0.965923 0.258826 0.001049
-0.965923 0.258829 0.001049
-0.965923 0.258829 0.000954
-0.965924 0.258826 0.000954
-0.965949 0.258729 0.000954
-0.965923 0.258829 0.001144
-0.965924 0.258826 0.000954
-0.965950 0.258728 0.000954
-0.965949 0.258729 0.000954
-0.965923 0.258829 0.000954
-0.965923 0.258829 0.000954
-0.965924 0.258826 0.000954
-0.965923 0.258829 0.000954
-0.965925 0.258818 0.001049
-0.965923 0.258829 0.000954
0.965898 0.258921 0.000954
0.965923 0.258827 0.001049
0.965949 0.258729 0.001049
0.965898 0.258921 0.000954
0.965949 0.258729 0.000954
0.965923 0.258827 0.001049
0.965923 0.258829 0.001144
0.965923 0.258829 0.000954
0.965923 0.258829 0.000954
0.965923 0.258829 0.001144
0.965923 0.258829 0.000954
0.965923 0.258829 0.000954
0.965923 0.258829 0.000763
0.965923 0.258828 0.000954
0.965923 0.258829 0.000763
0.965923 0.258829 0.000763
0.965923 0.258829 0.000954
0.965923 0.258828 0.000954
0.965973 0.258642 0.000954
0.965926 0.258817 0.000954
0.965973 0.258642 0.000954
0.965973 0.258642 0.000954
0.965926 0.258817 0.000954
0.965926 0.258817 0.000954
0.965973 0.258642 0.000763
0.965923 0.258829 0.000954
0.965926 0.258817 0.001144
0.965973 0.258642 0.000763
0.965873 0.259016 0.000954
0.965923 0.258829 0.000954
0.965923 0.258829 0.000954
0.965923 0.258829 0.000954
0.965873 0.259016 0.000954
0.965923 0.258829 0.000954
0.965923 0.258828 0.000954
0.965923 0.258829 0.000954
0.866016 0.500016 0.000954
0.866014 0.500018 0.001049
0.866014 0.500019 0.001001
0.866016 0.500016 0.000954
0.866014 0.500019 0.000954
0.866014 0.500018 0.001049
0.779251 0.626710 0.001144
0.779228 0.626740 0.000954
0.779252 0.626711 0.000954
0.779251 0.626710 0.001144
0.779228 0.626740 0.000954
0.779228 0.626740 0.000954
0.866014 0.500019 0.000763
0.866014 0.500019 0.000954
0.865969 0.500098 0.000763
0.866014 0.500019 0.000763
0.866054 0.499950 0.000954
0.866014 0.500019 0.000954
0.866075 0.499914 0.000763
0.865914 0.500193 0.000954
0.865974 0.500087 0.001144
0.866075 0.499914 0.000763
0.865956 0.500118 0.000954
0.865914 0.500193 0.000954
0.866013 0.500021 -0.000954
0.866013 0.500021 -0.000954
0.866075 0.499913 -0.000954
0.866013 0.500021 -0.000954
0.866014 0.500018 -0.001049
0.866013 0.500021 -0.000954
0.707059 0.707154 -0.000954
0.707086 0.707127 -0.000954
0.707172 0.707041 -0.001001
0.707059 0.707154 -0.000954
0.707172 0.707041 -0.000954
0.707086 0.707127 -0.000954
0.707059 0.707154 0.001144
0.707086 0.707127 0.000954
0.707059 0.707154 0.000954
0.707059 0.707154 0.001144
0.707086 0.707127 0.000954
0.707086 0.707127 0.000954
0.707130 0.707083 0.001049
0.707083 0.707130 0.000954
0.707130 0.707082 0.001144
0.707130 0.707083 0.001049
0.707083 0.707130 0.000954
0.707083 0.707130 0.000954
0.707154 0.707059 0.000954
0.707172 0.707041 0.000954
0.707142 0.707071 0.001144
0.707154 0.707059 0.000954
0.707178 0.707035 0.001144
0.707172 0.707041 0.000954
0.707083 0.707130 0.000954
0.707083 0.707130 0.000954
0.707130 0.707083 0.000954
0.707083 0.707130 0.000954
0.707175 0.707038 0.000954
0.707083 0.707130 0.000954
0.500154 0.865936 0.000954
0.500010 0.866019 0.001049
0.500015 0.866016 0.001001
0.500154 0.865936 0.000954
0.500023 0.866011 0.000954
0.500010 0.866019 0.001049
0.500010 0.866019 0.000763
0.500010 0.866019 0.000954
0.500006 0.866022 0.000954
0.500010 0.866019 0.000763
0.500024 0.866011 0.000763
0.500010 0.866019 0.000954
0.458552 0.886395 0.063518
0.458457 0.886444 0.063515
0.458324 0.886513 0.063513
0.458552 0.886395 0.063518
0.458457 0.886444 0.063515
0.458457 0.886444 0.063515
0.500047 0.865998 0.000954
0.500010 0.866019 0.000954
0.499929 0.866066 0.001144
0.500047 0.865998 0.000954
0.499982 0.866035 0.001144
0.500010 0.866019 0.000954
0.397947 0.888666 -0.227841
0.397945 0.888689 -0.227752
0.397895 0.888710 -0.227757
0.397947 0.888666 -0.227841
0.397892 0.888718 -0.227735
0.397945 0.888689 -0.227752
0.258814 0.965927 0.000954
0.258832 0.965922 0.001049
0.258769 0.965939 0.000954
0.258814 0.965927 0.000954
0.258792 0.965933 0.000954
0.258832 0.965922 0.001049
0.258769 0.965939 0.000763
0.258821 0.965925 0.000954
0.258769 0.965939 0.000954
0.258769 0.965939 0.000763
0.258792 0.965933 0.000763
0.258821 0.965925 0.000954
0.258749 0.965944 0.001049
0.258860 0.965914 0.000954
0.258701 0.965957 0.001144
0.258749 0.965944 0.001049
0.258860 0.965914 0.001049
0.258860 0.965914 0.000954
0.258838 0.965920 0.000954
0.258769 0.965939 0.000954
0.258792 0.965933 0.001144
0.258838 0.965920 0.000954
0.258838 0.965920 0.001144
0.258769 0.965939 0.000954
0.258827 0.965923 0.000954
0.258792 0.965933 0.000954
0.258838 0.965920 0.000954
0.258827 0.965923 0.000954
0.258827 0.965923 0.000954
0.258792 0.965933 0.000954
0.000954 0.001335 -0.999999
0.000972 0.000954 -0.999999
0.000977 0.001335 -0.999999
0.000954 0.001335 -0.999999
0.001002 0.000954 -0.999999
0.000972 0.000954 -0.999999
0.000972 0.000954 -0.999999
0.000954 0.000954 -0.999999
0.000954 0.000954 -0.999999
0.000972 0.000954 -0.999999
0.000972 0.000954 -0.999999
0.000954 0.000954 -0.999999
0.000978 0.001001 -0.999999
0.000972 0.000954 -0.999999
0.000954 0.000954 -0.999999
0.000978 0.001001 -0.999999
0.001002 0.000954 -0.999999
0.000972 0.000954 -0.999999
0.000954 0.000954 -0.999999
0.000954 0.000954 -0.999999
0.000954 0.000954 -0.999999
0.000954 0.000954 -0.999999
0.000954 0.000954 -0.999999
0.000954 0.000954 -0.999999
0.000954 0.000954 -0.999999
0.000972 0.000954 -0.999999
0.001025 0.001049 -0.999999
0.000954 0.000954 -0.999999
0.001049 0.000954 -0.999999
0.000972 0.000954 -0.999999
0.000977 0.001335 -0.999999
0.001001 0.000954 -0.999999
0.000954 0.001335 -0.999999
0.000977 0.001335 -0.999999
0.000977 0.000954 -0.999999
0.001001 0.000954 -0.999999
-0.499964 0.001335 -0.866045
-0.500078 0.000954 -0.865980
-0.500082 0.001335 -0.865977
-0.499964 0.001335 -0.866045
-0.499947 0.000954 -0.866056
-0.500078 0.000954 -0.865980
-0.500077 0.001001 -0.865980
-0.499996 0.000954 -0.866027
-0.499929 0.000954 -0.866066
-0.500077 0.001001 -0.865980
-0.500065 0.000954 -0.865987
-0.499996 0.000954 -0.866027
-0.500006 0.000954 -0.866022
-0.500083 0.000954 -0.865977
-0.500006 0.000954 -0.866022
-0.500006 0.000954 -0.866022
-0.500083 0.000954 -0.865977
-0.500083 0.000954 -0.865977
-0.500047 0.000954 -0.865998
-0.500078 0.000954 -0.865980
-0.500059 0.001049 -0.865991
-0.500047 0.000954 -0.865998
-0.500041 0.000954 -0.866001
-0.500078 0.000954 -0.865980
-0.499964 0.001335 -0.866045
-0.500083 0.000954 -0.865977
-0.500005 0.001335 -0.866021
-0.499964 0.001335 -0.866045
-0.500074 0.000954 -0.865982
-0.500083 0.000954 -0.865977
-0.866057 0.001335 -0.499944
-0.865973 0.000954 -0.500090
-0.865972 0.001335 -0.500090
-0.866057 0.001335 -0.499944
-0.865974 0.000954 -0.500087
-0.865973 0.000954 -0.500090
-0.865973 0.000954 -0.500090
-0.865980 0.000954 -0.500077
-0.866063 0.000954 -0.499934
-0.865973 0.000954 -0.500090
-0.865973 0.000954 -0.500090
-0.865980 0.000954 -0.500077
-0.865973 0.001001 -0.500090
-0.865973 0.000954 -0.500090
-0.865974 0.000954 -0.500087
-0.865973 0.001001 -0.500090
-0.865971 0.000954 -0.500093
-0.865973 0.000954 -0.500090
-0.866022 0.000954 -0.500006
-0.865971 0.000954 -0.500093
-0.865980 0.000954 -0.500077
-0.866022 0.000954 -0.500006
-0.866013 0.000954 -0.500021
-0.865971 0.000954 -0.500093
-0.865968 0.000954 -0.500098
-0.865973 0.000954 -0.500090
-0.866057 0.001001 -0.499944
-0.865968 0.000954 -0.500098
-0.866016 0.000954 -0.500016
-0.865973 0.000954 -0.500090
-0.865971 0.001335 -0.500092
-0.865971 0.000954 -0.500093
-0.866021 0.001335 -0.500005
-0.865971 0.001335 -0.500092
-0.866055 0.000954 -0.499947
-0.865971 0.000954 -0.500093
-0.865980 0.001335 0.500077
-0.866055 0.000954 0.499947
-0.866057 0.001335 0.499944
-0.865980 0.001335 0.500077
-0.865974 0.000954 0.500087
-0.866055 0.000954 0.499947
-0.865971 0.000954 0.500093
-0.865968 0.000954 0.500098
-0.865968 0.000954 0.500098
-0.865971 0.000954 0.500093
-0.865971 0.000954 0.500093
-0.865968 0.000954 0.500098
-0.866057 0.001001 0.499944
-0.865971 0.000954 0.500093
-0.866063 0.000954 0.499934
-0.866057 0.001001 0.499944
-0.866014 0.000954 0.500019
-0.865971 0.000954 0.500093
-0.866022 0.000954 0.500006
-0.865973 0.000954 0.500090
-0.866022 0.000954 0.500006
-0.866022 0.000954 0.500006
-0.866014 0.000954 0.500019
-0.865973 0.000954 0.500090
-0.866016 0.000954 0.500016
-0.865973 0.000954 0.500090
-0.865973 0.001001 0.500090
-0.866016 0.000954 0.500016
-0.865973 0.000954 0.500090
-0.865973 0.000954 0.500090
-0.865964 0.001335 0.500105
-0.866014 0.000954 0.500019
-0.866015 0.001335 0.500016
-0.865964 0.001335 0.500105
-0.866057 0.000954 0.499944
-0.866014 0.000954 0.500019
-0.499893 0.001335 0.866086
-0.499996 0.000954 0.866027
-0.499982 0.001335 0.866035
-0.499893 0.001335 0.866086
-0.500118 0.000954 0.865956
-0.499996 0.000954 0.866027
-0.500083 0.000954 0.865977
-0.499975 0.000954 0.866039
-0.499975 0.000954 0.866039
-0.500083 0.000954 0.865977
-0.500083 0.000954 0.865977
-0.499975 0.000954 0.866039
-0.499964 0.001001 0.866045
-0.500065 0.000954 0.865987
-0.500118 0.000954 0.865956
-0.499964 0.001001 0.866045
-0.500078 0.000954 0.865980
-0.500065 0.000954 0.865987
-0.500041 0.000954 0.866001
-0.499991 0.000954 0.866030
-0.500041 0.001049 0.866001
-0.500041 0.000954 0.866001
-0.500065 0.000954 0.865987
-0.499991 0.000954 0.866030
-0.500078 0.001335 0.865979
-0.500051 0.000954 0.865995
-0.500082 0.001335 0.865977
-0.500078 0.001335 0.865979
-0.500101 0.000954 0.865967
-0.500051 0.000954 0.865995
0.145741 0.969232 -0.198367
0.145718 0.969198 -0.198551
0.145718 0.969198 -0.198551
0.145741 0.969232 -0.198367
0.145735 0.969233 -0.198367
0.145718 0.969198 -0.198551
-0.500010 0.866019 0.000954
-0.500047 0.865998 0.000954
-0.500047 0.865998 0.000763
-0.500010 0.866019 0.000954
-0.500010 0.866019 0.001144
-0.500047 0.865998 0.000954
-0.722328 0.691120 0.024414
-0.722385 0.691056 0.024510
-0.722390 0.691061 0.024224
-0.722328 0.691120 0.024414
-0.722324 0.691117 0.024604
-0.722385 0.691056 0.024510
0.500006 0.866021 0.001144
0.500010 0.866019 0.000954
0.500006 0.866022 0.001049
0.500006 0.866021 0.001144
0.500010 0.866019 0.000954
0.500010 0.866019 0.000954
0.258838 0.965920 0.000954
0.258832 0.965922 0.000954
0.258838 0.965920 0.001049
0.258838 0.965920 0.000954
0.258832 0.965922 0.000954
0.258832 0.965922 0.000954
-0.499969 0.000954 -0.866043
-0.500047 0.000954 -0.865998
-0.499964 0.000954 -0.866045
-0.499969 0.000954 -0.866043
-0.500051 0.000954 -0.865995
-0.500047 0.000954 -0.865998
-0.500041 0.000954 0.866001
-0.499996 0.000954 0.866027
-0.500083 0.000954 0.865977
-0.500041 0.000954 0.866001
-0.500078 0.000954 0.865980
-0.499996 0.000954 0.866027
0.999999 0.000954 0.000954
0.999999 0.000977 0.000954
0.999999 0.001001 0.000954
0.999999 0.000954 0.000954
0.999999 0.000954 0.001049
0.999999 0.000977 0.000954
0.999999 0.000954 0.001049
0.999999 0.000954 0.001144
0.999999 0.000954 0.001001
0.999999 0.000954 0.001049
0.999999 0.000954 0.000954
0.999999 0.000954 0.001144
0.999999 0.000954 0.000763
0.999999 0.001001 0.000954
0.999999 0.000954 0.000954
0.999999 0.000954 0.000763
0.999999 0.000977 0.001144
0.999999 0.001001 0.000954
0.999999 0.000954 0.001144
0.999999 0.000972 0.001144
0.999999 0.000954 0.001144
0.999999 0.000954 0.001144
0.999999 0.000954 0.000954
0.999999 0.000972 0.001144
0.999998 0.000954 0.001526
0.999999 0.001001 0.001144
0.999999 0.000954 0.001144
0.999998 0.000954 0.001526
0.999999 0.001001 0.000763
0.999999 0.001001 0.001144
0.999999 0.000954 0.001049
0.999999 0.000977 0.000954
0.999999 0.000954 0.001049
0.999999 0.000954 0.001049
0.999999 0.000977 0.000954
0.999999 0.000977 0.000954
0.001335 0.808921 -0.587916
0.000954 0.808967 -0.587854
0.000954 0.808967 -0.587854
0.001335 0.808921 -0.587916
0.000954 0.808967 -0.587854
0.000954 0.808967 -0.587854
0.000954 0.808983 -0.587831
0.000954 0.808967 -0.587854
0.000954 0.808967 -0.587854
0.000954 0.808983 -0.587831
0.000954 0.808975 -0.587843
0.000954 0.808967 -0.587854
0.001001 0.808967 -0.587854
0.000954 0.808975 -0.587843
0.000954 0.808983 -0.587831
0.001001 0.808967 -0.587854
0.000954 0.808971 -0.587848
0.000954 0.808975 -0.587843
0.000954 0.808983 -0.587831
0.000954 0.808969 -0.587851
0.000981 0.808967 -0.587854
0.000954 0.808983 -0.587831
0.000954 0.808913 -0.587928
0.000954 0.808969 -0.587851
-0.259018 0.781202 -0.568008
-0.258936 0.781207 -0.568038
-0.259129 0.781106 -0.568090
-0.259018 0.781202 -0.568008
-0.259113 0.781171 -0.568007
-0.258936 0.781207 -0.568038
-0.176810 0.917346 -0.356672
-0.176913 0.917395 -0.356496
-0.176810 0.917383 -0.356577
-0.176810 0.917346 -0.356672
-0.176904 0.917328 -0.356670
-0.176913 0.917395 -0.356496
-0.259097 0.781201 -0.567973
-0.259114 0.781169 -0.568010
-0.259027 0.781183 -0.568029
-0.259097 0.781201 -0.567973
-0.259107 0.781183 -0.567994
-0.259114 0.781169 -0.568010
-0.259023 0.781193 -0.568019
-0.259094 0.781169 -0.568019
-0.259085 0.781117 -0.568094
-0.259023 0.781193 -0.568019
-0.259018 0.781202 -0.568008
-0.259094 0.781169 -0.568019
-0.259063 0.781052 -0.568194
-0.259112 0.781173 -0.568005
-0.258971 0.781014 -0.568288
-0.259063 0.781052 -0.568194
-0.259112 0.781173 -0.568005
-0.259112 0.781173 -0.568005
-0.259123 0.781185 -0.567983
-0.259114 0.781169 -0.568010
-0.259086 0.781171 -0.568020
-0.259123 0.781185 -0.567983
-0.259102 0.781122 -0.568080
-0.259114 0.781169 -0.568010
-0.499347 0.700860 -0.509361
-0.499455 0.700842 -0.509279
-0.499514 0.700827 -0.509242
-0.499347 0.700860 -0.509361
-0.499514 0.700827 -0.509242
-0.499455 0.700842 -0.509279
-0.499619 0.700745 -0.509251
-0.499514 0.700827 -0.509242
-0.499346 0.700930 -0.509265
-0.499619 0.700745 -0.509251
-0.499462 0.700868 -0.509237
-0.499514 0.700827 -0.509242
-0.499486 0.700894 -0.509178
-0.499479 0.700844 -0.509254
-0.499488 0.700839 -0.509251
-0.499486 0.700894 -0.509178
-0.499487 0.700832 -0.509262
-0.499479 0.700844 -0.509254
-0.499427 0.700900 -0.509226
-0.499460 0.700836 -0.509283
-0.499409 0.700909 -0.509232
-0.499427 0.700900 -0.509226
-0.499487 0.700832 -0.509262
-0.499460 0.700836 -0.509283
-0.499514 0.700827 -0.509242
-0.499487 0.700832 -0.509262
-0.499466 0.700815 -0.509306
-0.499514 0.700827 -0.509242
-0.499451 0.700848 -0.509274
-0.499487 0.700832 -0.509262
-0.767904 0.634866 -0.085259
-0.767887 0.634899 -0.085162
-0.767963 0.634819 -0.085075
-0.767904 0.634866 -0.085259
-0.767892 0.634880 -0.085258
-0.767887 0.634899 -0.085162
-0.707036 0.572267 -0.415466
-0.707043 0.572255 -0.415470
-0.707045 0.572251 -0.415471
-0.707036 0.572267 -0.415466
-0.707029 0.572041 -0.415787
-0.707043 0.572255 -0.415470
-0.707059 0.572070 -0.415696
-0.707099 0.572083 -0.415610
-0.707061 0.572122 -0.415621
-0.707059 0.572070 -0.415696
-0.707099 0.572083 -0.415610
-0.707099 0.572083 -0.415610
-0.552488 0.632671 -0.542664
-0.552422 0.632620 -0.542791
-0.552406 0.632628 -0.542798
-0.552488 0.632671 -0.542664
-0.552528 0.632765 -0.542513
-0.552422 0.632620 -0.542791
-0.707161 0.572071 -0.415522
-0.707085 0.572107 -0.415601
-0.707068 0.572090 -0.415653
-0.707161 0.572071 -0.415522
-0.706999 0.572189 -0.415635
-0.707085 0.572107 -0.415601
-0.865993 0.404149 -0.294482
-0.865925 0.404150 -0.294681
-0.866002 0.404058 -0.294580
-0.865993 0.404149 -0.294482
-0.866010 0.404109 -0.294487
-0.865925 0.404150 -0.294681
-0.866010 0.404109 -0.294487
-0.866010 0.404109 -0.294487
-0.866011 0.403967 -0.294678
-0.866010 0.404109 -0.294487
-0.866001 0.404129 -0.294484
-0.866010 0.404109 -0.294487
-0.866027 0.404069 -0.294493
-0.866008 0.404114 -0.294486
-0.865905 0.404057 -0.294866
-0.866027 0.404069 -0.294493
-0.865998 0.404126 -0.294499
-0.866008 0.404114 -0.294486
-0.865998 0.404126 -0.294499
-0.865990 0.404146 -0.294497
-0.865975 0.404174 -0.294500
-0.865998 0.404126 -0.294499
-0.865961 0.404145 -0.294582
-0.865990 0.404146 -0.294497
-0.709853 0.696263 -0.106428
-0.709853 0.696263 -0.106428
-0.709847 0.696269 -0.106429
-0.709853 0.696263 -0.106428
-0.709829 0.696287 -0.106431
-0.709853 0.696263 -0.106428
-0.866010 0.404109 -0.294487
-0.865974 0.404115 -0.294586
-0.865990 0.404146 -0.294497
-0.866010 0.404109 -0.294487
-0.865993 0.404149 -0.294482
-0.865974 0.404115 -0.294586
-0.965919 0.209912 -0.151449
-0.965902 0.209992 -0.151447
-0.965926 0.209893 -0.151435
-0.965919 0.209912 -0.151449
-0.965939 0.209967 -0.151247
-0.965902 0.209992 -0.151447
-0.965972 0.209950 -0.151061
-0.965900 0.210003 -0.151446
-0.965981 0.209905 -0.151063
-0.965972 0.209950 -0.151061
-0.965951 0.210038 -0.151073
-0.965900 0.210003 -0.151446
-0.965881 0.210094 -0.151443
-0.965905 0.209980 -0.151447
-0.965967 0.209973 -0.151060
-0.965881 0.210094 -0.151443
-0.965900 0.210003 -0.151446
-0.965905 0.209980 -0.151447
-0.965890 0.210049 -0.151445
-0.965905 0.209980 -0.151447
-0.965922 0.209902 -0.151442
-0.965890 0.210049 -0.151445
-0.965905 0.209980 -0.151447
-0.965905 0.209980 -0.151447
-0.965881 0.210094 -0.151443
-0.965895 0.210026 -0.151446
-0.965881 0.210094 -0.151443
-0.965881 0.210094 -0.151443
-0.965917 0.209996 -0.151346
-0.965895 0.210026 -0.151446
-0.965900 0.210003 -0.151446
-0.965933 0.209986 -0.151261
-0.965922 0.209974 -0.151347
-0.965900 0.210003 -0.151446
-0.965910 0.209958 -0.151448
-0.965933 0.209986 -0.151261
0.965900 0.210003 -0.151446
0.965905 0.209980 -0.151447
0.965917 0.209959 -0.151401
0.965900 0.210003 -0.151446
0.965930 0.209941 -0.151341
0.965905 0.209980 -0.151447
0.965895 0.210097 -0.151350
0.965919 0.209983 -0.151354
0.965926 0.209913 -0.151403
0.965895 0.210097 -0.151350
0.965890 0.210049 -0.151445
0.965919 0.209983 -0.151354
0.965919 0.209912 -0.151449
0.965895 0.210026 -0.151446
0.965926 0.209893 -0.151435
0.965919 0.209912 -0.151449
0.965909 0.209972 -0.151433
0.965895 0.210026 -0.151446
0.965922 0.209902 -0.151442
0.965905 0.209980 -0.151447
0.965903 0.209993 -0.151439
0.965922 0.209902 -0.151442
0.965890 0.210049 -0.151445
0.965905 0.209980 -0.151447
0.965949 0.210051 -0.151065
0.965905 0.209980 -0.151447
0.965962 0.209996 -0.151060
0.965949 0.210051 -0.151065
0.965900 0.210003 -0.151446
0.965905 0.209980 -0.151447
0.965900 0.210003 -0.151446
0.965905 0.209980 -0.151447
0.965895 0.210097 -0.151350
0.965900 0.210003 -0.151446
0.965914 0.210006 -0.151353
0.965905 0.209980 -0.151447
0.866010 0.404109 -0.294487
0.865937 0.404120 -0.294686
0.865993 0.404149 -0.294482
0.866010 0.404109 -0.294487
0.865986 0.404143 -0.294512
0.865937 0.404120 -0.294686
0.779136 0.507249 -0.368301
0.779034 0.507269 -0.368489
0.779023 0.507395 -0.368338
0.779136 0.507249 -0.368301
0.779044 0.507251 -0.368494
0.779034 0.507269 -0.368489
0.865936 0.404262 -0.294494
0.866067 0.404112 -0.294316
0.865969 0.404183 -0.294506
0.865936 0.404262 -0.294494
0.865998 0.404126 -0.294499
0.866067 0.404112 -0.294316
0.866004 0.404118 -0.294493
0.866001 0.404129 -0.294484
0.865905 0.404057 -0.294866
0.866004 0.404118 -0.294493
0.865990 0.404146 -0.294497
0.866001 0.404129 -0.294484
0.865957 0.404177 -0.294549
0.865990 0.404146 -0.294497
0.865981 0.404166 -0.294494
0.865957 0.404177 -0.294549
0.866010 0.404109 -0.294487
0.865990 0.404146 -0.294497
0.707042 0.572123 -0.415652
0.707071 0.572111 -0.415621
0.706979 0.572221 -0.415623
0.707042 0.572123 -0.415652
0.707046 0.572151 -0.415607
0.707071 0.572111 -0.415621
0.707066 0.572119 -0.415618
0.707038 0.572096 -0.415697
0.707057 0.572064 -0.415708
0.707066 0.572119 -0.415618
0.707122 0.572164 -0.415460
0.707038 0.572096 -0.415697
0.707073 0.572113 -0.415614
0.707078 0.572099 -0.415625
0.707049 0.572132 -0.415628
0.707073 0.572113 -0.415614
0.707038 0.572096 -0.415697
0.707078 0.572099 -0.415625
0.707127 0.572168 -0.415446
0.707066 0.572119 -0.415618
0.707102 0.572196 -0.415449
0.707127 0.572168 -0.415446
0.707146 0.572145 -0.415446
0.707066 0.572119 -0.415618
0.707104 0.572054 -0.415641
0.707104 0.572075 -0.415613
0.707140 0.572025 -0.415620
0.707104 0.572054 -0.415641
0.707066 0.572119 -0.415618
0.707104 0.572075 -0.415613
0.499556 0.700802 -0.509236
0.499451 0.700848 -0.509274
0.499531 0.700803 -0.509259
0.499556 0.700802 -0.509236
0.499435 0.700872 -0.509257
0.499451 0.700848 -0.509274
0.499514 0.700827 -0.509242
0.499451 0.700848 -0.509274
0.499514 0.700827 -0.509242
0.499514 0.700827 -0.509242
0.499411 0.700768 -0.509424
0.499451 0.700848 -0.509274
0.457958 0.754771 -0.469676
0.457973 0.754804 -0.469608
0.457958 0.754807 -0.469617
0.457958 0.754771 -0.469676
0.457948 0.754775 -0.469678
0.457973 0.754804 -0.469608
0.499474 0.700850 -0.509249
0.499435 0.700872 -0.509257
0.499514 0.700827 -0.509242
0.499474 0.700850 -0.509249
0.499527 0.700912 -0.509112
0.499435 0.700872 -0.509257
0.397591 0.585371 -0.706585
0.397728 0.585380 -0.706500
0.397778 0.585366 -0.706483
0.397591 0.585371 -0.706585
0.397730 0.585272 -0.706589
0.397728 0.585380 -0.706500
0.259210 0.781135 -0.568012
0.259119 0.781159 -0.568021
0.258924 0.781160 -0.568108
0.259210 0.781135 -0.568012
0.259107 0.781183 -0.567994
0.259119 0.781159 -0.568021
0.259027 0.781183 -0.568029
0.259116 0.781164 -0.568015
0.258999 0.781099 -0.568159
0.259027 0.781183 -0.568029
0.259032 0.781174 -0.568040
0.259116 0.781164 -0.568015
0.259094 0.781169 -0.568019
0.259020 0.781197 -0.568013
0.259077 0.781063 -0.568172
0.259094 0.781169 -0.568019
0.259027 0.781183 -0.568029
0.259020 0.781197 -0.568013
0.259076 0.781156 -0.568044
0.259112 0.781173 -0.568005
0.259080 0.780958 -0.568316
0.259076 0.781156 -0.568044
0.259112 0.781173 -0.568005
0.259112 0.781173 -0.568005
0.259136 0.781127 -0.568058
0.259027 0.781183 -0.568029
0.259080 0.781126 -0.568083
0.259136 0.781127 -0.568058
0.259121 0.781155 -0.568026
0.259027 0.781183 -0.568029
0.001335 -0.587907 -0.808927
0.000954 -0.587892 -0.808939
0.000954 -0.587786 -0.809016
0.001335 -0.587907 -0.808927
0.000954 -0.587884 -0.808944
0.000954 -0.587892 -0.808939
0.000954 -0.587831 -0.808983
0.001335 -0.587797 -0.809007
0.001335 -0.587831 -0.808983
0.000954 -0.587831 -0.808983
0.000954 -0.587892 -0.808939
0.001335 -0.587797 -0.809007
0.000954 -0.587831 -0.808983
0.000954 -0.587876 -0.808950
0.000954 -0.587876 -0.808950
0.000954 -0.587831 -0.808983
0.000954 -0.587939 -0.808905
0.000954 -0.587876 -0.808950
0.001025 -0.587848 -0.808971
0.000954 -0.587892 -0.808939
0.001025 -0.587862 -0.808960
0.001025 -0.587848 -0.808971
0.000954 -0.587833 -0.808982
0.000954 -0.587892 -0.808939
0.001025 -0.587831 -0.808983
0.000954 -0.587847 -0.808972
0.000954 -0.587831 -0.808983
0.001025 -0.587831 -0.808983
0.000954 -0.587794 -0.809010
0.000954 -0.587847 -0.808972
0.000954 -0.587967 -0.808884
0.000954 -0.587797 -0.809007
0.000981 -0.587908 -0.808927
0.000954 -0.587967 -0.808884
0.000954 -0.587833 -0.808982
0.000954 -0.587797 -0.809007
-0.499332 -0.509274 -0.700934
-0.499548 -0.509276 -0.700778
-0.499548 -0.509276 -0.700778
-0.499332 -0.509274 -0.700934
-0.499464 -0.509335 -0.700795
-0.499548 -0.509276 -0.700778
-0.499610 -0.509147 -0.700828
-0.499464 -0.509335 -0.700795
-0.499371 -0.509290 -0.700894
-0.499610 -0.509147 -0.700828
-0.499479 -0.509254 -0.700844
-0.499464 -0.509335 -0.700795
-0.499521 -0.509177 -0.700869
-0.499512 -0.509288 -0.700795
-0.499482 -0.509245 -0.700848
-0.499521 -0.509177 -0.700869
-0.499445 -0.509220 -0.700892
-0.499512 -0.509288 -0.700795
-0.499486 -0.509274 -0.700824
-0.499548 -0.509276 -0.700778
-0.499514 -0.509242 -0.700827
-0.499486 -0.509274 -0.700824
-0.499479 -0.509254 -0.700844
-0.499548 -0.509276 -0.700778
-0.499434 -0.509161 -0.700943
-0.499445 -0.509220 -0.700892
-0.499459 -0.509215 -0.700886
-0.499434 -0.509161 -0.700943
-0.499481 -0.509207 -0.700875
-0.499445 -0.509220 -0.700892
-0.866057 -0.294515 -0.403988
-0.865951 -0.294571 -0.404174
-0.865903 -0.294483 -0.404342
-0.866057 -0.294515 -0.403988
-0.865969 -0.294569 -0.404138
-0.865951 -0.294571 -0.404174
-0.865993 -0.294482 -0.404149
-0.865939 -0.294415 -0.404314
-0.866012 -0.294616 -0.404012
-0.865993 -0.294482 -0.404149
-0.865896 -0.294505 -0.404339
-0.865939 -0.294415 -0.404314
-0.866027 -0.294493 -0.404069
-0.866048 -0.294548 -0.403984
-0.865921 -0.294680 -0.404160
-0.866027 -0.294493 -0.404069
-0.865945 -0.294593 -0.404171
-0.866048 -0.294548 -0.403984
-0.865981 -0.294494 -0.404166
-0.866002 -0.294549 -0.404080
-0.865975 -0.294500 -0.404174
-0.865981 -0.294494 -0.404166
-0.865969 -0.294537 -0.404160
-0.866002 -0.294549 -0.404080
-0.865986 -0.294543 -0.404120
-0.866012 -0.294616 -0.404012
-0.865937 -0.294686 -0.404120
-0.865986 -0.294543 -0.404120
-0.865969 -0.294537 -0.404160
-0.866012 -0.294616 -0.404012
-0.865921 -0.294680 -0.404160
-0.866039 -0.294549 -0.404002
-0.865981 -0.294494 -0.404166
-0.865921 -0.294680 -0.404160
-0.866030 -0.294550 -0.404020
-0.866039 -0.294549 -0.404002
-0.866051 0.294537 0.403985
-0.865984 0.294514 0.404145
-0.866060 0.294504 0.403990
-0.866051 0.294537 0.403985
-0.865969 0.294506 0.404183
-0.865984 0.294514 0.404145
-0.865969 0.294537 0.404160
-0.866042 0.294522 0.404015
-0.865921 0.294680 0.404160
-0.865969 0.294537 0.404160
-0.866033 0.294571 0.403999
-0.866042 0.294522 0.404015
-0.865921 0.294680 0.404160
-0.865969 0.294537 0.404160
-0.866048 0.294516 0.404006
-0.865921 0.294680 0.404160
-0.865981 0.294525 0.404144
-0.865969 0.294537 0.404160
-0.865954 0.294691 0.404080
-0.866020 0.294515 0.404067
-0.865998 0.294531 0.404104
-0.865954 0.294691 0.404080
-0.866048 0.294548 0.403984
-0.866020 0.294515 0.404067
-0.866004 0.294509 0.404106
-0.865981 0.294525 0.404144
-0.865993 0.294482 0.404149
-0.866004 0.294509 0.404106
-0.865957 0.294549 0.404177
-0.865981 0.294525 0.404144
-0.865903 0.294483 0.404342
-0.865984 0.294514 0.404145
-0.865987 0.294703 0.404000
-0.865903 0.294483 0.404342
-0.865911 0.294482 0.404324
-0.865984 0.294514 0.404145
-0.499422 0.509196 0.700926
-0.499481 0.509207 0.700875
-0.499409 0.509232 0.700909
-0.499422 0.509196 0.700926
-0.499512 0.509288 0.700795
-0.499481 0.509207 0.700875
-0.499479 0.509254 0.700844
-0.499479 0.509268 0.700833
-0.499521 0.509285 0.700791
-0.499479 0.509254 0.700844
-0.499442 0.509228 0.700888
-0.499479 0.509268 0.700833
-0.499503 0.509183 0.700878
-0.499512 0.509288 0.700795
-0.499492 0.509249 0.700837
-0.499503 0.509183 0.700878
-0.499443 0.509266 0.700860
-0.499512 0.509288 0.700795
-0.499342 0.509308 0.700901
-0.499625 0.509234 0.700754
-0.499452 0.509370 0.700778
-0.499342 0.509308 0.700901
-0.499548 0.509276 0.700778
-0.499625 0.509234 0.700754
-0.499452 0.509370 0.700778
-0.499548 0.509276 0.700778
-0.499405 0.509324 0.700845
-0.499452 0.509370 0.700778
-0.499428 0.509179 0.700934
-0.499548 0.509276 0.700778
0.145811 0.667595 -0.730106
0.145713 0.667532 -0.730184
0.145718 0.667605 -0.730117
0.145811 0.667595 -0.730106
0.145820 0.667549 -0.730147
0.145713 0.667532 -0.730184
-0.499483 0.700941 -0.509116
-0.499338 0.700942 -0.509256
-0.499350 0.700924 -0.509269
-0.499483 0.700941 -0.509116
-0.499510 0.700833 -0.509237
-0.499338 0.700942 -0.509256
-0.722297 0.573813 -0.386039
-0.722198 0.573810 -0.386228
-0.722370 0.573823 -0.385887
-0.722297 0.573813 -0.386039
-0.722263 0.573739 -0.386212
-0.722198 0.573810 -0.386228
0.499386 0.701010 -0.509115
0.499539 0.700861 -0.509171
0.499355 0.700918 -0.509273
0.499386 0.701010 -0.509115
0.499460 0.700836 -0.509283
0.499539 0.700861 -0.509171
0.259205 0.781145 -0.568001
0.258926 0.781226 -0.568017
0.259210 0.781135 -0.568012
0.259205 0.781145 -0.568001
0.258910 0.781118 -0.568173
0.258926 0.781226 -0.568017
-0.499527 -0.509206 -0.700844
-0.499326 -0.509291 -0.700925
-0.499338 -0.509256 -0.700942
-0.499527 -0.509206 -0.700844
-0.499548 -0.509276 -0.700778
-0.499326 -0.509291 -0.700925
-0.499347 0.509361 0.700860
-0.499545 0.509284 0.700774
-0.499364 0.509312 0.700883
-0.499347 0.509361 0.700860
-0.499548 0.509276 0.700778
-0.499545 0.509284 0.700774
0.999999 0.001335 0.000763
0.999999 0.000954 0.001049
0.999999 0.000954 0.001049
0.999999 0.001335 0.000763
0.999999 0.000954 0.000763
0.999999 0.000954 0.001049
0.999999 0.000954 0.001144
0.999999 0.000954 0.000763
0.999999 0.001335 0.000954
0.999999 0.000954 0.001144
0.999999 0.000954 0.000763
0.999999 0.000954 0.000763
0.999999 0.001001 0.001144
0.999999 0.000954 0.000763
0.999998 0.000954 0.001526
0.999999 0.001001 0.001144
0.999999 0.000954 0.000763
0.999999 0.000954 0.000763
0.999999 0.000954 0.000954
0.999999 0.000954 0.001049
0.999999 0.000977 0.000954
0.999999 0.000954 0.000954
0.999999 0.000954 0.000954
0.999999 0.000954 0.001049
0.999999 0.000954 0.000954
0.999999 0.000954 0.000954
0.999999 0.001049 0.000954
0.999999 0.000954 0.000954
0.999999 0.000954 0.000954
0.999999 0.000954 0.000954
0.999999 0.001335 0.000954
0.999999 0.000954 0.000954
0.999999 0.000954 0.000954
0.999999 0.001335 0.000954
0.999999 0.000954 0.000954
0.999999 0.000954 0.000954
0.000763 0.574134 0.818761
0.000954 0.574134 0.818761
0.001144 0.574134 0.818761
0.000763 0.574134 0.818761
0.001144 0.574243 0.818684
0.000954 0.574134 0.818761
0.001335 0.574211 0.818707
0.001144 0.574089 0.818792
0.000763 0.574219 0.818702
0.001335 0.574211 0.818707
0.001335 0.574153 0.818747
0.001144 0.574089 0.818792
0.000954 0.574227 0.818696
0.000954 0.574307 0.818640
0.000954 0.574137 0.818759
0.000954 0.574227 0.818696
0.000954 0.574153 0.818747
0.000954 0.574307 0.818640
0.001335 0.574134 0.818760
0.000954 0.574134 0.818761
0.000954 0.574134 0.818761
0.001335 0.574134 0.818760
0.000763 0.574134 0.818761
0.000954 0.574134 0.818761
-0.259407 0.554100 0.791000
-0.259010 0.554353 0.790953
-0.259004 0.554246 0.791030
-0.259407 0.554100 0.791000
-0.259024 0.554287 0.790995
-0.259010 0.554353 0.790953
-0.176620 0.340938 0.923345
-0.177385 0.341036 0.923163
-0.176614 0.341022 0.923315
-0.176620 0.340938 0.923345
-0.177390 0.340952 0.923193
-0.177385 0.341036 0.923163
-0.259227 0.554410 0.790842
-0.258996 0.554420 0.790911
-0.259383 0.554216 0.790927
-0.259227 0.554410 0.790842
-0.259035 0.554503 0.790839
-0.258996 0.554420 0.790911
-0.259016 0.554461 0.790875
-0.259227 0.554410 0.790842
-0.259201 0.554260 0.790955
-0.259016 0.554461 0.790875
-0.258971 0.554270 0.791024
-0.259227 0.554410 0.790842
-0.258996 0.554420 0.790911
-0.259241 0.554344 0.790884
-0.259017 0.554321 0.790974
-0.258996 0.554420 0.790911
-0.259035 0.554503 0.790839
-0.259241 0.554344 0.790884
-0.259014 0.554267 0.791012
-0.259241 0.554344 0.790884
-0.259016 0.554461 0.790875
-0.259014 0.554267 0.791012
-0.259016 0.554461 0.790875
-0.259241 0.554344 0.790884
-0.500100 0.497620 0.708713
-0.499338 0.497907 0.709048
-0.499695 0.497597 0.709014
-0.500100 0.497620 0.708713
-0.499648 0.497741 0.708947
-0.499338 0.497907 0.709048
-0.499606 0.497889 0.708872
-0.499682 0.497775 0.708900
-0.500089 0.497586 0.708745
-0.499606 0.497889 0.708872
-0.499618 0.497853 0.708889
-0.499682 0.497775 0.708900
-0.499518 0.497611 0.709129
-0.499281 0.497946 0.709062
-0.499495 0.497683 0.709096
-0.499518 0.497611 0.709129
-0.499338 0.497907 0.709048
-0.499281 0.497946 0.709062
-0.499928 0.497687 0.708788
-0.499471 0.497755 0.709062
-0.499495 0.497683 0.709096
-0.499928 0.497687 0.708788
-0.499515 0.497894 0.708934
-0.499471 0.497755 0.709062
-0.499569 0.497662 0.709058
-0.499539 0.497822 0.708967
-0.499586 0.497678 0.709034
-0.499569 0.497662 0.709058
-0.499682 0.497775 0.708900
-0.499539 0.497822 0.708967
-0.767883 0.073384 0.636374
-0.767547 0.073245 0.636794
-0.767565 0.073342 0.636761
-0.767883 0.073384 0.636374
-0.767724 0.073148 0.636591
-0.767547 0.073245 0.636794
-0.706687 0.405701 0.579655
-0.706687 0.405701 0.579655
-0.706783 0.405647 0.579577
-0.706687 0.405701 0.579655
-0.706687 0.405701 0.579655
-0.706687 0.405701 0.579655
-0.706742 0.405542 0.579700
-0.706687 0.405701 0.579655
-0.706915 0.405532 0.579495
-0.706742 0.405542 0.579700
-0.706687 0.405701 0.579655
-0.706687 0.405701 0.579655
-0.552570 0.531017 0.642408
-0.552417 0.531124 0.642451
-0.552410 0.531141 0.642443
-0.552570 0.531017 0.642408
-0.552570 0.531017 0.642408
-0.552417 0.531124 0.642451
-0.706876 0.405510 0.579558
-0.706687 0.405701 0.579655
-0.706892 0.405328 0.579667
-0.706876 0.405510 0.579558
-0.706783 0.405647 0.579577
-0.706687 0.405701 0.579655
-0.865873 0.286844 0.409859
-0.865886 0.286658 0.409961
-0.865934 0.286483 0.409983
-0.865873 0.286844 0.409859
-0.866047 0.286473 0.409751
-0.865886 0.286658 0.409961
-0.865898 0.286614 0.409967
-0.865849 0.286804 0.409938
-0.865903 0.286664 0.409921
-0.865898 0.286614 0.409967
-0.865920 0.286669 0.409882
-0.865849 0.286804 0.409938
-0.865853 0.286647 0.410040
-0.865886 0.286658 0.409961
-0.865886 0.286658 0.409961
-0.865853 0.286647 0.410040
-0.865920 0.286669 0.409882
-0.865886 0.286658 0.409961
-0.865968 0.286494 0.409904
-0.865920 0.286669 0.409882
-0.865853 0.286647 0.410040
-0.865968 0.286494 0.409904
-0.865863 0.286745 0.409950
-0.865920 0.286669 0.409882
-0.709722 0.094700 0.698088
-0.709722 0.094711 0.698087
-0.709722 0.094700 0.698088
-0.709722 0.094700 0.698088
-0.709918 0.094605 0.697902
-0.709722 0.094711 0.698087
-0.865954 0.286680 0.409802
-0.865897 0.286757 0.409870
-0.865968 0.286494 0.409904
-0.865954 0.286680 0.409802
-0.865920 0.286669 0.409882
-0.865897 0.286757 0.409870
-0.966037 0.147557 0.212131
-0.966089 0.147536 0.211910
-0.966073 0.147438 0.212050
-0.966037 0.147557 0.212131
-0.966062 0.147580 0.212000
-0.966089 0.147536 0.211910
-0.966115 0.147415 0.211874
-0.966069 0.147533 0.212001
-0.966082 0.147506 0.211962
-0.966115 0.147415 0.211874
-0.966056 0.147483 0.212094
-0.966069 0.147533 0.212001
-0.966050 0.147530 0.212092
-0.966089 0.147536 0.211910
-0.966101 0.147509 0.211871
-0.966050 0.147530 0.212092
-0.966050 0.147530 0.212092
-0.966089 0.147536 0.211910
-0.966102 0.147443 0.211913
-0.966075 0.147629 0.211907
-0.966050 0.147530 0.212092
-0.966102 0.147443 0.211913
-0.966102 0.147443 0.211913
-0.966075 0.147629 0.211907
-0.966036 0.147623 0.212089
-0.966141 0.147449 0.211731
-0.966051 0.147518 0.212093
-0.966036 0.147623 0.212089
-0.966089 0.147536 0.211910
-0.966141 0.147449 0.211731
-0.966038 0.147814 0.211947
-0.966050 0.147530 0.212092
-0.966102 0.147443 0.211913
-0.966038 0.147814 0.211947
-0.966056 0.147626 0.211998
-0.966050 0.147530 0.212092
0.966023 0.147650 0.212128
0.966069 0.147533 0.212001
0.966083 0.147440 0.212004
0.966023 0.147650 0.212128
0.966050 0.147530 0.212092
0.966069 0.147533 0.212001
0.966010 0.147744 0.212125
0.966089 0.147536 0.211910
0.966023 0.147650 0.212128
0.966010 0.147744 0.212125
0.966082 0.147583 0.211909
0.966089 0.147536 0.211910
0.966053 0.147507 0.212093
0.966089 0.147536 0.211910
0.966147 0.147468 0.211690
0.966053 0.147507 0.212093
0.966082 0.147583 0.211909
0.966089 0.147536 0.211910
0.966089 0.147536 0.211910
0.966075 0.147629 0.211907
0.966069 0.147533 0.212001
0.966089 0.147536 0.211910
0.966069 0.147533 0.212001
0.966075 0.147629 0.211907
0.966062 0.147580 0.212000
0.966075 0.147629 0.211907
0.966089 0.147536 0.211910
0.966062 0.147580 0.212000
0.966062 0.147580 0.212000
0.966075 0.147629 0.211907
0.966073 0.147438 0.212050
0.966075 0.147629 0.211907
0.966083 0.147440 0.212004
0.966073 0.147438 0.212050
0.966102 0.147443 0.211913
0.966075 0.147629 0.211907
0.865873 0.286844 0.409859
0.865897 0.286757 0.409870
0.866049 0.286330 0.409847
0.865873 0.286844 0.409859
0.865988 0.286692 0.409723
0.865897 0.286757 0.409870
0.779696 0.358950 0.513058
0.779394 0.358987 0.513492
0.779574 0.358512 0.513550
0.779696 0.358950 0.513058
0.779241 0.358916 0.513773
0.779394 0.358987 0.513492
0.865994 0.286670 0.409726
0.865920 0.286669 0.409882
0.865923 0.286384 0.410074
0.865994 0.286670 0.409726
0.865944 0.286582 0.409893
0.865920 0.286669 0.409882
0.865920 0.286669 0.409882
0.866012 0.286604 0.409734
0.865864 0.286603 0.410046
0.865920 0.286669 0.409882
0.865920 0.286669 0.409882
0.866012 0.286604 0.409734
0.865954 0.286680 0.409802
0.865863 0.286745 0.409950
0.865978 0.286593 0.409813
0.865954 0.286680 0.409802
0.865900 0.286472 0.410063
0.865863 0.286745 0.409950
0.706837 0.405487 0.579622
0.706810 0.405567 0.579599
0.707161 0.405263 0.579384
0.706837 0.405487 0.579622
0.706704 0.405602 0.579704
0.706810 0.405567 0.579599
0.706459 0.405870 0.579815
0.706687 0.405701 0.579655
0.706435 0.405666 0.579986
0.706459 0.405870 0.579815
0.706687 0.405701 0.579655
0.706687 0.405701 0.579655
0.706707 0.405712 0.579623
0.706888 0.405612 0.579473
0.706697 0.405671 0.579663
0.706707 0.405712 0.579623
0.706849 0.405589 0.579536
0.706888 0.405612 0.579473
0.706895 0.405592 0.579478
0.706888 0.405612 0.579473
0.706765 0.405746 0.579528
0.706895 0.405592 0.579478
0.706849 0.405589 0.579536
0.706888 0.405612 0.579473
0.706722 0.405531 0.579732
0.706687 0.405701 0.579655
0.706868 0.405601 0.579504
0.706722 0.405531 0.579732
0.706783 0.405647 0.579577
0.706687 0.405701 0.579655
0.499662 0.497564 0.709062
0.499539 0.497822 0.708967
0.499695 0.497597 0.709014
0.499662 0.497564 0.709062
0.499682 0.497775 0.708900
0.499539 0.497822 0.708967
0.499606 0.497889 0.708872
0.499018 0.497969 0.709231
0.500095 0.497568 0.708754
0.499606 0.497889 0.708872
0.499550 0.497786 0.708984
0.499018 0.497969 0.709231
0.457985 0.456173 0.762991
0.458136 0.456133 0.762924
0.457965 0.456249 0.762958
0.457985 0.456173 0.762991
0.458103 0.456100 0.762964
0.458136 0.456133 0.762924
0.499720 0.497658 0.708954
0.499586 0.497678 0.709034
0.499483 0.497719 0.709079
0.499720 0.497658 0.708954
0.499505 0.497788 0.709015
0.499586 0.497678 0.709034
0.397913 0.696634 0.596965
0.397718 0.696627 0.597102
0.397707 0.696607 0.597133
0.397913 0.696634 0.596965
0.397703 0.696696 0.597032
0.397718 0.696627 0.597102
0.259407 0.554100 0.791000
0.259201 0.554260 0.790955
0.259016 0.554461 0.790875
0.259407 0.554100 0.791000
0.259049 0.554437 0.790881
0.259201 0.554260 0.790955
0.258996 0.554420 0.790911
0.259010 0.554353 0.790953
0.259052 0.554421 0.790892
0.258996 0.554420 0.790911
0.259188 0.554326 0.790914
0.259010 0.554353 0.790953
0.259016 0.554461 0.790875
0.259010 0.554353 0.790953
0.259023 0.554428 0.790896
0.259016 0.554461 0.790875
0.259010 0.554353 0.790953
0.259010 0.554353 0.790953
0.259230 0.554393 0.790853
0.258996 0.554420 0.790911
0.259003 0.554386 0.790932
0.259230 0.554393 0.790853
0.259221 0.554302 0.790920
0.258996 0.554420 0.790911
0.259203 0.554455 0.790818
0.259024 0.554287 0.790995
0.258996 0.554420 0.790911
0.259203 0.554455 0.790818
0.259405 0.554382 0.790803
0.259024 0.554287 0.790995
0.000763 0.818716 -0.574198
0.000954 0.818716 -0.574198
0.001144 0.818738 -0.574166
0.000763 0.818716 -0.574198
0.001144 0.818761 -0.574134
0.000954 0.818716 -0.574198
0.001144 0.818761 -0.574134
0.000763 0.818716 -0.574198
0.000763 0.818824 -0.574044
0.001144 0.818761 -0.574134
0.001144 0.818761 -0.574134
0.000763 0.818716 -0.574198
0.001335 0.818792 -0.574089
0.001144 0.818671 -0.574262
0.000763 0.818792 -0.574089
0.001335 0.818792 -0.574089
0.001335 0.818792 -0.574089
0.001144 0.818671 -0.574262
0.000954 0.818716 -0.574198
0.001335 0.818760 -0.574134
0.000954 0.818761 -0.574134
0.000954 0.818716 -0.574198
0.001335 0.818716 -0.574198
0.001335 0.818760 -0.574134
0.000954 0.818761 -0.574134
0.001335 0.818760 -0.574134
0.000954 0.818792 -0.574089
0.000954 0.818761 -0.574134
0.000954 0.818882 -0.573961
0.001335 0.818760 -0.574134
0.001335 0.818716 -0.574198
0.000954 0.818761 -0.574134
0.000954 0.818738 -0.574166
0.001335 0.818716 -0.574198
0.000763 0.818716 -0.574198
0.000954 0.818761 -0.574134
-0.500087 0.708731 -0.497608
-0.499328 0.709130 -0.497802
-0.499693 0.708951 -0.497690
-0.500087 0.708731 -0.497608
-0.499729 0.708967 -0.497631
-0.499328 0.709130 -0.497802
-0.499566 0.709197 -0.497468
-0.499682 0.708900 -0.497775
-0.500097 0.708852 -0.497426
-0.499566 0.709197 -0.497468
-0.499539 0.708967 -0.497822
-0.499682 0.708900 -0.497775
-0.499517 0.709031 -0.497752
-0.499328 0.709130 -0.497802
-0.499495 0.709096 -0.497683
-0.499517 0.709031 -0.497752
-0.499362 0.709082 -0.497836
-0.499328 0.709130 -0.497802
-0.499682 0.708900 -0.497775
-0.499539 0.708967 -0.497822
-0.499566 0.709197 -0.497468
-0.499682 0.708900 -0.497775
-0.499528 0.709048 -0.497717
-0.499539 0.708967 -0.497822
-0.499537 0.709036 -0.497725
-0.499528 0.709048 -0.497717
-0.499550 0.708984 -0.497786
-0.499537 0.709036 -0.497725
-0.499682 0.708900 -0.497775
-0.499528 0.709048 -0.497717
-0.865893 0.410012 -0.286565
-0.865886 0.409961 -0.286658
-0.865903 0.409921 -0.286664
-0.865893 0.410012 -0.286565
-0.866035 0.409745 -0.286517
-0.865886 0.409961 -0.286658
-0.865873 0.409859 -0.286844
-0.865856 0.409899 -0.286839
-0.865934 0.409983 -0.286483
-0.865873 0.409859 -0.286844
-0.865968 0.409904 -0.286494
-0.865856 0.409899 -0.286839
-0.865900 0.410063 -0.286472
-0.865839 0.409939 -0.286833
-0.865968 0.409904 -0.286494
-0.865900 0.410063 -0.286472
-0.865920 0.409882 -0.286669
-0.865839 0.409939 -0.286833
-0.866000 0.409729 -0.286648
-0.865920 0.409882 -0.286669
-0.865876 0.410052 -0.286559
-0.866000 0.409729 -0.286648
-0.865886 0.409961 -0.286658
-0.865920 0.409882 -0.286669
-0.865900 0.410063 -0.286472
-0.865873 0.409859 -0.286844
-0.865757 0.410086 -0.286869
-0.865900 0.410063 -0.286472
-0.865897 0.409870 -0.286757
-0.865873 0.409859 -0.286844
-0.865969 0.409833 -0.286590
-0.865920 0.409882 -0.286669
-0.865920 0.409882 -0.286669
-0.865969 0.409833 -0.286590
-0.865903 0.409921 -0.286664
-0.865920 0.409882 -0.286669
-0.865903 -0.409921 0.286664
-0.865886 -0.409961 0.286658
-0.865903 -0.409921 0.286664
-0.865903 -0.409921 0.286664
-0.865917 -0.410023 0.286477
-0.865886 -0.409961 0.286658
-0.865920 -0.409882 0.286669
-0.865903 -0.409921 0.286664
-0.865856 -0.409899 0.286839
-0.865920 -0.409882 0.286669
-0.865839 -0.409939 0.286833
-0.865903 -0.409921 0.286664
-0.865941 -0.409701 0.286867
-0.865968 -0.409904 0.286494
-0.865791 -0.410006 0.286880
-0.865941 -0.409701 0.286867
-0.865920 -0.409882 0.286669
-0.865968 -0.409904 0.286494
-0.865853 -0.410040 0.286647
-0.866001 -0.409825 0.286505
-0.865853 -0.410040 0.286647
-0.865853 -0.410040 0.286647
-0.865978 -0.409813 0.286593
-0.866001 -0.409825 0.286505
-0.865968 -0.409904 0.286494
-0.865968 -0.409904 0.286494
-0.865805 -0.410018 0.286822
-0.865968 -0.409904 0.286494
-0.865920 -0.409882 0.286669
-0.865968 -0.409904 0.286494
-0.865899 -0.409931 0.286662
-0.865920 -0.409882 0.286669
-0.865920 -0.409882 0.286669
-0.865899 -0.409931 0.286662
-0.865903 -0.409921 0.286664
-0.865920 -0.409882 0.286669
-0.499550 -0.709019 0.497738
-0.499539 -0.708967 0.497822
-0.499548 -0.709022 0.497736
-0.499550 -0.709019 0.497738
-0.499539 -0.708967 0.497822
-0.499539 -0.708967 0.497822
-0.499491 -0.708900 0.497965
-0.499881 -0.708888 0.497592
-0.499716 -0.708852 0.497808
-0.499491 -0.708900 0.497965
-0.499539 -0.708967 0.497822
-0.499881 -0.708888 0.497592
-0.499539 -0.708967 0.497822
-0.499552 -0.709082 0.497645
-0.499539 -0.708967 0.497822
-0.499539 -0.708967 0.497822
-0.499695 -0.709014 0.497597
-0.499552 -0.709082 0.497645
-0.500083 -0.708737 0.497603
-0.499552 -0.709082 0.497645
-0.499301 -0.708900 0.498156
-0.500083 -0.708737 0.497603
-0.499385 -0.709116 0.497764
-0.499552 -0.709082 0.497645
-0.499539 -0.708967 0.497822
-0.498984 -0.709278 0.497935
-0.500073 -0.708818 0.497498
-0.499539 -0.708967 0.497822
-0.499545 -0.709025 0.497733
-0.498984 -0.709278 0.497935
0.145718 0.718813 0.679761
0.145722 0.718882 0.679686
0.145736 0.718906 0.679658
0.145718 0.718813 0.679761
0.145722 0.718882 0.679686
0.145722 0.718882 0.679686
-0.499761 0.497806 0.708822
-0.500095 0.497568 0.708754
-0.500089 0.497586 0.708745
-0.499761 0.497806 0.708822
-0.499682 0.497775 0.708900
-0.500095 0.497568 0.708754
-0.722734 0.376341 0.579675
-0.722603 0.376372 0.579818
-0.722593 0.376402 0.579811
-0.722734 0.376341 0.579675
-0.722694 0.376320 0.579738
-0.722603 0.376372 0.579818
0.499662 0.497564 0.709062
0.499682 0.497775 0.708900
0.499729 0.497631 0.708967
0.499662 0.497564 0.709062
0.499694 0.497739 0.708916
0.499682 0.497775 0.708900
0.259405 0.554382 0.790803
0.259010 0.554353 0.790953
0.259407 0.554100 0.791000
0.259405 0.554382 0.790803
0.259010 0.554353 0.790953
0.259010 0.554353 0.790953
-0.499409 0.709149 -0.497692
-0.500066 0.708761 -0.497587
-0.500083 0.708737 -0.497603
-0.499409 0.709149 -0.497692
-0.499705 0.708933 -0.497703
-0.500066 0.708761 -0.497587
-0.500083 -0.708737 0.497603
-0.499682 -0.708900 0.497775
-0.500083 -0.708737 0.497603
-0.500083 -0.708737 0.497603
-0.499682 -0.708900 0.497775
-0.499682 -0.708900 0.497775
0.954529 0.000954 -0.298117
0.954529 0.000954 -0.298117
0.954551 0.000954 -0.298047
0.954529 0.000954 -0.298117
0.954646 0.000954 -0.297743
0.954529 0.000954 -0.298117
0.954529 0.000954 -0.298117
0.954529 0.000763 -0.298117
0.954583 0.000954 -0.297944
0.954529 0.000954 -0.298117
0.954583 0.000954 -0.297944
0.954529 0.000763 -0.298117
0.954591 0.001335 -0.297916
0.954583 0.000954 -0.297944
0.954592 0.000954 -0.297916
0.954591 0.001335 -0.297916
0.954528 0.001335 -0.298117
0.954583 0.000954 -0.297944
0.954564 0.001335 -0.298003
0.954528 0.001335 -0.298117
0.954529 0.000954 -0.298117
0.954564 0.001335 -0.298003
0.954592 0.000954 -0.297916
0.954528 0.001335 -0.298117
0.954528 0.001335 -0.298117
0.954646 0.000954 -0.297743
0.954583 0.000954 -0.297944
0.954528 0.001335 -0.298117
0.954583 0.001335 -0.297943
0.954646 0.000954 -0.297743
0.954592 0.000954 -0.297916
0.954556 0.000954 -0.298030
0.954578 0.000954 -0.297960
0.954592 0.000954 -0.297916
0.954529 0.000954 -0.298117
0.954556 0.000954 -0.298030
0.090989 0.952621 0.290231
0.090878 0.952647 0.290181
0.090982 0.952643 0.290161
0.090989 0.952621 0.290231
0.090980 0.952718 0.289916
0.090878 0.952647 0.290181
0.090987 0.952595 0.290318
0.090970 0.952612 0.290265
0.090592 0.952645 0.290276
0.090987 0.952595 0.290318
0.090970 0.952612 0.290265
0.090970 0.952612 0.290265
0.090868 0.952605 0.290321
0.090876 0.952621 0.290268
0.090798 0.952611 0.290323
0.090868 0.952605 0.290321
0.090973 0.952639 0.290178
0.090876 0.952621 0.290268
0.090981 0.952630 0.290205
0.090881 0.952673 0.290093
0.090801 0.952651 0.290192
0.090981 0.952630 0.290205
0.090973 0.952639 0.290178
0.090881 0.952673 0.290093
-0.159266 0.919736 0.358777
-0.159178 0.919781 0.358699
-0.159643 0.919711 0.358672
-0.159266 0.919736 0.358777
-0.159266 0.919736 0.358777
-0.159178 0.919781 0.358699
-0.010871 0.830767 0.556515
-0.010871 0.830619 0.556734
-0.010870 0.830679 0.556646
-0.010871 0.830767 0.556515
-0.010680 0.830768 0.556516
-0.010871 0.830619 0.556734
-0.159184 0.919813 0.358616
-0.159266 0.919736 0.358777
-0.159637 0.919680 0.358755
-0.159184 0.919813 0.358616
-0.159173 0.919749 0.358782
-0.159266 0.919736 0.358777
-0.159277 0.919798 0.358611
-0.159318 0.919760 0.358691
-0.159318 0.919760 0.358691
-0.159277 0.919798 0.358611
-0.159370 0.919784 0.358605
-0.159318 0.919760 0.358691
-0.159242 0.919739 0.358778
-0.159162 0.919687 0.358949
-0.159370 0.919784 0.358605
-0.159242 0.919739 0.358778
-0.159277 0.919798 0.358611
-0.159162 0.919687 0.358949
-0.159271 0.919767 0.358694
-0.159184 0.919813 0.358616
-0.159359 0.919722 0.358772
-0.159271 0.919767 0.358694
-0.159266 0.919736 0.358777
-0.159184 0.919813 0.358616
-0.398457 0.825144 0.400460
-0.398473 0.825176 0.400380
-0.398457 0.825144 0.400460
-0.398457 0.825144 0.400460
-0.398410 0.825237 0.400317
-0.398473 0.825176 0.400380
-0.398522 0.825082 0.400525
-0.398410 0.825237 0.400317
-0.398442 0.825113 0.400540
-0.398522 0.825082 0.400525
-0.398553 0.825145 0.400365
-0.398410 0.825237 0.400317
-0.398513 0.825160 0.400372
-0.398522 0.825082 0.400525
-0.398441 0.825206 0.400349
-0.398513 0.825160 0.400372
-0.398473 0.825176 0.400380
-0.398522 0.825082 0.400525
-0.398422 0.825121 0.400544
-0.398522 0.825082 0.400525
-0.398522 0.825082 0.400525
-0.398422 0.825121 0.400544
-0.398442 0.825113 0.400540
-0.398522 0.825082 0.400525
-0.398465 0.825160 0.400420
-0.398473 0.825176 0.400380
-0.398473 0.825176 0.400380
-0.398465 0.825160 0.400420
-0.398442 0.825113 0.400540
-0.398473 0.825176 0.400380
-0.595289 0.444607 0.669295
-0.595450 0.444585 0.669166
-0.595251 0.444579 0.669347
-0.595289 0.444607 0.669295
-0.594978 0.444779 0.669457
-0.595450 0.444585 0.669166
-0.611153 0.673718 0.415447
-0.611153 0.673718 0.415447
-0.611153 0.673718 0.415447
-0.611153 0.673718 0.415447
-0.611015 0.673861 0.415418
-0.611153 0.673718 0.415447
-0.611129 0.673691 0.415526
-0.611164 0.673625 0.415580
-0.611105 0.673665 0.415605
-0.611129 0.673691 0.415526
-0.611045 0.673704 0.415629
-0.611164 0.673625 0.415580
-0.471556 0.811705 0.344631
-0.471808 0.811620 0.344486
-0.471740 0.811585 0.344661
-0.471556 0.811705 0.344631
-0.471777 0.811567 0.344654
-0.471808 0.811620 0.344486
-0.611117 0.673678 0.415565
-0.611105 0.673665 0.415605
-0.611129 0.673691 0.415526
-0.611117 0.673678 0.415565
-0.611129 0.673691 0.415526
-0.611105 0.673665 0.415605
-0.781089 0.476283 0.403801
-0.781126 0.476247 0.403771
-0.781074 0.476274 0.403841
-0.781089 0.476283 0.403801
-0.781234 0.476064 0.403777
-0.781126 0.476247 0.403771
-0.781089 0.476283 0.403801
-0.781234 0.476064 0.403777
-0.781059 0.476265 0.403881
-0.781089 0.476283 0.403801
-0.781066 0.476211 0.403930
-0.781234 0.476064 0.403777
-0.781186 0.476284 0.403611
-0.781126 0.476247 0.403771
-0.781234 0.476064 0.403777
-0.781186 0.476284 0.403611
-0.781245 0.475880 0.403974
-0.781126 0.476247 0.403771
-0.781161 0.476174 0.403789
-0.781186 0.476284 0.403611
-0.781083 0.476155 0.403964
-0.781161 0.476174 0.403789
-0.781197 0.476100 0.403807
-0.781186 0.476284 0.403611
-0.528976 0.497697 0.687373
-0.528967 0.497638 0.687423
-0.528907 0.497722 0.687408
-0.528976 0.497697 0.687373
-0.528882 0.497794 0.687375
-0.528967 0.497638 0.687423
-0.781214 0.476147 0.403719
-0.781257 0.476137 0.403648
-0.781197 0.476100 0.403807
-0.781214 0.476147 0.403719
-0.781059 0.476265 0.403881
-0.781257 0.476137 0.403648
-0.898535 0.247188 0.362675
-0.898505 0.247396 0.362607
-0.898535 0.247188 0.362675
-0.898535 0.247188 0.362675
-0.898504 0.247179 0.362758
-0.898505 0.247396 0.362607
-0.898566 0.247196 0.362593
-0.898443 0.247379 0.362772
-0.898535 0.247188 0.362675
-0.898566 0.247196 0.362593
-0.898463 0.247576 0.362589
-0.898443 0.247379 0.362772
-0.898628 0.247213 0.362427
-0.898504 0.247179 0.362758
-0.898566 0.247196 0.362593
-0.898628 0.247213 0.362427
-0.898400 0.247558 0.362755
-0.898504 0.247179 0.362758
-0.898485 0.247343 0.362694
-0.898443 0.247379 0.362772
-0.898545 0.247286 0.362584
-0.898485 0.247343 0.362694
-0.898516 0.247209 0.362707
-0.898443 0.247379 0.362772
-0.898443 0.247379 0.362772
-0.898463 0.247576 0.362589
-0.898525 0.247593 0.362424
-0.898443 0.247379 0.362772
-0.898526 0.247307 0.362615
-0.898463 0.247576 0.362589
-0.898403 0.247490 0.362795
-0.898505 0.247396 0.362607
-0.898474 0.247388 0.362689
-0.898403 0.247490 0.362795
-0.898535 0.247188 0.362675
-0.898505 0.247396 0.362607
0.945436 0.247326 -0.212089
0.945450 0.247186 -0.212187
0.945402 0.247460 -0.212081
0.945436 0.247326 -0.212089
0.945437 0.247303 -0.212110
0.945450 0.247186 -0.212187
0.945437 0.247303 -0.212110
0.945370 0.247572 -0.212095
0.945436 0.247326 -0.212089
0.945437 0.247303 -0.212110
0.945376 0.247383 -0.212288
0.945370 0.247572 -0.212095
0.945414 0.247393 -0.212105
0.945414 0.247393 -0.212105
0.945437 0.247303 -0.212110
0.945414 0.247393 -0.212105
0.945431 0.247181 -0.212278
0.945414 0.247393 -0.212105
0.945370 0.247572 -0.212095
0.945469 0.247191 -0.212096
0.945370 0.247572 -0.212095
0.945370 0.247572 -0.212095
0.945370 0.247572 -0.212095
0.945469 0.247191 -0.212096
0.945431 0.247181 -0.212278
0.945414 0.247393 -0.212105
0.945469 0.247191 -0.212096
0.945431 0.247181 -0.212278
0.945469 0.247191 -0.212096
0.945414 0.247393 -0.212105
0.945402 0.247460 -0.212081
0.945370 0.247572 -0.212095
0.945450 0.247186 -0.212187
0.945402 0.247460 -0.212081
0.945402 0.247460 -0.212081
0.945370 0.247572 -0.212095
0.872381 0.475766 -0.112242
0.872309 0.475874 -0.112341
0.872371 0.475761 -0.112336
0.872381 0.475766 -0.112242
0.872451 0.475613 -0.112347
0.872309 0.475874 -0.112341
0.800547 0.597215 -0.049593
0.800406 0.597372 -0.049972
0.800486 0.597265 -0.049971
0.800547 0.597215 -0.049593
0.800566 0.597158 -0.049970
0.800406 0.597372 -0.049972
0.872290 0.475864 -0.112529
0.872411 0.475687 -0.112342
0.872390 0.475771 -0.112148
0.872290 0.475864 -0.112529
0.872328 0.475884 -0.112152
0.872411 0.475687 -0.112342
0.872472 0.475529 -0.112540
0.872490 0.475540 -0.112352
0.872309 0.475874 -0.112341
0.872472 0.475529 -0.112540
0.872420 0.475692 -0.112247
0.872490 0.475540 -0.112352
0.872451 0.475613 -0.112347
0.872411 0.475687 -0.112342
0.872314 0.475877 -0.112294
0.872451 0.475613 -0.112347
0.872371 0.475761 -0.112336
0.872411 0.475687 -0.112342
0.739508 0.673130 -0.004864
0.739551 0.673082 -0.004864
0.739689 0.672930 -0.004959
0.739508 0.673130 -0.004864
0.739689 0.672930 -0.004959
0.739551 0.673082 -0.004864
0.739460 0.673182 -0.004959
0.739689 0.672930 -0.004959
0.739460 0.673182 -0.004959
0.739460 0.673182 -0.004959
0.739551 0.673082 -0.004959
0.739689 0.672930 -0.004959
0.739508 0.673130 -0.004864
0.739552 0.673083 -0.004768
0.739508 0.673130 -0.004864
0.739508 0.673130 -0.004864
0.739551 0.673082 -0.004959
0.739552 0.673083 -0.004768
0.739509 0.673130 -0.004769
0.739551 0.673082 -0.004959
0.739508 0.673130 -0.004959
0.739509 0.673130 -0.004769
0.739551 0.673082 -0.004864
0.739551 0.673082 -0.004959
0.739461 0.673182 -0.004911
0.739551 0.673082 -0.004959
0.739508 0.673130 -0.004864
0.739461 0.673182 -0.004911
0.739413 0.673234 -0.004959
0.739551 0.673082 -0.004959
0.556560 0.824446 0.102615
0.556599 0.824407 0.102717
0.556555 0.824438 0.102709
0.556560 0.824446 0.102615
0.556582 0.824383 0.103000
0.556599 0.824407 0.102717
0.556363 0.824531 0.102995
0.556385 0.824564 0.102617
0.556582 0.824383 0.103000
0.556363 0.824531 0.102995
0.556374 0.824548 0.102806
0.556385 0.824564 0.102617
0.536180 0.824965 0.178727
0.536027 0.825068 0.178708
0.536027 0.825068 0.178708
0.536180 0.824965 0.178727
0.536037 0.825083 0.178615
0.536027 0.825068 0.178708
0.556637 0.824393 0.102620
0.556670 0.824371 0.102617
0.556517 0.824476 0.102607
0.556637 0.824393 0.102620
0.556593 0.824399 0.102811
0.556670 0.824371 0.102617
0.394104 0.916588 -0.067433
0.394184 0.916551 -0.067478
0.394034 0.916616 -0.067468
0.394104 0.916588 -0.067433
0.394185 0.916554 -0.067430
0.394184 0.916551 -0.067478
0.335508 0.919643 0.204185
0.335218 0.919728 0.204278
0.335501 0.919625 0.204276
0.335508 0.919643 0.204185
0.335147 0.919793 0.204102
0.335218 0.919728 0.204278
0.335231 0.919764 0.204095
0.335485 0.919676 0.204076
0.335147 0.919793 0.204102
0.335231 0.919764 0.204095
0.335218 0.919728 0.204278
0.335485 0.919676 0.204076
0.335260 0.919713 0.204275
0.335218 0.919728 0.204278
0.335324 0.919691 0.204270
0.335260 0.919713 0.204275
0.335218 0.919728 0.204278
0.335218 0.919728 0.204278
0.335260 0.919713 0.204275
0.335218 0.919728 0.204278
0.335316 0.919734 0.204089
0.335260 0.919713 0.204275
0.335303 0.919698 0.204271
0.335218 0.919728 0.204278
0.335137 0.919766 0.204239
0.335218 0.919728 0.204278
0.335215 0.919719 0.204324
0.335137 0.919766 0.204239
0.335133 0.919757 0.204285
0.335218 0.919728 0.204278
-0.284175 0.303820 -0.909361
-0.284312 0.303864 -0.909304
-0.284375 0.303830 -0.909295
-0.284175 0.303820 -0.909361
-0.284400 0.303856 -0.909279
-0.284312 0.303864 -0.909304
-0.284175 0.303820 -0.909361
-0.284433 0.303510 -0.909384
-0.284367 0.303630 -0.909365
-0.284175 0.303820 -0.909361
-0.284175 0.303820 -0.909361
-0.284433 0.303510 -0.909384
-0.284316 0.303821 -0.909317
-0.284175 0.303820 -0.909361
-0.284400 0.303856 -0.909279
-0.284316 0.303821 -0.909317
-0.284280 0.303638 -0.909389
-0.284175 0.303820 -0.909361
-0.284288 0.303838 -0.909320
-0.284088 0.303828 -0.909386
-0.284241 0.303814 -0.909343
-0.284288 0.303838 -0.909320
-0.284112 0.303854 -0.909369
-0.284088 0.303828 -0.909386
-0.284236 0.303642 -0.909402
-0.284104 0.303655 -0.909439
-0.284096 0.303741 -0.909412
-0.284236 0.303642 -0.909402
-0.284137 0.303881 -0.909353
-0.284104 0.303655 -0.909439
-0.284112 0.303854 -0.909369
-0.284208 0.303473 -0.909467
-0.284288 0.303838 -0.909320
-0.284112 0.303854 -0.909369
-0.284175 0.303820 -0.909361
-0.284208 0.303473 -0.909467
-0.722843 0.263199 -0.638924
-0.723013 0.263035 -0.638800
-0.723058 0.263017 -0.638756
-0.722843 0.263199 -0.638924
-0.722752 0.263235 -0.639013
-0.723013 0.263035 -0.638800
-0.722806 0.263173 -0.638977
-0.722843 0.263199 -0.638924
-0.723022 0.263195 -0.638724
-0.722806 0.263173 -0.638977
-0.722843 0.263199 -0.638924
-0.722843 0.263199 -0.638924
-0.722969 0.263019 -0.638856
-0.722843 0.263199 -0.638924
-0.722910 0.263206 -0.638846
-0.722969 0.263019 -0.638856
-0.722969 0.263019 -0.638856
-0.722843 0.263199 -0.638924
-0.722951 0.263108 -0.638840
-0.722931 0.263231 -0.638812
-0.722940 0.263186 -0.638820
-0.722951 0.263108 -0.638840
-0.722887 0.263215 -0.638868
-0.722931 0.263231 -0.638812
-0.722925 0.263003 -0.638912
-0.722931 0.263231 -0.638812
-0.722969 0.263019 -0.638856
-0.722925 0.263003 -0.638912
-0.723058 0.263017 -0.638756
-0.722931 0.263231 -0.638812
-0.968746 0.151444 -0.196458
-0.968746 0.151444 -0.196458
-0.968746 0.151444 -0.196458
-0.968746 0.151444 -0.196458
-0.968746 0.151444 -0.196458
-0.968746 0.151444 -0.196458
-0.968710 0.151438 -0.196641
-0.968746 0.151444 -0.196458
-0.968746 0.151444 -0.196458
-0.968710 0.151438 -0.196641
-0.968746 0.151444 -0.196458
-0.968746 0.151444 -0.196458
-0.968732 0.151537 -0.196455
-0.968746 0.151444 -0.196458
-0.968819 0.151455 -0.196091
-0.968732 0.151537 -0.196455
-0.968710 0.151438 -0.196641
-0.968746 0.151444 -0.196458
-0.968755 0.151445 -0.196412
-0.968746 0.151444 -0.196458
-0.968751 0.151349 -0.196506
-0.968755 0.151445 -0.196412
-0.968728 0.151441 -0.196549
-0.968746 0.151444 -0.196458
-0.968760 0.151351 -0.196461
-0.968746 0.151444 -0.196458
-0.968725 0.151584 -0.196453
-0.968760 0.151351 -0.196461
-0.968728 0.151441 -0.196549
-0.968746 0.151444 -0.196458
-0.968746 0.151444 -0.196458
-0.968746 0.151444 -0.196458
-0.968728 0.151441 -0.196549
-0.968746 0.151444 -0.196458
-0.968746 0.151444 -0.196458
-0.968746 0.151444 -0.196458
-0.685085 -0.151436 0.712549
-0.685065 -0.151622 0.712529
-0.685085 -0.151436 0.712549
-0.685085 -0.151436 0.712549
-0.685228 -0.151446 0.712409
-0.685065 -0.151622 0.712529
-0.685248 -0.151260 0.712429
-0.685322 -0.151467 0.712315
-0.685085 -0.151436 0.712549
-0.685248 -0.151260 0.712429
-0.685085 -0.151436 0.712549
-0.685322 -0.151467 0.712315
-0.685178 -0.151456 0.712455
-0.685178 -0.151456 0.712455
-0.685331 -0.151374 0.712325
-0.685178 -0.151456 0.712455
-0.685289 -0.151343 0.712372
-0.685178 -0.151456 0.712455
-0.685111 -0.151632 0.712482
-0.685228 -0.151446 0.712409
-0.685095 -0.151343 0.712559
-0.685111 -0.151632 0.712482
-0.685232 -0.151426 0.712409
-0.685228 -0.151446 0.712409
-0.685075 -0.151529 0.712539
-0.685248 -0.151260 0.712429
-0.685075 -0.151529 0.712539
-0.685075 -0.151529 0.712539
-0.685279 -0.151437 0.712362
-0.685248 -0.151260 0.712429
-0.685085 -0.151436 0.712549
-0.685085 -0.151436 0.712549
-0.685131 -0.151446 0.712502
-0.685085 -0.151436 0.712549
-0.685158 -0.151643 0.712435
-0.685085 -0.151436 0.712549
-0.231473 -0.262470 0.936766
-0.231563 -0.262464 0.936745
-0.231543 -0.262441 0.936757
-0.231473 -0.262470 0.936766
-0.231540 -0.262819 0.936651
-0.231563 -0.262464 0.936745
-0.231540 -0.262819 0.936651
-0.231537 -0.262869 0.936638
-0.231495 -0.262822 0.936661
-0.231540 -0.262819 0.936651
-0.231540 -0.262819 0.936651
-0.231537 -0.262869 0.936638
-0.231601 -0.262589 0.936701
-0.231540 -0.262819 0.936651
-0.231450 -0.262825 0.936672
-0.231601 -0.262589 0.936701
-0.231762 -0.262855 0.936586
-0.231540 -0.262819 0.936651
-0.231721 -0.262808 0.936610
-0.231540 -0.262819 0.936651
-0.231768 -0.262766 0.936610
-0.231721 -0.262808 0.936610
-0.231360 -0.262831 0.936692
-0.231540 -0.262819 0.936651
-0.231744 -0.262452 0.936704
-0.231318 -0.262784 0.936716
-0.231362 -0.262452 0.936798
-0.231744 -0.262452 0.936704
-0.231540 -0.262819 0.936651
-0.231318 -0.262784 0.936716
0.169074 0.983930 0.057407
0.169195 0.983887 0.057797
0.168796 0.983978 0.057410
0.169074 0.983930 0.057407
0.169195 0.983887 0.057797
0.169195 0.983887 0.057797
-0.398553 0.825145 0.400365
-0.398503 0.825239 0.400220
-0.398280 0.825363 0.400187
-0.398553 0.825145 0.400365
-0.398473 0.825176 0.400380
-0.398503 0.825239 0.400220
-0.618608 0.651799 0.438729
-0.618777 0.651585 0.438809
-0.618556 0.651744 0.438883
-0.618608 0.651799 0.438729
-0.618504 0.651689 0.439037
-0.618777 0.651585 0.438809
0.556604 0.824415 0.102623
0.556385 0.824564 0.102617
0.556582 0.824383 0.103000
0.556604 0.824415 0.102623
0.556604 0.824415 0.102623
0.556385 0.824564 0.102617
0.335485 0.919676 0.204076
0.335133 0.919757 0.204285
0.335501 0.919625 0.204276
0.335485 0.919676 0.204076
0.335147 0.919793 0.204102
0.335133 0.919757 0.204285
-0.722913 0.263320 -0.638796
-0.723095 0.262839 -0.638788
-0.723019 0.263263 -0.638699
-0.722913 0.263320 -0.638796
-0.722843 0.263199 -0.638924
-0.723095 0.262839 -0.638788
-0.231360 -0.262831 0.936692
-0.231721 -0.262808 0.936610
-0.231360 -0.262831 0.936692
-0.231360 -0.262831 0.936692
-0.231360 -0.262831 0.936692
-0.231721 -0.262808 0.936610
0.954564 0.001144 -0.298003
0.954592 0.000954 -0.297916
0.954564 0.001335 -0.298003
0.954564 0.001144 -0.298003
0.954537 0.000954 -0.298090
0.954592 0.000954 -0.297916
0.954574 0.001335 -0.297971
0.954592 0.000954 -0.297916
0.954591 0.001335 -0.297916
0.954574 0.001335 -0.297971
0.954646 0.000954 -0.297743
0.954592 0.000954 -0.297916
0.954466 0.000954 -0.298318
0.954646 0.000954 -0.297743
0.954575 0.000954 -0.297971
0.954466 0.000954 -0.298318
0.954537 0.000954 -0.298090
0.954646 0.000954 -0.297743
0.954592 0.000954 -0.297916
0.954592 0.000954 -0.297916
0.954592 0.001001 -0.297916
0.954592 0.000954 -0.297916
0.954592 0.000954 -0.297916
0.954592 0.000954 -0.297916
0.954646 0.000978 -0.297743
0.954646 0.000954 -0.297743
0.954575 0.000954 -0.297971
0.954646 0.000978 -0.297743
0.954592 0.000954 -0.297916
0.954646 0.000954 -0.297743
0.954591 0.001335 -0.297916
0.954537 0.000954 -0.298090
0.954619 0.000954 -0.297830
0.954591 0.001335 -0.297916
0.954591 0.001335 -0.297916
0.954537 0.000954 -0.298090
0.090975 0.952665 0.290091
0.090975 0.952665 0.290091
0.090593 0.952659 0.290232
0.090975 0.952665 0.290091
0.090592 0.952645 0.290276
0.090975 0.952665 0.290091
0.090789 0.952620 0.290297
0.090987 0.952595 0.290318
0.090978 0.952604 0.290292
0.090789 0.952620 0.290297
0.090789 0.952620 0.290297
0.090987 0.952595 0.290318
0.090408 0.952715 0.290106
0.090597 0.952698 0.290101
0.090789 0.952620 0.290297
0.090408 0.952715 0.290106
0.090786 0.952682 0.290096
0.090597 0.952698 0.290101
0.090596 0.952685 0.290145
0.090597 0.952698 0.290101
0.090798 0.952611 0.290323
0.090596 0.952685 0.290145
0.090975 0.952665 0.290091
0.090597 0.952698 0.290101
-0.159359 0.919722 0.358772
-0.159266 0.919736 0.358777
-0.159640 0.919695 0.358714
-0.159359 0.919722 0.358772
-0.159255 0.919673 0.358943
-0.159266 0.919736 0.358777
-0.010491 0.830711 0.556605
-0.010490 0.830623 0.556737
-0.010681 0.830621 0.556736
-0.010491 0.830711 0.556605
-0.010872 0.830737 0.556559
-0.010490 0.830623 0.556737
-0.159820 0.919729 0.358547
-0.159266 0.919736 0.358777
-0.159634 0.919757 0.358557
-0.159820 0.919729 0.358547
-0.159462 0.919771 0.358600
-0.159266 0.919736 0.358777
-0.159266 0.919736 0.358777
-0.159823 0.919652 0.358744
-0.159080 0.919764 0.358788
-0.159266 0.919736 0.358777
-0.159462 0.919771 0.358600
-0.159823 0.919652 0.358744
-0.159074 0.919919 0.358393
-0.159648 0.919743 0.358589
-0.159449 0.919785 0.358568
-0.159074 0.919919 0.358393
-0.159452 0.919708 0.358766
-0.159648 0.919743 0.358589
-0.159449 0.919692 0.358808
-0.159637 0.919680 0.358755
-0.159074 0.919732 0.358871
-0.159449 0.919692 0.358808
-0.159266 0.919736 0.358777
-0.159637 0.919680 0.358755
-0.398457 0.825144 0.400460
-0.398249 0.825300 0.400348
-0.398425 0.825268 0.400237
-0.398457 0.825144 0.400460
-0.398473 0.825176 0.400380
-0.398249 0.825300 0.400348
-0.398219 0.825236 0.400508
-0.398503 0.825239 0.400220
-0.398440 0.825300 0.400157
-0.398219 0.825236 0.400508
-0.398249 0.825300 0.400348
-0.398503 0.825239 0.400220
-0.397529 0.825579 0.400486
-0.398442 0.825113 0.400540
-0.397514 0.825548 0.400566
-0.397529 0.825579 0.400486
-0.398425 0.825268 0.400237
-0.398442 0.825113 0.400540
-0.398219 0.825236 0.400508
-0.398442 0.825113 0.400540
-0.398280 0.825363 0.400187
-0.398219 0.825236 0.400508
-0.398633 0.825113 0.400350
-0.398442 0.825113 0.400540
-0.398473 0.825176 0.400380
-0.398440 0.825300 0.400157
-0.398219 0.825236 0.400508
-0.398473 0.825176 0.400380
-0.398457 0.825144 0.400460
-0.398440 0.825300 0.400157
-0.595188 0.444627 0.669372
-0.595501 0.444432 0.669223
-0.595289 0.444607 0.669295
-0.595188 0.444627 0.669372
-0.595289 0.444607 0.669295
-0.595501 0.444432 0.669223
-0.611017 0.673663 0.415736
-0.611303 0.673482 0.415609
-0.611095 0.673559 0.415789
-0.611017 0.673663 0.415736
-0.611153 0.673718 0.415447
-0.611303 0.673482 0.415609
-0.611153 0.673718 0.415447
-0.611471 0.673457 0.415403
-0.611153 0.673718 0.415447
-0.611153 0.673718 0.415447
-0.611273 0.673639 0.415398
-0.611471 0.673457 0.415403
-0.471851 0.811530 0.344638
-0.472189 0.811266 0.344797
-0.472262 0.811200 0.344851
-0.471851 0.811530 0.344638
-0.471820 0.811477 0.344806
-0.472189 0.811266 0.344797
-0.611285 0.673653 0.415359
-0.611224 0.673586 0.415556
-0.610787 0.673926 0.415648
-0.611285 0.673653 0.415359
-0.611183 0.673561 0.415658
-0.611224 0.673586 0.415556
-0.781229 0.476157 0.403679
-0.781089 0.476283 0.403801
-0.781204 0.476046 0.403857
-0.781229 0.476157 0.403679
-0.781138 0.476102 0.403919
-0.781089 0.476283 0.403801
-0.781046 0.476209 0.403970
-0.781089 0.476283 0.403801
-0.781076 0.476228 0.403890
-0.781046 0.476209 0.403970
-0.781089 0.476283 0.403801
-0.781089 0.476283 0.403801
-0.781343 0.476322 0.403262
-0.781199 0.476138 0.403759
-0.781167 0.476283 0.403650
-0.781343 0.476322 0.403262
-0.781234 0.476064 0.403777
-0.781199 0.476138 0.403759
-0.780883 0.476465 0.403984
-0.781089 0.476283 0.403801
-0.781294 0.476101 0.403618
-0.780883 0.476465 0.403984
-0.781089 0.476283 0.403801
-0.781089 0.476283 0.403801
-0.528726 0.497635 0.687610
-0.528745 0.497844 0.687445
-0.528795 0.497701 0.687510
-0.528726 0.497635 0.687610
-0.528882 0.497794 0.687375
-0.528745 0.497844 0.687445
-0.781074 0.476274 0.403841
-0.781089 0.476283 0.403801
-0.781264 0.476083 0.403698
-0.781074 0.476274 0.403841
-0.781094 0.476191 0.403899
-0.781089 0.476283 0.403801
-0.898425 0.247401 0.362803
-0.898382 0.247580 0.362786
-0.898508 0.247371 0.362617
-0.898425 0.247401 0.362803
-0.898502 0.247465 0.362567
-0.898382 0.247580 0.362786
-0.898539 0.247308 0.362582
-0.898341 0.247473 0.362960
-0.898425 0.247401 0.362803
-0.898539 0.247308 0.362582
-0.898483 0.247269 0.362750
-0.898341 0.247473 0.362960
-0.898279 0.247456 0.363126
-0.898403 0.247490 0.362795
-0.898518 0.247398 0.362573
-0.898279 0.247456 0.363126
-0.898444 0.247597 0.362621
-0.898403 0.247490 0.362795
-0.898382 0.247580 0.362786
-0.898586 0.247392 0.362410
-0.898529 0.247239 0.362655
-0.898382 0.247580 0.362786
-0.898425 0.247401 0.362803
-0.898586 0.247392 0.362410
-0.898425 0.247401 0.362803
-0.898461 0.247358 0.362741
-0.898300 0.247366 0.363135
-0.898425 0.247401 0.362803
-0.898628 0.247213 0.362427
-0.898461 0.247358 0.362741
-0.898535 0.247188 0.362675
-0.898504 0.247179 0.362758
-0.898535 0.247188 0.362675
-0.898535 0.247188 0.362675
-0.898403 0.247490 0.362795
-0.898504 0.247179 0.362758
0.945380 0.247550 -0.212076
0.945380 0.247550 -0.212076
0.945469 0.247191 -0.212096
0.945380 0.247550 -0.212076
0.945469 0.247191 -0.212096
0.945380 0.247550 -0.212076
0.945469 0.247191 -0.212096
0.945469 0.247191 -0.212096
0.945431 0.247181 -0.212278
0.945469 0.247191 -0.212096
0.945469 0.247191 -0.212096
0.945469 0.247191 -0.212096
0.945382 0.247505 -0.212120
0.945424 0.247370 -0.212086
0.945545 0.247211 -0.211732
0.945382 0.247505 -0.212120
0.945402 0.247460 -0.212081
0.945424 0.247370 -0.212086
0.945416 0.247321 -0.212180
0.945447 0.247281 -0.212091
0.945410 0.247393 -0.212126
0.945416 0.247321 -0.212180
0.945380 0.247550 -0.212076
0.945447 0.247281 -0.212091
0.945415 0.247370 -0.212127
0.945386 0.247360 -0.212268
0.945449 0.247236 -0.212135
0.945415 0.247370 -0.212127
0.945447 0.247281 -0.212091
0.945386 0.247360 -0.212268
0.945469 0.247191 -0.212096
0.945408 0.247271 -0.212273
0.945402 0.247460 -0.212081
0.945469 0.247191 -0.212096
0.945469 0.247191 -0.212096
0.945408 0.247271 -0.212273
0.872286 0.475914 -0.112350
0.872286 0.475914 -0.112350
0.872291 0.475916 -0.112303
0.872286 0.475914 -0.112350
0.872305 0.475924 -0.112162
0.872286 0.475914 -0.112350
0.800531 0.597204 -0.049974
0.800691 0.596990 -0.049972
0.800440 0.597326 -0.049968
0.800531 0.597204 -0.049974
0.800691 0.596990 -0.049972
0.800691 0.596990 -0.049972
0.872313 0.475825 -0.112520
0.872305 0.475924 -0.112162
0.872392 0.475677 -0.112530
0.872313 0.475825 -0.112520
0.872351 0.475845 -0.112143
0.872305 0.475924 -0.112162
0.872352 0.475798 -0.112334
0.872305 0.475924 -0.112162
0.872313 0.475825 -0.112520
0.872352 0.475798 -0.112334
0.872286 0.475914 -0.112350
0.872305 0.475924 -0.112162
0.872282 0.475911 -0.112397
0.872371 0.475761 -0.112336
0.872282 0.475911 -0.112397
0.872282 0.475911 -0.112397
0.872392 0.475677 -0.112530
0.872371 0.475761 -0.112336
0.739413 0.673234 -0.004959
0.739689 0.672930 -0.004959
0.739508 0.673130 -0.004912
0.739413 0.673234 -0.004959
0.739413 0.673234 -0.004959
0.739689 0.672930 -0.004959
0.739508 0.673130 -0.004959
0.739689 0.672930 -0.004959
0.739508 0.673130 -0.004959
0.739508 0.673130 -0.004959
0.739508 0.673130 -0.004959
0.739689 0.672930 -0.004959
0.739374 0.673277 -0.004912
0.739642 0.672982 -0.004959
0.739374 0.673277 -0.004960
0.739374 0.673277 -0.004912
0.739508 0.673130 -0.004959
0.739642 0.672982 -0.004959
0.739374 0.673277 -0.004960
0.739689 0.672930 -0.005150
0.739373 0.673275 -0.005341
0.739374 0.673277 -0.004960
0.739737 0.672879 -0.004769
0.739689 0.672930 -0.005150
0.739508 0.673130 -0.004864
0.739690 0.672931 -0.004769
0.739374 0.673277 -0.004864
0.739508 0.673130 -0.004864
0.739508 0.673130 -0.004959
0.739690 0.672931 -0.004769
0.556736 0.824328 0.102612
0.556374 0.824548 0.102806
0.556511 0.824468 0.102701
0.556736 0.824328 0.102612
0.556374 0.824548 0.102806
0.556374 0.824548 0.102806
0.556517 0.824476 0.102607
0.556517 0.824476 0.102607
0.556517 0.824476 0.102607
0.556517 0.824476 0.102607
0.556517 0.824476 0.102607
0.556517 0.824476 0.102607
0.535603 0.825340 0.178725
0.535960 0.825111 0.178717
0.535645 0.825310 0.178739
0.535603 0.825340 0.178725
0.536189 0.824980 0.178634
0.535960 0.825111 0.178717
0.556867 0.824240 0.102601
0.556374 0.824548 0.102806
0.556517 0.824476 0.102607
0.556867 0.824240 0.102601
0.556506 0.824460 0.102795
0.556374 0.824548 0.102806
0.394263 0.916514 -0.067523
0.394460 0.916432 -0.067476
0.394264 0.916517 -0.067475
0.394263 0.916514 -0.067523
0.394263 0.916514 -0.067523
0.394460 0.916432 -0.067476
0.335316 0.919734 0.204089
0.335133 0.919757 0.204285
0.335296 0.919681 0.204363
0.335316 0.919734 0.204089
0.335120 0.919721 0.204467
0.335133 0.919757 0.204285
0.335290 0.919663 0.204454
0.335133 0.919757 0.204285
0.335120 0.919721 0.204467
0.335290 0.919663 0.204454
0.335700 0.919551 0.204281
0.335133 0.919757 0.204285
0.335300 0.919690 0.204317
0.335147 0.919793 0.204102
0.334567 0.919963 0.204288
0.335300 0.919690 0.204317
0.335133 0.919757 0.204285
0.335147 0.919793 0.204102
0.334580 0.919999 0.204105
0.335147 0.919793 0.204102
0.335290 0.919663 0.204454
0.334580 0.919999 0.204105
0.335303 0.919698 0.204271
0.335147 0.919793 0.204102
0.335133 0.919757 0.204285
0.335133 0.919757 0.204285
0.335303 0.919698 0.204271
0.335133 0.919757 0.204285
0.335472 0.919640 0.204258
0.335133 0.919757 0.204285
-0.284225 0.303872 -0.909328
-0.284400 0.303856 -0.909279
-0.284357 0.303738 -0.909332
-0.284225 0.303872 -0.909328
-0.284449 0.303909 -0.909246
-0.284400 0.303856 -0.909279
-0.284225 0.303872 -0.909328
-0.284263 0.303811 -0.909337
-0.284175 0.303820 -0.909361
-0.284225 0.303872 -0.909328
-0.284225 0.303872 -0.909328
-0.284263 0.303811 -0.909337
-0.284417 0.303683 -0.909332
-0.284175 0.303820 -0.909361
-0.284175 0.303820 -0.909361
-0.284417 0.303683 -0.909332
-0.284225 0.303872 -0.909328
-0.284175 0.303820 -0.909361
-0.284175 0.303820 -0.909361
-0.284175 0.303820 -0.909361
-0.284175 0.303820 -0.909361
-0.284175 0.303820 -0.909361
-0.284175 0.303820 -0.909361
-0.284175 0.303820 -0.909361
-0.284225 0.303872 -0.909328
-0.284351 0.303803 -0.909312
-0.284175 0.303820 -0.909361
-0.284225 0.303872 -0.909328
-0.284175 0.303820 -0.909361
-0.284351 0.303803 -0.909312
-0.284182 0.303755 -0.909381
-0.284359 0.303717 -0.909338
-0.284184 0.303733 -0.909388
-0.284182 0.303755 -0.909381
-0.284408 0.303769 -0.909305
-0.284359 0.303717 -0.909338
-0.723040 0.263106 -0.638740
-0.722931 0.263231 -0.638812
-0.723040 0.263106 -0.638740
-0.723040 0.263106 -0.638740
-0.723110 0.263227 -0.638611
-0.722931 0.263231 -0.638812
-0.723007 0.262807 -0.638901
-0.723110 0.263227 -0.638611
-0.723201 0.263190 -0.638523
-0.723007 0.262807 -0.638901
-0.723186 0.262803 -0.638700
-0.723110 0.263227 -0.638611
-0.722975 0.263247 -0.638755
-0.723022 0.263195 -0.638724
-0.723186 0.262803 -0.638700
-0.722975 0.263247 -0.638755
-0.723022 0.263195 -0.638724
-0.723022 0.263195 -0.638724
-0.723186 0.262803 -0.638700
-0.722970 0.262985 -0.638868
-0.722879 0.263021 -0.638957
-0.723186 0.262803 -0.638700
-0.722975 0.263247 -0.638755
-0.722970 0.262985 -0.638868
-0.723042 0.263095 -0.638742
-0.723022 0.263195 -0.638724
-0.722817 0.263094 -0.638997
-0.723042 0.263095 -0.638742
-0.723001 0.263352 -0.638683
-0.723022 0.263195 -0.638724
-0.968667 0.151479 -0.196823
-0.968710 0.151438 -0.196641
-0.968732 0.151537 -0.196455
-0.968667 0.151479 -0.196823
-0.968746 0.151444 -0.196458
-0.968710 0.151438 -0.196641
-0.968746 0.151444 -0.196458
-0.968673 0.151433 -0.196824
-0.968746 0.151444 -0.196458
-0.968746 0.151444 -0.196458
-0.968760 0.151351 -0.196461
-0.968673 0.151433 -0.196824
-0.968634 0.152189 -0.196435
-0.968710 0.151438 -0.196641
-0.968746 0.151444 -0.196458
-0.968634 0.152189 -0.196435
-0.968746 0.151444 -0.196458
-0.968710 0.151438 -0.196641
-0.968679 0.151654 -0.196626
-0.968746 0.151444 -0.196458
-0.968697 0.151657 -0.196534
-0.968679 0.151654 -0.196626
-0.968710 0.151438 -0.196641
-0.968746 0.151444 -0.196458
-0.968706 0.151658 -0.196488
-0.968710 0.151438 -0.196641
-0.968710 0.151438 -0.196641
-0.968706 0.151658 -0.196488
-0.968728 0.151441 -0.196549
-0.968710 0.151438 -0.196641
-0.968712 0.151546 -0.196546
-0.968710 0.151438 -0.196641
-0.968728 0.151441 -0.196549
-0.968712 0.151546 -0.196546
-0.968746 0.151444 -0.196458
-0.968710 0.151438 -0.196641
-0.685075 -0.151529 0.712539
-0.685075 -0.151529 0.712539
-0.685170 -0.151526 0.712447
-0.685075 -0.151529 0.712539
-0.685178 -0.151456 0.712455
-0.685075 -0.151529 0.712539
-0.685085 -0.151436 0.712549
-0.685095 -0.151343 0.712559
-0.685085 -0.151436 0.712549
-0.685085 -0.151436 0.712549
-0.685085 -0.151436 0.712549
-0.685095 -0.151343 0.712559
-0.685085 -0.151436 0.712549
-0.685065 -0.151622 0.712529
-0.685085 -0.151436 0.712549
-0.685085 -0.151436 0.712549
-0.685085 -0.151436 0.712549
-0.685065 -0.151622 0.712529
-0.685095 -0.151343 0.712559
-0.685085 -0.151436 0.712549
-0.685131 -0.151446 0.712502
-0.685095 -0.151343 0.712559
-0.685075 -0.151529 0.712539
-0.685085 -0.151436 0.712549
-0.685085 -0.151436 0.712549
-0.685065 -0.151622 0.712529
-0.685085 -0.151436 0.712549
-0.685085 -0.151436 0.712549
-0.685111 -0.151632 0.712482
-0.685065 -0.151622 0.712529
-0.685079 -0.151494 0.712543
-0.685085 -0.151436 0.712549
-0.685095 -0.151343 0.712559
-0.685079 -0.151494 0.712543
-0.685095 -0.151343 0.712559
-0.685085 -0.151436 0.712549
-0.231951 -0.262710 0.936580
-0.231360 -0.262831 0.936692
-0.231545 -0.262753 0.936669
-0.231951 -0.262710 0.936580
-0.231179 -0.262842 0.936734
-0.231360 -0.262831 0.936692
-0.231511 -0.262595 0.936721
-0.231913 -0.262618 0.936615
-0.231522 -0.262417 0.936768
-0.231511 -0.262595 0.936721
-0.231360 -0.262831 0.936692
-0.231913 -0.262618 0.936615
-0.231156 -0.263197 0.936640
-0.231221 -0.262889 0.936710
-0.231924 -0.262441 0.936662
-0.231156 -0.263197 0.936640
-0.231383 -0.262476 0.936786
-0.231221 -0.262889 0.936710
-0.231703 -0.262406 0.936727
-0.231360 -0.262831 0.936692
-0.231360 -0.262831 0.936692
-0.231703 -0.262406 0.936727
-0.231360 -0.262831 0.936692
-0.231360 -0.262831 0.936692
-0.231366 -0.262742 0.936716
-0.231360 -0.262831 0.936692
-0.231371 -0.262653 0.936739
-0.231366 -0.262742 0.936716
-0.231138 -0.262795 0.936757
-0.231360 -0.262831 0.936692
0.168796 0.983978 0.057410
0.169102 0.983902 0.057798
0.169165 0.983903 0.057596
0.168796 0.983978 0.057410
0.168793 0.983956 0.057790
0.169102 0.983902 0.057798
-0.398472 0.825269 0.400188
-0.398503 0.825239 0.400220
-0.398427 0.825128 0.400524
-0.398472 0.825269 0.400188
-0.398473 0.825176 0.400380
-0.398503 0.825239 0.400220
-0.618569 0.651853 0.438702
-0.618518 0.651799 0.438856
-0.618726 0.651722 0.438677
-0.618569 0.651853 0.438702
-0.618712 0.651612 0.438858
-0.618518 0.651799 0.438856
0.556407 0.824596 0.102240
0.556517 0.824476 0.102607
0.556374 0.824548 0.102806
0.556407 0.824596 0.102240
0.556385 0.824564 0.102617
0.556517 0.824476 0.102607
0.335120 0.919721 0.204467
0.335133 0.919757 0.204285
0.335303 0.919698 0.204271
0.335120 0.919721 0.204467
0.335147 0.919793 0.204102
0.335133 0.919757 0.204285
-0.723095 0.262839 -0.638788
-0.722934 0.263162 -0.638836
-0.723007 0.262807 -0.638901
-0.723095 0.262839 -0.638788
-0.723110 0.263227 -0.638611
-0.722934 0.263162 -0.638836
-0.231651 -0.262837 0.936619
-0.231318 -0.262784 0.936716
-0.231721 -0.262808 0.936610
-0.231651 -0.262837 0.936619
-0.231360 -0.262831 0.936692
-0.231318 -0.262784 0.936716
-0.329682 -0.944092 0.000763
-0.329778 -0.944058 0.000954
-0.329682 -0.944092 0.000763
-0.329682 -0.944092 0.000763
-0.329685 -0.944090 0.000954
-0.329778 -0.944058 0.000954
-0.323113 -0.946354 0.003433
-0.323113 -0.946356 0.002861
-0.323113 -0.946354 0.003433
-0.323113 -0.946354 0.003433
-0.323199 -0.946327 0.002861
-0.323113 -0.946356 0.002861
-0.329770 -0.944061 0.000763
-0.329970 -0.943991 0.001144
-0.329785 -0.944055 0.001144
-0.329770 -0.944061 0.000763
-0.329778 -0.944058 0.000763
-0.329970 -0.943991 0.001144
-0.329785 -0.944055 0.001144
-0.329785 -0.944055 0.001144
-0.329770 -0.944061 0.000763
-0.329785 -0.944055 0.001144
-0.329985 -0.943986 0.000954
-0.329785 -0.944055 0.001144
-0.329778 -0.944058 0.000954
-0.329778 -0.944058 0.001049
-0.329770 -0.944061 0.000954
-0.329778 -0.944058 0.000954
-0.329585 -0.944125 0.001049
-0.329778 -0.944058 0.001049
-0.329685 -0.944090 0.001144
-0.329778 -0.944058 0.000954
-0.329735 -0.944073 0.000954
-0.329685 -0.944090 0.001144
-0.329595 -0.944122 0.000954
-0.329778 -0.944058 0.000954
-0.329778 -0.944058 -0.000954
-0.329578 -0.944128 -0.000954
-0.329593 -0.944123 -0.000954
-0.329778 -0.944058 -0.000954
-0.329785 -0.944056 -0.000954
-0.329578 -0.944128 -0.000954
0.186726 -0.982412 0.000763
0.186731 -0.982411 0.000954
0.186823 -0.982393 0.000763
0.186726 -0.982412 0.000763
0.186772 -0.982403 0.000763
0.186731 -0.982411 0.000954
0.186349 -0.982483 -0.000763
0.186349 -0.982483 -0.000954
0.186729 -0.982411 -0.000763
0.186349 -0.982483 -0.000763
0.186349 -0.982483 -0.001144
0.186349 -0.982483 -0.000954
0.186729 -0.982411 -0.000763
0.186731 -0.982411 -0.000763
0.186349 -0.982483 -0.000954
0.186729 -0.982411 -0.000763
0.186729 -0.982411 -0.000763
0.186731 -0.982411 -0.000763
0.186726 -0.982412 0.000763
0.186349 -0.982483 0.000954
0.186349 -0.982483 0.001049
0.186726 -0.982412 0.000763
0.186726 -0.982412 0.000954
0.186349 -0.982483 0.000954
0.186731 -0.982411 0.001049
0.186726 -0.982412 0.000954
0.186726 -0.982411 0.001049
0.186731 -0.982411 0.001049
0.186349 -0.982483 0.001049
0.186726 -0.982412 0.000954
0.122164 -0.989661 -0.075148
0.122259 -0.989635 -0.075339
0.122144 -0.989649 -0.075342
0.122164 -0.989661 -0.075148
0.122261 -0.989649 -0.075149
0.122259 -0.989635 -0.075339
0.184824 -0.982771 0.001526
0.184824 -0.982771 0.000954
0.184824 -0.982771 0.000954
0.184824 -0.982771 0.001526
0.184824 -0.982771 0.001144
0.184824 -0.982771 0.000954
0.159349 -0.987183 0.008773
0.159357 -0.987182 0.008774
0.159504 -0.987158 0.008774
0.159349 -0.987183 0.008773
0.159453 -0.987166 0.008869
0.159357 -0.987182 0.008774
0.652321 -0.757942 0.001144
0.652243 -0.758009 0.001144
0.652345 -0.757922 0.000954
0.652321 -0.757942 0.001144
0.652298 -0.757962 0.000763
0.652243 -0.758009 0.001144
0.650241 -0.759727 -0.000763
0.650238 -0.759730 -0.000954
0.650241 -0.759727 -0.001144
0.650241 -0.759727 -0.000763
0.650037 -0.759902 -0.001144
0.650238 -0.759730 -0.000954
0.653437 -0.756979 -0.001526
0.653450 -0.756970 -0.000954
0.653426 -0.756990 -0.001144
0.653437 -0.756979 -0.001526
0.653260 -0.757132 -0.001144
0.653450 -0.756970 -0.000954
0.652321 -0.757942 -0.000954
0.652327 -0.757937 -0.000763
0.652321 -0.757942 -0.000954
0.652321 -0.757942 -0.000954
0.652321 -0.757942 -0.000954
0.652327 -0.757937 -0.000763
0.652298 -0.757962 0.000763
0.652243 -0.758010 0.000763
0.652298 -0.757962 0.001144
0.652298 -0.757962 0.000763
0.652219 -0.758030 0.000954
0.652243 -0.758010 0.000763
0.652321 -0.757942 0.000954
0.652321 -0.757942 0.000954
0.652243 -0.758009 0.000954
0.652321 -0.757942 0.000954
0.652327 -0.757937 0.001049
0.652321 -0.757942 0.000954
0.652135 -0.758102 -0.001144
0.652327 -0.757937 -0.000954
0.652321 -0.757942 -0.000954
0.652135 -0.758102 -0.001144
0.652321 -0.757942 -0.001144
0.652327 -0.757937 -0.000954
0.284355 0.818212 0.499671
0.284382 0.818290 0.499528
0.284382 0.818290 0.499528
0.284355 0.818212 0.499671
0.284398 0.818384 0.499366
0.284382 0.818290 0.499528
0.255399 0.827900 0.499353
0.255399 0.827900 0.499353
0.255399 0.827900 0.499353
0.255399 0.827900 0.499353
0.255370 0.827712 0.499679
0.255399 0.827900 0.499353
0.258997 0.830012 0.493964
0.259036 0.830183 0.493656
0.259175 0.829971 0.493940
0.258997 0.830012 0.493964
0.259026 0.830198 0.493636
0.259036 0.830183 0.493656
0.235579 0.671520 0.702541
0.235651 0.671369 0.702661
0.235529 0.671420 0.702653
0.235579 0.671520 0.702541
0.235461 0.671432 0.702664
0.235651 0.671369 0.702661
0.235656 0.671349 0.702678
0.235472 0.671396 0.702695
0.235566 0.671364 0.702694
0.235656 0.671349 0.702678
0.235461 0.671432 0.702664
0.235472 0.671396 0.702695
0.235557 0.671397 0.702666
0.235566 0.671364 0.702694
0.235559 0.671391 0.702671
0.235557 0.671397 0.702666
0.235566 0.671364 0.702694
0.235566 0.671364 0.702694
0.235559 0.671391 0.702671
0.235559 0.671391 0.702671
0.235590 0.671480 0.702575
0.235559 0.671391 0.702671
0.235559 0.671391 0.702671
0.235559 0.671391 0.702671
0.284486 0.818244 0.499544
0.284382 0.818290 0.499528
0.284432 0.818180 0.499681
0.284486 0.818244 0.499544
0.284584 0.818323 0.499358
0.284382 0.818290 0.499528
0.944096 -0.329671 0.000763
0.944081 -0.329713 0.000763
0.944066 -0.329756 0.000763
0.944096 -0.329671 0.000763
0.944103 -0.329649 0.000763
0.944081 -0.329713 0.000763
0.944125 -0.329585 0.001144
0.944095 -0.329670 0.001144
0.944096 -0.329671 0.000954
0.944125 -0.329585 0.001144
0.944066 -0.329756 0.000763
0.944095 -0.329670 0.001144
0.944096 -0.329671 0.000954
0.944096 -0.329671 0.000954
0.944095 -0.329671 0.001049
0.944096 -0.329671 0.000954
0.944103 -0.329649 0.000954
0.944096 -0.329671 0.000954
0.944103 -0.329649 0.000954
0.944096 -0.329671 0.000954
0.944096 -0.329671 0.000954
0.944103 -0.329649 0.000954
0.944103 -0.329649 0.001049
0.944096 -0.329671 0.000954
0.944125 -0.329586 0.000954
0.944125 -0.329586 0.000763
0.944125 -0.329586 0.000954
0.944125 -0.329586 0.000954
0.944096 -0.329671 0.000954
0.944125 -0.329586 0.000763
0.944066 -0.329756 -0.000763
0.944096 -0.329671 -0.000763
0.944096 -0.329671 -0.000954
0.944066 -0.329756 -0.000763
0.944125 -0.329586 -0.000954
0.944096 -0.329671 -0.000763
0.941435 -0.337184 -0.002670
0.941431 -0.337194 -0.002861
0.941426 -0.337205 -0.003052
0.941435 -0.337184 -0.002670
0.941396 -0.337289 -0.003052
0.941431 -0.337194 -0.002861
-0.982413 -0.186718 0.001144
-0.982396 -0.186810 0.001144
-0.982413 -0.186718 0.000763
-0.982413 -0.186718 0.001144
-0.982422 -0.186672 0.000954
-0.982396 -0.186810 0.001144
-0.982413 -0.186718 0.001144
-0.982404 -0.186764 0.000954
-0.982413 -0.186718 0.000954
-0.982413 -0.186718 0.001144
-0.982413 -0.186718 0.001144
-0.982404 -0.186764 0.000954
-0.982404 -0.186764 -0.000954
-0.982422 -0.186672 -0.000954
-0.982413 -0.186718 -0.000954
-0.982404 -0.186764 -0.000954
-0.982417 -0.186695 -0.001049
-0.982422 -0.186672 -0.000954
-0.982422 -0.186672 0.001049
-0.982421 -0.186677 0.000954
-0.982413 -0.186718 0.001049
-0.982422 -0.186672 0.001049
-0.982413 -0.186718 0.000954
-0.982421 -0.186677 0.000954
-0.982422 -0.186672 0.000763
-0.982422 -0.186672 0.000763
-0.982420 -0.186683 0.000763
-0.982422 -0.186672 0.000763
-0.982413 -0.186718 0.000954
-0.982422 -0.186672 0.000763
-0.982392 -0.186827 0.000954
-0.982422 -0.186672 0.001144
-0.982410 -0.186735 0.001144
-0.982392 -0.186827 0.000954
-0.982422 -0.186672 0.001144
-0.982422 -0.186672 0.001144
-0.984225 -0.176889 0.003433
-0.984225 -0.176901 0.002861
-0.984205 -0.177004 0.003052
-0.984225 -0.176889 0.003433
-0.984223 -0.176912 0.002670
-0.984225 -0.176901 0.002861
-0.389771 -0.270620 0.880252
-0.389747 -0.270830 0.880198
-0.389886 -0.270622 0.880200
-0.389771 -0.270620 0.880252
-0.389853 -0.270599 0.880222
-0.389747 -0.270830 0.880198
-0.165174 -0.472467 0.865732
-0.165210 -0.472452 0.865733
-0.165174 -0.472467 0.865732
-0.165174 -0.472467 0.865732
-0.165203 -0.472526 0.865694
-0.165210 -0.472452 0.865733
-0.216094 -0.462656 0.859798
-0.216316 -0.462676 0.859732
-0.215725 -0.462732 0.859850
-0.216094 -0.462656 0.859798
-0.215725 -0.462732 0.859850
-0.216316 -0.462676 0.859732
-0.226026 -0.450908 0.863478
-0.225994 -0.450796 0.863545
-0.226026 -0.450908 0.863478
-0.226026 -0.450908 0.863478
-0.225992 -0.450815 0.863536
-0.225994 -0.450796 0.863545
-0.104705 -0.302147 0.947494
-0.104724 -0.302202 0.947474
-0.104705 -0.302147 0.947494
-0.104705 -0.302147 0.947494
-0.104703 -0.302190 0.947480
-0.104724 -0.302202 0.947474
-0.104705 -0.302147 0.947494
-0.104345 -0.302257 0.947498
-0.104722 -0.302245 0.947460
-0.104705 -0.302147 0.947494
-0.104706 -0.302104 0.947507
-0.104345 -0.302257 0.947498
-0.104535 -0.302208 0.947493
-0.104724 -0.302202 0.947474
-0.104516 -0.302153 0.947512
-0.104535 -0.302208 0.947493
-0.104611 -0.302128 0.947510
-0.104724 -0.302202 0.947474
-0.104517 -0.302131 0.947519
-0.104658 -0.302149 0.947498
-0.104611 -0.302128 0.947510
-0.104517 -0.302131 0.947519
-0.104536 -0.302186 0.947500
-0.104658 -0.302149 0.947498
-0.311682 -0.808378 0.499378
-0.311697 -0.808358 0.499402
-0.311667 -0.808399 0.499354
-0.311682 -0.808378 0.499378
-0.311668 -0.808281 0.499546
-0.311697 -0.808358 0.499402
-0.284609 -0.818288 0.499402
-0.284377 -0.818180 0.499710
-0.284418 -0.818356 0.499400
-0.284609 -0.818288 0.499402
-0.284564 -0.818120 0.499703
-0.284377 -0.818180 0.499710
-0.235465 -0.671419 0.702676
-0.235579 -0.671520 0.702541
-0.235559 -0.671391 0.702671
-0.235465 -0.671419 0.702676
-0.235460 -0.671435 0.702662
-0.235579 -0.671520 0.702541
-0.235465 -0.671419 0.702676
-0.235469 -0.671406 0.702687
-0.235461 -0.671432 0.702664
-0.235465 -0.671419 0.702676
-0.235557 -0.671397 0.702666
-0.235469 -0.671406 0.702687
-0.235575 -0.671436 0.702623
-0.235934 -0.671278 0.702653
-0.235590 -0.671480 0.702575
-0.235575 -0.671436 0.702623
-0.235590 -0.671480 0.702575
-0.235934 -0.671278 0.702653
-0.235559 -0.671391 0.702671
-0.235559 -0.671391 0.702671
-0.235575 -0.671436 0.702623
-0.235559 -0.671391 0.702671
-0.235958 -0.671394 0.702534
-0.235559 -0.671391 0.702671
-0.295817 -0.820124 0.489785
-0.296020 -0.820038 0.489806
-0.295844 -0.820200 0.489640
-0.295817 -0.820124 0.489785
-0.295654 -0.820154 0.489832
-0.296020 -0.820038 0.489806
-0.757810 -0.652474 -0.001144
-0.757962 -0.652298 -0.000763
-0.758009 -0.652243 -0.001144
-0.757810 -0.652474 -0.001144
-0.757962 -0.652298 -0.000954
-0.757962 -0.652298 -0.000763
-0.757875 -0.652400 0.000763
-0.757974 -0.652284 0.000954
-0.757971 -0.652288 0.000763
-0.757875 -0.652400 0.000763
-0.757962 -0.652298 0.001144
-0.757974 -0.652284 0.000954
-0.714307 -0.692850 0.098611
-0.714296 -0.692862 0.098609
-0.714388 -0.692740 0.098799
-0.714307 -0.692850 0.098611
-0.714282 -0.692849 0.098798
-0.714296 -0.692862 0.098609
-0.710673 -0.700993 -0.059604
-0.710787 -0.700869 -0.059701
-0.710791 -0.700873 -0.059606
-0.710673 -0.700993 -0.059604
-0.710669 -0.700989 -0.059699
-0.710787 -0.700869 -0.059701
-0.757810 -0.652474 0.001049
-0.757974 -0.652284 0.000954
-0.757974 -0.652284 0.000954
-0.757810 -0.652474 0.001049
-0.757962 -0.652298 0.000954
-0.757974 -0.652284 0.000954
-0.757962 -0.652298 0.000954
-0.757962 -0.652298 0.000954
-0.757962 -0.652298 0.000954
-0.757962 -0.652298 0.000954
-0.757974 -0.652284 0.001049
-0.757962 -0.652298 0.000954
-0.758009 -0.652243 0.001144
-0.757962 -0.652298 0.000954
-0.757962 -0.652298 0.000954
-0.758009 -0.652243 0.001144
-0.757962 -0.652298 0.000763
-0.757962 -0.652298 0.000954
-0.763293 -0.646043 0.003433
-0.763294 -0.646044 0.002861
-0.763271 -0.646072 0.003052
-0.763293 -0.646043 0.003433
-0.763318 -0.646016 0.003052
-0.763294 -0.646044 0.002861
-0.014687 0.000954 0.999892
-0.014306 0.000954 0.999897
-0.014685 0.000763 0.999892
-0.014687 0.000954 0.999892
-0.014306 0.001001 0.999897
-0.014306 0.000954 0.999897
0.001335 0.000954 0.999999
0.000954 0.000977 0.999999
0.001335 0.001049 0.999999
0.001335 0.000954 0.999999
0.000954 0.000983 0.999999
0.000954 0.000977 0.999999
-0.012399 0.004864 0.999911
-0.012396 0.004911 0.999911
-0.012587 0.004887 0.999909
-0.012399 0.004864 0.999911
-0.012780 0.004888 0.999906
-0.012396 0.004911 0.999911
0.000953 0.000953 0.999999
0.000954 0.000977 0.999999
0.000954 0.001001 0.999999
0.000953 0.000953 0.999999
0.000953 0.000953 0.999999
0.000954 0.000977 0.999999
0.000954 0.001001 0.999999
0.000954 0.001001 0.999999
0.001049 0.000954 0.999999
0.000954 0.001001 0.999999
0.000954 0.000966 0.999999
0.000954 0.001001 0.999999
0.001335 0.000954 0.999999
0.000954 0.000954 0.999999
0.000954 0.000954 0.999999
0.001335 0.000954 0.999999
0.001335 0.000954 0.999999
0.000954 0.000954 0.999999
0.000954 0.000954 0.999999
0.000954 0.000954 0.999999
0.000954 0.000954 0.999999
0.000954 0.000954 0.999999
0.000953 0.000953 0.999999
0.000954 0.000954 0.999999
-0.528337 0.206280 0.823595
-0.528573 0.206155 0.823475
-0.528347 0.206189 0.823611
-0.528337 0.206280 0.823595
-0.528347 0.206189 0.823611
-0.528573 0.206155 0.823475
-0.508635 0.166780 0.844674
-0.508705 0.166946 0.844599
-0.508949 0.166725 0.844496
-0.508635 0.166780 0.844674
-0.508701 0.166992 0.844593
-0.508705 0.166946 0.844599
-0.530845 0.139864 0.835848
-0.530543 0.139787 0.836053
-0.530710 0.139855 0.835935
-0.530845 0.139864 0.835848
-0.530628 0.139804 0.835996
-0.530543 0.139787 0.836053
-0.449896 0.163157 0.878051
-0.449901 0.163087 0.878061
-0.450047 0.163211 0.877963
-0.449896 0.163157 0.878051
-0.449979 0.163091 0.878021
-0.449901 0.163087 0.878061
-0.302338 0.104531 0.947452
-0.302281 0.104582 0.947464
-0.302281 0.104582 0.947464
-0.302338 0.104531 0.947452
-0.302277 0.104700 0.947453
-0.302281 0.104582 0.947464
-0.268734 0.110335 0.956874
-0.268731 0.110429 0.956864
-0.268758 0.110345 0.956866
-0.268734 0.110335 0.956874
-0.268731 0.110429 0.956864
-0.268731 0.110429 0.956864
-0.284452 0.085012 0.954913
-0.284275 0.085111 0.954957
-0.284477 0.085067 0.954901
-0.284452 0.085012 0.954913
-0.284503 0.085074 0.954893
-0.284275 0.085111 0.954957
-0.286478 0.096844 0.953180
-0.286540 0.096832 0.953162
-0.286595 0.096732 0.953156
-0.286478 0.096844 0.953180
-0.286508 0.096711 0.953184
-0.286540 0.096832 0.953162
-0.302196 0.104515 0.947499
-0.302192 0.104656 0.947485
-0.302338 0.104531 0.947452
-0.302196 0.104515 0.947499
-0.302335 0.104625 0.947443
-0.302192 0.104656 0.947485
0.036236 0.499669 0.865458
0.036243 0.499680 0.865451
0.036147 0.499718 0.865434
0.036236 0.499669 0.865458
0.036236 0.499669 0.865458
0.036243 0.499680 0.865451
0.040051 0.485860 0.873118
0.040058 0.485941 0.873073
0.040006 0.485788 0.873160
0.040051 0.485860 0.873118
0.040052 0.485824 0.873138
0.040058 0.485941 0.873073
-0.048064 0.503146 0.862864
-0.048070 0.503300 0.862773
-0.048254 0.503142 0.862856
-0.048064 0.503146 0.862864
-0.048062 0.503218 0.862822
-0.048070 0.503300 0.862773
0.029760 0.486217 0.873331
0.030134 0.485904 0.873493
0.029755 0.486100 0.873397
0.029760 0.486217 0.873331
0.030332 0.486191 0.873326
0.030134 0.485904 0.873493
0.024224 0.319659 0.947223
0.024415 0.319658 0.947219
0.024224 0.319681 0.947216
0.024224 0.319659 0.947223
0.024414 0.319700 0.947204
0.024415 0.319658 0.947219
0.024413 0.319607 0.947235
0.024224 0.319670 0.947219
0.024415 0.319679 0.947211
0.024413 0.319607 0.947235
0.024415 0.319636 0.947226
0.024224 0.319670 0.947219
0.024415 0.319679 0.947211
0.024414 0.319700 0.947204
0.024224 0.319681 0.947216
0.024415 0.319679 0.947211
0.024320 0.319637 0.947228
0.024414 0.319700 0.947204
0.036241 0.313673 0.948839
0.036047 0.313657 0.948852
0.036237 0.313666 0.948842
0.036241 0.313673 0.948839
0.036142 0.313646 0.948852
0.036047 0.313657 0.948852
0.038076 0.319519 0.946815
0.037957 0.319510 0.946823
0.038074 0.319615 0.946782
0.038076 0.319519 0.946815
0.037957 0.319531 0.946815
0.037957 0.319510 0.946823
0.014684 -0.352820 0.935576
0.014592 -0.352779 0.935593
0.014689 -0.352946 0.935529
0.014684 -0.352820 0.935576
0.014684 -0.352799 0.935584
0.014592 -0.352779 0.935593
-0.040053 -0.485788 0.873159
-0.040058 -0.485960 0.873063
-0.040057 -0.485996 0.873043
-0.040053 -0.485788 0.873159
-0.040059 -0.485905 0.873093
-0.040058 -0.485960 0.873063
-0.052267 -0.497919 0.865647
-0.052267 -0.497919 0.865647
-0.051885 -0.497965 0.865644
-0.052267 -0.497919 0.865647
-0.051886 -0.497947 0.865654
-0.052267 -0.497919 0.865647
-0.056082 -0.513749 0.856105
-0.055700 -0.513795 0.856103
-0.055701 -0.513760 0.856124
-0.056082 -0.513749 0.856105
-0.055302 -0.513638 0.856223
-0.055700 -0.513795 0.856103
-0.024410 -0.319621 0.947231
-0.024415 -0.319679 0.947211
-0.024415 -0.319658 0.947219
-0.024410 -0.319621 0.947231
-0.024415 -0.319679 0.947211
-0.024415 -0.319679 0.947211
-0.024410 -0.319621 0.947231
-0.024415 -0.319679 0.947211
-0.024412 -0.319650 0.947221
-0.024410 -0.319621 0.947231
-0.024415 -0.319679 0.947211
-0.024415 -0.319679 0.947211
-0.032325 -0.316027 0.948199
-0.032140 -0.316150 0.948165
-0.032330 -0.316148 0.948159
-0.032325 -0.316027 0.948199
-0.032235 -0.316106 0.948176
-0.032140 -0.316150 0.948165
-0.038244 -0.316011 0.947985
-0.038125 -0.316018 0.947987
-0.038172 -0.316055 0.947973
-0.038244 -0.316011 0.947985
-0.038244 -0.316011 0.947985
-0.038125 -0.316018 0.947987
0.724713 -0.253316 0.640799
0.724806 -0.253324 0.640690
0.724803 -0.253335 0.640688
0.724713 -0.253316 0.640799
0.724715 -0.253305 0.640800
0.724806 -0.253324 0.640690
0.714749 -0.253285 0.651905
0.714529 -0.253261 0.652156
0.714559 -0.253061 0.652200
0.714749 -0.253285 0.651905
0.714716 -0.253236 0.651961
0.714529 -0.253261 0.652156
0.724890 -0.253378 0.640574
0.724719 -0.253282 0.640804
0.724713 -0.253316 0.640799
0.724890 -0.253378 0.640574
0.724899 -0.253333 0.640581
0.724719 -0.253282 0.640804
0.706208 -0.252919 0.661289
0.706134 -0.253070 0.661309
0.706125 -0.252967 0.661358
0.706208 -0.252919 0.661289
0.706126 -0.253114 0.661301
0.706134 -0.253070 0.661309
0.592932 -0.206100 0.778431
0.592770 -0.206173 0.778535
0.592987 -0.206134 0.778379
0.592932 -0.206100 0.778431
0.592993 -0.206089 0.778387
0.592770 -0.206173 0.778535
0.592793 -0.205990 0.778566
0.592782 -0.206081 0.778550
0.592770 -0.206173 0.778535
0.592793 -0.205990 0.778566
0.592864 -0.206157 0.778467
0.592782 -0.206081 0.778550
0.592779 -0.206104 0.778546
0.592773 -0.206150 0.778539
0.592780 -0.206093 0.778548
0.592779 -0.206104 0.778546
0.592782 -0.206081 0.778550
0.592773 -0.206150 0.778539
0.592793 -0.205990 0.778566
0.592861 -0.206180 0.778464
0.592870 -0.206112 0.778475
0.592793 -0.205990 0.778566
0.592993 -0.206089 0.778387
0.592861 -0.206180 0.778464
-0.831924 0.288274 0.474132
-0.831918 0.288296 0.474128
-0.831918 0.288296 0.474128
-0.831924 0.288274 0.474132
-0.831680 0.288399 0.474483
-0.831918 0.288296 0.474128
-0.822290 0.286423 0.491733
-0.822212 0.286396 0.491878
-0.822125 0.286540 0.491940
-0.822290 0.286423 0.491733
-0.822057 0.286480 0.492090
-0.822212 0.286396 0.491878
-0.823776 0.298164 0.482173
-0.824001 0.298128 0.481812
-0.824024 0.298041 0.481825
-0.823776 0.298164 0.482173
-0.823840 0.298234 0.482020
-0.824001 0.298128 0.481812
-0.813171 0.276938 0.511916
-0.813283 0.276944 0.511735
-0.813283 0.276944 0.511735
-0.813171 0.276938 0.511916
-0.813283 0.276944 0.511735
-0.813283 0.276944 0.511735
-0.716980 0.251296 0.650222
-0.716917 0.251403 0.650251
-0.716998 0.251207 0.650238
-0.716980 0.251296 0.650222
-0.716872 0.251387 0.650306
-0.716917 0.251403 0.650251
-0.716980 0.251296 0.650222
-0.716890 0.251298 0.650322
-0.716872 0.251387 0.650306
-0.716980 0.251296 0.650222
-0.716917 0.251403 0.650251
-0.716890 0.251298 0.650322
-0.716777 0.251411 0.650402
-0.716936 0.251280 0.650278
-0.716930 0.251314 0.650272
-0.716777 0.251411 0.650402
-0.716782 0.251389 0.650406
-0.716936 0.251280 0.650278
-0.716972 0.251341 0.650215
-0.716963 0.251385 0.650207
-0.716754 0.251284 0.650477
-0.716972 0.251341 0.650215
-0.716777 0.251411 0.650402
-0.716963 0.251385 0.650207
0.165361 0.472434 0.865715
0.165196 0.472601 0.865655
0.165389 0.472512 0.865667
0.165361 0.472434 0.865715
0.165176 0.472448 0.865742
0.165196 0.472601 0.865655
0.163466 0.458735 0.873408
0.163279 0.458758 0.873430
0.163300 0.458669 0.873474
0.163466 0.458735 0.873408
0.163442 0.458621 0.873472
0.163279 0.458758 0.873430
0.131982 0.483870 0.865130
0.131988 0.483797 0.865170
0.131982 0.483870 0.865130
0.131982 0.483870 0.865130
0.131982 0.483870 0.865130
0.131988 0.483797 0.865170
0.161371 0.495653 0.853397
0.161337 0.495645 0.853409
0.161572 0.495494 0.853452
0.161371 0.495653 0.853397
0.161367 0.495689 0.853377
0.161337 0.495645 0.853409
0.104328 0.302159 0.947531
0.104706 0.302125 0.947500
0.104724 0.302202 0.947474
0.104328 0.302159 0.947531
0.104705 0.302147 0.947494
0.104706 0.302125 0.947500
0.104337 0.302186 0.947522
0.104706 0.302104 0.947507
0.104516 0.302175 0.947506
0.104337 0.302186 0.947522
0.104328 0.302159 0.947531
0.104706 0.302104 0.947507
0.104527 0.302137 0.947516
0.104723 0.302213 0.947471
0.104327 0.302181 0.947524
0.104527 0.302137 0.947516
0.104658 0.302149 0.947498
0.104723 0.302213 0.947471
0.104629 0.302205 0.947483
0.104516 0.302153 0.947512
0.104628 0.302248 0.947470
0.104629 0.302205 0.947483
0.104536 0.302186 0.947500
0.104516 0.302153 0.947512
0.378238 -0.349055 0.857378
0.378179 -0.348977 0.857435
0.378235 -0.349076 0.857371
0.378238 -0.349055 0.857378
0.378176 -0.348998 0.857428
0.378179 -0.348977 0.857435
0.374030 -0.335025 0.864789
0.374244 -0.335141 0.864652
0.374232 -0.335225 0.864624
0.374030 -0.335025 0.864789
0.374250 -0.335098 0.864665
0.374244 -0.335141 0.864652
0.378251 -0.348971 0.857406
0.378179 -0.348977 0.857435
0.378176 -0.348998 0.857428
0.378251 -0.348971 0.857406
0.378243 -0.349023 0.857389
0.378179 -0.348977 0.857435
0.354841 -0.345019 0.868936
0.354752 -0.345072 0.868951
0.354894 -0.345118 0.868875
0.354841 -0.345019 0.868936
0.354811 -0.345130 0.868904
0.354752 -0.345072 0.868951
0.335196 -0.153342 0.929586
0.335419 -0.153475 0.929483
0.335293 -0.153459 0.929531
0.335196 -0.153342 0.929586
0.335276 -0.153430 0.929542
0.335419 -0.153475 0.929483
0.352748 -0.163071 0.921399
0.352743 -0.163164 0.921385
0.352716 -0.163291 0.921373
0.352748 -0.163071 0.921399
0.352576 -0.163175 0.921447
0.352743 -0.163164 0.921385
0.352863 -0.163080 0.921354
0.352659 -0.163169 0.921416
0.352659 -0.163169 0.921416
0.352863 -0.163080 0.921354
0.352659 -0.163169 0.921416
0.352659 -0.163169 0.921416
0.352658 -0.163193 0.921412
0.352659 -0.163169 0.921416
0.352659 -0.163169 0.921416
0.352658 -0.163193 0.921412
0.352659 -0.163169 0.921416
0.352659 -0.163169 0.921416
-0.675082 0.379972 0.632365
-0.675163 0.380018 0.632251
-0.675245 0.380064 0.632136
-0.675082 0.379972 0.632365
-0.675336 0.380056 0.632043
-0.675163 0.380018 0.632251
-0.659975 0.358980 0.659975
-0.659997 0.358897 0.659997
-0.659746 0.358769 0.660318
-0.659975 0.358980 0.659975
-0.659903 0.358894 0.660094
-0.659997 0.358897 0.659997
-0.676867 0.334905 0.655507
-0.676930 0.335032 0.655377
-0.676929 0.335037 0.655376
-0.676867 0.334905 0.655507
-0.676930 0.335032 0.655377
-0.676930 0.335032 0.655377
-0.614569 0.370229 0.696588
-0.614692 0.370170 0.696511
-0.614791 0.370153 0.696433
-0.614569 0.370229 0.696588
-0.614542 0.370332 0.696557
-0.614692 0.370170 0.696511
-0.483707 0.349047 0.802617
-0.483849 0.349036 0.802536
-0.483715 0.349005 0.802630
-0.483707 0.349047 0.802617
-0.483869 0.348931 0.802570
-0.483849 0.349036 0.802536
-0.483898 0.349000 0.802522
-0.484015 0.348899 0.802496
-0.483780 0.349031 0.802580
-0.483898 0.349000 0.802522
-0.483717 0.348995 0.802634
-0.484015 0.348899 0.802496
-0.473766 0.350699 0.807810
-0.473809 0.350659 0.807802
-0.473886 0.350623 0.807772
-0.473766 0.350699 0.807810
-0.473886 0.350623 0.807772
-0.473809 0.350659 0.807802
-0.483833 0.348974 0.802573
-0.483927 0.349068 0.802475
-0.483927 0.349068 0.802475
-0.483833 0.348974 0.802573
-0.483853 0.349015 0.802543
-0.483927 0.349068 0.802475
-0.483763 0.349115 0.802553
-0.483951 0.348942 0.802515
-0.483927 0.349068 0.802475
-0.483763 0.349115 0.802553
-0.483723 0.348963 0.802644
-0.483951 0.348942 0.802515
0.000954 0.999999 0.000954
-0.208047 0.977816 0.024319
0.000954 0.999999 0.001049
-0.208048 0.977819 0.024224
-0.208047 0.977816 0.024319
0.000954 0.999999 0.000954
-0.208048 0.977819 0.024224
-0.407486 0.911956 0.047872
-0.208047 0.977816 0.024319
-0.407486 0.911956 0.047872
-0.208048 0.977819 0.024224
-0.407486 0.911956 0.047872
0.707174 0.707039 0.000954
0.787564 0.525448 -0.321944
0.707130 0.707083 0.000954
0.787568 0.525443 -0.321941
0.787564 0.525448 -0.321944
0.707174 0.707039 0.000954
0.787568 0.525443 -0.321941
0.755825 0.268854 -0.597031
0.787564 0.525448 -0.321944
0.755825 0.268854 -0.597031
0.787568 0.525443 -0.321941
0.755693 0.268846 -0.597202
0.000954 0.808971 -0.587848
-0.208115 0.806092 -0.553989
0.000954 0.808967 -0.587854
-0.208126 0.806135 -0.553923
-0.208115 0.806092 -0.553989
0.000954 0.808971 -0.587848
-0.208126 0.806135 -0.553923
-0.407710 0.765544 -0.497711
-0.208115 0.806092 -0.553989
-0.407710 0.765544 -0.497711
-0.208126 0.806135 -0.553923
-0.407690 0.765507 -0.497782
0.707000 0.572089 -0.415770
0.787919 0.235985 -0.568766
0.707085 0.572107 -0.415601
0.787973 0.235877 -0.568736
0.787919 0.235985 -0.568766
0.707000 0.572089 -0.415770
0.787973 0.235877 -0.568736
0.756139 -0.134003 -0.640544
0.787919 0.235985 -0.568766
0.756139 -0.134003 -0.640544
0.787973 0.235877 -0.568736
0.756047 -0.133987 -0.640656
0.001335 0.574179 0.818729
-0.208469 0.540817 0.814897
0.001335 0.574198 0.818716
-0.208474 0.540927 0.814823
-0.208469 0.540817 0.814897
0.001335 0.574179 0.818729
-0.208474 0.540927 0.814823
-0.407434 0.483542 0.774716
-0.208469 0.540817 0.814897
-0.407434 0.483542 0.774716
-0.208474 0.540927 0.814823
-0.407427 0.483724 0.774606
0.706687 0.405701 0.579655
0.787918 0.564737 0.245473
0.706765 0.405746 0.579528
0.787798 0.564811 0.245686
0.787918 0.564737 0.245473
0.706687 0.405701 0.579655
0.787798 0.564811 0.245686
0.756258 0.642712 -0.122451
0.787918 0.564737 0.245473
0.756258 0.642712 -0.122451
0.787798 0.564811 0.245686
0.756428 0.642658 -0.121685
0.090970 0.952612 0.290265
-0.102618 0.923943 0.368509
0.090878 0.952647 0.290181
-0.102618 0.923943 0.368509
-0.102618 0.923943 0.368509
0.090970 0.952612 0.290265
-0.102618 0.923943 0.368509
-0.292396 0.853538 0.431251
-0.102618 0.923943 0.368509
-0.292396 0.853538 0.431251
-0.102618 0.923943 0.368509
-0.292399 0.853614 0.431099
0.739551 0.673082 -0.004959
0.708992 0.597518 -0.374569
0.739551 0.673082 -0.004959
0.709026 0.597436 -0.374637
0.708992 0.597518 -0.374569
0.739551 0.673082 -0.004959
0.709026 0.597436 -0.374637
0.575722 0.436775 -0.691210
0.708992 0.597518 -0.374569
0.575722 0.436775 -0.691210
0.709026 0.597436 -0.374637
0.575930 0.437073 -0.690849
0.090408 0.952715 0.290106
-0.102240 0.923979 0.368523
0.090987 0.952595 0.290318
-0.102618 0.923943 0.368509
-0.102240 0.923979 0.368523
0.090408 0.952715 0.290106
-0.102618 0.923943 0.368509
-0.292174 0.853637 0.431205
-0.102240 0.923979 0.368523
-0.292174 0.853637 0.431205
-0.102618 0.923943 0.368509
-0.292198 0.853707 0.431050
0.739689 0.672930 -0.004959
0.708850 0.597639 -0.374645
0.739374 0.673277 -0.004960
0.708945 0.597558 -0.374595
0.708850 0.597639 -0.374645
0.739689 0.672930 -0.004959
0.708945 0.597558 -0.374595
0.575763 0.437068 -0.690991
0.708850 0.597639 -0.374645
0.575763 0.437068 -0.690991
0.708945 0.597558 -0.374595
0.575379 0.436731 -0.691523
0.235566 0.671364 0.702694
0.235561 0.671384 0.702677
0.235555 0.671404 0.702660
0.235566 0.671364 0.702694
0.235371 0.671447 0.702680
0.235561 0.671384 0.702677
0.235566 0.671364 0.702694
0.235461 0.671432 0.702664
0.235371 0.671447 0.702680
-0.982413 -0.186718 0.000954
-0.982431 -0.186626 0.000954
-0.982422 -0.186672 0.000954
-0.982448 -0.186534 0.001049
-0.982431 -0.186626 0.000954
-0.982413 -0.186718 0.000954
-0.982448 -0.186534 0.001049
-0.982378 -0.186902 -0.000954
-0.982431 -0.186626 0.000954
-0.982422 -0.186672 0.000954
-0.982410 -0.186735 0.000954
-0.982410 -0.186735 0.000954
-0.982422 -0.186672 0.000954
-0.982413 -0.186718 0.000954
-0.982410 -0.186735 0.000954
-0.982422 -0.186672 0.000954
-0.982419 -0.186689 0.000954
-0.982413 -0.186718 0.000954
-0.104705 -0.302147 0.947494
-0.104524 -0.302224 0.947489
-0.104326 -0.302202 0.947518
-0.104705 -0.302147 0.947494
-0.104527 -0.302137 0.947516
-0.104524 -0.302224 0.947489
-0.104527 -0.302137 0.947516
-0.104705 -0.302147 0.947494
-0.104706 -0.302104 0.947507
-0.757962 -0.652298 -0.000954
-0.757962 -0.652298 -0.000954
-0.757962 -0.652298 -0.000954
-0.757787 -0.652501 -0.001049
-0.757962 -0.652298 -0.000954
-0.757962 -0.652298 -0.000954
-0.757787 -0.652501 -0.001049
-0.758009 -0.652243 0.000954
-0.757962 -0.652298 -0.000954
0.000954 0.000954 0.999999
0.001335 0.000989 0.999999
0.001335 0.000954 0.999999
0.000954 0.000954 0.999999
0.000954 0.000977 0.999999
0.001335 0.000989 0.999999
0.000954 0.000954 0.999999
0.000954 0.000977 0.999999
0.000954 0.000954 0.999999
0.000954 0.000954 0.999999
0.000954 0.001001 0.999999
0.000954 0.000977 0.999999
0.592814 -0.206188 0.778497
0.592776 -0.206127 0.778543
0.592782 -0.206081 0.778550
0.592814 -0.206188 0.778497
0.592777 -0.206115 0.778545
0.592776 -0.206127 0.778543
0.592814 -0.206188 0.778497
0.592777 -0.206115 0.778545
0.592777 -0.206115 0.778545
0.104713 0.302218 0.947470
0.104705 0.302136 0.947497
0.104708 0.302060 0.947521
0.104713 0.302218 0.947470
0.104724 0.302202 0.947474
0.104705 0.302136 0.947497
0.104713 0.302218 0.947470
0.104722 0.302245 0.947460
0.104724 0.302202 0.947474
0.352821 -0.163251 0.921340
0.352743 -0.163164 0.921385
0.352737 -0.163257 0.921370
0.352821 -0.163251 0.921340
0.352659 -0.163169 0.921416
0.352743 -0.163164 0.921385
0.352821 -0.163251 0.921340
0.352634 -0.163062 0.921445
0.352659 -0.163169 0.921416
-0.329985 -0.943986 0.000954
-0.329785 -0.944056 0.000954
-0.329778 -0.944058 0.000954
-0.329985 -0.943986 0.000954
-0.329785 -0.944055 0.001144
-0.329785 -0.944056 0.000954
-0.329785 -0.944055 0.001144
-0.329985 -0.943986 0.000954
-0.329615 -0.944115 0.001049
-0.329685 -0.944090 -0.000954
-0.329682 -0.944092 -0.000954
-0.329685 -0.944090 -0.000954
-0.329682 -0.944092 -0.000954
-0.329682 -0.944092 -0.000954
-0.329685 -0.944090 -0.000954
-0.329682 -0.944092 -0.000954
-0.329778 -0.944058 -0.001049
-0.329682 -0.944092 -0.000954
0.186351 -0.982483 0.000954
0.186352 -0.982483 0.000763
0.186731 -0.982411 0.000954
0.186351 -0.982483 0.000954
0.186924 -0.982374 0.000954
0.186352 -0.982483 0.000763
0.186924 -0.982374 0.000954
0.186351 -0.982483 0.000954
0.186534 -0.982448 0.000954
0.652117 -0.758117 -0.000954
0.652129 -0.758107 -0.001144
0.652324 -0.757939 -0.000954
0.652117 -0.758117 -0.000954
0.652321 -0.757942 -0.000954
0.652129 -0.758107 -0.001144
0.652321 -0.757942 -0.000954
0.652117 -0.758117 -0.000954
0.652298 -0.757962 -0.000954
0.652400 -0.757874 0.001049
0.652321 -0.757942 0.000763
0.652298 -0.757962 0.000954
0.652243 -0.758009 -0.000954
0.652321 -0.757942 0.000763
0.652400 -0.757874 0.001049
0.652243 -0.758009 -0.000954
0.652117 -0.758117 -0.000954
0.652321 -0.757942 0.000763
0.944125 -0.329585 0.001049
0.944096 -0.329671 0.000954
0.944103 -0.329649 0.000954
0.944125 -0.329585 0.001049
0.944066 -0.329756 0.000954
0.944096 -0.329671 0.000954
0.944066 -0.329756 0.000954
0.944125 -0.329585 0.001049
0.944125 -0.329586 0.000954
0.944125 -0.329585 0.001049
0.944096 -0.329671 0.000763
0.944125 -0.329586 0.000763
0.944125 -0.329585 0.001049
0.944096 -0.329671 0.000763
0.944125 -0.329585 0.001049
0.944125 -0.329585 0.001049
0.944096 -0.329671 0.000954
0.944096 -0.329671 0.000763
-0.284273 -0.816002 0.503318
-0.284398 -0.815861 0.503477
-0.284441 -0.816034 0.503172
-0.284578 -0.815992 0.503162
-0.284398 -0.815861 0.503477
-0.284273 -0.816002 0.503318
-0.284377 -0.818180 0.499710
-0.284398 -0.815861 0.503477
-0.284578 -0.815992 0.503162
-0.235590 -0.671480 0.702575
-0.235575 -0.671436 0.702623
-0.235574 -0.671338 0.702716
-0.235465 -0.671419 0.702676
-0.235575 -0.671436 0.702623
-0.235590 -0.671480 0.702575
-0.235465 -0.671419 0.702676
-0.235461 -0.671432 0.702664
-0.235575 -0.671436 0.702623
0.000972 0.000954 0.999999
0.000954 0.000977 0.999999
0.001001 0.000972 0.999999
0.000954 0.000954 0.999999
0.000954 0.000977 0.999999
0.000972 0.000954 0.999999
0.000954 0.000954 0.999999
0.000954 0.000954 0.999999
0.000954 0.000977 0.999999
-0.024224 -0.319681 0.947216
-0.024224 -0.319681 0.947216
-0.024415 -0.319679 0.947211
-0.024319 -0.319680 0.947214
-0.024224 -0.319681 0.947216
-0.024224 -0.319681 0.947216
-0.024317 -0.319651 0.947223
-0.024224 -0.319681 0.947216
-0.024319 -0.319680 0.947214
-0.716926 0.251358 0.650259
-0.716883 0.251331 0.650316
-0.716872 0.251387 0.650306
-0.716972 0.251341 0.650215
-0.716883 0.251331 0.650316
-0.716926 0.251358 0.650259
-0.716890 0.251298 0.650322
-0.716883 0.251331 0.650316
-0.716972 0.251341 0.650215
0.497786 0.859969 -0.112526
0.116550 0.971503 -0.206394
0.116550 0.971503 -0.206394
0.497786 0.859969 -0.112526
0.497786 0.859969 -0.112526
0.116550 0.971503 -0.206394
0.497786 0.859969 -0.112526
0.797358 0.603505 0.000954
0.497786 0.859969 -0.112526
0.497786 0.859969 -0.112526
0.797358 0.603505 0.000954
0.797358 0.603505 0.000954
0.497776 0.628765 -0.597389
0.116405 0.664161 -0.738471
0.116408 0.664269 -0.738374
0.497776 0.628765 -0.597389
0.497776 0.628765 -0.597389
0.116405 0.664161 -0.738471
0.497776 0.628765 -0.597389
0.797278 0.488089 -0.355130
0.497776 0.628765 -0.597389
0.497776 0.628765 -0.597389
0.797287 0.488124 -0.355060
0.797278 0.488089 -0.355130
0.497993 0.586205 0.639036
0.116344 0.726294 0.677467
0.116348 0.726317 0.677441
0.497993 0.586205 0.639036
0.497993 0.586205 0.639036
0.116344 0.726294 0.677467
0.497993 0.586205 0.639036
0.797075 0.347326 0.494000
0.497993 0.586205 0.639036
0.497993 0.586205 0.639036
0.797038 0.347309 0.494072
0.797075 0.347326 0.494000
0.521072 0.853512 -0.000954
0.139762 0.988395 0.059510
0.139808 0.988383 0.059604
0.521072 0.853512 -0.000954
0.521226 0.853418 -0.000954
0.139762 0.988395 0.059510
0.521072 0.853512 -0.000954
0.815627 0.575288 -0.061611
0.521226 0.853418 -0.000954
0.521072 0.853512 -0.000954
0.815632 0.575291 -0.061516
0.815627 0.575288 -0.061611
0.521477 0.853265 -0.000954
0.139235 0.988470 0.059508
0.139234 0.988467 0.059556
0.521477 0.853265 -0.000954
0.521114 0.853487 -0.000954
0.139235 0.988470 0.059508
0.521477 0.853265 -0.000954
0.815637 0.575295 -0.061421
0.521114 0.853487 -0.000954
0.521477 0.853265 -0.000954
0.815696 0.575202 -0.061506
0.815637 0.575295 -0.061421
0.114418 0.980860 -0.157548
0.000983 0.999999 0.000954
0.184860 0.980961 -0.059510
0.431435 0.891244 -0.139814
0.114418 0.980860 -0.157548
0.184860 0.980961 -0.059510
0.267010 0.891091 -0.366965
0.114418 0.980860 -0.157548
0.431435 0.891244 -0.139814
0.671256 0.708497 -0.217823
0.267010 0.891091 -0.366965
0.431435 0.891244 -0.139814
0.415008 0.708070 -0.571319
0.267010 0.891091 -0.366965
0.671256 0.708497 -0.217823
0.847385 0.454425 -0.274657
0.415008 0.708070 -0.571319
0.671256 0.708497 -0.217823
0.523198 0.454702 -0.720771
0.415008 0.708070 -0.571319
0.847385 0.454425 -0.274657
0.938981 0.157252 -0.305921
0.523198 0.454702 -0.720771
0.847385 0.454425 -0.274657
0.580076 0.157364 -0.799217
0.523198 0.454702 -0.720771
0.938981 0.157252 -0.305921
0.939018 -0.157357 -0.305750
0.580076 0.157364 -0.799217
0.938981 0.157252 -0.305921
0.580043 -0.157552 -0.799204
0.580076 0.157364 -0.799217
0.939018 -0.157357 -0.305750
0.847385 -0.454425 -0.274657
0.580043 -0.157552 -0.799204
0.939018 -0.157357 -0.305750
0.523234 -0.454733 -0.720725
0.580043 -0.157552 -0.799204
0.847385 -0.454425 -0.274657
0.671183 -0.708516 -0.217990
0.523234 -0.454733 -0.720725
0.847385 -0.454425 -0.274657
0.415002 -0.708156 -0.571217
0.523234 -0.454733 -0.720725
0.671183 -0.708516 -0.217990
0.431461 -0.891200 -0.140013
0.415002 -0.708156 -0.571217
0.671183 -0.708516 -0.217990
0.267029 -0.891153 -0.366800
0.415002 -0.708156 -0.571217
0.431461 -0.891200 -0.140013
0.184860 -0.980961 -0.059510
0.267029 -0.891153 -0.366800
0.431461 -0.891200 -0.140013
0.114407 -0.980864 -0.157533
0.267029 -0.891153 -0.366800
0.184860 -0.980961 -0.059510
0.000984 -0.999999 -0.000954
0.114407 -0.980864 -0.157533
0.184860 -0.980961 -0.059510
0.000972 -0.980894 -0.194539
0.114407 -0.980864 -0.157533
0.000984 -0.999999 -0.000954
0.000977 -0.891432 -0.453154
0.114407 -0.980864 -0.157533
0.000972 -0.980894 -0.194539
0.000977 -0.891432 -0.453154
0.267029 -0.891153 -0.366800
0.114407 -0.980864 -0.157533
0.000971 -0.708155 -0.706057
0.267029 -0.891153 -0.366800
0.000977 -0.891432 -0.453154
0.000971 -0.708155 -0.706057
0.415002 -0.708156 -0.571217
0.267029 -0.891153 -0.366800
0.000972 -0.454598 -0.890696
0.415002 -0.708156 -0.571217
0.000971 -0.708155 -0.706057
0.000972 -0.454598 -0.890696
0.523234 -0.454733 -0.720725
0.415002 -0.708156 -0.571217
0.000972 -0.157358 -0.987541
0.523234 -0.454733 -0.720725
0.000972 -0.454598 -0.890696
0.000972 -0.157358 -0.987541
0.580043 -0.157552 -0.799204
0.523234 -0.454733 -0.720725
0.000972 0.157157 -0.987573
0.580043 -0.157552 -0.799204
0.000972 -0.157358 -0.987541
0.000972 0.157157 -0.987573
0.580076 0.157364 -0.799217
0.580043 -0.157552 -0.799204
0.000972 0.454637 -0.890676
0.580076 0.157364 -0.799217
0.000972 0.157157 -0.987573
0.000972 0.454637 -0.890676
0.523198 0.454702 -0.720771
0.580076 0.157364 -0.799217
0.000972 0.708107 -0.706104
0.523198 0.454702 -0.720771
0.000972 0.454637 -0.890676
0.000972 0.708107 -0.706104
0.415008 0.708070 -0.571319
0.523198 0.454702 -0.720771
0.000978 0.891412 -0.453193
0.415008 0.708070 -0.571319
0.000972 0.708107 -0.706104
0.000978 0.891412 -0.453193
0.267010 0.891091 -0.366965
0.415008 0.708070 -0.571319
0.000972 0.980854 -0.194740
0.267010 0.891091 -0.366965
0.000978 0.891412 -0.453193
0.000972 0.980854 -0.194740
0.114418 0.980860 -0.157548
0.267010 0.891091 -0.366965
0.000972 0.980854 -0.194740
0.000983 0.999999 0.000954
0.114418 0.980860 -0.157548
-0.114418 0.980860 -0.157548
0.000983 0.999999 0.000954
0.000972 0.980854 -0.194740
0.000978 0.891412 -0.453193
-0.114418 0.980860 -0.157548
0.000972 0.980854 -0.194740
-0.267016 0.891089 -0.366964
-0.114418 0.980860 -0.157548
0.000978 0.891412 -0.453193
0.000972 0.708107 -0.706104
-0.267016 0.891089 -0.366964
0.000978 0.891412 -0.453193
-0.415002 0.708072 -0.571321
-0.267016 0.891089 -0.366964
0.000972 0.708107 -0.706104
0.000972 0.454637 -0.890676
-0.415002 0.708072 -0.571321
0.000972 0.708107 -0.706104
-0.523200 0.454701 -0.720770
-0.415002 0.708072 -0.571321
0.000972 0.454637 -0.890676
0.000972 0.157157 -0.987573
-0.523200 0.454701 -0.720770
0.000972 0.454637 -0.890676
-0.580090 0.157362 -0.799208
-0.523200 0.454701 -0.720770
0.000972 0.157157 -0.987573
0.000972 -0.157358 -0.987541
-0.580090 0.157362 -0.799208
0.000972 0.157157 -0.987573
-0.580065 -0.157549 -0.799189
-0.580090 0.157362 -0.799208
0.000972 -0.157358 -0.987541
0.000972 -0.454598 -0.890696
-0.580065 -0.157549 -0.799189
0.000972 -0.157358 -0.987541
-0.523236 -0.454732 -0.720724
-0.580065 -0.157549 -0.799189
0.000972 -0.454598 -0.890696
0.000971 -0.708155 -0.706057
-0.523236 -0.454732 -0.720724
0.000972 -0.454598 -0.890696
-0.414996 -0.708158 -0.571218
-0.523236 -0.454732 -0.720724
0.000971 -0.708155 -0.706057
0.000977 -0.891432 -0.453154
-0.414996 -0.708158 -0.571218
0.000971 -0.708155 -0.706057
-0.267034 -0.891152 -0.366799
-0.414996 -0.708158 -0.571218
0.000977 -0.891432 -0.453154
0.000972 -0.980894 -0.194539
-0.267034 -0.891152 -0.366799
0.000977 -0.891432 -0.453154
-0.114407 -0.980864 -0.157533
-0.267034 -0.891152 -0.366799
0.000972 -0.980894 -0.194539
0.000984 -0.999999 -0.000954
-0.114407 -0.980864 -0.157533
0.000972 -0.980894 -0.194539
-0.184849 -0.980964 -0.059510
-0.114407 -0.980864 -0.157533
0.000984 -0.999999 -0.000954
-0.431450 -0.891205 -0.140014
-0.114407 -0.980864 -0.157533
-0.184849 -0.980964 -0.059510
-0.431450 -0.891205 -0.140014
-0.267034 -0.891152 -0.366799
-0.114407 -0.980864 -0.157533
-0.671183 -0.708516 -0.217990
-0.267034 -0.891152 -0.366799
-0.431450 -0.891205 -0.140014
-0.671183 -0.708516 -0.217990
-0.414996 -0.708158 -0.571218
-0.267034 -0.891152 -0.366799
-0.847385 -0.454425 -0.274657
-0.414996 -0.708158 -0.571218
-0.671183 -0.708516 -0.217990
-0.847385 -0.454425 -0.274657
-0.523236 -0.454732 -0.720724
-0.414996 -0.708158 -0.571218
-0.939018 -0.157357 -0.305750
-0.523236 -0.454732 -0.720724
-0.847385 -0.454425 -0.274657
-0.939018 -0.157357 -0.305750
-0.580065 -0.157549 -0.799189
-0.523236 -0.454732 -0.720724
-0.938981 0.157252 -0.305921
-0.580065 -0.157549 -0.799189
-0.939018 -0.157357 -0.305750
-0.938981 0.157252 -0.305921
-0.580090 0.157362 -0.799208
-0.580065 -0.157549 -0.799189
-0.847385 0.454425 -0.274657
-0.580090 0.157362 -0.799208
-0.938981 0.157252 -0.305921
-0.847385 0.454425 -0.274657
-0.523200 0.454701 -0.720770
-0.580090 0.157362 -0.799208
-0.671256 0.708497 -0.217823
-0.523200 0.454701 -0.720770
-0.847385 0.454425 -0.274657
-0.671256 0.708497 -0.217823
-0.415002 0.708072 -0.571321
-0.523200 0.454701 -0.720770
-0.431425 0.891249 -0.139815
-0.415002 0.708072 -0.571321
-0.671256 0.708497 -0.217823
-0.431425 0.891249 -0.139815
-0.267016 0.891089 -0.366964
-0.415002 0.708072 -0.571321
-0.184849 0.980964 -0.059510
-0.267016 0.891089 -0.366964
-0.431425 0.891249 -0.139815
-0.184849 0.980964 -0.059510
-0.114418 0.980860 -0.157548
-0.267016 0.891089 -0.366964
-0.184849 0.980964 -0.059510
0.000983 0.999999 0.000954
-0.114418 0.980860 -0.157548
0.114248 0.700483 -0.704465
0.000954 0.808975 -0.587843
0.184917 0.758218 -0.625228
0.431479 0.638850 -0.636943
0.114248 0.700483 -0.704465
0.184917 0.758218 -0.625228
0.266936 0.505571 -0.820453
0.114248 0.700483 -0.704465
0.431479 0.638850 -0.636943
0.671271 0.444590 -0.593072
0.266936 0.505571 -0.820453
0.431479 0.638850 -0.636943
0.415170 0.237414 -0.878219
0.266936 0.505571 -0.820453
0.671271 0.444590 -0.593072
0.847259 0.206188 -0.489529
0.415170 0.237414 -0.878219
0.671271 0.444590 -0.593072
0.523444 -0.055768 -0.850233
0.415170 0.237414 -0.878219
0.847259 0.206188 -0.489529
0.939309 -0.051798 -0.339139
0.523444 -0.055768 -0.850233
0.847259 0.206188 -0.489529
0.580085 -0.343390 -0.738637
0.523444 -0.055768 -0.850233
0.939309 -0.051798 -0.339139
0.939278 -0.305928 -0.155450
0.580085 -0.343390 -0.738637
0.939309 -0.051798 -0.339139
0.579624 -0.597315 -0.554302
0.580085 -0.343390 -0.738637
0.939278 -0.305928 -0.155450
0.847586 -0.528841 0.043869
0.579624 -0.597315 -0.554302
0.939278 -0.305928 -0.155450
0.523317 -0.791365 -0.316040
0.579624 -0.597315 -0.554302
0.847586 -0.528841 0.043869
0.671716 -0.701005 0.239561
0.523317 -0.791365 -0.316040
0.847586 -0.528841 0.043869
0.415525 -0.908419 -0.045968
0.523317 -0.791365 -0.316040
0.671716 -0.701005 0.239561
0.430650 -0.803576 0.410860
0.415525 -0.908419 -0.045968
0.671716 -0.701005 0.239561
0.266645 -0.936549 0.227545
0.415525 -0.908419 -0.045968
0.430650 -0.803576 0.410860
0.185016 -0.829113 0.527580
0.266645 -0.936549 0.227545
0.430650 -0.803576 0.410860
0.114345 -0.886385 0.448605
0.266645 -0.936549 0.227545
0.185016 -0.829113 0.527580
0.000954 -0.808967 0.587854
0.114345 -0.886385 0.448605
0.185016 -0.829113 0.527580
0.000954 -0.907877 0.419236
0.114345 -0.886385 0.448605
0.000954 -0.808967 0.587854
0.000954 -0.987542 0.157354
0.114345 -0.886385 0.448605
0.000954 -0.907877 0.419236
0.000954 -0.987542 0.157354
0.266645 -0.936549 0.227545
0.114345 -0.886385 0.448605
0.000954 -0.987844 -0.155446
0.266645 -0.936549 0.227545
0.000954 -0.987542 0.157354
0.000954 -0.987844 -0.155446
0.415525 -0.908419 -0.045968
0.266645 -0.936549 0.227545
0.000954 -0.891494 -0.453031
0.415525 -0.908419 -0.045968
0.000954 -0.987844 -0.155446
0.000954 -0.891494 -0.453031
0.523317 -0.791365 -0.316040
0.415525 -0.908419 -0.045968
0.000954 -0.707095 -0.707118
0.523317 -0.791365 -0.316040
0.000954 -0.891494 -0.453031
0.000954 -0.707095 -0.707118
0.579624 -0.597315 -0.554302
0.523317 -0.791365 -0.316040
0.000954 -0.454656 -0.890667
0.579624 -0.597315 -0.554302
0.000954 -0.707095 -0.707118
0.000954 -0.454656 -0.890667
0.580085 -0.343390 -0.738637
0.579624 -0.597315 -0.554302
0.000954 -0.155366 -0.987857
0.580085 -0.343390 -0.738637
0.000954 -0.454656 -0.890667
0.000954 -0.155366 -0.987857
0.523444 -0.055768 -0.850233
0.580085 -0.343390 -0.738637
0.000954 0.157250 -0.987558
0.523444 -0.055768 -0.850233
0.000954 -0.155366 -0.987857
0.000954 0.157250 -0.987558
0.415170 0.237414 -0.878219
0.523444 -0.055768 -0.850233
0.000954 0.454598 -0.890696
0.415170 0.237414 -0.878219
0.000954 0.157250 -0.987558
0.000954 0.454598 -0.890696
0.266936 0.505571 -0.820453
0.415170 0.237414 -0.878219
0.000954 0.679206 -0.733947
0.266936 0.505571 -0.820453
0.000954 0.454598 -0.890696
0.000954 0.679206 -0.733947
0.114248 0.700483 -0.704465
0.266936 0.505571 -0.820453
0.000954 0.679206 -0.733947
0.000954 0.808975 -0.587843
0.114248 0.700483 -0.704465
-0.114248 0.700483 -0.704465
0.000954 0.808975 -0.587843
0.000954 0.679206 -0.733947
0.000954 0.454598 -0.890696
-0.114248 0.700483 -0.704465
0.000954 0.679206 -0.733947
-0.266936 0.505571 -0.820453
-0.114248 0.700483 -0.704465
0.000954 0.454598 -0.890696
0.000954 0.157250 -0.987558
-0.266936 0.505571 -0.820453
0.000954 0.454598 -0.890696
-0.415170 0.237414 -0.878219
-0.266936 0.505571 -0.820453
0.000954 0.157250 -0.987558
0.000954 -0.155366 -0.987857
-0.415170 0.237414 -0.878219
0.000954 0.157250 -0.987558
-0.523479 -0.055767 -0.850212
-0.415170 0.237414 -0.878219
0.000954 -0.155366 -0.987857
0.000954 -0.454656 -0.890667
-0.523479 -0.055767 -0.850212
0.000954 -0.155366 -0.987857
-0.580160 -0.343394 -0.738576
-0.523479 -0.055767 -0.850212
0.000954 -0.454656 -0.890667
0.000954 -0.707095 -0.707118
-0.580160 -0.343394 -0.738576
0.000954 -0.454656 -0.890667
-0.579664 -0.597283 -0.554295
-0.580160 -0.343394 -0.738576
0.000954 -0.707095 -0.707118
0.000954 -0.891494 -0.453031
-0.579664 -0.597283 -0.554295
0.000954 -0.707095 -0.707118
-0.523403 -0.791375 -0.315873
-0.579664 -0.597283 -0.554295
0.000954 -0.891494 -0.453031
0.000954 -0.987844 -0.155446
-0.523403 -0.791375 -0.315873
0.000954 -0.891494 -0.453031
-0.415525 -0.908419 -0.045968
-0.523403 -0.791375 -0.315873
0.000954 -0.987844 -0.155446
0.000954 -0.987542 0.157354
-0.415525 -0.908419 -0.045968
0.000954 -0.987844 -0.155446
-0.266645 -0.936549 0.227545
-0.415525 -0.908419 -0.045968
0.000954 -0.987542 0.157354
0.000954 -0.907877 0.419236
-0.266645 -0.936549 0.227545
0.000954 -0.987542 0.157354
-0.114345 -0.886385 0.448605
-0.266645 -0.936549 0.227545
0.000954 -0.907877 0.419236
0.000954 -0.808967 0.587854
-0.114345 -0.886385 0.448605
0.000954 -0.907877 0.419236
-0.184920 -0.829135 0.527579
-0.114345 -0.886385 0.448605
0.000954 -0.808967 0.587854
-0.430483 -0.803580 0.411028
-0.114345 -0.886385 0.448605
-0.184920 -0.829135 0.527579
-0.430483 -0.803580 0.411028
-0.266645 -0.936549 0.227545
-0.114345 -0.886385 0.448605
-0.671690 -0.701028 0.239569
-0.266645 -0.936549 0.227545
-0.430483 -0.803580 0.411028
-0.671690 -0.701028 0.239569
-0.415525 -0.908419 -0.045968
-0.266645 -0.936549 0.227545
-0.847551 -0.528897 0.043870
-0.415525 -0.908419 -0.045968
-0.671690 -0.701028 0.239569
-0.847551 -0.528897 0.043870
-0.523403 -0.791375 -0.315873
-0.415525 -0.908419 -0.045968
-0.939264 -0.305971 -0.155447
-0.523403 -0.791375 -0.315873
-0.847551 -0.528897 0.043870
-0.939264 -0.305971 -0.155447
-0.579664 -0.597283 -0.554295
-0.523403 -0.791375 -0.315873
-0.939248 -0.051807 -0.339308
-0.579664 -0.597283 -0.554295
-0.939264 -0.305971 -0.155447
-0.939248 -0.051807 -0.339308
-0.580160 -0.343394 -0.738576
-0.579664 -0.597283 -0.554295
-0.847257 0.206199 -0.489528
-0.580160 -0.343394 -0.738576
-0.939248 -0.051807 -0.339308
-0.847257 0.206199 -0.489528
-0.523479 -0.055767 -0.850212
-0.580160 -0.343394 -0.738576
-0.671271 0.444590 -0.593072
-0.523479 -0.055767 -0.850212
-0.847257 0.206199 -0.489528
-0.671271 0.444590 -0.593072
-0.415170 0.237414 -0.878219
-0.523479 -0.055767 -0.850212
-0.431323 0.638879 -0.637019
-0.415170 0.237414 -0.878219
-0.671271 0.444590 -0.593072
-0.431323 0.638879 -0.637019
-0.266936 0.505571 -0.820453
-0.415170 0.237414 -0.878219
-0.184822 0.758242 -0.625228
-0.266936 0.505571 -0.820453
-0.431323 0.638879 -0.637019
-0.184822 0.758242 -0.625228
-0.114248 0.700483 -0.704465
-0.266936 0.505571 -0.820453
-0.184822 0.758242 -0.625228
0.000954 0.808975 -0.587843
-0.114248 0.700483 -0.704465
0.114268 0.691711 0.713077
0.001335 0.574089 0.818792
0.184456 0.612404 0.768724
0.431071 0.626197 0.649658
0.114268 0.691711 0.713077
0.184456 0.612404 0.768724
0.267017 0.812019 0.518967
0.114268 0.691711 0.713077
0.431071 0.626197 0.649658
0.671349 0.585427 0.454495
0.267017 0.812019 0.518967
0.431071 0.626197 0.649658
0.415202 0.874366 0.251181
0.267017 0.812019 0.518967
0.671349 0.585427 0.454495
0.847462 0.485722 0.214202
0.415202 0.874366 0.251181
0.671349 0.585427 0.454495
0.523195 0.851170 -0.042153
0.415202 0.874366 0.251181
0.847462 0.485722 0.214202
0.939602 0.339142 -0.046160
0.523195 0.851170 -0.042153
0.847462 0.485722 0.214202
0.580378 0.744592 -0.329764
0.523195 0.851170 -0.042153
0.939602 0.339142 -0.046160
0.939337 0.159163 -0.303830
0.580378 0.744592 -0.329764
0.939602 0.339142 -0.046160
0.580033 0.564106 -0.587662
0.580378 0.744592 -0.329764
0.939337 0.159163 -0.303830
0.847023 -0.036238 -0.530319
0.580033 0.564106 -0.587662
0.939337 0.159163 -0.303830
0.522787 0.329102 -0.786375
0.580033 0.564106 -0.587662
0.847023 -0.036238 -0.530319
0.671615 -0.227846 -0.704996
0.522787 0.329102 -0.786375
0.847023 -0.036238 -0.530319
0.415238 0.061513 -0.907631
0.522787 0.329102 -0.786375
0.671615 -0.227846 -0.704996
0.431062 -0.397684 -0.809959
0.415238 0.061513 -0.907631
0.671615 -0.227846 -0.704996
0.266844 -0.211911 -0.940153
0.415238 0.061513 -0.907631
0.431062 -0.397684 -0.809959
0.184644 -0.513398 -0.838051
0.266844 -0.211911 -0.940153
0.431062 -0.397684 -0.809959
0.114064 -0.432890 -0.894201
0.266844 -0.211911 -0.940153
0.184644 -0.513398 -0.838051
0.001335 -0.574262 -0.818671
0.114064 -0.432890 -0.894201
0.184644 -0.513398 -0.838051
0.001335 -0.403198 -0.915112
0.114064 -0.432890 -0.894201
0.001335 -0.574262 -0.818671
0.001335 -0.139806 -0.990178
0.114064 -0.432890 -0.894201
0.001335 -0.403198 -0.915112
0.001335 -0.139806 -0.990178
0.266844 -0.211911 -0.940153
0.114064 -0.432890 -0.894201
0.001335 0.171091 -0.985254
0.266844 -0.211911 -0.940153
0.001335 -0.139806 -0.990178
0.001335 0.171091 -0.985254
0.415238 0.061513 -0.907631
0.266844 -0.211911 -0.940153
0.001335 0.468562 -0.883430
0.415238 0.061513 -0.907631
0.001335 0.171091 -0.985254
0.001335 0.468562 -0.883430
0.522787 0.329102 -0.786375
0.415238 0.061513 -0.907631
0.001335 0.718786 -0.695230
0.522787 0.329102 -0.786375
0.001335 0.468562 -0.883430
0.001335 0.718786 -0.695230
0.580033 0.564106 -0.587662
0.522787 0.329102 -0.786375
0.001335 0.898490 -0.438993
0.580033 0.564106 -0.587662
0.001335 0.718786 -0.695230
0.001335 0.898490 -0.438993
0.580378 0.744592 -0.329764
0.580033 0.564106 -0.587662
0.001335 0.990472 -0.137709
0.580378 0.744592 -0.329764
0.001335 0.898490 -0.438993
0.001335 0.990472 -0.137709
0.523195 0.851170 -0.042153
0.580378 0.744592 -0.329764
0.001335 0.984551 0.175091
0.523195 0.851170 -0.042153
0.001335 0.990472 -0.137709
0.001335 0.984551 0.175091
0.415202 0.874366 0.251181
0.523195 0.851170 -0.042153
0.001335 0.882669 0.469994
0.415202 0.874366 0.251181
0.001335 0.984551 0.175091
0.001335 0.882669 0.469994
0.267017 0.812019 0.518967
0.415202 0.874366 0.251181
0.001335 0.722525 0.691343
0.267017 0.812019 0.518967
0.001335 0.882669 0.469994
0.001335 0.722525 0.691343
0.114268 0.691711 0.713077
0.267017 0.812019 0.518967
0.001335 0.722525 0.691343
0.001335 0.574089 0.818792
0.114268 0.691711 0.713077
-0.114644 0.691681 0.713046
0.001335 0.574089 0.818792
0.001335 0.722525 0.691343
0.001335 0.882669 0.469994
-0.114644 0.691681 0.713046
0.001335 0.722525 0.691343
-0.267017 0.812019 0.518967
-0.114644 0.691681 0.713046
0.001335 0.882669 0.469994
0.001335 0.984551 0.175091
-0.267017 0.812019 0.518967
0.001335 0.882669 0.469994
-0.415202 0.874366 0.251181
-0.267017 0.812019 0.518967
0.001335 0.984551 0.175091
0.001335 0.990472 -0.137709
-0.415202 0.874366 0.251181
0.001335 0.984551 0.175091
-0.523195 0.851170 -0.042153
-0.415202 0.874366 0.251181
0.001335 0.990472 -0.137709
0.001335 0.898490 -0.438993
-0.523195 0.851170 -0.042153
0.001335 0.990472 -0.137709
-0.580210 0.744717 -0.329777
-0.523195 0.851170 -0.042153
0.001335 0.898490 -0.438993
0.001335 0.718786 -0.695230
-0.580210 0.744717 -0.329777
0.001335 0.898490 -0.438993
-0.579810 0.564170 -0.587820
-0.580210 0.744717 -0.329777
0.001335 0.718786 -0.695230
0.001335 0.468562 -0.883430
-0.579810 0.564170 -0.587820
0.001335 0.718786 -0.695230
-0.522787 0.329102 -0.786375
-0.579810 0.564170 -0.587820
0.001335 0.468562 -0.883430
0.001335 0.171091 -0.985254
-0.522787 0.329102 -0.786375
0.001335 0.468562 -0.883430
-0.415238 0.061513 -0.907631
-0.522787 0.329102 -0.786375
0.001335 0.171091 -0.985254
0.001335 -0.139806 -0.990178
-0.415238 0.061513 -0.907631
0.001335 0.171091 -0.985254
-0.266844 -0.211911 -0.940153
-0.415238 0.061513 -0.907631
0.001335 -0.139806 -0.990178
0.001335 -0.403198 -0.915112
-0.266844 -0.211911 -0.940153
0.001335 -0.139806 -0.990178
-0.114441 -0.432871 -0.894162
-0.266844 -0.211911 -0.940153
0.001335 -0.403198 -0.915112
0.001335 -0.574262 -0.818671
-0.114441 -0.432871 -0.894162
0.001335 -0.403198 -0.915112
-0.184644 -0.513398 -0.838051
-0.114441 -0.432871 -0.894162
0.001335 -0.574262 -0.818671
-0.430857 -0.397766 -0.810027
-0.114441 -0.432871 -0.894162
-0.184644 -0.513398 -0.838051
-0.430857 -0.397766 -0.810027
-0.266844 -0.211911 -0.940153
-0.114441 -0.432871 -0.894162
-0.671420 -0.227844 -0.705182
-0.266844 -0.211911 -0.940153
-0.430857 -0.397766 -0.810027
-0.671420 -0.227844 -0.705182
-0.415238 0.061513 -0.907631
-0.266844 -0.211911 -0.940153
-0.847120 -0.036234 -0.530165
-0.415238 0.061513 -0.907631
-0.671420 -0.227844 -0.705182
-0.847120 -0.036234 -0.530165
-0.522787 0.329102 -0.786375
-0.415238 0.061513 -0.907631
-0.939315 0.159191 -0.303885
-0.522787 0.329102 -0.786375
-0.847120 -0.036234 -0.530165
-0.939315 0.159191 -0.303885
-0.579810 0.564170 -0.587820
-0.522787 0.329102 -0.786375
-0.939602 0.339142 -0.046160
-0.579810 0.564170 -0.587820
-0.939315 0.159191 -0.303885
-0.939602 0.339142 -0.046160
-0.580210 0.744717 -0.329777
-0.579810 0.564170 -0.587820
-0.847555 0.485570 0.214177
-0.580210 0.744717 -0.329777
-0.939602 0.339142 -0.046160
-0.847555 0.485570 0.214177
-0.523195 0.851170 -0.042153
-0.580210 0.744717 -0.329777
-0.671043 0.585589 0.454738
-0.523195 0.851170 -0.042153
-0.847555 0.485570 0.214177
-0.671043 0.585589 0.454738
-0.415202 0.874366 0.251181
-0.523195 0.851170 -0.042153
-0.430890 0.626306 0.649673
-0.415202 0.874366 0.251181
-0.671043 0.585589 0.454738
-0.430890 0.626306 0.649673
-0.267017 0.812019 0.518967
-0.415202 0.874366 0.251181
-0.184456 0.612404 0.768724
-0.267017 0.812019 0.518967
-0.430890 0.626306 0.649673
-0.184456 0.612404 0.768724
-0.114644 0.691681 0.713046
-0.267017 0.812019 0.518967
-0.184456 0.612404 0.768724
0.001335 0.574089 0.818792
-0.114644 0.691681 0.713046
0.153651 0.982376 0.106440
0.090897 0.952656 0.290146
0.249203 0.952560 0.174719
0.452316 0.891853 0.003052
0.153651 0.982376 0.106440
0.249203 0.952560 0.174719
0.231849 0.960587 -0.153358
0.153651 0.982376 0.106440
0.452316 0.891853 0.003052
0.644298 0.740156 -0.192479
0.231849 0.960587 -0.153358
0.452316 0.891853 0.003052
0.298367 0.848280 -0.437490
0.231849 0.960587 -0.153358
0.644298 0.740156 -0.192479
0.771367 0.517233 -0.370760
0.298367 0.848280 -0.437490
0.644298 0.740156 -0.192479
0.335517 0.652341 -0.679617
0.298367 0.848280 -0.437490
0.771367 0.517233 -0.370760
0.824601 0.241486 -0.511584
0.335517 0.652341 -0.679617
0.771367 0.517233 -0.370760
0.341525 0.392167 -0.854146
0.335517 0.652341 -0.679617
0.824601 0.241486 -0.511584
0.795312 -0.055691 -0.603636
0.341525 0.392167 -0.854146
0.824601 0.241486 -0.511584
0.313687 0.092895 -0.944971
0.341525 0.392167 -0.854146
0.795312 -0.055691 -0.603636
0.689474 -0.349267 -0.634537
0.313687 0.092895 -0.944971
0.795312 -0.055691 -0.603636
0.253218 -0.214019 -0.943439
0.313687 0.092895 -0.944971
0.689474 -0.349267 -0.634537
0.515169 -0.606911 -0.605194
0.253218 -0.214019 -0.943439
0.689474 -0.349267 -0.634537
0.168896 -0.501061 -0.848771
0.253218 -0.214019 -0.943439
0.515169 -0.606911 -0.605194
0.290385 -0.806404 -0.515160
0.168896 -0.501061 -0.848771
0.515169 -0.606911 -0.605194
0.069333 -0.737767 -0.671486
0.168896 -0.501061 -0.848771
0.290385 -0.806404 -0.515160
0.071243 -0.915572 -0.395794
0.069333 -0.737767 -0.671486
0.290385 -0.806404 -0.515160
-0.024317 -0.886482 -0.462123
0.069333 -0.737767 -0.671486
0.071243 -0.915572 -0.395794
-0.090970 -0.952612 -0.290265
-0.024317 -0.886482 -0.462123
0.071243 -0.915572 -0.395794
-0.143622 -0.874894 -0.462529
-0.024317 -0.886482 -0.462123
-0.090970 -0.952612 -0.290265
-0.210100 -0.710506 -0.671595
-0.024317 -0.886482 -0.462123
-0.143622 -0.874894 -0.462529
-0.210100 -0.710506 -0.671595
0.069333 -0.737767 -0.671486
-0.024317 -0.886482 -0.462123
-0.264841 -0.460443 -0.847261
0.069333 -0.737767 -0.671486
-0.210100 -0.710506 -0.671595
-0.264841 -0.460443 -0.847261
0.168896 -0.501061 -0.848771
0.069333 -0.737767 -0.671486
-0.294412 -0.161750 -0.941891
0.168896 -0.501061 -0.848771
-0.264841 -0.460443 -0.847261
-0.294412 -0.161750 -0.941891
0.253218 -0.214019 -0.943439
0.168896 -0.501061 -0.848771
-0.294384 0.151436 -0.943613
0.253218 -0.214019 -0.943439
-0.294412 -0.161750 -0.941891
-0.294384 0.151436 -0.943613
0.313687 0.092895 -0.944971
0.253218 -0.214019 -0.943439
-0.266562 0.450152 -0.852237
0.313687 0.092895 -0.944971
-0.294384 0.151436 -0.943613
-0.266562 0.450152 -0.852237
0.341525 0.392167 -0.854146
0.313687 0.092895 -0.944971
-0.212109 0.704614 -0.677147
0.341525 0.392167 -0.854146
-0.266562 0.450152 -0.852237
-0.212109 0.704614 -0.677147
0.335517 0.652341 -0.679617
0.341525 0.392167 -0.854146
-0.135716 0.889070 -0.437191
0.335517 0.652341 -0.679617
-0.212109 0.704614 -0.677147
-0.135716 0.889070 -0.437191
0.298367 0.848280 -0.437490
0.335517 0.652341 -0.679617
-0.047880 0.986979 -0.153560
0.298367 0.848280 -0.437490
-0.135716 0.889070 -0.437191
-0.047880 0.986979 -0.153560
0.231849 0.960587 -0.153358
0.298367 0.848280 -0.437490
0.034140 0.993507 0.108525
0.231849 0.960587 -0.153358
-0.047880 0.986979 -0.153560
0.034140 0.993507 0.108525
0.153651 0.982376 0.106440
0.231849 0.960587 -0.153358
0.034140 0.993507 0.108525
0.090897 0.952656 0.290146
0.153651 0.982376 0.106440
-0.065525 0.982399 0.174924
0.090897 0.952656 0.290146
0.034140 0.993507 0.108525
-0.047880 0.986979 -0.153560
-0.065525 0.982399 0.174924
0.034140 0.993507 0.108525
-0.276582 0.960979 0.004769
-0.065525 0.982399 0.174924
-0.047880 0.986979 -0.153560
-0.135716 0.889070 -0.437191
-0.276582 0.960979 0.004769
-0.047880 0.986979 -0.153560
-0.493796 0.848360 -0.190919
-0.276582 0.960979 0.004769
-0.135716 0.889070 -0.437191
-0.212109 0.704614 -0.677147
-0.493796 0.848360 -0.190919
-0.135716 0.889070 -0.437191
-0.663575 0.652131 -0.366597
-0.493796 0.848360 -0.190919
-0.212109 0.704614 -0.677147
-0.266562 0.450152 -0.852237
-0.663575 0.652131 -0.366597
-0.212109 0.704614 -0.677147
-0.767317 0.391955 -0.507539
-0.663575 0.652131 -0.366597
-0.266562 0.450152 -0.852237
-0.294384 0.151436 -0.943613
-0.767317 0.391955 -0.507539
-0.266562 0.450152 -0.852237
-0.795028 0.092893 -0.599418
-0.767317 0.391955 -0.507539
-0.294384 0.151436 -0.943613
-0.294412 -0.161750 -0.941891
-0.795028 0.092893 -0.599418
-0.294384 0.151436 -0.943613
-0.746010 -0.214018 -0.630608
-0.795028 0.092893 -0.599418
-0.294412 -0.161750 -0.941891
-0.264841 -0.460443 -0.847261
-0.746010 -0.214018 -0.630608
-0.294412 -0.161750 -0.941891
-0.622487 -0.501384 -0.600936
-0.746010 -0.214018 -0.630608
-0.264841 -0.460443 -0.847261
-0.210100 -0.710506 -0.671595
-0.622487 -0.501384 -0.600936
-0.264841 -0.460443 -0.847261
-0.438846 -0.737704 -0.513036
-0.622487 -0.501384 -0.600936
-0.210100 -0.710506 -0.671595
-0.143622 -0.874894 -0.462529
-0.438846 -0.737704 -0.513036
-0.210100 -0.710506 -0.671595
-0.243179 -0.886506 -0.393664
-0.438846 -0.737704 -0.513036
-0.143622 -0.874894 -0.462529
-0.090970 -0.952612 -0.290265
-0.243179 -0.886506 -0.393664
-0.143622 -0.874894 -0.462529
-0.282579 -0.916117 -0.284391
-0.243179 -0.886506 -0.393664
-0.090970 -0.952612 -0.290265
-0.532719 -0.806231 -0.257300
-0.243179 -0.886506 -0.393664
-0.282579 -0.916117 -0.284391
-0.532719 -0.806231 -0.257300
-0.438846 -0.737704 -0.513036
-0.243179 -0.886506 -0.393664
-0.767907 -0.607116 -0.204279
-0.438846 -0.737704 -0.513036
-0.532719 -0.806231 -0.257300
-0.767907 -0.607116 -0.204279
-0.622487 -0.501384 -0.600936
-0.438846 -0.737704 -0.513036
-0.927980 -0.349256 -0.129898
-0.622487 -0.501384 -0.600936
-0.767907 -0.607116 -0.204279
-0.927980 -0.349256 -0.129898
-0.746010 -0.214018 -0.630608
-0.622487 -0.501384 -0.600936
-0.997566 -0.055696 -0.041963
-0.746010 -0.214018 -0.630608
-0.927980 -0.349256 -0.129898
-0.997566 -0.055696 -0.041963
-0.795028 0.092893 -0.599418
-0.746010 -0.214018 -0.630608
-0.969167 0.241672 0.048067
-0.795028 0.092893 -0.599418
-0.997566 -0.055696 -0.041963
-0.969167 0.241672 0.048067
-0.767317 0.391955 -0.507539
-0.795028 0.092893 -0.599418
-0.845381 0.517109 0.133903
-0.767317 0.391955 -0.507539
-0.969167 0.241672 0.048067
-0.845381 0.517109 0.133903
-0.663575 0.652131 -0.366597
-0.767317 0.391955 -0.507539
-0.638857 0.740533 0.208501
-0.663575 0.652131 -0.366597
-0.845381 0.517109 0.133903
-0.638857 0.740533 0.208501
-0.493796 0.848360 -0.190919
-0.663575 0.652131 -0.366597
-0.370043 0.891728 0.260556
-0.493796 0.848360 -0.190919
-0.638857 0.740533 0.208501
-0.370043 0.891728 0.260556
-0.276582 0.960979 0.004769
-0.493796 0.848360 -0.190919
-0.104625 0.952407 0.286313
-0.276582 0.960979 0.004769
-0.370043 0.891728 0.260556
-0.104625 0.952407 0.286313
-0.065525 0.982399 0.174924
-0.276582 0.960979 0.004769
-0.104625 0.952407 0.286313
0.090897 0.952656 0.290146
-0.065525 0.982399 0.174924
0.153343 0.982425 0.106425
0.090987 0.952595 0.290318
0.248926 0.952596 0.174916
0.451859 0.892084 0.003052
0.153343 0.982425 0.106425
0.248926 0.952596 0.174916
0.231536 0.960665 -0.153340
0.153343 0.982425 0.106425
0.451859 0.892084 0.003052
0.644128 0.740261 -0.192647
0.231536 0.960665 -0.153340
0.451859 0.892084 0.003052
0.298305 0.848375 -0.437348
0.231536 0.960665 -0.153340
0.644128 0.740261 -0.192647
0.771307 0.517447 -0.370586
0.298305 0.848375 -0.437348
0.644128 0.740261 -0.192647
0.335643 0.652215 -0.679676
0.298305 0.848375 -0.437348
0.771307 0.517447 -0.370586
0.824666 0.241831 -0.511316
0.335643 0.652215 -0.679676
0.771307 0.517447 -0.370586
0.341217 0.392142 -0.854281
0.335643 0.652215 -0.679676
0.824666 0.241831 -0.511316
0.795295 -0.056071 -0.603623
0.341217 0.392142 -0.854281
0.824666 0.241831 -0.511316
0.313773 0.092892 -0.944943
0.341217 0.392142 -0.854281
0.795295 -0.056071 -0.603623
0.689482 -0.349223 -0.634553
0.313773 0.092892 -0.944943
0.795295 -0.056071 -0.603623
0.253307 -0.214014 -0.943416
0.313773 0.092892 -0.944943
0.689482 -0.349223 -0.634553
0.514999 -0.607221 -0.605028
0.253307 -0.214014 -0.943416
0.689482 -0.349223 -0.634553
0.168803 -0.501069 -0.848785
0.253307 -0.214014 -0.943416
0.514999 -0.607221 -0.605028
0.290073 -0.806425 -0.515303
0.168803 -0.501069 -0.848785
0.514999 -0.607221 -0.605028
0.069242 -0.737819 -0.671438
0.168803 -0.501069 -0.848785
0.290073 -0.806425 -0.515303
0.071142 -0.915593 -0.395762
0.069242 -0.737819 -0.671438
0.290073 -0.806425 -0.515303
-0.024412 -0.886382 -0.462311
0.069242 -0.737819 -0.671438
0.071142 -0.915593 -0.395762
-0.090597 -0.952698 -0.290101
-0.024412 -0.886382 -0.462311
0.071142 -0.915593 -0.395762
-0.144009 -0.874924 -0.462353
-0.024412 -0.886382 -0.462311
-0.090597 -0.952698 -0.290101
-0.210218 -0.710583 -0.671477
-0.024412 -0.886382 -0.462311
-0.144009 -0.874924 -0.462353
-0.210218 -0.710583 -0.671477
0.069242 -0.737819 -0.671438
-0.024412 -0.886382 -0.462311
-0.264543 -0.460328 -0.847416
0.069242 -0.737819 -0.671438
-0.210218 -0.710583 -0.671477
-0.264543 -0.460328 -0.847416
0.168803 -0.501069 -0.848785
0.069242 -0.737819 -0.671438
-0.294116 -0.161363 -0.942050
0.168803 -0.501069 -0.848785
-0.264543 -0.460328 -0.847416
-0.294116 -0.161363 -0.942050
0.253307 -0.214014 -0.943416
0.168803 -0.501069 -0.848785
-0.294096 0.151435 -0.943703
0.253307 -0.214014 -0.943416
-0.294116 -0.161363 -0.942050
-0.294096 0.151435 -0.943703
0.313773 0.092892 -0.944943
0.253307 -0.214014 -0.943416
-0.266828 0.450118 -0.852172
0.313773 0.092892 -0.944943
-0.294096 0.151435 -0.943703
-0.266828 0.450118 -0.852172
0.341217 0.392142 -0.854281
0.313773 0.092892 -0.944943
-0.212109 0.704614 -0.677147
0.341217 0.392142 -0.854281
-0.266828 0.450118 -0.852172
-0.212109 0.704614 -0.677147
0.335643 0.652215 -0.679676
0.341217 0.392142 -0.854281
-0.135986 0.888961 -0.437328
0.335643 0.652215 -0.679676
-0.212109 0.704614 -0.677147
-0.135986 0.888961 -0.437328
0.298305 0.848375 -0.437348
0.335643 0.652215 -0.679676
-0.048442 0.986956 -0.153527
0.298305 0.848375 -0.437348
-0.135986 0.888961 -0.437328
-0.048442 0.986956 -0.153527
0.231536 0.960665 -0.153340
0.298305 0.848375 -0.437348
0.034332 0.993521 0.108336
0.231536 0.960665 -0.153340
-0.048442 0.986956 -0.153527
0.034332 0.993521 0.108336
0.153343 0.982425 0.106425
0.231536 0.960665 -0.153340
0.034332 0.993521 0.108336
0.090987 0.952595 0.290318
0.153343 0.982425 0.106425
-0.065618 0.982360 0.175108
0.090987 0.952595 0.290318
0.034332 0.993521 0.108336
-0.048442 0.986956 -0.153527
-0.065618 0.982360 0.175108
0.034332 0.993521 0.108336
-0.276355 0.961043 0.004959
-0.065618 0.982360 0.175108
-0.048442 0.986956 -0.153527
-0.135986 0.888961 -0.437328
-0.276355 0.961043 0.004959
-0.048442 0.986956 -0.153527
-0.494038 0.848258 -0.190748
-0.276355 0.961043 0.004959
-0.135986 0.888961 -0.437328
-0.212109 0.704614 -0.677147
-0.494038 0.848258 -0.190748
-0.135986 0.888961 -0.437328
-0.663529 0.652085 -0.366762
-0.494038 0.848258 -0.190748
-0.212109 0.704614 -0.677147
-0.266828 0.450118 -0.852172
-0.663529 0.652085 -0.366762
-0.212109 0.704614 -0.677147
-0.767527 0.391774 -0.507361
-0.663529 0.652085 -0.366762
-0.266828 0.450118 -0.852172
-0.294096 0.151435 -0.943703
-0.767527 0.391774 -0.507361
-0.266828 0.450118 -0.852172
-0.795073 0.092898 -0.599357
-0.767527 0.391774 -0.507361
-0.294096 0.151435 -0.943703
-0.294116 -0.161363 -0.942050
-0.795073 0.092898 -0.599357
-0.294096 0.151435 -0.943703
-0.745805 -0.214204 -0.630787
-0.795073 0.092898 -0.599357
-0.294116 -0.161363 -0.942050
-0.264543 -0.460328 -0.847416
-0.745805 -0.214204 -0.630787
-0.294116 -0.161363 -0.942050
-0.622546 -0.501241 -0.600994
-0.745805 -0.214204 -0.630787
-0.264543 -0.460328 -0.847416
-0.210218 -0.710583 -0.671477
-0.622546 -0.501241 -0.600994
-0.264543 -0.460328 -0.847416
-0.438877 -0.737661 -0.513072
-0.622546 -0.501241 -0.600994
-0.210218 -0.710583 -0.671477
-0.144009 -0.874924 -0.462353
-0.438877 -0.737661 -0.513072
-0.210218 -0.710583 -0.671477
-0.243579 -0.886383 -0.393694
-0.438877 -0.737661 -0.513072
-0.144009 -0.874924 -0.462353
-0.090597 -0.952698 -0.290101
-0.243579 -0.886383 -0.393694
-0.144009 -0.874924 -0.462353
-0.282867 -0.916028 -0.284393
-0.243579 -0.886383 -0.393694
-0.090597 -0.952698 -0.290101
-0.532881 -0.806188 -0.257095
-0.243579 -0.886383 -0.393694
-0.282867 -0.916028 -0.284393
-0.532881 -0.806188 -0.257095
-0.438877 -0.737661 -0.513072
-0.243579 -0.886383 -0.393694
-0.767665 -0.607361 -0.204456
-0.438877 -0.737661 -0.513072
-0.532881 -0.806188 -0.257095
-0.767665 -0.607361 -0.204456
-0.622546 -0.501241 -0.600994
-0.438877 -0.737661 -0.513072
-0.928011 -0.349172 -0.129902
-0.622546 -0.501241 -0.600994
-0.767665 -0.607361 -0.204456
-0.928011 -0.349172 -0.129902
-0.745805 -0.214204 -0.630787
-0.622546 -0.501241 -0.600994
-0.997555 -0.055886 -0.041962
-0.745805 -0.214204 -0.630787
-0.928011 -0.349172 -0.129902
-0.997555 -0.055886 -0.041962
-0.795073 0.092898 -0.599357
-0.745805 -0.214204 -0.630787
-0.969122 0.241851 0.048065
-0.795073 0.092898 -0.599357
-0.997555 -0.055886 -0.041962
-0.969122 0.241851 0.048065
-0.767527 0.391774 -0.507361
-0.795073 0.092898 -0.599357
-0.845435 0.517026 0.133881
-0.767527 0.391774 -0.507361
-0.969122 0.241851 0.048065
-0.845435 0.517026 0.133881
-0.663529 0.652085 -0.366762
-0.767527 0.391774 -0.507361
-0.638589 0.740825 0.208285
-0.663529 0.652085 -0.366762
-0.845435 0.517026 0.133881
-0.638589 0.740825 0.208285
-0.494038 0.848258 -0.190748
-0.663529 0.652085 -0.366762
-0.369816 0.891830 0.260530
-0.494038 0.848258 -0.190748
-0.638589 0.740825 0.208285
-0.369816 0.891830 0.260530
-0.276355 0.961043 0.004959
-0.494038 0.848258 -0.190748
-0.104324 0.952453 0.286270
-0.276355 0.961043 0.004959
-0.369816 0.891830 0.260530
-0.104324 0.952453 0.286270
-0.065618 0.982360 0.175108
-0.276355 0.961043 0.004959
-0.104324 0.952453 0.286270
0.090987 0.952595 0.290318
-0.065618 0.982360 0.175108
0.126459 -0.427491 -0.895131
-0.151429 -0.433070 -0.888549
0.000954 0.001001 -0.999999
0.397860 -0.139852 -0.906724
0.126459 -0.427491 -0.895131
0.000954 0.001001 -0.999999
0.253311 -0.871995 -0.418878
0.126459 -0.427491 -0.895131
0.397860 -0.139852 -0.906724
0.846100 -0.296307 -0.443077
0.253311 -0.871995 -0.418878
0.397860 -0.139852 -0.906724
0.266988 -0.919011 0.290063
0.253311 -0.871995 -0.418878
0.846100 -0.296307 -0.443077
0.897605 -0.313618 0.309756
0.266988 -0.919011 0.290063
0.846100 -0.296307 -0.443077
0.551626 -0.192363 0.811607
0.266988 -0.919011 0.290063
0.897605 -0.313618 0.309756
0.171077 -0.586230 0.791876
0.266988 -0.919011 0.290063
0.551626 -0.192363 0.811607
0.000954 0.001001 0.999999
0.171077 -0.586230 0.791876
0.551626 -0.192363 0.811607
-0.206344 -0.589282 0.781133
0.171077 -0.586230 0.791876
0.000954 0.001001 0.999999
-0.315680 -0.905840 0.282491
0.171077 -0.586230 0.791876
-0.206344 -0.589282 0.781133
-0.315680 -0.905840 0.282491
0.266988 -0.919011 0.290063
0.171077 -0.586230 0.791876
-0.301933 -0.862789 -0.405502
0.266988 -0.919011 0.290063
-0.315680 -0.905840 0.282491
-0.301933 -0.862789 -0.405502
0.253311 -0.871995 -0.418878
0.266988 -0.919011 0.290063
-0.301933 -0.862789 -0.405502
0.126459 -0.427491 -0.895131
0.253311 -0.871995 -0.418878
-0.301933 -0.862789 -0.405502
-0.151429 -0.433070 -0.888549
0.126459 -0.427491 -0.895131
0.364676 0.257211 -0.894905
0.000954 0.001001 -0.999999
0.151458 0.433105 -0.888527
0.364676 0.257211 -0.894905
0.397860 -0.139852 -0.906724
0.000954 0.001001 -0.999999
0.364676 0.257211 -0.894905
0.740458 0.525159 -0.419440
0.397860 -0.139852 -0.906724
0.740458 0.525159 -0.419440
0.846100 -0.296307 -0.443077
0.397860 -0.139852 -0.906724
0.740458 0.525159 -0.419440
0.897605 -0.313618 0.309756
0.846100 -0.296307 -0.443077
0.740458 0.525159 -0.419440
0.780345 0.553976 0.290126
0.897605 -0.313618 0.309756
0.780345 0.553976 0.290126
0.551626 -0.192363 0.811607
0.897605 -0.313618 0.309756
0.780345 0.553976 0.290126
0.499358 0.353072 0.791190
0.551626 -0.192363 0.811607
0.499358 0.353072 0.791190
0.000954 0.001001 0.999999
0.551626 -0.192363 0.811607
0.499358 0.353072 0.791190
0.206403 0.589473 0.780973
0.000954 0.001001 0.999999
0.499358 0.353072 0.791190
0.315683 0.905897 0.282303
0.206403 0.589473 0.780973
0.780345 0.553976 0.290126
0.315683 0.905897 0.282303
0.499358 0.353072 0.791190
0.780345 0.553976 0.290126
0.301933 0.862789 -0.405502
0.315683 0.905897 0.282303
0.740458 0.525159 -0.419440
0.301933 0.862789 -0.405502
0.780345 0.553976 0.290126
0.364676 0.257211 -0.894905
0.301933 0.862789 -0.405502
0.740458 0.525159 -0.419440
0.364676 0.257211 -0.894905
0.151458 0.433105 -0.888527
0.301933 0.862789 -0.405502
-0.499575 -0.353011 0.791081
-0.206344 -0.589282 0.781133
0.000954 0.001001 0.999999
-0.551756 0.192360 0.811519
-0.499575 -0.353011 0.791081
0.000954 0.001001 0.999999
-0.780460 -0.553827 0.290098
-0.499575 -0.353011 0.791081
-0.551756 0.192360 0.811519
-0.897700 0.313535 0.309565
-0.780460 -0.553827 0.290098
-0.551756 0.192360 0.811519
-0.740399 -0.525117 -0.419597
-0.780460 -0.553827 0.290098
-0.897700 0.313535 0.309565
-0.846016 0.296325 -0.443224
-0.740399 -0.525117 -0.419597
-0.897700 0.313535 0.309565
-0.398089 0.139865 -0.906622
-0.740399 -0.525117 -0.419597
-0.846016 0.296325 -0.443224
-0.364817 -0.257280 -0.894827
-0.740399 -0.525117 -0.419597
-0.398089 0.139865 -0.906622
0.000954 0.001001 -0.999999
-0.364817 -0.257280 -0.894827
-0.398089 0.139865 -0.906622
-0.151429 -0.433070 -0.888549
-0.364817 -0.257280 -0.894827
0.000954 0.001001 -0.999999
-0.301933 -0.862789 -0.405502
-0.364817 -0.257280 -0.894827
-0.151429 -0.433070 -0.888549
-0.301933 -0.862789 -0.405502
-0.740399 -0.525117 -0.419597
-0.364817 -0.257280 -0.894827
-0.301933 -0.862789 -0.405502
-0.780460 -0.553827 0.290098
-0.740399 -0.525117 -0.419597
-0.315680 -0.905840 0.282491
-0.780460 -0.553827 0.290098
-0.301933 -0.862789 -0.405502
-0.315680 -0.905840 0.282491
-0.499575 -0.353011 0.791081
-0.780460 -0.553827 0.290098
-0.315680 -0.905840 0.282491
-0.206344 -0.589282 0.781133
-0.499575 -0.353011 0.791081
-0.126081 0.427550 -0.895156
0.151458 0.433105 -0.888527
0.000954 0.001001 -0.999999
-0.398089 0.139865 -0.906622
-0.126081 0.427550 -0.895156
0.000954 0.001001 -0.999999
-0.252902 0.872044 -0.419023
-0.126081 0.427550 -0.895156
-0.398089 0.139865 -0.906622
-0.846016 0.296325 -0.443224
-0.252902 0.872044 -0.419023
-0.398089 0.139865 -0.906622
-0.266660 0.919148 0.289931
-0.252902 0.872044 -0.419023
-0.846016 0.296325 -0.443224
-0.897700 0.313535 0.309565
-0.266660 0.919148 0.289931
-0.846016 0.296325 -0.443224
-0.551756 0.192360 0.811519
-0.266660 0.919148 0.289931
-0.897700 0.313535 0.309565
-0.171101 0.586334 0.791793
-0.266660 0.919148 0.289931
-0.551756 0.192360 0.811519
0.000954 0.001001 0.999999
-0.171101 0.586334 0.791793
-0.551756 0.192360 0.811519
0.206403 0.589473 0.780973
-0.171101 0.586334 0.791793
0.000954 0.001001 0.999999
0.315683 0.905897 0.282303
-0.171101 0.586334 0.791793
0.206403 0.589473 0.780973
0.315683 0.905897 0.282303
-0.266660 0.919148 0.289931
-0.171101 0.586334 0.791793
0.301933 0.862789 -0.405502
-0.266660 0.919148 0.289931
0.315683 0.905897 0.282303
0.301933 0.862789 -0.405502
-0.252902 0.872044 -0.419023
-0.266660 0.919148 0.289931
0.301933 0.862789 -0.405502
-0.126081 0.427550 -0.895156
-0.252902 0.872044 -0.419023
-0.126081 0.427550 -0.895156
0.301933 0.862789 -0.405502
0.151458 0.433105 -0.888527
0.000978 0.891509 0.453002
0.114421 0.980890 0.157362
0.000972 0.980854 0.194740
0.114421 0.980890 0.157362
0.000983 0.999999 0.000954
0.000972 0.980854 0.194740
0.114421 0.980890 0.157362
0.184858 0.980950 0.059700
0.000983 0.999999 0.000954
0.184858 0.980950 0.059700
0.184860 0.980961 -0.059510
0.000983 0.999999 0.000954
0.184858 0.980950 0.059700
0.431414 0.891225 0.140002
0.184860 0.980961 -0.059510
0.431414 0.891225 0.140002
0.431435 0.891244 -0.139814
0.184860 0.980961 -0.059510
0.431414 0.891225 0.140002
0.671228 0.708468 0.218005
0.431435 0.891244 -0.139814
0.671228 0.708468 0.218005
0.671256 0.708497 -0.217823
0.431435 0.891244 -0.139814
0.671228 0.708468 0.218005
0.847385 0.454425 0.274657
0.671256 0.708497 -0.217823
0.847385 0.454425 0.274657
0.847385 0.454425 -0.274657
0.671256 0.708497 -0.217823
0.847385 0.454425 0.274657
0.939035 0.157261 0.305748
0.847385 0.454425 -0.274657
0.939035 0.157261 0.305748
0.938981 0.157252 -0.305921
0.847385 0.454425 -0.274657
0.939035 0.157261 0.305748
0.939018 -0.157357 0.305750
0.938981 0.157252 -0.305921
0.939018 -0.157357 0.305750
0.939018 -0.157357 -0.305750
0.938981 0.157252 -0.305921
0.939018 -0.157357 0.305750
0.847385 -0.454425 0.274657
0.939018 -0.157357 -0.305750
0.847385 -0.454425 0.274657
0.847385 -0.454425 -0.274657
0.939018 -0.157357 -0.305750
0.847385 -0.454425 0.274657
0.671183 -0.708516 0.217990
0.847385 -0.454425 -0.274657
0.671183 -0.708516 0.217990
0.671183 -0.708516 -0.217990
0.847385 -0.454425 -0.274657
0.671183 -0.708516 0.217990
0.431462 -0.891229 0.139827
0.671183 -0.708516 -0.217990
0.431462 -0.891229 0.139827
0.431461 -0.891200 -0.140013
0.671183 -0.708516 -0.217990
0.431462 -0.891229 0.139827
0.184860 -0.980961 0.059510
0.431461 -0.891200 -0.140013
0.184860 -0.980961 0.059510
0.184860 -0.980961 -0.059510
0.431461 -0.891200 -0.140013
0.184860 -0.980961 0.059510
0.000984 -0.999999 -0.000954
0.184860 -0.980961 -0.059510
0.184860 -0.980961 0.059510
0.114407 -0.980864 0.157533
0.000984 -0.999999 -0.000954
0.431462 -0.891229 0.139827
0.114407 -0.980864 0.157533
0.184860 -0.980961 0.059510
0.267029 -0.891153 0.366800
0.114407 -0.980864 0.157533
0.431462 -0.891229 0.139827
0.671183 -0.708516 0.217990
0.267029 -0.891153 0.366800
0.431462 -0.891229 0.139827
0.415012 -0.708152 0.571214
0.267029 -0.891153 0.366800
0.671183 -0.708516 0.217990
0.847385 -0.454425 0.274657
0.415012 -0.708152 0.571214
0.671183 -0.708516 0.217990
0.523232 -0.454690 0.720753
0.415012 -0.708152 0.571214
0.847385 -0.454425 0.274657
0.939018 -0.157357 0.305750
0.523232 -0.454690 0.720753
0.847385 -0.454425 0.274657
0.580043 -0.157552 0.799204
0.523232 -0.454690 0.720753
0.939018 -0.157357 0.305750
0.939035 0.157261 0.305748
0.580043 -0.157552 0.799204
0.939018 -0.157357 0.305750
0.579988 0.157340 0.799286
0.580043 -0.157552 0.799204
0.939035 0.157261 0.305748
0.847385 0.454425 0.274657
0.579988 0.157340 0.799286
0.939035 0.157261 0.305748
0.523232 0.454690 0.720753
0.579988 0.157340 0.799286
0.847385 0.454425 0.274657
0.671228 0.708468 0.218005
0.523232 0.454690 0.720753
0.847385 0.454425 0.274657
0.415040 0.708105 0.571252
0.523232 0.454690 0.720753
0.671228 0.708468 0.218005
0.431414 0.891225 0.140002
0.415040 0.708105 0.571252
0.671228 0.708468 0.218005
0.267029 0.891153 0.366800
0.415040 0.708105 0.571252
0.431414 0.891225 0.140002
0.184858 0.980950 0.059700
0.267029 0.891153 0.366800
0.431414 0.891225 0.140002
0.114421 0.980890 0.157362
0.267029 0.891153 0.366800
0.184858 0.980950 0.059700
0.000978 0.891509 0.453002
0.267029 0.891153 0.366800
0.114421 0.980890 0.157362
0.000972 0.708107 0.706104
0.267029 0.891153 0.366800
0.000978 0.891509 0.453002
0.000972 0.708107 0.706104
0.415040 0.708105 0.571252
0.267029 0.891153 0.366800
0.000972 0.454676 0.890657
0.415040 0.708105 0.571252
0.000972 0.708107 0.706104
0.000972 0.454676 0.890657
0.523232 0.454690 0.720753
0.415040 0.708105 0.571252
0.000972 0.157187 0.987568
0.523232 0.454690 0.720753
0.000972 0.454676 0.890657
0.000972 0.157187 0.987568
0.579988 0.157340 0.799286
0.523232 0.454690 0.720753
0.000972 -0.157373 0.987539
0.579988 0.157340 0.799286
0.000972 0.157187 0.987568
0.000972 -0.157373 0.987539
0.580043 -0.157552 0.799204
0.579988 0.157340 0.799286
0.000972 -0.454676 0.890657
0.580043 -0.157552 0.799204
0.000972 -0.157373 0.987539
0.000972 -0.454676 0.890657
0.523232 -0.454690 0.720753
0.580043 -0.157552 0.799204
0.000971 -0.708155 0.706057
0.523232 -0.454690 0.720753
0.000972 -0.454676 0.890657
0.000971 -0.708155 0.706057
0.415012 -0.708152 0.571214
0.523232 -0.454690 0.720753
0.000978 -0.891509 0.453002
0.415012 -0.708152 0.571214
0.000971 -0.708155 0.706057
0.000978 -0.891509 0.453002
0.267029 -0.891153 0.366800
0.415012 -0.708152 0.571214
0.000972 -0.980894 0.194539
0.267029 -0.891153 0.366800
0.000978 -0.891509 0.453002
0.000972 -0.980894 0.194539
0.114407 -0.980864 0.157533
0.267029 -0.891153 0.366800
0.114407 -0.980864 0.157533
0.000972 -0.980894 0.194539
0.000984 -0.999999 -0.000954
-0.431425 0.891249 -0.139815
-0.184847 0.980952 0.059700
-0.184849 0.980964 -0.059510
-0.184847 0.980952 0.059700
0.000983 0.999999 0.000954
-0.184849 0.980964 -0.059510
-0.184847 0.980952 0.059700
-0.114421 0.980890 0.157362
0.000983 0.999999 0.000954
-0.114421 0.980890 0.157362
0.000972 0.980854 0.194740
0.000983 0.999999 0.000954
-0.114421 0.980890 0.157362
-0.267034 0.891152 0.366799
0.000972 0.980854 0.194740
-0.267034 0.891152 0.366799
0.000978 0.891509 0.453002
0.000972 0.980854 0.194740
-0.267034 0.891152 0.366799
-0.415040 0.708105 0.571252
0.000978 0.891509 0.453002
-0.415040 0.708105 0.571252
0.000972 0.708107 0.706104
0.000978 0.891509 0.453002
-0.415040 0.708105 0.571252
-0.523222 0.454694 0.720758
0.000972 0.708107 0.706104
-0.523222 0.454694 0.720758
0.000972 0.454676 0.890657
0.000972 0.708107 0.706104
-0.523222 0.454694 0.720758
-0.580090 0.157362 0.799208
0.000972 0.454676 0.890657
-0.580090 0.157362 0.799208
0.000972 0.157187 0.987568
0.000972 0.454676 0.890657
-0.580090 0.157362 0.799208
-0.580065 -0.157549 0.799189
0.000972 0.157187 0.987568
-0.580065 -0.157549 0.799189
0.000972 -0.157373 0.987539
0.000972 0.157187 0.987568
-0.580065 -0.157549 0.799189
-0.523222 -0.454694 0.720758
0.000972 -0.157373 0.987539
-0.523222 -0.454694 0.720758
0.000972 -0.454676 0.890657
0.000972 -0.157373 0.987539
-0.523222 -0.454694 0.720758
-0.415012 -0.708153 0.571214
0.000972 -0.454676 0.890657
-0.415012 -0.708153 0.571214
0.000971 -0.708155 0.706057
0.000972 -0.454676 0.890657
-0.415012 -0.708153 0.571214
-0.267034 -0.891152 0.366799
0.000971 -0.708155 0.706057
-0.267034 -0.891152 0.366799
0.000978 -0.891509 0.453002
0.000971 -0.708155 0.706057
-0.267034 -0.891152 0.366799
-0.114407 -0.980864 0.157533
0.000978 -0.891509 0.453002
-0.114407 -0.980864 0.157533
0.000972 -0.980894 0.194539
0.000978 -0.891509 0.453002
-0.114407 -0.980864 0.157533
0.000984 -0.999999 -0.000954
0.000972 -0.980894 0.194539
-0.114407 -0.980864 0.157533
-0.184849 -0.980964 0.059510
0.000984 -0.999999 -0.000954
-0.267034 -0.891152 0.366799
-0.184849 -0.980964 0.059510
-0.114407 -0.980864 0.157533
-0.431458 -0.891231 0.139827
-0.184849 -0.980964 0.059510
-0.267034 -0.891152 0.366799
-0.415012 -0.708153 0.571214
-0.431458 -0.891231 0.139827
-0.267034 -0.891152 0.366799
-0.671183 -0.708516 0.217990
-0.431458 -0.891231 0.139827
-0.415012 -0.708153 0.571214
-0.523222 -0.454694 0.720758
-0.671183 -0.708516 0.217990
-0.415012 -0.708153 0.571214
-0.847385 -0.454425 0.274657
-0.671183 -0.708516 0.217990
-0.523222 -0.454694 0.720758
-0.580065 -0.157549 0.799189
-0.847385 -0.454425 0.274657
-0.523222 -0.454694 0.720758
-0.939018 -0.157357 0.305750
-0.847385 -0.454425 0.274657
-0.580065 -0.157549 0.799189
-0.580090 0.157362 0.799208
-0.939018 -0.157357 0.305750
-0.580065 -0.157549 0.799189
-0.939035 0.157261 0.305748
-0.939018 -0.157357 0.305750
-0.580090 0.157362 0.799208
-0.523222 0.454694 0.720758
-0.939035 0.157261 0.305748
-0.580090 0.157362 0.799208
-0.847385 0.454425 0.274657
-0.939035 0.157261 0.305748
-0.523222 0.454694 0.720758
-0.415040 0.708105 0.571252
-0.847385 0.454425 0.274657
-0.523222 0.454694 0.720758
-0.671228 0.708468 0.218005
-0.847385 0.454425 0.274657
-0.415040 0.708105 0.571252
-0.267034 0.891152 0.366799
-0.671228 0.708468 0.218005
-0.415040 0.708105 0.571252
-0.431410 0.891227 0.140002
-0.671228 0.708468 0.218005
-0.267034 0.891152 0.366799
-0.114421 0.980890 0.157362
-0.431410 0.891227 0.140002
-0.267034 0.891152 0.366799
-0.184847 0.980952 0.059700
-0.431410 0.891227 0.140002
-0.114421 0.980890 0.157362
-0.431425 0.891249 -0.139815
-0.431410 0.891227 0.140002
-0.184847 0.980952 0.059700
-0.671256 0.708497 -0.217823
-0.431410 0.891227 0.140002
-0.431425 0.891249 -0.139815
-0.671256 0.708497 -0.217823
-0.671228 0.708468 0.218005
-0.431410 0.891227 0.140002
-0.847385 0.454425 -0.274657
-0.671228 0.708468 0.218005
-0.671256 0.708497 -0.217823
-0.847385 0.454425 -0.274657
-0.847385 0.454425 0.274657
-0.671228 0.708468 0.218005
-0.938981 0.157252 -0.305921
-0.847385 0.454425 0.274657
-0.847385 0.454425 -0.274657
-0.938981 0.157252 -0.305921
-0.939035 0.157261 0.305748
-0.847385 0.454425 0.274657
-0.939018 -0.157357 -0.305750
-0.939035 0.157261 0.305748
-0.938981 0.157252 -0.305921
-0.939018 -0.157357 -0.305750
-0.939018 -0.157357 0.305750
-0.939035 0.157261 0.305748
-0.847385 -0.454425 -0.274657
-0.939018 -0.157357 0.305750
-0.939018 -0.157357 -0.305750
-0.847385 -0.454425 -0.274657
-0.847385 -0.454425 0.274657
-0.939018 -0.157357 0.305750
-0.671183 -0.708516 -0.217990
-0.847385 -0.454425 0.274657
-0.847385 -0.454425 -0.274657
-0.671183 -0.708516 -0.217990
-0.671183 -0.708516 0.217990
-0.847385 -0.454425 0.274657
-0.431450 -0.891205 -0.140014
-0.671183 -0.708516 0.217990
-0.671183 -0.708516 -0.217990
-0.431450 -0.891205 -0.140014
-0.431458 -0.891231 0.139827
-0.671183 -0.708516 0.217990
-0.184849 -0.980964 -0.059510
-0.431458 -0.891231 0.139827
-0.431450 -0.891205 -0.140014
-0.184849 -0.980964 -0.059510
-0.184849 -0.980964 0.059510
-0.431458 -0.891231 0.139827
-0.184849 -0.980964 0.059510
-0.184849 -0.980964 -0.059510
0.000984 -0.999999 -0.000954
0.000954 0.987542 -0.157351
0.114345 0.886385 -0.448605
0.000954 0.907877 -0.419236
0.114345 0.886385 -0.448605
0.000954 0.808975 -0.587843
0.000954 0.907877 -0.419236
0.114345 0.886385 -0.448605
0.185019 0.829105 -0.527591
0.000954 0.808975 -0.587843
0.185019 0.829105 -0.527591
0.184917 0.758218 -0.625228
0.000954 0.808975 -0.587843
0.185019 0.829105 -0.527591
0.431272 0.802776 -0.411771
0.184917 0.758218 -0.625228
0.431272 0.802776 -0.411771
0.431479 0.638850 -0.636943
0.184917 0.758218 -0.625228
0.431272 0.802776 -0.411771
0.671703 0.701078 -0.239383
0.431479 0.638850 -0.636943
0.671703 0.701078 -0.239383
0.671271 0.444590 -0.593072
0.431479 0.638850 -0.636943
0.671703 0.701078 -0.239383
0.847568 0.528854 -0.044059
0.671271 0.444590 -0.593072
0.847568 0.528854 -0.044059
0.847259 0.206188 -0.489529
0.671271 0.444590 -0.593072
0.847568 0.528854 -0.044059
0.939288 0.305896 0.155451
0.847259 0.206188 -0.489529
0.939288 0.305896 0.155451
0.939309 -0.051798 -0.339139
0.847259 0.206188 -0.489529
0.939288 0.305896 0.155451
0.939248 0.051795 0.339308
0.939309 -0.051798 -0.339139
0.939248 0.051795 0.339308
0.939278 -0.305928 -0.155450
0.939309 -0.051798 -0.339139
0.939248 0.051795 0.339308
0.847233 -0.206170 0.489582
0.939278 -0.305928 -0.155450
0.847233 -0.206170 0.489582
0.847586 -0.528841 0.043869
0.939278 -0.305928 -0.155450
0.847233 -0.206170 0.489582
0.671248 -0.444526 0.593147
0.847586 -0.528841 0.043869
0.671248 -0.444526 0.593147
0.671716 -0.701005 0.239561
0.847586 -0.528841 0.043869
0.671248 -0.444526 0.593147
0.431463 -0.638790 0.637014
0.671716 -0.701005 0.239561
0.431463 -0.638790 0.637014
0.430650 -0.803576 0.410860
0.671716 -0.701005 0.239561
0.431463 -0.638790 0.637014
0.184917 -0.758218 0.625228
0.430650 -0.803576 0.410860
0.184917 -0.758218 0.625228
0.185016 -0.829113 0.527580
0.430650 -0.803576 0.410860
0.184917 -0.758218 0.625228
0.000954 -0.808967 0.587854
0.185016 -0.829113 0.527580
0.184917 -0.758218 0.625228
0.114263 -0.700673 0.704274
0.000954 -0.808967 0.587854
0.431463 -0.638790 0.637014
0.114263 -0.700673 0.704274
0.184917 -0.758218 0.625228
0.266957 -0.505611 0.820422
0.114263 -0.700673 0.704274
0.431463 -0.638790 0.637014
0.671248 -0.444526 0.593147
0.266957 -0.505611 0.820422
0.431463 -0.638790 0.637014
0.415171 -0.237403 0.878221
0.266957 -0.505611 0.820422
0.671248 -0.444526 0.593147
0.847233 -0.206170 0.489582
0.415171 -0.237403 0.878221
0.671248 -0.444526 0.593147
0.523521 0.055783 0.850185
0.415171 -0.237403 0.878221
0.847233 -0.206170 0.489582
0.939248 0.051795 0.339308
0.523521 0.055783 0.850185
0.847233 -0.206170 0.489582
0.580042 0.343376 0.738677
0.523521 0.055783 0.850185
0.939248 0.051795 0.339308
0.939288 0.305896 0.155451
0.580042 0.343376 0.738677
0.939248 0.051795 0.339308
0.579562 0.597252 0.554434
0.580042 0.343376 0.738677
0.939288 0.305896 0.155451
0.847568 0.528854 -0.044059
0.579562 0.597252 0.554434
0.939288 0.305896 0.155451
0.523348 0.791412 0.315869
0.579562 0.597252 0.554434
0.847568 0.528854 -0.044059
0.671703 0.701078 -0.239383
0.523348 0.791412 0.315869
0.847568 0.528854 -0.044059
0.415516 0.908423 0.045967
0.523348 0.791412 0.315869
0.671703 0.701078 -0.239383
0.431272 0.802776 -0.411771
0.415516 0.908423 0.045967
0.671703 0.701078 -0.239383
0.266645 0.936549 -0.227545
0.415516 0.908423 0.045967
0.431272 0.802776 -0.411771
0.185019 0.829105 -0.527591
0.266645 0.936549 -0.227545
0.431272 0.802776 -0.411771
0.114345 0.886385 -0.448605
0.266645 0.936549 -0.227545
0.185019 0.829105 -0.527591
0.000954 0.987542 -0.157351
0.266645 0.936549 -0.227545
0.114345 0.886385 -0.448605
0.000954 0.987844 0.155446
0.266645 0.936549 -0.227545
0.000954 0.987542 -0.157351
0.000954 0.987844 0.155446
0.415516 0.908423 0.045967
0.266645 0.936549 -0.227545
0.000954 0.891427 0.453164
0.415516 0.908423 0.045967
0.000954 0.987844 0.155446
0.000954 0.891427 0.453164
0.523348 0.791412 0.315869
0.415516 0.908423 0.045967
0.000954 0.707047 0.707166
0.523348 0.791412 0.315869
0.000954 0.891427 0.453164
0.000954 0.707047 0.707166
0.579562 0.597252 0.554434
0.523348 0.791412 0.315869
0.000954 0.454560 0.890715
0.579562 0.597252 0.554434
0.000954 0.707047 0.707166
0.000954 0.454560 0.890715
0.580042 0.343376 0.738677
0.579562 0.597252 0.554434
0.000954 0.155331 0.987862
0.580042 0.343376 0.738677
0.000954 0.454560 0.890715
0.000954 0.155331 0.987862
0.523521 0.055783 0.850185
0.580042 0.343376 0.738677
0.000954 -0.157292 0.987552
0.523521 0.055783 0.850185
0.000954 0.155331 0.987862
0.000954 -0.157292 0.987552
0.415171 -0.237403 0.878221
0.523521 0.055783 0.850185
0.000954 -0.454589 0.890701
0.415171 -0.237403 0.878221
0.000954 -0.157292 0.987552
0.000954 -0.454589 0.890701
0.266957 -0.505611 0.820422
0.415171 -0.237403 0.878221
0.000954 -0.679085 0.734059
0.266957 -0.505611 0.820422
0.000954 -0.454589 0.890701
0.000954 -0.679085 0.734059
0.114263 -0.700673 0.704274
0.266957 -0.505611 0.820422
0.114263 -0.700673 0.704274
0.000954 -0.679085 0.734059
0.000954 -0.808967 0.587854
-0.431323 0.638879 -0.637019
-0.184914 0.829086 -0.527659
-0.184822 0.758242 -0.625228
-0.184914 0.829086 -0.527659
0.000954 0.808975 -0.587843
-0.184822 0.758242 -0.625228
-0.184914 0.829086 -0.527659
-0.114345 0.886385 -0.448605
0.000954 0.808975 -0.587843
-0.114345 0.886385 -0.448605
0.000954 0.907877 -0.419236
0.000954 0.808975 -0.587843
-0.114345 0.886385 -0.448605
-0.266645 0.936549 -0.227545
0.000954 0.907877 -0.419236
-0.266645 0.936549 -0.227545
0.000954 0.987542 -0.157351
0.000954 0.907877 -0.419236
-0.266645 0.936549 -0.227545
-0.415516 0.908423 0.045967
0.000954 0.987542 -0.157351
-0.415516 0.908423 0.045967
0.000954 0.987844 0.155446
0.000954 0.987542 -0.157351
-0.415516 0.908423 0.045967
-0.523403 0.791375 0.315873
0.000954 0.987844 0.155446
-0.523403 0.791375 0.315873
0.000954 0.891427 0.453164
0.000954 0.987844 0.155446
-0.523403 0.791375 0.315873
-0.579602 0.597220 0.554427
0.000954 0.891427 0.453164
-0.579602 0.597220 0.554427
0.000954 0.707047 0.707166
0.000954 0.891427 0.453164
-0.579602 0.597220 0.554427
-0.580078 0.343346 0.738663
0.000954 0.707047 0.707166
-0.580078 0.343346 0.738663
0.000954 0.454560 0.890715
0.000954 0.707047 0.707166
-0.580078 0.343346 0.738663
-0.523590 0.055780 0.850142
0.000954 0.454560 0.890715
-0.523590 0.055780 0.850142
0.000954 0.155331 0.987862
0.000954 0.454560 0.890715
-0.523590 0.055780 0.850142
-0.415171 -0.237403 0.878221
0.000954 0.155331 0.987862
-0.415171 -0.237403 0.878221
0.000954 -0.157292 0.987552
0.000954 0.155331 0.987862
-0.415171 -0.237403 0.878221
-0.266957 -0.505611 0.820422
0.000954 -0.157292 0.987552
-0.266957 -0.505611 0.820422
0.000954 -0.454589 0.890701
0.000954 -0.157292 0.987552
-0.266957 -0.505611 0.820422
-0.114263 -0.700673 0.704274
0.000954 -0.454589 0.890701
-0.114263 -0.700673 0.704274
0.000954 -0.679085 0.734059
0.000954 -0.454589 0.890701
-0.114263 -0.700673 0.704274
0.000954 -0.808967 0.587854
0.000954 -0.679085 0.734059
-0.114263 -0.700673 0.704274
-0.184822 -0.758242 0.625228
0.000954 -0.808967 0.587854
-0.266957 -0.505611 0.820422
-0.184822 -0.758242 0.625228
-0.114263 -0.700673 0.704274
-0.431333 -0.638858 0.637034
-0.184822 -0.758242 0.625228
-0.266957 -0.505611 0.820422
-0.415171 -0.237403 0.878221
-0.431333 -0.638858 0.637034
-0.266957 -0.505611 0.820422
-0.671248 -0.444526 0.593147
-0.431333 -0.638858 0.637034
-0.415171 -0.237403 0.878221
-0.523590 0.055780 0.850142
-0.671248 -0.444526 0.593147
-0.415171 -0.237403 0.878221
-0.847216 -0.206195 0.489600
-0.671248 -0.444526 0.593147
-0.523590 0.055780 0.850142
-0.580078 0.343346 0.738663
-0.847216 -0.206195 0.489600
-0.523590 0.055780 0.850142
-0.939248 0.051807 0.339308
-0.847216 -0.206195 0.489600
-0.580078 0.343346 0.738663
-0.579602 0.597220 0.554427
-0.939248 0.051807 0.339308
-0.580078 0.343346 0.738663
-0.939275 0.305939 0.155449
-0.939248 0.051807 0.339308
-0.579602 0.597220 0.554427
-0.523403 0.791375 0.315873
-0.939275 0.305939 0.155449
-0.579602 0.597220 0.554427
-0.847534 0.528910 -0.044060
-0.939275 0.305939 0.155449
-0.523403 0.791375 0.315873
-0.415516 0.908423 0.045967
-0.847534 0.528910 -0.044060
-0.523403 0.791375 0.315873
-0.671703 0.701078 -0.239383
-0.847534 0.528910 -0.044060
-0.415516 0.908423 0.045967
-0.266645 0.936549 -0.227545
-0.671703 0.701078 -0.239383
-0.415516 0.908423 0.045967
-0.431131 0.802851 -0.411772
-0.671703 0.701078 -0.239383
-0.266645 0.936549 -0.227545
-0.114345 0.886385 -0.448605
-0.431131 0.802851 -0.411772
-0.266645 0.936549 -0.227545
-0.184914 0.829086 -0.527659
-0.431131 0.802851 -0.411772
-0.114345 0.886385 -0.448605
-0.431323 0.638879 -0.637019
-0.431131 0.802851 -0.411772
-0.184914 0.829086 -0.527659
-0.671271 0.444590 -0.593072
-0.431131 0.802851 -0.411772
-0.431323 0.638879 -0.637019
-0.671271 0.444590 -0.593072
-0.671703 0.701078 -0.239383
-0.431131 0.802851 -0.411772
-0.847257 0.206199 -0.489528
-0.671703 0.701078 -0.239383
-0.671271 0.444590 -0.593072
-0.847257 0.206199 -0.489528
-0.847534 0.528910 -0.044060
-0.671703 0.701078 -0.239383
-0.939248 -0.051807 -0.339308
-0.847534 0.528910 -0.044060
-0.847257 0.206199 -0.489528
-0.939248 -0.051807 -0.339308
-0.939275 0.305939 0.155449
-0.847534 0.528910 -0.044060
-0.939264 -0.305971 -0.155447
-0.939275 0.305939 0.155449
-0.939248 -0.051807 -0.339308
-0.939264 -0.305971 -0.155447
-0.939248 0.051807 0.339308
-0.939275 0.305939 0.155449
-0.847551 -0.528897 0.043870
-0.939248 0.051807 0.339308
-0.939264 -0.305971 -0.155447
-0.847551 -0.528897 0.043870
-0.847216 -0.206195 0.489600
-0.939248 0.051807 0.339308
-0.671690 -0.701028 0.239569
-0.847216 -0.206195 0.489600
-0.847551 -0.528897 0.043870
-0.671690 -0.701028 0.239569
-0.671248 -0.444526 0.593147
-0.847216 -0.206195 0.489600
-0.430483 -0.803580 0.411028
-0.671248 -0.444526 0.593147
-0.671690 -0.701028 0.239569
-0.430483 -0.803580 0.411028
-0.431333 -0.638858 0.637034
-0.671248 -0.444526 0.593147
-0.184920 -0.829135 0.527579
-0.431333 -0.638858 0.637034
-0.430483 -0.803580 0.411028
-0.184920 -0.829135 0.527579
-0.184822 -0.758242 0.625228
-0.431333 -0.638858 0.637034
-0.184822 -0.758242 0.625228
-0.184920 -0.829135 0.527579
0.000954 -0.808967 0.587854
0.001335 0.139792 0.990180
0.114049 0.432739 0.894276
0.001335 0.403278 0.915076
0.114049 0.432739 0.894276
0.001335 0.574089 0.818792
0.001335 0.403278 0.915076
0.114049 0.432739 0.894276
0.184620 0.513427 0.838038
0.001335 0.574089 0.818792
0.184620 0.513427 0.838038
0.184456 0.612404 0.768724
0.001335 0.574089 0.818792
0.184620 0.513427 0.838038
0.431096 0.397714 0.809926
0.184456 0.612404 0.768724
0.431096 0.397714 0.809926
0.431071 0.626197 0.649658
0.184456 0.612404 0.768724
0.431096 0.397714 0.809926
0.671615 0.227846 0.704996
0.431071 0.626197 0.649658
0.671615 0.227846 0.704996
0.671349 0.585427 0.454495
0.431071 0.626197 0.649658
0.671615 0.227846 0.704996
0.846980 0.036236 0.530388
0.671349 0.585427 0.454495
0.846980 0.036236 0.530388
0.847462 0.485722 0.214202
0.671349 0.585427 0.454495
0.846980 0.036236 0.530388
0.939337 -0.159163 0.303830
0.847462 0.485722 0.214202
0.939337 -0.159163 0.303830
0.939602 0.339142 -0.046160
0.847462 0.485722 0.214202
0.939337 -0.159163 0.303830
0.939580 -0.339229 0.045968
0.939602 0.339142 -0.046160
0.939580 -0.339229 0.045968
0.939337 0.159163 -0.303830
0.939602 0.339142 -0.046160
0.939580 -0.339229 0.045968
0.847457 -0.485815 -0.214010
0.939337 0.159163 -0.303830
0.847457 -0.485815 -0.214010
0.847023 -0.036238 -0.530319
0.939337 0.159163 -0.303830
0.847457 -0.485815 -0.214010
0.671378 -0.585453 -0.454420
0.847023 -0.036238 -0.530319
0.671378 -0.585453 -0.454420
0.671615 -0.227846 -0.704996
0.847023 -0.036238 -0.530319
0.671378 -0.585453 -0.454420
0.431071 -0.626197 -0.649658
0.671615 -0.227846 -0.704996
0.431071 -0.626197 -0.649658
0.431062 -0.397684 -0.809959
0.671615 -0.227846 -0.704996
0.431071 -0.626197 -0.649658
0.184247 -0.612441 -0.768745
0.431062 -0.397684 -0.809959
0.184247 -0.612441 -0.768745
0.184644 -0.513398 -0.838051
0.431062 -0.397684 -0.809959
0.184247 -0.612441 -0.768745
0.001335 -0.574262 -0.818671
0.184644 -0.513398 -0.838051
0.184247 -0.612441 -0.768745
0.114252 -0.691617 -0.713171
0.001335 -0.574262 -0.818671
0.431071 -0.626197 -0.649658
0.114252 -0.691617 -0.713171
0.184247 -0.612441 -0.768745
0.267031 -0.812059 -0.518898
0.114252 -0.691617 -0.713171
0.431071 -0.626197 -0.649658
0.671378 -0.585453 -0.454420
0.267031 -0.812059 -0.518898
0.431071 -0.626197 -0.649658
0.415202 -0.874366 -0.251181
0.267031 -0.812059 -0.518898
0.671378 -0.585453 -0.454420
0.847457 -0.485815 -0.214010
0.415202 -0.874366 -0.251181
0.671378 -0.585453 -0.454420
0.523018 -0.851288 0.041964
0.415202 -0.874366 -0.251181
0.847457 -0.485815 -0.214010
0.939580 -0.339229 0.045968
0.523018 -0.851288 0.041964
0.847457 -0.485815 -0.214010
0.580419 -0.744550 0.329788
0.523018 -0.851288 0.041964
0.939580 -0.339229 0.045968
0.939337 -0.159163 0.303830
0.580419 -0.744550 0.329788
0.939580 -0.339229 0.045968
0.580001 -0.564171 0.587630
0.580419 -0.744550 0.329788
0.939337 -0.159163 0.303830
0.846980 0.036236 0.530388
0.580001 -0.564171 0.587630
0.939337 -0.159163 0.303830
0.522787 -0.329102 0.786375
0.580001 -0.564171 0.587630
0.846980 0.036236 0.530388
0.671615 0.227846 0.704996
0.522787 -0.329102 0.786375
0.846980 0.036236 0.530388
0.415131 -0.061497 0.907681
0.522787 -0.329102 0.786375
0.671615 0.227846 0.704996
0.431096 0.397714 0.809926
0.415131 -0.061497 0.907681
0.671615 0.227846 0.704996
0.266892 0.211949 0.940131
0.415131 -0.061497 0.907681
0.431096 0.397714 0.809926
0.184620 0.513427 0.838038
0.266892 0.211949 0.940131
0.431096 0.397714 0.809926
0.114049 0.432739 0.894276
0.266892 0.211949 0.940131
0.184620 0.513427 0.838038
0.001335 0.139792 0.990180
0.266892 0.211949 0.940131
0.114049 0.432739 0.894276
0.001335 -0.171293 0.985219
0.266892 0.211949 0.940131
0.001335 0.139792 0.990180
0.001335 -0.171293 0.985219
0.415131 -0.061497 0.907681
0.266892 0.211949 0.940131
0.001335 -0.468676 0.883369
0.415131 -0.061497 0.907681
0.001335 -0.171293 0.985219
0.001335 -0.468676 0.883369
0.522787 -0.329102 0.786375
0.415131 -0.061497 0.907681
0.001335 -0.718691 0.695329
0.522787 -0.329102 0.786375
0.001335 -0.468676 0.883369
0.001335 -0.718691 0.695329
0.580001 -0.564171 0.587630
0.522787 -0.329102 0.786375
0.001335 -0.898537 0.438897
0.580001 -0.564171 0.587630
0.001335 -0.718691 0.695329
0.001335 -0.898537 0.438897
0.580419 -0.744550 0.329788
0.580001 -0.564171 0.587630
0.001335 -0.990419 0.138089
0.580419 -0.744550 0.329788
0.001335 -0.898537 0.438897
0.001335 -0.990419 0.138089
0.523018 -0.851288 0.041964
0.580419 -0.744550 0.329788
0.001335 -0.984551 -0.175091
0.523018 -0.851288 0.041964
0.001335 -0.990419 0.138089
0.001335 -0.984551 -0.175091
0.415202 -0.874366 -0.251181
0.523018 -0.851288 0.041964
0.001335 -0.882579 -0.470162
0.415202 -0.874366 -0.251181
0.001335 -0.984551 -0.175091
0.001335 -0.882579 -0.470162
0.267031 -0.812059 -0.518898
0.415202 -0.874366 -0.251181
0.001335 -0.722621 -0.691244
0.267031 -0.812059 -0.518898
0.001335 -0.882579 -0.470162
0.001335 -0.722621 -0.691244
0.114252 -0.691617 -0.713171
0.267031 -0.812059 -0.518898
0.114252 -0.691617 -0.713171
0.001335 -0.722621 -0.691244
0.001335 -0.574262 -0.818671
-0.430890 0.626306 0.649673
-0.184620 0.513427 0.838038
-0.184456 0.612404 0.768724
-0.184620 0.513427 0.838038
0.001335 0.574089 0.818792
-0.184456 0.612404 0.768724
-0.184620 0.513427 0.838038
-0.114430 0.432643 0.894274
0.001335 0.574089 0.818792
-0.114430 0.432643 0.894274
0.001335 0.403278 0.915076
0.001335 0.574089 0.818792
-0.114430 0.432643 0.894274
-0.266892 0.211949 0.940131
0.001335 0.403278 0.915076
-0.266892 0.211949 0.940131
0.001335 0.139792 0.990180
0.001335 0.403278 0.915076
-0.266892 0.211949 0.940131
-0.415131 -0.061497 0.907681
0.001335 0.139792 0.990180
-0.415131 -0.061497 0.907681
0.001335 -0.171293 0.985219
0.001335 0.139792 0.990180
-0.415131 -0.061497 0.907681
-0.522787 -0.329102 0.786375
0.001335 -0.171293 0.985219
-0.522787 -0.329102 0.786375
0.001335 -0.468676 0.883369
0.001335 -0.171293 0.985219
-0.522787 -0.329102 0.786375
-0.579844 -0.564298 0.587664
0.001335 -0.468676 0.883369
-0.579844 -0.564298 0.587664
0.001335 -0.718691 0.695329
0.001335 -0.468676 0.883369
-0.579844 -0.564298 0.587664
-0.580210 -0.744717 0.329777
0.001335 -0.718691 0.695329
-0.580210 -0.744717 0.329777
0.001335 -0.898537 0.438897
0.001335 -0.718691 0.695329
-0.580210 -0.744717 0.329777
-0.523018 -0.851288 0.041964
0.001335 -0.898537 0.438897
-0.523018 -0.851288 0.041964
0.001335 -0.990419 0.138089
0.001335 -0.898537 0.438897
-0.523018 -0.851288 0.041964
-0.415202 -0.874366 -0.251181
0.001335 -0.990419 0.138089
-0.415202 -0.874366 -0.251181
0.001335 -0.984551 -0.175091
0.001335 -0.990419 0.138089
-0.415202 -0.874366 -0.251181
-0.267031 -0.812059 -0.518898
0.001335 -0.984551 -0.175091
-0.267031 -0.812059 -0.518898
0.001335 -0.882579 -0.470162
0.001335 -0.984551 -0.175091
-0.267031 -0.812059 -0.518898
-0.114629 -0.691587 -0.713139
0.001335 -0.882579 -0.470162
-0.114629 -0.691587 -0.713139
0.001335 -0.722621 -0.691244
0.001335 -0.882579 -0.470162
-0.114629 -0.691587 -0.713139
0.001335 -0.574262 -0.818671
0.001335 -0.722621 -0.691244
-0.114629 -0.691587 -0.713139
-0.184247 -0.612441 -0.768745
0.001335 -0.574262 -0.818671
-0.267031 -0.812059 -0.518898
-0.184247 -0.612441 -0.768745
-0.114629 -0.691587 -0.713139
-0.430708 -0.626319 -0.649781
-0.184247 -0.612441 -0.768745
-0.267031 -0.812059 -0.518898
-0.415202 -0.874366 -0.251181
-0.430708 -0.626319 -0.649781
-0.267031 -0.812059 -0.518898
-0.671101 -0.585640 -0.454586
-0.430708 -0.626319 -0.649781
-0.415202 -0.874366 -0.251181
-0.523018 -0.851288 0.041964
-0.671101 -0.585640 -0.454586
-0.415202 -0.874366 -0.251181
-0.847607 -0.485600 -0.213904
-0.671101 -0.585640 -0.454586
-0.523018 -0.851288 0.041964
-0.580210 -0.744717 0.329777
-0.847607 -0.485600 -0.213904
-0.523018 -0.851288 0.041964
-0.939580 -0.339229 0.045968
-0.847607 -0.485600 -0.213904
-0.580210 -0.744717 0.329777
-0.579844 -0.564298 0.587664
-0.939580 -0.339229 0.045968
-0.580210 -0.744717 0.329777
-0.939315 -0.159191 0.303885
-0.939580 -0.339229 0.045968
-0.579844 -0.564298 0.587664
-0.522787 -0.329102 0.786375
-0.939315 -0.159191 0.303885
-0.579844 -0.564298 0.587664
-0.847120 0.036234 0.530165
-0.939315 -0.159191 0.303885
-0.522787 -0.329102 0.786375
-0.415131 -0.061497 0.907681
-0.847120 0.036234 0.530165
-0.522787 -0.329102 0.786375
-0.671420 0.227844 0.705182
-0.847120 0.036234 0.530165
-0.415131 -0.061497 0.907681
-0.266892 0.211949 0.940131
-0.671420 0.227844 0.705182
-0.415131 -0.061497 0.907681
-0.430924 0.397827 0.809962
-0.671420 0.227844 0.705182
-0.266892 0.211949 0.940131
-0.114430 0.432643 0.894274
-0.430924 0.397827 0.809962
-0.266892 0.211949 0.940131
-0.184620 0.513427 0.838038
-0.430924 0.397827 0.809962
-0.114430 0.432643 0.894274
-0.430890 0.626306 0.649673
-0.430924 0.397827 0.809962
-0.184620 0.513427 0.838038
-0.671043 0.585589 0.454738
-0.430924 0.397827 0.809962
-0.430890 0.626306 0.649673
-0.671043 0.585589 0.454738
-0.671420 0.227844 0.705182
-0.430924 0.397827 0.809962
-0.847555 0.485570 0.214177
-0.671420 0.227844 0.705182
-0.671043 0.585589 0.454738
-0.847555 0.485570 0.214177
-0.847120 0.036234 0.530165
-0.671420 0.227844 0.705182
-0.939602 0.339142 -0.046160
-0.847120 0.036234 0.530165
-0.847555 0.485570 0.214177
-0.939602 0.339142 -0.046160
-0.939315 -0.159191 0.303885
-0.847120 0.036234 0.530165
-0.939315 0.159191 -0.303885
-0.939315 -0.159191 0.303885
-0.939602 0.339142 -0.046160
-0.939315 0.159191 -0.303885
-0.939580 -0.339229 0.045968
-0.939315 -0.159191 0.303885
-0.847120 -0.036234 -0.530165
-0.939580 -0.339229 0.045968
-0.939315 0.159191 -0.303885
-0.847120 -0.036234 -0.530165
-0.847607 -0.485600 -0.213904
-0.939580 -0.339229 0.045968
-0.671420 -0.227844 -0.705182
-0.847607 -0.485600 -0.213904
-0.847120 -0.036234 -0.530165
-0.671420 -0.227844 -0.705182
-0.671101 -0.585640 -0.454586
-0.847607 -0.485600 -0.213904
-0.430857 -0.397766 -0.810027
-0.671101 -0.585640 -0.454586
-0.671420 -0.227844 -0.705182
-0.430857 -0.397766 -0.810027
-0.430708 -0.626319 -0.649781
-0.671101 -0.585640 -0.454586
-0.184644 -0.513398 -0.838051
-0.430708 -0.626319 -0.649781
-0.430857 -0.397766 -0.810027
-0.184644 -0.513398 -0.838051
-0.184247 -0.612441 -0.768745
-0.430708 -0.626319 -0.649781
-0.184247 -0.612441 -0.768745
-0.184644 -0.513398 -0.838051
0.001335 -0.574262 -0.818671
0.210193 0.710306 0.671777
0.243291 0.886378 0.393882
0.143622 0.874894 0.462529
0.243291 0.886378 0.393882
0.090897 0.952656 0.290146
0.143622 0.874894 0.462529
0.243291 0.886378 0.393882
0.282476 0.916092 0.284574
0.090897 0.952656 0.290146
0.282476 0.916092 0.284574
0.249203 0.952560 0.174719
0.090897 0.952656 0.290146
0.282476 0.916092 0.284574
0.532745 0.806270 0.257121
0.249203 0.952560 0.174719
0.532745 0.806270 0.257121
0.452316 0.891853 0.003052
0.249203 0.952560 0.174719
0.532745 0.806270 0.257121
0.767749 0.607257 0.204453
0.452316 0.891853 0.003052
0.767749 0.607257 0.204453
0.644298 0.740156 -0.192479
0.452316 0.891853 0.003052
0.767749 0.607257 0.204453
0.928032 0.349049 0.130083
0.644298 0.740156 -0.192479
0.928032 0.349049 0.130083
0.771367 0.517233 -0.370760
0.644298 0.740156 -0.192479
0.928032 0.349049 0.130083
0.997566 0.055696 0.041963
0.771367 0.517233 -0.370760
0.997566 0.055696 0.041963
0.824601 0.241486 -0.511584
0.771367 0.517233 -0.370760
0.997566 0.055696 0.041963
0.969226 -0.241472 -0.047875
0.824601 0.241486 -0.511584
0.969226 -0.241472 -0.047875
0.795312 -0.055691 -0.603636
0.824601 0.241486 -0.511584
0.969226 -0.241472 -0.047875
0.845408 -0.517067 -0.133892
0.795312 -0.055691 -0.603636
0.845408 -0.517067 -0.133892
0.689474 -0.349267 -0.634537
0.795312 -0.055691 -0.603636
0.845408 -0.517067 -0.133892
0.638792 -0.740648 -0.208289
0.689474 -0.349267 -0.634537
0.638792 -0.740648 -0.208289
0.515169 -0.606911 -0.605194
0.689474 -0.349267 -0.634537
0.638792 -0.740648 -0.208289
0.369943 -0.891715 -0.260743
0.515169 -0.606911 -0.605194
0.369943 -0.891715 -0.260743
0.290385 -0.806404 -0.515160
0.515169 -0.606911 -0.605194
0.369943 -0.891715 -0.260743
0.104625 -0.952407 -0.286313
0.290385 -0.806404 -0.515160
0.104625 -0.952407 -0.286313
0.071243 -0.915572 -0.395794
0.290385 -0.806404 -0.515160
0.104625 -0.952407 -0.286313
-0.090970 -0.952612 -0.290265
0.071243 -0.915572 -0.395794
0.104625 -0.952407 -0.286313
0.065513 -0.982406 -0.174892
-0.090970 -0.952612 -0.290265
0.369943 -0.891715 -0.260743
0.065513 -0.982406 -0.174892
0.104625 -0.952407 -0.286313
0.276581 -0.960978 -0.004959
0.065513 -0.982406 -0.174892
0.369943 -0.891715 -0.260743
0.638792 -0.740648 -0.208289
0.276581 -0.960978 -0.004959
0.369943 -0.891715 -0.260743
0.494038 -0.848258 0.190748
0.276581 -0.960978 -0.004959
0.638792 -0.740648 -0.208289
0.845408 -0.517067 -0.133892
0.494038 -0.848258 0.190748
0.638792 -0.740648 -0.208289
0.663900 -0.651788 0.366619
0.494038 -0.848258 0.190748
0.845408 -0.517067 -0.133892
0.969226 -0.241472 -0.047875
0.663900 -0.651788 0.366619
0.845408 -0.517067 -0.133892
0.767430 -0.391965 0.507360
0.663900 -0.651788 0.366619
0.969226 -0.241472 -0.047875
0.997566 0.055696 0.041963
0.767430 -0.391965 0.507360
0.969226 -0.241472 -0.047875
0.795108 -0.092891 0.599311
0.767430 -0.391965 0.507360
0.997566 0.055696 0.041963
0.928032 0.349049 0.130083
0.795108 -0.092891 0.599311
0.997566 0.055696 0.041963
0.746010 0.214018 0.630608
0.795108 -0.092891 0.599311
0.928032 0.349049 0.130083
0.767749 0.607257 0.204453
0.746010 0.214018 0.630608
0.928032 0.349049 0.130083
0.622299 0.501386 0.601129
0.746010 0.214018 0.630608
0.767749 0.607257 0.204453
0.532745 0.806270 0.257121
0.622299 0.501386 0.601129
0.767749 0.607257 0.204453
0.438735 0.737838 0.512939
0.622299 0.501386 0.601129
0.532745 0.806270 0.257121
0.282476 0.916092 0.284574
0.438735 0.737838 0.512939
0.532745 0.806270 0.257121
0.243291 0.886378 0.393882
0.438735 0.737838 0.512939
0.282476 0.916092 0.284574
0.210193 0.710306 0.671777
0.438735 0.737838 0.512939
0.243291 0.886378 0.393882
0.264953 0.460281 0.847314
0.438735 0.737838 0.512939
0.210193 0.710306 0.671777
0.264953 0.460281 0.847314
0.622299 0.501386 0.601129
0.438735 0.737838 0.512939
0.294605 0.161370 0.941896
0.622299 0.501386 0.601129
0.264953 0.460281 0.847314
0.294605 0.161370 0.941896
0.746010 0.214018 0.630608
0.622299 0.501386 0.601129
0.294464 -0.151477 0.943581
0.746010 0.214018 0.630608
0.294605 0.161370 0.941896
0.294464 -0.151477 0.943581
0.795108 -0.092891 0.599311
0.746010 0.214018 0.630608
0.266519 -0.450079 0.852289
0.795108 -0.092891 0.599311
0.294464 -0.151477 0.943581
0.266519 -0.450079 0.852289
0.767430 -0.391965 0.507360
0.795108 -0.092891 0.599311
0.212109 -0.704614 0.677147
0.767430 -0.391965 0.507360
0.266519 -0.450079 0.852289
0.212109 -0.704614 0.677147
0.663900 -0.651788 0.366619
0.767430 -0.391965 0.507360
0.135903 -0.889047 0.437180
0.663900 -0.651788 0.366619
0.212109 -0.704614 0.677147
0.135903 -0.889047 0.437180
0.494038 -0.848258 0.190748
0.663900 -0.651788 0.366619
0.047870 -0.986955 0.153717
0.494038 -0.848258 0.190748
0.135903 -0.889047 0.437180
0.047870 -0.986955 0.153717
0.276581 -0.960978 -0.004959
0.494038 -0.848258 0.190748
-0.034140 -0.993507 -0.108525
0.276581 -0.960978 -0.004959
0.047870 -0.986955 0.153717
-0.034140 -0.993507 -0.108525
0.065513 -0.982406 -0.174892
0.276581 -0.960978 -0.004959
0.065513 -0.982406 -0.174892
-0.034140 -0.993507 -0.108525
-0.090970 -0.952612 -0.290265
-0.370043 0.891728 0.260556
-0.071331 0.915665 0.395561
-0.104625 0.952407 0.286313
-0.071331 0.915665 0.395561
0.090897 0.952656 0.290146
-0.104625 0.952407 0.286313
-0.071331 0.915665 0.395561
0.024510 0.886359 0.462349
0.090897 0.952656 0.290146
0.024510 0.886359 0.462349
0.143622 0.874894 0.462529
0.090897 0.952656 0.290146
0.024510 0.886359 0.462349
-0.069328 0.737719 0.671538
0.143622 0.874894 0.462529
-0.069328 0.737719 0.671538
0.210193 0.710306 0.671777
0.143622 0.874894 0.462529
-0.069328 0.737719 0.671538
-0.169092 0.501269 0.848609
0.210193 0.710306 0.671777
-0.169092 0.501269 0.848609
0.264953 0.460281 0.847314
0.210193 0.710306 0.671777
-0.169092 0.501269 0.848609
-0.253073 0.214168 0.943444
0.264953 0.460281 0.847314
-0.253073 0.214168 0.943444
0.294605 0.161370 0.941896
0.264953 0.460281 0.847314
-0.253073 0.214168 0.943444
-0.313687 -0.092895 0.944971
0.294605 0.161370 0.941896
-0.313687 -0.092895 0.944971
0.294464 -0.151477 0.943581
0.294605 0.161370 0.941896
-0.313687 -0.092895 0.944971
-0.341609 -0.392154 0.854118
0.294464 -0.151477 0.943581
-0.341609 -0.392154 0.854118
0.266519 -0.450079 0.852289
0.294464 -0.151477 0.943581
-0.341609 -0.392154 0.854118
-0.335515 -0.652147 0.679804
0.266519 -0.450079 0.852289
-0.335515 -0.652147 0.679804
0.212109 -0.704614 0.677147
0.266519 -0.450079 0.852289
-0.335515 -0.652147 0.679804
-0.298330 -0.848446 0.437194
0.212109 -0.704614 0.677147
-0.298330 -0.848446 0.437194
0.135903 -0.889047 0.437180
0.212109 -0.704614 0.677147
-0.298330 -0.848446 0.437194
-0.231669 -0.960629 0.153365
0.135903 -0.889047 0.437180
-0.231669 -0.960629 0.153365
0.047870 -0.986955 0.153717
0.135903 -0.889047 0.437180
-0.231669 -0.960629 0.153365
-0.153526 -0.982377 -0.106610
0.047870 -0.986955 0.153717
-0.153526 -0.982377 -0.106610
-0.034140 -0.993507 -0.108525
0.047870 -0.986955 0.153717
-0.153526 -0.982377 -0.106610
-0.090970 -0.952612 -0.290265
-0.034140 -0.993507 -0.108525
-0.153526 -0.982377 -0.106610
-0.249284 -0.952506 -0.174899
-0.090970 -0.952612 -0.290265
-0.231669 -0.960629 0.153365
-0.249284 -0.952506 -0.174899
-0.153526 -0.982377 -0.106610
-0.452240 -0.891892 -0.002861
-0.249284 -0.952506 -0.174899
-0.231669 -0.960629 0.153365
-0.298330 -0.848446 0.437194
-0.452240 -0.891892 -0.002861
-0.231669 -0.960629 0.153365
-0.644128 -0.740261 0.192647
-0.452240 -0.891892 -0.002861
-0.298330 -0.848446 0.437194
-0.335515 -0.652147 0.679804
-0.644128 -0.740261 0.192647
-0.298330 -0.848446 0.437194
-0.771460 -0.517231 0.370568
-0.644128 -0.740261 0.192647
-0.335515 -0.652147 0.679804
-0.341609 -0.392154 0.854118
-0.771460 -0.517231 0.370568
-0.335515 -0.652147 0.679804
-0.824482 -0.241642 0.511701
-0.771460 -0.517231 0.370568
-0.341609 -0.392154 0.854118
-0.313687 -0.092895 0.944971
-0.824482 -0.241642 0.511701
-0.341609 -0.392154 0.854118
-0.795404 0.055697 0.603515
-0.824482 -0.241642 0.511701
-0.313687 -0.092895 0.944971
-0.253073 0.214168 0.943444
-0.795404 0.055697 0.603515
-0.313687 -0.092895 0.944971
-0.689528 0.349056 0.634595
-0.795404 0.055697 0.603515
-0.253073 0.214168 0.943444
-0.169092 0.501269 0.848609
-0.689528 0.349056 0.634595
-0.253073 0.214168 0.943444
-0.515309 0.606851 0.605135
-0.689528 0.349056 0.634595
-0.169092 0.501269 0.848609
-0.069328 0.737719 0.671538
-0.515309 0.606851 0.605135
-0.169092 0.501269 0.848609
-0.290298 0.806426 0.515174
-0.515309 0.606851 0.605135
-0.069328 0.737719 0.671538
0.024510 0.886359 0.462349
-0.290298 0.806426 0.515174
-0.069328 0.737719 0.671538
-0.071331 0.915665 0.395561
-0.290298 0.806426 0.515174
0.024510 0.886359 0.462349
-0.370043 0.891728 0.260556
-0.290298 0.806426 0.515174
-0.071331 0.915665 0.395561
-0.638857 0.740533 0.208501
-0.290298 0.806426 0.515174
-0.370043 0.891728 0.260556
-0.638857 0.740533 0.208501
-0.515309 0.606851 0.605135
-0.290298 0.806426 0.515174
-0.845381 0.517109 0.133903
-0.515309 0.606851 0.605135
-0.638857 0.740533 0.208501
-0.845381 0.517109 0.133903
-0.689528 0.349056 0.634595
-0.515309 0.606851 0.605135
-0.969167 0.241672 0.048067
-0.689528 0.349056 0.634595
-0.845381 0.517109 0.133903
-0.969167 0.241672 0.048067
-0.795404 0.055697 0.603515
-0.689528 0.349056 0.634595
-0.997566 -0.055696 -0.041963
-0.795404 0.055697 0.603515
-0.969167 0.241672 0.048067
-0.997566 -0.055696 -0.041963
-0.824482 -0.241642 0.511701
-0.795404 0.055697 0.603515
-0.927980 -0.349256 -0.129898
-0.824482 -0.241642 0.511701
-0.997566 -0.055696 -0.041963
-0.927980 -0.349256 -0.129898
-0.771460 -0.517231 0.370568
-0.824482 -0.241642 0.511701
-0.767907 -0.607116 -0.204279
-0.771460 -0.517231 0.370568
-0.927980 -0.349256 -0.129898
-0.767907 -0.607116 -0.204279
-0.644128 -0.740261 0.192647
-0.771460 -0.517231 0.370568
-0.532719 -0.806231 -0.257300
-0.644128 -0.740261 0.192647
-0.767907 -0.607116 -0.204279
-0.532719 -0.806231 -0.257300
-0.452240 -0.891892 -0.002861
-0.644128 -0.740261 0.192647
-0.282579 -0.916117 -0.284391
-0.452240 -0.891892 -0.002861
-0.532719 -0.806231 -0.257300
-0.282579 -0.916117 -0.284391
-0.249284 -0.952506 -0.174899
-0.452240 -0.891892 -0.002861
-0.249284 -0.952506 -0.174899
-0.282579 -0.916117 -0.284391
-0.090970 -0.952612 -0.290265
0.210191 0.710491 0.671581
0.243381 0.886358 0.393873
0.143822 0.874947 0.462366
0.243381 0.886358 0.393873
0.090987 0.952595 0.290318
0.143822 0.874947 0.462366
0.243381 0.886358 0.393873
0.282876 0.915963 0.284593
0.090987 0.952595 0.290318
0.282876 0.915963 0.284593
0.248926 0.952596 0.174916
0.090987 0.952595 0.290318
0.282876 0.915963 0.284593
0.532963 0.806121 0.257135
0.248926 0.952596 0.174916
0.532963 0.806121 0.257135
0.451859 0.892084 0.003052
0.248926 0.952596 0.174916
0.532963 0.806121 0.257135
0.767848 0.607260 0.204073
0.451859 0.892084 0.003052
0.767848 0.607260 0.204073
0.644128 0.740261 -0.192647
0.451859 0.892084 0.003052
0.767848 0.607260 0.204073
0.928029 0.349203 0.129688
0.644128 0.740261 -0.192647
0.928029 0.349203 0.129688
0.771307 0.517447 -0.370586
0.644128 0.740261 -0.192647
0.928029 0.349203 0.129688
0.997566 0.055696 0.041963
0.771307 0.517447 -0.370586
0.997566 0.055696 0.041963
0.824666 0.241831 -0.511316
0.771307 0.517447 -0.370586
0.997566 0.055696 0.041963
0.969232 -0.241450 -0.047870
0.824666 0.241831 -0.511316
0.969232 -0.241450 -0.047870
0.795295 -0.056071 -0.603623
0.824666 0.241831 -0.511316
0.969232 -0.241450 -0.047870
0.845339 -0.517179 -0.133896
0.795295 -0.056071 -0.603623
0.845339 -0.517179 -0.133896
0.689482 -0.349223 -0.634553
0.795295 -0.056071 -0.603623
0.845339 -0.517179 -0.133896
0.638767 -0.740619 -0.208472
0.689482 -0.349223 -0.634553
0.638767 -0.740619 -0.208472
0.514999 -0.607221 -0.605028
0.689482 -0.349223 -0.634553
0.638767 -0.740619 -0.208472
0.369860 -0.891746 -0.260752
0.514999 -0.607221 -0.605028
0.369860 -0.891746 -0.260752
0.290073 -0.806425 -0.515303
0.514999 -0.607221 -0.605028
0.369860 -0.891746 -0.260752
0.104527 -0.952477 -0.286115
0.290073 -0.806425 -0.515303
0.104527 -0.952477 -0.286115
0.071142 -0.915593 -0.395762
0.290073 -0.806425 -0.515303
0.104527 -0.952477 -0.286115
-0.090597 -0.952698 -0.290101
0.071142 -0.915593 -0.395762
0.104527 -0.952477 -0.286115
0.065422 -0.982376 -0.175094
-0.090597 -0.952698 -0.290101
0.369860 -0.891746 -0.260752
0.065422 -0.982376 -0.175094
0.104527 -0.952477 -0.286115
0.276758 -0.960927 -0.004959
0.065422 -0.982376 -0.175094
0.369860 -0.891746 -0.260752
0.638767 -0.740619 -0.208472
0.276758 -0.960927 -0.004959
0.369860 -0.891746 -0.260752
0.494038 -0.848258 0.190748
0.276758 -0.960927 -0.004959
0.638767 -0.740619 -0.208472
0.845339 -0.517179 -0.133896
0.494038 -0.848258 0.190748
0.638767 -0.740619 -0.208472
0.663764 -0.651939 0.366596
0.494038 -0.848258 0.190748
0.845339 -0.517179 -0.133896
0.969232 -0.241450 -0.047870
0.663764 -0.651939 0.366596
0.845339 -0.517179 -0.133896
0.767572 -0.391893 0.507201
0.663764 -0.651939 0.366596
0.969232 -0.241450 -0.047870
0.997566 0.055696 0.041963
0.767572 -0.391893 0.507201
0.969232 -0.241450 -0.047870
0.794891 -0.092877 0.599601
0.767572 -0.391893 0.507201
0.997566 0.055696 0.041963
0.928029 0.349203 0.129688
0.794891 -0.092877 0.599601
0.997566 0.055696 0.041963
0.745805 0.214204 0.630787
0.794891 -0.092877 0.599601
0.928029 0.349203 0.129688
0.767848 0.607260 0.204073
0.745805 0.214204 0.630787
0.928029 0.349203 0.129688
0.622182 0.501446 0.601201
0.745805 0.214204 0.630787
0.767848 0.607260 0.204073
0.532963 0.806121 0.257135
0.622182 0.501446 0.601201
0.767848 0.607260 0.204073
0.438692 0.737766 0.513079
0.622182 0.501446 0.601201
0.532963 0.806121 0.257135
0.282876 0.915963 0.284593
0.438692 0.737766 0.513079
0.532963 0.806121 0.257135
0.243381 0.886358 0.393873
0.438692 0.737766 0.513079
0.282876 0.915963 0.284593
0.210191 0.710491 0.671581
0.438692 0.737766 0.513079
0.243381 0.886358 0.393873
0.264929 0.460432 0.847240
0.438692 0.737766 0.513079
0.210191 0.710491 0.671581
0.264929 0.460432 0.847240
0.622182 0.501446 0.601201
0.438692 0.737766 0.513079
0.294465 0.161345 0.941944
0.622182 0.501446 0.601201
0.264929 0.460432 0.847240
0.294465 0.161345 0.941944
0.745805 0.214204 0.630787
0.622182 0.501446 0.601201
0.293905 -0.151816 0.943701
0.745805 0.214204 0.630787
0.294465 0.161345 0.941944
0.293905 -0.151816 0.943701
0.794891 -0.092877 0.599601
0.745805 0.214204 0.630787
0.266840 -0.450042 0.852208
0.794891 -0.092877 0.599601
0.293905 -0.151816 0.943701
0.266840 -0.450042 0.852208
0.767572 -0.391893 0.507201
0.794891 -0.092877 0.599601
0.212083 -0.704336 0.677445
0.767572 -0.391893 0.507201
0.266840 -0.450042 0.852208
0.212083 -0.704336 0.677445
0.663764 -0.651939 0.366596
0.767572 -0.391893 0.507201
0.135810 -0.889058 0.437185
0.663764 -0.651939 0.366596
0.212083 -0.704336 0.677445
0.135810 -0.889058 0.437185
0.494038 -0.848258 0.190748
0.663764 -0.651939 0.366596
0.048066 -0.986972 0.153544
0.494038 -0.848258 0.190748
0.135810 -0.889058 0.437185
0.048066 -0.986972 0.153544
0.276758 -0.960927 -0.004959
0.494038 -0.848258 0.190748
-0.034332 -0.993521 -0.108336
0.276758 -0.960927 -0.004959
0.048066 -0.986972 0.153544
-0.034332 -0.993521 -0.108336
0.065422 -0.982376 -0.175094
0.276758 -0.960927 -0.004959
0.065422 -0.982376 -0.175094
-0.034332 -0.993521 -0.108336
-0.090597 -0.952698 -0.290101
-0.369816 0.891830 0.260530
-0.071148 0.915578 0.395797
-0.104324 0.952453 0.286270
-0.071148 0.915578 0.395797
0.090987 0.952595 0.290318
-0.104324 0.952453 0.286270
-0.071148 0.915578 0.395797
0.024412 0.886283 0.462500
0.090987 0.952595 0.290318
0.024412 0.886283 0.462500
0.143822 0.874947 0.462366
0.090987 0.952595 0.290318
0.024412 0.886283 0.462500
-0.069241 0.738000 0.671239
0.143822 0.874947 0.462366
-0.069241 0.738000 0.671239
0.210191 0.710491 0.671581
0.143822 0.874947 0.462366
-0.069241 0.738000 0.671239
-0.168803 0.501069 0.848785
0.210191 0.710491 0.671581
-0.168803 0.501069 0.848785
0.264929 0.460432 0.847240
0.210191 0.710491 0.671581
-0.168803 0.501069 0.848785
-0.253083 0.213986 0.943483
0.264929 0.460432 0.847240
-0.253083 0.213986 0.943483
0.294465 0.161345 0.941944
0.264929 0.460432 0.847240
-0.253083 0.213986 0.943483
-0.313773 -0.092892 0.944943
0.294465 0.161345 0.941944
-0.313773 -0.092892 0.944943
0.293905 -0.151816 0.943701
0.294465 0.161345 0.941944
-0.313773 -0.092892 0.944943
-0.341247 -0.392367 0.854166
0.293905 -0.151816 0.943701
-0.341247 -0.392367 0.854166
0.266840 -0.450042 0.852208
0.293905 -0.151816 0.943701
-0.341247 -0.392367 0.854166
-0.335728 -0.652190 0.679658
0.266840 -0.450042 0.852208
-0.335728 -0.652190 0.679658
0.212083 -0.704336 0.677445
0.266840 -0.450042 0.852208
-0.335728 -0.652190 0.679658
-0.298280 -0.848305 0.437502
0.212083 -0.704336 0.677445
-0.298280 -0.848305 0.437502
0.135810 -0.889058 0.437185
0.212083 -0.704336 0.677445
-0.298280 -0.848305 0.437502
-0.231557 -0.960658 0.153354
0.135810 -0.889058 0.437185
-0.231557 -0.960658 0.153354
0.048066 -0.986972 0.153544
0.135810 -0.889058 0.437185
-0.231557 -0.960658 0.153354
-0.153354 -0.982402 -0.106623
0.048066 -0.986972 0.153544
-0.153354 -0.982402 -0.106623
-0.034332 -0.993521 -0.108336
0.048066 -0.986972 0.153544
-0.153354 -0.982402 -0.106623
-0.090597 -0.952698 -0.290101
-0.034332 -0.993521 -0.108336
-0.153354 -0.982402 -0.106623
-0.248904 -0.952605 -0.174900
-0.090597 -0.952698 -0.290101
-0.231557 -0.960658 0.153354
-0.248904 -0.952605 -0.174900
-0.153354 -0.982402 -0.106623
-0.452240 -0.891891 -0.003052
-0.248904 -0.952605 -0.174900
-0.231557 -0.960658 0.153354
-0.298280 -0.848305 0.437502
-0.452240 -0.891891 -0.003052
-0.231557 -0.960658 0.153354
-0.644354 -0.740111 0.192467
-0.452240 -0.891891 -0.003052
-0.298280 -0.848305 0.437502
-0.335728 -0.652190 0.679658
-0.644354 -0.740111 0.192467
-0.298280 -0.848305 0.437502
-0.771515 -0.517268 0.370403
-0.644354 -0.740111 0.192467
-0.335728 -0.652190 0.679658
-0.341247 -0.392367 0.854166
-0.771515 -0.517268 0.370403
-0.335728 -0.652190 0.679658
-0.824563 -0.241666 0.511561
-0.771515 -0.517268 0.370403
-0.341247 -0.392367 0.854166
-0.313773 -0.092892 0.944943
-0.824563 -0.241666 0.511561
-0.341247 -0.392367 0.854166
-0.795312 0.055691 0.603636
-0.824563 -0.241666 0.511561
-0.313773 -0.092892 0.944943
-0.253083 0.213986 0.943483
-0.795312 0.055691 0.603636
-0.313773 -0.092892 0.944943
-0.689566 0.349266 0.634439
-0.795312 0.055691 0.603636
-0.253083 0.213986 0.943483
-0.168803 0.501069 0.848785
-0.689566 0.349266 0.634439
-0.253083 0.213986 0.943483
-0.514969 0.607282 0.604993
-0.689566 0.349266 0.634439
-0.168803 0.501069 0.848785
-0.069241 0.738000 0.671239
-0.514969 0.607282 0.604993
-0.168803 0.501069 0.848785
-0.290444 0.806302 0.515286
-0.514969 0.607282 0.604993
-0.069241 0.738000 0.671239
0.024412 0.886283 0.462500
-0.290444 0.806302 0.515286
-0.069241 0.738000 0.671239
-0.071148 0.915578 0.395797
-0.290444 0.806302 0.515286
0.024412 0.886283 0.462500
-0.369816 0.891830 0.260530
-0.290444 0.806302 0.515286
-0.071148 0.915578 0.395797
-0.638589 0.740825 0.208285
-0.290444 0.806302 0.515286
-0.369816 0.891830 0.260530
-0.638589 0.740825 0.208285
-0.514969 0.607282 0.604993
-0.290444 0.806302 0.515286
-0.845435 0.517026 0.133881
-0.514969 0.607282 0.604993
-0.638589 0.740825 0.208285
-0.845435 0.517026 0.133881
-0.689566 0.349266 0.634439
-0.514969 0.607282 0.604993
-0.969122 0.241851 0.048065
-0.689566 0.349266 0.634439
-0.845435 0.517026 0.133881
-0.969122 0.241851 0.048065
-0.795312 0.055691 0.603636
-0.689566 0.349266 0.634439
-0.997555 -0.055886 -0.041962
-0.795312 0.055691 0.603636
-0.969122 0.241851 0.048065
-0.997555 -0.055886 -0.041962
-0.824563 -0.241666 0.511561
-0.795312 0.055691 0.603636
-0.928011 -0.349172 -0.129902
-0.824563 -0.241666 0.511561
-0.997555 -0.055886 -0.041962
-0.928011 -0.349172 -0.129902
-0.771515 -0.517268 0.370403
-0.824563 -0.241666 0.511561
-0.767665 -0.607361 -0.204456
-0.771515 -0.517268 0.370403
-0.928011 -0.349172 -0.129902
-0.767665 -0.607361 -0.204456
-0.644354 -0.740111 0.192467
-0.771515 -0.517268 0.370403
-0.532881 -0.806188 -0.257095
-0.644354 -0.740111 0.192467
-0.767665 -0.607361 -0.204456
-0.532881 -0.806188 -0.257095
-0.452240 -0.891891 -0.003052
-0.644354 -0.740111 0.192467
-0.282867 -0.916028 -0.284393
-0.452240 -0.891891 -0.003052
-0.532881 -0.806188 -0.257095
-0.282867 -0.916028 -0.284393
-0.248904 -0.952605 -0.174900
-0.452240 -0.891891 -0.003052
-0.248904 -0.952605 -0.174900
-0.282867 -0.916028 -0.284393
-0.090597 -0.952698 -0.290101
</float_array>
          <technique_common>
            <accessor source="#SM_Urchin_Group_02_LOD0-Normal0-array" count="7479" stride="3">
              <param name="X" type="float"/>
              <param name="Y" type="float"/>
              <param name="Z" type="float"/>
            </accessor>
          </technique_common>
        </source>
        <source id="SM_Urchin_Group_02_LOD0-UV0">
          <float_array id="SM_Urchin_Group_02_LOD0-UV0-array" count="6634">
0.080566 0.004883
0.002167 0.226563
0.177856 0.344727
0.324707 0.270508
0.258301 0.011719
0.177856 0.344727
0.324707 0.270508
0.258301 0.011719
0.177856 0.344727
0.080566 0.004883
0.002167 0.226563
0.177856 0.344727
0.324707 0.270508
0.258301 0.011719
0.080566 0.004883
0.080566 0.004883
0.002167 0.226563
0.177856 0.344727
0.080566 0.004883
0.002167 0.226563
0.177856 0.344727
0.324707 0.270508
0.258301 0.011719
0.177856 0.344727
0.080566 0.004883
0.177856 0.344727
0.002167 0.226563
0.080566 0.004883
0.177856 0.344727
0.002167 0.226563
0.324707 0.270508
0.177856 0.344727
0.258301 0.011719
0.324707 0.270508
0.258301 0.011719
0.177856 0.344727
0.258301 0.011719
0.080566 0.004883
0.002167 0.226563
0.080566 0.004883
0.002167 0.226563
0.177856 0.344727
0.324707 0.270508
0.258301 0.011719
0.177856 0.344727
0.324707 0.270508
0.258301 0.011719
0.177856 0.344727
0.080566 0.004883
0.002167 0.226563
0.177856 0.344727
0.324707 0.270508
0.258301 0.011719
0.177856 0.344727
0.324707 0.270508
0.258301 0.011719
0.177856 0.344727
0.080566 0.004883
0.002167 0.226563
0.177856 0.344727
0.324707 0.270508
0.177856 0.344727
0.258301 0.011719
0.324707 0.270508
0.177856 0.344727
0.258301 0.011719
0.324707 0.270508
0.258301 0.011719
0.177856 0.344727
0.324707 0.270508
0.258301 0.011719
0.177856 0.344727
0.324707 0.270508
0.177856 0.344727
0.258301 0.011719
0.324707 0.270508
0.177856 0.344727
0.258301 0.011719
0.324707 0.270508
0.258301 0.011719
0.177856 0.344727
0.324707 0.270508
0.258301 0.011719
0.177856 0.344727
0.324707 0.270508
0.258301 0.011719
0.177856 0.344727
0.324707 0.270508
0.258301 0.011719
0.177856 0.344727
0.324707 0.270508
0.258301 0.011719
0.177856 0.344727
0.324707 0.270508
0.258301 0.011719
0.177856 0.344727
0.080566 0.004883
0.002167 0.226563
0.177856 0.344727
0.578125 0.001953
0.663086 0.471680
0.998047 0.001953
0.887695 0.471680
0.578125 0.001953
0.663086 0.471680
0.998047 0.001953
0.887695 0.471680
0.578125 0.001953
0.663086 0.471680
0.998047 0.001953
0.887695 0.471680
0.578125 0.001953
0.663086 0.471680
0.998047 0.001953
0.887695 0.471680
0.578125 0.001953
0.663086 0.471680
0.998047 0.001953
0.887695 0.471680
0.578125 0.001953
0.663086 0.471680
0.998047 0.001953
0.887695 0.471680
0.578125 0.001953
0.663086 0.471680
0.998047 0.001953
0.887695 0.471680
0.578125 0.001953
0.663086 0.471680
0.998047 0.001953
0.887695 0.471680
0.578125 0.001953
0.663086 0.471680
0.998047 0.001953
0.887695 0.471680
0.578125 0.001953
0.663086 0.471680
0.998047 0.001953
0.887695 0.471680
0.578125 0.001953
0.663086 0.471680
0.998047 0.001953
0.887695 0.471680
0.578125 0.001953
0.663086 0.471680
0.998047 0.001953
0.887695 0.471680
0.578125 0.001953
0.663086 0.471680
0.998047 0.001953
0.887695 0.471680
0.998047 0.001953
0.578125 0.001953
0.887695 0.471680
0.663086 0.471680
0.578125 0.001953
0.663086 0.471680
0.998047 0.001953
0.887695 0.471680
0.578125 0.001953
0.663086 0.471680
0.998047 0.001953
0.887695 0.471680
0.578125 0.001953
0.663086 0.471680
0.998047 0.001953
0.887695 0.471680
0.578125 0.001953
0.663086 0.471680
0.998047 0.001953
0.887695 0.471680
0.578125 0.001953
0.663086 0.471680
0.998047 0.001953
0.887695 0.471680
0.578125 0.001953
0.663086 0.471680
0.998047 0.001953
0.887695 0.471680
0.578125 0.001953
0.663086 0.471680
0.998047 0.001953
0.887695 0.471680
0.998047 0.001953
0.578125 0.001953
0.887695 0.471680
0.663086 0.471680
0.578125 0.001953
0.663086 0.471680
0.998047 0.001953
0.887695 0.471680
0.578125 0.001953
0.663086 0.471680
0.998047 0.001953
0.887695 0.471680
0.998047 0.001953
0.578125 0.001953
0.887695 0.471680
0.663086 0.471680
0.578125 0.001953
0.663086 0.471680
0.998047 0.001953
0.887695 0.471680
0.578125 0.001953
0.663086 0.471680
0.998047 0.001953
0.887695 0.471680
0.578125 0.001953
0.663086 0.471680
0.998047 0.001953
0.887695 0.471680
0.578125 0.001953
0.663086 0.471680
0.998047 0.001953
0.887695 0.471680
0.578125 0.001953
0.663086 0.471680
0.998047 0.001953
0.887695 0.471680
0.998047 0.001953
0.578125 0.001953
0.887695 0.471680
0.663086 0.471680
0.578125 0.001953
0.663086 0.471680
0.998047 0.001953
0.887695 0.471680
0.578125 0.001953
0.663086 0.471680
0.998047 0.001953
0.887695 0.471680
0.578125 0.001953
0.663086 0.471680
0.998047 0.001953
0.887695 0.471680
0.578125 0.001953
0.663086 0.471680
0.998047 0.001953
0.887695 0.471680
0.578125 0.001953
0.663086 0.471680
0.998047 0.001953
0.887695 0.471680
0.578125 0.001953
0.663086 0.471680
0.998047 0.001953
0.887695 0.471680
0.578125 0.001953
0.663086 0.471680
0.998047 0.001953
0.887695 0.471680
0.578125 0.001953
0.663086 0.471680
0.998047 0.001953
0.887695 0.471680
0.578125 0.001953
0.663086 0.471680
0.998047 0.001953
0.887695 0.471680
0.578125 0.001953
0.663086 0.471680
0.998047 0.001953
0.887695 0.471680
0.578125 0.001953
0.663086 0.471680
0.998047 0.001953
0.887695 0.471680
0.578125 0.001953
0.663086 0.471680
0.998047 0.001953
0.887695 0.471680
0.578125 0.001953
0.663086 0.471680
0.998047 0.001953
0.887695 0.471680
0.578125 0.001953
0.663086 0.471680
0.998047 0.001953
0.887695 0.471680
0.578125 0.001953
0.663086 0.471680
0.998047 0.001953
0.887695 0.471680
0.578125 0.001953
0.663086 0.471680
0.998047 0.001953
0.887695 0.471680
0.578125 0.001953
0.663086 0.471680
0.998047 0.001953
0.887695 0.471680
0.578125 0.001953
0.663086 0.471680
0.998047 0.001953
0.887695 0.471680
0.578125 0.001953
0.663086 0.471680
0.998047 0.001953
0.887695 0.471680
0.578125 0.001953
0.663086 0.471680
0.998047 0.001953
0.887695 0.471680
0.578125 0.001953
0.663086 0.471680
0.998047 0.001953
0.887695 0.471680
0.578125 0.001953
0.663086 0.471680
0.998047 0.001953
0.887695 0.471680
0.578125 0.001953
0.663086 0.471680
0.998047 0.001953
0.887695 0.471680
0.578125 0.001953
0.663086 0.471680
0.998047 0.001953
0.887695 0.471680
0.578125 0.001953
0.663086 0.471680
0.998047 0.001953
0.887695 0.471680
0.578125 0.001953
0.663086 0.471680
0.998047 0.001953
0.887695 0.471680
0.578125 0.001953
0.663086 0.471680
0.998047 0.001953
0.887695 0.471680
0.998047 0.001953
0.578125 0.001953
0.887695 0.471680
0.663086 0.471680
0.578125 0.001953
0.663086 0.471680
0.998047 0.001953
0.887695 0.471680
0.578125 0.001953
0.663086 0.471680
0.998047 0.001953
0.887695 0.471680
0.578125 0.001953
0.663086 0.471680
0.998047 0.001953
0.887695 0.471680
0.578125 0.001953
0.663086 0.471680
0.998047 0.001953
0.887695 0.471680
0.578125 0.001953
0.663086 0.471680
0.998047 0.001953
0.887695 0.471680
0.578125 0.001953
0.663086 0.471680
0.998047 0.001953
0.887695 0.471680
0.998047 0.001953
0.578125 0.001953
0.887695 0.471680
0.663086 0.471680
0.578125 0.001953
0.663086 0.471680
0.998047 0.001953
0.887695 0.471680
0.578125 0.001953
0.663086 0.471680
0.998047 0.001953
0.887695 0.471680
0.578125 0.001953
0.663086 0.471680
0.998047 0.001953
0.887695 0.471680
0.578125 0.001953
0.663086 0.471680
0.998047 0.001953
0.887695 0.471680
0.578125 0.001953
0.663086 0.471680
0.998047 0.001953
0.887695 0.471680
0.578125 0.001953
0.663086 0.471680
0.998047 0.001953
0.887695 0.471680
0.578125 0.001953
0.663086 0.471680
0.998047 0.001953
0.887695 0.471680
0.578125 0.001953
0.663086 0.471680
0.998047 0.001953
0.887695 0.471680
0.578125 0.001953
0.663086 0.471680
0.998047 0.001953
0.887695 0.471680
0.578125 0.001953
0.663086 0.471680
0.998047 0.001953
0.887695 0.471680
0.998047 0.001953
0.578125 0.001953
0.887695 0.471680
0.663086 0.471680
0.578125 0.001953
0.663086 0.471680
0.998047 0.001953
0.887695 0.471680
0.578125 0.001953
0.663086 0.471680
0.998047 0.001953
0.887695 0.471680
0.578125 0.001953
0.663086 0.471680
0.998047 0.001953
0.887695 0.471680
0.578125 0.001953
0.663086 0.471680
0.998047 0.001953
0.887695 0.471680
0.578125 0.001953
0.663086 0.471680
0.998047 0.001953
0.887695 0.471680
0.998047 0.001953
0.578125 0.001953
0.887695 0.471680
0.663086 0.471680
0.578125 0.001953
0.663086 0.471680
0.998047 0.001953
0.887695 0.471680
0.578125 0.001953
0.663086 0.471680
0.998047 0.001953
0.887695 0.471680
0.578125 0.001953
0.663086 0.471680
0.998047 0.001953
0.887695 0.471680
0.578125 0.001953
0.663086 0.471680
0.998047 0.001953
0.887695 0.471680
0.578125 0.001953
0.663086 0.471680
0.998047 0.001953
0.887695 0.471680
0.998047 0.001953
0.578125 0.001953
0.887695 0.471680
0.663086 0.471680
0.578125 0.001953
0.663086 0.471680
0.998047 0.001953
0.887695 0.471680
0.578125 0.001953
0.663086 0.471680
0.998047 0.001953
0.887695 0.471680
0.578125 0.001953
0.663086 0.471680
0.998047 0.001953
0.887695 0.471680
0.998047 0.001953
0.578125 0.001953
0.887695 0.471680
0.663086 0.471680
0.998047 0.001953
0.578125 0.001953
0.887695 0.471680
0.663086 0.471680
0.998047 0.001953
0.578125 0.001953
0.887695 0.471680
0.663086 0.471680
0.578125 0.001953
0.663086 0.471680
0.998047 0.001953
0.887695 0.471680
0.578125 0.001953
0.663086 0.471680
0.998047 0.001953
0.887695 0.471680
0.998047 0.001953
0.578125 0.001953
0.887695 0.471680
0.663086 0.471680
0.578125 0.001953
0.663086 0.471680
0.998047 0.001953
0.887695 0.471680
0.578125 0.001953
0.663086 0.471680
0.998047 0.001953
0.887695 0.471680
0.578125 0.001953
0.663086 0.471680
0.998047 0.001953
0.887695 0.471680
0.578125 0.001953
0.663086 0.471680
0.998047 0.001953
0.887695 0.471680
0.578125 0.001953
0.663086 0.471680
0.998047 0.001953
0.887695 0.471680
0.578125 0.001953
0.663086 0.471680
0.998047 0.001953
0.887695 0.471680
0.578125 0.001953
0.663086 0.471680
0.998047 0.001953
0.887695 0.471680
0.578125 0.001953
0.663086 0.471680
0.998047 0.001953
0.887695 0.471680
0.578125 0.001953
0.663086 0.471680
0.998047 0.001953
0.887695 0.471680
0.578125 0.001953
0.663086 0.471680
0.998047 0.001953
0.887695 0.471680
0.578125 0.001953
0.663086 0.471680
0.998047 0.001953
0.887695 0.471680
0.578125 0.001953
0.663086 0.471680
0.998047 0.001953
0.887695 0.471680
0.578125 0.001953
0.663086 0.471680
0.998047 0.001953
0.887695 0.471680
0.578125 0.001953
0.663086 0.471680
0.998047 0.001953
0.887695 0.471680
0.998047 0.001953
0.578125 0.001953
0.887695 0.471680
0.663086 0.471680
0.578125 0.001953
0.663086 0.471680
0.998047 0.001953
0.887695 0.471680
0.578125 0.001953
0.663086 0.471680
0.998047 0.001953
0.887695 0.471680
0.578125 0.001953
0.663086 0.471680
0.998047 0.001953
0.887695 0.471680
0.578125 0.001953
0.663086 0.471680
0.998047 0.001953
0.887695 0.471680
0.578125 0.001953
0.663086 0.471680
0.998047 0.001953
0.887695 0.471680
0.578125 0.001953
0.663086 0.471680
0.998047 0.001953
0.887695 0.471680
0.578125 0.001953
0.663086 0.471680
0.998047 0.001953
0.887695 0.471680
0.998047 0.001953
0.578125 0.001953
0.887695 0.471680
0.663086 0.471680
0.578125 0.001953
0.663086 0.471680
0.998047 0.001953
0.887695 0.471680
0.578125 0.001953
0.663086 0.471680
0.998047 0.001953
0.887695 0.471680
0.998047 0.001953
0.578125 0.001953
0.887695 0.471680
0.663086 0.471680
0.578125 0.001953
0.663086 0.471680
0.998047 0.001953
0.887695 0.471680
0.578125 0.001953
0.663086 0.471680
0.998047 0.001953
0.887695 0.471680
0.578125 0.001953
0.663086 0.471680
0.998047 0.001953
0.887695 0.471680
0.578125 0.001953
0.663086 0.471680
0.998047 0.001953
0.887695 0.471680
0.578125 0.001953
0.663086 0.471680
0.998047 0.001953
0.887695 0.471680
0.998047 0.001953
0.578125 0.001953
0.887695 0.471680
0.663086 0.471680
0.578125 0.001953
0.663086 0.471680
0.998047 0.001953
0.887695 0.471680
0.578125 0.001953
0.663086 0.471680
0.998047 0.001953
0.887695 0.471680
0.578125 0.001953
0.663086 0.471680
0.998047 0.001953
0.887695 0.471680
0.578125 0.001953
0.663086 0.471680
0.998047 0.001953
0.887695 0.471680
0.578125 0.001953
0.663086 0.471680
0.998047 0.001953
0.887695 0.471680
0.578125 0.001953
0.663086 0.471680
0.998047 0.001953
0.887695 0.471680
0.578125 0.001953
0.663086 0.471680
0.998047 0.001953
0.887695 0.471680
0.578125 0.001953
0.663086 0.471680
0.998047 0.001953
0.887695 0.471680
0.578125 0.001953
0.663086 0.471680
0.998047 0.001953
0.887695 0.471680
0.578125 0.001953
0.663086 0.471680
0.998047 0.001953
0.887695 0.471680
0.578125 0.001953
0.663086 0.471680
0.998047 0.001953
0.887695 0.471680
0.578125 0.001953
0.663086 0.471680
0.998047 0.001953
0.887695 0.471680
0.578125 0.001953
0.663086 0.471680
0.998047 0.001953
0.887695 0.471680
0.578125 0.001953
0.663086 0.471680
0.998047 0.001953
0.887695 0.471680
0.578125 0.001953
0.663086 0.471680
0.998047 0.001953
0.887695 0.471680
0.578125 0.001953
0.663086 0.471680
0.998047 0.001953
0.887695 0.471680
0.578125 0.001953
0.663086 0.471680
0.998047 0.001953
0.887695 0.471680
0.578125 0.001953
0.663086 0.471680
0.998047 0.001953
0.887695 0.471680
0.578125 0.001953
0.663086 0.471680
0.998047 0.001953
0.887695 0.471680
0.578125 0.001953
0.663086 0.471680
0.998047 0.001953
0.887695 0.471680
0.578125 0.001953
0.663086 0.471680
0.998047 0.001953
0.887695 0.471680
0.578125 0.001953
0.663086 0.471680
0.998047 0.001953
0.887695 0.471680
0.578125 0.001953
0.663086 0.471680
0.998047 0.001953
0.887695 0.471680
0.578125 0.001953
0.663086 0.471680
0.998047 0.001953
0.887695 0.471680
0.578125 0.001953
0.663086 0.471680
0.998047 0.001953
0.887695 0.471680
0.578125 0.001953
0.663086 0.471680
0.998047 0.001953
0.887695 0.471680
0.578125 0.001953
0.663086 0.471680
0.998047 0.001953
0.887695 0.471680
0.998047 0.001953
0.578125 0.001953
0.887695 0.471680
0.663086 0.471680
0.578125 0.001953
0.663086 0.471680
0.998047 0.001953
0.887695 0.471680
0.578125 0.001953
0.663086 0.471680
0.998047 0.001953
0.887695 0.471680
0.578125 0.001953
0.663086 0.471680
0.998047 0.001953
0.887695 0.471680
0.578125 0.001953
0.663086 0.471680
0.998047 0.001953
0.887695 0.471680
0.578125 0.001953
0.663086 0.471680
0.998047 0.001953
0.887695 0.471680
0.578125 0.001953
0.663086 0.471680
0.998047 0.001953
0.887695 0.471680
0.998047 0.001953
0.578125 0.001953
0.887695 0.471680
0.663086 0.471680
0.578125 0.001953
0.663086 0.471680
0.998047 0.001953
0.887695 0.471680
0.578125 0.001953
0.663086 0.471680
0.998047 0.001953
0.887695 0.471680
0.578125 0.001953
0.663086 0.471680
0.998047 0.001953
0.887695 0.471680
0.578125 0.001953
0.663086 0.471680
0.998047 0.001953
0.887695 0.471680
0.578125 0.001953
0.663086 0.471680
0.998047 0.001953
0.887695 0.471680
0.578125 0.001953
0.663086 0.471680
0.998047 0.001953
0.887695 0.471680
0.578125 0.001953
0.663086 0.471680
0.998047 0.001953
0.887695 0.471680
0.578125 0.001953
0.663086 0.471680
0.998047 0.001953
0.887695 0.471680
0.578125 0.001953
0.663086 0.471680
0.998047 0.001953
0.887695 0.471680
0.578125 0.001953
0.663086 0.471680
0.998047 0.001953
0.887695 0.471680
0.998047 0.001953
0.578125 0.001953
0.887695 0.471680
0.663086 0.471680
0.578125 0.001953
0.663086 0.471680
0.998047 0.001953
0.887695 0.471680
0.578125 0.001953
0.663086 0.471680
0.998047 0.001953
0.887695 0.471680
0.578125 0.001953
0.663086 0.471680
0.998047 0.001953
0.887695 0.471680
0.578125 0.001953
0.663086 0.471680
0.998047 0.001953
0.887695 0.471680
0.578125 0.001953
0.663086 0.471680
0.998047 0.001953
0.887695 0.471680
0.998047 0.001953
0.578125 0.001953
0.887695 0.471680
0.663086 0.471680
0.578125 0.001953
0.663086 0.471680
0.998047 0.001953
0.887695 0.471680
0.578125 0.001953
0.663086 0.471680
0.998047 0.001953
0.887695 0.471680
0.578125 0.001953
0.663086 0.471680
0.998047 0.001953
0.887695 0.471680
0.578125 0.001953
0.663086 0.471680
0.998047 0.001953
0.887695 0.471680
0.578125 0.001953
0.663086 0.471680
0.998047 0.001953
0.887695 0.471680
0.998047 0.001953
0.578125 0.001953
0.887695 0.471680
0.663086 0.471680
0.578125 0.001953
0.663086 0.471680
0.998047 0.001953
0.887695 0.471680
0.578125 0.001953
0.663086 0.471680
0.998047 0.001953
0.887695 0.471680
0.578125 0.001953
0.663086 0.471680
0.998047 0.001953
0.887695 0.471680
0.998047 0.001953
0.578125 0.001953
0.887695 0.471680
0.663086 0.471680
0.998047 0.001953
0.578125 0.001953
0.887695 0.471680
0.663086 0.471680
0.998047 0.001953
0.578125 0.001953
0.887695 0.471680
0.663086 0.471680
0.578125 0.001953
0.663086 0.471680
0.998047 0.001953
0.887695 0.471680
0.578125 0.001953
0.663086 0.471680
0.998047 0.001953
0.887695 0.471680
0.998047 0.001953
0.578125 0.001953
0.887695 0.471680
0.663086 0.471680
0.578125 0.001953
0.663086 0.471680
0.998047 0.001953
0.887695 0.471680
0.578125 0.001953
0.663086 0.471680
0.998047 0.001953
0.887695 0.471680
0.578125 0.001953
0.663086 0.471680
0.998047 0.001953
0.887695 0.471680
0.578125 0.001953
0.663086 0.471680
0.998047 0.001953
0.887695 0.471680
0.578125 0.001953
0.663086 0.471680
0.998047 0.001953
0.887695 0.471680
0.578125 0.001953
0.663086 0.471680
0.998047 0.001953
0.887695 0.471680
0.578125 0.001953
0.663086 0.471680
0.998047 0.001953
0.887695 0.471680
0.578125 0.001953
0.663086 0.471680
0.998047 0.001953
0.887695 0.471680
0.578125 0.001953
0.663086 0.471680
0.998047 0.001953
0.887695 0.471680
0.578125 0.001953
0.663086 0.471680
0.998047 0.001953
0.887695 0.471680
0.578125 0.001953
0.663086 0.471680
0.998047 0.001953
0.887695 0.471680
0.578125 0.001953
0.663086 0.471680
0.998047 0.001953
0.887695 0.471680
0.578125 0.001953
0.663086 0.471680
0.998047 0.001953
0.887695 0.471680
0.578125 0.001953
0.663086 0.471680
0.998047 0.001953
0.887695 0.471680
0.998047 0.001953
0.578125 0.001953
0.887695 0.471680
0.663086 0.471680
0.578125 0.001953
0.663086 0.471680
0.998047 0.001953
0.887695 0.471680
0.578125 0.001953
0.663086 0.471680
0.998047 0.001953
0.887695 0.471680
0.578125 0.001953
0.663086 0.471680
0.998047 0.001953
0.887695 0.471680
0.578125 0.001953
0.663086 0.471680
0.998047 0.001953
0.887695 0.471680
0.578125 0.001953
0.663086 0.471680
0.998047 0.001953
0.887695 0.471680
0.578125 0.001953
0.663086 0.471680
0.998047 0.001953
0.887695 0.471680
0.578125 0.001953
0.663086 0.471680
0.998047 0.001953
0.887695 0.471680
0.998047 0.001953
0.578125 0.001953
0.887695 0.471680
0.663086 0.471680
0.578125 0.001953
0.663086 0.471680
0.998047 0.001953
0.887695 0.471680
0.578125 0.001953
0.663086 0.471680
0.998047 0.001953
0.887695 0.471680
0.998047 0.001953
0.578125 0.001953
0.887695 0.471680
0.663086 0.471680
0.578125 0.001953
0.663086 0.471680
0.998047 0.001953
0.887695 0.471680
0.578125 0.001953
0.663086 0.471680
0.998047 0.001953
0.887695 0.471680
0.578125 0.001953
0.663086 0.471680
0.998047 0.001953
0.887695 0.471680
0.578125 0.001953
0.663086 0.471680
0.998047 0.001953
0.887695 0.471680
0.578125 0.001953
0.663086 0.471680
0.998047 0.001953
0.887695 0.471680
0.998047 0.001953
0.578125 0.001953
0.887695 0.471680
0.663086 0.471680
0.578125 0.001953
0.663086 0.471680
0.998047 0.001953
0.887695 0.471680
0.578125 0.001953
0.663086 0.471680
0.998047 0.001953
0.887695 0.471680
0.578125 0.001953
0.663086 0.471680
0.998047 0.001953
0.887695 0.471680
0.578125 0.001953
0.663086 0.471680
0.998047 0.001953
0.887695 0.471680
0.578125 0.001953
0.663086 0.471680
0.998047 0.001953
0.887695 0.471680
0.578125 0.001953
0.663086 0.471680
0.998047 0.001953
0.887695 0.471680
0.578125 0.001953
0.663086 0.471680
0.998047 0.001953
0.887695 0.471680
0.578125 0.001953
0.663086 0.471680
0.998047 0.001953
0.887695 0.471680
0.578125 0.001953
0.663086 0.471680
0.998047 0.001953
0.887695 0.471680
0.578125 0.001953
0.663086 0.471680
0.998047 0.001953
0.887695 0.471680
0.578125 0.001953
0.663086 0.471680
0.998047 0.001953
0.887695 0.471680
0.578125 0.001953
0.663086 0.471680
0.998047 0.001953
0.887695 0.471680
0.578125 0.001953
0.663086 0.471680
0.998047 0.001953
0.887695 0.471680
0.578125 0.001953
0.663086 0.471680
0.998047 0.001953
0.887695 0.471680
0.578125 0.001953
0.663086 0.471680
0.998047 0.001953
0.887695 0.471680
0.578125 0.001953
0.663086 0.471680
0.998047 0.001953
0.887695 0.471680
0.578125 0.001953
0.663086 0.471680
0.998047 0.001953
0.887695 0.471680
0.578125 0.001953
0.663086 0.471680
0.998047 0.001953
0.887695 0.471680
0.578125 0.001953
0.663086 0.471680
0.998047 0.001953
0.887695 0.471680
0.578125 0.001953
0.663086 0.471680
0.998047 0.001953
0.887695 0.471680
0.578125 0.001953
0.663086 0.471680
0.998047 0.001953
0.887695 0.471680
0.578125 0.001953
0.663086 0.471680
0.998047 0.001953
0.887695 0.471680
0.578125 0.001953
0.663086 0.471680
0.998047 0.001953
0.887695 0.471680
0.578125 0.001953
0.663086 0.471680
0.998047 0.001953
0.887695 0.471680
0.578125 0.001953
0.663086 0.471680
0.998047 0.001953
0.887695 0.471680
0.578125 0.001953
0.663086 0.471680
0.998047 0.001953
0.887695 0.471680
0.578125 0.001953
0.663086 0.471680
0.998047 0.001953
0.887695 0.471680
0.998047 0.001953
0.578125 0.001953
0.887695 0.471680
0.663086 0.471680
0.578125 0.001953
0.663086 0.471680
0.998047 0.001953
0.887695 0.471680
0.578125 0.001953
0.663086 0.471680
0.998047 0.001953
0.887695 0.471680
0.578125 0.001953
0.663086 0.471680
0.998047 0.001953
0.887695 0.471680
0.578125 0.001953
0.663086 0.471680
0.998047 0.001953
0.887695 0.471680
0.578125 0.001953
0.663086 0.471680
0.998047 0.001953
0.887695 0.471680
0.578125 0.001953
0.663086 0.471680
0.998047 0.001953
0.887695 0.471680
0.998047 0.001953
0.578125 0.001953
0.887695 0.471680
0.663086 0.471680
0.578125 0.001953
0.663086 0.471680
0.998047 0.001953
0.887695 0.471680
0.578125 0.001953
0.663086 0.471680
0.998047 0.001953
0.887695 0.471680
0.578125 0.001953
0.663086 0.471680
0.998047 0.001953
0.887695 0.471680
0.578125 0.001953
0.663086 0.471680
0.998047 0.001953
0.887695 0.471680
0.578125 0.001953
0.663086 0.471680
0.998047 0.001953
0.887695 0.471680
0.578125 0.001953
0.663086 0.471680
0.998047 0.001953
0.887695 0.471680
0.578125 0.001953
0.663086 0.471680
0.998047 0.001953
0.887695 0.471680
0.578125 0.001953
0.663086 0.471680
0.998047 0.001953
0.887695 0.471680
0.578125 0.001953
0.663086 0.471680
0.998047 0.001953
0.887695 0.471680
0.578125 0.001953
0.663086 0.471680
0.998047 0.001953
0.887695 0.471680
0.998047 0.001953
0.578125 0.001953
0.887695 0.471680
0.663086 0.471680
0.578125 0.001953
0.663086 0.471680
0.998047 0.001953
0.887695 0.471680
0.578125 0.001953
0.663086 0.471680
0.998047 0.001953
0.887695 0.471680
0.578125 0.001953
0.663086 0.471680
0.998047 0.001953
0.887695 0.471680
0.578125 0.001953
0.663086 0.471680
0.998047 0.001953
0.887695 0.471680
0.578125 0.001953
0.663086 0.471680
0.998047 0.001953
0.887695 0.471680
0.998047 0.001953
0.578125 0.001953
0.887695 0.471680
0.663086 0.471680
0.578125 0.001953
0.663086 0.471680
0.998047 0.001953
0.887695 0.471680
0.578125 0.001953
0.663086 0.471680
0.998047 0.001953
0.887695 0.471680
0.578125 0.001953
0.663086 0.471680
0.998047 0.001953
0.887695 0.471680
0.578125 0.001953
0.663086 0.471680
0.998047 0.001953
0.887695 0.471680
0.578125 0.001953
0.663086 0.471680
0.998047 0.001953
0.887695 0.471680
0.998047 0.001953
0.578125 0.001953
0.887695 0.471680
0.663086 0.471680
0.578125 0.001953
0.663086 0.471680
0.998047 0.001953
0.887695 0.471680
0.578125 0.001953
0.663086 0.471680
0.998047 0.001953
0.887695 0.471680
0.578125 0.001953
0.663086 0.471680
0.998047 0.001953
0.887695 0.471680
0.998047 0.001953
0.578125 0.001953
0.887695 0.471680
0.663086 0.471680
0.998047 0.001953
0.578125 0.001953
0.887695 0.471680
0.663086 0.471680
0.998047 0.001953
0.578125 0.001953
0.887695 0.471680
0.663086 0.471680
0.578125 0.001953
0.663086 0.471680
0.998047 0.001953
0.887695 0.471680
0.578125 0.001953
0.663086 0.471680
0.998047 0.001953
0.887695 0.471680
0.998047 0.001953
0.578125 0.001953
0.887695 0.471680
0.663086 0.471680
0.578125 0.001953
0.663086 0.471680
0.998047 0.001953
0.887695 0.471680
0.578125 0.001953
0.663086 0.471680
0.998047 0.001953
0.887695 0.471680
0.578125 0.001953
0.663086 0.471680
0.998047 0.001953
0.887695 0.471680
0.578125 0.001953
0.663086 0.471680
0.998047 0.001953
0.887695 0.471680
0.578125 0.001953
0.663086 0.471680
0.998047 0.001953
0.887695 0.471680
0.578125 0.001953
0.663086 0.471680
0.998047 0.001953
0.887695 0.471680
0.578125 0.001953
0.663086 0.471680
0.998047 0.001953
0.887695 0.471680
0.578125 0.001953
0.663086 0.471680
0.998047 0.001953
0.887695 0.471680
0.578125 0.001953
0.663086 0.471680
0.998047 0.001953
0.887695 0.471680
0.578125 0.001953
0.663086 0.471680
0.998047 0.001953
0.887695 0.471680
0.578125 0.001953
0.663086 0.471680
0.998047 0.001953
0.887695 0.471680
0.578125 0.001953
0.663086 0.471680
0.998047 0.001953
0.887695 0.471680
0.578125 0.001953
0.663086 0.471680
0.998047 0.001953
0.887695 0.471680
0.578125 0.001953
0.663086 0.471680
0.998047 0.001953
0.887695 0.471680
0.998047 0.001953
0.578125 0.001953
0.887695 0.471680
0.663086 0.471680
0.578125 0.001953
0.663086 0.471680
0.998047 0.001953
0.887695 0.471680
0.578125 0.001953
0.663086 0.471680
0.998047 0.001953
0.887695 0.471680
0.578125 0.001953
0.663086 0.471680
0.998047 0.001953
0.887695 0.471680
0.578125 0.001953
0.663086 0.471680
0.998047 0.001953
0.887695 0.471680
0.578125 0.001953
0.663086 0.471680
0.998047 0.001953
0.887695 0.471680
0.578125 0.001953
0.663086 0.471680
0.998047 0.001953
0.887695 0.471680
0.578125 0.001953
0.663086 0.471680
0.998047 0.001953
0.887695 0.471680
0.998047 0.001953
0.578125 0.001953
0.887695 0.471680
0.663086 0.471680
0.578125 0.001953
0.663086 0.471680
0.998047 0.001953
0.887695 0.471680
0.578125 0.001953
0.663086 0.471680
0.998047 0.001953
0.887695 0.471680
0.998047 0.001953
0.578125 0.001953
0.887695 0.471680
0.663086 0.471680
0.578125 0.001953
0.663086 0.471680
0.998047 0.001953
0.887695 0.471680
0.578125 0.001953
0.663086 0.471680
0.998047 0.001953
0.887695 0.471680
0.578125 0.001953
0.663086 0.471680
0.998047 0.001953
0.887695 0.471680
0.578125 0.001953
0.663086 0.471680
0.998047 0.001953
0.887695 0.471680
0.578125 0.001953
0.663086 0.471680
0.998047 0.001953
0.887695 0.471680
0.998047 0.001953
0.578125 0.001953
0.887695 0.471680
0.663086 0.471680
0.578125 0.001953
0.663086 0.471680
0.998047 0.001953
0.887695 0.471680
0.578125 0.001953
0.663086 0.471680
0.998047 0.001953
0.887695 0.471680
0.578125 0.001953
0.663086 0.471680
0.998047 0.001953
0.887695 0.471680
0.578125 0.001953
0.663086 0.471680
0.998047 0.001953
0.887695 0.471680
0.578125 0.001953
0.663086 0.471680
0.998047 0.001953
0.887695 0.471680
0.578125 0.001953
0.663086 0.471680
0.998047 0.001953
0.887695 0.471680
0.578125 0.001953
0.663086 0.471680
0.998047 0.001953
0.887695 0.471680
0.578125 0.001953
0.663086 0.471680
0.998047 0.001953
0.887695 0.471680
0.578125 0.001953
0.663086 0.471680
0.998047 0.001953
0.887695 0.471680
0.578125 0.001953
0.663086 0.471680
0.998047 0.001953
0.887695 0.471680
0.578125 0.001953
0.663086 0.471680
0.998047 0.001953
0.887695 0.471680
0.578125 0.001953
0.663086 0.471680
0.998047 0.001953
0.887695 0.471680
0.578125 0.001953
0.663086 0.471680
0.998047 0.001953
0.887695 0.471680
0.578125 0.001953
0.663086 0.471680
0.998047 0.001953
0.887695 0.471680
0.578125 0.001953
0.663086 0.471680
0.998047 0.001953
0.887695 0.471680
0.578125 0.001953
0.663086 0.471680
0.998047 0.001953
0.887695 0.471680
0.578125 0.001953
0.663086 0.471680
0.998047 0.001953
0.887695 0.471680
0.578125 0.001953
0.663086 0.471680
0.998047 0.001953
0.887695 0.471680
0.578125 0.001953
0.663086 0.471680
0.998047 0.001953
0.887695 0.471680
0.578125 0.001953
0.663086 0.471680
0.998047 0.001953
0.887695 0.471680
0.578125 0.001953
0.663086 0.471680
0.998047 0.001953
0.887695 0.471680
0.578125 0.001953
0.663086 0.471680
0.998047 0.001953
0.887695 0.471680
0.578125 0.001953
0.663086 0.471680
0.998047 0.001953
0.887695 0.471680
0.578125 0.001953
0.663086 0.471680
0.998047 0.001953
0.887695 0.471680
0.578125 0.001953
0.663086 0.471680
0.998047 0.001953
0.887695 0.471680
0.578125 0.001953
0.663086 0.471680
0.998047 0.001953
0.887695 0.471680
0.578125 0.001953
0.663086 0.471680
0.998047 0.001953
0.887695 0.471680
0.998047 0.001953
0.578125 0.001953
0.887695 0.471680
0.663086 0.471680
0.578125 0.001953
0.663086 0.471680
0.998047 0.001953
0.887695 0.471680
0.578125 0.001953
0.663086 0.471680
0.998047 0.001953
0.887695 0.471680
0.578125 0.001953
0.663086 0.471680
0.998047 0.001953
0.887695 0.471680
0.578125 0.001953
0.663086 0.471680
0.998047 0.001953
0.887695 0.471680
0.578125 0.001953
0.663086 0.471680
0.998047 0.001953
0.887695 0.471680
0.578125 0.001953
0.663086 0.471680
0.998047 0.001953
0.887695 0.471680
0.998047 0.001953
0.578125 0.001953
0.887695 0.471680
0.663086 0.471680
0.578125 0.001953
0.663086 0.471680
0.998047 0.001953
0.887695 0.471680
0.578125 0.001953
0.663086 0.471680
0.998047 0.001953
0.887695 0.471680
0.578125 0.001953
0.663086 0.471680
0.998047 0.001953
0.887695 0.471680
0.578125 0.001953
0.663086 0.471680
0.998047 0.001953
0.887695 0.471680
0.578125 0.001953
0.663086 0.471680
0.998047 0.001953
0.887695 0.471680
0.578125 0.001953
0.663086 0.471680
0.998047 0.001953
0.887695 0.471680
0.578125 0.001953
0.663086 0.471680
0.998047 0.001953
0.887695 0.471680
0.578125 0.001953
0.663086 0.471680
0.998047 0.001953
0.887695 0.471680
0.578125 0.001953
0.663086 0.471680
0.998047 0.001953
0.887695 0.471680
0.578125 0.001953
0.663086 0.471680
0.998047 0.001953
0.887695 0.471680
0.998047 0.001953
0.578125 0.001953
0.887695 0.471680
0.663086 0.471680
0.578125 0.001953
0.663086 0.471680
0.998047 0.001953
0.887695 0.471680
0.578125 0.001953
0.663086 0.471680
0.998047 0.001953
0.887695 0.471680
0.578125 0.001953
0.663086 0.471680
0.998047 0.001953
0.887695 0.471680
0.578125 0.001953
0.663086 0.471680
0.998047 0.001953
0.887695 0.471680
0.578125 0.001953
0.663086 0.471680
0.998047 0.001953
0.887695 0.471680
0.998047 0.001953
0.578125 0.001953
0.887695 0.471680
0.663086 0.471680
0.578125 0.001953
0.663086 0.471680
0.998047 0.001953
0.887695 0.471680
0.578125 0.001953
0.663086 0.471680
0.998047 0.001953
0.887695 0.471680
0.578125 0.001953
0.663086 0.471680
0.998047 0.001953
0.887695 0.471680
0.578125 0.001953
0.663086 0.471680
0.998047 0.001953
0.887695 0.471680
0.578125 0.001953
0.663086 0.471680
0.998047 0.001953
0.887695 0.471680
0.998047 0.001953
0.578125 0.001953
0.887695 0.471680
0.663086 0.471680
0.578125 0.001953
0.663086 0.471680
0.998047 0.001953
0.887695 0.471680
0.578125 0.001953
0.663086 0.471680
0.998047 0.001953
0.887695 0.471680
0.578125 0.001953
0.663086 0.471680
0.998047 0.001953
0.887695 0.471680
0.998047 0.001953
0.578125 0.001953
0.887695 0.471680
0.663086 0.471680
0.998047 0.001953
0.578125 0.001953
0.887695 0.471680
0.663086 0.471680
0.998047 0.001953
0.578125 0.001953
0.887695 0.471680
0.663086 0.471680
0.578125 0.001953
0.663086 0.471680
0.998047 0.001953
0.887695 0.471680
0.578125 0.001953
0.663086 0.471680
0.998047 0.001953
0.887695 0.471680
0.998047 0.001953
0.578125 0.001953
0.887695 0.471680
0.663086 0.471680
0.578125 0.001953
0.663086 0.471680
0.998047 0.001953
0.887695 0.471680
0.578125 0.001953
0.663086 0.471680
0.998047 0.001953
0.887695 0.471680
0.578125 0.001953
0.663086 0.471680
0.998047 0.001953
0.887695 0.471680
0.578125 0.001953
0.663086 0.471680
0.998047 0.001953
0.887695 0.471680
0.578125 0.001953
0.663086 0.471680
0.998047 0.001953
0.887695 0.471680
0.578125 0.001953
0.663086 0.471680
0.998047 0.001953
0.887695 0.471680
0.578125 0.001953
0.663086 0.471680
0.998047 0.001953
0.887695 0.471680
0.578125 0.001953
0.663086 0.471680
0.998047 0.001953
0.887695 0.471680
0.578125 0.001953
0.663086 0.471680
0.998047 0.001953
0.887695 0.471680
0.578125 0.001953
0.663086 0.471680
0.998047 0.001953
0.887695 0.471680
0.578125 0.001953
0.663086 0.471680
0.998047 0.001953
0.887695 0.471680
0.578125 0.001953
0.663086 0.471680
0.998047 0.001953
0.887695 0.471680
0.578125 0.001953
0.663086 0.471680
0.998047 0.001953
0.887695 0.471680
0.578125 0.001953
0.663086 0.471680
0.998047 0.001953
0.887695 0.471680
0.998047 0.001953
0.578125 0.001953
0.887695 0.471680
0.663086 0.471680
0.578125 0.001953
0.663086 0.471680
0.998047 0.001953
0.887695 0.471680
0.578125 0.001953
0.663086 0.471680
0.998047 0.001953
0.887695 0.471680
0.578125 0.001953
0.663086 0.471680
0.998047 0.001953
0.887695 0.471680
0.578125 0.001953
0.663086 0.471680
0.998047 0.001953
0.887695 0.471680
0.578125 0.001953
0.663086 0.471680
0.998047 0.001953
0.887695 0.471680
0.578125 0.001953
0.663086 0.471680
0.998047 0.001953
0.887695 0.471680
0.578125 0.001953
0.663086 0.471680
0.998047 0.001953
0.887695 0.471680
0.998047 0.001953
0.578125 0.001953
0.887695 0.471680
0.663086 0.471680
0.578125 0.001953
0.663086 0.471680
0.998047 0.001953
0.887695 0.471680
0.578125 0.001953
0.663086 0.471680
0.998047 0.001953
0.887695 0.471680
0.998047 0.001953
0.578125 0.001953
0.887695 0.471680
0.663086 0.471680
0.578125 0.001953
0.663086 0.471680
0.998047 0.001953
0.887695 0.471680
0.578125 0.001953
0.663086 0.471680
0.998047 0.001953
0.887695 0.471680
0.578125 0.001953
0.663086 0.471680
0.998047 0.001953
0.887695 0.471680
0.578125 0.001953
0.663086 0.471680
0.998047 0.001953
0.887695 0.471680
0.578125 0.001953
0.663086 0.471680
0.998047 0.001953
0.887695 0.471680
0.998047 0.001953
0.578125 0.001953
0.887695 0.471680
0.663086 0.471680
0.578125 0.001953
0.663086 0.471680
0.998047 0.001953
0.887695 0.471680
0.578125 0.001953
0.663086 0.471680
0.998047 0.001953
0.887695 0.471680
0.578125 0.001953
0.663086 0.471680
0.998047 0.001953
0.887695 0.471680
0.578125 0.001953
0.663086 0.471680
0.998047 0.001953
0.887695 0.471680
0.578125 0.001953
0.663086 0.471680
0.998047 0.001953
0.887695 0.471680
0.578125 0.001953
0.663086 0.471680
0.998047 0.001953
0.887695 0.471680
0.578125 0.001953
0.663086 0.471680
0.998047 0.001953
0.887695 0.471680
0.578125 0.001953
0.663086 0.471680
0.998047 0.001953
0.887695 0.471680
0.578125 0.001953
0.663086 0.471680
0.998047 0.001953
0.887695 0.471680
0.578125 0.001953
0.663086 0.471680
0.998047 0.001953
0.887695 0.471680
0.578125 0.001953
0.663086 0.471680
0.998047 0.001953
0.887695 0.471680
0.578125 0.001953
0.663086 0.471680
0.998047 0.001953
0.887695 0.471680
0.578125 0.001953
0.663086 0.471680
0.998047 0.001953
0.887695 0.471680
0.578125 0.001953
0.663086 0.471680
0.998047 0.001953
0.887695 0.471680
0.578125 0.001953
0.663086 0.471680
0.998047 0.001953
0.887695 0.471680
0.578125 0.001953
0.663086 0.471680
0.998047 0.001953
0.887695 0.471680
0.578125 0.001953
0.663086 0.471680
0.998047 0.001953
0.887695 0.471680
0.578125 0.001953
0.663086 0.471680
0.998047 0.001953
0.887695 0.471680
0.578125 0.001953
0.663086 0.471680
0.998047 0.001953
0.887695 0.471680
0.578125 0.001953
0.663086 0.471680
0.998047 0.001953
0.887695 0.471680
0.578125 0.001953
0.663086 0.471680
0.998047 0.001953
0.887695 0.471680
0.578125 0.001953
0.663086 0.471680
0.998047 0.001953
0.887695 0.471680
0.578125 0.001953
0.663086 0.471680
0.998047 0.001953
0.887695 0.471680
0.578125 0.001953
0.663086 0.471680
0.998047 0.001953
0.887695 0.471680
0.578125 0.001953
0.663086 0.471680
0.998047 0.001953
0.887695 0.471680
0.578125 0.001953
0.663086 0.471680
0.998047 0.001953
0.887695 0.471680
0.578125 0.001953
0.663086 0.471680
0.998047 0.001953
0.887695 0.471680
0.998047 0.001953
0.578125 0.001953
0.887695 0.471680
0.663086 0.471680
0.578125 0.001953
0.663086 0.471680
0.998047 0.001953
0.887695 0.471680
0.578125 0.001953
0.663086 0.471680
0.998047 0.001953
0.887695 0.471680
0.578125 0.001953
0.663086 0.471680
0.998047 0.001953
0.887695 0.471680
0.578125 0.001953
0.663086 0.471680
0.998047 0.001953
0.887695 0.471680
0.578125 0.001953
0.663086 0.471680
0.998047 0.001953
0.887695 0.471680
0.578125 0.001953
0.663086 0.471680
0.998047 0.001953
0.887695 0.471680
0.998047 0.001953
0.578125 0.001953
0.887695 0.471680
0.663086 0.471680
0.578125 0.001953
0.663086 0.471680
0.998047 0.001953
0.887695 0.471680
0.578125 0.001953
0.663086 0.471680
0.998047 0.001953
0.887695 0.471680
0.578125 0.001953
0.663086 0.471680
0.998047 0.001953
0.887695 0.471680
0.578125 0.001953
0.663086 0.471680
0.998047 0.001953
0.887695 0.471680
0.578125 0.001953
0.663086 0.471680
0.998047 0.001953
0.887695 0.471680
0.578125 0.001953
0.663086 0.471680
0.998047 0.001953
0.887695 0.471680
0.578125 0.001953
0.663086 0.471680
0.998047 0.001953
0.887695 0.471680
0.578125 0.001953
0.663086 0.471680
0.998047 0.001953
0.887695 0.471680
0.578125 0.001953
0.663086 0.471680
0.998047 0.001953
0.887695 0.471680
0.578125 0.001953
0.663086 0.471680
0.998047 0.001953
0.887695 0.471680
0.998047 0.001953
0.578125 0.001953
0.887695 0.471680
0.663086 0.471680
0.578125 0.001953
0.663086 0.471680
0.998047 0.001953
0.887695 0.471680
0.578125 0.001953
0.663086 0.471680
0.998047 0.001953
0.887695 0.471680
0.578125 0.001953
0.663086 0.471680
0.998047 0.001953
0.887695 0.471680
0.578125 0.001953
0.663086 0.471680
0.998047 0.001953
0.887695 0.471680
0.578125 0.001953
0.663086 0.471680
0.998047 0.001953
0.887695 0.471680
0.998047 0.001953
0.578125 0.001953
0.887695 0.471680
0.663086 0.471680
0.578125 0.001953
0.663086 0.471680
0.998047 0.001953
0.887695 0.471680
0.578125 0.001953
0.663086 0.471680
0.998047 0.001953
0.887695 0.471680
0.578125 0.001953
0.663086 0.471680
0.998047 0.001953
0.887695 0.471680
0.578125 0.001953
0.663086 0.471680
0.998047 0.001953
0.887695 0.471680
0.578125 0.001953
0.663086 0.471680
0.998047 0.001953
0.887695 0.471680
0.998047 0.001953
0.578125 0.001953
0.887695 0.471680
0.663086 0.471680
0.578125 0.001953
0.663086 0.471680
0.998047 0.001953
0.887695 0.471680
0.578125 0.001953
0.663086 0.471680
0.998047 0.001953
0.887695 0.471680
0.578125 0.001953
0.663086 0.471680
0.998047 0.001953
0.887695 0.471680
0.998047 0.001953
0.578125 0.001953
0.887695 0.471680
0.663086 0.471680
0.998047 0.001953
0.578125 0.001953
0.887695 0.471680
0.663086 0.471680
0.998047 0.001953
0.578125 0.001953
0.887695 0.471680
0.663086 0.471680
0.578125 0.001953
0.663086 0.471680
0.998047 0.001953
0.887695 0.471680
0.578125 0.001953
0.663086 0.471680
0.998047 0.001953
0.887695 0.471680
0.998047 0.001953
0.578125 0.001953
0.887695 0.471680
0.663086 0.471680
0.578125 0.001953
0.663086 0.471680
0.998047 0.001953
0.887695 0.471680
0.559082 0.001953
0.457031 0.007813
0.603027 0.194336
0.452637 0.231445
0.324707 0.270508
0.258301 0.011719
0.453613 0.289063
0.442139 0.005859
0.304443 0.219238
0.336426 0.002441
0.559082 0.001953
0.457031 0.007813
0.603027 0.194336
0.452637 0.231445
0.304443 0.219238
0.453613 0.289063
0.336426 0.002441
0.442139 0.005859
0.453613 0.289063
0.442139 0.005859
0.304443 0.219238
0.336426 0.002441
0.603027 0.194336
0.559082 0.001953
0.452637 0.231445
0.457031 0.007813
0.559082 0.001953
0.457031 0.007813
0.603027 0.194336
0.452637 0.231445
0.453613 0.289063
0.442139 0.005859
0.304443 0.219238
0.336426 0.002441
0.559082 0.001953
0.457031 0.007813
0.603027 0.194336
0.452637 0.231445
0.304443 0.219238
0.453613 0.289063
0.336426 0.002441
0.442139 0.005859
0.603027 0.194336
0.559082 0.001953
0.452637 0.231445
0.457031 0.007813
0.453613 0.289063
0.442139 0.005859
0.304443 0.219238
0.336426 0.002441
0.080566 0.004883
0.002167 0.226563
0.002167 0.226563
0.080566 0.004883
0.559082 0.001953
0.457031 0.007813
0.603027 0.194336
0.452637 0.231445
0.324707 0.270508
0.258301 0.011719
0.453613 0.289063
0.442139 0.005859
0.304443 0.219238
0.336426 0.002441
0.559082 0.001953
0.457031 0.007813
0.603027 0.194336
0.452637 0.231445
0.453613 0.289063
0.442139 0.005859
0.304443 0.219238
0.336426 0.002441
0.603027 0.194336
0.559082 0.001953
0.452637 0.231445
0.457031 0.007813
0.304443 0.219238
0.453613 0.289063
0.336426 0.002441
0.442139 0.005859
0.559082 0.001953
0.457031 0.007813
0.603027 0.194336
0.452637 0.231445
0.453613 0.289063
0.442139 0.005859
0.304443 0.219238
0.336426 0.002441
0.324707 0.270508
0.258301 0.011719
0.453613 0.289063
0.442139 0.005859
0.304443 0.219238
0.336426 0.002441
0.559082 0.001953
0.457031 0.007813
0.603027 0.194336
0.452637 0.231445
0.453613 0.289063
0.442139 0.005859
0.304443 0.219238
0.336426 0.002441
0.603027 0.194336
0.559082 0.001953
0.452637 0.231445
0.457031 0.007813
0.177856 0.344727
0.002167 0.226563
0.453613 0.289063
0.442139 0.005859
0.304443 0.219238
0.336426 0.002441
0.559082 0.001953
0.457031 0.007813
0.603027 0.194336
0.452637 0.231445
0.304443 0.219238
0.453613 0.289063
0.336426 0.002441
0.442139 0.005859
0.603027 0.194336
0.559082 0.001953
0.452637 0.231445
0.457031 0.007813
0.453613 0.289063
0.442139 0.005859
0.304443 0.219238
0.336426 0.002441
0.559082 0.001953
0.457031 0.007813
0.603027 0.194336
0.452637 0.231445
0.324707 0.270508
0.258301 0.011719
0.453613 0.289063
0.442139 0.005859
0.304443 0.219238
0.336426 0.002441
0.559082 0.001953
0.457031 0.007813
0.603027 0.194336
0.452637 0.231445
0.304443 0.219238
0.453613 0.289063
0.336426 0.002441
0.442139 0.005859
0.603027 0.194336
0.559082 0.001953
0.452637 0.231445
0.457031 0.007813
0.559082 0.001953
0.457031 0.007813
0.603027 0.194336
0.452637 0.231445
0.453613 0.289063
0.442139 0.005859
0.304443 0.219238
0.336426 0.002441
0.080566 0.004883
0.002167 0.226563
0.324707 0.270508
0.258301 0.011719
0.559082 0.001953
0.603027 0.194336
0.457031 0.007813
0.452637 0.231445
0.324707 0.270508
0.258301 0.011719
0.453613 0.289063
0.304443 0.219238
0.442139 0.005859
0.336426 0.002441
0.559082 0.001953
0.603027 0.194336
0.457031 0.007813
0.452637 0.231445
0.453613 0.289063
0.304443 0.219238
0.442139 0.005859
0.336426 0.002441
0.559082 0.001953
0.603027 0.194336
0.457031 0.007813
0.452637 0.231445
0.453613 0.289063
0.304443 0.219238
0.442139 0.005859
0.336426 0.002441
0.453613 0.289063
0.304443 0.219238
0.442139 0.005859
0.336426 0.002441
0.559082 0.001953
0.603027 0.194336
0.457031 0.007813
0.452637 0.231445
0.453613 0.289063
0.304443 0.219238
0.442139 0.005859
0.336426 0.002441
0.559082 0.001953
0.603027 0.194336
0.457031 0.007813
0.452637 0.231445
0.457031 0.007813
0.559082 0.001953
0.452637 0.231445
0.603027 0.194336
0.453613 0.289063
0.304443 0.219238
0.442139 0.005859
0.336426 0.002441
0.080566 0.004883
0.002167 0.226563
0.453613 0.289063
0.442139 0.005859
0.304443 0.219238
0.336426 0.002441
0.559082 0.001953
0.457031 0.007813
0.603027 0.194336
0.452637 0.231445
0.453613 0.289063
0.442139 0.005859
0.304443 0.219238
0.336426 0.002441
0.177856 0.344727
0.324707 0.270508
0.603027 0.194336
0.559082 0.001953
0.452637 0.231445
0.457031 0.007813
0.304443 0.219238
0.453613 0.289063
0.336426 0.002441
0.442139 0.005859
0.559082 0.001953
0.457031 0.007813
0.603027 0.194336
0.452637 0.231445
0.080566 0.004883
0.002167 0.226563
0.324707 0.270508
0.258301 0.011719
0.559082 0.001953
0.457031 0.007813
0.603027 0.194336
0.452637 0.231445
0.453613 0.289063
0.442139 0.005859
0.304443 0.219238
0.336426 0.002441
0.559082 0.001953
0.457031 0.007813
0.603027 0.194336
0.452637 0.231445
0.453613 0.289063
0.442139 0.005859
0.304443 0.219238
0.336426 0.002441
0.453613 0.289063
0.442139 0.005859
0.304443 0.219238
0.336426 0.002441
0.559082 0.001953
0.457031 0.007813
0.603027 0.194336
0.452637 0.231445
0.559082 0.001953
0.457031 0.007813
0.603027 0.194336
0.452637 0.231445
0.002167 0.226563
0.080566 0.004883
0.453613 0.289063
0.442139 0.005859
0.304443 0.219238
0.336426 0.002441
0.002167 0.226563
0.080566 0.004883
0.559082 0.001953
0.457031 0.007813
0.603027 0.194336
0.452637 0.231445
0.453613 0.289063
0.442139 0.005859
0.304443 0.219238
0.336426 0.002441
0.324707 0.270508
0.258301 0.011719
0.559082 0.001953
0.457031 0.007813
0.603027 0.194336
0.452637 0.231445
0.453613 0.289063
0.442139 0.005859
0.304443 0.219238
0.336426 0.002441
0.559082 0.001953
0.457031 0.007813
0.603027 0.194336
0.452637 0.231445
0.002167 0.226563
0.080566 0.004883
0.453613 0.289063
0.442139 0.005859
0.304443 0.219238
0.336426 0.002441
0.002167 0.226563
0.080566 0.004883
0.559082 0.001953
0.457031 0.007813
0.603027 0.194336
0.452637 0.231445
0.453613 0.289063
0.442139 0.005859
0.304443 0.219238
0.336426 0.002441
0.324707 0.270508
0.258301 0.011719
0.559082 0.001953
0.457031 0.007813
0.603027 0.194336
0.452637 0.231445
0.453613 0.289063
0.442139 0.005859
0.304443 0.219238
0.336426 0.002441
0.559082 0.001953
0.603027 0.194336
0.457031 0.007813
0.452637 0.231445
0.080566 0.004883
0.002167 0.226563
0.453613 0.289063
0.304443 0.219238
0.442139 0.005859
0.336426 0.002441
0.080566 0.004883
0.002167 0.226563
0.559082 0.001953
0.603027 0.194336
0.457031 0.007813
0.452637 0.231445
0.453613 0.289063
0.304443 0.219238
0.442139 0.005859
0.336426 0.002441
0.559082 0.001953
0.603027 0.194336
0.457031 0.007813
0.452637 0.231445
0.453613 0.289063
0.304443 0.219238
0.442139 0.005859
0.336426 0.002441
0.559082 0.001953
0.457031 0.007813
0.603027 0.194336
0.452637 0.231445
0.002167 0.226563
0.080566 0.004883
0.453613 0.289063
0.442139 0.005859
0.304443 0.219238
0.336426 0.002441
0.002167 0.226563
0.080566 0.004883
0.559082 0.001953
0.457031 0.007813
0.603027 0.194336
0.452637 0.231445
0.453613 0.289063
0.442139 0.005859
0.304443 0.219238
0.336426 0.002441
0.559082 0.001953
0.457031 0.007813
0.603027 0.194336
0.452637 0.231445
0.453613 0.289063
0.442139 0.005859
0.304443 0.219238
0.336426 0.002441
0.559082 0.001953
0.603027 0.194336
0.457031 0.007813
0.452637 0.231445
0.080566 0.004883
0.002167 0.226563
0.453613 0.289063
0.304443 0.219238
0.442139 0.005859
0.336426 0.002441
0.080566 0.004883
0.002167 0.226563
0.559082 0.001953
0.603027 0.194336
0.457031 0.007813
0.452637 0.231445
0.453613 0.289063
0.304443 0.219238
0.442139 0.005859
0.336426 0.002441
0.559082 0.001953
0.603027 0.194336
0.457031 0.007813
0.452637 0.231445
0.453613 0.289063
0.304443 0.219238
0.442139 0.005859
0.336426 0.002441
0.559082 0.001953
0.457031 0.007813
0.603027 0.194336
0.452637 0.231445
0.002167 0.226563
0.080566 0.004883
0.453613 0.289063
0.442139 0.005859
0.304443 0.219238
0.336426 0.002441
0.002167 0.226563
0.080566 0.004883
0.559082 0.001953
0.457031 0.007813
0.603027 0.194336
0.452637 0.231445
0.453613 0.289063
0.442139 0.005859
0.304443 0.219238
0.336426 0.002441
0.559082 0.001953
0.457031 0.007813
0.603027 0.194336
0.452637 0.231445
0.453613 0.289063
0.442139 0.005859
0.304443 0.219238
0.336426 0.002441
0.559082 0.001953
0.457031 0.007813
0.603027 0.194336
0.452637 0.231445
0.002167 0.226563
0.080566 0.004883
0.453613 0.289063
0.442139 0.005859
0.304443 0.219238
0.336426 0.002441
0.002167 0.226563
0.080566 0.004883
0.603027 0.194336
0.559082 0.001953
0.452637 0.231445
0.457031 0.007813
0.453613 0.289063
0.442139 0.005859
0.304443 0.219238
0.336426 0.002441
0.559082 0.001953
0.457031 0.007813
0.603027 0.194336
0.452637 0.231445
0.453613 0.289063
0.442139 0.005859
0.304443 0.219238
0.336426 0.002441
0.559082 0.001953
0.457031 0.007813
0.603027 0.194336
0.452637 0.231445
0.002167 0.226563
0.080566 0.004883
0.453613 0.289063
0.442139 0.005859
0.304443 0.219238
0.336426 0.002441
0.002167 0.226563
0.080566 0.004883
0.559082 0.001953
0.457031 0.007813
0.603027 0.194336
0.452637 0.231445
0.453613 0.289063
0.442139 0.005859
0.304443 0.219238
0.336426 0.002441
0.324707 0.270508
0.258301 0.011719
0.559082 0.001953
0.457031 0.007813
0.603027 0.194336
0.452637 0.231445
0.453613 0.289063
0.442139 0.005859
0.304443 0.219238
0.336426 0.002441
0.887695 0.471680
0.942383 0.241211
0.663086 0.471680
0.622070 0.241211
0.998047 0.001953
0.578125 0.001953
0.887695 0.471680
0.942383 0.241211
0.663086 0.471680
0.622070 0.241211
0.998047 0.001953
0.578125 0.001953
0.887695 0.471680
0.942383 0.241211
0.663086 0.471680
0.622070 0.241211
0.998047 0.001953
0.578125 0.001953
0.887695 0.471680
0.942383 0.241211
0.663086 0.471680
0.622070 0.241211
0.998047 0.001953
0.578125 0.001953
0.887695 0.471680
0.942383 0.241211
0.663086 0.471680
0.622070 0.241211
0.998047 0.001953
0.578125 0.001953
0.887695 0.471680
0.942383 0.241211
0.663086 0.471680
0.622070 0.241211
0.998047 0.001953
0.578125 0.001953
0.887695 0.471680
0.942383 0.241211
0.663086 0.471680
0.622070 0.241211
0.998047 0.001953
0.578125 0.001953
0.887695 0.471680
0.942383 0.241211
0.663086 0.471680
0.622070 0.241211
0.998047 0.001953
0.578125 0.001953
0.887695 0.471680
0.942383 0.241211
0.663086 0.471680
0.622070 0.241211
0.998047 0.001953
0.578125 0.001953
0.887695 0.471680
0.942383 0.241211
0.663086 0.471680
0.622070 0.241211
0.998047 0.001953
0.578125 0.001953
0.324707 0.270508
0.258301 0.011719
0.177856 0.344727
0.080566 0.004883
0.002167 0.226563
0.258301 0.011719
0.080566 0.004883
0.324707 0.270508
0.177856 0.344727
0.002167 0.226563
0.177856 0.344727
0.324707 0.270508
0.002167 0.226563
0.258301 0.011719
0.080566 0.004883
0.324707 0.270508
0.177856 0.344727
0.258301 0.011719
0.002167 0.226563
0.080566 0.004883
0.258301 0.011719
0.080566 0.004883
0.324707 0.270508
0.177856 0.344727
0.002167 0.226563
0.324707 0.270508
0.258301 0.011719
0.177856 0.344727
0.254395 0.011719
0.002167 0.226563
0.080566 0.004883
0.324707 0.270508
0.258301 0.011719
0.177856 0.344727
0.080566 0.004883
0.002167 0.226563
0.324707 0.270508
0.258301 0.011719
0.177856 0.344727
0.080566 0.004883
0.002167 0.226563
0.324707 0.270508
0.258301 0.011719
0.177856 0.344727
0.080566 0.004883
0.002167 0.226563
0.258301 0.011719
0.080566 0.004883
0.324707 0.270508
0.002167 0.226563
0.177856 0.344727
0.324707 0.270508
0.258301 0.011719
0.177856 0.344727
0.002167 0.226563
0.080566 0.004883
0.258301 0.011719
0.080566 0.004883
0.324707 0.270508
0.002167 0.226563
0.177856 0.344727
0.258301 0.011719
0.080566 0.004883
0.324707 0.270508
0.002167 0.226563
0.177856 0.344727
0.324707 0.270508
0.258301 0.011719
0.177856 0.344727
0.002167 0.226563
0.080566 0.004883
0.258301 0.011719
0.080566 0.004883
0.324707 0.270508
0.002167 0.226563
0.177856 0.344727
0.324707 0.270508
0.258301 0.011719
0.177856 0.344727
0.002167 0.226563
0.080566 0.004883
0.324707 0.270508
0.177856 0.344727
0.258301 0.011719
0.080566 0.004883
0.002167 0.226563
0.324707 0.270508
0.177856 0.344727
0.258301 0.011719
0.080566 0.004883
0.002167 0.226563
0.324707 0.270508
0.258301 0.011719
0.177856 0.344727
0.002167 0.226563
0.080566 0.004883
0.324707 0.270508
0.177856 0.344727
0.258301 0.011719
0.080566 0.004883
0.002167 0.226563
0.324707 0.270508
0.177856 0.344727
0.258301 0.011719
0.080566 0.004883
0.002167 0.226563
0.998047 0.001953
0.578125 0.001953
0.942383 0.241211
0.622070 0.241211
0.663086 0.471680
0.887695 0.471680
0.998047 0.001953
0.578125 0.001953
0.942383 0.241211
0.622070 0.241211
0.663086 0.471680
0.887695 0.471680
0.998047 0.001953
0.578125 0.001953
0.942383 0.241211
0.622070 0.241211
0.663086 0.471680
0.887695 0.471680
0.998047 0.001953
0.578125 0.001953
0.942383 0.241211
0.622070 0.241211
0.663086 0.471680
0.887695 0.471680
0.998047 0.001953
0.578125 0.001953
0.942383 0.241211
0.622070 0.241211
0.663086 0.471680
0.887695 0.471680
0.709961 0.483887
0.681152 0.483887
0.701172 0.507324
0.754395 0.483887
0.742676 0.537598
0.788574 0.483887
0.780762 0.553223
0.816895 0.483887
0.814453 0.560547
0.841797 0.483887
0.845215 0.562256
0.866211 0.483887
0.873535 0.557861
0.890625 0.483887
0.900879 0.550537
0.916016 0.483887
0.927734 0.539307
0.943359 0.483887
0.955078 0.523193
0.976563 0.483887
0.982910 0.499023
0.996094 0.483887
0.994629 0.504883
0.979980 0.545654
0.955566 0.578369
0.925781 0.603027
0.891602 0.620117
0.853027 0.629639
0.805664 0.629150
0.757324 0.610840
0.713379 0.573730
0.685059 0.516846
0.701172 0.507324
0.742676 0.537598
0.780762 0.553223
0.814453 0.560547
0.845215 0.562256
0.873535 0.557861
0.900879 0.550537
0.927734 0.539307
0.955078 0.523193
0.982910 0.499023
0.976563 0.483887
0.943359 0.483887
0.916016 0.483887
0.890625 0.483887
0.866211 0.483887
0.841797 0.483887
0.816895 0.483887
0.788574 0.483887
0.754395 0.483887
0.709961 0.483887
0.709961 0.483887
0.681152 0.483887
0.701172 0.507324
0.754395 0.483887
0.742676 0.537598
0.788574 0.483887
0.780762 0.553223
0.816895 0.483887
0.814453 0.560547
0.841797 0.483887
0.845215 0.562256
0.866211 0.483887
0.873535 0.557861
0.890625 0.483887
0.900879 0.550537
0.916016 0.483887
0.927734 0.539307
0.943359 0.483887
0.955078 0.523193
0.976563 0.483887
0.982910 0.499023
0.996094 0.483887
0.994629 0.504883
0.979980 0.545654
0.955566 0.578369
0.925781 0.603027
0.891602 0.620117
0.853027 0.629639
0.805664 0.629150
0.757324 0.610840
0.713379 0.573730
0.685059 0.516846
0.701172 0.507324
0.742676 0.537598
0.780762 0.553223
0.814453 0.560547
0.845215 0.562256
0.873535 0.557861
0.900879 0.550537
0.927734 0.539307
0.955078 0.523193
0.982910 0.499023
0.976563 0.483887
0.943359 0.483887
0.916016 0.483887
0.890625 0.483887
0.866211 0.483887
0.841797 0.483887
0.816895 0.483887
0.788574 0.483887
0.754395 0.483887
0.709961 0.483887
0.709961 0.483887
0.681152 0.483887
0.701172 0.507324
0.754395 0.483887
0.742676 0.537598
0.788574 0.483887
0.780762 0.553223
0.816895 0.483887
0.814453 0.560547
0.841797 0.483887
0.845215 0.562256
0.866211 0.483887
0.873535 0.557861
0.890625 0.483887
0.900879 0.550537
0.916016 0.483887
0.927734 0.539307
0.943359 0.483887
0.955078 0.523193
0.976563 0.483887
0.982910 0.499023
0.996094 0.483887
0.994629 0.504883
0.979980 0.545654
0.955566 0.578369
0.925781 0.603027
0.891602 0.620117
0.853027 0.629639
0.805664 0.629150
0.757324 0.610840
0.713379 0.573730
0.685059 0.516846
0.701172 0.507324
0.742676 0.537598
0.780762 0.553223
0.814453 0.560547
0.845215 0.562256
0.873535 0.557861
0.900879 0.550537
0.927734 0.539307
0.955078 0.523193
0.982910 0.499023
0.976563 0.483887
0.943359 0.483887
0.916016 0.483887
0.890625 0.483887
0.866211 0.483887
0.841797 0.483887
0.816895 0.483887
0.788574 0.483887
0.754395 0.483887
0.709961 0.483887
0.709961 0.483887
0.681152 0.483887
0.701172 0.507324
0.754395 0.483887
0.742676 0.537598
0.788574 0.483887
0.780762 0.553223
0.816895 0.483887
0.814453 0.560547
0.841797 0.483887
0.845215 0.562256
0.866211 0.483887
0.873535 0.557861
0.890625 0.483887
0.900879 0.550537
0.916016 0.483887
0.927734 0.539307
0.943359 0.483887
0.955078 0.523193
0.976563 0.483887
0.982910 0.499023
0.996094 0.483887
0.994629 0.504883
0.979980 0.545654
0.955566 0.578369
0.925781 0.603027
0.891602 0.620117
0.853027 0.629639
0.805664 0.629150
0.757324 0.610840
0.713379 0.573730
0.685059 0.516846
0.701172 0.507324
0.742676 0.537598
0.780762 0.553223
0.814453 0.560547
0.845215 0.562256
0.873535 0.557861
0.900879 0.550537
0.927734 0.539307
0.955078 0.523193
0.982910 0.499023
0.976563 0.483887
0.943359 0.483887
0.916016 0.483887
0.890625 0.483887
0.866211 0.483887
0.841797 0.483887
0.816895 0.483887
0.788574 0.483887
0.754395 0.483887
0.709961 0.483887
0.709961 0.483887
0.681152 0.483887
0.701172 0.507324
0.754395 0.483887
0.742676 0.537598
0.788574 0.483887
0.780762 0.553223
0.816895 0.483887
0.814453 0.560547
0.841797 0.483887
0.845215 0.562256
0.866211 0.483887
0.873535 0.557861
0.890625 0.483887
0.900879 0.550537
0.916016 0.483887
0.927734 0.539307
0.943359 0.483887
0.955078 0.523193
0.976563 0.483887
0.982910 0.499023
0.996094 0.483887
0.994629 0.504883
0.979980 0.545654
0.955566 0.578369
0.925781 0.603027
0.891602 0.620117
0.853027 0.629639
0.805664 0.629150
0.757324 0.610840
0.713379 0.573730
0.685059 0.516846
0.701172 0.507324
0.742676 0.537598
0.780762 0.553223
0.814453 0.560547
0.845215 0.562256
0.873535 0.557861
0.900879 0.550537
0.927734 0.539307
0.955078 0.523193
0.982910 0.499023
0.976563 0.483887
0.943359 0.483887
0.916016 0.483887
0.890625 0.483887
0.866211 0.483887
0.841797 0.483887
0.816895 0.483887
0.788574 0.483887
0.754395 0.483887
0.709961 0.483887
0.003557 0.267578
0.090759 0.300781
0.059326 0.300781
0.003557 0.300781
0.079773 0.337402
0.003557 0.337402
0.079773 0.379395
0.003557 0.379395
0.003557 0.416016
0.059326 0.416016
0.003557 0.449219
0.090759 0.416016
0.114197 0.379395
0.114197 0.337402
0.090942 0.300781
0.059479 0.300781
0.079956 0.337402
0.079956 0.379395
0.059479 0.416016
0.090942 0.416016
0.114319 0.379395
0.114319 0.337402
0.059326 0.416016
0.003557 0.416016
0.079773 0.379395
0.003557 0.379395
0.079773 0.337402
0.003557 0.337402
0.003557 0.300781
0.059326 0.300781
0.059479 0.300781
0.079956 0.337402
0.079956 0.379395
0.059479 0.416016
0.687988 0.528320
0.703613 0.517578
0.720215 0.582275
0.710938 0.501953
0.755859 0.508545
0.790039 0.510986
0.818359 0.511719
0.842773 0.511230
0.867676 0.508789
0.891602 0.505615
0.916504 0.501465
0.943848 0.496094
0.976563 0.486816
0.982910 0.497070
0.955566 0.521729
0.929199 0.538574
0.902832 0.550293
0.876465 0.558350
0.848633 0.563477
0.818359 0.563232
0.784668 0.557861
0.746582 0.544922
0.765137 0.615479
0.812988 0.630127
0.858398 0.628418
0.895508 0.618408
0.928711 0.601074
0.957520 0.576416
0.980957 0.543701
0.994629 0.502930
0.710938 0.501953
0.703613 0.517578
0.746582 0.544922
0.784668 0.557861
0.818359 0.563232
0.848633 0.563477
0.876465 0.558350
0.902832 0.550293
0.929199 0.538574
0.955566 0.521729
0.982910 0.497070
0.976563 0.486816
0.943848 0.496094
0.916504 0.501465
0.891602 0.505615
0.867676 0.508789
0.842773 0.511230
0.818359 0.511719
0.790039 0.510986
0.755859 0.508545
0.687988 0.528320
0.703613 0.517578
0.720215 0.582275
0.710938 0.501953
0.755859 0.508545
0.790039 0.510986
0.818359 0.511719
0.842773 0.511230
0.867676 0.508789
0.891602 0.505615
0.916504 0.501465
0.943848 0.496094
0.976563 0.486816
0.982910 0.497070
0.955566 0.521729
0.929199 0.538574
0.902832 0.550293
0.876465 0.558350
0.848633 0.563477
0.818359 0.563232
0.784668 0.557861
0.746582 0.544922
0.765137 0.615479
0.812988 0.630127
0.858398 0.628418
0.895508 0.618408
0.928711 0.601074
0.957520 0.576416
0.980957 0.543701
0.994629 0.502930
0.710938 0.501953
0.703613 0.517578
0.746582 0.544922
0.784668 0.557861
0.818359 0.563232
0.848633 0.563477
0.876465 0.558350
0.902832 0.550293
0.929199 0.538574
0.955566 0.521729
0.982910 0.497070
0.976563 0.486816
0.943848 0.496094
0.916504 0.501465
0.891602 0.505615
0.867676 0.508789
0.842773 0.511230
0.818359 0.511719
0.790039 0.510986
0.755859 0.508545
0.687988 0.528320
0.703613 0.517578
0.720215 0.582275
0.710938 0.501953
0.755859 0.508545
0.790039 0.510986
0.818359 0.511719
0.842773 0.511230
0.867676 0.508789
0.891602 0.505615
0.916504 0.501465
0.943848 0.496094
0.976563 0.486816
0.982910 0.497070
0.955566 0.521729
0.929199 0.538574
0.902832 0.550293
0.876465 0.558350
0.848633 0.563477
0.818359 0.563232
0.784668 0.557861
0.746582 0.544922
0.765137 0.615479
0.812988 0.630127
0.858398 0.628418
0.895508 0.618408
0.928711 0.601074
0.957520 0.576416
0.980957 0.543701
0.994629 0.502930
0.710938 0.501953
0.703613 0.517578
0.746582 0.544922
0.784668 0.557861
0.818359 0.563232
0.848633 0.563477
0.876465 0.558350
0.902832 0.550293
0.929199 0.538574
0.955566 0.521729
0.982910 0.497070
0.976563 0.486816
0.943848 0.496094
0.916504 0.501465
0.891602 0.505615
0.867676 0.508789
0.842773 0.511230
0.818359 0.511719
0.790039 0.510986
0.755859 0.508545
0.687988 0.528320
0.703613 0.517578
0.720215 0.582275
0.710938 0.501953
0.755859 0.508545
0.790039 0.510986
0.818359 0.511719
0.842773 0.511230
0.867676 0.508789
0.891602 0.505615
0.916504 0.501465
0.943848 0.496094
0.976563 0.486816
0.982910 0.497070
0.955566 0.521729
0.929199 0.538574
0.902832 0.550293
0.876465 0.558350
0.848633 0.563477
0.818359 0.563232
0.784668 0.557861
0.746582 0.544922
0.765137 0.615479
0.812988 0.630127
0.858398 0.628418
0.895508 0.618408
0.928711 0.601074
0.957520 0.576416
0.980957 0.543701
0.994629 0.502930
0.710938 0.501953
0.703613 0.517578
0.746582 0.544922
0.784668 0.557861
0.818359 0.563232
0.848633 0.563477
0.876465 0.558350
0.902832 0.550293
0.929199 0.538574
0.955566 0.521729
0.982910 0.497070
0.976563 0.486816
0.943848 0.496094
0.916504 0.501465
0.891602 0.505615
0.867676 0.508789
0.842773 0.511230
0.818359 0.511719
0.790039 0.510986
0.755859 0.508545
0.687988 0.528320
0.703613 0.517578
0.720215 0.582275
0.710938 0.501953
0.755859 0.508545
0.790039 0.510986
0.818359 0.511719
0.842773 0.511230
0.867676 0.508789
0.891602 0.505615
0.916504 0.501465
0.943848 0.496094
0.976563 0.486816
0.982910 0.497070
0.955566 0.521729
0.929199 0.538574
0.902832 0.550293
0.876465 0.558350
0.848633 0.563477
0.818359 0.563232
0.784668 0.557861
0.746582 0.544922
0.765137 0.615479
0.812988 0.630127
0.858398 0.628418
0.895508 0.618408
0.928711 0.601074
0.957520 0.576416
0.980957 0.543701
0.994629 0.502930
0.710938 0.501953
0.703613 0.517578
0.746582 0.544922
0.784668 0.557861
0.818359 0.563232
0.848633 0.563477
0.876465 0.558350
0.902832 0.550293
0.929199 0.538574
0.955566 0.521729
0.982910 0.497070
0.976563 0.486816
0.943848 0.496094
0.916504 0.501465
0.891602 0.505615
0.867676 0.508789
0.842773 0.511230
0.818359 0.511719
0.790039 0.510986
0.755859 0.508545
</float_array>
          <technique_common>
            <accessor source="#SM_Urchin_Group_02_LOD0-UV0-array" count="3317" stride="2">
              <param name="S" type="float"/>
              <param name="T" type="float"/>
            </accessor>
          </technique_common>
        </source>
        <vertices id="SM_Urchin_Group_02_LOD0-VERTEX">
          <input semantic="POSITION" source="#SM_Urchin_Group_02_LOD0-POSITION"/>
        </vertices>
        <triangles count="2493" material="MAT_Urchin">
          <input semantic="VERTEX" offset="0" source="#SM_Urchin_Group_02_LOD0-VERTEX"/>
          <input semantic="NORMAL" offset="1" source="#SM_Urchin_Group_02_LOD0-Normal0"/>
          <input semantic="TEXCOORD" offset="2" set="0" source="#SM_Urchin_Group_02_LOD0-UV0"/>
          <p> 1 0 2 0 1 1 2045 2 0 2092 3 5 3 4 4 2 5 3 2093 6 8 2094 7 7 4 8 6 2103 9 11 6 10 10 5 11 9 9 12 14 8 13 13 7 14 12 2133 15 17 10 16 16 2135 17 15 2179 18 20 12 19 19 11 20 18 2208 21 23 2205 22 22 13 23 21 15 24 26 2217 25 25 14 26 24 17 27 29 2211 28 28 16 29 27 20 30 32 19 31 31 18 32 30 2294 33 35 22 34 34 21 35 33 24 36 38 23 37 37 2279 38 36 2297 39 41 26 40 40 25 41 39 2326 42 44 2327 43 43 27 44 42 29 45 47 2334 46 46 28 47 45 2346 48 50 31 49 49 30 50 48 2360 51 53 2361 52 52 32 53 51 34 54 56 2368 55 55 33 56 54 2381 57 59 36 58 58 35 59 57 39 60 62 38 61 61 37 62 60 2401 63 65 2403 64 64 40 65 63 42 66 68 2424 67 67 41 68 66 2431 69 71 2433 70 70 43 71 69 46 72 74 45 73 73 44 74 72 2462 75 77 48 76 76 47 77 75 2484 78 80 2485 79 79 49 80 78 51 81 83 2493 82 82 50 83 81 2515 84 86 2516 85 85 52 86 84 2523 87 89 2524 88 88 53 89 87 55 90 92 2548 91 91 54 92 90 2554 93 95 57 94 94 56 95 93 2567 96 98 58 97 97 2568 98 96 61 99 101 60 100 100 59 101 99 61 102 101 62 103 102 60 104 100 64 105 105 65 106 104 63 107 103 64 108 105 66 109 106 65 110 104 68 111 109 69 112 108 67 113 107 68 114 109 70 115 110 69 116 108 74 117 113 72 118 112 71 119 111 74 120 113 73 121 114 72 122 112 78 123 117 76 124 116 75 125 115 78 126 117 77 127 118 76 128 116 81 129 121 80 130 120 79 131 119 81 132 121 82 133 122 80 134 120 86 135 125 84 136 124 83 137 123 86 138 125 85 139 126 84 140 124 90 141 129 88 142 128 87 143 127 90 144 129 89 145 130 88 146 128 92 147 133 93 148 132 91 149 131 92 150 133 94 151 134 93 152 132 96 153 137 97 154 136 95 155 135 96 156 137 98 157 138 97 158 136 102 159 141 100 160 140 99 161 139 102 162 141 101 163 142 100 164 140 106 165 145 104 166 144 103 167 143 106 168 145 105 169 146 104 170 144 109 171 149 108 172 148 107 173 147 109 174 149 110 175 150 108 176 148 114 177 153 112 178 152 111 179 151 114 180 153 113 181 154 112 182 152 116 183 157 117 184 156 115 185 155 116 186 157 118 187 158 117 188 156 122 189 161 120 190 160 119 191 159 122 192 161 121 193 162 120 194 160 126 195 165 124 196 164 123 197 163 126 198 165 125 199 166 124 200 164 130 201 169 128 202 168 127 203 167 130 204 169 129 205 170 128 206 168 133 207 173 132 208 172 131 209 171 133 210 173 134 211 174 132 212 172 138 213 177 136 214 176 135 215 175 138 216 177 137 217 178 136 218 176 140 219 181 141 220 180 139 221 179 140 222 181 142 223 182 141 224 180 146 225 185 144 226 184 143 227 183 146 228 185 145 229 186 144 230 184 148 231 189 149 232 188 147 233 187 148 234 189 150 235 190 149 236 188 154 237 193 152 238 192 151 239 191 154 240 193 153 241 194 152 242 192 157 243 197 156 244 196 155 245 195 157 246 197 158 247 198 156 248 196 161 249 201 160 250 200 159 251 199 161 252 201 162 253 202 160 254 200 164 255 205 165 256 204 163 257 203 164 258 205 166 259 206 165 260 204 168 261 209 169 262 208 167 263 207 168 264 209 170 265 210 169 266 208 172 267 213 173 268 212 171 269 211 172 270 213 174 271 214 173 272 212 177 273 217 176 274 216 175 275 215 177 276 217 178 277 218 176 278 216 181 279 221 180 280 220 179 281 219 181 282 221 182 283 222 180 284 220 185 285 225 184 286 224 183 287 223 185 288 225 186 289 226 184 290 224 188 291 229 189 292 228 187 293 227 188 294 229 190 295 230 189 296 228 194 297 233 192 298 232 191 299 231 194 300 233 193 301 234 192 302 232 197 303 237 196 304 236 195 305 235 197 306 237 198 307 238 196 308 236 200 309 241 201 310 240 199 311 239 200 312 241 202 313 242 201 314 240 205 315 245 204 316 244 203 317 243 205 318 245 206 319 246 204 320 244 210 321 249 208 322 248 207 323 247 210 324 249 209 325 250 208 326 248 214 327 253 212 328 252 211 329 251 214 330 253 213 331 254 212 332 252 218 333 257 216 334 256 215 335 255 218 336 257 217 337 258 216 338 256 220 339 261 221 340 260 219 341 259 220 342 261 222 343 262 221 344 260 224 345 265 225 346 264 223 347 263 224 348 265 226 349 266 225 350 264 229 351 269 228 352 268 227 353 267 229 354 269 230 355 270 228 356 268 233 357 273 232 358 272 231 359 271 233 360 273 234 361 274 232 362 272 238 363 277 236 364 276 235 365 275 238 366 277 237 367 278 236 368 276 241 369 281 240 370 280 239 371 279 241 372 281 242 373 282 240 374 280 246 375 285 244 376 284 243 377 283 246 378 285 245 379 286 244 380 284 250 381 289 248 382 288 247 383 287 250 384 289 249 385 290 248 386 288 254 387 293 252 388 292 251 389 291 254 390 293 253 391 294 252 392 292 257 393 297 256 394 296 255 395 295 257 396 297 258 397 298 256 398 296 262 399 301 260 400 300 259 401 299 262 402 301 261 403 302 260 404 300 264 405 305 265 406 304 263 407 303 264 408 305 266 409 306 265 410 304 270 411 309 268 412 308 267 413 307 270 414 309 269 415 310 268 416 308 274 417 313 272 418 312 271 419 311 274 420 313 273 421 314 272 422 312 278 423 317 276 424 316 275 425 315 278 426 317 277 427 318 276 428 316 281 429 321 280 430 320 279 431 319 281 432 321 282 433 322 280 434 320 285 435 325 284 436 324 283 437 323 285 438 325 286 439 326 284 440 324 290 441 329 288 442 328 287 443 327 290 444 329 289 445 330 288 446 328 294 447 333 292 448 332 291 449 331 294 450 333 293 451 334 292 452 332 296 453 337 297 454 336 295 455 335 296 456 337 298 457 338 297 458 336 300 459 341 301 460 340 299 461 339 300 462 341 302 463 342 301 464 340 306 465 345 304 466 344 303 467 343 306 468 345 305 469 346 304 470 344 310 471 349 308 472 348 307 473 347 310 474 349 309 475 350 308 476 348 313 477 353 312 478 352 311 479 351 313 480 353 314 481 354 312 482 352 318 483 357 316 484 356 315 485 355 318 486 357 317 487 358 316 488 356 322 489 361 320 490 360 319 491 359 322 492 361 321 493 362 320 494 360 326 495 365 324 496 364 323 497 363 326 498 365 325 499 366 324 500 364 328 501 369 329 502 368 327 503 367 328 504 369 330 505 370 329 506 368 333 507 373 332 508 372 331 509 371 333 510 373 334 511 374 332 512 372 337 513 377 336 514 376 335 515 375 337 516 377 338 517 378 336 518 376 342 519 381 340 520 380 339 521 379 342 522 381 341 523 382 340 524 380 344 525 385 345 526 384 343 527 383 344 528 385 346 529 386 345 530 384 350 531 389 348 532 388 347 533 387 350 534 389 349 535 390 348 536 388 352 537 393 353 538 392 351 539 391 352 540 393 354 541 394 353 542 392 358 543 397 356 544 396 355 545 395 358 546 397 357 547 398 356 548 396 361 549 401 360 550 400 359 551 399 361 552 401 362 553 402 360 554 400 365 555 405 364 556 404 363 557 403 365 558 405 366 559 406 364 560 404 370 561 409 368 562 408 367 563 407 370 564 409 369 565 410 368 566 408 373 567 413 372 568 412 371 569 411 373 570 413 374 571 414 372 572 412 376 573 417 377 574 416 375 575 415 376 576 417 378 577 418 377 578 416 381 579 421 380 580 420 379 581 419 381 582 421 382 583 422 380 584 420 384 585 425 385 586 424 383 587 423 384 588 425 386 589 426 385 590 424 388 591 429 389 592 428 387 593 427 388 594 429 390 595 430 389 596 428 394 597 433 392 598 432 391 599 431 394 600 433 393 601 434 392 602 432 398 603 437 396 604 436 395 605 435 398 606 437 397 607 438 396 608 436 401 609 441 400 610 440 399 611 439 401 612 441 402 613 442 400 614 440 405 615 445 404 616 444 403 617 443 405 618 445 406 619 446 404 620 444 410 621 449 408 622 448 407 623 447 410 624 449 409 625 450 408 626 448 413 627 453 412 628 452 411 629 451 413 630 453 414 631 454 412 632 452 418 633 457 416 634 456 415 635 455 418 636 457 417 637 458 416 638 456 421 639 461 420 640 460 419 641 459 421 642 461 422 643 462 420 644 460 426 645 465 424 646 464 423 647 463 426 648 465 425 649 466 424 650 464 429 651 469 428 652 468 427 653 467 429 654 469 430 655 470 428 656 468 434 657 473 432 658 472 431 659 471 434 660 473 433 661 474 432 662 472 438 663 477 436 664 476 435 665 475 438 666 477 437 667 478 436 668 476 442 669 481 440 670 480 439 671 479 442 672 481 441 673 482 440 674 480 445 675 485 444 676 484 443 677 483 445 678 485 446 679 486 444 680 484 449 681 489 448 682 488 447 683 487 449 684 489 450 685 490 448 686 488 452 687 493 453 688 492 451 689 491 452 690 493 454 691 494 453 692 492 458 693 497 456 694 496 455 695 495 458 696 497 457 697 498 456 698 496 462 699 501 460 700 500 459 701 499 462 702 501 461 703 502 460 704 500 466 705 505 464 706 504 463 707 503 466 708 505 465 709 506 464 710 504 470 711 509 468 712 508 467 713 507 470 714 509 469 715 510 468 716 508 474 717 513 472 718 512 471 719 511 474 720 513 473 721 514 472 722 512 477 723 517 476 724 516 475 725 515 477 726 517 478 727 518 476 728 516 482 729 521 480 730 520 479 731 519 482 732 521 481 733 522 480 734 520 486 735 525 484 736 524 483 737 523 486 738 525 485 739 526 484 740 524 488 741 529 489 742 528 487 743 527 488 744 529 490 745 530 489 746 528 494 747 533 492 748 532 491 749 531 494 750 533 493 751 534 492 752 532 497 753 537 496 754 536 495 755 535 497 756 537 498 757 538 496 758 536 501 759 541 500 760 540 499 761 539 501 762 541 502 763 542 500 764 540 505 765 545 504 766 544 503 767 543 505 768 545 506 769 546 504 770 544 510 771 549 508 772 548 507 773 547 510 774 549 509 775 550 508 776 548 512 777 553 513 778 552 511 779 551 512 780 553 514 781 554 513 782 552 518 783 557 516 784 556 515 785 555 518 786 557 517 787 558 516 788 556 521 789 561 520 790 560 519 791 559 521 792 561 522 793 562 520 794 560 524 795 565 525 796 564 523 797 563 524 798 565 526 799 566 525 800 564 530 801 569 528 802 568 527 803 567 530 804 569 529 805 570 528 806 568 532 807 573 533 808 572 531 809 571 532 810 573 534 811 574 533 812 572 538 813 577 536 814 576 535 815 575 538 816 577 537 817 578 536 818 576 540 819 581 541 820 580 539 821 579 540 822 581 542 823 582 541 824 580 545 825 585 544 826 584 543 827 583 545 828 585 546 829 586 544 830 584 550 831 589 548 832 588 547 833 587 550 834 589 549 835 590 548 836 588 552 837 593 553 838 592 551 839 591 552 840 593 554 841 594 553 842 592 558 843 597 556 844 596 555 845 595 558 846 597 557 847 598 556 848 596 562 849 601 560 850 600 559 851 599 562 852 601 561 853 602 560 854 600 566 855 605 564 856 604 563 857 603 566 858 605 565 859 606 564 860 604 570 861 609 568 862 608 567 863 607 570 864 609 569 865 610 568 866 608 572 867 613 573 868 612 571 869 611 572 870 613 574 871 614 573 872 612 576 873 617 577 874 616 575 875 615 576 876 617 578 877 618 577 878 616 581 879 621 580 880 620 579 881 619 581 882 621 582 883 622 580 884 620 584 885 625 585 886 624 583 887 623 584 888 625 586 889 626 585 890 624 588 891 629 589 892 628 587 893 627 588 894 629 590 895 630 589 896 628 593 897 633 592 898 632 591 899 631 593 900 633 594 901 634 592 902 632 597 903 637 596 904 636 595 905 635 597 906 637 598 907 638 596 908 636 601 909 641 600 910 640 599 911 639 601 912 641 602 913 642 600 914 640 605 915 645 604 916 644 603 917 643 605 918 645 606 919 646 604 920 644 610 921 649 608 922 648 607 923 647 610 924 649 609 925 650 608 926 648 614 927 653 612 928 652 611 929 651 614 930 653 613 931 654 612 932 652 617 933 657 616 934 656 615 935 655 617 936 657 618 937 658 616 938 656 622 939 661 620 940 660 619 941 659 622 942 661 621 943 662 620 944 660 625 945 665 624 946 664 623 947 663 625 948 665 626 949 666 624 950 664 629 951 669 628 952 668 627 953 667 629 954 669 630 955 670 628 956 668 634 957 673 632 958 672 631 959 671 634 960 673 633 961 674 632 962 672 637 963 677 636 964 676 635 965 675 637 966 677 638 967 678 636 968 676 642 969 681 640 970 680 639 971 679 642 972 681 641 973 682 640 974 680 646 975 685 644 976 684 643 977 683 646 978 685 645 979 686 644 980 684 650 981 689 648 982 688 647 983 687 650 984 689 649 985 690 648 986 688 652 987 693 653 988 692 651 989 691 652 990 693 654 991 694 653 992 692 658 993 697 656 994 696 655 995 695 658 996 697 657 997 698 656 998 696 660 999 701 661 1000 700 659 1001 699 660 1002 701 662 1003 702 661 1004 700 665 1005 705 664 1006 704 663 1007 703 665 1008 705 666 1009 706 664 1010 704 670 1011 709 668 1012 708 667 1013 707 670 1014 709 669 1015 710 668 1016 708 673 1017 713 672 1018 712 671 1019 711 673 1020 713 674 1021 714 672 1022 712 678 1023 717 676 1024 716 675 1025 715 678 1026 717 677 1027 718 676 1028 716 682 1029 721 680 1030 720 679 1031 719 682 1032 721 681 1033 722 680 1034 720 686 1035 725 684 1036 724 683 1037 723 686 1038 725 685 1039 726 684 1040 724 690 1041 729 688 1042 728 687 1043 727 690 1044 729 689 1045 730 688 1046 728 694 1047 733 692 1048 732 691 1049 731 694 1050 733 693 1051 734 692 1052 732 696 1053 737 697 1054 736 695 1055 735 696 1056 737 698 1057 738 697 1058 736 702 1059 741 700 1060 740 699 1061 739 702 1062 741 701 1063 742 700 1064 740 705 1065 745 704 1066 744 703 1067 743 705 1068 745 706 1069 746 704 1070 744 709 1071 749 708 1072 748 707 1073 747 709 1074 749 710 1075 750 708 1076 748 713 1077 753 712 1078 752 711 1079 751 713 1080 753 714 1081 754 712 1082 752 718 1083 757 716 1084 756 715 1085 755 718 1086 757 717 1087 758 716 1088 756 722 1089 761 720 1090 760 719 1091 759 722 1092 761 721 1093 762 720 1094 760 726 1095 765 724 1096 764 723 1097 763 726 1098 765 725 1099 766 724 1100 764 728 1101 769 729 1102 768 727 1103 767 728 1104 769 730 1105 770 729 1106 768 732 1107 773 733 1108 772 731 1109 771 732 1110 773 734 1111 774 733 1112 772 738 1113 777 736 1114 776 735 1115 775 738 1116 777 737 1117 778 736 1118 776 740 1119 781 741 1120 780 739 1121 779 740 1122 781 742 1123 782 741 1124 780 745 1125 785 744 1126 784 743 1127 783 745 1128 785 746 1129 786 744 1130 784 750 1131 789 748 1132 788 747 1133 787 750 1134 789 749 1135 790 748 1136 788 753 1137 793 752 1138 792 751 1139 791 753 1140 793 754 1141 794 752 1142 792 756 1143 797 757 1144 796 755 1145 795 756 1146 797 758 1147 798 757 1148 796 760 1149 801 761 1150 800 759 1151 799 760 1152 801 762 1153 802 761 1154 800 764 1155 805 765 1156 804 763 1157 803 764 1158 805 766 1159 806 765 1160 804 768 1161 809 769 1162 808 767 1163 807 768 1164 809 770 1165 810 769 1166 808 774 1167 813 772 1168 812 771 1169 811 774 1170 813 773 1171 814 772 1172 812 777 1173 817 776 1174 816 775 1175 815 777 1176 817 778 1177 818 776 1178 816 781 1179 821 780 1180 820 779 1181 819 781 1182 821 782 1183 822 780 1184 820 784 1185 825 785 1186 824 783 1187 823 784 1188 825 786 1189 826 785 1190 824 790 1191 829 788 1192 828 787 1193 827 790 1194 829 789 1195 830 788 1196 828 794 1197 833 792 1198 832 791 1199 831 794 1200 833 793 1201 834 792 1202 832 797 1203 837 796 1204 836 795 1205 835 797 1206 837 798 1207 838 796 1208 836 800 1209 841 801 1210 840 799 1211 839 800 1212 841 802 1213 842 801 1214 840 806 1215 845 804 1216 844 803 1217 843 806 1218 845 805 1219 846 804 1220 844 809 1221 849 808 1222 848 807 1223 847 809 1224 849 810 1225 850 808 1226 848 812 1227 853 813 1228 852 811 1229 851 812 1230 853 814 1231 854 813 1232 852 816 1233 857 817 1234 856 815 1235 855 816 1236 857 818 1237 858 817 1238 856 822 1239 861 820 1240 860 819 1241 859 822 1242 861 821 1243 862 820 1244 860 826 1245 865 824 1246 864 823 1247 863 826 1248 865 825 1249 866 824 1250 864 830 1251 869 828 1252 868 827 1253 867 830 1254 869 829 1255 870 828 1256 868 833 1257 873 832 1258 872 831 1259 871 833 1260 873 834 1261 874 832 1262 872 838 1263 877 836 1264 876 835 1265 875 838 1266 877 837 1267 878 836 1268 876 842 1269 881 840 1270 880 839 1271 879 842 1272 881 841 1273 882 840 1274 880 846 1275 885 844 1276 884 843 1277 883 846 1278 885 845 1279 886 844 1280 884 849 1281 889 848 1282 888 847 1283 887 849 1284 889 850 1285 890 848 1286 888 852 1287 893 853 1288 892 851 1289 891 852 1290 893 854 1291 894 853 1292 892 856 1293 897 857 1294 896 855 1295 895 856 1296 897 858 1297 898 857 1298 896 861 1299 901 860 1300 900 859 1301 899 861 1302 901 862 1303 902 860 1304 900 864 1305 905 865 1306 904 863 1307 903 864 1308 905 866 1309 906 865 1310 904 870 1311 909 868 1312 908 867 1313 907 870 1314 909 869 1315 910 868 1316 908 873 1317 913 872 1318 912 871 1319 911 873 1320 913 874 1321 914 872 1322 912 876 1323 917 877 1324 916 875 1325 915 876 1326 917 878 1327 918 877 1328 916 880 1329 921 881 1330 920 879 1331 919 880 1332 921 882 1333 922 881 1334 920 886 1335 925 884 1336 924 883 1337 923 886 1338 925 885 1339 926 884 1340 924 889 1341 929 888 1342 928 887 1343 927 889 1344 929 890 1345 930 888 1346 928 894 1347 933 892 1348 932 891 1349 931 894 1350 933 893 1351 934 892 1352 932 898 1353 937 896 1354 936 895 1355 935 898 1356 937 897 1357 938 896 1358 936 900 1359 941 901 1360 940 899 1361 939 900 1362 941 902 1363 942 901 1364 940 906 1365 945 904 1366 944 903 1367 943 906 1368 945 905 1369 946 904 1370 944 909 1371 949 908 1372 948 907 1373 947 909 1374 949 910 1375 950 908 1376 948 912 1377 953 913 1378 952 911 1379 951 912 1380 953 914 1381 954 913 1382 952 916 1383 957 917 1384 956 915 1385 955 916 1386 957 918 1387 958 917 1388 956 922 1389 961 920 1390 960 919 1391 959 922 1392 961 921 1393 962 920 1394 960 926 1395 965 924 1396 964 923 1397 963 926 1398 965 925 1399 966 924 1400 964 929 1401 969 928 1402 968 927 1403 967 929 1404 969 930 1405 970 928 1406 968 932 1407 973 933 1408 972 931 1409 971 932 1410 973 934 1411 974 933 1412 972 937 1413 977 936 1414 976 935 1415 975 937 1416 977 938 1417 978 936 1418 976 942 1419 981 940 1420 980 939 1421 979 942 1422 981 941 1423 982 940 1424 980 945 1425 985 944 1426 984 943 1427 983 945 1428 985 946 1429 986 944 1430 984 950 1431 989 948 1432 988 947 1433 987 950 1434 989 949 1435 990 948 1436 988 954 1437 993 952 1438 992 951 1439 991 954 1440 993 953 1441 994 952 1442 992 956 1443 997 957 1444 996 955 1445 995 956 1446 997 958 1447 998 957 1448 996 960 1449 1001 961 1450 1000 959 1451 999 960 1452 1001 962 1453 1002 961 1454 1000 964 1455 1005 965 1456 1004 963 1457 1003 964 1458 1005 966 1459 1006 965 1460 1004 969 1461 1009 968 1462 1008 967 1463 1007 969 1464 1009 970 1465 1010 968 1466 1008 972 1467 1013 973 1468 1012 971 1469 1011 972 1470 1013 974 1471 1014 973 1472 1012 978 1473 1017 976 1474 1016 975 1475 1015 978 1476 1017 977 1477 1018 976 1478 1016 982 1479 1021 980 1480 1020 979 1481 1019 982 1482 1021 981 1483 1022 980 1484 1020 984 1485 1025 985 1486 1024 983 1487 1023 984 1488 1025 986 1489 1026 985 1490 1024 990 1491 1029 988 1492 1028 987 1493 1027 990 1494 1029 989 1495 1030 988 1496 1028 994 1497 1033 992 1498 1032 991 1499 1031 994 1500 1033 993 1501 1034 992 1502 1032 997 1503 1037 996 1504 1036 995 1505 1035 997 1506 1037 998 1507 1038 996 1508 1036 1000 1509 1041 1001 1510 1040 999 1511 1039 1000 1512 1041 1002 1513 1042 1001 1514 1040 1006 1515 1045 1004 1516 1044 1003 1517 1043 1006 1518 1045 1005 1519 1046 1004 1520 1044 1009 1521 1049 1008 1522 1048 1007 1523 1047 1009 1524 1049 1010 1525 1050 1008 1526 1048 1014 1527 1053 1012 1528 1052 1011 1529 1051 1014 1530 1053 1013 1531 1054 1012 1532 1052 1017 1533 1057 1016 1534 1056 1015 1535 1055 1017 1536 1057 1018 1537 1058 1016 1538 1056 1020 1539 1061 1021 1540 1060 1019 1541 1059 1020 1542 1061 1022 1543 1062 1021 1544 1060 1026 1545 1065 1024 1546 1064 1023 1547 1063 1026 1548 1065 1025 1549 1066 1024 1550 1064 1030 1551 1069 1028 1552 1068 1027 1553 1067 1030 1554 1069 1029 1555 1070 1028 1556 1068 1034 1557 1073 1032 1558 1072 1031 1559 1071 1034 1560 1073 1033 1561 1074 1032 1562 1072 1038 1563 1077 1036 1564 1076 1035 1565 1075 1038 1566 1077 1037 1567 1078 1036 1568 1076 1041 1569 1081 1040 1570 1080 1039 1571 1079 1041 1572 1081 1042 1573 1082 1040 1574 1080 1046 1575 1085 1044 1576 1084 1043 1577 1083 1046 1578 1085 1045 1579 1086 1044 1580 1084 1049 1581 1089 1048 1582 1088 1047 1583 1087 1049 1584 1089 1050 1585 1090 1048 1586 1088 1054 1587 1093 1052 1588 1092 1051 1589 1091 1054 1590 1093 1053 1591 1094 1052 1592 1092 1058 1593 1097 1056 1594 1096 1055 1595 1095 1058 1596 1097 1057 1597 1098 1056 1598 1096 1062 1599 1101 1060 1600 1100 1059 1601 1099 1062 1602 1101 1061 1603 1102 1060 1604 1100 1065 1605 1105 1064 1606 1104 1063 1607 1103 1065 1608 1105 1066 1609 1106 1064 1610 1104 1068 1611 1109 1069 1612 1108 1067 1613 1107 1068 1614 1109 1070 1615 1110 1069 1616 1108 1074 1617 1113 1072 1618 1112 1071 1619 1111 1074 1620 1113 1073 1621 1114 1072 1622 1112 1078 1623 1117 1076 1624 1116 1075 1625 1115 1078 1626 1117 1077 1627 1118 1076 1628 1116 1082 1629 1121 1080 1630 1120 1079 1631 1119 1082 1632 1121 1081 1633 1122 1080 1634 1120 1084 1635 1125 1085 1636 1124 1083 1637 1123 1084 1638 1125 1086 1639 1126 1085 1640 1124 1089 1641 1129 1088 1642 1128 1087 1643 1127 1089 1644 1129 1090 1645 1130 1088 1646 1128 1094 1647 1133 1092 1648 1132 1091 1649 1131 1094 1650 1133 1093 1651 1134 1092 1652 1132 1096 1653 1137 1097 1654 1136 1095 1655 1135 1096 1656 1137 1098 1657 1138 1097 1658 1136 1102 1659 1141 1100 1660 1140 1099 1661 1139 1102 1662 1141 1101 1663 1142 1100 1664 1140 1104 1665 1145 1105 1666 1144 1103 1667 1143 1104 1668 1145 1106 1669 1146 1105 1670 1144 1108 1671 1149 1109 1672 1148 1107 1673 1147 1108 1674 1149 1110 1675 1150 1109 1676 1148 1113 1677 1153 1112 1678 1152 1111 1679 1151 1113 1680 1153 1114 1681 1154 1112 1682 1152 1118 1683 1157 1116 1684 1156 1115 1685 1155 1118 1686 1157 1117 1687 1158 1116 1688 1156 1121 1689 1161 1120 1690 1160 1119 1691 1159 1121 1692 1161 1122 1693 1162 1120 1694 1160 1126 1695 1165 1124 1696 1164 1123 1697 1163 1126 1698 1165 1125 1699 1166 1124 1700 1164 1130 1701 1169 1128 1702 1168 1127 1703 1167 1130 1704 1169 1129 1705 1170 1128 1706 1168 1133 1707 1173 1132 1708 1172 1131 1709 1171 1133 1710 1173 1134 1711 1174 1132 1712 1172 1136 1713 1177 1137 1714 1176 1135 1715 1175 1136 1716 1177 1138 1717 1178 1137 1718 1176 1142 1719 1181 1140 1720 1180 1139 1721 1179 1142 1722 1181 1141 1723 1182 1140 1724 1180 1144 1725 1185 1145 1726 1184 1143 1727 1183 1144 1728 1185 1146 1729 1186 1145 1730 1184 1150 1731 1189 1148 1732 1188 1147 1733 1187 1150 1734 1189 1149 1735 1190 1148 1736 1188 1154 1737 1193 1152 1738 1192 1151 1739 1191 1154 1740 1193 1153 1741 1194 1152 1742 1192 1158 1743 1197 1156 1744 1196 1155 1745 1195 1158 1746 1197 1157 1747 1198 1156 1748 1196 1162 1749 1201 1160 1750 1200 1159 1751 1199 1162 1752 1201 1161 1753 1202 1160 1754 1200 1164 1755 1205 1165 1756 1204 1163 1757 1203 1164 1758 1205 1166 1759 1206 1165 1760 1204 1169 1761 1209 1168 1762 1208 1167 1763 1207 1169 1764 1209 1170 1765 1210 1168 1766 1208 1174 1767 1213 1172 1768 1212 1171 1769 1211 1174 1770 1213 1173 1771 1214 1172 1772 1212 1176 1773 1217 1177 1774 1216 1175 1775 1215 1176 1776 1217 1178 1777 1218 1177 1778 1216 1181 1779 1221 1180 1780 1220 1179 1781 1219 1181 1782 1221 1182 1783 1222 1180 1784 1220 1186 1785 1225 1184 1786 1224 1183 1787 1223 1186 1788 1225 1185 1789 1226 1184 1790 1224 1190 1791 1229 1188 1792 1228 1187 1793 1227 1190 1794 1229 1189 1795 1230 1188 1796 1228 1194 1797 1233 1192 1798 1232 1191 1799 1231 1194 1800 1233 1193 1801 1234 1192 1802 1232 1198 1803 1237 1196 1804 1236 1195 1805 1235 1198 1806 1237 1197 1807 1238 1196 1808 1236 1201 1809 1241 1200 1810 1240 1199 1811 1239 1201 1812 1241 1202 1813 1242 1200 1814 1240 1204 1815 1245 1205 1816 1244 1203 1817 1243 1204 1818 1245 1206 1819 1246 1205 1820 1244 1209 1821 1249 1208 1822 1248 1207 1823 1247 1209 1824 1249 1210 1825 1250 1208 1826 1248 1213 1827 1253 1212 1828 1252 1211 1829 1251 1213 1830 1253 1214 1831 1254 1212 1832 1252 1216 1833 1257 1217 1834 1256 1215 1835 1255 1216 1836 1257 1218 1837 1258 1217 1838 1256 1222 1839 1261 1220 1840 1260 1219 1841 1259 1222 1842 1261 1221 1843 1262 1220 1844 1260 1224 1845 1265 1225 1846 1264 1223 1847 1263 1224 1848 1265 1226 1849 1266 1225 1850 1264 1228 1851 1269 1229 1852 1268 1227 1853 1267 1228 1854 1269 1230 1855 1270 1229 1856 1268 1233 1857 1273 1232 1858 1272 1231 1859 1271 1233 1860 1273 1234 1861 1274 1232 1862 1272 1236 1863 1277 1237 1864 1276 1235 1865 1275 1236 1866 1277 1238 1867 1278 1237 1868 1276 1241 1869 1281 1240 1870 1280 1239 1871 1279 1241 1872 1281 1242 1873 1282 1240 1874 1280 1245 1875 1285 1244 1876 1284 1243 1877 1283 1245 1878 1285 1246 1879 1286 1244 1880 1284 1248 1881 1289 1249 1882 1288 1247 1883 1287 1248 1884 1289 1250 1885 1290 1249 1886 1288 1253 1887 1293 1252 1888 1292 1251 1889 1291 1253 1890 1293 1254 1891 1294 1252 1892 1292 1257 1893 1297 1256 1894 1296 1255 1895 1295 1257 1896 1297 1258 1897 1298 1256 1898 1296 1262 1899 1301 1260 1900 1300 1259 1901 1299 1262 1902 1301 1261 1903 1302 1260 1904 1300 1265 1905 1305 1264 1906 1304 1263 1907 1303 1265 1908 1305 1266 1909 1306 1264 1910 1304 1268 1911 1309 1269 1912 1308 1267 1913 1307 1268 1914 1309 1270 1915 1310 1269 1916 1308 1274 1917 1313 1272 1918 1312 1271 1919 1311 1274 1920 1313 1273 1921 1314 1272 1922 1312 1276 1923 1317 1277 1924 1316 1275 1925 1315 1276 1926 1317 1278 1927 1318 1277 1928 1316 1282 1929 1321 1280 1930 1320 1279 1931 1319 1282 1932 1321 1281 1933 1322 1280 1934 1320 1286 1935 1325 1284 1936 1324 1283 1937 1323 1286 1938 1325 1285 1939 1326 1284 1940 1324 1290 1941 1329 1288 1942 1328 1287 1943 1327 1290 1944 1329 1289 1945 1330 1288 1946 1328 1294 1947 1333 1292 1948 1332 1291 1949 1331 1294 1950 1333 1293 1951 1334 1292 1952 1332 1296 1953 1337 1297 1954 1336 1295 1955 1335 1296 1956 1337 1298 1957 1338 1297 1958 1336 1302 1959 1341 1300 1960 1340 1299 1961 1339 1302 1962 1341 1301 1963 1342 1300 1964 1340 1305 1965 1345 1304 1966 1344 1303 1967 1343 1305 1968 1345 1306 1969 1346 1304 1970 1344 1310 1971 1349 1308 1972 1348 1307 1973 1347 1310 1974 1349 1309 1975 1350 1308 1976 1348 1313 1977 1353 1312 1978 1352 1311 1979 1351 1313 1980 1353 1314 1981 1354 1312 1982 1352 1318 1983 1357 1316 1984 1356 1315 1985 1355 1318 1986 1357 1317 1987 1358 1316 1988 1356 1320 1989 1361 1321 1990 1360 1319 1991 1359 1320 1992 1361 1322 1993 1362 1321 1994 1360 1324 1995 1365 1325 1996 1364 1323 1997 1363 1324 1998 1365 1326 1999 1366 1325 2000 1364 1330 2001 1369 1328 2002 1368 1327 2003 1367 1330 2004 1369 1329 2005 1370 1328 2006 1368 1333 2007 1373 1332 2008 1372 1331 2009 1371 1333 2010 1373 1334 2011 1374 1332 2012 1372 1338 2013 1377 1336 2014 1376 1335 2015 1375 1338 2016 1377 1337 2017 1378 1336 2018 1376 1340 2019 1381 1341 2020 1380 1339 2021 1379 1340 2022 1381 1342 2023 1382 1341 2024 1380 1346 2025 1385 1344 2026 1384 1343 2027 1383 1346 2028 1385 1345 2029 1386 1344 2030 1384 1349 2031 1389 1348 2032 1388 1347 2033 1387 1349 2034 1389 1350 2035 1390 1348 2036 1388 1352 2037 1393 1353 2038 1392 1351 2039 1391 1352 2040 1393 1354 2041 1394 1353 2042 1392 1356 2043 1397 1357 2044 1396 1355 2045 1395 1356 2046 1397 1358 2047 1398 1357 2048 1396 1361 2049 1401 1360 2050 1400 1359 2051 1399 1361 2052 1401 1362 2053 1402 1360 2054 1400 1366 2055 1405 1364 2056 1404 1363 2057 1403 1366 2058 1405 1365 2059 1406 1364 2060 1404 1370 2061 1409 1368 2062 1408 1367 2063 1407 1370 2064 1409 1369 2065 1410 1368 2066 1408 1374 2067 1413 1372 2068 1412 1371 2069 1411 1374 2070 1413 1373 2071 1414 1372 2072 1412 1377 2073 1417 1376 2074 1416 1375 2075 1415 1377 2076 1417 1378 2077 1418 1376 2078 1416 1381 2079 1421 1380 2080 1420 1379 2081 1419 1381 2082 1421 1382 2083 1422 1380 2084 1420 1384 2085 1425 1385 2086 1424 1383 2087 1423 1384 2088 1425 1386 2089 1426 1385 2090 1424 1389 2091 1429 1388 2092 1428 1387 2093 1427 1389 2094 1429 1390 2095 1430 1388 2096 1428 1393 2097 1433 1392 2098 1432 1391 2099 1431 1393 2100 1433 1394 2101 1434 1392 2102 1432 1396 2103 1437 1397 2104 1436 1395 2105 1435 1396 2106 1437 1398 2107 1438 1397 2108 1436 1402 2109 1441 1400 2110 1440 1399 2111 1439 1402 2112 1441 1401 2113 1442 1400 2114 1440 1406 2115 1445 1404 2116 1444 1403 2117 1443 1406 2118 1445 1405 2119 1446 1404 2120 1444 1410 2121 1449 1408 2122 1448 1407 2123 1447 1410 2124 1449 1409 2125 1450 1408 2126 1448 1414 2127 1453 1412 2128 1452 1411 2129 1451 1414 2130 1453 1413 2131 1454 1412 2132 1452 1416 2133 1457 1417 2134 1456 1415 2135 1455 1416 2136 1457 1418 2137 1458 1417 2138 1456 1422 2139 1461 1420 2140 1460 1419 2141 1459 1422 2142 1461 1421 2143 1462 1420 2144 1460 1424 2145 1465 1425 2146 1464 1423 2147 1463 1424 2148 1465 1426 2149 1466 1425 2150 1464 1429 2151 1469 1428 2152 1468 1427 2153 1467 1429 2154 1469 1430 2155 1470 1428 2156 1468 1432 2157 1473 1433 2158 1472 1431 2159 1471 1432 2160 1473 1434 2161 1474 1433 2162 1472 1436 2163 1477 1437 2164 1476 1435 2165 1475 1436 2166 1477 1438 2167 1478 1437 2168 1476 1440 2169 1481 1441 2170 1480 1439 2171 1479 1440 2172 1481 1442 2173 1482 1441 2174 1480 1445 2175 1485 1444 2176 1484 1443 2177 1483 1445 2178 1485 1446 2179 1486 1444 2180 1484 1450 2181 1489 1448 2182 1488 1447 2183 1487 1450 2184 1489 1449 2185 1490 1448 2186 1488 1452 2187 1493 1453 2188 1492 1451 2189 1491 1452 2190 1493 1454 2191 1494 1453 2192 1492 1458 2193 1497 1456 2194 1496 1455 2195 1495 1458 2196 1497 1457 2197 1498 1456 2198 1496 1462 2199 1501 1460 2200 1500 1459 2201 1499 1462 2202 1501 1461 2203 1502 1460 2204 1500 1466 2205 1505 1464 2206 1504 1463 2207 1503 1466 2208 1505 1465 2209 1506 1464 2210 1504 1468 2211 1509 1469 2212 1508 1467 2213 1507 1468 2214 1509 1470 2215 1510 1469 2216 1508 1473 2217 1513 1472 2218 1512 1471 2219 1511 1473 2220 1513 1474 2221 1514 1472 2222 1512 1478 2223 1517 1476 2224 1516 1475 2225 1515 1478 2226 1517 1477 2227 1518 1476 2228 1516 1482 2229 1521 1480 2230 1520 1479 2231 1519 1482 2232 1521 1481 2233 1522 1480 2234 1520 1486 2235 1525 1484 2236 1524 1483 2237 1523 1486 2238 1525 1485 2239 1526 1484 2240 1524 1490 2241 1529 1488 2242 1528 1487 2243 1527 1490 2244 1529 1489 2245 1530 1488 2246 1528 1494 2247 1533 1492 2248 1532 1491 2249 1531 1494 2250 1533 1493 2251 1534 1492 2252 1532 1496 2253 1537 1497 2254 1536 1495 2255 1535 1496 2256 1537 1498 2257 1538 1497 2258 1536 1501 2259 1541 1500 2260 1540 1499 2261 1539 1501 2262 1541 1502 2263 1542 1500 2264 1540 1505 2265 1545 1504 2266 1544 1503 2267 1543 1505 2268 1545 1506 2269 1546 1504 2270 1544 1508 2271 1549 1509 2272 1548 1507 2273 1547 1508 2274 1549 1510 2275 1550 1509 2276 1548 1513 2277 1553 1512 2278 1552 1511 2279 1551 1513 2280 1553 1514 2281 1554 1512 2282 1552 1516 2283 1557 1517 2284 1556 1515 2285 1555 1516 2286 1557 1518 2287 1558 1517 2288 1556 1522 2289 1561 1520 2290 1560 1519 2291 1559 1522 2292 1561 1521 2293 1562 1520 2294 1560 1526 2295 1565 1524 2296 1564 1523 2297 1563 1526 2298 1565 1525 2299 1566 1524 2300 1564 1530 2301 1569 1528 2302 1568 1527 2303 1567 1530 2304 1569 1529 2305 1570 1528 2306 1568 1533 2307 1573 1532 2308 1572 1531 2309 1571 1533 2310 1573 1534 2311 1574 1532 2312 1572 1537 2313 1577 1536 2314 1576 1535 2315 1575 1537 2316 1577 1538 2317 1578 1536 2318 1576 1542 2319 1581 1540 2320 1580 1539 2321 1579 1542 2322 1581 1541 2323 1582 1540 2324 1580 1545 2325 1585 1544 2326 1584 1543 2327 1583 1545 2328 1585 1546 2329 1586 1544 2330 1584 1550 2331 1589 1548 2332 1588 1547 2333 1587 1550 2334 1589 1549 2335 1590 1548 2336 1588 1553 2337 1593 1552 2338 1592 1551 2339 1591 1553 2340 1593 1554 2341 1594 1552 2342 1592 1558 2343 1597 1556 2344 1596 1555 2345 1595 1558 2346 1597 1557 2347 1598 1556 2348 1596 1562 2349 1601 1560 2350 1600 1559 2351 1599 1562 2352 1601 1561 2353 1602 1560 2354 1600 1565 2355 1605 1564 2356 1604 1563 2357 1603 1565 2358 1605 1566 2359 1606 1564 2360 1604 1570 2361 1609 1568 2362 1608 1567 2363 1607 1570 2364 1609 1569 2365 1610 1568 2366 1608 1574 2367 1613 1572 2368 1612 1571 2369 1611 1574 2370 1613 1573 2371 1614 1572 2372 1612 1577 2373 1617 1576 2374 1616 1575 2375 1615 1577 2376 1617 1578 2377 1618 1576 2378 1616 1580 2379 1621 1581 2380 1620 1579 2381 1619 1580 2382 1621 1582 2383 1622 1581 2384 1620 1586 2385 1625 1584 2386 1624 1583 2387 1623 1586 2388 1625 1585 2389 1626 1584 2390 1624 1590 2391 1629 1588 2392 1628 1587 2393 1627 1590 2394 1629 1589 2395 1630 1588 2396 1628 1593 2397 1633 1592 2398 1632 1591 2399 1631 1593 2400 1633 1594 2401 1634 1592 2402 1632 1596 2403 1637 1597 2404 1636 1595 2405 1635 1596 2406 1637 1598 2407 1638 1597 2408 1636 1602 2409 1641 1600 2410 1640 1599 2411 1639 1602 2412 1641 1601 2413 1642 1600 2414 1640 1604 2415 1645 1605 2416 1644 1603 2417 1643 1604 2418 1645 1606 2419 1646 1605 2420 1644 1610 2421 1649 1608 2422 1648 1607 2423 1647 1610 2424 1649 1609 2425 1650 1608 2426 1648 1614 2427 1653 1612 2428 1652 1611 2429 1651 1614 2430 1653 1613 2431 1654 1612 2432 1652 1618 2433 1657 1616 2434 1656 1615 2435 1655 1618 2436 1657 1617 2437 1658 1616 2438 1656 1621 2439 1661 1620 2440 1660 1619 2441 1659 1621 2442 1661 1622 2443 1662 1620 2444 1660 1625 2445 1665 1624 2446 1664 1623 2447 1663 1625 2448 1665 1626 2449 1666 1624 2450 1664 1629 2451 1669 1628 2452 1668 1627 2453 1667 1629 2454 1669 1630 2455 1670 1628 2456 1668 1634 2457 1673 1632 2458 1672 1631 2459 1671 1634 2460 1673 1633 2461 1674 1632 2462 1672 1638 2463 1677 1636 2464 1676 1635 2465 1675 1638 2466 1677 1637 2467 1678 1636 2468 1676 1642 2469 1681 1640 2470 1680 1639 2471 1679 1642 2472 1681 1641 2473 1682 1640 2474 1680 1645 2475 1685 1644 2476 1684 1643 2477 1683 1645 2478 1685 1646 2479 1686 1644 2480 1684 1649 2481 1689 1648 2482 1688 1647 2483 1687 1649 2484 1689 1650 2485 1690 1648 2486 1688 1654 2487 1693 1652 2488 1692 1651 2489 1691 1654 2490 1693 1653 2491 1694 1652 2492 1692 1658 2493 1697 1656 2494 1696 1655 2495 1695 1658 2496 1697 1657 2497 1698 1656 2498 1696 1662 2499 1701 1660 2500 1700 1659 2501 1699 1662 2502 1701 1661 2503 1702 1660 2504 1700 1666 2505 1705 1664 2506 1704 1663 2507 1703 1666 2508 1705 1665 2509 1706 1664 2510 1704 1668 2511 1709 1669 2512 1708 1667 2513 1707 1668 2514 1709 1670 2515 1710 1669 2516 1708 1674 2517 1713 1672 2518 1712 1671 2519 1711 1674 2520 1713 1673 2521 1714 1672 2522 1712 1677 2523 1717 1676 2524 1716 1675 2525 1715 1677 2526 1717 1678 2527 1718 1676 2528 1716 1681 2529 1721 1680 2530 1720 1679 2531 1719 1681 2532 1721 1682 2533 1722 1680 2534 1720 1685 2535 1725 1684 2536 1724 1683 2537 1723 1685 2538 1725 1686 2539 1726 1684 2540 1724 1690 2541 1729 1688 2542 1728 1687 2543 1727 1690 2544 1729 1689 2545 1730 1688 2546 1728 1693 2547 1733 1692 2548 1732 1691 2549 1731 1693 2550 1733 1694 2551 1734 1692 2552 1732 1698 2553 1737 1696 2554 1736 1695 2555 1735 1698 2556 1737 1697 2557 1738 1696 2558 1736 1702 2559 1741 1700 2560 1740 1699 2561 1739 1702 2562 1741 1701 2563 1742 1700 2564 1740 1706 2565 1745 1704 2566 1744 1703 2567 1743 1706 2568 1745 1705 2569 1746 1704 2570 1744 1710 2571 1749 1708 2572 1748 1707 2573 1747 1710 2574 1749 1709 2575 1750 1708 2576 1748 1714 2577 1753 1712 2578 1752 1711 2579 1751 1714 2580 1753 1713 2581 1754 1712 2582 1752 1717 2583 1757 1716 2584 1756 1715 2585 1755 1717 2586 1757 1718 2587 1758 1716 2588 1756 1720 2589 1761 1721 2590 1760 1719 2591 1759 1720 2592 1761 1722 2593 1762 1721 2594 1760 1724 2595 1765 1725 2596 1764 1723 2597 1763 1724 2598 1765 1726 2599 1766 1725 2600 1764 1728 2601 1769 1729 2602 1768 1727 2603 1767 1728 2604 1769 1730 2605 1770 1729 2606 1768 1733 2607 1773 1732 2608 1772 1731 2609 1771 1733 2610 1773 1734 2611 1774 1732 2612 1772 1736 2613 1777 1737 2614 1776 1735 2615 1775 1736 2616 1777 1738 2617 1778 1737 2618 1776 1741 2619 1781 1740 2620 1780 1739 2621 1779 1741 2622 1781 1742 2623 1782 1740 2624 1780 1746 2625 1785 1744 2626 1784 1743 2627 1783 1746 2628 1785 1745 2629 1786 1744 2630 1784 1750 2631 1789 1748 2632 1788 1747 2633 1787 1750 2634 1789 1749 2635 1790 1748 2636 1788 1753 2637 1793 1752 2638 1792 1751 2639 1791 1753 2640 1793 1754 2641 1794 1752 2642 1792 1758 2643 1797 1756 2644 1796 1755 2645 1795 1758 2646 1797 1757 2647 1798 1756 2648 1796 1760 2649 1801 1761 2650 1800 1759 2651 1799 1760 2652 1801 1762 2653 1802 1761 2654 1800 1766 2655 1805 1764 2656 1804 1763 2657 1803 1766 2658 1805 1765 2659 1806 1764 2660 1804 1769 2661 1809 1768 2662 1808 1767 2663 1807 1769 2664 1809 1770 2665 1810 1768 2666 1808 1773 2667 1813 1772 2668 1812 1771 2669 1811 1773 2670 1813 1774 2671 1814 1772 2672 1812 1778 2673 1817 1776 2674 1816 1775 2675 1815 1778 2676 1817 1777 2677 1818 1776 2678 1816 1782 2679 1821 1780 2680 1820 1779 2681 1819 1782 2682 1821 1781 2683 1822 1780 2684 1820 1784 2685 1825 1785 2686 1824 1783 2687 1823 1784 2688 1825 1786 2689 1826 1785 2690 1824 1788 2691 1829 1789 2692 1828 1787 2693 1827 1788 2694 1829 1790 2695 1830 1789 2696 1828 1794 2697 1833 1792 2698 1832 1791 2699 1831 1794 2700 1833 1793 2701 1834 1792 2702 1832 1796 2703 1837 1797 2704 1836 1795 2705 1835 1796 2706 1837 1798 2707 1838 1797 2708 1836 1800 2709 1841 1801 2710 1840 1799 2711 1839 1800 2712 1841 1802 2713 1842 1801 2714 1840 1805 2715 1845 1804 2716 1844 1803 2717 1843 1805 2718 1845 1806 2719 1846 1804 2720 1844 1810 2721 1849 1808 2722 1848 1807 2723 1847 1810 2724 1849 1809 2725 1850 1808 2726 1848 1814 2727 1853 1812 2728 1852 1811 2729 1851 1814 2730 1853 1813 2731 1854 1812 2732 1852 1818 2733 1857 1816 2734 1856 1815 2735 1855 1818 2736 1857 1817 2737 1858 1816 2738 1856 1821 2739 1861 1820 2740 1860 1819 2741 1859 1821 2742 1861 1822 2743 1862 1820 2744 1860 1824 2745 1865 1825 2746 1864 1823 2747 1863 1824 2748 1865 1826 2749 1866 1825 2750 1864 1830 2751 1869 1828 2752 1868 1827 2753 1867 1830 2754 1869 1829 2755 1870 1828 2756 1868 1833 2757 1873 1832 2758 1872 1831 2759 1871 1833 2760 1873 1834 2761 1874 1832 2762 1872 1838 2763 1877 1836 2764 1876 1835 2765 1875 1838 2766 1877 1837 2767 1878 1836 2768 1876 1842 2769 1881 1840 2770 1880 1839 2771 1879 1842 2772 1881 1841 2773 1882 1840 2774 1880 1846 2775 1885 1844 2776 1884 1843 2777 1883 1846 2778 1885 1845 2779 1886 1844 2780 1884 1848 2781 1889 1849 2782 1888 1847 2783 1887 1848 2784 1889 1850 2785 1890 1849 2786 1888 1852 2787 1893 1853 2788 1892 1851 2789 1891 1852 2790 1893 1854 2791 1894 1853 2792 1892 1857 2793 1897 1856 2794 1896 1855 2795 1895 1857 2796 1897 1858 2797 1898 1856 2798 1896 1862 2799 1901 1860 2800 1900 1859 2801 1899 1862 2802 1901 1861 2803 1902 1860 2804 1900 1864 2805 1905 1865 2806 1904 1863 2807 1903 1864 2808 1905 1866 2809 1906 1865 2810 1904 1870 2811 1909 1868 2812 1908 1867 2813 1907 1870 2814 1909 1869 2815 1910 1868 2816 1908 1872 2817 1913 1873 2818 1912 1871 2819 1911 1872 2820 1913 1874 2821 1914 1873 2822 1912 1878 2823 1917 1876 2824 1916 1875 2825 1915 1878 2826 1917 1877 2827 1918 1876 2828 1916 1880 2829 1921 1881 2830 1920 1879 2831 1919 1880 2832 1921 1882 2833 1922 1881 2834 1920 1886 2835 1925 1884 2836 1924 1883 2837 1923 1886 2838 1925 1885 2839 1926 1884 2840 1924 1888 2841 1929 1889 2842 1928 1887 2843 1927 1888 2844 1929 1890 2845 1930 1889 2846 1928 1892 2847 1933 1893 2848 1932 1891 2849 1931 1892 2850 1933 1894 2851 1934 1893 2852 1932 1897 2853 1937 1896 2854 1936 1895 2855 1935 1897 2856 1937 1898 2857 1938 1896 2858 1936 1901 2859 1941 1900 2860 1940 1899 2861 1939 1901 2862 1941 1902 2863 1942 1900 2864 1940 1904 2865 1945 1905 2866 1944 1903 2867 1943 1904 2868 1945 1906 2869 1946 1905 2870 1944 1910 2871 1949 1908 2872 1948 1907 2873 1947 1910 2874 1949 1909 2875 1950 1908 2876 1948 1914 2877 1953 1912 2878 1952 1911 2879 1951 1914 2880 1953 1913 2881 1954 1912 2882 1952 1917 2883 1957 1916 2884 1956 1915 2885 1955 1917 2886 1957 1918 2887 1958 1916 2888 1956 1920 2889 1961 1921 2890 1960 1919 2891 1959 1920 2892 1961 1922 2893 1962 1921 2894 1960 1926 2895 1965 1924 2896 1964 1923 2897 1963 1926 2898 1965 1925 2899 1966 1924 2900 1964 1928 2901 1969 1929 2902 1968 1927 2903 1967 1928 2904 1969 1930 2905 1970 1929 2906 1968 1933 2907 1973 1932 2908 1972 1931 2909 1971 1933 2910 1973 1934 2911 1974 1932 2912 1972 1938 2913 1977 1936 2914 1976 1935 2915 1975 1938 2916 1977 1937 2917 1978 1936 2918 1976 1941 2919 1981 1940 2920 1980 1939 2921 1979 1941 2922 1981 1942 2923 1982 1940 2924 1980 1946 2925 1985 1944 2926 1984 1943 2927 1983 1946 2928 1985 1945 2929 1986 1944 2930 1984 1950 2931 1989 1948 2932 1988 1947 2933 1987 1950 2934 1989 1949 2935 1990 1948 2936 1988 1953 2937 1993 1952 2938 1992 1951 2939 1991 1953 2940 1993 1954 2941 1994 1952 2942 1992 1957 2943 1997 1956 2944 1996 1955 2945 1995 1957 2946 1997 1958 2947 1998 1956 2948 1996 1962 2949 2001 1960 2950 2000 1959 2951 1999 1962 2952 2001 1961 2953 2002 1960 2954 2000 1966 2955 2005 1964 2956 2004 1963 2957 2003 1966 2958 2005 1965 2959 2006 1964 2960 2004 1968 2961 2009 1969 2962 2008 1967 2963 2007 1968 2964 2009 1970 2965 2010 1969 2966 2008 1972 2967 2013 1973 2968 2012 1971 2969 2011 1972 2970 2013 1974 2971 2014 1973 2972 2012 1976 2973 2017 1977 2974 2016 1975 2975 2015 1976 2976 2017 1978 2977 2018 1977 2978 2016 1982 2979 2021 1980 2980 2020 1979 2981 2019 1982 2982 2021 1981 2983 2022 1980 2984 2020 1984 2985 2025 1985 2986 2024 1983 2987 2023 1984 2988 2025 1986 2989 2026 1985 2990 2024 1990 2991 2029 1988 2992 2028 1987 2993 2027 1990 2994 2029 1989 2995 2030 1988 2996 2028 1994 2997 2033 1992 2998 2032 1991 2999 2031 1994 3000 2033 1993 3001 2034 1992 3002 2032 1997 3003 2037 1996 3004 2036 1995 3005 2035 1997 3006 2037 1998 3007 2038 1996 3008 2036 2001 3009 2041 2000 3010 2040 1999 3011 2039 2001 3012 2041 2002 3013 2042 2000 3014 2040 2006 3015 2045 2004 3016 2044 2003 3017 2043 2006 3018 2045 2005 3019 2046 2004 3020 2044 2009 3021 2049 2008 3022 2048 2007 3023 2047 2009 3024 2049 2010 3025 2050 2008 3026 2048 2014 3027 2053 2012 3028 2052 2011 3029 2051 2014 3030 2053 2013 3031 2054 2012 3032 2052 2016 3033 2057 2017 3034 2056 2015 3035 2055 2016 3036 2057 2018 3037 2058 2017 3038 2056 2020 3039 2061 2021 3040 2060 2019 3041 2059 2020 3042 2061 2022 3043 2062 2021 3044 2060 2026 3045 2065 2024 3046 2064 2023 3047 2063 2026 3048 2065 2025 3049 2066 2024 3050 2064 2028 3051 2069 2029 3052 2068 2027 3053 2067 2028 3054 2069 2030 3055 2070 2029 3056 2068 2034 3057 2073 2032 3058 2072 2031 3059 2071 2034 3060 2073 2033 3061 2074 2032 3062 2072 2036 3063 2077 2037 3064 2076 2035 3065 2075 2036 3066 2077 2038 3067 2078 2037 3068 2076 2040 3069 2081 2041 3070 2080 2039 3071 2079 2040 3072 2081 2042 3073 2082 2041 3074 2080 1 3075 2 2044 3076 2084 2043 3077 2083 1 3078 2 2045 3079 0 2044 3080 2084 2047 3081 2087 2048 3082 2086 2046 3083 2085 2047 3084 2087 2049 3085 2088 2048 3086 2086 2053 3087 2091 2051 3088 2090 2050 3089 2089 2053 3090 2091 2052 3091 2092 2051 3092 2090 2055 3093 2095 2056 3094 2094 2054 3095 2093 2055 3096 2095 2057 3097 2096 2056 3098 2094 2059 3099 2099 2060 3100 2098 2058 3101 2097 2059 3102 2099 2061 3103 2100 2060 3104 2098 2065 3105 2103 2063 3106 2102 2062 3107 2101 2065 3108 2103 2064 3109 2104 2063 3110 2102 2068 3111 2107 2067 3112 2106 2066 3113 2105 2068 3114 2107 2069 3115 2108 2067 3116 2106 2071 3117 2111 2072 3118 2110 2070 3119 2109 2071 3120 2111 2073 3121 2112 2072 3122 2110 2075 3123 2115 2076 3124 2114 2074 3125 2113 2075 3126 2115 2077 3127 2116 2076 3128 2114 2081 3129 2119 2079 3130 2118 2078 3131 2117 2081 3132 2119 2080 3133 2120 2079 3134 2118 2085 3135 2123 2083 3136 2122 2082 3137 2121 2085 3138 2123 2084 3139 2124 2083 3140 2122 2087 3141 2127 2088 3142 2126 2086 3143 2125 2087 3144 2127 2089 3145 2128 2088 3146 2126 2092 3147 5 2090 3148 2129 3 3149 4 2092 3150 5 2091 3151 2130 2090 3152 2129 2096 3153 2131 2094 3154 7 2093 3155 8 2096 3156 2131 2095 3157 2132 2094 3158 7 2100 3159 2135 2098 3160 2134 2097 3161 2133 2100 3162 2135 2099 3163 2136 2098 3164 2134 2103 3165 11 2102 3166 2138 2101 3167 2137 2103 3168 11 5 3169 9 2102 3170 2138 2106 3171 2141 2105 3172 2140 2104 3173 2139 2106 3174 2141 2107 3175 2142 2105 3176 2140 2110 3177 2145 2109 3178 2144 2108 3179 2143 2110 3180 2145 2111 3181 2146 2109 3182 2144 2115 3183 2149 2113 3184 2148 2112 3185 2147 2115 3186 2149 2114 3187 2150 2113 3188 2148 2118 3189 2153 2117 3190 2152 2116 3191 2151 2118 3192 2153 2119 3193 2154 2117 3194 2152 2123 3195 2157 2121 3196 2156 2120 3197 2155 2123 3198 2157 2122 3199 2158 2121 3200 2156 2125 3201 2161 2126 3202 2160 2124 3203 2159 2125 3204 2161 2127 3205 2162 2126 3206 2160 2129 3207 2165 2130 3208 2164 2128 3209 2163 2129 3210 2165 2131 3211 2166 2130 3212 2164 2133 3213 17 2134 3214 2168 2132 3215 2167 2133 3216 17 2135 3217 15 2134 3218 2168 2137 3219 2171 2138 3220 2170 2136 3221 2169 2137 3222 2171 2139 3223 2172 2138 3224 2170 2143 3225 2175 2141 3226 2174 2140 3227 2173 2143 3228 2175 2142 3229 2176 2141 3230 2174 2147 3231 2179 2145 3232 2178 2144 3233 2177 2147 3234 2179 2146 3235 2180 2145 3236 2178 2151 3237 2183 2149 3238 2182 2148 3239 2181 2151 3240 2183 2150 3241 2184 2149 3242 2182 2152 3243 2185 9 3244 14 7 3245 12 2152 3246 2185 2153 3247 2186 9 3248 14 2157 3249 2189 2155 3250 2188 2154 3251 2187 2157 3252 2189 2156 3253 2190 2155 3254 2188 2160 3255 2193 2159 3256 2192 2158 3257 2191 2160 3258 2193 2161 3259 2194 2159 3260 2192 2164 3261 2197 2163 3262 2196 2162 3263 2195 2164 3264 2197 2165 3265 2198 2163 3266 2196 2168 3267 2201 2167 3268 2200 2166 3269 2199 2168 3270 2201 2169 3271 2202 2167 3272 2200 2173 3273 2205 2171 3274 2204 2170 3275 2203 2173 3276 2205 2172 3277 2206 2171 3278 2204 2177 3279 2209 2175 3280 2208 2174 3281 2207 2177 3282 2209 2176 3283 2210 2175 3284 2208 2179 3285 20 2180 3286 2212 2178 3287 2211 2179 3288 20 11 3289 18 2180 3290 2212 2183 3291 2215 2182 3292 2214 2181 3293 2213 2183 3294 2215 2184 3295 2216 2182 3296 2214 2186 3297 2219 2187 3298 2218 2185 3299 2217 2186 3300 2219 2188 3301 2220 2187 3302 2218 2192 3303 2223 2190 3304 2222 2189 3305 2221 2192 3306 2223 2191 3307 2224 2190 3308 2222 2196 3309 2227 2194 3310 2226 2193 3311 2225 2196 3312 2227 2195 3313 2228 2194 3314 2226 2198 3315 2231 2199 3316 2230 2197 3317 2229 2198 3318 2231 2200 3319 2232 2199 3320 2230 2203 3321 2235 2202 3322 2234 2201 3323 2233 2203 3324 2235 2204 3325 2236 2202 3326 2234 2208 3327 23 2206 3328 2237 2205 3329 22 2208 3330 23 2207 3331 2238 2206 3332 2237 2210 3333 2240 2211 3334 28 2209 3335 2239 2210 3336 2240 16 3337 27 2211 3338 28 2214 3339 2243 2213 3340 2242 2212 3341 2241 2214 3342 2243 2215 3343 2244 2213 3344 2242 2218 3345 2246 2217 3346 25 2216 3347 2245 2218 3348 2246 14 3349 24 2217 3350 25 2222 3351 2249 2220 3352 2248 2219 3353 2247 2222 3354 2249 2221 3355 2250 2220 3356 2248 2224 3357 2253 2225 3358 2252 2223 3359 2251 2224 3360 2253 2226 3361 2254 2225 3362 2252 2230 3363 2257 2228 3364 2256 2227 3365 2255 2230 3366 2257 2229 3367 2258 2228 3368 2256 2234 3369 2261 2232 3370 2260 2231 3371 2259 2234 3372 2261 2233 3373 2262 2232 3374 2260 2238 3375 2265 2236 3376 2264 2235 3377 2263 2238 3378 2265 2237 3379 2266 2236 3380 2264 2242 3381 2269 2240 3382 2268 2239 3383 2267 2242 3384 2269 2241 3385 2270 2240 3386 2268 2246 3387 2273 2244 3388 2272 2243 3389 2271 2246 3390 2273 2245 3391 2274 2244 3392 2272 2250 3393 2277 2248 3394 2276 2247 3395 2275 2250 3396 2277 2249 3397 2278 2248 3398 2276 2252 3399 2281 2253 3400 2280 2251 3401 2279 2252 3402 2281 2254 3403 2282 2253 3404 2280 2257 3405 2285 2256 3406 2284 2255 3407 2283 2257 3408 2285 2258 3409 2286 2256 3410 2284 2262 3411 2289 2260 3412 2288 2259 3413 2287 2262 3414 2289 2261 3415 2290 2260 3416 2288 2264 3417 2292 20 3418 32 2263 3419 2291 2264 3420 2292 19 3421 31 20 3422 32 2266 3423 2295 2267 3424 2294 2265 3425 2293 2266 3426 2295 2268 3427 2296 2267 3428 2294 2270 3429 2299 2271 3430 2298 2269 3431 2297 2270 3432 2299 2272 3433 2300 2271 3434 2298 2276 3435 2303 2274 3436 2302 2273 3437 2301 2276 3438 2303 2275 3439 2304 2274 3440 2302 24 3441 38 2278 3442 2306 2277 3443 2305 24 3444 38 2279 3445 36 2278 3446 2306 2283 3447 2309 2281 3448 2308 2280 3449 2307 2283 3450 2309 2282 3451 2310 2281 3452 2308 2287 3453 2313 2285 3454 2312 2284 3455 2311 2287 3456 2313 2286 3457 2314 2285 3458 2312 2289 3459 2317 2290 3460 2316 2288 3461 2315 2289 3462 2317 2291 3463 2318 2290 3464 2316 2294 3465 35 2292 3466 2319 22 3467 34 2294 3468 35 2293 3469 2320 2292 3470 2319 2297 3471 41 2296 3472 2322 2295 3473 2321 2297 3474 41 25 3475 39 2296 3476 2322 2299 3477 2325 2300 3478 2324 2298 3479 2323 2299 3480 2325 2301 3481 2326 2300 3482 2324 2305 3483 2329 2303 3484 2328 2302 3485 2327 2305 3486 2329 2304 3487 2330 2303 3488 2328 2308 3489 2333 2307 3490 2332 2306 3491 2331 2308 3492 2333 2309 3493 2334 2307 3494 2332 2313 3495 2337 2311 3496 2336 2310 3497 2335 2313 3498 2337 2312 3499 2338 2311 3500 2336 2316 3501 2341 2315 3502 2340 2314 3503 2339 2316 3504 2341 2317 3505 2342 2315 3506 2340 2320 3507 2345 2319 3508 2344 2318 3509 2343 2320 3510 2345 2321 3511 2346 2319 3512 2344 2325 3513 2349 2323 3514 2348 2322 3515 2347 2325 3516 2349 2324 3517 2350 2323 3518 2348 2329 3519 2351 2327 3520 43 2326 3521 44 2329 3522 2351 2328 3523 2352 2327 3524 43 2332 3525 2355 2331 3526 2354 2330 3527 2353 2332 3528 2355 2333 3529 2356 2331 3530 2354 2336 3531 2357 2334 3532 46 29 3533 47 2336 3534 2357 2335 3535 2358 2334 3536 46 2338 3537 2361 2339 3538 2360 2337 3539 2359 2338 3540 2361 2340 3541 2362 2339 3542 2360 2344 3543 2365 2342 3544 2364 2341 3545 2363 2344 3546 2365 2343 3547 2366 2342 3548 2364 2346 3549 50 2347 3550 2368 2345 3551 2367 2346 3552 50 30 3553 48 2347 3554 2368 2349 3555 2371 2350 3556 2370 2348 3557 2369 2349 3558 2371 2351 3559 2372 2350 3560 2370 2353 3561 2375 2354 3562 2374 2352 3563 2373 2353 3564 2375 2355 3565 2376 2354 3566 2374 2358 3567 2379 2357 3568 2378 2356 3569 2377 2358 3570 2379 2359 3571 2380 2357 3572 2378 2363 3573 2381 2361 3574 52 2360 3575 53 2363 3576 2381 2362 3577 2382 2361 3578 52 2365 3579 2385 2366 3580 2384 2364 3581 2383 2365 3582 2385 2367 3583 2386 2366 3584 2384 2370 3585 2387 2368 3586 55 34 3587 56 2370 3588 2387 2369 3589 2388 2368 3590 55 2372 3591 2391 2373 3592 2390 2371 3593 2389 2372 3594 2391 2374 3595 2392 2373 3596 2390 2376 3597 2395 2377 3598 2394 2375 3599 2393 2376 3600 2395 2378 3601 2396 2377 3602 2394 2381 3603 59 2380 3604 2398 2379 3605 2397 2381 3606 59 35 3607 57 2380 3608 2398 2384 3609 2401 2383 3610 2400 2382 3611 2399 2384 3612 2401 2385 3613 2402 2383 3614 2400 2388 3615 2405 2387 3616 2404 2386 3617 2403 2388 3618 2405 2389 3619 2406 2387 3620 2404 2391 3621 2409 2392 3622 2408 2390 3623 2407 2391 3624 2409 2393 3625 2410 2392 3626 2408 2395 3627 2412 39 3628 62 2394 3629 2411 2395 3630 2412 38 3631 61 39 3632 62 2397 3633 2415 2398 3634 2414 2396 3635 2413 2397 3636 2415 2399 3637 2416 2398 3638 2414 2402 3639 2418 2401 3640 65 2400 3641 2417 2402 3642 2418 2403 3643 64 2401 3644 65 2407 3645 2421 2405 3646 2420 2404 3647 2419 2407 3648 2421 2406 3649 2422 2405 3650 2420 2411 3651 2425 2409 3652 2424 2408 3653 2423 2411 3654 2425 2410 3655 2426 2409 3656 2424 2415 3657 2429 2413 3658 2428 2412 3659 2427 2415 3660 2429 2414 3661 2430 2413 3662 2428 2417 3663 2433 2418 3664 2432 2416 3665 2431 2417 3666 2433 2419 3667 2434 2418 3668 2432 2423 3669 2437 2421 3670 2436 2420 3671 2435 2423 3672 2437 2422 3673 2438 2421 3674 2436 2425 3675 2439 2424 3676 67 42 3677 68 2425 3678 2439 2426 3679 2440 2424 3680 67 2428 3681 2443 2429 3682 2442 2427 3683 2441 2428 3684 2443 2430 3685 2444 2429 3686 2442 2432 3687 2445 2433 3688 70 2431 3689 71 2432 3690 2445 2434 3691 2446 2433 3692 70 2437 3693 2449 2436 3694 2448 2435 3695 2447 2437 3696 2449 2438 3697 2450 2436 3698 2448 2442 3699 2453 2440 3700 2452 2439 3701 2451 2442 3702 2453 2441 3703 2454 2440 3704 2452 2446 3705 2457 2444 3706 2456 2443 3707 2455 2446 3708 2457 2445 3709 2458 2444 3710 2456 2449 3711 2461 2448 3712 2460 2447 3713 2459 2449 3714 2461 2450 3715 2462 2448 3716 2460 2453 3717 2465 2452 3718 2464 2451 3719 2463 2453 3720 2465 2454 3721 2466 2452 3722 2464 2456 3723 2468 46 3724 74 2455 3725 2467 2456 3726 2468 45 3727 73 46 3728 74 2458 3729 2471 2459 3730 2470 2457 3731 2469 2458 3732 2471 2460 3733 2472 2459 3734 2470 2463 3735 2474 2462 3736 77 2461 3737 2473 2463 3738 2474 48 3739 76 2462 3740 77 2467 3741 2477 2465 3742 2476 2464 3743 2475 2467 3744 2477 2466 3745 2478 2465 3746 2476 2470 3747 2481 2469 3748 2480 2468 3749 2479 2470 3750 2481 2471 3751 2482 2469 3752 2480 2475 3753 2485 2473 3754 2484 2472 3755 2483 2475 3756 2485 2474 3757 2486 2473 3758 2484 2477 3759 2489 2478 3760 2488 2476 3761 2487 2477 3762 2489 2479 3763 2490 2478 3764 2488 2481 3765 2493 2482 3766 2492 2480 3767 2491 2481 3768 2493 2483 3769 2494 2482 3770 2492 2487 3771 2495 2485 3772 79 2484 3773 80 2487 3774 2495 2486 3775 2496 2485 3776 79 2491 3777 2499 2489 3778 2498 2488 3779 2497 2491 3780 2499 2490 3781 2500 2489 3782 2498 2492 3783 2501 2493 3784 82 51 3785 83 2492 3786 2501 2494 3787 2502 2493 3788 82 2498 3789 2505 2496 3790 2504 2495 3791 2503 2498 3792 2505 2497 3793 2506 2496 3794 2504 2501 3795 2509 2500 3796 2508 2499 3797 2507 2501 3798 2509 2502 3799 2510 2500 3800 2508 2506 3801 2513 2504 3802 2512 2503 3803 2511 2506 3804 2513 2505 3805 2514 2504 3806 2512 2508 3807 2517 2509 3808 2516 2507 3809 2515 2508 3810 2517 2510 3811 2518 2509 3812 2516 2514 3813 2521 2512 3814 2520 2511 3815 2519 2514 3816 2521 2513 3817 2522 2512 3818 2520 2517 3819 2523 2516 3820 85 2515 3821 86 2517 3822 2523 2518 3823 2524 2516 3824 85 2521 3825 2527 2520 3826 2526 2519 3827 2525 2521 3828 2527 2522 3829 2528 2520 3830 2526 2525 3831 2529 2524 3832 88 2523 3833 89 2525 3834 2529 2526 3835 2530 2524 3836 88 2530 3837 2533 2528 3838 2532 2527 3839 2531 2530 3840 2533 2529 3841 2534 2528 3842 2532 2534 3843 2537 2532 3844 2536 2531 3845 2535 2534 3846 2537 2533 3847 2538 2532 3848 2536 2538 3849 2541 2536 3850 2540 2535 3851 2539 2538 3852 2541 2537 3853 2542 2536 3854 2540 2542 3855 2545 2540 3856 2544 2539 3857 2543 2542 3858 2545 2541 3859 2546 2540 3860 2544 2545 3861 2549 2544 3862 2548 2543 3863 2547 2545 3864 2549 2546 3865 2550 2544 3866 2548 2547 3867 2551 2548 3868 91 55 3869 92 2547 3870 2551 2549 3871 2552 2548 3872 91 2551 3873 2555 2552 3874 2554 2550 3875 2553 2551 3876 2555 2553 3877 2556 2552 3878 2554 2556 3879 2557 57 3880 94 2554 3881 95 2556 3882 2557 2555 3883 2558 57 3884 94 2560 3885 2561 2558 3886 2560 2557 3887 2559 2560 3888 2561 2559 3889 2562 2558 3890 2560 2562 3891 2565 2563 3892 2564 2561 3893 2563 2562 3894 2565 2564 3895 2566 2563 3896 2564 2567 3897 98 2566 3898 2568 2565 3899 2567 2567 3900 98 2568 3901 96 2566 3902 2568 2572 3903 2571 2570 3904 2570 2569 3905 2569 2572 3906 2571 2571 3907 2572 2570 3908 2570 2575 3909 2575 2574 3910 2574 2573 3911 2573 2575 3912 2575 2576 3913 2576 2574 3914 2574 2579 3915 2579 2578 3916 2578 2577 3917 2577 2580 3918 2580 2578 3919 2578 2579 3920 2579 2580 3921 2580 2582 3922 2581 2578 3923 2578 2582 3924 2581 2580 3925 2580 2581 3926 2582 2585 3927 2585 2584 3928 2584 2583 3929 2583 2586 3930 2586 2584 3931 2584 2585 3932 2585 2586 3933 2586 2588 3934 2587 2584 3935 2584 2588 3936 2587 2586 3937 2586 2587 3938 2588 2590 3939 2591 2591 3940 2590 2589 3941 2589 2592 3942 2592 2591 3943 2590 2590 3944 2591 2592 3945 2592 2594 3946 2593 2591 3947 2590 2594 3948 2593 2592 3949 2592 2593 3950 2594 2596 3951 2597 2597 3952 2596 2595 3953 2595 2599 3954 2598 2597 3955 2596 2596 3956 2597 2599 3957 2598 2598 3958 2599 2597 3959 2596 2598 3960 2599 2599 3961 2598 2600 3962 2600 2603 3963 2603 2602 3964 2602 2601 3965 2601 2604 3966 2604 2602 3967 2602 2603 3968 2603 2604 3969 2604 2606 3970 2605 2602 3971 2602 2606 3972 2605 2604 3973 2604 2605 3974 2606 2609 3975 2609 2608 3976 2608 2607 3977 2607 2610 3978 2610 2608 3979 2608 2609 3980 2609 2610 3981 2610 2611 3982 2611 2608 3983 2608 2611 3984 2611 2610 3985 2610 2612 3986 2612 2614 3987 2615 2615 3988 2614 2613 3989 2613 2616 3990 2616 2615 3991 2614 2614 3992 2615 2616 3993 2616 2618 3994 2617 2615 3995 2614 2618 3996 2617 2616 3997 2616 2617 3998 2618 2620 3999 2621 2621 4000 2620 2619 4001 2619 2623 4002 2622 2621 4003 2620 2620 4004 2621 2623 4005 2622 2624 4006 2623 2621 4007 2620 2624 4008 2623 2623 4009 2622 2622 4010 2624 2627 4011 2627 2626 4012 2626 2625 4013 2625 2629 4014 2628 2626 4015 2626 2627 4016 2627 2629 4017 2628 2630 4018 2629 2626 4019 2626 2630 4020 2629 2629 4021 2628 2628 4022 2630 2632 4023 2633 2633 4024 2632 2631 4025 2631 2634 4026 2634 2633 4027 2632 2632 4028 2633 2634 4029 2634 2636 4030 2635 2633 4031 2632 2636 4032 2635 2634 4033 2634 2635 4034 2636 2641 4035 2639 2638 4036 2638 2637 4037 2637 2641 4038 2639 2639 4039 2640 2638 4040 2638 2641 4041 2639 2640 4042 2641 2639 4043 2640 2644 4044 2644 2643 4045 2643 2642 4046 2642 2645 4047 2645 2643 4048 2643 2644 4049 2644 2645 4050 2645 2646 4051 2646 2643 4052 2643 2651 4053 2649 2648 4054 2648 2647 4055 2647 2651 4056 2649 2649 4057 2650 2648 4058 2648 2651 4059 2649 2650 4060 2651 2649 4061 2650 2655 4062 2654 2653 4063 2653 2652 4064 2652 2655 4065 2654 2656 4066 2655 2653 4067 2653 2656 4068 2655 2655 4069 2654 2654 4070 2656 2658 4071 2659 2659 4072 2658 2657 4073 2657 2660 4074 2660 2659 4075 2658 2658 4076 2659 2660 4077 2660 2661 4078 2661 2659 4079 2658 2665 4080 2664 2663 4081 2663 2662 4082 2662 2665 4083 2664 2664 4084 2665 2663 4085 2663 2667 4086 2666 2664 4087 2665 2665 4088 2664 2667 4089 2666 2666 4090 2667 2664 4091 2665 2670 4092 2670 2669 4093 2669 2668 4094 2668 2670 4095 2670 2671 4096 2671 2669 4097 2669 2670 4098 2670 2672 4099 2672 2671 4100 2671 2675 4101 2675 2674 4102 2674 2673 4103 2673 2675 4104 2675 2676 4105 2676 2674 4106 2674 2675 4107 2675 2677 4108 2677 2676 4109 2676 2682 4110 2680 2679 4111 2679 2678 4112 2678 2682 4113 2680 2680 4114 2681 2679 4115 2679 2682 4116 2680 2681 4117 2682 2680 4118 2681 2684 4119 2685 2685 4120 2684 2683 4121 2683 2684 4122 2685 2687 4123 2686 2685 4124 2684 2687 4125 2686 2684 4126 2685 2686 4127 2687 2689 4128 2690 2690 4129 2689 2688 4130 2688 2692 4131 2691 2690 4132 2689 2689 4133 2690 2692 4134 2691 2691 4135 2692 2690 4136 2689 2694 4137 2695 2695 4138 2694 2693 4139 2693 2694 4140 2695 2697 4141 2696 2695 4142 2694 2697 4143 2696 2694 4144 2695 2696 4145 2697 2700 4146 2700 2699 4147 2699 2698 4148 2698 2700 4149 2700 2702 4150 2701 2699 4151 2699 2702 4152 2701 2700 4153 2700 2701 4154 2702 2704 4155 2705 2705 4156 2704 2703 4157 2703 2707 4158 2706 2705 4159 2704 2704 4160 2705 2707 4161 2706 2706 4162 2707 2705 4163 2704 2711 4164 2710 2709 4165 2709 2708 4166 2708 2711 4167 2710 2712 4168 2711 2709 4169 2709 2712 4170 2711 2711 4171 2710 2710 4172 2712 2714 4173 2715 2715 4174 2714 2713 4175 2713 2717 4176 2716 2715 4177 2714 2714 4178 2715 2717 4179 2716 2716 4180 2717 2715 4181 2714 2720 4182 2720 2719 4183 2719 2718 4184 2718 2721 4185 2721 2719 4186 2719 2720 4187 2720 2722 4188 2722 2719 4189 2719 2721 4190 2721 2725 4191 2725 2724 4192 2724 2723 4193 2723 2727 4194 2726 2724 4195 2724 2725 4196 2725 2727 4197 2726 2726 4198 2727 2724 4199 2724 2730 4200 2730 2729 4201 2729 2728 4202 2728 2731 4203 2731 2729 4204 2729 2730 4205 2730 2731 4206 2731 2732 4207 2732 2729 4208 2729 2735 4209 2735 2734 4210 2734 2733 4211 2733 2736 4212 2736 2734 4213 2734 2735 4214 2735 2737 4215 2737 2734 4216 2734 2736 4217 2736 2739 4218 2740 2741 4219 2739 2738 4220 2738 2740 4221 2741 2741 4222 2739 2739 4223 2740 2742 4224 2742 2741 4225 2739 2740 4226 2741 2745 4227 2745 2744 4228 2744 2743 4229 2743 2745 4230 2745 2746 4231 2746 2744 4232 2744 2745 4233 2745 2747 4234 2747 2746 4235 2746 2745 4236 2745 2748 4237 2748 2747 4238 2747 2754 4239 2751 2750 4240 2750 2749 4241 2749 2754 4242 2751 2751 4243 2752 2750 4244 2750 2754 4245 2751 2752 4246 2753 2751 4247 2752 2754 4248 2751 2753 4249 2754 2752 4250 2753 2757 4251 2757 2756 4252 2756 2755 4253 2755 2757 4254 2757 2758 4255 2758 2756 4256 2756 2757 4257 2757 2759 4258 2759 2758 4259 2758 2757 4260 2757 2760 4261 2760 2759 4262 2759 2763 4263 2763 2762 4264 2762 2761 4265 2761 2763 4266 2763 2764 4267 2764 2762 4268 2762 2763 4269 2763 2765 4270 2765 2764 4271 2764 2763 4272 2763 2766 4273 2766 2765 4274 2765 2769 4275 2769 2768 4276 2768 2767 4277 2767 2769 4278 2769 2770 4279 2770 2768 4280 2768 2769 4281 2769 2771 4282 2771 2770 4283 2770 2769 4284 2769 2772 4285 2772 2771 4286 2771 2774 4287 2775 2791 4288 2774 2773 4289 2773 3010 4290 2776 2774 4291 2775 2773 4292 2773 2789 4293 2777 2774 4294 2775 3010 4295 2776 3012 4296 2778 2789 4297 2777 3010 4298 2776 2788 4299 2779 2789 4300 2777 3012 4301 2778 2775 4302 2780 2788 4303 2779 3012 4304 2778 2776 4305 2781 2788 4306 2779 2775 4307 2780 3013 4308 2782 2776 4309 2781 2775 4310 2780 2777 4311 2783 2776 4312 2781 3013 4313 2782 3015 4314 2784 2777 4315 2783 3013 4316 2782 2787 4317 2785 2777 4318 2783 3015 4319 2784 3017 4320 2786 2787 4321 2785 3015 4322 2784 2786 4323 2787 2787 4324 2785 3017 4325 2786 2778 4326 2788 2786 4327 2787 3017 4328 2786 2784 4329 2789 2786 4330 2787 2778 4331 2788 2779 4332 2790 2784 4333 2789 2778 4334 2788 2782 4335 2791 2784 4336 2789 2779 4337 2790 3020 4338 2792 2782 4339 2791 2779 4340 2790 2781 4341 2793 2782 4342 2791 3020 4343 2792 3042 4344 2794 2781 4345 2793 3020 4346 2792 2801 4347 2795 2781 4348 2793 3042 4349 2794 2780 4350 2796 2781 4351 2793 2801 4352 2795 2780 4353 2796 2782 4354 2791 2781 4355 2793 2783 4356 2797 2782 4357 2791 2780 4358 2796 2783 4359 2797 2784 4360 2789 2782 4361 2791 2785 4362 2798 2784 4363 2789 2783 4364 2797 2785 4365 2798 2786 4366 2787 2784 4367 2789 2799 4368 2799 2786 4369 2787 2785 4370 2798 2799 4371 2799 2787 4372 2785 2786 4373 2787 2798 4374 2800 2787 4375 2785 2799 4376 2799 2798 4377 2800 2777 4378 2783 2787 4379 2785 2796 4380 2801 2777 4381 2783 2798 4382 2800 2796 4383 2801 2776 4384 2781 2777 4385 2783 2795 4386 2802 2776 4387 2781 2796 4388 2801 2795 4389 2802 2788 4390 2779 2776 4391 2781 2794 4392 2803 2788 4393 2779 2795 4394 2802 2794 4395 2803 2789 4396 2777 2788 4397 2779 2790 4398 2804 2789 4399 2777 2794 4400 2803 2790 4401 2804 2774 4402 2775 2789 4403 2777 2790 4404 2804 2791 4405 2774 2774 4406 2775 2792 4407 2805 2791 4408 2774 2790 4409 2804 2794 4410 2803 2792 4411 2805 2790 4412 2804 2793 4413 2806 2792 4414 2805 2794 4415 2803 2795 4416 2802 2793 4417 2806 2794 4418 2803 2810 4419 2807 2793 4420 2806 2795 4421 2802 2796 4422 2801 2810 4423 2807 2795 4424 2802 2809 4425 2808 2810 4426 2807 2796 4427 2801 2798 4428 2800 2809 4429 2808 2796 4430 2801 2797 4431 2809 2809 4432 2808 2798 4433 2800 2799 4434 2799 2797 4435 2809 2798 4436 2800 2808 4437 2810 2797 4438 2809 2799 4439 2799 2785 4440 2798 2808 4441 2810 2799 4442 2799 2800 4443 2811 2808 4444 2810 2785 4445 2798 2783 4446 2797 2800 4447 2811 2785 4448 2798 2806 4449 2812 2800 4450 2811 2783 4451 2797 2780 4452 2796 2806 4453 2812 2783 4454 2797 2805 4455 2813 2806 4456 2812 2780 4457 2796 2801 4458 2795 2805 4459 2813 2780 4460 2796 2802 4461 2814 2805 4462 2813 2801 4463 2795 3042 4464 2794 2802 4465 2814 2801 4466 2795 2803 4467 2815 2802 4468 2814 3042 4469 2794 3071 4470 2816 2802 4471 2814 2803 4472 2815 3071 4473 2816 2805 4474 2813 2802 4475 2814 2804 4476 2817 2805 4477 2813 3071 4478 2816 2804 4479 2817 2806 4480 2812 2805 4481 2813 2807 4482 2818 2806 4483 2812 2804 4484 2817 2807 4485 2818 2800 4486 2811 2806 4487 2812 3068 4488 2819 2800 4489 2811 2807 4490 2818 3068 4491 2819 2808 4492 2810 2800 4493 2811 3066 4494 2820 2808 4495 2810 3068 4496 2819 3066 4497 2820 2797 4498 2809 2808 4499 2810 3064 4500 2821 2797 4501 2809 3066 4502 2820 3064 4503 2821 2809 4504 2808 2797 4505 2809 3062 4506 2822 2809 4507 2808 3064 4508 2821 3062 4509 2822 2810 4510 2807 2809 4511 2808 2811 4512 2823 2810 4513 2807 3062 4514 2822 2811 4515 2823 2793 4516 2806 2810 4517 2807 2812 4518 2824 2793 4519 2806 2811 4520 2823 2812 4521 2824 2792 4522 2805 2793 4523 2806 2812 4524 2824 2791 4525 2774 2792 4526 2805 2813 4527 2827 3101 4528 2826 3075 4529 2825 3076 4530 2828 2813 4531 2827 3075 4532 2825 2814 4533 2829 2813 4534 2827 3076 4535 2828 2815 4536 2830 2814 4537 2829 3076 4538 2828 2816 4539 2831 2814 4540 2829 2815 4541 2830 2817 4542 2832 2816 4543 2831 2815 4544 2830 2829 4545 2833 2816 4546 2831 2817 4547 2832 2818 4548 2834 2829 4549 2833 2817 4550 2832 2827 4551 2835 2829 4552 2833 2818 4553 2834 2819 4554 2836 2827 4555 2835 2818 4556 2834 2826 4557 2837 2827 4558 2835 2819 4559 2836 3080 4560 2838 2826 4561 2837 2819 4562 2836 2820 4563 2839 2826 4564 2837 3080 4565 2838 3081 4566 2840 2820 4567 2839 3080 4568 2838 2822 4569 2841 2820 4570 2839 3081 4571 2840 2821 4572 2842 2822 4573 2841 3081 4574 2840 2825 4575 2843 2822 4576 2841 2821 4577 2842 2823 4578 2844 2825 4579 2843 2821 4580 2842 2824 4581 2845 2825 4582 2843 2823 4583 2844 3113 4584 2846 2824 4585 2845 2823 4586 2844 2841 4587 2847 2824 4588 2845 3113 4589 2846 2839 4590 2848 2824 4591 2845 2841 4592 2847 2839 4593 2848 2825 4594 2843 2824 4595 2845 2838 4596 2849 2825 4597 2843 2839 4598 2848 2838 4599 2849 2822 4600 2841 2825 4601 2843 2837 4602 2850 2822 4603 2841 2838 4604 2849 2837 4605 2850 2820 4606 2839 2822 4607 2841 2836 4608 2851 2820 4609 2839 2837 4610 2850 2836 4611 2851 2826 4612 2837 2820 4613 2839 2833 4614 2852 2826 4615 2837 2836 4616 2851 2833 4617 2852 2827 4618 2835 2826 4619 2837 2828 4620 2853 2827 4621 2835 2833 4622 2852 2828 4623 2853 2829 4624 2833 2827 4625 2835 2832 4626 2854 2829 4627 2833 2828 4628 2853 2832 4629 2854 2816 4630 2831 2829 4631 2833 2830 4632 2855 2816 4633 2831 2832 4634 2854 2830 4635 2855 2814 4636 2829 2816 4637 2831 2831 4638 2856 2814 4639 2829 2830 4640 2855 2831 4641 2856 2813 4642 2827 2814 4643 2829 2831 4644 2856 3101 4645 2826 2813 4646 2827 2851 4647 2857 3101 4648 2826 2831 4649 2856 2830 4650 2855 2851 4651 2857 2831 4652 2856 2850 4653 2858 2851 4654 2857 2830 4655 2855 2832 4656 2854 2850 4657 2858 2830 4658 2855 2849 4659 2859 2850 4660 2858 2832 4661 2854 2828 4662 2853 2849 4663 2859 2832 4664 2854 2834 4665 2860 2849 4666 2859 2828 4667 2853 2833 4668 2852 2834 4669 2860 2828 4670 2853 2835 4671 2861 2834 4672 2860 2833 4673 2852 2836 4674 2851 2835 4675 2861 2833 4676 2852 2845 4677 2862 2835 4678 2861 2836 4679 2851 2837 4680 2850 2845 4681 2862 2836 4682 2851 2844 4683 2863 2845 4684 2862 2837 4685 2850 2838 4686 2849 2844 4687 2863 2837 4688 2850 2843 4689 2864 2844 4690 2863 2838 4691 2849 2839 4692 2848 2843 4693 2864 2838 4694 2849 2840 4695 2865 2843 4696 2864 2839 4697 2848 2841 4698 2847 2840 4699 2865 2839 4700 2848 2842 4701 2866 2840 4702 2865 2841 4703 2847 3113 4704 2846 2842 4705 2866 2841 4706 2847 3134 4707 2867 2842 4708 2866 3113 4709 2846 3131 4710 2868 2842 4711 2866 3134 4712 2867 3131 4713 2868 2840 4714 2865 2842 4715 2866 3130 4716 2869 2840 4717 2865 3131 4718 2868 3130 4719 2869 2843 4720 2864 2840 4721 2865 3129 4722 2870 2843 4723 2864 3130 4724 2869 3129 4725 2870 2844 4726 2863 2843 4727 2864 2846 4728 2871 2844 4729 2863 3129 4730 2870 2846 4731 2871 2845 4732 2862 2844 4733 2863 3126 4734 2872 2845 4735 2862 2846 4736 2871 3126 4737 2872 2835 4738 2861 2845 4739 2862 2847 4740 2873 2835 4741 2861 3126 4742 2872 2847 4743 2873 2834 4744 2860 2835 4745 2861 2848 4746 2874 2834 4747 2860 2847 4748 2873 2848 4749 2874 2849 4750 2859 2834 4751 2860 3124 4752 2875 2849 4753 2859 2848 4754 2874 3124 4755 2875 2850 4756 2858 2849 4757 2859 3100 4758 2876 2850 4759 2858 3124 4760 2875 3100 4761 2876 2851 4762 2857 2850 4763 2858 3100 4764 2876 3101 4765 2826 2851 4766 2857 2853 4767 2879 3165 4768 2878 2852 4769 2877 3136 4770 2880 2853 4771 2879 2852 4772 2877 2870 4773 2881 2853 4774 2879 3136 4775 2880 3137 4776 2882 2870 4777 2881 3136 4778 2880 2854 4779 2883 2870 4780 2881 3137 4781 2882 2855 4782 2884 2854 4783 2883 3137 4784 2882 2856 4785 2885 2854 4786 2883 2855 4787 2884 3139 4788 2886 2856 4789 2885 2855 4790 2884 2857 4791 2887 2856 4792 2885 3139 4793 2886 3142 4794 2888 2857 4795 2887 3139 4796 2886 2858 4797 2889 2857 4798 2887 3142 4799 2888 2859 4800 2890 2858 4801 2889 3142 4802 2888 2866 4803 2891 2858 4804 2889 2859 4805 2890 2860 4806 2892 2866 4807 2891 2859 4808 2890 2864 4809 2893 2866 4810 2891 2860 4811 2892 3145 4812 2894 2864 4813 2893 2860 4814 2892 2863 4815 2895 2864 4816 2893 3145 4817 2894 2861 4818 2896 2863 4819 2895 3145 4820 2894 2862 4821 2897 2863 4822 2895 2861 4823 2896 2880 4824 2898 2862 4825 2897 2861 4826 2896 2879 4827 2899 2862 4828 2897 2880 4829 2898 2877 4830 2900 2862 4831 2897 2879 4832 2899 2877 4833 2900 2863 4834 2895 2862 4835 2897 2875 4836 2901 2863 4837 2895 2877 4838 2900 2875 4839 2901 2864 4840 2893 2863 4841 2895 2865 4842 2902 2864 4843 2893 2875 4844 2901 2865 4845 2902 2866 4846 2891 2864 4847 2893 2874 4848 2903 2866 4849 2891 2865 4850 2902 2874 4851 2903 2858 4852 2889 2866 4853 2891 2867 4854 2904 2858 4855 2889 2874 4856 2903 2867 4857 2904 2857 4858 2887 2858 4859 2889 2868 4860 2905 2857 4861 2887 2867 4862 2904 2868 4863 2905 2856 4864 2885 2857 4865 2887 2869 4866 2906 2856 4867 2885 2868 4868 2905 2869 4869 2906 2854 4870 2883 2856 4871 2885 2872 4872 2907 2854 4873 2883 2869 4874 2906 2872 4875 2907 2870 4876 2881 2854 4877 2883 2871 4878 2908 2870 4879 2881 2872 4880 2907 2871 4881 2908 2853 4882 2879 2870 4883 2881 2871 4884 2908 3165 4885 2878 2853 4886 2879 2893 4887 2909 3165 4888 2878 2871 4889 2908 2872 4890 2907 2893 4891 2909 2871 4892 2908 2891 4893 2910 2893 4894 2909 2872 4895 2907 2869 4896 2906 2891 4897 2910 2872 4898 2907 2873 4899 2911 2891 4900 2910 2869 4901 2906 2868 4902 2905 2873 4903 2911 2869 4904 2906 2890 4905 2912 2873 4906 2911 2868 4907 2905 2867 4908 2904 2890 4909 2912 2868 4910 2905 2887 4911 2913 2890 4912 2912 2867 4913 2904 2874 4914 2903 2887 4915 2913 2867 4916 2904 2885 4917 2914 2887 4918 2913 2874 4919 2903 2865 4920 2902 2885 4921 2914 2874 4922 2903 2876 4923 2915 2885 4924 2914 2865 4925 2902 2875 4926 2901 2876 4927 2915 2865 4928 2902 2884 4929 2916 2876 4930 2915 2875 4931 2901 2877 4932 2900 2884 4933 2916 2875 4934 2901 2878 4935 2917 2884 4936 2916 2877 4937 2900 2879 4938 2899 2878 4939 2917 2877 4940 2900 2881 4941 2918 2878 4942 2917 2879 4943 2899 2880 4944 2898 2881 4945 2918 2879 4946 2899 3194 4947 2919 2881 4948 2918 2880 4949 2898 2882 4950 2920 2881 4951 2918 3194 4952 2919 2882 4953 2920 2878 4954 2917 2881 4955 2918 2883 4956 2921 2878 4957 2917 2882 4958 2920 2883 4959 2921 2884 4960 2916 2878 4961 2917 3191 4962 2922 2884 4963 2916 2883 4964 2921 3191 4965 2922 2876 4966 2915 2884 4967 2916 2886 4968 2923 2876 4969 2915 3191 4970 2922 2886 4971 2923 2885 4972 2914 2876 4973 2915 2888 4974 2924 2885 4975 2914 2886 4976 2923 2888 4977 2924 2887 4978 2913 2885 4979 2914 2889 4980 2925 2887 4981 2913 2888 4982 2924 2889 4983 2925 2890 4984 2912 2887 4985 2913 3188 4986 2926 2890 4987 2912 2889 4988 2925 3188 4989 2926 2873 4990 2911 2890 4991 2912 3164 4992 2927 2873 4993 2911 3188 4994 2926 3164 4995 2927 2891 4996 2910 2873 4997 2911 2892 4998 2928 2891 4999 2910 3164 5000 2927 2892 5001 2928 2893 5002 2909 2891 5003 2910 2892 5004 2928 3165 5005 2878 2893 5006 2909 2912 5007 2931 3226 5008 2930 3198 5009 2929 3199 5010 2932 2912 5011 2931 3198 5012 2929 2894 5013 2933 2912 5014 2931 3199 5015 2932 2895 5016 2934 2894 5017 2933 3199 5018 2932 2911 5019 2935 2894 5020 2933 2895 5021 2934 3201 5022 2936 2911 5023 2935 2895 5024 2934 2896 5025 2937 2911 5026 2935 3201 5027 2936 3203 5028 2938 2896 5029 2937 3201 5030 2936 2908 5031 2939 2896 5032 2937 3203 5033 2938 3204 5034 2940 2908 5035 2939 3203 5036 2938 2897 5037 2941 2908 5038 2939 3204 5039 2940 2898 5040 2942 2897 5041 2941 3204 5042 2940 2907 5043 2943 2897 5044 2941 2898 5045 2942 2899 5046 2944 2907 5047 2943 2898 5048 2942 2906 5049 2945 2907 5050 2943 2899 5051 2944 3206 5052 2946 2906 5053 2945 2899 5054 2944 2904 5055 2947 2906 5056 2945 3206 5057 2946 2900 5058 2948 2904 5059 2947 3206 5060 2946 2902 5061 2949 2904 5062 2947 2900 5063 2948 2901 5064 2950 2902 5065 2949 2900 5066 2948 2923 5067 2951 2902 5068 2949 2901 5069 2950 2903 5070 2952 2902 5071 2949 2923 5072 2951 2903 5073 2952 2904 5074 2947 2902 5075 2949 2905 5076 2953 2904 5077 2947 2903 5078 2952 2905 5079 2953 2906 5080 2945 2904 5081 2947 2922 5082 2954 2906 5083 2945 2905 5084 2953 2922 5085 2954 2907 5086 2943 2906 5087 2945 2920 5088 2955 2907 5089 2943 2922 5090 2954 2920 5091 2955 2897 5092 2941 2907 5093 2943 2909 5094 2956 2897 5095 2941 2920 5096 2955 2909 5097 2956 2908 5098 2939 2897 5099 2941 2910 5100 2957 2908 5101 2939 2909 5102 2956 2910 5103 2957 2896 5104 2937 2908 5105 2939 2917 5106 2958 2896 5107 2937 2910 5108 2957 2917 5109 2958 2911 5110 2935 2896 5111 2937 2916 5112 2959 2911 5113 2935 2917 5114 2958 2916 5115 2959 2894 5116 2933 2911 5117 2935 2913 5118 2960 2894 5119 2933 2916 5120 2959 2913 5121 2960 2912 5122 2931 2894 5123 2933 2913 5124 2960 3226 5125 2930 2912 5126 2931 2914 5127 2961 3226 5128 2930 2913 5129 2960 2916 5130 2959 2914 5131 2961 2913 5132 2960 2915 5133 2962 2914 5134 2961 2916 5135 2959 2917 5136 2958 2915 5137 2962 2916 5138 2959 2918 5139 2963 2915 5140 2962 2917 5141 2958 2910 5142 2957 2918 5143 2963 2917 5144 2958 2919 5145 2964 2918 5146 2963 2910 5147 2957 2909 5148 2956 2919 5149 2964 2910 5150 2957 2931 5151 2965 2919 5152 2964 2909 5153 2956 2920 5154 2955 2931 5155 2965 2909 5156 2956 2921 5157 2966 2931 5158 2965 2920 5159 2955 2922 5160 2954 2921 5161 2966 2920 5162 2955 2929 5163 2967 2921 5164 2966 2922 5165 2954 2905 5166 2953 2929 5167 2967 2922 5168 2954 2927 5169 2968 2929 5170 2967 2905 5171 2953 2903 5172 2952 2927 5173 2968 2905 5174 2953 2926 5175 2969 2927 5176 2968 2903 5177 2952 2923 5178 2951 2926 5179 2969 2903 5180 2952 2925 5181 2970 2926 5182 2969 2923 5183 2951 2901 5184 2950 2925 5185 2970 2923 5186 2951 2924 5187 2971 2925 5188 2970 2901 5189 2950 3255 5190 2972 2925 5191 2970 2924 5192 2971 3255 5193 2972 2926 5194 2969 2925 5195 2970 3254 5196 2973 2926 5197 2969 3255 5198 2972 3254 5199 2973 2927 5200 2968 2926 5201 2969 2928 5202 2974 2927 5203 2968 3254 5204 2973 2928 5205 2974 2929 5206 2967 2927 5207 2968 2930 5208 2975 2929 5209 2967 2928 5210 2974 2930 5211 2975 2921 5212 2966 2929 5213 2967 3253 5214 2976 2921 5215 2966 2930 5216 2975 3253 5217 2976 2931 5218 2965 2921 5219 2966 2932 5220 2977 2931 5221 2965 3253 5222 2976 2932 5223 2977 2919 5224 2964 2931 5225 2965 3251 5226 2978 2919 5227 2964 2932 5228 2977 3251 5229 2978 2918 5230 2963 2919 5231 2964 2933 5232 2979 2918 5233 2963 3251 5234 2978 2933 5235 2979 2915 5236 2962 2918 5237 2963 2934 5238 2980 2915 5239 2962 2933 5240 2979 2934 5241 2980 2914 5242 2961 2915 5243 2962 2934 5244 2980 3226 5245 2930 2914 5246 2961 2953 5247 2983 2954 5248 2982 3258 5249 2981 2935 5250 2984 2953 5251 2983 3258 5252 2981 2952 5253 2985 2953 5254 2983 2935 5255 2984 3261 5256 2986 2952 5257 2985 2935 5258 2984 2950 5259 2987 2952 5260 2985 3261 5261 2986 3262 5262 2988 2950 5263 2987 3261 5264 2986 2936 5265 2989 2950 5266 2987 3262 5267 2988 2937 5268 2990 2936 5269 2989 3262 5270 2988 2949 5271 2991 2936 5272 2989 2937 5273 2990 3264 5274 2992 2949 5275 2991 2937 5276 2990 2938 5277 2993 2949 5278 2991 3264 5279 2992 3265 5280 2994 2938 5281 2993 3264 5282 2992 2947 5283 2995 2938 5284 2993 3265 5285 2994 2939 5286 2996 2947 5287 2995 3265 5288 2994 2946 5289 2997 2947 5290 2995 2939 5291 2996 2940 5292 2998 2946 5293 2997 2939 5294 2996 2942 5295 2999 2946 5296 2997 2940 5297 2998 2941 5298 3000 2942 5299 2999 2940 5300 2998 2944 5301 3001 2942 5302 2999 2941 5303 3000 2966 5304 3002 2944 5305 3001 2941 5306 3000 2965 5307 3003 2944 5308 3001 2966 5309 3002 2943 5310 3004 2944 5311 3001 2965 5312 3003 2943 5313 3004 2942 5314 2999 2944 5315 3001 2963 5316 3005 2942 5317 2999 2943 5318 3004 2963 5319 3005 2946 5320 2997 2942 5321 2999 2945 5322 3006 2946 5323 2997 2963 5324 3005 2945 5325 3006 2947 5326 2995 2946 5327 2997 2948 5328 3007 2947 5329 2995 2945 5330 3006 2948 5331 3007 2938 5332 2993 2947 5333 2995 2960 5334 3008 2938 5335 2993 2948 5336 3007 2960 5337 3008 2949 5338 2991 2938 5339 2993 2959 5340 3009 2949 5341 2991 2960 5342 3008 2959 5343 3009 2936 5344 2989 2949 5345 2991 2958 5346 3010 2936 5347 2989 2959 5348 3009 2958 5349 3010 2950 5350 2987 2936 5351 2989 2951 5352 3011 2950 5353 2987 2958 5354 3010 2951 5355 3011 2952 5356 2985 2950 5357 2987 2955 5358 3012 2952 5359 2985 2951 5360 3011 2955 5361 3012 2953 5362 2983 2952 5363 2985 2955 5364 3012 2954 5365 2982 2953 5366 2983 2956 5367 3013 2954 5368 2982 2955 5369 3012 2951 5370 3011 2956 5371 3013 2955 5372 3012 2957 5373 3014 2956 5374 3013 2951 5375 3011 2958 5376 3010 2957 5377 3014 2951 5378 3011 2974 5379 3015 2957 5380 3014 2958 5381 3010 2959 5382 3009 2974 5383 3015 2958 5384 3010 2973 5385 3016 2974 5386 3015 2959 5387 3009 2960 5388 3008 2973 5389 3016 2959 5390 3009 2972 5391 3017 2973 5392 3016 2960 5393 3008 2948 5394 3007 2972 5395 3017 2960 5396 3008 2961 5397 3018 2972 5398 3017 2948 5399 3007 2945 5400 3006 2961 5401 3018 2948 5402 3007 2962 5403 3019 2961 5404 3018 2945 5405 3006 2963 5406 3005 2962 5407 3019 2945 5408 3006 2964 5409 3020 2962 5410 3019 2963 5411 3005 2943 5412 3004 2964 5413 3020 2963 5414 3005 2970 5415 3021 2964 5416 3020 2943 5417 3004 2965 5418 3003 2970 5419 3021 2943 5420 3004 2968 5421 3022 2970 5422 3021 2965 5423 3003 2966 5424 3002 2968 5425 3022 2965 5426 3003 2967 5427 3023 2968 5428 3022 2966 5429 3002 2969 5430 3024 2968 5431 3022 2967 5432 3023 2969 5433 3024 2970 5434 3021 2968 5435 3022 3313 5436 3025 2970 5437 3021 2969 5438 3024 3313 5439 3025 2964 5440 3020 2970 5441 3021 2971 5442 3026 2964 5443 3020 3313 5444 3025 2971 5445 3026 2962 5446 3019 2964 5447 3020 3311 5448 3027 2962 5449 3019 2971 5450 3026 3311 5451 3027 2961 5452 3018 2962 5453 3019 3309 5454 3028 2961 5455 3018 3311 5456 3027 3309 5457 3028 2972 5458 3017 2961 5459 3018 3307 5460 3029 2972 5461 3017 3309 5462 3028 3307 5463 3029 2973 5464 3016 2972 5465 3017 3305 5466 3030 2973 5467 3016 3307 5468 3029 3305 5469 3030 2974 5470 3015 2973 5471 3016 3304 5472 3031 2974 5473 3015 3305 5474 3030 3304 5475 3031 2957 5476 3014 2974 5477 3015 2975 5478 3032 2957 5479 3014 3304 5480 3031 2975 5481 3032 2956 5482 3013 2957 5483 3014 2975 5484 3032 2954 5485 2982 2956 5486 3013 2977 5487 3035 2976 5488 3034 2985 5489 3033 2978 5490 3036 2977 5491 3035 2985 5492 3033 2980 5493 3037 2977 5494 3035 2978 5495 3036 2979 5496 3038 2980 5497 3037 2978 5498 3036 2983 5499 3039 2980 5500 3037 2979 5501 3038 2987 5502 3040 2983 5503 3039 2979 5504 3038 2988 5505 3041 2983 5506 3039 2987 5507 3040 2982 5508 3042 2983 5509 3039 2988 5510 3041 2995 5511 3043 2982 5512 3042 2988 5513 3041 2981 5514 3044 2982 5515 3042 2995 5516 3043 2984 5517 3045 2982 5518 3042 2981 5519 3044 2984 5520 3045 2983 5521 3039 2982 5522 3042 3000 5523 3046 2983 5524 3039 2984 5525 3045 3000 5526 3046 2980 5527 3037 2983 5528 3039 3000 5529 3046 2977 5530 3035 2980 5531 3037 3000 5532 3046 2976 5533 3034 2977 5534 3035 2986 5535 3048 2985 5536 3033 3009 5537 3047 2986 5538 3048 2978 5539 3036 2985 5540 3033 2986 5541 3048 2993 5542 3049 2978 5543 3036 2993 5544 3049 2979 5545 3038 2978 5546 3036 2993 5547 3049 2987 5548 3040 2979 5549 3038 2993 5550 3049 2992 5551 3050 2987 5552 3040 2992 5553 3050 2988 5554 3041 2987 5555 3040 2992 5556 3050 2989 5557 3051 2988 5558 3041 2989 5559 3051 2995 5560 3043 2988 5561 3041 2989 5562 3051 2990 5563 3052 2995 5564 3043 2989 5565 3051 2991 5566 3053 2990 5567 3052 2992 5568 3050 2991 5569 3053 2989 5570 3051 2992 5571 3050 2994 5572 3054 2991 5573 3053 2993 5574 3049 2994 5575 3054 2992 5576 3050 2986 5577 3048 2994 5578 3054 2993 5579 3049 2986 5580 3048 3009 5581 3047 2994 5582 3054 2996 5583 3055 2981 5584 3044 2995 5585 3043 3007 5586 3056 2996 5587 3055 2995 5588 3043 3001 5589 3057 2996 5590 3055 3007 5591 3056 2997 5592 3058 3001 5593 3057 3007 5594 3056 2998 5595 3059 3001 5596 3057 2997 5597 3058 3005 5598 3060 2998 5599 3059 2997 5600 3058 3003 5601 3061 2998 5602 3059 3005 5603 3060 2999 5604 3062 2998 5605 3059 3003 5606 3061 2985 5607 3033 2999 5608 3062 3003 5609 3061 2976 5610 3034 2999 5611 3062 2985 5612 3033 3000 5613 3046 2999 5614 3062 2976 5615 3034 3000 5616 3046 2998 5617 3059 2999 5618 3062 3000 5619 3046 3001 5620 3057 2998 5621 3059 2984 5622 3045 3001 5623 3057 3000 5624 3046 2984 5625 3045 2996 5626 3055 3001 5627 3057 2984 5628 3045 2981 5629 3044 2996 5630 3055 3002 5631 3063 3009 5632 3047 2985 5633 3033 3003 5634 3061 3002 5635 3063 2985 5636 3033 3004 5637 3064 3002 5638 3063 3003 5639 3061 3005 5640 3060 3004 5641 3064 3003 5642 3061 3006 5643 3065 3004 5644 3064 3005 5645 3060 2997 5646 3058 3006 5647 3065 3005 5648 3060 3007 5649 3056 3006 5650 3065 2997 5651 3058 3008 5652 3066 3006 5653 3065 3007 5654 3056 2995 5655 3043 3008 5656 3066 3007 5657 3056 2990 5658 3052 3008 5659 3066 2995 5660 3043 2991 5661 3053 3008 5662 3066 2990 5663 3052 2991 5664 3053 3006 5665 3065 3008 5666 3066 2994 5667 3054 3006 5668 3065 2991 5669 3053 2994 5670 3054 3004 5671 3064 3006 5672 3065 2994 5673 3054 3002 5674 3063 3004 5675 3064 3002 5676 3063 2994 5677 3054 3009 5678 3047 3047 5679 3069 3031 5680 3068 3044 5681 3067 3031 5682 3068 2791 5683 2774 3044 5684 3067 3031 5685 3068 3030 5686 3070 2791 5687 2774 3030 5688 3070 2773 5689 2773 2791 5690 2774 3030 5691 3070 3027 5692 3071 2773 5693 2773 3027 5694 3071 3010 5695 2776 2773 5696 2773 3027 5697 3071 3011 5698 3072 3010 5699 2776 3011 5700 3072 3012 5701 2778 3010 5702 2776 3011 5703 3072 3026 5704 3073 3012 5705 2778 3026 5706 3073 2775 5707 2780 3012 5708 2778 3026 5709 3073 3014 5710 3074 2775 5711 2780 3014 5712 3074 3013 5713 2782 2775 5714 2780 3014 5715 3074 3016 5716 3075 3013 5717 2782 3016 5718 3075 3015 5719 2784 3013 5720 2782 3016 5721 3075 3025 5722 3076 3015 5723 2784 3025 5724 3076 3017 5725 2786 3015 5726 2784 3025 5727 3076 3023 5728 3077 3017 5729 2786 3023 5730 3077 2778 5731 2788 3017 5732 2786 3023 5733 3077 3018 5734 3078 2778 5735 2788 3018 5736 3078 2779 5737 2790 2778 5738 2788 3018 5739 3078 3019 5740 3079 2779 5741 2790 3019 5742 3079 3020 5743 2792 2779 5744 2790 3019 5745 3079 3042 5746 2794 3020 5747 2792 3019 5748 3079 3021 5749 3080 3042 5750 2794 3018 5751 3078 3021 5752 3080 3019 5753 3079 3022 5754 3081 3021 5755 3080 3018 5756 3078 3023 5757 3077 3022 5758 3081 3018 5759 3078 3024 5760 3082 3022 5761 3081 3023 5762 3077 3025 5763 3076 3024 5764 3082 3023 5765 3077 3039 5766 3083 3024 5767 3082 3025 5768 3076 3016 5769 3075 3039 5770 3083 3025 5771 3076 3037 5772 3084 3039 5773 3083 3016 5774 3075 3014 5775 3074 3037 5776 3084 3016 5777 3075 3036 5778 3085 3037 5779 3084 3014 5780 3074 3026 5781 3073 3036 5782 3085 3014 5783 3074 3033 5784 3086 3036 5785 3085 3026 5786 3073 3011 5787 3072 3033 5788 3086 3026 5789 3073 3028 5790 3087 3033 5791 3086 3011 5792 3072 3027 5793 3071 3028 5794 3087 3011 5795 3072 3029 5796 3088 3028 5797 3087 3027 5798 3071 3030 5799 3070 3029 5800 3088 3027 5801 3071 3031 5802 3068 3029 5803 3088 3030 5804 3070 3047 5805 3069 3029 5806 3088 3031 5807 3068 3048 5808 3089 3029 5809 3088 3047 5810 3069 3048 5811 3089 3028 5812 3087 3029 5813 3088 3032 5814 3090 3028 5815 3087 3048 5816 3089 3032 5817 3090 3033 5818 3086 3028 5819 3087 3034 5820 3091 3033 5821 3086 3032 5822 3090 3034 5823 3091 3036 5824 3085 3033 5825 3086 3035 5826 3092 3036 5827 3085 3034 5828 3091 3035 5829 3092 3037 5830 3084 3036 5831 3085 3038 5832 3093 3037 5833 3084 3035 5834 3092 3038 5835 3093 3039 5836 3083 3037 5837 3084 3040 5838 3094 3039 5839 3083 3038 5840 3093 3040 5841 3094 3024 5842 3082 3039 5843 3083 3051 5844 3095 3024 5845 3082 3040 5846 3094 3051 5847 3095 3022 5848 3081 3024 5849 3082 3041 5850 3096 3022 5851 3081 3051 5852 3095 3041 5853 3096 3021 5854 3080 3022 5855 3081 3021 5856 3080 3041 5857 3096 3042 5858 2794 2811 5859 2823 3043 5860 3097 2812 5861 2824 3043 5862 3097 2791 5863 2774 2812 5864 2824 3043 5865 3097 3045 5866 3098 2791 5867 2774 3045 5868 3098 3044 5869 3067 2791 5870 2774 3045 5871 3098 3046 5872 3099 3044 5873 3067 3046 5874 3099 3047 5875 3069 3044 5876 3067 3046 5877 3099 3060 5878 3100 3047 5879 3069 3060 5880 3100 3048 5881 3089 3047 5882 3069 3060 5883 3100 3059 5884 3101 3048 5885 3089 3059 5886 3101 3032 5887 3090 3048 5888 3089 3059 5889 3101 3058 5890 3102 3032 5891 3090 3058 5892 3102 3034 5893 3091 3032 5894 3090 3058 5895 3102 3057 5896 3103 3034 5897 3091 3057 5898 3103 3035 5899 3092 3034 5900 3091 3057 5901 3103 3049 5902 3104 3035 5903 3092 3049 5904 3104 3038 5905 3093 3035 5906 3092 3049 5907 3104 3050 5908 3105 3038 5909 3093 3050 5910 3105 3040 5911 3094 3038 5912 3093 3050 5913 3105 3053 5914 3106 3040 5915 3094 3053 5916 3106 3051 5917 3095 3040 5918 3094 3053 5919 3106 3052 5920 3107 3051 5921 3095 3052 5922 3107 3041 5923 3096 3051 5924 3095 3052 5925 3107 3042 5926 2794 3041 5927 3096 3052 5928 3107 3054 5929 3108 3042 5930 2794 3053 5931 3106 3054 5932 3108 3052 5933 3107 3055 5934 3109 3054 5935 3108 3053 5936 3106 3050 5937 3105 3055 5938 3109 3053 5939 3106 3070 5940 3110 3055 5941 3109 3050 5942 3105 3049 5943 3104 3070 5944 3110 3050 5945 3105 3056 5946 3111 3070 5947 3110 3049 5948 3104 3057 5949 3103 3056 5950 3111 3049 5951 3104 3069 5952 3112 3056 5953 3111 3057 5954 3103 3058 5955 3102 3069 5956 3112 3057 5957 3103 3067 5958 3113 3069 5959 3112 3058 5960 3102 3059 5961 3101 3067 5962 3113 3058 5963 3102 3065 5964 3114 3067 5965 3113 3059 5966 3101 3060 5967 3100 3065 5968 3114 3059 5969 3101 3063 5970 3115 3065 5971 3114 3060 5972 3100 3046 5973 3099 3063 5974 3115 3060 5975 3100 3061 5976 3116 3063 5977 3115 3046 5978 3099 3045 5979 3098 3061 5980 3116 3046 5981 3099 3043 5982 3097 3061 5983 3116 3045 5984 3098 2811 5985 2823 3061 5986 3116 3043 5987 3097 3062 5988 2822 3061 5989 3116 2811 5990 2823 3062 5991 2822 3063 5992 3115 3061 5993 3116 3064 5994 2821 3063 5995 3115 3062 5996 2822 3064 5997 2821 3065 5998 3114 3063 5999 3115 3066 6000 2820 3065 6001 3114 3064 6002 2821 3066 6003 2820 3067 6004 3113 3065 6005 3114 3068 6006 2819 3067 6007 3113 3066 6008 2820 3068 6009 2819 3069 6010 3112 3067 6011 3113 2807 6012 2818 3069 6013 3112 3068 6014 2819 2807 6015 2818 3056 6016 3111 3069 6017 3112 2804 6018 2817 3056 6019 3111 2807 6020 2818 2804 6021 2817 3070 6022 3110 3056 6023 3111 3071 6024 2816 3070 6025 3110 2804 6026 2817 3071 6027 2816 3055 6028 3109 3070 6029 3110 2803 6030 2815 3055 6031 3109 3071 6032 2816 2803 6033 2815 3054 6034 3108 3055 6035 3109 3054 6036 3108 2803 6037 2815 3042 6038 2794 3102 6039 3119 3073 6040 3118 3072 6041 3117 3073 6042 3118 3101 6043 2826 3072 6044 3117 3073 6045 3118 3074 6046 3120 3101 6047 2826 3074 6048 3120 3075 6049 2825 3101 6050 2826 3074 6051 3120 3091 6052 3121 3075 6053 2825 3091 6054 3121 3076 6055 2828 3075 6056 2825 3091 6057 3121 3077 6058 3122 3076 6059 2828 3077 6060 3122 2815 6061 2830 3076 6062 2828 3077 6063 3122 3078 6064 3123 2815 6065 2830 3078 6066 3123 2817 6067 2832 2815 6068 2830 3078 6069 3123 3089 6070 3124 2817 6071 2832 3089 6072 3124 2818 6073 2834 2817 6074 2832 3089 6075 3124 3079 6076 3125 2818 6077 2834 3079 6078 3125 2819 6079 2836 2818 6080 2834 3079 6081 3125 3086 6082 3126 2819 6083 2836 3086 6084 3126 3080 6085 2838 2819 6086 2836 3086 6087 3126 3082 6088 3127 3080 6089 2838 3082 6090 3127 3081 6091 2840 3080 6092 2838 3082 6093 3127 3084 6094 3128 3081 6095 2840 3084 6096 3128 2821 6097 2842 3081 6098 2840 3084 6099 3128 3083 6100 3129 2821 6101 2842 3083 6102 3129 2823 6103 2844 2821 6104 2842 3083 6105 3129 3113 6106 2846 2823 6107 2844 3083 6108 3129 3098 6109 3130 3113 6110 2846 3084 6111 3128 3098 6112 3130 3083 6113 3129 3085 6114 3131 3098 6115 3130 3084 6116 3128 3082 6117 3127 3085 6118 3131 3084 6119 3128 3095 6120 3132 3085 6121 3131 3082 6122 3127 3086 6123 3126 3095 6124 3132 3082 6125 3127 3087 6126 3133 3095 6127 3132 3086 6128 3126 3079 6129 3125 3087 6130 3133 3086 6131 3126 3088 6132 3134 3087 6133 3133 3079 6134 3125 3089 6135 3124 3088 6136 3134 3079 6137 3125 3094 6138 3135 3088 6139 3134 3089 6140 3124 3078 6141 3123 3094 6142 3135 3089 6143 3124 3090 6144 3136 3094 6145 3135 3078 6146 3123 3077 6147 3122 3090 6148 3136 3078 6149 3123 3093 6150 3137 3090 6151 3136 3077 6152 3122 3091 6153 3121 3093 6154 3137 3077 6155 3122 3092 6156 3138 3093 6157 3137 3091 6158 3121 3074 6159 3120 3092 6160 3138 3091 6161 3121 3073 6162 3118 3092 6163 3138 3074 6164 3120 3102 6165 3119 3092 6166 3138 3073 6167 3118 3105 6168 3139 3092 6169 3138 3102 6170 3119 3105 6171 3139 3093 6172 3137 3092 6173 3138 3106 6174 3140 3093 6175 3137 3105 6176 3139 3106 6177 3140 3090 6178 3136 3093 6179 3137 3107 6180 3141 3090 6181 3136 3106 6182 3140 3107 6183 3141 3094 6184 3135 3090 6185 3136 3108 6186 3142 3094 6187 3135 3107 6188 3141 3108 6189 3142 3088 6190 3134 3094 6191 3135 3110 6192 3143 3088 6193 3134 3108 6194 3142 3110 6195 3143 3087 6196 3133 3088 6197 3134 3096 6198 3144 3087 6199 3133 3110 6200 3143 3096 6201 3144 3095 6202 3132 3087 6203 3133 3097 6204 3145 3095 6205 3132 3096 6206 3144 3097 6207 3145 3085 6208 3131 3095 6209 3132 3112 6210 3146 3085 6211 3131 3097 6212 3145 3112 6213 3146 3098 6214 3130 3085 6215 3131 3098 6216 3130 3112 6217 3146 3113 6218 2846 3124 6219 2875 3099 6220 3147 3100 6221 2876 3099 6222 3147 3101 6223 2826 3100 6224 2876 3099 6225 3147 3123 6226 3148 3101 6227 2826 3123 6228 3148 3072 6229 3117 3101 6230 2826 3123 6231 3148 3122 6232 3149 3072 6233 3117 3122 6234 3149 3102 6235 3119 3072 6236 3117 3122 6237 3149 3104 6238 3150 3102 6239 3119 3104 6240 3150 3105 6241 3139 3102 6242 3119 3104 6243 3150 3103 6244 3151 3105 6245 3139 3103 6246 3151 3106 6247 3140 3105 6248 3139 3103 6249 3151 3119 6250 3152 3106 6251 3140 3119 6252 3152 3107 6253 3141 3106 6254 3140 3119 6255 3152 3109 6256 3153 3107 6257 3141 3109 6258 3153 3108 6259 3142 3107 6260 3141 3109 6261 3153 3116 6262 3154 3108 6263 3142 3116 6264 3154 3110 6265 3143 3108 6266 3142 3116 6267 3154 3111 6268 3155 3110 6269 3143 3111 6270 3155 3096 6271 3144 3110 6272 3143 3111 6273 3155 3115 6274 3156 3096 6275 3144 3115 6276 3156 3097 6277 3145 3096 6278 3144 3115 6279 3156 3114 6280 3157 3097 6281 3145 3114 6282 3157 3112 6283 3146 3097 6284 3145 3114 6285 3157 3113 6286 2846 3112 6287 3146 3114 6288 3157 3133 6289 3158 3113 6290 2846 3115 6291 3156 3133 6292 3158 3114 6293 3157 3132 6294 3159 3133 6295 3158 3115 6296 3156 3111 6297 3155 3132 6298 3159 3115 6299 3156 3117 6300 3160 3132 6301 3159 3111 6302 3155 3116 6303 3154 3117 6304 3160 3111 6305 3155 3118 6306 3161 3117 6307 3160 3116 6308 3154 3109 6309 3153 3118 6310 3161 3116 6311 3154 3128 6312 3162 3118 6313 3161 3109 6314 3153 3119 6315 3152 3128 6316 3162 3109 6317 3153 3127 6318 3163 3128 6319 3162 3119 6320 3152 3103 6321 3151 3127 6322 3163 3119 6323 3152 3120 6324 3164 3127 6325 3163 3103 6326 3151 3104 6327 3150 3120 6328 3164 3103 6329 3151 3125 6330 3165 3120 6331 3164 3104 6332 3150 3122 6333 3149 3125 6334 3165 3104 6335 3150 3121 6336 3166 3125 6337 3165 3122 6338 3149 3123 6339 3148 3121 6340 3166 3122 6341 3149 3099 6342 3147 3121 6343 3166 3123 6344 3148 3124 6345 2875 3121 6346 3166 3099 6347 3147 2848 6348 2874 3121 6349 3166 3124 6350 2875 2848 6351 2874 3125 6352 3165 3121 6353 3166 2847 6354 2873 3125 6355 3165 2848 6356 2874 2847 6357 2873 3120 6358 3164 3125 6359 3165 3126 6360 2872 3120 6361 3164 2847 6362 2873 3126 6363 2872 3127 6364 3163 3120 6365 3164 2846 6366 2871 3127 6367 3163 3126 6368 2872 2846 6369 2871 3128 6370 3162 3127 6371 3163 3129 6372 2870 3128 6373 3162 2846 6374 2871 3129 6375 2870 3118 6376 3161 3128 6377 3162 3130 6378 2869 3118 6379 3161 3129 6380 2870 3130 6381 2869 3117 6382 3160 3118 6383 3161 3131 6384 2868 3117 6385 3160 3130 6386 2869 3131 6387 2868 3132 6388 3159 3117 6389 3160 3134 6390 2867 3132 6391 3159 3131 6392 2868 3134 6393 2867 3133 6394 3158 3132 6395 3159 3133 6396 3158 3134 6397 2867 3113 6398 2846 3168 6399 3169 3135 6400 3168 3167 6401 3167 3135 6402 3168 3165 6403 2878 3167 6404 3167 3135 6405 3168 3154 6406 3170 3165 6407 2878 3154 6408 3170 2852 6409 2877 3165 6410 2878 3154 6411 3170 3152 6412 3171 2852 6413 2877 3152 6414 3171 3136 6415 2880 2852 6416 2877 3152 6417 3171 3138 6418 3172 3136 6419 2880 3138 6420 3172 3137 6421 2882 3136 6422 2880 3138 6423 3172 3151 6424 3173 3137 6425 2882 3151 6426 3173 2855 6427 2884 3137 6428 2882 3151 6429 3173 3141 6430 3174 2855 6431 2884 3141 6432 3174 3139 6433 2886 2855 6434 2884 3141 6435 3174 3140 6436 3175 3139 6437 2886 3140 6438 3175 3142 6439 2888 3139 6440 2886 3140 6441 3175 3148 6442 3176 3142 6443 2888 3148 6444 3176 2859 6445 2890 3142 6446 2888 3148 6447 3176 3143 6448 3177 2859 6449 2890 3143 6450 3177 2860 6451 2892 2859 6452 2890 3143 6453 3177 3144 6454 3178 2860 6455 2892 3144 6456 3178 3145 6457 2894 2860 6458 2892 3144 6459 3178 3147 6460 3179 3145 6461 2894 3147 6462 3179 2861 6463 2896 3145 6464 2894 3147 6465 3179 2880 6466 2898 2861 6467 2896 3147 6468 3179 3146 6469 3180 2880 6470 2898 3144 6471 3178 3146 6472 3180 3147 6473 3179 3162 6474 3181 3146 6475 3180 3144 6476 3178 3143 6477 3177 3162 6478 3181 3144 6479 3178 3161 6480 3182 3162 6481 3181 3143 6482 3177 3148 6483 3176 3161 6484 3182 3143 6485 3177 3149 6486 3183 3161 6487 3182 3148 6488 3176 3140 6489 3175 3149 6490 3183 3148 6491 3176 3160 6492 3184 3149 6493 3183 3140 6494 3175 3141 6495 3174 3160 6496 3184 3140 6497 3175 3150 6498 3185 3160 6499 3184 3141 6500 3174 3151 6501 3173 3150 6502 3185 3141 6503 3174 3157 6504 3186 3150 6505 3185 3151 6506 3173 3138 6507 3172 3157 6508 3186 3151 6509 3173 3156 6510 3187 3157 6511 3186 3138 6512 3172 3152 6513 3171 3156 6514 3187 3138 6515 3172 3153 6516 3188 3156 6517 3187 3152 6518 3171 3154 6519 3170 3153 6520 3188 3152 6521 3171 3135 6522 3168 3153 6523 3188 3154 6524 3170 3168 6525 3169 3153 6526 3188 3135 6527 3168 3155 6528 3189 3153 6529 3188 3168 6530 3169 3155 6531 3189 3156 6532 3187 3153 6533 3188 3170 6534 3190 3156 6535 3187 3155 6536 3189 3170 6537 3190 3157 6538 3186 3156 6539 3187 3158 6540 3191 3157 6541 3186 3170 6542 3190 3158 6543 3191 3150 6544 3185 3157 6545 3186 3159 6546 3192 3150 6547 3185 3158 6548 3191 3159 6549 3192 3160 6550 3184 3150 6551 3185 3173 6552 3193 3160 6553 3184 3159 6554 3192 3173 6555 3193 3149 6556 3183 3160 6557 3184 3174 6558 3194 3149 6559 3183 3173 6560 3193 3174 6561 3194 3161 6562 3182 3149 6563 3183 3176 6564 3195 3161 6565 3182 3174 6566 3194 3176 6567 3195 3162 6568 3181 3161 6569 3182 3163 6570 3196 3162 6571 3181 3176 6572 3195 3163 6573 3196 3146 6574 3180 3162 6575 3181 3146 6576 3180 3163 6577 3196 2880 6578 2898 3164 6579 2927 3187 6580 3197 2892 6581 2928 3187 6582 3197 3165 6583 2878 2892 6584 2928 3187 6585 3197 3166 6586 3198 3165 6587 2878 3166 6588 3198 3167 6589 3167 3165 6590 2878 3166 6591 3198 3169 6592 3199 3167 6593 3167 3169 6594 3199 3168 6595 3169 3167 6596 3167 3169 6597 3199 3184 6598 3200 3168 6599 3169 3184 6600 3200 3155 6601 3189 3168 6602 3169 3184 6603 3200 3182 6604 3201 3155 6605 3189 3182 6606 3201 3170 6607 3190 3155 6608 3189 3182 6609 3201 3171 6610 3202 3170 6611 3190 3171 6612 3202 3158 6613 3191 3170 6614 3190 3171 6615 3202 3172 6616 3203 3158 6617 3191 3172 6618 3203 3159 6619 3192 3158 6620 3191 3172 6621 3203 3180 6622 3204 3159 6623 3192 3180 6624 3204 3173 6625 3193 3159 6626 3192 3180 6627 3204 3179 6628 3205 3173 6629 3193 3179 6630 3205 3174 6631 3194 3173 6632 3193 3179 6633 3205 3175 6634 3206 3174 6635 3194 3175 6636 3206 3176 6637 3195 3174 6638 3194 3175 6639 3206 3177 6640 3207 3176 6641 3195 3177 6642 3207 3163 6643 3196 3176 6644 3195 3177 6645 3207 2880 6646 2898 3163 6647 3196 3177 6648 3207 3178 6649 3208 2880 6650 2898 3175 6651 3206 3178 6652 3208 3177 6653 3207 3193 6654 3209 3178 6655 3208 3175 6656 3206 3179 6657 3205 3193 6658 3209 3175 6659 3206 3192 6660 3210 3193 6661 3209 3179 6662 3205 3180 6663 3204 3192 6664 3210 3179 6665 3205 3181 6666 3211 3192 6667 3210 3180 6668 3204 3172 6669 3203 3181 6670 3211 3180 6671 3204 3190 6672 3212 3181 6673 3211 3172 6674 3203 3171 6675 3202 3190 6676 3212 3172 6677 3203 3189 6678 3213 3190 6679 3212 3171 6680 3202 3182 6681 3201 3189 6682 3213 3171 6683 3202 3183 6684 3214 3189 6685 3213 3182 6686 3201 3184 6687 3200 3183 6688 3214 3182 6689 3201 3185 6690 3215 3183 6691 3214 3184 6692 3200 3169 6693 3199 3185 6694 3215 3184 6695 3200 3186 6696 3216 3185 6697 3215 3169 6698 3199 3166 6699 3198 3186 6700 3216 3169 6701 3199 3187 6702 3197 3186 6703 3216 3166 6704 3198 3164 6705 2927 3186 6706 3216 3187 6707 3197 3188 6708 2926 3186 6709 3216 3164 6710 2927 3188 6711 2926 3185 6712 3215 3186 6713 3216 2889 6714 2925 3185 6715 3215 3188 6716 2926 2889 6717 2925 3183 6718 3214 3185 6719 3215 2888 6720 2924 3183 6721 3214 2889 6722 2925 2888 6723 2924 3189 6724 3213 3183 6725 3214 2886 6726 2923 3189 6727 3213 2888 6728 2924 2886 6729 2923 3190 6730 3212 3189 6731 3213 3191 6732 2922 3190 6733 3212 2886 6734 2923 3191 6735 2922 3181 6736 3211 3190 6737 3212 2883 6738 2921 3181 6739 3211 3191 6740 2922 2883 6741 2921 3192 6742 3210 3181 6743 3211 2882 6744 2920 3192 6745 3210 2883 6746 2921 2882 6747 2920 3193 6748 3209 3192 6749 3210 3194 6750 2919 3193 6751 3209 2882 6752 2920 3194 6753 2919 3178 6754 3208 3193 6755 3209 3178 6756 3208 3194 6757 2919 2880 6758 2898 3195 6759 3219 3218 6760 3218 3196 6761 3217 3218 6762 3218 3226 6763 2930 3196 6764 3217 3218 6765 3218 3217 6766 3220 3226 6767 2930 3217 6768 3220 3198 6769 2929 3226 6770 2930 3217 6771 3220 3197 6772 3221 3198 6773 2929 3197 6774 3221 3199 6775 2932 3198 6776 2929 3197 6777 3221 3200 6778 3222 3199 6779 2932 3200 6780 3222 2895 6781 2934 3199 6782 2932 3200 6783 3222 3202 6784 3223 2895 6785 2934 3202 6786 3223 3201 6787 2936 2895 6788 2934 3202 6789 3223 3215 6790 3224 3201 6791 2936 3215 6792 3224 3203 6793 2938 3201 6794 2936 3215 6795 3224 3213 6796 3225 3203 6797 2938 3213 6798 3225 3204 6799 2940 3203 6800 2938 3213 6801 3225 3210 6802 3226 3204 6803 2940 3210 6804 3226 2898 6805 2942 3204 6806 2940 3210 6807 3226 3209 6808 3227 2898 6809 2942 3209 6810 3227 2899 6811 2944 2898 6812 2942 3209 6813 3227 3205 6814 3228 2899 6815 2944 3205 6816 3228 3206 6817 2946 2899 6818 2944 3205 6819 3228 3207 6820 3229 3206 6821 2946 3207 6822 3229 2900 6823 2948 3206 6824 2946 3207 6825 3229 2901 6826 2950 2900 6827 2948 3207 6828 3229 3225 6829 3230 2901 6830 2950 3205 6831 3228 3225 6832 3230 3207 6833 3229 3208 6834 3231 3225 6835 3230 3205 6836 3228 3209 6837 3227 3208 6838 3231 3205 6839 3228 3211 6840 3232 3208 6841 3231 3209 6842 3227 3210 6843 3226 3211 6844 3232 3209 6845 3227 3212 6846 3233 3211 6847 3232 3210 6848 3226 3213 6849 3225 3212 6850 3233 3210 6851 3226 3214 6852 3234 3212 6853 3233 3213 6854 3225 3215 6855 3224 3214 6856 3234 3213 6857 3225 3216 6858 3235 3214 6859 3234 3215 6860 3224 3202 6861 3223 3216 6862 3235 3215 6863 3224 3222 6864 3236 3216 6865 3235 3202 6866 3223 3200 6867 3222 3222 6868 3236 3202 6869 3223 3221 6870 3237 3222 6871 3236 3200 6872 3222 3197 6873 3221 3221 6874 3237 3200 6875 3222 3220 6876 3238 3221 6877 3237 3197 6878 3221 3217 6879 3220 3220 6880 3238 3197 6881 3221 3218 6882 3218 3220 6883 3238 3217 6884 3220 3195 6885 3219 3220 6886 3238 3218 6887 3218 3219 6888 3239 3220 6889 3238 3195 6890 3219 3219 6891 3239 3221 6892 3237 3220 6893 3238 3223 6894 3240 3221 6895 3237 3219 6896 3239 3223 6897 3240 3222 6898 3236 3221 6899 3237 3230 6900 3241 3222 6901 3236 3223 6902 3240 3230 6903 3241 3216 6904 3235 3222 6905 3236 3232 6906 3242 3216 6907 3235 3230 6908 3241 3232 6909 3242 3214 6910 3234 3216 6911 3235 3233 6912 3243 3214 6913 3234 3232 6914 3242 3233 6915 3243 3212 6916 3233 3214 6917 3234 3224 6918 3244 3212 6919 3233 3233 6920 3243 3224 6921 3244 3211 6922 3232 3212 6923 3233 3237 6924 3245 3211 6925 3232 3224 6926 3244 3237 6927 3245 3208 6928 3231 3211 6929 3232 3239 6930 3246 3208 6931 3231 3237 6932 3245 3239 6933 3246 3225 6934 3230 3208 6935 3231 3225 6936 3230 3239 6937 3246 2901 6938 2950 2933 6939 2979 3227 6940 3247 2934 6941 2980 3227 6942 3247 3226 6943 2930 2934 6944 2980 3227 6945 3247 3228 6946 3248 3226 6947 2930 3228 6948 3248 3196 6949 3217 3226 6950 2930 3228 6951 3248 3229 6952 3249 3196 6953 3217 3229 6954 3249 3195 6955 3219 3196 6956 3217 3229 6957 3249 3248 6958 3250 3195 6959 3219 3248 6960 3250 3219 6961 3239 3195 6962 3219 3248 6963 3250 3247 6964 3251 3219 6965 3239 3247 6966 3251 3223 6967 3240 3219 6968 3239 3247 6969 3251 3244 6970 3252 3223 6971 3240 3244 6972 3252 3230 6973 3241 3223 6974 3240 3244 6975 3252 3231 6976 3253 3230 6977 3241 3231 6978 3253 3232 6979 3242 3230 6980 3241 3231 6981 3253 3235 6982 3254 3232 6983 3242 3235 6984 3254 3233 6985 3243 3232 6986 3242 3235 6987 3254 3234 6988 3255 3233 6989 3243 3234 6990 3255 3224 6991 3244 3233 6992 3243 3234 6993 3255 3236 6994 3256 3224 6995 3244 3236 6996 3256 3237 6997 3245 3224 6998 3244 3236 6999 3256 3238 7000 3257 3237 7001 3245 3238 7002 3257 3239 7003 3246 3237 7004 3245 3238 7005 3257 2901 7006 2950 3239 7007 3246 3238 7008 3257 3240 7009 3258 2901 7010 2950 3236 7011 3256 3240 7012 3258 3238 7013 3257 3241 7014 3259 3240 7015 3258 3236 7016 3256 3234 7017 3255 3241 7018 3259 3236 7019 3256 3242 7020 3260 3241 7021 3259 3234 7022 3255 3235 7023 3254 3242 7024 3260 3234 7025 3255 3243 7026 3261 3242 7027 3260 3235 7028 3254 3231 7029 3253 3243 7030 3261 3235 7031 3254 3245 7032 3262 3243 7033 3261 3231 7034 3253 3244 7035 3252 3245 7036 3262 3231 7037 3253 3246 7038 3263 3245 7039 3262 3244 7040 3252 3247 7041 3251 3246 7042 3263 3244 7043 3252 3252 7044 3264 3246 7045 3263 3247 7046 3251 3248 7047 3250 3252 7048 3264 3247 7049 3251 3249 7050 3265 3252 7051 3264 3248 7052 3250 3229 7053 3249 3249 7054 3265 3248 7055 3250 3250 7056 3266 3249 7057 3265 3229 7058 3249 3228 7059 3248 3250 7060 3266 3229 7061 3249 3227 7062 3247 3250 7063 3266 3228 7064 3248 2933 7065 2979 3250 7066 3266 3227 7067 3247 3251 7068 2978 3250 7069 3266 2933 7070 2979 3251 7071 2978 3249 7072 3265 3250 7073 3266 2932 7074 2977 3249 7075 3265 3251 7076 2978 2932 7077 2977 3252 7078 3264 3249 7079 3265 3253 7080 2976 3252 7081 3264 2932 7082 2977 3253 7083 2976 3246 7084 3263 3252 7085 3264 2930 7086 2975 3246 7087 3263 3253 7088 2976 2930 7089 2975 3245 7090 3262 3246 7091 3263 2928 7092 2974 3245 7093 3262 2930 7094 2975 2928 7095 2974 3243 7096 3261 3245 7097 3262 3254 7098 2973 3243 7099 3261 2928 7100 2974 3254 7101 2973 3242 7102 3260 3243 7103 3261 3255 7104 2972 3242 7105 3260 3254 7106 2973 3255 7107 2972 3241 7108 3259 3242 7109 3260 2924 7110 2971 3241 7111 3259 3255 7112 2972 2924 7113 2971 3240 7114 3258 3241 7115 3259 3240 7116 3258 2924 7117 2971 2901 7118 2950 3287 7119 3269 3256 7120 3268 3285 7121 3267 3256 7122 3268 2954 7123 2982 3285 7124 3267 3256 7125 3268 3257 7126 3270 2954 7127 2982 3257 7128 3270 3258 7129 2981 2954 7130 2982 3257 7131 3270 3259 7132 3271 3258 7133 2981 3259 7134 3271 2935 7135 2984 3258 7136 2981 3259 7137 3271 3260 7138 3272 2935 7139 2984 3260 7140 3272 3261 7141 2986 2935 7142 2984 3260 7143 3272 3274 7144 3273 3261 7145 2986 3274 7146 3273 3262 7147 2988 3261 7148 2986 3274 7149 3273 3263 7150 3274 3262 7151 2988 3263 7152 3274 2937 7153 2990 3262 7154 2988 3263 7155 3274 3273 7156 3275 2937 7157 2990 3273 7158 3275 3264 7159 2992 2937 7160 2990 3273 7161 3275 3267 7162 3276 3264 7163 2992 3267 7164 3276 3265 7165 2994 3264 7166 2992 3267 7167 3276 3266 7168 3277 3265 7169 2994 3266 7170 3277 2939 7171 2996 3265 7172 2994 3266 7173 3277 3268 7174 3278 2939 7175 2996 3268 7176 3278 2940 7177 2998 2939 7178 2996 3268 7179 3278 3269 7180 3279 2940 7181 2998 3269 7182 3279 2941 7183 3000 2940 7184 2998 3269 7185 3279 2966 7186 3002 2941 7187 3000 3269 7188 3279 3270 7189 3280 2966 7190 3002 3268 7191 3278 3270 7192 3280 3269 7193 3279 3271 7194 3281 3270 7195 3280 3268 7196 3278 3266 7197 3277 3271 7198 3281 3268 7199 3278 3281 7200 3282 3271 7201 3281 3266 7202 3277 3267 7203 3276 3281 7204 3282 3266 7205 3277 3272 7206 3283 3281 7207 3282 3267 7208 3276 3273 7209 3275 3272 7210 3283 3267 7211 3276 3279 7212 3284 3272 7213 3283 3273 7214 3275 3263 7215 3274 3279 7216 3284 3273 7217 3275 3278 7218 3285 3279 7219 3284 3263 7220 3274 3274 7221 3273 3278 7222 3285 3263 7223 3274 3277 7224 3286 3278 7225 3285 3274 7226 3273 3260 7227 3272 3277 7228 3286 3274 7229 3273 3275 7230 3287 3277 7231 3286 3260 7232 3272 3259 7233 3271 3275 7234 3287 3260 7235 3272 3276 7236 3288 3275 7237 3287 3259 7238 3271 3257 7239 3270 3276 7240 3288 3259 7241 3271 3256 7242 3268 3276 7243 3288 3257 7244 3270 3287 7245 3269 3276 7246 3288 3256 7247 3268 3289 7248 3289 3276 7249 3288 3287 7250 3269 3289 7251 3289 3275 7252 3287 3276 7253 3288 3290 7254 3290 3275 7255 3287 3289 7256 3289 3290 7257 3290 3277 7258 3286 3275 7259 3287 3291 7260 3291 3277 7261 3286 3290 7262 3290 3291 7263 3291 3278 7264 3285 3277 7265 3286 3293 7266 3292 3278 7267 3285 3291 7268 3291 3293 7269 3292 3279 7270 3284 3278 7271 3285 3280 7272 3293 3279 7273 3284 3293 7274 3292 3280 7275 3293 3272 7276 3283 3279 7277 3284 3282 7278 3294 3272 7279 3283 3280 7280 3293 3282 7281 3294 3281 7282 3282 3272 7283 3283 3283 7284 3295 3281 7285 3282 3282 7286 3294 3283 7287 3295 3271 7288 3281 3281 7289 3282 3295 7290 3296 3271 7291 3281 3283 7292 3295 3295 7293 3296 3270 7294 3280 3271 7295 3281 3270 7296 3280 3295 7297 3296 2966 7298 3002 3304 7299 3031 3284 7300 3297 2975 7301 3032 3284 7302 3297 2954 7303 2982 2975 7304 3032 3284 7305 3297 3286 7306 3298 2954 7307 2982 3286 7308 3298 3285 7309 3267 2954 7310 2982 3286 7311 3298 3288 7312 3299 3285 7313 3267 3288 7314 3299 3287 7315 3269 3285 7316 3267 3288 7317 3299 3302 7318 3300 3287 7319 3269 3302 7320 3300 3289 7321 3289 3287 7322 3269 3302 7323 3300 3301 7324 3301 3289 7325 3289 3301 7326 3301 3290 7327 3290 3289 7328 3289 3301 7329 3301 3300 7330 3302 3290 7331 3290 3300 7332 3302 3291 7333 3291 3290 7334 3290 3300 7335 3302 3292 7336 3303 3291 7337 3291 3292 7338 3303 3293 7339 3292 3291 7340 3291 3292 7341 3303 3294 7342 3304 3293 7343 3292 3294 7344 3304 3280 7345 3293 3293 7346 3292 3294 7347 3304 3298 7348 3305 3280 7349 3293 3298 7350 3305 3282 7351 3294 3280 7352 3293 3298 7353 3305 3297 7354 3306 3282 7355 3294 3297 7356 3306 3283 7357 3295 3282 7358 3294 3297 7359 3306 3296 7360 3307 3283 7361 3295 3296 7362 3307 3295 7363 3296 3283 7364 3295 3296 7365 3307 2966 7366 3002 3295 7367 3296 3296 7368 3307 3317 7369 3308 2966 7370 3002 3297 7371 3306 3317 7372 3308 3296 7373 3307 3315 7374 3309 3317 7375 3308 3297 7376 3306 3298 7377 3305 3315 7378 3309 3297 7379 3306 3314 7380 3310 3315 7381 3309 3298 7382 3305 3294 7383 3304 3314 7384 3310 3298 7385 3305 3312 7386 3311 3314 7387 3310 3294 7388 3304 3292 7389 3303 3312 7390 3311 3294 7391 3304 3299 7392 3312 3312 7393 3311 3292 7394 3303 3300 7395 3302 3299 7396 3312 3292 7397 3303 3310 7398 3313 3299 7399 3312 3300 7400 3302 3301 7401 3301 3310 7402 3313 3300 7403 3302 3308 7404 3314 3310 7405 3313 3301 7406 3301 3302 7407 3300 3308 7408 3314 3301 7409 3301 3306 7410 3315 3308 7411 3314 3302 7412 3300 3288 7413 3299 3306 7414 3315 3302 7415 3300 3303 7416 3316 3306 7417 3315 3288 7418 3299 3286 7419 3298 3303 7420 3316 3288 7421 3299 3284 7422 3297 3303 7423 3316 3286 7424 3298 3304 7425 3031 3303 7426 3316 3284 7427 3297 3305 7428 3030 3303 7429 3316 3304 7430 3031 3305 7431 3030 3306 7432 3315 3303 7433 3316 3307 7434 3029 3306 7435 3315 3305 7436 3030 3307 7437 3029 3308 7438 3314 3306 7439 3315 3309 7440 3028 3308 7441 3314 3307 7442 3029 3309 7443 3028 3310 7444 3313 3308 7445 3314 3311 7446 3027 3310 7447 3313 3309 7448 3028 3311 7449 3027 3299 7450 3312 3310 7451 3313 2971 7452 3026 3299 7453 3312 3311 7454 3027 2971 7455 3026 3312 7456 3311 3299 7457 3312 3313 7458 3025 3312 7459 3311 2971 7460 3026 3313 7461 3025 3314 7462 3310 3312 7463 3311 2969 7464 3024 3314 7465 3310 3313 7466 3025 2969 7467 3024 3315 7468 3309 3314 7469 3310 2967 7470 3023 3315 7471 3309 2969 7472 3024 2967 7473 3023 3317 7474 3308 3315 7475 3309 3317 7476 3308 2967 7477 3023 2966 7478 3002</p>
        </triangles>
      </mesh>
    </geometry>
    <geometry id="SM_Urchin_Group_02_LOD1-lib" name="SM_Urchin_Group_02_LOD1Mesh">
      <mesh>
        <source id="SM_Urchin_Group_02_LOD1-POSITION">
          <float_array id="SM_Urchin_Group_02_LOD1-POSITION-array" count="7962">
13.334671 -6.529968 17.797272
23.544830 1.623138 17.797270
11.873932 -0.162354 17.797272
-30.241638 11.417633 18.617676
-30.541473 6.964966 13.872681
-27.478485 9.265900 18.000683
29.552917 12.459198 18.791412
30.377792 18.490051 20.447645
26.736298 14.499908 18.840036
-8.865814 -2.518311 18.594685
-9.120270 2.364258 16.015400
-11.210693 -0.621277 18.693266
-33.004822 9.265900 18.000683
-15.035309 -21.625763 17.062048
-14.389893 -16.906982 18.357952
-17.033447 -17.870483 17.758381
30.769745 17.691132 17.084854
1.088776 -16.937775 16.924362
0.561218 -12.608612 17.095779
0.887268 -13.778259 15.249020
22.176926 0.530823 22.603729
-18.715179 2.424683 13.819445
-29.183807 12.259338 11.829492
-18.715179 9.300385 3.706376
41.077225 8.921600 17.868080
29.103821 15.400513 13.885399
37.514008 8.286652 6.466428
-7.416626 -0.208771 14.986354
-8.865814 2.412781 18.594797
0.887268 -15.768158 19.154425
22.403030 -1.244110 22.888260
29.571976 -0.382751 29.091068
31.830719 -6.596130 19.640926
23.057938 0.632721 20.894295
30.992645 3.688690 24.772743
32.015991 -6.065186 19.063980
27.382278 -13.618988 24.869333
21.321274 -7.655518 20.990883
32.205841 -5.079773 19.176083
16.400208 -16.933685 19.910696
17.284378 -7.983307 18.871449
25.782852 -13.024292 24.985039
27.559204 7.718109 18.544636
22.531845 0.161285 18.544638
16.714157 9.910889 18.544636
23.629700 -16.857147 18.544640
19.598969 -8.724915 18.544640
30.951202 -8.561432 18.544640
20.624710 -7.024109 23.266870
21.416855 -14.168884 28.843258
15.298309 -16.460754 19.898598
17.169785 -16.632965 23.996300
17.863571 -8.343750 20.421646
25.360260 -10.705841 29.195061
7.418640 -9.284393 27.435730
13.394348 -4.501160 22.558035
12.246628 -15.395905 19.599422
10.354126 2.958862 11.058326
16.485519 -0.099304 15.999691
8.405304 -7.400055 14.378063
19.900467 -8.821014 17.797272
24.403961 8.031036 14.850760
21.590744 0.605072 17.426046
13.158478 7.618774 15.290943
15.758698 -4.964600 15.979982
10.081665 -5.374176 9.873063
14.536423 4.681580 10.916883
21.066696 -6.470459 17.426048
22.755249 -14.229828 14.850762
11.919296 -12.122406 15.290945
20.014954 -7.051727 17.335497
19.637680 -14.983734 14.760205
9.716400 -10.143555 15.200385
26.978455 6.099396 14.850760
22.339142 -0.345398 17.426046
16.199738 8.482208 15.290943
24.827942 -10.519684 11.318728
19.663574 -6.327148 16.362801
27.429626 0.182678 12.180883
14.879532 -15.528442 17.623636
15.652191 -7.298553 18.791174
24.753235 -11.666779 14.517138
0.915710 -2.037872 23.081390
-7.968140 -3.867859 14.765408
0.915710 -10.717712 17.392952
8.570221 6.250458 14.850760
15.988022 1.271606 17.426046
6.196472 -4.531433 15.290945
-15.864899 6.994659 20.339529
-28.125977 13.310974 13.329878
-18.291748 16.358521 13.776339
-30.451263 6.960754 17.928560
-18.492523 0.193665 14.240204
-27.068726 -4.220886 23.381004
44.445480 16.340607 19.298965
30.254211 17.107758 14.097390
39.001419 19.744965 9.837270
30.272842 14.886597 21.782459
41.776886 7.433655 19.376755
36.672348 9.409149 31.167240
-28.034790 4.324493 16.933571
-34.167633 7.487122 31.076965
-27.165222 -1.213928 28.624397
25.500793 -1.346527 30.387913
21.297867 -2.175262 23.142075
10.812958 -4.138885 28.243443
23.898468 1.987000 30.292858
20.630890 -0.783325 23.142075
12.574600 -7.775146 28.243446
25.221680 -5.034576 30.491192
21.179535 -3.714203 23.142075
11.105499 -0.108917 28.243443
20.844055 4.072754 30.292858
19.357285 0.088654 23.142075
15.918381 -10.043457 28.243446
23.135941 -8.088989 30.483044
20.307571 -4.987823 23.142075
13.373795 3.234863 28.243443
19.802414 -9.691315 30.292858
18.915604 -5.654816 23.142075
17.010056 4.996490 28.243443
32.763580 12.244812 21.827930
29.763763 23.082153 32.340672
37.268906 14.855225 33.392555
-32.357330 10.235382 15.485571
-44.950195 5.236389 23.466759
-44.950195 12.495850 13.901198
-31.299500 6.017365 20.679474
-40.058807 10.443085 30.895298
-40.058807 19.806946 24.332109
-35.112915 7.273071 18.493252
-42.245300 -1.715820 12.843101
-33.669098 -0.942749 5.319229
-32.285248 5.280029 19.627495
-44.449036 5.316956 23.581753
-44.449036 14.680817 17.018562
-34.218994 10.934113 19.852875
-40.042572 22.290283 19.004864
-33.040161 22.953094 9.989103
-31.697479 11.769684 21.045017
-33.829041 24.349304 21.942516
-31.265961 23.540985 10.827902
-31.802155 13.934296 18.387819
-29.623596 17.746460 30.400997
-24.672119 7.441986 30.641464
-35.112915 7.037048 14.292844
-42.245300 12.687195 5.303955
-33.669098 20.211060 6.077026
-34.858398 11.145630 14.474301
-41.990784 20.134521 20.124451
-33.414581 19.361450 27.648323
-31.737671 5.824402 20.404148
-40.642181 9.101501 28.981194
-40.642181 18.465332 22.418001
-31.299500 7.810486 11.167716
-37.595947 15.455719 3.074486
-37.595947 22.018921 12.438339
-28.681152 13.934296 18.387819
-30.859711 17.746460 30.400997
-35.811188 7.441986 30.641464
-33.268127 11.920258 12.170797
-29.494781 23.018097 7.052662
-20.918579 21.178101 14.388925
-27.538788 4.695496 17.462879
-31.312164 -3.901520 26.148983
-39.888367 3.622345 26.922054
-33.054077 5.855347 12.606903
-37.171967 9.775330 1.149492
-32.220490 19.379639 4.890787
-28.494324 4.103546 14.344200
-30.672882 0.291382 2.331023
-35.624329 10.595886 2.090556
-32.907135 12.743500 13.354349
-37.025024 24.200897 17.274298
-32.073547 20.459595 26.878620
-31.988983 11.186096 11.123331
-29.810425 23.199280 7.311163
-24.858978 23.439758 17.615648
-31.988983 4.103546 14.344200
-29.810425 0.291382 2.331023
-24.858978 10.595886 2.090556
-27.576172 12.743500 13.354349
-23.458282 24.200897 17.274298
-28.409760 20.459595 26.878620
-24.910706 8.962921 16.004177
-16.674927 14.579742 24.017834
-26.577850 17.861328 28.699760
-24.910706 9.526123 15.982695
-16.674927 1.512482 21.599522
-26.577850 -3.169434 24.881117
-30.241638 3.799805 16.185017
-30.241638 -3.546753 26.655102
-30.241638 6.819031 31.482838
-30.241638 6.180054 20.911587
-30.241638 11.574127 32.508968
-30.241638 20.937958 25.945776
-33.268127 5.151031 13.610024
-29.494781 0.032867 2.512209
-20.918579 7.369141 4.352190
-32.712769 14.341522 15.625222
-29.631836 22.420563 6.200167
-22.629395 13.719543 3.747597
-29.433899 7.321442 21.209389
-30.561584 -4.941559 24.665112
-33.124664 -5.749847 13.550503
-32.073883 5.572906 20.045338
-42.979645 7.353058 26.486675
-42.979645 16.716919 19.923485
-25.370392 7.273071 18.493252
-18.238037 -1.715820 12.843101
-26.814209 -0.942749 5.319229
-29.694092 12.138000 11.656415
-26.434784 6.990234 0.410409
-26.434784 -2.373596 6.973598
-31.989014 14.660278 16.080004
-29.810455 22.341919 6.087935
-24.858978 12.737579 2.346639
-29.183807 14.362579 14.830257
-22.887390 22.455811 22.475502
-22.887390 13.091980 29.038689
-28.681152 7.142487 20.954069
-30.859711 -4.870697 24.766235
-35.811188 -5.111145 14.461751
-26.472107 7.362549 12.895867
-20.648529 -3.993591 13.743879
-27.650970 -4.656433 22.759640
-28.861908 6.570618 11.766010
-26.730316 -6.008972 10.868512
-29.293396 -5.200684 21.983128
-25.624908 11.056000 18.165405
-18.492523 5.405853 27.154293
-27.068726 -2.118011 26.381222
-25.624908 11.145630 14.474299
-18.492523 20.134521 20.124451
-27.068726 19.361450 27.648323
-35.674835 9.486847 17.788029
-43.629974 18.723938 13.916709
-34.064484 21.934753 8.536262
-31.299500 3.914124 17.678709
-37.595947 -4.179108 10.033467
-37.595947 5.184753 3.470278
-27.227020 6.054779 19.402214
-31.435669 -4.439880 25.380875
-41.001160 -1.229065 20.000429
-27.120667 5.591156 18.740747
-31.477783 -4.256256 25.642864
-41.380707 0.425659 22.361271
-33.054077 5.587128 19.674942
-37.171967 -5.870270 15.754993
-32.220490 -2.128998 6.150675
-28.125977 6.310089 12.219344
-15.533081 5.024811 10.385590
-15.533081 11.587982 19.749443
-28.409424 13.918121 14.196122
-17.503662 19.365784 18.066872
-17.503662 10.001923 24.630062
-25.092346 10.318054 17.112549
-17.137207 3.527832 24.474880
-26.702698 -2.625183 25.657627
-30.241638 14.928986 16.463404
-30.241638 22.275604 5.993318
-30.241638 11.909790 1.165579
-29.183807 7.810486 11.167716
-22.887390 15.455719 3.074486
-22.887390 22.018921 12.438339
-28.745636 12.452301 12.104816
-19.841125 9.175232 3.527776
-19.841125 -0.188629 10.090965
-31.146149 14.860657 16.365892
-30.018433 22.292480 6.017382
-27.455383 12.120331 1.465960
-29.694092 14.483917 15.003335
-26.434814 23.299194 23.678762
-26.434814 13.935333 30.241951
-30.789246 3.792816 17.505632
-34.048523 -5.022491 8.830210
-34.048523 4.341370 2.267019
-32.712769 11.504852 11.578114
-29.631836 23.120636 7.198929
-22.629395 22.457825 16.214691
-33.736328 12.923187 13.601671
-29.379211 22.770599 6.699552
-19.476288 18.088684 9.981147
-30.241638 12.096649 11.597383
-30.241638 6.702576 0.000000
-30.241638 -2.661285 6.563189
-27.120667 11.720978 19.939156
-31.477783 18.623077 29.786564
-41.380707 15.341492 25.104637
-33.736328 6.581879 12.607118
-29.379211 -0.320221 2.759708
-19.476288 2.961365 7.441635
-27.576172 6.876282 12.202119
-23.458282 -5.231049 11.978364
-28.409760 -4.990601 22.282848
-28.409424 7.176331 11.612185
-17.503662 11.047089 6.164524
-17.503662 17.610291 15.528377
-30.241638 6.466370 11.617263
-30.241638 -6.274292 10.489965
-30.241638 -5.272339 21.880896
-27.538788 12.998840 19.043493
-31.312164 18.116974 30.141308
-39.888367 10.780701 28.301327
-35.866486 9.576111 16.879036
-44.102234 3.959290 8.865381
-34.199341 0.677673 4.183455
-33.054077 11.447174 20.584869
-37.171967 23.554535 20.808624
-32.220490 23.314056 10.504137
-33.617249 12.404053 12.860996
-29.408600 22.898712 6.882334
-19.843109 19.687897 12.262779
-35.866486 8.651276 16.595888
-44.102234 16.664948 10.979061
-34.199341 21.346863 7.697466
-30.241638 11.879700 21.201965
-30.241638 24.620361 22.329264
-30.241638 23.618408 10.938332
-27.429230 5.587128 19.674942
-23.311371 -5.870270 15.754992
-28.262817 -2.128998 6.150675
-28.198059 12.996674 12.881474
-16.034271 12.959717 8.927217
-16.034271 3.595886 15.490405
-28.861908 12.481628 20.199373
-26.730347 9.033905 32.330521
-29.293396 -1.138214 27.779102
-33.617249 13.442322 14.342340
-29.408600 22.642487 6.516764
-19.843109 16.489441 7.699508
-32.944519 12.998840 19.043493
-29.171143 18.116974 30.141308
-20.594940 10.780701 28.301327
-35.112915 10.265472 18.898926
-42.245300 20.642639 16.654158
-33.669098 22.482635 9.317897
-30.789246 6.138672 20.852552
-34.048523 11.286469 32.098560
-34.048523 20.650330 25.535370
-28.681152 4.039795 16.527418
-30.859711 -3.641815 26.519489
-35.811188 5.962494 30.260780
-35.674835 7.815704 15.403744
-43.629974 14.605896 8.041409
-34.064484 20.758942 6.858664
-27.227020 5.127533 18.079273
-31.435669 -4.072632 25.904850
-41.001160 2.080414 24.722103
-29.433868 3.860870 16.272100
-30.561584 -3.570953 26.620609
-33.124634 6.601196 31.172031
-27.215179 5.151031 13.610024
-30.988525 0.032867 2.512209
-39.564728 7.369141 4.352190
-31.146149 10.985718 10.837442
-30.018433 23.248718 7.381714
-27.455383 24.057037 18.496325
-28.034790 6.857819 20.547916
-31.115723 -4.757935 24.927099
-38.118164 -4.095123 15.911341
-31.697479 5.532837 12.146753
-33.829041 8.980560 0.015603
-31.265991 19.152679 4.567023
-27.538788 6.486816 20.018608
-31.312164 -4.610992 25.136742
-39.888367 -2.771027 17.800478
-32.073883 7.176331 11.612185
-42.979645 11.047089 6.164525
-42.979645 17.610291 15.528377
-6.018219 -24.393738 16.339594
-15.386688 -19.324341 13.223381
-8.806213 -24.890564 7.418472
27.347458 15.989594 18.672325
18.326614 16.823395 31.103363
14.822784 16.811432 19.891703
-28.409424 12.703796 12.463628
-17.503662 11.661865 7.075532
-17.503662 1.559784 12.585482
-24.359558 -1.184052 24.831467
-30.362671 6.770996 17.657801
-19.408081 8.420258 28.572762
30.286423 15.781006 24.607513
23.699127 25.276123 32.253918
20.520889 28.680481 22.084116
-10.315033 -0.208771 14.986354
30.621948 11.393036 22.212105
34.351242 11.872772 34.145210
33.641556 22.802338 31.874338
33.237595 16.099487 15.441924
39.621338 26.443970 12.479344
33.498062 30.297272 21.010077
34.110687 18.215393 18.235643
43.855530 19.138885 26.028065
36.997711 12.823029 32.208351
30.359970 20.654816 21.373829
28.371384 31.242218 15.010720
25.902832 23.717010 7.111784
34.645279 15.305939 17.604109
43.203720 24.424438 17.981878
34.465515 29.751892 22.496077
32.596100 16.819611 23.411692
33.569336 9.723480 33.670094
26.595642 3.434509 27.592926
30.873444 16.680420 14.275883
33.604813 27.922333 9.511896
31.873260 30.696533 20.208694
30.083496 18.093445 14.480692
40.202499 24.627045 11.096189
43.380737 21.222687 21.265991
26.322769 19.269318 16.559086
25.583359 19.978699 4.089645
33.088501 11.751770 5.141532
27.266235 13.821442 14.440557
25.350525 21.323151 4.612465
30.182129 28.533966 11.667654
33.642014 13.548462 21.989805
33.155090 11.019073 34.233253
22.862686 15.109467 32.667736
26.510315 14.146759 14.785693
25.537079 21.242889 4.527291
32.510773 27.531860 10.604461
27.252838 11.314209 17.440027
15.121689 11.102173 14.385986
16.137177 21.757050 17.635349
27.865784 20.112122 16.358992
25.202560 19.770721 4.139026
28.335236 9.155579 5.757920
25.883881 14.664246 15.154695
25.691666 21.115143 4.436228
34.440506 25.937744 9.467756
28.490952 14.851196 24.616119
25.759583 3.609253 29.380104
27.491135 0.835083 18.683308
29.542801 15.713806 13.853089
36.443390 8.083405 6.732989
39.621628 4.679077 16.902794
27.886520 20.588135 18.576578
32.037247 30.669830 24.713982
38.536148 22.789124 29.271898
30.394440 10.933685 16.959480
34.398102 0.607758 22.780373
34.443665 7.818573 31.331287
25.062607 12.793091 20.397636
15.317764 11.869598 12.605208
22.175583 18.185486 6.424930
29.494644 15.059418 24.613415
20.493958 20.259674 31.576332
17.315720 23.664001 21.406528
30.674194 11.314209 16.370796
38.907532 11.102173 6.952509
39.923004 21.757050 10.201876
32.748230 12.219330 16.654247
40.388245 3.879578 22.003586
36.061340 8.702148 31.121510
31.642166 11.429932 16.735662
37.573425 1.870636 22.210777
35.301178 8.159607 31.177460
32.610947 10.920319 18.651722
27.414474 0.363800 14.398037
18.538773 7.165375 14.121454
27.047836 19.786804 16.505718
25.404419 19.850983 4.102818
30.854889 10.157684 5.305940
30.781601 15.977936 24.518684
29.441162 26.645294 30.917761
26.262939 30.049622 20.747955
33.785492 15.053802 22.448883
33.098267 10.422882 34.051430
22.350632 9.736816 31.029259
28.720840 20.223083 16.128914
24.991547 19.743317 4.195806
25.701233 8.813782 6.466676
25.996460 15.464111 23.385799
19.612732 5.119659 26.348379
25.735992 1.266327 17.817652
25.178513 16.123993 15.863786
25.865738 20.754913 4.261236
36.613373 21.440948 7.283407
24.917007 16.770172 21.774464
14.958969 21.669800 15.997960
22.073135 20.983765 7.393674
29.251999 14.583984 24.530087
18.807022 16.954224 30.997032
15.628784 20.358612 20.827227
31.309021 20.529785 19.885956
36.725586 25.028778 30.227938
35.072220 14.413635 33.342556
31.921005 17.110138 23.719923
33.836731 9.608429 33.548012
29.005112 2.397614 26.492828
30.800461 20.588135 17.665920
30.883133 30.669830 25.074663
28.136093 22.789124 32.522087
24.511185 16.301422 21.104420
15.952759 7.182922 20.726650
24.690948 1.855469 16.212456
24.616669 16.099518 18.136106
17.682007 26.443970 19.335752
27.573181 30.297272 22.861700
25.896149 16.680420 15.831373
20.938141 27.922333 13.470448
28.452515 30.696533 21.277731
33.742615 14.851196 22.974882
38.700638 3.609253 25.335804
31.186249 0.835083 17.528526
26.959534 10.920319 20.417881
28.809143 0.363800 13.962179
35.947891 7.165375 8.680812
26.500183 19.119720 22.066206
18.860168 27.459473 16.716867
23.187057 22.636902 7.598947
28.983719 20.476227 21.744148
24.980057 30.802155 15.923254
24.934509 23.591339 7.372343
24.608780 15.413666 21.416702
14.199448 18.327148 15.116368
21.856262 20.029327 7.141951
27.760620 11.544769 16.525352
18.651871 12.704987 8.027029
19.667358 23.359863 11.276394
34.493744 17.017365 17.714895
44.830368 16.090088 24.702820
37.260971 11.999695 31.850456
28.509354 10.539490 21.182274
28.426682 0.457794 13.773536
31.173721 8.338470 6.326106
27.137451 20.248016 19.925880
32.333923 30.804535 24.179567
41.209625 24.002960 24.456148
31.385574 11.492126 22.006626
34.048798 11.833527 34.226593
30.916122 22.448669 32.607697
34.540802 15.731750 17.269821
44.950165 12.818298 23.570152
37.293320 11.116119 31.544571
29.735947 11.544769 15.908034
32.384644 12.704987 3.735308
33.400116 23.359863 6.984673
33.561234 15.755188 22.753752
33.187073 10.145081 33.930679
23.151031 7.233551 29.941154
29.090103 10.764435 17.310453
31.078674 0.177032 23.673559
33.547226 7.702240 31.572495
24.658447 14.057190 20.947090
14.321823 14.984467 13.959163
21.891205 19.074860 6.811530
29.847473 15.467712 24.639822
22.946869 23.098114 31.759924
19.768646 26.502472 21.590118
30.418640 12.169586 23.357265
26.917786 0.168884 22.843374
23.739548 3.573212 12.673569
29.961014 12.366516 23.566212
23.736206 1.538025 24.295998
20.557968 4.942383 14.126195
26.802032 10.874725 19.211861
19.603989 7.142365 9.683245
23.399445 16.835693 5.590608
28.091003 15.136414 14.113515
26.350281 4.069244 8.543513
29.528519 0.664917 18.713318
25.339157 17.809570 16.377827
25.826096 20.338959 4.134379
36.118500 16.248566 5.699899
28.608658 15.203583 13.974225
29.949097 4.536255 7.575151
33.127319 1.131897 17.744955
28.018723 10.351135 18.656349
22.602142 5.852142 8.314366
24.255524 16.467255 5.199746
32.116043 11.782654 21.875591
33.759476 11.718475 34.278492
28.308990 21.411804 33.075371
35.092636 15.464111 20.543095
42.027313 5.119659 19.343449
32.136139 1.266327 15.817503
25.429626 15.338623 15.522410
25.803772 20.948730 4.345481
35.839813 23.860260 8.335006
32.184540 20.248016 18.348579
30.334930 30.804535 24.804289
23.196182 24.002960 30.085653
25.562134 18.034241 21.995998
16.548660 24.784668 16.543861
22.527039 21.873169 7.549547
33.155548 16.357452 23.082150
33.347748 9.906525 33.800613
24.598923 5.083954 28.769081
31.772186 10.539490 20.162580
27.621460 0.457794 14.025179
21.122559 8.338501 9.467262
33.008667 19.783447 19.614424
30.008530 30.988525 24.302925
20.254837 25.661102 25.567759
31.232849 10.999268 17.228897
42.791428 8.912689 12.918163
43.806915 19.567566 16.167528
27.667206 19.952637 21.980305
21.735947 29.511902 16.505192
24.008194 23.222931 7.538506
28.971619 19.011932 15.135646
32.472473 31.012665 15.649537
35.650696 27.608307 25.819345
30.138275 16.597534 13.962823
40.583237 14.227264 7.495878
43.761475 10.822937 17.665680
25.147659 16.966797 16.155552
25.873352 20.546936 4.189233
36.708420 18.844757 6.384622
26.036743 11.440521 19.000471
29.036880 0.235443 14.311970
38.790558 5.562866 13.047140
33.813049 14.301147 22.188313
33.087341 10.720978 34.154633
22.252289 12.423157 31.959244
33.284073 12.847076 21.866886
33.296860 11.296875 34.281940
24.140228 17.612732 33.106445
29.429260 18.815002 14.926700
35.654053 29.643494 14.196910
38.832306 26.239166 24.366716
31.299255 16.045105 24.379395
33.039978 27.112244 29.949400
29.861755 30.516632 19.779593
29.895615 16.122101 13.879497
39.010529 12.120300 7.282067
42.074539 7.517517 17.086384
27.498291 16.724060 21.278320
39.002258 12.632538 29.738285
30.326202 14.578491 21.662651
42.797729 22.325836 25.645651
32.403473 -2.411438 19.179234
24.475662 -3.089905 18.651592
27.432281 2.566132 27.073261
-32.285248 4.651459 18.730690
-44.449036 4.413055 14.742619
-44.449036 16.470459 12.022422
24.119568 -4.804047 18.651592
31.121185 -8.583954 19.078529
25.835632 -11.044922 27.835335
-28.533936 6.376984 16.409986
29.154739 13.563538 24.218887
16.913803 11.016388 24.939072
14.152328 18.793579 16.102827
-16.034271 10.655670 19.839828
-28.198059 8.355621 17.471802
-16.034271 20.019531 13.276637
3.334503 3.428619 19.109959
-7.070435 -2.609955 13.851511
1.275055 -2.274994 11.259260
-30.412811 6.793060 17.689301
-17.865997 6.476685 28.755932
-29.637482 1.777252 24.547546
-9.043701 1.383423 19.173416
1.104645 -1.648743 24.968346
-6.173218 6.170715 28.582497
16.979019 3.914185 17.797270
25.687851 -11.514038 29.099476
20.611053 -6.379669 22.896671
32.293457 -5.269989 24.355207
43.524658 18.895203 16.907873
32.024109 15.702148 19.997221
40.346420 22.299530 6.738069
30.282806 14.614349 21.688210
44.623322 20.921051 26.430294
33.485474 14.770111 29.393608
12.129150 -4.362579 20.667204
4.151184 -4.725342 23.433483
9.719421 1.191010 29.451397
-0.969879 -13.778259 17.805140
20.545288 2.393036 17.362671
23.875977 9.546661 16.255753
24.953964 7.135681 25.841022
-30.241638 10.680908 13.393327
-6.993042 0.577118 21.424604
-12.197479 12.532166 18.537575
-6.255096 10.576416 25.955650
-28.441772 9.691956 14.597481
-29.494781 20.202332 3.035328
-20.918579 14.999237 5.573362
25.005569 -4.744476 17.797272
8.634216 -18.718536 19.957394
1.598236 -16.019958 13.777041
8.634216 -21.632111 12.271980
-25.092346 8.734192 14.852838
-19.492523 2.231964 17.577959
-26.702698 -3.713715 24.104599
30.892975 15.040588 17.176994
25.368103 16.377533 2.951420
34.883804 13.829285 5.275905
-34.962952 17.625763 11.127751
-30.278320 11.265045 14.719113
-40.042572 11.039581 2.953254
-10.661224 -0.736572 16.430088
-21.347717 6.107361 20.556837
-21.347717 -2.113434 14.534908
20.431183 11.466461 20.898632
14.874222 0.725037 22.947357
12.911484 6.907013 27.613476
30.355530 3.173737 15.338831
19.087799 2.816559 20.172665
23.321838 9.537384 21.035717
15.408264 -4.832611 23.335615
2.924927 0.935760 21.025730
9.507141 -5.990509 28.596577
4.005157 4.031525 21.017321
17.367233 0.781494 23.327206
13.467499 5.359253 28.588165
31.226395 3.184357 24.869331
20.446655 3.052063 18.651590
24.226578 10.053680 19.078526
-9.763519 3.731110 19.934284
-17.196808 12.335480 16.032053
-17.196808 6.631897 8.181355
34.248688 14.446106 16.930750
41.258392 10.997131 20.996979
37.092560 10.232513 31.311539
2.493866 -3.940125 19.910694
15.881668 -7.692810 21.244320
10.317047 -12.556030 24.281731
2.515228 -0.192780 19.910694
14.676926 -6.882935 21.244320
8.043243 -10.140228 24.281731
16.642349 2.577942 21.244318
2.913330 1.723480 19.910692
11.854919 8.207886 24.281727
-11.252472 3.572693 15.328501
-14.746979 3.588287 5.052269
-10.545105 -5.151550 5.404616
-8.865814 4.090088 14.952621
-8.865814 4.863220 4.126037
-8.865814 -4.787506 5.140145
-4.341888 -0.304565 17.024734
2.647095 4.576599 23.743420
-5.756683 7.428406 27.668770
-9.763519 -4.365356 18.549755
-15.106781 -11.342438 12.179305
-15.106781 -3.491730 6.475709
-7.541565 0.236572 21.671993
-9.390320 8.825348 28.045994
-13.592224 11.861572 19.842947
-10.420685 -3.979095 19.081417
-19.675476 -8.657104 15.875519
-19.675476 -0.806396 10.171922
-7.968140 -4.365356 18.549755
-2.624878 -11.342438 12.179305
-2.624878 -3.491730 6.475709
-7.310974 -3.979095 19.081417
1.943817 -8.657104 15.875519
1.943817 -0.806396 10.171922
-6.603851 -3.474213 19.327511
-3.109375 -3.489807 29.603741
-7.311249 5.250000 29.251396
-4.947998 1.525421 15.695227
1.104645 9.233765 20.359962
-6.173218 8.686096 26.755043
-11.831482 -3.126343 19.571487
-8.133942 -11.382477 25.569622
0.269806 -7.457092 22.717823
-11.434143 -3.573395 15.048177
-8.231995 -8.075836 5.705423
-0.954132 -1.824585 7.161043
-7.694946 -3.839844 19.593151
-5.886047 -4.420319 30.279758
-8.061127 4.998718 29.433956
-12.999634 2.159180 16.355423
-19.052277 0.105164 7.582785
-11.774414 -6.146088 6.127164
-10.962860 -4.070313 15.409185
-8.348328 -7.953186 5.616330
-2.405945 -0.293854 6.048956
-7.541565 1.672729 13.249821
-9.390320 11.810944 9.842316
-13.592194 12.163300 18.582138
-9.763519 1.215271 21.762074
-15.106781 -5.155182 28.739162
-15.106781 -10.858765 20.888464
-11.434143 -2.254791 20.771135
-8.231995 -11.597565 25.273569
-0.954132 -10.141937 19.022318
-4.947998 -1.607758 15.672311
1.104645 3.057007 7.963977
-6.173218 9.452087 8.511632
-7.070435 -3.451447 19.807682
3.616089 -4.988892 20.924637
3.616089 2.861816 15.221041
-7.541565 3.947937 18.975685
-9.390320 7.355408 29.113911
-13.592194 -1.384399 29.466263
-11.252472 -3.116058 20.187943
-14.746979 -12.894012 17.026802
-10.545105 -9.857788 8.823752
-6.307556 2.646851 19.920931
-9.879089 7.870758 28.739532
-17.996490 3.259247 26.092609
-13.639130 0.228302 17.758221
-20.628143 -4.652863 11.039533
-12.224365 -7.504669 7.114182
-12.241058 2.958984 15.774363
-17.183044 2.076019 6.150952
-11.240662 -5.583344 5.718328
-10.600037 2.849152 20.575054
-20.922424 6.203766 20.486794
-20.922424 0.500153 12.636095
-9.633392 -0.056213 12.492910
-8.676392 -8.943817 6.336021
-6.501343 -12.659271 15.032522
-6.307556 1.537689 20.726746
-9.879089 8.310059 28.420372
-17.996490 7.217926 23.216600
-7.382996 -1.616760 21.649334
-9.231750 -11.755005 25.056843
-13.433655 -12.107361 16.317020
-13.476501 1.227814 17.032078
-20.227356 -2.189941 9.250188
-12.109924 -6.801422 6.603265
-7.596283 -3.637054 14.597706
-0.039795 -10.867432 17.501740
-0.039795 -5.163849 25.352438
-9.330505 3.876221 19.828861
-12.096375 13.344299 15.299138
-12.096375 7.640686 7.448442
-8.401154 -4.012970 14.870831
-5.635284 -13.481049 19.400551
-5.635284 -7.777466 27.251251
-6.297516 -2.254791 20.771135
-9.499634 -11.597565 25.273569
-16.777527 -10.141937 19.022320
-4.731995 1.858063 18.900307
1.320648 -2.806702 26.608637
-5.957245 -9.201782 26.060986
-10.962860 -0.677185 12.944060
-8.348328 -8.790558 6.224685
-2.405945 -10.746307 13.642759
-10.101257 -3.501862 20.468222
-11.910126 -13.844696 17.717461
-9.735077 -10.129242 9.020960
-11.730408 -2.994720 14.627773
-8.158905 -8.218628 5.809171
-0.041473 -3.607147 8.456095
-8.865814 0.025543 12.433517
-8.865814 -8.963989 6.350678
-8.865814 -12.911102 15.215487
-10.190094 1.672729 13.249821
-8.341339 11.810944 9.842316
-4.139435 12.163300 18.582138
-7.968140 -1.352020 12.937617
-2.624878 5.018433 5.960530
-2.624878 10.722015 13.811228
-4.341888 -0.278229 17.502312
2.647095 6.440460 12.621129
-5.756683 10.365814 9.769330
-11.831451 -2.373749 14.176622
-8.133942 -8.371887 5.920506
0.269806 -5.520081 9.845856
-11.127808 -2.580994 14.332658
-14.622284 0.580139 4.554706
-10.420410 8.783203 7.590930
-11.730408 -1.752747 13.725473
-8.158905 -8.525116 6.031843
-0.041473 -7.433014 11.235620
-7.694946 3.230713 14.456322
-5.886078 13.573517 17.207081
-8.061127 9.858093 25.903584
-10.348633 -1.616760 21.649334
-8.499878 -11.755005 25.056843
-4.298004 -12.107361 16.317020
-6.603851 -2.580994 14.332658
-3.109375 0.580139 4.554706
-7.311249 8.783203 7.590930
-10.348633 -0.295898 12.667048
-8.499878 -8.884674 6.293047
-4.298004 -11.920898 14.496093
-10.348633 -4.451599 15.686197
-8.499878 -7.859100 5.547968
-4.298004 0.880737 5.195621
-7.131592 -2.985901 14.124638
3.190765 -6.340515 14.212896
3.190765 -0.636932 22.063595
-9.330505 1.070160 21.867496
-12.096375 -6.164001 29.472073
-12.096375 -11.867584 21.621376
-4.496033 0.642700 16.336533
2.254791 6.987335 21.992014
-5.862610 8.079437 27.195793
-8.180328 0.022552 21.827511
-9.137329 8.910156 27.984398
-11.312378 12.625580 19.287899
-12.783661 -1.607758 15.672312
-18.836304 3.057007 7.963978
-11.558441 9.452087 8.511632
-6.572144 1.020905 21.102198
-9.774292 8.514709 28.271671
-17.052155 9.062378 21.876593
-8.401154 -1.206909 12.832196
-5.635284 6.027252 5.227616
-5.635284 11.730835 13.078315
-7.310974 -1.883698 13.323877
1.943817 1.322235 8.645859
1.943817 7.025818 16.496557
-12.999634 -1.702576 19.161022
-19.052277 -9.410889 14.496284
-11.774414 -8.863251 8.101204
-13.476501 -0.771179 18.484365
-20.227356 -7.115814 12.828879
-12.109924 -8.207916 7.625102
-6.217316 2.092255 20.323837
-9.914825 8.090393 28.579952
-18.318604 5.238586 24.654602
-13.639130 0.455261 16.969425
-20.628143 -6.263428 21.850607
-12.224365 -10.188782 24.702408
-5.666931 -2.892578 18.904945
-0.724945 -2.009583 28.528351
-6.667328 5.649750 28.960976
-9.633392 -4.691284 15.860335
-8.676392 -7.799957 5.504996
-6.501343 1.619080 4.659192
-12.999634 1.858063 18.900307
-19.052277 -2.806702 26.608637
-11.774414 -9.201782 26.060986
-10.101257 3.958496 15.048220
-11.910126 4.538940 4.361606
-9.735077 -4.880096 5.207410
-8.865814 -4.062469 14.906788
-8.865814 -13.825134 19.650536
-8.865814 -8.121552 27.501232
-11.159515 2.242523 14.034117
-7.957367 11.585266 9.531684
-0.679504 10.129669 15.782933
-8.865814 3.925720 19.792904
-8.865814 13.688385 15.049156
-8.865814 7.984802 7.198459
-6.572144 2.242523 14.034117
-9.774292 11.585266 9.531684
-17.052155 10.129669 15.782933
-8.865814 -0.050476 21.880550
-8.865814 8.939056 27.963390
-8.865814 12.886169 19.098581
-10.135376 3.500275 20.101986
-17.691864 10.730682 17.197950
-17.691864 5.027100 9.347256
-6.993042 3.607391 19.223076
-9.607574 7.490295 29.015926
-15.549927 -0.169067 28.583305
-8.865814 -3.964569 19.683754
-8.865814 -4.737701 30.510334
-8.865814 4.912994 29.496223
-11.252472 2.884979 20.313807
-14.746979 -0.276184 30.091759
-10.545105 -8.479218 27.055538
-6.217316 3.020874 15.105483
-9.914825 11.276978 9.107350
-18.318604 7.351654 11.959146
-6.572144 3.163605 19.545483
-9.774292 7.666046 28.888233
-17.052155 1.414825 27.432617
-10.420685 3.199432 20.320541
-19.675476 8.639252 18.717381
-19.675476 2.935669 10.866683
-6.479156 2.884979 20.313807
-2.984680 -0.276184 30.091759
-7.186554 -8.479218 27.055538
-8.180328 4.161987 18.820168
-9.137329 7.270630 29.175507
-11.312378 -2.148407 30.021309
2.382416 -0.619019 18.544638
14.426392 -7.646545 18.544640
7.524567 -11.672272 18.544640
22.597229 19.163300 12.017111
28.928680 16.337433 16.914146
17.119415 9.194794 11.146773
-7.310974 -3.336212 14.379150
1.943817 -7.892975 15.340774
1.943817 -3.072418 23.833008
-3.382751 -18.588776 17.459179
-14.486603 -17.988525 13.389251
-7.642426 -15.925079 10.055957
-3.874176 7.357697 25.984890
-8.968536 1.156403 19.338337
0.327698 10.393921 17.781843
-14.472015 -19.726471 19.402369
-5.470795 -25.557953 17.520044
-9.464783 -24.012238 26.745401
-28.745636 14.169617 14.554933
-23.470612 18.283600 18.113152
-19.841125 11.750366 27.124580
-10.600037 2.097229 21.121304
-20.922424 -1.283173 21.380993
-20.922424 -3.764771 11.189500
29.808502 18.501740 14.703309
34.833313 23.811829 13.483287
41.468872 24.061127 22.813654
2.744385 -15.768158 16.598305
-12.523163 -21.793518 19.437944
-14.870331 -13.313934 27.663540
-8.998016 -19.751007 28.486584
3.190765 2.951935 16.010813
-7.131592 0.975769 17.996477
3.190765 -2.751648 8.160113
-14.288940 -19.690643 15.068479
31.813431 13.532837 20.424423
-9.011078 1.182831 19.319149
1.636322 10.577332 19.428303
-8.353119 7.074158 23.476330
-16.760956 -18.863434 16.968870
-23.819244 -18.211060 26.695425
-26.560791 -18.220398 17.922960
-14.461395 -19.026642 21.612804
-19.615570 -11.597290 27.595665
-22.102356 -8.933563 19.638391
-12.654205 -18.213989 20.677143
-11.892700 -23.766296 28.703737
-17.349213 -28.687042 23.948709
-17.064484 -22.829865 18.334663
-15.617279 -31.089691 13.283456
-10.031616 -25.767883 9.151098
-16.235748 -23.275208 16.956366
-20.473877 -26.795410 8.864375
-19.180206 -18.489685 6.427369
-16.834991 -22.521637 16.004667
-26.326904 -22.687561 13.615062
-25.532349 -14.350739 16.157497
-11.132599 -19.065186 15.871490
-2.987885 -21.344818 20.801128
-8.978912 -22.676666 27.040640
-13.720856 -22.768066 15.839470
-4.676971 -24.400696 12.466576
-3.882416 -16.063873 15.009011
-15.080902 -19.591248 21.617422
-22.123413 -15.522369 27.065491
-24.610199 -12.858673 19.108219
-17.906128 -19.900452 14.216529
-18.056519 -14.852997 5.829960
-11.211060 -11.079620 9.766835
-15.774139 -19.478455 13.292882
-14.725342 -27.825012 8.285983
-12.238556 -30.488708 16.243254
-12.115906 -21.322266 19.468424
-12.105896 -22.535217 29.182470
-19.270416 -17.593414 28.262714
-13.661285 -15.311005 17.918463
-9.423126 -11.790802 26.010452
-10.716797 -20.096527 28.447460
-14.157990 -22.521637 15.168058
-7.715881 -22.687561 7.798803
-6.921326 -14.350739 10.341239
-18.864960 -20.375458 18.748737
-26.952759 -19.649902 13.281096
-21.030151 -16.449402 7.688494
-15.132080 -16.652710 14.038136
-10.261536 -8.180084 13.467121
-7.774750 -10.843781 21.424393
-15.686371 -15.550995 14.978799
-18.604309 -15.926361 5.641845
-18.049042 -24.478088 7.418667
-12.976227 -15.531464 16.715557
-14.423431 -7.271637 21.766769
-20.009094 -12.593445 25.899124
-14.577301 -18.387756 13.283961
-6.404755 -20.242340 8.223956
-3.917969 -22.906036 16.181229
-13.400604 -22.431122 15.453543
-8.759735 -29.910706 19.737497
-10.537628 -24.989960 26.753399
-13.182434 -17.986694 20.918316
-11.683502 -23.856323 28.608217
-15.463928 -29.498352 23.087950
-11.469147 -17.121887 16.627190
-3.844360 -16.399292 22.724304
-9.210205 -21.341095 27.560009
-10.700806 -19.274597 18.432636
-5.274841 -27.368530 17.493980
-13.014099 -30.383514 14.735140
-16.824493 -20.559906 13.657759
-18.323456 -14.690247 5.967856
-14.542999 -9.048218 11.488127
-15.490143 -16.498627 14.201625
-12.750946 -7.108795 14.603715
-10.264160 -9.772491 22.560989
-17.818024 -19.274597 20.656885
-22.812927 -27.368530 22.974928
-18.021820 -30.383514 16.300137
-18.482178 -18.098846 14.999640
-17.914368 -15.297577 5.636703
-9.436554 -16.629456 7.354465
-16.925293 -15.531464 17.949703
-12.859344 -7.271637 21.277962
-5.914642 -12.593445 21.494370
-14.002075 -18.322906 13.528913
-11.864960 -9.526764 9.801373
-13.219788 -7.356140 18.170986
-14.357941 -21.852386 20.634558
-17.097168 -31.242218 20.232468
-19.583923 -28.578522 12.275196
-11.169403 -18.059265 16.219736
-3.081604 -18.784821 21.687376
-9.004211 -21.985321 27.279978
-12.152283 -18.777466 14.441270
-7.157379 -10.683502 12.123226
-11.948486 -7.668518 18.798019
-11.835846 -20.773468 19.564602
-12.216827 -22.752563 29.144381
-20.270020 -19.552094 27.919453
-17.562714 -16.297241 15.315383
-18.141266 -15.742188 5.558781
-12.268951 -22.179260 6.381819
-18.897644 -18.777466 16.549311
-24.323608 -10.683502 17.487961
-16.584351 -7.668518 20.246807
-17.896515 -18.322906 14.745991
-21.775879 -9.526764 12.898706
-15.896301 -7.356140 19.007442
-16.437683 -22.341248 15.288990
-23.564758 -21.433441 8.639552
-22.770203 -13.096649 11.181987
-11.050842 -19.398346 16.133053
-4.354370 -12.263641 16.428635
-11.191498 -8.095276 19.960730
-16.355408 -15.637817 15.158822
-18.439209 -15.904938 5.597418
-15.988068 -24.210663 6.864107
-14.804840 -19.271790 21.638084
-20.204163 -13.301453 27.209141
-22.690948 -10.637756 19.251869
-16.510773 -15.762604 19.557169
-21.151642 -8.283020 15.273213
-19.373749 -13.203766 8.257311
-17.415985 -20.305359 13.927808
-18.177490 -14.753082 5.901213
-12.720978 -9.832306 10.656240
-11.723572 -19.595642 19.923803
-12.261292 -23.219086 29.002111
-20.670685 -23.755859 26.637438
-13.668915 -18.820007 21.434315
-12.306885 -10.160614 25.792513
-14.793671 -7.496918 17.835239
-14.620178 -17.217316 13.689162
-6.702637 -12.105133 11.040987
-4.215881 -14.768829 18.998262
-16.995392 -15.892334 15.273625
-18.281281 -15.842102 5.569088
-14.016602 -23.426575 6.510459
-16.339172 -15.265350 16.893953
-13.091492 -7.377014 21.696108
-8.006470 -13.543182 25.262409
-15.043243 -19.079224 13.198100
-9.643921 -25.049561 7.627041
-7.157166 -27.713257 15.584313
-18.548706 -21.364502 18.318823
-26.173492 -22.087097 12.221707
-20.807648 -17.145294 7.386002
-14.059204 -15.265350 16.181419
-13.994507 -7.377014 21.978317
-16.143890 -13.543182 27.805492
-18.903809 -19.314056 19.116184
-27.048523 -17.034454 14.186541
-21.057495 -15.702606 7.947030
-15.480682 -15.352936 19.372391
-18.613312 -7.273499 14.817883
-18.648956 -12.915497 8.127297
-18.458038 -18.758270 14.771351
-17.920319 -15.134857 5.693040
-9.510925 -14.598053 8.057710
-17.786530 -22.422821 17.225622
-15.439087 -31.190155 13.557147
-7.807404 -27.021759 12.567492
-15.270782 -19.963257 21.552223
-23.443359 -18.108673 26.612225
-25.930115 -15.444946 18.654953
-13.298859 -23.127838 18.134905
-16.546570 -31.016174 13.332751
-21.631592 -24.849976 9.766450
-13.029816 -22.155121 19.475233
-11.743927 -22.205353 29.179773
-16.008606 -14.620911 28.238400
-14.073944 -18.872559 21.543303
-15.122742 -10.526001 26.550198
-17.609528 -7.862305 18.592926
-12.331390 -15.894989 17.706007
-14.678833 -7.127655 21.374481
-22.310516 -11.296051 22.364140
-18.332336 -17.439423 15.173558
-17.951355 -15.460327 5.593781
-9.898132 -18.660828 6.818709
-13.601379 -22.382446 19.577763
-11.517548 -22.115326 29.139166
-13.968689 -13.809601 27.872475
-11.899048 -19.046844 20.162346
-12.191803 -23.436432 28.907633
-20.044434 -25.714508 25.786058
-14.376862 -22.819397 15.628668
-11.244232 -30.898804 20.183172
-11.208588 -25.256805 26.873755
-14.403839 -15.213196 19.082636
-15.959778 -6.929169 14.103880
-17.891296 -12.817200 7.923426
-15.866241 -19.754181 21.619535
-18.003387 -28.550323 25.347075
-16.648529 -30.720947 16.977461
-18.662628 -18.252686 19.396111
-26.454224 -14.419006 14.876333
-20.887817 -14.955811 8.143989
-18.261566 -19.372772 14.504245
-17.968811 -14.983215 5.758956
-10.116180 -12.705109 8.880527
-15.851837 -23.127838 18.932753
-15.916534 -31.016174 13.135854
-13.767151 -24.849976 7.308680
-14.892120 -22.341248 14.805972
-12.819672 -21.433441 5.281533
-12.025116 -13.096649 7.823969
-17.187744 -22.865540 17.391022
-22.819763 -25.785889 9.935444
-19.850037 -18.201416 6.733196
-14.198853 -22.459961 19.738535
-11.280914 -22.084595 29.075491
-11.836212 -13.532867 27.298664
-18.980164 -18.619446 18.871840
-25.676636 -25.754150 18.576258
-18.839508 -29.922546 15.044165
-18.157867 -17.263641 19.569447
-25.210388 -11.981812 15.303470
-20.532654 -14.259888 8.265950
-12.535187 -21.813446 15.389842
-6.557312 -28.338837 19.575382
-9.942871 -24.565460 26.709616
-17.423920 -16.414307 19.624382
-23.401764 -9.888947 15.438837
-20.016235 -13.662323 8.304603
-11.702026 -20.184570 19.719921
-12.269836 -22.985809 29.082861
-20.747620 -21.653961 27.365101
-11.757111 -19.754181 20.335367
-7.877777 -28.550323 22.182648
-13.757324 -30.720947 16.073912
-12.642578 -22.829865 16.952745
-16.708527 -31.089691 13.624490
-23.653229 -25.767883 13.408080
-12.216461 -18.575623 20.419296
-12.066071 -23.623077 28.805864
-18.911530 -27.396454 24.868986
-15.397461 -22.951813 15.903283
-13.841492 -31.235840 20.882040
-11.910004 -25.347809 27.062490
-14.716003 -21.698303 20.798046
-19.586548 -30.170959 21.369062
-22.073334 -27.507233 13.411788
-16.179199 -19.531006 13.401868
-17.541199 -28.190399 9.043671
-15.054413 -30.854095 17.000942
27.830963 8.554382 26.252872
21.265778 1.916382 19.407526
27.156342 1.936462 29.262623
-14.767181 -18.759766 13.218763
-7.635315 -21.890930 8.056662
-5.237885 -25.492340 15.727963
-37.595947 -1.929199 22.657295
-31.299500 6.965424 16.346550
-37.595947 3.013702 29.709415
-22.887390 -1.929199 22.657293
-29.183807 6.965424 16.346550
-22.887390 3.013702 29.709415
-42.979645 5.963043 9.499211
-32.073883 9.628204 14.619322
-42.979645 -1.089081 14.442092
-17.503662 2.479431 19.567259
-28.409424 7.599548 15.902081
-17.503662 7.422333 26.619381
-42.979645 2.479431 19.567259
-32.073883 7.599548 15.902081
-42.979645 7.422333 26.619381
-44.950195 8.501740 15.346192
-32.357330 8.465790 15.294920
-44.950195 13.444611 22.398312
-7.641754 -21.490143 25.627327
-14.430267 -19.967529 19.308624
-4.672028 -13.905701 22.425083
18.083252 2.833466 21.147722
4.399536 5.161743 15.794721
14.916077 9.510651 20.165756
-7.338409 -1.482300 16.903990
-8.231995 -11.443970 8.152412
-0.954132 -9.215576 12.530672
-12.996277 -17.870483 16.496696
-31.949402 11.925873 16.136286
19.747757 12.367767 29.188644
28.174408 14.183960 20.388897
20.512543 20.392181 31.635811
15.863861 14.557251 23.222988
27.615753 14.498901 19.530798
16.628647 22.581665 25.670156
26.270660 10.764954 32.405842
29.112671 13.953400 20.851658
27.035446 18.789368 34.853004
40.003418 10.764954 28.114117
31.087982 13.953400 20.234337
40.768204 18.789368 30.561283
16.794159 9.118378 19.737621
27.518158 15.003906 18.289021
19.187759 6.554474 27.396721
43.533615 12.367767 21.755163
31.595764 14.183960 19.319666
44.298401 20.392181 24.202328
10.549896 -13.367157 19.957396
2.309204 -14.788483 13.777040
8.918823 -13.367157 12.271979
-4.496033 -1.251831 17.712938
0.256042 1.153992 23.190811
-5.862610 6.777374 28.141750
-15.346863 -20.761688 21.308729
-24.924683 -22.754669 21.872227
-27.085358 -16.669495 14.958390
-12.872406 -4.540527 10.222117
-8.896912 -1.401733 15.567457
-17.183044 -11.381744 15.928115
0.746368 -14.707184 19.045994
8.783875 -19.347595 21.347601
3.019806 -16.019714 27.303398
-16.784058 -19.690643 15.848245
14.702576 -5.437653 22.603729
-4.103271 -16.589996 15.588289
-13.101746 -19.088348 18.005524
-6.590057 -13.926300 7.631016
-14.464233 -19.939514 19.328623
-3.243622 -15.004852 23.039022
-11.958313 -19.817627 25.357639
2.370514 -16.271759 20.113102
-1.751404 -7.267609 23.828436
2.954956 -11.973938 27.671143
-7.596283 -1.582855 13.105320
-3.119812 1.377045 9.563432
-0.039795 9.117218 14.977127
-0.534698 -14.788483 16.301331
-8.998383 -12.324310 22.131464
-8.998383 -14.788483 14.446049
32.076355 16.291595 21.265749
-13.986786 -19.605988 15.798861
-18.309692 -18.559906 4.668186
-10.864227 -20.553772 6.486959
0.176300 -13.557068 20.626404
-5.710846 -6.227295 22.131462
-5.710846 -6.227295 14.446049
0.176300 -16.019958 20.626404
-4.055542 -23.349731 22.131464
-4.055542 -23.349731 14.446050
1.255280 -16.162018 13.777041
3.445862 -24.337311 12.271981
3.445862 -24.337280 19.957394
-0.287140 -16.822601 14.095305
1.177094 -14.286530 6.013011
4.504974 -8.522461 9.855718
1.892731 -15.793976 13.777041
7.877472 -21.778717 12.271980
7.877472 -21.778717 19.957394
2.260773 -15.156525 13.777040
10.436066 -17.347107 12.271979
10.436066 -17.347107 19.957394
-2.764374 -15.766968 17.601500
-8.111023 -17.199585 11.024263
-1.682068 -15.476959 7.181556
2.913422 -14.245605 20.113102
0.084778 -15.003540 28.195396
-6.344208 -16.726166 24.352692
-2.764374 -13.810059 17.601500
-8.111023 -12.377411 11.024262
-1.682068 -14.100067 7.181556
2.678741 -14.993927 14.098804
5.446381 -8.416718 9.305124
2.118500 -4.574005 15.069185
4.470215 -14.993927 17.201723
10.005463 -8.416718 17.201721
3.349701 -4.574005 17.201721
-0.344177 -18.100372 16.490749
-7.673950 -19.605438 12.258905
-7.673950 -11.920013 12.258904
-0.904205 -14.993927 14.098804
-3.671844 -8.416718 9.305124
-0.343964 -4.574005 15.069185
1.936066 -12.971893 20.113102
0.471863 -15.507996 28.195396
-2.856018 -21.272064 24.352692
-0.287140 -12.754395 14.095305
1.177094 -15.290497 6.013011
4.504974 -21.054565 9.855719
4.470215 -14.788483 16.883457
10.005463 -14.788483 23.460690
3.349701 -14.788483 27.303398
-2.215637 -14.993927 15.410253
-7.009338 -8.416718 12.642620
-1.245270 -4.574005 15.970502
2.777496 -14.275909 20.475693
5.545135 -20.853149 25.269371
2.217255 -24.695831 19.505312
2.309204 -18.100372 17.201723
10.772888 -19.605438 17.201723
10.772888 -11.920013 17.201721
1.430176 -16.814667 20.113102
0.672241 -13.986023 28.195396
-1.050415 -7.557037 24.352692
-1.146851 -15.962891 14.095305
1.389252 -14.498688 6.013011
7.153320 -11.170807 9.855717
3.990173 -12.997040 16.883457
8.783844 -10.229401 23.460690
3.019806 -13.557281 27.303398
0.887268 -16.886139 20.113102
0.887268 -13.957703 28.195396
0.887268 -7.301941 24.352692
-0.773560 -13.127655 14.095305
1.297119 -15.198364 6.013011
6.003479 -19.904724 9.855719
2.370514 -13.305267 20.113102
0.299805 -15.375946 28.195396
-4.406525 -20.082306 24.352692
-0.486237 -14.420471 20.626404
-8.661530 -12.229919 22.131464
-8.661530 -12.229919 14.446048
-1.381470 -14.180573 14.095305
1.447144 -14.938538 6.013011
7.876129 -16.661163 9.855718
-0.773590 -16.449341 14.095305
1.297119 -14.378632 6.013011
6.003479 -9.672302 9.855718
3.990173 -14.993927 15.410251
8.783844 -8.416718 12.642620
3.019806 -4.574005 15.970502
0.176300 -18.100372 15.970278
-4.055542 -19.605438 8.640511
-4.055542 -11.920013 8.640510
2.703857 -15.837311 20.113102
0.167786 -14.373108 28.195396
-5.596283 -11.045227 24.352692
-1.785919 -12.115326 17.601500
-5.699951 -8.201294 11.024262
-0.993622 -12.907623 7.181556
-0.091187 -11.136871 17.601500
-1.523834 -5.790222 11.024262
0.198822 -12.219177 7.181555
-0.091187 -18.440155 17.601501
-1.523834 -23.786804 11.024264
0.198822 -17.357819 7.181556
4.348114 -13.861176 16.883457
9.694763 -12.428558 23.460690
3.265808 -14.151184 27.303398
-2.893188 -14.788483 17.601500
-8.428467 -14.788483 11.024262
-1.772675 -14.788483 7.181556
0.887268 -16.210449 13.777041
0.887268 -24.674133 12.271981
0.887268 -24.674133 19.957394
-0.118195 -13.783051 20.626404
-6.102936 -7.798309 22.131462
-6.102936 -7.798309 14.446049
1.936066 -16.605103 20.113102
0.471863 -14.069000 28.195396
-2.856018 -8.304962 24.352692
1.598236 -13.557068 13.777040
5.830078 -6.227295 12.271979
5.830078 -6.227295 19.957394
-1.461517 -14.788483 14.095305
1.466919 -14.788483 6.013011
8.122681 -14.788483 9.855718
2.984894 -14.788483 20.113102
0.056458 -14.788483 28.195396
-6.599304 -14.788483 24.352692
0.519226 -13.415009 20.626404
-1.671326 -5.239716 22.131462
-1.671326 -5.239716 14.446049
1.255280 -13.415009 13.777040
3.445862 -5.239716 12.271978
3.445862 -5.239716 19.957394
2.118713 -14.077545 13.777040
9.448486 -9.845703 12.271979
9.448486 -9.845703 19.957394
-1.381470 -15.396423 14.095305
1.447144 -14.638489 6.013011
7.876129 -12.915863 9.855718
0.887268 -13.366547 20.626404
0.887268 -4.902863 22.131462
0.887268 -4.902863 14.446048
-0.344177 -14.077545 20.626404
-7.673950 -9.845703 22.131462
-7.673950 -9.845703 14.446049
2.921356 -17.782104 18.376114
0.385284 -25.864380 16.911905
-5.378784 -22.021698 13.584022
1.598236 -18.100372 15.970278
5.830078 -19.605438 8.640511
5.830078 -11.920013 8.640510
2.913422 -15.331421 20.113102
0.084778 -14.573486 28.195396
-6.344208 -12.850830 24.352692
0.279358 -12.519745 14.095305
1.037292 -15.348419 6.013011
2.759918 -21.777374 9.855719
-0.161560 -11.764282 15.385127
1.302673 -3.682007 17.921215
4.630554 -7.524719 23.685276
1.814606 -11.327667 16.883457
3.247223 -5.980988 23.460690
1.524597 -12.409973 27.303398
0.279358 -17.057251 14.095305
1.037292 -14.228607 6.013011
2.759918 -7.799652 9.855718
0.887268 -18.371460 16.883459
0.887268 -23.906708 23.460691
0.887268 -17.250946 27.303398
2.984894 -11.764282 17.201721
0.056458 -3.682007 17.201721
-6.599304 -7.524719 17.201721
-2.893188 -14.275909 17.201721
-8.428467 -20.853149 17.201723
-1.772675 -24.695831 17.201723
-0.929321 -11.764282 16.152912
1.606750 -3.682007 17.617123
7.370819 -7.524719 20.945004
2.118713 -18.100372 16.490749
9.448486 -19.605438 12.258905
9.448486 -11.920013 12.258904
-1.002960 -11.514557 17.601500
-3.770599 -6.720856 11.024262
-0.442719 -12.484924 7.181556
-2.386719 -16.678741 17.601500
-7.180389 -19.446350 11.024263
-1.416321 -16.118500 7.181556
-1.146851 -17.782104 18.376114
1.389252 -25.864380 16.911905
7.153320 -22.021698 13.584022
-1.002960 -14.275909 20.475693
-3.770599 -20.853149 25.269371
-0.442719 -24.695831 19.505312
2.703857 -13.739685 20.113102
0.167755 -15.203888 28.195396
-5.596283 -18.531769 24.352692
-2.386719 -12.898285 17.601500
-7.180389 -10.130646 11.024263
-1.416321 -13.458527 7.181556
1.936066 -11.764282 15.385127
0.471863 -3.682007 17.921215
-2.856018 -7.524719 23.685276
2.703857 -11.764282 16.152912
0.167755 -3.682007 17.617123
-5.596283 -7.524719 20.945004
2.678741 -17.891418 16.883459
5.446381 -22.685089 23.460691
2.118469 -16.921051 27.303398
1.430176 -12.762360 20.113102
0.672241 -15.591003 28.195396
-1.050415 -22.019958 24.352692
0.887268 -11.008057 17.601500
0.887268 -5.472778 11.024262
0.887268 -12.128540 7.181555
3.420776 -17.322021 16.883457
7.334808 -21.236053 23.460691
2.628479 -16.529724 27.303398
0.519226 -16.162018 20.626404
-1.671326 -24.337311 22.131464
-1.671326 -24.337311 14.446051
1.814606 -18.249359 16.883459
3.247223 -23.596008 23.460691
1.524597 -17.167023 27.303398
2.061646 -17.782104 19.235826
0.597443 -25.864380 16.699739
-2.730438 -22.021698 10.935677
-0.287140 -17.782104 19.235826
1.177094 -25.864380 16.699739
4.504974 -22.021698 10.935677
-2.386719 -14.275909 19.091951
-7.180389 -20.853149 21.859583
-1.416321 -24.695831 18.531700
0.887268 -12.439728 14.095305
0.887268 -15.368164 6.013011
0.887268 -22.023895 9.855719
-1.002960 -18.062469 17.601501
-3.770599 -22.856171 11.024264
-0.442719 -17.092102 7.181556
4.161224 -14.275909 19.091951
8.954926 -20.853149 21.859583
3.190857 -24.695831 18.531700
-1.461517 -17.782104 17.201723
1.466919 -25.864380 17.201723
8.122681 -22.021698 17.201721
2.118713 -15.499481 13.777041
9.448486 -18.866882 12.271980
9.448486 -19.731323 19.957394
-11.361176 -20.071136 15.606189
-5.876465 -22.769745 18.787771
-9.135986 -23.368011 26.858309
4.840637 -14.049927 26.191540
0.805939 -14.929382 19.045994
8.168518 -8.285889 22.348831
-20.477722 -16.380188 11.761554
-15.523743 -18.591278 15.593196
-24.763794 -24.179962 11.080568
14.841141 4.543121 12.765677
25.438675 1.640991 12.003268
21.859467 -1.765625 16.463799
21.192795 -10.527008 11.998344
11.090332 -6.206146 12.760754
20.509933 -5.633209 16.458874
-38.415344 7.239197 7.604140
-31.737671 4.107086 17.954035
-41.712524 -0.441681 8.226394
-0.486237 -15.156525 20.626404
-8.661530 -17.443420 19.219181
-8.661530 -14.289276 11.533766
-21.347717 -0.829895 17.903095
-10.661224 -0.872864 17.934324
-21.347717 5.082642 13.607592
-19.675476 2.838348 22.952213
-10.420685 -0.345245 18.660587
-19.675476 8.750885 18.656712
-15.106781 5.523651 26.648426
-9.763519 0.041016 19.192253
-15.106781 11.436188 22.352924
1.943817 2.838348 22.952213
-7.310974 -0.345245 18.660587
1.943817 8.750885 18.656712
-2.624878 5.523651 26.648422
-7.968140 0.041016 19.192253
-2.624878 11.436188 22.352921
-19.675476 -5.754486 20.141304
-10.420685 -1.462830 16.957729
-19.675476 -1.458984 26.053833
-33.004822 7.566559 15.576202
20.390137 8.989807 16.276239
29.581757 12.679810 23.789604
18.812881 3.377930 22.041866
10.436066 -12.229919 17.749716
2.260773 -14.420471 18.102114
10.436066 -12.229919 10.064301
-14.835327 -16.897858 13.863345
-10.903717 -12.742981 12.908751
-5.711792 -12.547943 20.209215
-6.520966 -0.621277 18.693266
-6.520966 1.411438 17.216496
0.772217 -14.903534 19.045994
9.204956 -8.934814 23.489174
1.293335 -13.063843 24.452196
13.633240 -0.776245 22.603731
-31.975494 9.221130 18.313787
2.096954 -15.486908 16.257843
1.389252 -17.795929 6.013011
7.153320 -18.406219 9.855718
28.539978 16.874603 21.235970
4.348114 -15.715851 16.883457
8.111755 -16.724304 21.513342
3.265808 -15.425842 27.303398
-25.018311 -24.239777 17.802401
-16.627380 -19.634674 16.668959
-23.145447 -26.245850 23.795195
-25.746185 -19.984161 20.529495
-16.551025 -20.029816 17.640575
-25.147797 -13.705536 22.444260
-4.096252 -21.697296 19.381008
-13.436920 -20.276245 17.475374
-3.497864 -15.418701 21.295773
-6.858429 -22.951416 24.356516
-13.834229 -20.456635 18.191051
-6.260010 -16.672791 26.271278
-22.707275 -21.697296 25.197268
-16.113922 -20.276245 18.311985
-22.108887 -15.418701 27.112030
-17.603485 -22.951416 27.714533
-15.379791 -20.456635 18.674070
-17.005096 -16.672791 29.629299
-2.285919 -14.335999 10.552796
0.862640 -14.813141 15.438962
-5.699951 -21.375702 11.024264
-14.393494 -20.914948 19.115791
-32.073883 11.293091 21.171717
-32.073883 4.358582 18.312847
-28.409424 11.293091 21.171717
-32.357330 12.159332 20.564560
-31.299500 10.658936 21.616188
-29.183807 10.658936 21.616188
-31.299500 11.287018 16.985950
-29.183807 6.989685 15.523018
-30.483704 6.891327 17.829456
-29.015656 8.135284 18.523148
-28.118164 8.870239 18.008018
-30.451263 10.710571 18.708462
-32.365173 8.870239 18.008018
-30.267578 11.260315 14.712368
-31.280823 9.902557 14.208876
-28.745636 7.182678 15.798342
-32.693665 8.225983 16.893986
-30.120636 10.638031 18.759312
-30.412811 6.989563 17.969610
-29.183807 9.092957 18.523783
-30.267578 7.692596 14.269979
-30.286530 7.708130 14.259092
-30.278320 11.307098 14.779134
-31.299500 11.503998 16.437351
-30.451263 6.821838 17.730347
-30.475464 6.855347 17.778154
-30.241638 7.030243 18.027664
-32.285248 10.549683 15.933971
-28.772064 11.131866 16.651855
-30.286530 11.271210 14.727901
-31.737671 11.094025 16.710625
-29.202484 11.321411 16.922321
-28.441772 10.884796 16.299379
-30.241638 11.315826 14.791565
-30.196777 7.708130 14.259092
-30.286530 11.300964 14.770345
-29.202484 9.255310 13.974541
-30.362671 10.638031 18.759312
-29.183807 11.503998 16.437351
-29.703735 11.440582 17.092340
-30.255066 11.257355 14.708127
-31.737671 9.376740 14.260511
-28.163330 10.288361 15.448433
-29.202484 9.902557 14.208876
-30.241638 9.633331 18.901894
-32.365173 8.929657 17.897938
-30.362671 7.011627 18.001110
-30.241638 6.826996 15.290907
-30.304291 6.757111 17.638000
-31.467651 8.135284 18.523148
-28.745636 8.899994 18.248457
-28.198059 7.727051 16.574999
-32.073883 10.869873 16.881821
-30.293488 11.286072 14.749126
-29.694092 6.868378 15.349941
-30.876282 6.866577 14.954489
-28.125977 8.041321 17.023403
-30.215729 7.692596 14.269979
-28.163330 8.428650 15.241936
-30.241638 9.095490 13.746529
-30.241638 11.449707 17.218063
-30.267578 11.311859 14.785880
-28.441772 9.279602 14.645499
-31.975494 7.230804 15.474174
-32.693665 9.874207 17.304338
-28.125977 10.003632 17.488979
-31.467651 9.444763 18.632883
-30.255066 11.314819 14.790119
-32.041534 9.279602 14.645499
-30.483704 10.809662 18.638996
-28.234161 10.597107 15.888914
-30.789246 11.408325 17.159027
-31.467651 7.007172 15.155080
-28.409424 10.869873 16.881821
-31.299500 9.183746 13.985186
-30.475464 6.927277 17.880754
-29.694092 9.214264 18.696859
-32.610107 7.861725 16.374296
-30.291718 11.293793 14.760110
-28.772064 9.444885 14.245005
-30.304291 7.025482 18.020910
-32.610107 8.590210 17.413668
-28.409424 8.648468 17.889645
-30.789246 9.062439 13.812109
-30.876282 9.585388 18.833475
-28.234161 9.979614 15.007947
-29.703735 9.136139 13.804521
-32.365173 7.522278 15.890024
-30.293488 7.729340 14.244219
-30.291718 11.278381 14.738138
-32.073883 10.842529 16.351814
-30.032043 10.710571 18.708462
-28.409424 7.434174 16.157154
-33.268127 13.926086 15.032537
-27.576172 12.175964 19.763264
28.745880 20.180145 22.217522
32.167236 20.180145 21.148289
28.187225 20.495087 21.359423
31.659454 19.949585 22.062963
29.684143 19.949585 22.680283
29.306763 13.088074 24.012222
28.497833 17.696838 18.884315
30.892426 13.484680 19.608597
1.892731 -13.783020 13.777040
5.438080 -10.237701 12.885445
7.877472 -7.798309 19.957394
30.313217 14.933289 21.785484
30.233963 14.715454 21.737324
29.120239 14.072296 17.406879
30.760208 17.096100 20.858845
31.872101 16.177582 20.203888
31.217865 16.899170 20.649897
29.985291 17.879425 18.410961
27.706039 16.975281 18.890217
30.245087 14.832184 21.772930
29.628738 14.138306 17.270050
28.671555 13.280396 19.991682
29.442413 13.295624 18.585016
30.378555 14.555969 21.638748
28.949188 16.324951 16.903557
27.824310 17.310394 19.268650
30.434860 17.685974 18.205704
28.917770 16.371613 16.928989
31.597092 16.585876 20.426504
29.254517 16.153168 21.857067
27.519638 16.785339 20.326225
28.058868 17.383575 18.916624
28.945953 16.413422 16.934181
27.913300 14.116669 20.508595
27.793167 14.595642 18.066406
32.132370 16.420380 20.081532
31.525772 14.438629 18.288670
30.479309 14.999359 21.755686
29.898987 18.241608 20.295650
30.222565 17.543793 20.934141
29.510666 17.960938 18.656197
31.077545 16.977112 17.767572
28.167114 16.420380 21.320740
29.201950 13.052155 19.749521
31.331390 13.797974 19.576286
30.420090 14.991669 21.771624
31.245239 16.008850 17.391037
27.463394 16.499817 18.806890
27.616028 14.747986 18.496073
30.115173 14.331757 17.182791
29.791656 18.268005 20.242710
29.526230 13.295624 18.558821
27.737122 14.667725 20.748114
30.397247 13.287720 19.697422
28.937973 16.329773 16.908672
28.332092 17.540955 18.353979
30.307419 17.540955 17.736656
29.048721 17.237701 21.198521
31.245667 17.310394 18.199421
30.251343 14.661041 21.713680
27.715469 15.259064 20.952835
32.042801 15.191925 19.820585
30.546387 14.639526 17.151051
30.976959 14.747986 17.445724
28.920609 16.384094 16.932285
30.807404 17.378204 17.986256
28.921936 16.347443 16.919600
27.849838 15.850403 21.108788
30.363434 14.969116 21.781784
28.935196 16.405731 16.934975
29.879593 13.220581 19.836712
29.622620 17.465942 21.095573
29.465408 13.289978 18.596350
31.226898 16.510071 17.564552
30.124969 18.241608 20.225023
28.172409 14.282349 17.843012
31.926865 14.681702 19.686020
28.926544 16.395752 16.934326
28.993011 17.893768 18.795486
30.231827 14.773834 21.757532
31.131348 15.507629 17.258848
28.958069 16.418243 16.932005
29.428741 13.303345 18.563992
30.055283 14.974457 16.991129
28.970764 16.419891 16.928593
30.183075 18.268005 20.120382
28.131058 16.401428 21.205360
28.630051 14.085419 17.634069
31.804321 16.995453 19.057522
28.918213 16.359100 16.924660
28.114838 14.974457 17.597551
28.232025 13.643494 20.250587
31.543869 16.153168 21.141609
29.513794 13.289978 18.581226
29.727737 18.304016 20.144535
-15.802124 -7.380798 19.085789
-10.135376 1.446106 21.594372
-18.600159 -6.742279 25.593990
-32.357330 4.965759 19.179096
31.684219 14.206238 19.602694
25.739960 18.594940 16.515467
32.462158 20.033539 19.359465
-26.472107 11.689697 19.069519
28.624557 13.532837 21.421000
29.136063 14.073761 24.395527
-25.624908 7.996246 13.799976
-34.219025 6.368439 13.338895
22.675735 1.001709 21.158474
23.297989 1.515076 31.324005
27.433823 5.103607 28.546581
13.739029 -16.012390 17.124828
17.683441 -4.708313 15.562160
15.973495 -9.608734 12.003067
7.714813 -11.918121 17.124826
16.782822 -4.100677 15.562160
12.851761 -7.489594 12.003067
15.730637 11.098236 17.124823
17.966721 -0.663605 15.562160
16.997360 4.435242 12.003065
33.417755 19.244141 18.796577
-28.198059 13.625244 13.778276
33.637268 13.248077 16.720789
25.793747 11.707642 19.805782
7.554169 8.493042 17.124825
16.990204 -1.139771 15.562160
13.601273 2.791321 12.003065
3.459869 2.468842 17.124825
16.382584 -2.040405 15.562160
11.482147 -0.330444 12.003066
2.926208 -4.795441 17.124825
16.306671 -3.124146 15.562160
11.207794 -4.093536 12.003067
14.197632 -4.499847 17.497421
16.749634 1.920868 18.544638
24.013916 -4.597168 18.544640
30.235535 17.617981 14.274025
-10.337189 1.677734 17.249981
14.957565 -5.740875 17.535318
21.489456 -0.568085 16.502594
15.059692 -5.813995 17.497421
16.567688 1.444977 17.497421
21.178528 -5.683197 16.955299
17.885040 0.689636 16.149229
14.382538 -4.862915 17.406864
13.059113 -1.759216 18.544638
32.600418 -0.026520 13.932037
21.633270 -2.111511 15.859116
32.110214 -0.119720 18.178699
5.830078 -15.533997 25.762932
1.598236 -15.576050 18.433167
5.830078 -9.745941 25.762930
-7.673950 -19.731323 16.343412
-0.344177 -15.499481 16.301331
-7.673950 -19.731323 22.131466
-7.673950 -15.533997 22.144539
-0.344177 -15.576050 17.912697
-7.673950 -9.745941 22.144539
9.448486 -15.533997 22.144539
2.118713 -15.576050 17.912697
9.448486 -9.745941 22.144539
-8.998383 -15.533997 17.201723
-0.534698 -15.576050 17.201723
-8.998383 -9.745941 17.201721
-4.055542 -15.533997 25.762932
0.176300 -15.576050 18.433167
-4.055542 -9.745941 25.762930
20.530487 -5.246399 15.859116
27.819717 -13.701752 13.932038
27.493912 -13.323822 18.168276
22.644775 -1.986389 23.709150
19.085861 2.677032 19.193815
22.574326 -1.044373 17.244438
22.476746 -5.614960 23.050251
2.035034 -13.778259 18.781490
22.525543 -6.390594 21.244320
13.093872 -1.595184 18.871447
29.344818 6.728851 13.932035
20.889465 -0.560394 15.859116
28.966873 6.403015 18.140753
18.979370 -5.990204 15.859116
21.064377 -16.957367 13.932038
20.971176 -16.467163 18.140757
23.147675 10.951324 13.932036
19.469757 0.410980 15.859115
22.983276 10.480194 18.140753
32.042206 -7.504608 13.932038
21.501877 -3.826691 15.859116
31.571075 -7.340210 18.140755
33.360611 3.755920 23.338802
15.552551 0.840729 17.497421
13.199539 -1.356781 18.967295
28.758163 15.097595 16.248333
13.475586 -0.565704 18.962364
14.459229 8.419067 18.544636
17.295761 2.223328 18.544638
8.126617 6.905151 18.544636
13.084198 -1.641754 18.871447
24.464478 -3.240784 18.651592
15.814270 -8.320190 18.763205
17.068680 -8.757904 18.886183
23.897415 -1.126678 20.990883
24.182709 -4.668640 18.561039
-22.204651 -24.340363 15.094072
-15.012756 -21.453156 20.972839
-23.438751 -28.731323 19.605335
12.986694 -3.042450 18.871447
22.590240 -4.206451 21.382160
30.015762 -6.797516 19.727753
28.991089 -6.439972 25.519751
21.283157 -6.119507 21.382162
26.418335 -12.076141 19.760826
25.709686 -11.254150 25.519753
22.765717 -1.896210 21.382160
30.491928 -0.427368 19.765450
29.425751 -0.630066 25.519749
24.173187 -4.695953 18.581579
14.848129 -3.528564 16.582493
16.117401 0.108978 16.587414
-15.556000 -18.627136 19.777834
29.542694 -14.622223 23.338806
-7.310974 4.072845 15.450811
-10.420685 4.072845 15.450811
-10.661224 3.545227 14.724546
-10.420685 1.746918 21.375816
-9.763519 4.459106 15.982475
-7.968140 4.459106 15.982475
-9.763519 0.521332 15.516195
-7.968140 -0.658081 19.183498
-9.404388 -1.138733 19.296156
-8.865814 -1.341003 15.523325
-7.596283 -0.427246 19.015795
-10.135376 -1.763672 17.176285
-8.908325 -1.367371 15.542484
-9.906219 -0.970551 19.173973
-10.337189 -0.703003 18.979610
-7.983978 0.466858 15.487910
-8.968536 1.444244 19.129225
-7.338409 -0.055420 15.867350
-7.162231 -1.138153 16.653971
-10.667877 -0.354370 18.726315
-10.667877 1.423340 17.552094
-8.687927 1.991180 15.980513
-8.903931 -1.740875 18.592108
-10.875732 0.051666 18.431339
-7.968140 0.052734 15.339976
-10.667877 1.329102 17.503279
-10.875732 0.923065 17.798252
-9.011078 1.417847 19.148411
-9.404388 2.113464 16.933435
-7.825409 1.871002 18.168276
-7.983978 -2.004578 17.283426
-8.919006 1.139801 19.350397
-9.330505 -2.139618 17.449409
-8.903931 -1.358795 15.536251
-7.618713 0.240112 15.652652
-7.102112 -0.768860 16.385666
-8.865814 -2.195740 17.422310
-7.063782 1.423340 17.552094
-9.064240 1.257294 19.265030
-10.600037 -0.360626 16.156965
-9.747681 -1.815063 16.730881
-8.887817 -1.345764 15.526789
-9.330505 0.666443 15.410772
-7.968140 1.857758 17.355705
-8.908325 -1.385773 15.555868
-9.071228 1.300323 19.233780
-7.070435 0.599823 18.269600
-9.071228 1.930817 15.897421
-8.827728 -1.740875 18.592108
-10.946625 0.811829 16.710373
-9.906250 1.945282 17.055616
-7.596283 1.626923 17.523409
-8.763123 2.035370 16.041336
-8.968536 2.035370 16.041336
-9.906219 1.871002 18.168276
-8.896912 -1.351410 15.530895
-8.409363 -2.147125 17.386988
-9.763519 -1.994507 17.343987
-8.909821 -1.376587 15.549175
-8.865814 0.715942 15.374815
-8.843842 -1.731415 18.605131
-7.102142 -0.917297 17.966599
-7.131592 0.223877 18.542727
-9.043701 1.991180 15.980513
-7.618713 -1.777802 17.118683
-10.420685 0.438995 15.871639
-9.763519 0.052734 15.339976
-8.877197 -1.342194 15.524206
-8.909821 -1.753784 18.574316
-10.135376 0.290527 15.683898
-9.043701 1.217224 19.294147
-10.393219 -1.435608 17.253159
-8.887817 -1.731415 18.605131
-7.338409 -1.435608 17.253159
-8.918976 1.460846 19.117165
-7.070435 0.966644 16.597904
-9.064240 1.343323 19.202534
-8.401154 -0.803192 19.288921
-8.401154 2.002869 17.250282
-7.162231 -0.399567 16.117367
-8.865814 -0.852692 19.324875
-7.310974 1.326080 17.741964
-7.310974 0.438995 15.871639
-8.877197 -1.410950 15.574148
-10.946625 0.487366 18.114796
-7.983978 -1.815063 16.730881
-8.903931 -1.394348 15.562103
-8.865814 1.466492 19.113049
-8.409363 0.609406 15.384350
-8.887817 -1.407379 15.571566
-10.420685 -0.010315 15.902453
-8.865814 2.170807 16.891762
21.762558 0.192261 21.382160
27.719223 5.327454 19.664747
26.897217 4.618805 25.164545
18.560715 -2.567963 32.540787
-7.310974 -0.126434 18.797239
18.456787 -2.492004 32.540787
15.807404 1.153839 17.370111
11.012573 6.768799 15.481743
14.607117 11.281860 15.858109
-11.434143 -1.174103 13.305070
-6.603851 2.865082 14.721958
14.642471 -5.380554 17.270504
8.840027 -7.864410 15.830616
4.612885 -3.164642 16.860502
14.081848 7.247894 15.921171
17.093262 1.688568 17.361057
7.862335 6.193359 16.951057
-27.478485 9.036957 14.545588
-30.241638 7.621948 19.152945
-28.533936 11.925873 16.136286
18.612732 -2.685760 32.540787
-10.661224 2.473175 20.848179
18.405121 -2.969666 32.540787
-32.285248 9.921112 15.037165
15.444763 -6.246735 17.361059
10.576294 -10.154633 15.921173
6.066467 -6.540375 16.951061
-15.827881 -18.170959 18.974768
13.575607 -0.279053 18.780888
-5.666931 2.283417 15.144526
19.194672 -7.122650 21.382162
20.663513 -14.848877 19.664749
20.460815 -13.782684 24.892448
31.896011 14.499908 17.227537
27.580872 17.691132 18.081432
13.867233 -1.162689 20.609627
11.558777 -0.357178 28.279274
7.771088 0.964478 24.763548
8.017029 -6.739166 15.921173
13.954056 -3.974274 17.361059
10.014038 -11.586578 16.951061
18.598892 -2.813721 32.540787
23.563858 -2.343140 22.310831
26.294418 -7.642059 28.424042
28.886185 -3.059540 28.391232
0.837494 -5.992401 18.544640
-4.947998 -2.134552 18.354244
27.366135 15.479370 18.495687
-12.241089 -2.502380 19.742081
14.927002 7.352844 25.205132
19.801056 1.381866 22.882923
20.055237 8.491028 25.556595
18.026688 8.425262 22.767948
21.445465 1.772705 19.791828
23.218231 8.114288 23.585926
14.765045 -5.840179 20.609627
12.913208 -7.436615 28.279274
9.945068 -9.995422 24.763550
19.388168 -8.058960 21.305607
13.602615 -12.799377 24.281731
18.488434 -14.581909 25.099712
16.578110 4.273834 28.588169
20.714661 -0.321655 23.433380
21.572372 3.397522 30.004955
15.250702 0.878021 20.609627
13.654251 2.729858 28.279274
11.095459 5.697998 24.763546
13.689468 -3.621735 20.609627
11.287506 -4.078369 28.279274
7.437622 -4.810303 24.763550
17.969193 -8.144165 21.305607
11.153870 -11.225647 24.281731
15.411850 -14.211975 25.099712
17.712860 -8.655853 18.544640
10.634827 -12.490265 18.544640
14.820602 -15.683533 18.544640
19.849533 1.499359 21.382160
22.440582 8.924896 19.664745
22.083023 7.900177 24.816441
13.639099 -2.576324 23.041513
11.826080 3.796387 27.613476
9.188385 -0.583252 28.870071
16.805756 -7.223633 20.609627
16.000229 -9.532135 28.279274
14.709137 -13.232208 24.763550
23.362747 -1.992615 18.544638
30.222443 -6.205200 18.544640
30.895020 -0.983582 18.544638
17.469147 1.953583 20.609627
17.012512 4.355560 28.279274
16.280594 8.205444 24.763546
18.715302 -6.051483 23.441792
12.617752 -7.075928 28.596577
17.073029 -9.496887 30.013367
15.830872 2.109894 21.324383
20.287262 8.772675 22.065575
15.530807 9.096588 24.299183
26.070923 -1.174164 29.232056
21.540314 -5.333344 23.816120
25.176758 -6.162201 30.705585
18.522903 -2.917664 32.540787
23.786789 -3.098328 21.305605
26.868271 -9.913666 24.985039
29.854599 -5.655670 25.803020
6.112366 -6.282288 22.457544
14.014450 -6.102722 19.633202
8.280396 -10.686676 21.020672
14.521332 1.485443 18.544638
4.305878 1.267609 18.544638
4.551056 6.857086 18.544636
-7.131592 -2.233978 13.578388
24.441101 -2.605835 18.534786
28.061768 5.230560 18.534786
32.779816 2.223511 18.653788
20.235657 2.656952 21.158474
20.511337 3.447021 29.750225
22.305344 8.588348 28.465424
16.724915 2.564392 21.114204
9.805054 5.493103 25.363455
12.971222 10.082123 25.831158
16.692429 -8.459381 18.544640
21.668625 -15.513153 18.544640
16.705399 -18.095581 18.544641
13.817947 -1.585205 23.230663
8.469116 -7.156311 27.086971
7.270050 -2.675781 30.215775
19.439072 -8.318237 21.158474
19.595352 -9.140289 29.750225
20.612366 -14.489807 28.465427
14.813004 1.385742 18.539711
8.334137 7.588318 18.539711
8.841644 8.263824 23.540176
26.512558 6.527039 24.064323
19.188309 2.709686 21.428734
22.948257 10.328369 25.975697
29.174286 9.688019 21.104710
21.983444 -11.871979 28.642365
21.981598 -4.433807 24.030994
25.125610 -8.906281 32.150913
23.660431 -4.107758 21.428734
30.079147 1.090027 24.642307
32.146286 -3.693390 26.679008
16.959763 -8.017822 21.428736
22.157562 -14.436523 24.216579
17.374115 -16.503662 25.975700
30.264862 8.475159 22.670696
28.639252 4.093414 24.367531
23.285995 0.048553 20.619247
26.180237 8.687714 25.879108
32.243973 -11.320862 22.872400
21.763123 -7.210571 20.715836
25.062393 -13.052887 24.642307
20.976974 -16.287628 25.975700
23.372025 -0.147522 20.950489
29.048828 3.033234 25.268127
30.881622 -0.710632 28.999969
18.463730 -18.093750 26.137016
29.055649 -15.508423 18.690380
7.727844 -14.347626 25.084511
23.678192 11.742767 18.544636
29.566223 8.170319 17.720245
16.953568 12.349884 25.186497
18.624893 -4.125580 15.490335
18.547287 -3.717407 11.044593
17.612671 1.198669 12.003065
19.291168 -3.808838 15.490335
19.019882 -3.494141 11.044593
15.752441 0.296021 12.003066
19.451904 -1.799713 15.490335
19.137207 -2.071014 11.044593
15.347061 -5.338440 12.003067
19.709808 -3.201385 15.490335
19.317535 -3.064484 11.044593
14.592773 -1.415863 12.003066
18.844452 -1.381073 15.490335
18.707565 -1.773376 11.044593
17.058914 -6.498108 12.003067
19.768631 -2.466003 15.490335
19.360474 -2.543610 11.044593
14.444382 -3.478210 12.003066
34.536743 -0.355682 23.242218
-4.606262 -20.282043 14.910021
-0.118195 -15.793976 20.626404
-6.822296 -22.902527 19.377394
33.485199 -3.369263 26.440119
13.439102 -3.669312 21.753191
4.099731 -4.572357 18.539713
3.659210 -5.271240 23.540180
27.273331 0.178894 28.380474
19.816055 0.122314 23.646633
24.323105 3.365448 31.522213
10.901489 6.093201 15.921171
15.997177 1.212036 17.361057
6.005890 3.612366 16.951057
-15.666779 -15.584595 19.742775
-12.989777 -15.584595 18.906166
-14.932648 -15.764984 20.104860
-15.227936 -21.133698 21.147020
-13.387085 -15.764984 19.621845
-16.103882 -15.338165 19.071365
17.735565 -5.840027 23.655045
23.538788 -10.523682 28.455574
19.246567 -11.183105 31.530621
-15.860870 -17.527618 17.134739
-13.987244 -20.823395 17.701447
13.626602 -1.078705 21.753191
4.587708 2.075287 18.539711
3.987793 2.284607 23.540178
-15.757416 -20.353363 16.156494
-15.429840 -17.886871 18.945469
-14.488831 -19.902954 19.348549
-15.532288 -18.564545 15.604812
-13.732605 -18.151764 18.516205
-14.310486 -19.638245 19.381418
-15.724915 -20.983215 18.001188
-16.456085 -19.897736 18.593052
-15.065918 -20.975739 16.897591
-14.898529 -17.052521 18.120789
-16.160522 -19.657715 16.127922
-14.595398 -20.160583 15.803396
-16.115479 -20.199249 16.319981
-14.356812 -19.644257 19.393887
-15.516479 -18.597260 15.588914
-14.401154 -19.661896 19.401840
-14.697021 -17.384766 16.764368
-13.842377 -18.090729 16.260952
-15.531921 -18.574341 15.601425
-13.725525 -18.456177 16.102104
-15.500732 -18.528046 15.607171
-16.318207 -20.328888 18.405642
-15.373871 -20.363586 15.978731
-15.518646 -18.537811 15.609493
-14.587708 -17.101349 18.183765
-13.273712 -18.076416 17.270262
-13.643768 -20.578278 17.676167
-14.504120 -19.814697 19.382862
-14.090698 -17.997650 18.679691
-13.087128 -19.487579 17.867317
-16.412231 -19.954132 16.494774
-13.491669 -20.076996 16.668680
-14.444977 -17.649597 16.236763
-15.121765 -20.971313 16.900555
-16.147827 -18.541199 18.950821
-14.975983 -20.311981 15.871669
-16.119629 -18.526398 19.041100
-14.053772 -17.776917 16.432060
-15.268799 -18.735443 19.460743
-13.800293 -19.240540 15.862906
-16.550812 -19.834930 16.830963
-15.068390 -17.320953 16.956253
-15.309937 -21.161804 17.811710
-14.764526 -17.101349 18.239025
-14.493744 -19.769043 19.394909
-15.510223 -18.531830 15.608874
-14.642242 -19.657715 15.653433
-16.626221 -18.240814 18.262949
-13.435883 -18.396881 18.341412
-16.480377 -18.092194 17.139359
-14.440430 -19.689941 19.404732
-16.367889 -18.972351 18.875259
-13.477509 -18.735443 18.900940
-15.132477 -20.965302 16.884106
-14.374695 -20.977478 17.770950
-14.848541 -17.080719 18.197601
-16.204315 -17.772736 17.160019
-15.507690 -18.601044 15.584910
-13.711182 -18.848358 15.966336
-16.473022 -19.435059 18.753231
-15.990540 -17.649597 16.719782
-15.056183 -20.971313 16.880060
-14.980774 -17.708282 18.864918
-15.103790 -20.975739 16.909424
-14.502441 -19.860382 19.367050
-16.068848 -20.699127 18.203770
-14.542267 -17.080719 18.101887
-15.490814 -18.526764 15.604501
-15.530060 -18.554779 15.607390
-15.525421 -18.545654 15.608987
-13.921082 -19.834930 16.009125
-13.710846 -17.829987 16.598850
-14.257996 -19.919800 15.778563
-15.529022 -18.583466 15.597464
-16.670258 -18.464233 17.074160
-13.220703 -18.716339 18.167229
-13.017059 -18.526398 18.071489
-14.345245 -17.536133 16.603767
-14.511353 -17.647369 18.738607
-13.177856 -19.886810 17.762026
-14.779724 -21.030029 17.879936
-15.473419 -17.373535 17.065237
-14.389313 -19.985168 19.289921
-16.387848 -17.829987 17.435459
-13.367706 -20.258820 17.696829
16.324188 -0.245514 15.952629
12.496185 3.890381 11.845613
15.016708 8.818726 11.216207
10.891388 -7.027252 11.386542
15.735077 -4.775543 15.864538
9.818359 -12.420197 12.279039
21.430237 0.749084 17.370111
25.554199 6.041626 15.481743
30.902481 4.529785 15.858109
15.828796 -7.394012 18.694633
13.358551 -13.908447 18.484583
8.152008 -14.046234 20.460506
24.186020 -12.431580 15.481746
20.886749 -6.589233 17.370113
29.698669 -11.724152 15.858110
22.221375 -0.164795 17.370111
27.574615 3.880035 15.481744
32.349380 1.035492 15.858109
19.818329 -6.200348 16.264847
22.924286 -11.226013 12.566199
20.266861 -16.066040 13.303367
21.479599 -13.632935 15.408254
19.804840 -7.135742 17.296619
26.987503 -14.376373 15.784617
25.801086 -9.436340 14.511413
20.864532 -6.187805 16.986155
28.888306 -5.444977 14.035466
9.707886 -9.038696 15.805516
14.723175 -5.305420 17.204290
11.257782 -13.050323 18.487514
26.472961 2.088959 13.415277
21.665237 -1.070007 16.235512
25.401382 6.613464 15.432461
17.486771 0.388031 15.825871
16.232880 5.662109 12.411380
19.496918 8.673737 14.853611
23.747849 -4.592590 21.158474
24.537903 -4.868256 29.942825
29.679230 -6.662262 29.168732
-18.018738 -16.824921 15.281253
21.067444 -18.232208 22.701891
-12.759003 -15.699280 17.506516
22.092606 -7.032684 21.158474
22.638977 -7.666473 29.900314
26.194504 -11.790771 29.168736
29.843323 -7.291718 18.354136
21.927795 -6.104950 17.851040
27.348785 -11.146576 16.845007
23.247711 -2.276703 17.941593
30.183228 -6.272034 18.444691
30.628418 -1.702057 16.935570
30.622299 -4.158478 18.444691
22.669327 -5.060852 17.941593
29.210449 -8.527618 16.935572
22.968216 -1.025238 17.941593
30.701477 -3.089386 18.444691
29.948700 1.440094 16.935570
17.919312 2.180206 17.941593
21.914642 9.115723 18.444689
17.344681 9.560883 16.935568
14.626801 -14.481750 18.395546
16.254074 -6.719910 17.202524
12.093338 -12.448273 14.816875
17.988617 -7.325165 17.372570
14.243408 -14.347961 18.357960
18.063049 -14.531342 15.402121
18.241257 1.106354 16.533487
21.771164 8.240753 15.555082
17.564102 7.769592 13.222952
16.056854 -4.726532 22.898438
15.365051 -3.303192 22.898436
3.560638 1.493134 26.495607
15.477600 -1.724609 22.898436
17.367661 -5.613312 22.898438
-15.361481 -20.362457 21.446938
3.950104 -0.450500 18.879045
13.177856 -4.680084 17.832912
2.001770 -4.959259 17.309433
16.364349 -0.413788 22.898436
23.961288 -1.651794 21.158474
24.783325 -1.495514 29.811668
30.132858 -0.478516 29.168732
21.260254 -16.585968 27.807579
17.787704 0.278015 22.898436
6.957581 -1.393036 10.960504
-12.011322 -16.316925 17.066088
6.286499 9.623657 18.585913
23.246246 -4.130585 22.603731
17.421555 2.203979 21.753189
15.953735 9.924713 18.539711
15.653046 11.506409 23.540176
16.721786 -7.464264 21.753193
14.132568 -14.884583 18.539715
13.602142 -16.404694 23.540182
14.572006 -6.006592 21.753193
8.619537 -11.138153 18.539715
7.400116 -12.189392 23.540180
14.389938 1.154419 17.832911
4.332092 1.388336 18.879045
4.340790 6.300049 17.309431
4.838318 2.793518 18.788492
12.858307 -3.280579 17.742350
1.789429 -1.057312 17.218876
24.621704 7.633636 21.381748
-11.839569 -21.008514 15.441907
-17.976654 -22.213837 17.855732
17.617310 -16.038788 14.112174
10.310852 -0.168762 8.121602
19.850662 -16.580139 15.526507
14.206635 -15.401276 14.021616
22.986160 9.805084 14.112170
28.166428 -6.399261 9.872093
2.192474 -5.200500 22.701889
-0.278046 -13.623199 17.950567
23.766907 9.037354 19.425556
19.173599 2.316376 16.944790
21.290436 11.606689 15.703437
15.268524 -7.683655 18.569029
15.743164 -15.365326 22.200993
11.231018 -16.302856 19.887997
21.365707 1.551453 17.159695
21.554962 9.809204 19.208706
25.686249 10.072845 16.134384
14.488190 -6.677582 17.832912
14.819061 -15.116821 18.879047
9.907349 -15.108124 17.309435
22.814087 -4.224274 16.586489
29.522339 0.730316 14.890673
31.801468 -3.592712 13.245777
18.439758 -2.453430 15.246244
13.524216 -0.003571 17.832912
3.839569 -1.942596 18.879045
2.576721 2.803986 17.309431
-14.501221 -17.589325 13.527457
19.588593 10.577179 14.112170
4.049347 -9.343353 22.701889
24.144394 -4.778442 18.586502
4.505737 6.199097 22.701887
-10.600037 -1.112549 16.703217
-10.315033 -2.241486 16.463127
-8.865814 0.380066 20.071568
-7.416626 -2.241486 16.463127
-11.210693 1.411438 17.216496
21.779663 -3.923645 10.018150
18.770645 -2.873657 15.346067
25.400894 -5.187225 12.404656
21.922318 -2.056549 10.018150
18.791443 -2.651764 15.346067
25.690186 -1.340240 12.404655
19.034332 -6.279266 10.018151
18.439102 -3.148376 15.346067
19.750641 -10.047119 12.404657
19.566696 0.688782 10.018150
18.516739 -2.320251 15.346067
20.830261 4.309998 12.404655
20.722595 -5.469269 10.018151
18.641693 -3.055450 15.346067
23.226883 -8.374146 12.404657
21.112305 -0.368286 10.018150
18.698502 -2.449219 15.346067
24.017212 2.135986 12.404655
-0.344177 -11.251007 17.912697
2.118713 -11.251007 17.912697
-0.344177 -15.499481 20.626404
0.176300 -11.251007 18.433167
1.598236 -11.251007 18.433167
-0.534698 -11.251007 17.201721
-29.371521 8.464569 13.206583
0.176300 -13.557068 16.301331
1.598236 -16.019958 18.102114
1.598236 -13.775299 15.970277
2.118713 -13.775299 16.490747
0.869843 -14.818665 15.438962
0.176300 -13.775299 15.970277
0.772217 -14.673462 19.045994
2.309204 -13.775299 17.201721
0.805908 -14.647614 19.045994
0.862640 -14.763885 15.438962
2.284119 -15.619568 17.201723
0.063263 -13.361298 17.950567
0.887268 -14.625824 19.045994
2.236511 -14.426971 16.257843
0.869843 -16.438446 17.231892
0.063263 -16.215729 17.950567
1.892731 -13.783020 18.102114
-0.539948 -13.964508 17.950567
0.730133 -14.830597 19.045994
1.711273 -13.926819 18.628933
-0.344177 -13.775299 16.490747
1.874969 -13.800812 16.257843
0.063263 -13.926819 18.628933
0.857086 -14.805908 15.438962
0.853607 -14.779480 15.438962
0.887268 -13.366547 16.301331
-0.760742 -13.926819 17.201721
0.460724 -16.380341 17.950567
-0.278046 -15.953827 17.950567
-0.344177 -14.077545 16.301331
-0.539948 -13.926819 18.025724
2.314484 -13.926819 18.025724
2.096954 -14.090088 16.257843
-0.486237 -14.420471 16.301331
0.724579 -12.831421 17.201721
2.236511 -15.150055 16.257843
-0.704590 -14.361969 17.950567
0.852417 -14.788483 15.438964
0.917419 -16.438446 17.219141
1.598236 -13.557068 18.102114
-0.539948 -15.612518 17.950567
0.460724 -13.196655 17.950567
0.857086 -14.771088 15.438962
-0.118195 -13.783051 16.301331
0.746368 -14.869843 19.045994
0.887268 -16.210449 18.102114
2.309204 -14.788483 18.102114
0.968597 -12.831421 17.342607
0.904694 -16.438446 17.231892
0.724579 -14.788483 19.045994
2.284119 -14.788483 16.257843
-0.760742 -14.788483 17.950569
1.585693 -15.619568 15.992023
1.874969 -15.776215 16.257843
0.805939 -12.831421 17.342607
2.260773 -15.156525 18.102114
2.096954 -15.619568 16.503304
1.248779 -13.439270 16.257843
0.845154 -14.945648 19.045994
0.878235 -14.822144 15.438962
0.730133 -14.746399 19.045994
0.853607 -14.797516 15.438962
1.585693 -13.578796 16.257843
2.118713 -14.077545 18.102114
0.188843 -15.619568 15.992023
1.585693 -15.998199 16.257843
1.892731 -15.793976 18.102114
-0.322449 -15.619568 16.503304
1.248779 -16.137726 16.257843
0.878235 -14.754852 15.438962
0.176300 -16.019958 16.301331
-0.704590 -15.215057 17.950567
0.746368 -12.831421 17.283064
0.852417 -16.438446 17.201723
0.869843 -14.758331 15.438962
0.519226 -16.162018 16.301331
1.028137 -12.831421 17.283064
0.857086 -16.438446 17.219141
0.519226 -13.415009 16.301331
1.255280 -16.162018 18.102114
1.255280 -13.415009 18.102114
0.887268 -13.140503 17.950567
0.845154 -14.631378 19.045994
0.887268 -16.185333 16.257843
-0.118195 -15.793976 16.301331
0.887268 -14.753662 15.438962
15.164200 -3.885376 16.346310
9.840515 -4.630737 13.852345
5.303375 -1.185730 15.636164
12.882538 4.087250 13.857268
16.586838 0.191681 16.351234
7.187134 4.212799 15.641088
2.118713 -15.499481 18.102114
5.164978 2.153320 14.112171
-1.146851 -13.614105 14.095305
21.720169 -1.646759 16.376766
26.296051 0.170288 13.106009
31.225739 -2.230255 13.757893
22.769409 -9.936493 13.110935
20.317307 -5.667114 16.381693
28.122391 -11.123962 13.762820
2.678741 -11.685577 16.883457
-0.534698 -14.788483 20.626404
6.837555 5.999451 25.851795
3.918182 -2.367065 25.860205
29.543716 18.759888 18.761942
3.420776 -12.254974 16.883457
3.990173 -16.579987 16.883457
-1.785919 -17.461700 17.601500
-15.451447 -17.402832 15.730523
-12.811493 -20.447327 17.087936
-13.060883 -18.627136 18.998070
22.017120 1.739716 20.990883
</float_array>
          <technique_common>
            <accessor source="#SM_Urchin_Group_02_LOD1-POSITION-array" count="2654" stride="3">
              <param name="X" type="float"/>
              <param name="Y" type="float"/>
              <param name="Z" type="float"/>
            </accessor>
          </technique_common>
        </source>
        <source id="SM_Urchin_Group_02_LOD1-Normal0">
          <float_array id="SM_Urchin_Group_02_LOD1-Normal0-array" count="12231">
-0.563468 0.317575 0.762660
-0.440276 -0.490423 0.752092
0.589392 -0.285086 0.755872
0.000000 -0.000001 -1.000000
-0.702555 -0.620616 -0.348213
-0.887190 0.309574 -0.342137
-0.121828 0.490131 -0.863093
0.536232 0.841555 -0.065127
0.876687 -0.025369 -0.480393
-0.840296 -0.488776 -0.234523
-0.180310 -0.705732 -0.685151
0.449168 -0.891096 0.064780
-0.307634 -0.576770 0.756768
0.691279 -0.608473 0.389737
0.741805 0.226952 0.631044
-0.293202 -0.183923 -0.938193
-0.063079 -0.977386 -0.201836
-0.925284 -0.352838 -0.139119
0.524802 -0.060204 -0.849092
-0.522047 -0.078291 -0.849316
-0.056452 0.850960 -0.522188
0.000003 0.160428 0.987048
-0.853274 -0.184363 0.487785
0.000003 -0.861740 0.507350
-0.589201 0.798509 -0.123391
-0.121828 0.490131 -0.863093
-0.840296 -0.488776 -0.234523
-0.045559 -0.516095 0.855319
0.000004 0.649951 0.759976
-0.853272 0.015742 0.521228
-0.212189 0.716995 -0.663999
0.769244 0.510952 -0.383655
0.245212 -0.230466 -0.941678
-0.401989 0.073170 0.912716
-0.819314 -0.310208 -0.482177
0.022334 -0.711276 0.702558
0.741805 0.226952 0.631044
0.739494 -0.295201 -0.604983
0.447104 0.595263 -0.667653
0.447104 0.595263 -0.667653
-0.701919 0.608203 -0.370672
-0.063944 0.988998 -0.133397
-0.946063 0.239488 0.218199
-0.008798 0.323448 -0.946205
-0.143169 -0.965482 -0.217593
-0.012615 0.997153 -0.074338
0.593391 0.487839 0.640235
0.892314 -0.316613 -0.321764
0.589392 -0.285086 0.755872
0.166026 -0.949356 -0.266756
0.887191 -0.309575 -0.342135
0.654301 0.693979 -0.300474
-0.563468 0.317575 0.762660
0.366830 0.610247 0.702164
0.491874 0.662226 0.565258
0.535432 0.602251 0.592119
0.411961 0.753538 0.512317
0.484110 0.869285 -0.099907
0.542892 0.837808 -0.057840
0.378780 0.909917 -0.169048
0.853275 -0.184363 0.487783
0.543554 -0.759119 -0.358173
0.858580 0.511285 -0.037790
-0.543554 -0.759120 -0.358171
0.543554 -0.759119 -0.358173
0.000003 -0.861740 0.507350
0.007163 0.864292 0.502939
0.853275 -0.184363 0.487783
0.858580 0.511285 -0.037790
-0.056452 0.850960 -0.522188
-0.872329 0.488719 -0.014020
0.007163 0.864292 0.502939
-0.143169 -0.965482 -0.217593
-0.103739 -0.487843 0.866745
-0.946063 0.239488 0.218199
0.892314 -0.316613 -0.321764
-0.103739 -0.487843 0.866745
-0.143169 -0.965482 -0.217593
-0.298835 -0.821282 0.485997
-0.309180 -0.826733 0.470022
-0.295308 -0.817948 0.493714
-0.149468 -0.540104 0.828219
-0.193639 -0.499602 0.844335
-0.194038 -0.469224 0.861498
0.029031 0.490840 0.870766
0.040451 0.504884 0.862239
0.037390 0.542288 0.839361
-0.514049 0.156245 0.843410
-0.491704 0.178735 0.852221
-0.510782 0.129126 0.849958
-0.000000 0.000000 1.000000
0.000000 0.000000 1.000000
0.000000 0.000000 1.000000
-0.008626 0.003479 0.999957
0.010369 0.018145 0.999782
-0.002405 0.012245 0.999922
-0.815059 0.278759 0.507910
-0.823371 0.287586 0.489238
-0.813816 0.275018 0.511926
-0.663602 0.349868 0.661229
-0.648254 0.371111 0.664864
-0.663075 0.329184 0.672286
0.709705 -0.253288 0.657391
0.705185 -0.254711 0.661691
0.723947 -0.251829 0.642248
-0.475362 0.348864 0.807666
-0.476903 0.344996 0.808419
-0.475505 0.347313 0.808250
-0.440276 -0.490423 0.752092
0.166026 -0.949356 -0.266756
0.589392 -0.285086 0.755872
0.166026 -0.949356 -0.266756
-0.702555 -0.620616 -0.348213
0.000000 -0.000001 -1.000000
0.024914 0.319073 0.947403
0.027347 0.318149 0.947646
0.024999 0.319041 0.947411
-0.717411 0.250333 0.650119
-0.717411 0.250332 0.650120
-0.717411 0.250332 0.650120
-0.023665 -0.319545 0.947275
-0.023666 -0.319545 0.947275
-0.023665 -0.319546 0.947275
-0.105565 -0.302532 0.947275
-0.105564 -0.302532 0.947275
-0.105565 -0.302532 0.947275
0.105565 0.302532 0.947275
0.105565 0.302532 0.947275
0.105565 0.302532 0.947275
0.592553 -0.206764 0.778543
0.592553 -0.206763 0.778543
0.592553 -0.206763 0.778543
0.353807 -0.163855 0.920854
0.353806 -0.163855 0.920854
0.353807 -0.163855 0.920854
0.491874 0.553945 -0.671718
0.535433 0.581819 -0.612208
0.411962 0.499463 -0.762118
-0.278612 0.095381 0.955656
-0.264134 0.127818 0.955979
-0.277397 0.109081 0.954543
-0.178106 0.533413 0.826891
-0.188322 0.542329 0.818788
-0.193589 0.546889 0.814516
0.500000 0.497065 0.709174
0.500000 0.497065 0.709174
0.500000 0.497065 0.709174
-0.069989 0.925133 0.373137
-0.083275 0.927325 0.364876
-0.090140 0.928368 0.360566
0.555861 0.824940 0.102433
0.555861 0.824940 0.102433
0.555861 0.824940 0.102434
0.789593 0.575194 0.213763
0.789593 0.575194 0.213763
0.789593 0.575194 0.213763
0.187254 -0.982311 0.001051
0.182327 -0.983237 0.001550
0.184704 -0.982794 0.000720
0.652505 -0.757783 -0.001271
0.657076 -0.753822 -0.001872
0.654870 -0.755741 -0.000870
-0.328025 -0.944664 0.003063
-0.341793 -0.939765 0.004493
-0.335211 -0.942141 0.002095
0.943658 -0.330905 -0.003287
0.948693 -0.316162 -0.004813
0.946304 -0.323270 -0.002242
-0.755984 -0.654577 0.004228
-0.768963 -0.639263 0.006141
-0.762840 -0.646580 0.002870
-0.981993 -0.188871 0.004240
-0.985544 -0.169313 0.006079
-0.983920 -0.178588 0.002851
0.700538 0.587234 -0.405467
0.700538 0.587234 -0.405467
0.700538 0.587234 -0.405467
0.104753 0.682305 0.723524
0.154933 0.727544 0.668338
0.217611 0.777488 0.590049
0.779657 0.359418 0.512790
0.779657 0.359417 0.512790
0.779657 0.359418 0.512790
-0.499999 0.709174 -0.497065
-0.499999 0.709173 -0.497065
-0.499999 0.709174 -0.497065
0.258818 0.554403 0.790981
0.258818 0.554403 0.790981
0.258818 0.554403 0.790981
0.707108 0.405851 0.579036
0.707109 0.405852 0.579035
0.707108 0.405850 0.579037
0.965926 0.148551 0.211944
0.965926 0.148551 0.211944
0.965926 0.148551 0.211943
-0.866025 -0.409442 0.286982
-0.866025 -0.409441 0.286981
-0.866024 -0.409443 0.286982
-0.499999 0.497065 0.709173
-0.499999 0.497066 0.709173
-0.499999 0.497065 0.709173
-0.500000 -0.709173 0.497065
-0.500000 -0.709173 0.497065
-0.500000 -0.709173 0.497066
0.707107 0.405852 0.579037
0.707107 0.405852 0.579037
0.707107 0.405852 0.579037
-0.866025 -0.409442 0.286981
-0.866025 -0.409442 0.286980
-0.866025 -0.409441 0.286981
-0.866025 0.409442 -0.286982
-0.866025 0.409441 -0.286981
-0.866024 0.409443 -0.286982
-0.500000 0.497064 0.709174
-0.500001 0.497064 0.709174
-0.499999 0.497064 0.709174
0.499999 0.497065 0.709174
0.499999 0.497065 0.709174
0.499999 0.497065 0.709174
-0.866025 0.286981 0.409442
-0.866025 0.286980 0.409442
-0.866025 0.286982 0.409442
-0.866026 -0.409440 0.286980
-0.866026 -0.409440 0.286980
-0.866026 -0.409440 0.286980
-0.866025 -0.409442 0.286980
-0.866025 -0.409442 0.286980
-0.866025 -0.409442 0.286981
-0.866026 0.286980 0.409441
-0.866026 0.286980 0.409441
-0.866026 0.286979 0.409440
-0.866026 0.409440 -0.286980
-0.866026 0.409440 -0.286980
-0.866026 0.409440 -0.286980
-0.866025 0.409442 -0.286980
-0.866025 0.409442 -0.286980
-0.866025 0.409442 -0.286981
-0.000001 0.818883 -0.573960
-0.000001 0.818884 -0.573960
-0.000001 0.818883 -0.573961
0.000001 0.573961 0.818882
0.000001 0.573962 0.818882
0.000000 0.573961 0.818883
1.000000 0.000000 0.000000
1.000000 0.000000 0.000000
1.000000 0.000000 0.000000
1.000000 0.000000 0.000000
1.000000 0.000000 0.000000
1.000000 0.000000 0.000000
-0.500000 0.709173 -0.497065
-0.499999 0.709173 -0.497065
-0.500000 0.709173 -0.497065
0.707106 0.405853 0.579037
0.707107 0.405852 0.579037
0.707106 0.405853 0.579038
-0.965926 0.148552 0.211943
-0.965926 0.148551 0.211942
-0.965925 0.148553 0.211944
0.500000 0.497065 0.709173
0.500000 0.497065 0.709173
0.500000 0.497064 0.709174
-0.500000 -0.709173 0.497065
-0.500000 -0.709173 0.497065
-0.500000 -0.709173 0.497064
0.965925 0.148554 0.211944
0.965925 0.148554 0.211944
0.965925 0.148554 0.211944
0.866025 0.286982 0.409441
0.866025 0.286982 0.409442
0.866026 0.286981 0.409440
-0.866026 0.286980 0.409440
-0.866026 0.286980 0.409440
-0.866026 0.286980 0.409440
-0.866025 0.286981 0.409442
-0.866025 0.286981 0.409442
-0.866024 0.286981 0.409443
0.707106 0.405851 0.579038
0.707107 0.405852 0.579038
0.707106 0.405850 0.579040
0.965926 0.148552 0.211943
0.965926 0.148553 0.211942
0.965926 0.148552 0.211944
-0.500000 0.497065 0.709173
-0.500000 0.497065 0.709173
-0.500000 0.497066 0.709173
-0.500000 0.709173 -0.497065
-0.500000 0.709173 -0.497065
-0.500000 0.709173 -0.497066
0.258819 0.554404 0.790980
0.258819 0.554404 0.790980
0.258819 0.554405 0.790979
-0.866025 0.286981 0.409442
-0.866025 0.286981 0.409442
-0.866025 0.286981 0.409442
-0.258819 0.554404 0.790980
-0.258819 0.554404 0.790980
-0.258820 0.554404 0.790980
-0.000000 0.573960 0.818883
0.000000 0.573960 0.818883
-0.000001 0.573960 0.818883
-0.866025 0.409442 -0.286981
-0.866025 0.409442 -0.286981
-0.866025 0.409441 -0.286982
0.000000 0.818883 -0.573960
-0.000000 0.818883 -0.573961
0.000001 0.818884 -0.573960
-0.500000 0.497064 0.709174
-0.499999 0.497064 0.709174
-0.500000 0.497064 0.709174
-0.258819 0.554404 0.790980
-0.258819 0.554403 0.790980
-0.258819 0.554404 0.790980
1.000000 0.000000 0.000000
1.000000 0.000000 0.000000
1.000000 0.000000 0.000000
-0.866026 0.409440 -0.286980
-0.866026 0.409441 -0.286979
-0.866026 0.409440 -0.286980
0.707107 0.405852 0.579038
0.707107 0.405852 0.579038
0.707107 0.405851 0.579038
0.965926 0.148552 0.211942
0.965926 0.148552 0.211943
0.965926 0.148551 0.211941
-0.965926 0.148552 0.211943
-0.965926 0.148552 0.211943
-0.965926 0.148552 0.211943
-0.965926 0.148552 0.211942
-0.965926 0.148552 0.211942
-0.965926 0.148552 0.211943
-0.707107 0.405851 0.579038
-0.707108 0.405850 0.579037
-0.707106 0.405851 0.579038
-0.000000 0.573960 0.818883
0.000000 0.573960 0.818883
-0.000001 0.573960 0.818883
1.000000 0.000000 0.000000
1.000000 0.000000 0.000000
1.000000 0.000000 0.000000
-0.000000 0.818883 -0.573960
-0.000001 0.818883 -0.573960
0.000001 0.818883 -0.573960
-0.000000 0.818883 -0.573960
-0.000001 0.818883 -0.573960
0.000000 0.818883 -0.573960
0.866025 0.286980 0.409442
0.866025 0.286981 0.409441
0.866025 0.286980 0.409443
-0.500000 0.709173 -0.497066
-0.500000 0.709173 -0.497066
-0.499999 0.709173 -0.497065
1.000000 0.000000 0.000000
1.000000 0.000000 0.000000
1.000000 0.000000 0.000000
-0.500000 0.709173 -0.497065
-0.500000 0.709173 -0.497065
-0.500000 0.709173 -0.497065
0.000001 0.818882 -0.573961
0.000001 0.818882 -0.573961
0.000001 0.818882 -0.573961
0.866025 0.286981 0.409442
0.866025 0.286981 0.409442
0.866025 0.286980 0.409442
-0.258819 0.554404 0.790980
-0.258819 0.554404 0.790980
-0.258820 0.554404 0.790980
0.000001 0.573960 0.818883
0.000002 0.573961 0.818883
0.000001 0.573960 0.818883
1.000000 0.000000 0.000000
1.000000 0.000000 0.000000
1.000000 0.000000 0.000000
-0.866026 -0.409440 0.286981
-0.866026 -0.409440 0.286980
-0.866026 -0.409440 0.286981
0.258820 0.554404 0.790979
0.258820 0.554404 0.790979
0.258820 0.554404 0.790979
-0.965926 0.148551 0.211941
-0.965926 0.148551 0.211941
-0.965926 0.148552 0.211941
0.258820 0.554402 0.790981
0.258820 0.554403 0.790980
0.258820 0.554402 0.790981
-0.500000 -0.709173 0.497066
-0.500001 -0.709172 0.497065
-0.499999 -0.709173 0.497066
0.499998 0.497064 0.709175
0.499998 0.497064 0.709175
0.499999 0.497065 0.709174
0.965926 0.148552 0.211943
0.965926 0.148552 0.211943
0.965926 0.148552 0.211943
0.866025 0.286981 0.409442
0.866025 0.286981 0.409441
0.866025 0.286981 0.409442
-0.258819 0.554403 0.790980
-0.258819 0.554404 0.790980
-0.258819 0.554403 0.790981
0.258819 0.554403 0.790980
0.258819 0.554403 0.790980
0.258820 0.554403 0.790980
0.965926 0.148552 0.211942
0.965926 0.148552 0.211943
0.965926 0.148551 0.211941
-0.500000 -0.709173 0.497065
-0.499999 -0.709173 0.497065
-0.500000 -0.709173 0.497065
-0.965926 0.148551 0.211942
-0.965926 0.148552 0.211943
-0.965926 0.148551 0.211941
-0.707107 0.405852 0.579038
-0.707107 0.405851 0.579037
-0.707106 0.405852 0.579038
-0.965926 0.148552 0.211943
-0.965926 0.148553 0.211943
-0.965926 0.148551 0.211943
-0.500000 0.497065 0.709173
-0.500000 0.497065 0.709173
-0.500000 0.497065 0.709173
-0.500000 -0.709173 0.497066
-0.500000 -0.709173 0.497066
-0.499999 -0.709173 0.497065
0.484112 0.869284 -0.099905
0.542896 0.837806 -0.057837
0.378779 0.909917 -0.169049
0.148566 0.981072 0.124204
0.175190 0.983673 0.041171
0.207408 0.976035 -0.065860
0.460707 0.452165 0.763738
0.447283 0.474622 0.758071
0.478843 0.420368 0.770714
-0.709765 0.093959 0.698144
-0.709765 0.093959 0.698144
-0.709764 0.093960 0.698145
0.801014 0.596498 -0.050652
0.801014 0.596499 -0.050652
0.801014 0.596498 -0.050652
-0.853274 -0.184363 0.487785
-0.543554 -0.759120 -0.358171
0.000003 -0.861740 0.507350
-0.522047 -0.078291 -0.849316
-0.872329 0.488719 -0.014020
-0.056452 0.850960 -0.522188
0.954476 0.000000 -0.298289
0.954476 -0.000000 -0.298289
0.954476 0.000000 -0.298289
-0.723309 0.263578 -0.638241
-0.723309 0.263578 -0.638240
-0.723309 0.263577 -0.638241
-0.398615 0.824941 0.400723
-0.398615 0.824940 0.400724
-0.398615 0.824941 0.400723
0.954475 0.000001 -0.298290
0.954475 0.000001 -0.298290
0.954475 0.000001 -0.298290
-0.284138 0.304353 -0.909194
-0.284139 0.304353 -0.909194
-0.284138 0.304353 -0.909194
-0.781207 0.476279 0.403575
-0.781208 0.476279 0.403575
-0.781207 0.476279 0.403575
-0.968669 0.152177 -0.196271
-0.968669 0.152177 -0.196271
-0.968669 0.152177 -0.196271
-0.398615 0.824940 0.400725
-0.398614 0.824940 0.400725
-0.398615 0.824940 0.400724
0.739111 0.673562 -0.005510
0.739110 0.673562 -0.005509
0.739111 0.673561 -0.005510
-0.898456 0.246540 0.363311
-0.898456 0.246540 0.363311
-0.898456 0.246540 0.363311
0.334729 0.920101 0.203398
0.334729 0.920101 0.203398
0.334728 0.920101 0.203399
-0.781208 0.476279 0.403575
-0.781208 0.476279 0.403575
-0.781207 0.476279 0.403575
-0.231166 -0.263577 0.936530
-0.231166 -0.263577 0.936530
-0.231166 -0.263577 0.936530
0.945450 0.246540 -0.212939
0.945450 0.246540 -0.212939
0.945449 0.246540 -0.212939
-0.610722 0.673561 0.416335
-0.610721 0.673561 0.416335
-0.610722 0.673560 0.416335
-0.968669 0.152177 -0.196271
-0.968669 0.152177 -0.196271
-0.968669 0.152177 -0.196271
0.739111 0.673561 -0.005511
0.739111 0.673561 -0.005511
0.739111 0.673561 -0.005511
-0.684531 -0.152176 0.712923
-0.684531 -0.152176 0.712923
-0.684531 -0.152176 0.712923
0.945449 0.246540 -0.212940
0.945449 0.246540 -0.212941
0.945450 0.246540 -0.212940
-0.398616 0.824939 0.400725
-0.398616 0.824939 0.400725
-0.398616 0.824939 0.400725
0.555860 0.824941 0.102433
0.555861 0.824940 0.102434
0.555859 0.824941 0.102432
-0.723309 0.263577 -0.638241
-0.723309 0.263577 -0.638241
-0.723309 0.263577 -0.638241
0.739111 0.673562 -0.005510
0.739110 0.673562 -0.005510
0.739110 0.673562 -0.005510
0.871992 0.476280 -0.113077
0.871992 0.476280 -0.113077
0.871992 0.476280 -0.113078
-0.231167 -0.263577 0.936530
-0.231166 -0.263577 0.936530
-0.231167 -0.263577 0.936530
0.871993 0.476280 -0.113077
0.871992 0.476280 -0.113077
0.871993 0.476280 -0.113077
0.945450 0.246540 -0.212939
0.945450 0.246540 -0.212939
0.945450 0.246540 -0.212939
-0.159345 0.920101 0.357802
-0.159345 0.920102 0.357802
-0.159346 0.920101 0.357803
0.954475 0.000001 -0.298290
0.954475 0.000001 -0.298290
0.954475 -0.000000 -0.298290
-0.723309 0.263578 -0.638241
-0.723309 0.263578 -0.638241
-0.723309 0.263577 -0.638241
-0.159343 0.920102 0.357802
-0.159343 0.920102 0.357802
-0.159343 0.920102 0.357802
0.334728 0.920102 0.203397
0.334728 0.920102 0.203397
0.334728 0.920102 0.203397
0.334730 0.920101 0.203397
0.334728 0.920101 0.203397
0.334731 0.920100 0.203398
-0.898456 0.246540 0.363312
-0.898456 0.246540 0.363312
-0.898455 0.246540 0.363312
-0.898455 0.246540 0.363312
-0.898455 0.246540 0.363312
-0.898455 0.246541 0.363312
-0.968669 0.152178 -0.196271
-0.968669 0.152178 -0.196271
-0.968669 0.152177 -0.196270
-0.284139 0.304353 -0.909194
-0.284139 0.304353 -0.909194
-0.284138 0.304353 -0.909195
-0.231167 -0.263578 0.936530
-0.231167 -0.263578 0.936530
-0.231167 -0.263578 0.936530
-0.684531 -0.152176 0.712923
-0.684531 -0.152176 0.712923
-0.684531 -0.152177 0.712923
-0.684531 -0.152177 0.712924
-0.684531 -0.152177 0.712924
-0.684531 -0.152176 0.712924
-0.723309 0.263577 -0.638241
-0.723309 0.263577 -0.638241
-0.723309 0.263577 -0.638241
0.739111 0.673561 -0.005511
0.739111 0.673561 -0.005512
0.739111 0.673561 -0.005510
0.945450 0.246540 -0.212939
0.945450 0.246540 -0.212940
0.945450 0.246540 -0.212938
0.090785 0.952559 0.290499
0.090785 0.952559 0.290500
0.090785 0.952559 0.290498
-0.684531 -0.152176 0.712924
-0.684531 -0.152177 0.712924
-0.684531 -0.152176 0.712924
-0.159345 0.920102 0.357801
-0.159345 0.920102 0.357800
-0.159345 0.920102 0.357801
-0.968669 0.152177 -0.196271
-0.968669 0.152177 -0.196271
-0.968669 0.152177 -0.196271
-0.231166 -0.263578 0.936530
-0.231166 -0.263578 0.936530
-0.231167 -0.263578 0.936530
0.945450 0.246540 -0.212939
0.945450 0.246540 -0.212939
0.945450 0.246540 -0.212939
0.090785 0.952559 0.290497
0.090785 0.952560 0.290497
0.090785 0.952559 0.290498
-0.968669 0.152176 -0.196271
-0.968669 0.152176 -0.196271
-0.968669 0.152176 -0.196271
-0.398617 0.824940 0.400723
-0.398617 0.824940 0.400723
-0.398616 0.824940 0.400723
0.954475 -0.000000 -0.298289
0.954476 -0.000000 -0.298289
0.954475 -0.000000 -0.298290
-0.159345 0.920102 0.357801
-0.159345 0.920102 0.357800
-0.159345 0.920102 0.357802
0.739112 0.673561 -0.005509
0.739112 0.673561 -0.005509
0.739112 0.673560 -0.005509
-0.898456 0.246541 0.363312
-0.898456 0.246541 0.363311
-0.898455 0.246541 0.363312
-0.781207 0.476280 0.403576
-0.781207 0.476280 0.403576
-0.781207 0.476280 0.403576
-0.781207 0.476279 0.403576
-0.781207 0.476279 0.403576
-0.781207 0.476279 0.403576
0.954475 0.000000 -0.298290
0.954476 -0.000000 -0.298289
0.954475 0.000000 -0.298290
0.334728 0.920101 0.203398
0.334729 0.920101 0.203398
0.334728 0.920101 0.203399
0.945450 0.246540 -0.212938
0.945450 0.246540 -0.212938
0.945450 0.246540 -0.212938
-0.898455 0.246542 0.363312
-0.898455 0.246541 0.363312
-0.898455 0.246542 0.363312
0.871993 0.476279 -0.113077
0.871993 0.476279 -0.113078
0.871993 0.476280 -0.113077
-0.231166 -0.263578 0.936530
-0.231166 -0.263578 0.936530
-0.231166 -0.263577 0.936530
-0.398616 0.824939 0.400724
-0.398616 0.824940 0.400724
-0.398617 0.824939 0.400724
-0.723309 0.263578 -0.638241
-0.723309 0.263578 -0.638241
-0.723309 0.263578 -0.638240
0.555859 0.824941 0.102434
0.555860 0.824941 0.102434
0.555859 0.824941 0.102434
-0.610722 0.673561 0.416336
-0.610721 0.673561 0.416335
-0.610722 0.673560 0.416336
-0.684531 -0.152176 0.712923
-0.684531 -0.152177 0.712923
-0.684531 -0.152176 0.712923
-0.284139 0.304353 -0.909194
-0.284139 0.304353 -0.909194
-0.284138 0.304353 -0.909195
-0.284138 0.304353 -0.909194
-0.284139 0.304353 -0.909195
-0.284138 0.304353 -0.909195
0.871992 0.476281 -0.113078
0.871992 0.476281 -0.113078
0.871992 0.476281 -0.113078
-0.898456 0.246540 0.363311
-0.898456 0.246540 0.363311
-0.898456 0.246540 0.363311
0.334729 0.920102 0.203395
0.334729 0.920102 0.203395
0.334729 0.920102 0.203394
0.090787 0.952559 0.290498
0.090788 0.952559 0.290498
0.090786 0.952559 0.290498
-0.284139 0.304353 -0.909194
-0.284139 0.304353 -0.909194
-0.284138 0.304353 -0.909195
0.090785 0.952559 0.290499
0.090785 0.952559 0.290499
0.090786 0.952559 0.290499
0.555860 0.824941 0.102434
0.555861 0.824940 0.102434
0.555859 0.824941 0.102435
-0.781208 0.476279 0.403575
-0.781208 0.476279 0.403575
-0.781208 0.476279 0.403576
0.954476 -0.000001 -0.298289
0.954476 -0.000001 -0.298289
0.954476 -0.000001 -0.298289
0.539419 0.822233 0.181551
0.521206 0.836676 0.168276
0.564125 0.801148 0.199812
-0.627295 0.336799 0.702188
-0.307634 -0.576770 0.756768
0.741805 0.226952 0.631044
-0.925284 -0.352838 -0.139119
-0.701919 0.608203 -0.370672
-0.293202 -0.183923 -0.938193
-0.528660 0.497408 0.687825
-0.528660 0.497408 0.687825
-0.528660 0.497409 0.687825
0.028165 -0.741924 0.669893
0.028073 -0.821373 0.569701
0.180343 -0.983234 -0.026967
-0.169258 0.324008 0.930790
-0.210648 0.417931 0.883720
-0.122349 0.218419 0.968155
0.642091 0.588955 0.490765
0.552329 0.587450 0.591468
0.803779 0.551038 0.224268
0.876687 -0.025369 -0.480393
0.536232 0.841555 -0.065127
0.841665 0.033386 0.538967
-0.840296 -0.488776 -0.234523
0.449168 -0.891096 0.064780
-0.045559 -0.516095 0.855319
0.000937 0.821350 0.570424
-0.066705 0.867615 0.492742
0.073648 0.759923 0.645827
-0.258819 0.554404 0.790980
-0.258819 0.554403 0.790980
-0.258820 0.554403 0.790980
-0.178107 0.817724 -0.547363
-0.188323 0.809471 -0.556140
-0.193590 0.805122 -0.560626
-0.599751 0.525169 0.603735
-0.569846 0.529335 0.628553
-0.465850 0.537301 0.703058
0.500002 0.700640 -0.509020
0.500002 0.700640 -0.509020
0.500002 0.700640 -0.509021
0.654301 0.693979 -0.300474
-0.078213 0.981334 -0.175687
-0.563468 0.317575 0.762660
-0.887190 0.309574 -0.342137
-0.078213 0.981334 -0.175687
0.000000 -0.000001 -1.000000
-0.149987 0.822333 0.548884
-0.337588 0.769283 0.542437
-0.074506 0.834661 0.545701
-0.159346 0.920102 0.357801
-0.159346 0.920102 0.357801
-0.159346 0.920102 0.357801
-0.523933 0.783485 0.334133
-0.490249 0.801825 0.341661
-0.374738 0.853266 0.362641
-0.025744 -0.723890 0.689435
0.030860 -0.682070 0.730635
-0.263621 -0.846369 0.462778
-0.946063 0.239488 0.218199
-0.012615 0.997153 -0.074338
-0.008798 0.323448 -0.946205
-0.012615 0.997153 -0.074338
-0.946063 0.239488 0.218199
0.593391 0.487839 0.640235
-0.682869 0.699258 0.211489
-0.688691 0.653157 0.314786
-0.609691 0.783327 -0.121145
0.236612 -0.227508 -0.944592
-0.121828 0.490131 -0.863093
0.876687 -0.025369 -0.480393
-0.840296 -0.488776 -0.234523
-0.121828 0.490131 -0.863093
-0.180310 -0.705732 -0.685151
0.789592 0.203976 -0.578739
0.789592 0.203976 -0.578739
0.789592 0.203976 -0.578738
0.434081 0.635236 0.638788
0.381042 0.720624 0.579230
0.327071 0.791184 0.516771
0.654301 0.693979 -0.300474
0.000000 -0.000001 -1.000000
-0.078213 0.981334 -0.175687
0.654301 0.693979 -0.300474
0.589392 -0.285086 0.755872
0.887191 -0.309575 -0.342135
0.491872 0.842973 -0.217850
0.535430 0.830547 -0.153320
0.411960 0.852030 -0.323008
0.258820 0.554404 0.790980
0.258820 0.554404 0.790980
0.258820 0.554403 0.790980
0.451283 0.892311 -0.011209
0.371099 0.924224 -0.089973
0.292013 0.942578 -0.162095
-0.712345 0.089648 0.696080
-0.759210 0.076774 0.646301
-0.863353 0.041720 0.502873
0.104753 0.711850 -0.694476
0.154934 0.655904 -0.738773
0.217612 0.576777 -0.787383
0.715901 -0.251487 0.651336
0.717558 -0.251963 0.649327
0.723989 -0.240867 0.646393
0.376013 -0.335964 0.863564
0.376354 -0.338355 0.862481
0.388289 -0.338875 0.856969
0.285317 0.817676 0.500001
0.285317 0.817677 0.499999
0.284368 0.816564 0.502353
-0.285319 -0.817677 0.499996
-0.286009 -0.816613 0.501341
-0.283969 -0.816361 0.502908
-0.454662 0.163153 0.875594
-0.472563 0.182708 0.862150
-0.510391 0.191811 0.838278
0.779657 0.506620 -0.368063
0.779657 0.506620 -0.368063
0.779657 0.506620 -0.368063
0.334728 0.920101 0.203397
0.334728 0.920101 0.203397
0.334728 0.920102 0.203397
0.037819 0.485950 0.873168
0.045171 0.480010 0.876099
0.038375 0.478774 0.877099
0.162307 0.459601 0.873168
0.163419 0.461074 0.872184
0.152943 0.468479 0.870136
-0.042972 -0.486904 0.872398
-0.065691 -0.497474 0.864988
-0.044469 -0.491572 0.869701
0.866026 0.404513 -0.293884
0.866026 0.404513 -0.293884
0.866026 0.404513 -0.293884
1.000000 0.000000 0.000000
1.000000 0.000000 0.000000
1.000000 0.000000 0.000000
0.000001 0.809031 -0.587767
0.000001 0.809031 -0.587767
0.000001 0.809030 -0.587767
-0.866025 0.293884 0.404516
-0.866025 0.293884 0.404516
-0.866025 0.293884 0.404516
0.866025 0.404516 -0.293885
0.866025 0.404515 -0.293884
0.866025 0.404516 -0.293885
-0.499999 0.509021 0.700641
-0.499999 0.509021 0.700641
-0.499999 0.509021 0.700641
-0.866025 -0.293884 -0.404516
-0.866025 -0.293884 -0.404516
-0.866025 -0.293884 -0.404516
-0.499999 -0.509021 -0.700641
-0.499999 -0.509021 -0.700641
-0.499999 -0.509021 -0.700641
0.866025 0.404516 -0.293883
0.866025 0.404516 -0.293882
0.866026 0.404515 -0.293883
-0.500002 0.700640 -0.509020
-0.500002 0.700640 -0.509020
-0.500002 0.700640 -0.509020
0.000001 -0.587766 -0.809031
0.000001 -0.587766 -0.809031
0.000002 -0.587766 -0.809031
-0.500000 0.700641 -0.509021
-0.500000 0.700641 -0.509021
-0.500001 0.700640 -0.509021
0.965926 0.209393 -0.152125
0.965926 0.209392 -0.152125
0.965926 0.209395 -0.152124
0.500001 0.700640 -0.509021
0.500001 0.700640 -0.509021
0.500001 0.700640 -0.509020
-0.707106 0.572072 -0.415614
-0.707107 0.572071 -0.415614
-0.707105 0.572072 -0.415615
-0.866026 -0.293883 -0.404514
-0.866026 -0.293883 -0.404514
-0.866026 -0.293884 -0.404514
-0.866025 0.404516 -0.293884
-0.866025 0.404516 -0.293884
-0.866025 0.404516 -0.293883
-0.500000 -0.509020 -0.700641
-0.500000 -0.509020 -0.700642
-0.500001 -0.509020 -0.700641
-0.500001 -0.509020 -0.700641
-0.500002 -0.509019 -0.700641
-0.500001 -0.509021 -0.700640
-0.000001 -0.587767 -0.809030
-0.000001 -0.587767 -0.809030
-0.000001 -0.587767 -0.809031
-0.866026 0.404514 -0.293883
-0.866027 0.404513 -0.293882
-0.866025 0.404515 -0.293884
-0.866026 0.404515 -0.293882
-0.866026 0.404515 -0.293882
-0.866026 0.404515 -0.293882
-0.258821 0.781462 -0.567740
-0.258821 0.781462 -0.567740
-0.258822 0.781462 -0.567740
0.000001 0.809031 -0.587767
0.000001 0.809031 -0.587766
0.000001 0.809030 -0.587767
0.707106 0.572071 -0.415615
0.707106 0.572071 -0.415614
0.707106 0.572071 -0.415615
0.258817 0.781463 -0.567740
0.258817 0.781463 -0.567740
0.258817 0.781463 -0.567741
0.965926 0.209393 -0.152123
0.965926 0.209393 -0.152123
0.965926 0.209394 -0.152124
0.258818 0.781463 -0.567741
0.258817 0.781463 -0.567741
0.258818 0.781463 -0.567741
-0.866025 0.293883 0.404517
-0.866025 0.293883 0.404517
-0.866025 0.293883 0.404516
0.258819 0.781463 -0.567740
0.258819 0.781462 -0.567740
0.258819 0.781463 -0.567739
0.707108 0.572070 -0.415614
0.707107 0.572069 -0.415615
0.707108 0.572070 -0.415612
0.965926 0.209392 -0.152125
0.965926 0.209392 -0.152125
0.965926 0.209392 -0.152126
0.965926 0.209392 -0.152125
0.965926 0.209392 -0.152125
0.965926 0.209392 -0.152125
-0.500000 0.509020 0.700642
-0.500001 0.509020 0.700641
-0.499999 0.509020 0.700642
-0.499999 0.509021 0.700641
-0.500000 0.509021 0.700642
-0.499999 0.509022 0.700641
0.707106 0.572071 -0.415615
0.707106 0.572071 -0.415615
0.707106 0.572071 -0.415615
-0.965926 0.209392 -0.152126
-0.965926 0.209392 -0.152127
-0.965926 0.209393 -0.152124
-0.258818 0.781464 -0.567738
-0.258818 0.781464 -0.567739
-0.258819 0.781464 -0.567738
1.000000 0.000000 0.000000
1.000000 0.000000 0.000000
1.000000 0.000000 0.000000
-0.866024 0.293883 0.404517
-0.866024 0.293884 0.404517
-0.866025 0.293883 0.404516
-0.866025 0.404516 -0.293884
-0.866025 0.404516 -0.293884
-0.866025 0.404516 -0.293883
-0.000000 -0.587767 -0.809030
0.000000 -0.587767 -0.809030
-0.000000 -0.587767 -0.809030
-0.000000 0.809030 -0.587767
-0.000000 0.809030 -0.587767
-0.000001 0.809030 -0.587767
-0.866025 0.293884 0.404515
-0.866025 0.293885 0.404515
-0.866026 0.293882 0.404515
0.258820 0.781463 -0.567739
0.258820 0.781463 -0.567739
0.258820 0.781463 -0.567739
-0.965926 0.209393 -0.152126
-0.965926 0.209393 -0.152127
-0.965926 0.209393 -0.152125
-0.866026 -0.293883 -0.404514
-0.866026 -0.293883 -0.404513
-0.866026 -0.293884 -0.404514
-0.866025 -0.293884 -0.404515
-0.866025 -0.293885 -0.404515
-0.866026 -0.293882 -0.404515
0.866026 0.404514 -0.293883
0.866026 0.404514 -0.293882
0.866026 0.404515 -0.293883
-0.866026 0.404514 -0.293883
-0.866026 0.404513 -0.293883
-0.866026 0.404514 -0.293883
0.258819 0.781464 -0.567739
0.258819 0.781464 -0.567739
0.258819 0.781464 -0.567738
-0.965926 0.209392 -0.152125
-0.965926 0.209392 -0.152125
-0.965926 0.209393 -0.152125
-0.258821 0.781463 -0.567739
-0.258820 0.781463 -0.567740
-0.258821 0.781463 -0.567739
0.965926 0.209393 -0.152126
0.965925 0.209394 -0.152126
0.965926 0.209392 -0.152125
-0.500000 0.509020 0.700642
-0.500000 0.509020 0.700642
-0.500000 0.509020 0.700642
0.500000 0.700641 -0.509020
0.500000 0.700642 -0.509020
0.500001 0.700641 -0.509020
-0.965926 0.209392 -0.152125
-0.965926 0.209392 -0.152125
-0.965926 0.209393 -0.152125
-0.500001 0.700640 -0.509020
-0.500001 0.700640 -0.509020
-0.500001 0.700641 -0.509020
-0.500001 0.700640 -0.509020
-0.500002 0.700641 -0.509019
-0.500001 0.700639 -0.509022
-0.258820 0.781463 -0.567739
-0.258820 0.781463 -0.567739
-0.258820 0.781462 -0.567740
-0.000000 0.809030 -0.587767
-0.000000 0.809030 -0.587767
-0.000001 0.809030 -0.587767
0.000000 -0.587767 -0.809030
0.000000 -0.587767 -0.809030
0.000000 -0.587767 -0.809030
0.707106 0.572071 -0.415615
0.707106 0.572071 -0.415615
0.707105 0.572073 -0.415614
-0.965926 0.209391 -0.152127
-0.965926 0.209391 -0.152127
-0.965926 0.209391 -0.152127
-0.500001 -0.509020 -0.700641
-0.500001 -0.509019 -0.700641
-0.500001 -0.509021 -0.700641
0.965926 0.209393 -0.152125
0.965926 0.209394 -0.152125
0.965926 0.209392 -0.152126
1.000000 0.000000 0.000000
1.000000 0.000000 0.000000
1.000000 0.000000 0.000000
-0.500001 0.509021 0.700640
-0.500000 0.509021 0.700641
-0.500002 0.509020 0.700640
1.000000 0.000000 0.000000
1.000000 0.000000 0.000000
1.000000 0.000000 0.000000
-0.500001 -0.509021 -0.700640
-0.500000 -0.509021 -0.700641
-0.500002 -0.509020 -0.700640
1.000000 0.000000 0.000000
1.000000 0.000000 0.000000
1.000000 0.000000 0.000000
0.707108 0.572071 -0.415613
0.707108 0.572071 -0.415612
0.707107 0.572071 -0.415613
-0.707108 0.572070 -0.415613
-0.707107 0.572071 -0.415614
-0.707108 0.572070 -0.415613
1.000000 0.000000 0.000000
1.000000 0.000000 0.000000
1.000000 0.000000 0.000000
-0.866026 -0.293882 -0.404515
-0.866026 -0.293881 -0.404516
-0.866026 -0.293883 -0.404515
-0.000001 -0.587767 -0.809030
-0.000001 -0.587767 -0.809030
-0.000001 -0.587767 -0.809030
-0.499999 0.700641 -0.509022
-0.499999 0.700641 -0.509022
-0.499999 0.700641 -0.509022
0.500000 0.700642 -0.509020
0.500000 0.700642 -0.509019
0.499999 0.700642 -0.509021
-0.866025 0.293884 0.404515
-0.866025 0.293884 0.404515
-0.866026 0.293883 0.404515
-0.965926 0.209393 -0.152125
-0.965926 0.209393 -0.152126
-0.965926 0.209392 -0.152125
0.000000 0.000000 1.000000
-0.000000 0.000000 1.000000
0.000000 0.000000 1.000000
-0.530834 0.492727 0.689518
-0.585061 0.452346 0.673118
-0.712187 0.337619 0.615470
0.460707 0.755959 -0.465054
0.447283 0.749913 -0.487410
0.478842 0.763473 -0.433380
-0.069991 0.925133 0.373136
-0.083275 0.927324 0.364877
-0.090139 0.928367 0.360568
-0.709764 0.696451 -0.105786
-0.709764 0.696451 -0.105786
-0.709765 0.696450 -0.105786
0.555861 0.824940 0.102432
0.555861 0.824940 0.102431
0.555862 0.824939 0.102433
-0.707107 0.405852 0.579037
-0.707107 0.405852 0.579037
-0.707107 0.405852 0.579038
-0.169255 0.925162 -0.339748
-0.210646 0.876505 -0.432860
-0.122347 0.964312 -0.234807
-0.610720 0.673563 0.416335
-0.610719 0.673563 0.416336
-0.610721 0.673562 0.416335
-0.008798 0.323448 -0.946205
-0.012615 0.997153 -0.074338
0.892314 -0.316613 -0.321764
-0.143169 -0.965482 -0.217593
-0.008798 0.323448 -0.946205
0.892314 -0.316613 -0.321764
0.700538 0.587233 -0.405467
0.700538 0.587233 -0.405467
0.700539 0.587233 -0.405467
-0.258820 0.781465 -0.567737
-0.258820 0.781464 -0.567738
-0.258819 0.781464 -0.567738
0.851285 -0.505445 -0.140850
0.245212 -0.230466 -0.941678
0.769244 0.510952 -0.383655
-0.240386 -0.967062 -0.083695
-0.819314 -0.310208 -0.482177
0.245212 -0.230466 -0.941678
-0.063079 -0.977386 -0.201836
-0.293202 -0.183923 -0.938193
0.739494 -0.295201 -0.604983
-0.307634 -0.576770 0.756768
-0.063079 -0.977386 -0.201836
0.691279 -0.608473 0.389737
-0.599750 0.594742 -0.535334
-0.569846 0.619485 -0.539920
-0.465853 0.693843 -0.549148
0.148564 0.981072 0.124205
0.175189 0.983674 0.041173
0.207406 0.976036 -0.065857
0.801014 0.596499 -0.050652
0.801014 0.596499 -0.050652
0.801015 0.596498 -0.050651
-0.781208 0.476279 0.403575
-0.781208 0.476279 0.403575
-0.781207 0.476281 0.403575
-0.723308 0.263578 -0.638241
-0.723309 0.263578 -0.638241
-0.723308 0.263578 -0.638242
-0.898456 0.246542 0.363311
-0.898456 0.246543 0.363310
-0.898455 0.246541 0.363312
-0.231166 -0.263577 0.936530
-0.231166 -0.263578 0.936530
-0.231166 -0.263577 0.936531
0.090787 0.952559 0.290499
0.090787 0.952559 0.290498
0.090787 0.952559 0.290499
-0.284139 0.304353 -0.909194
-0.284139 0.304353 -0.909194
-0.284139 0.304352 -0.909194
0.555859 0.824941 0.102435
0.555860 0.824941 0.102435
0.555858 0.824942 0.102434
-0.610721 0.673562 0.416333
-0.610722 0.673561 0.416333
-0.610720 0.673563 0.416333
0.945450 0.246540 -0.212938
0.945450 0.246539 -0.212938
0.945449 0.246542 -0.212939
0.555861 0.824940 0.102434
0.555861 0.824940 0.102434
0.555861 0.824940 0.102435
-0.898455 0.246541 0.363312
-0.898455 0.246540 0.363313
-0.898455 0.246541 0.363312
-0.723308 0.263577 -0.638241
-0.723308 0.263577 -0.638241
-0.723308 0.263577 -0.638241
-0.159344 0.920102 0.357802
-0.159344 0.920102 0.357802
-0.159344 0.920101 0.357803
-0.781207 0.476280 0.403576
-0.781206 0.476280 0.403577
-0.781207 0.476280 0.403575
0.954476 -0.000001 -0.298289
0.954476 -0.000000 -0.298289
0.954475 -0.000002 -0.298289
-0.723308 0.263578 -0.638241
-0.723309 0.263578 -0.638241
-0.723308 0.263578 -0.638242
0.334728 0.920102 0.203398
0.334729 0.920101 0.203399
0.334726 0.920102 0.203396
0.871992 0.476281 -0.113078
0.871992 0.476281 -0.113078
0.871992 0.476281 -0.113079
-0.898456 0.246539 0.363312
-0.898456 0.246540 0.363312
-0.898456 0.246538 0.363311
-0.398616 0.824940 0.400724
-0.398616 0.824940 0.400724
-0.398616 0.824940 0.400723
-0.231166 -0.263578 0.936530
-0.231166 -0.263578 0.936530
-0.231166 -0.263577 0.936530
-0.898456 0.246539 0.363311
-0.898457 0.246537 0.363311
-0.898455 0.246541 0.363312
-0.898456 0.246541 0.363311
-0.898456 0.246541 0.363309
-0.898455 0.246542 0.363313
-0.723308 0.263578 -0.638241
-0.723308 0.263578 -0.638241
-0.723308 0.263578 -0.638241
0.090787 0.952559 0.290498
0.090786 0.952559 0.290498
0.090789 0.952559 0.290497
-0.231166 -0.263577 0.936530
-0.231166 -0.263577 0.936530
-0.231166 -0.263577 0.936530
-0.968670 0.152176 -0.196269
-0.968670 0.152176 -0.196270
-0.968670 0.152176 -0.196269
-0.898456 0.246541 0.363310
-0.898456 0.246542 0.363311
-0.898456 0.246541 0.363309
-0.159344 0.920102 0.357802
-0.159344 0.920102 0.357802
-0.159344 0.920101 0.357803
-0.723308 0.263577 -0.638242
-0.723308 0.263577 -0.638242
-0.723308 0.263578 -0.638241
0.334727 0.920102 0.203397
0.334727 0.920102 0.203397
0.334726 0.920102 0.203398
0.739112 0.673560 -0.005509
0.739112 0.673560 -0.005509
0.739111 0.673561 -0.005508
-0.231167 -0.263577 0.936530
-0.231166 -0.263577 0.936531
-0.231167 -0.263578 0.936530
-0.684530 -0.152177 0.712924
-0.684530 -0.152177 0.712924
-0.684530 -0.152176 0.712924
-0.684530 -0.152177 0.712924
-0.684530 -0.152177 0.712924
-0.684530 -0.152177 0.712924
-0.284139 0.304354 -0.909194
-0.284139 0.304354 -0.909194
-0.284140 0.304354 -0.909194
0.945449 0.246542 -0.212939
0.945449 0.246542 -0.212938
0.945449 0.246541 -0.212939
0.739110 0.673562 -0.005509
0.739111 0.673562 -0.005509
0.739109 0.673563 -0.005509
0.871992 0.476281 -0.113078
0.871992 0.476281 -0.113078
0.871992 0.476281 -0.113079
-0.781207 0.476279 0.403575
-0.781207 0.476280 0.403575
-0.781208 0.476278 0.403575
-0.159343 0.920102 0.357803
-0.159344 0.920101 0.357803
-0.159342 0.920102 0.357803
0.954475 -0.000002 -0.298291
0.954475 -0.000002 -0.298291
0.954475 -0.000002 -0.298291
-0.398617 0.824940 0.400722
-0.398617 0.824940 0.400722
-0.398617 0.824940 0.400722
0.871993 0.476279 -0.113077
0.871993 0.476278 -0.113077
0.871993 0.476279 -0.113077
-0.684531 -0.152178 0.712923
-0.684531 -0.152178 0.712923
-0.684531 -0.152178 0.712923
0.739111 0.673561 -0.005508
0.739111 0.673561 -0.005508
0.739111 0.673561 -0.005508
-0.398614 0.824941 0.400724
-0.398614 0.824941 0.400723
-0.398614 0.824940 0.400725
-0.968670 0.152177 -0.196269
-0.968670 0.152177 -0.196269
-0.968670 0.152177 -0.196269
0.090785 0.952560 0.290497
0.090785 0.952560 0.290496
0.090785 0.952560 0.290497
0.945449 0.246542 -0.212938
0.945449 0.246542 -0.212938
0.945449 0.246542 -0.212939
-0.159345 0.920102 0.357801
-0.159345 0.920102 0.357801
-0.159345 0.920102 0.357801
-0.284138 0.304353 -0.909195
-0.284137 0.304353 -0.909195
-0.284138 0.304353 -0.909195
0.334731 0.920100 0.203397
0.334730 0.920101 0.203396
0.334733 0.920100 0.203398
-0.684530 -0.152176 0.712924
-0.684530 -0.152176 0.712924
-0.684530 -0.152176 0.712924
0.871992 0.476281 -0.113078
0.871992 0.476282 -0.113078
0.871992 0.476280 -0.113079
0.945449 0.246539 -0.212941
0.945449 0.246539 -0.212941
0.945449 0.246539 -0.212941
-0.284138 0.304352 -0.909195
-0.284138 0.304352 -0.909195
-0.284138 0.304352 -0.909195
0.334728 0.920102 0.203396
0.334728 0.920102 0.203396
0.334728 0.920102 0.203396
0.945450 0.246540 -0.212940
0.945450 0.246539 -0.212940
0.945449 0.246541 -0.212939
-0.398615 0.824941 0.400723
-0.398616 0.824940 0.400723
-0.398614 0.824942 0.400722
0.945449 0.246542 -0.212939
0.945449 0.246542 -0.212939
0.945449 0.246542 -0.212939
0.954475 -0.000001 -0.298291
0.954475 -0.000001 -0.298291
0.954475 -0.000001 -0.298292
-0.968669 0.152177 -0.196272
-0.968669 0.152177 -0.196272
-0.968669 0.152176 -0.196273
0.334729 0.920102 0.203395
0.334729 0.920102 0.203395
0.334729 0.920102 0.203395
-0.398616 0.824941 0.400722
-0.398616 0.824941 0.400722
-0.398616 0.824941 0.400722
-0.968670 0.152176 -0.196269
-0.968670 0.152176 -0.196269
-0.968670 0.152176 -0.196269
-0.968669 0.152177 -0.196271
-0.968669 0.152177 -0.196271
-0.968669 0.152177 -0.196271
-0.781208 0.476278 0.403574
-0.781208 0.476279 0.403575
-0.781208 0.476278 0.403575
0.954476 0.000001 -0.298288
0.954476 0.000001 -0.298288
0.954476 0.000001 -0.298288
-0.284138 0.304353 -0.909194
-0.284138 0.304353 -0.909195
-0.284138 0.304354 -0.909194
0.555860 0.824941 0.102435
0.555860 0.824941 0.102435
0.555860 0.824941 0.102435
0.739111 0.673561 -0.005509
0.739111 0.673561 -0.005509
0.739111 0.673561 -0.005508
0.739110 0.673562 -0.005510
0.739110 0.673562 -0.005509
0.739110 0.673562 -0.005512
0.090786 0.952560 0.290496
0.090785 0.952560 0.290496
0.090786 0.952560 0.290496
-0.684532 -0.152176 0.712923
-0.684531 -0.152176 0.712923
-0.684532 -0.152177 0.712923
-0.231166 -0.263577 0.936530
-0.231166 -0.263577 0.936530
-0.231167 -0.263577 0.936530
-0.610720 0.673562 0.416336
-0.610719 0.673562 0.416336
-0.610721 0.673561 0.416336
0.954475 0.000002 -0.298291
0.954475 0.000002 -0.298291
0.954475 0.000002 -0.298290
-0.781207 0.476279 0.403577
-0.781207 0.476279 0.403577
-0.781207 0.476279 0.403577
0.954475 0.000001 -0.298290
0.954475 0.000001 -0.298290
0.954475 0.000001 -0.298290
-0.821672 0.290222 0.490537
-0.817988 0.308028 0.485813
-0.823635 0.286025 0.489709
0.539418 0.822233 0.181551
0.521206 0.836677 0.168276
0.564124 0.801149 0.199812
-0.866025 0.409442 -0.286980
-0.866025 0.409441 -0.286981
-0.866025 0.409441 -0.286982
-0.866026 -0.409440 0.286979
-0.866026 -0.409440 0.286980
-0.866026 -0.409440 0.286980
-0.499999 0.497065 0.709173
-0.499999 0.497065 0.709173
-0.500000 0.497065 0.709174
-0.500000 -0.709172 0.497066
-0.500000 -0.709172 0.497066
-0.500000 -0.709172 0.497066
-0.500000 0.709172 -0.497066
-0.500000 0.709172 -0.497066
-0.500000 0.709172 -0.497066
0.000000 0.818882 -0.573961
-0.000000 0.818883 -0.573961
-0.000001 0.818883 -0.573960
-0.528659 0.497408 0.687826
-0.528659 0.497408 0.687826
-0.528660 0.497408 0.687826
-0.179007 0.059515 0.982046
-0.371698 -0.213257 0.903527
-0.278458 -0.124469 0.952349
0.434081 0.627922 -0.645978
0.381043 0.566925 -0.730344
0.327071 0.503279 -0.799834
0.022334 -0.711276 0.702558
0.755090 0.179708 0.630511
-0.401989 0.073170 0.912716
-0.212189 0.716995 -0.663999
0.166222 0.924554 0.342884
0.769244 0.510952 -0.383655
0.841665 0.033386 0.538967
0.536232 0.841555 -0.065127
0.000004 0.649951 0.759976
-0.853272 0.015742 0.521228
0.000004 0.649951 0.759976
-0.589201 0.798509 -0.123391
-0.723309 0.263577 -0.638241
-0.723309 0.263577 -0.638241
-0.723309 0.263578 -0.638241
-0.284138 0.304353 -0.909195
-0.284138 0.304353 -0.909195
-0.284139 0.304353 -0.909194
-0.968669 0.152176 -0.196272
-0.968669 0.152177 -0.196271
-0.968669 0.152177 -0.196271
-0.684531 -0.152177 0.712924
-0.684530 -0.152176 0.712924
-0.684530 -0.152176 0.712924
-0.398614 0.824941 0.400723
-0.398614 0.824941 0.400724
-0.398614 0.824940 0.400725
-0.231166 -0.263577 0.936531
-0.231166 -0.263577 0.936530
-0.231166 -0.263577 0.936531
-0.178104 0.983286 0.037799
-0.188320 0.981768 0.025847
-0.193586 0.980886 0.019661
0.258818 0.781464 -0.567739
0.258818 0.781465 -0.567738
0.258818 0.781463 -0.567740
-0.111789 0.728368 0.676005
-0.111789 0.728368 0.676005
-0.111789 0.728368 0.676005
-0.712344 0.694461 -0.101439
-0.759209 0.644908 -0.087723
-0.863353 0.502093 -0.050241
0.499997 0.866027 -0.000003
0.499997 0.866027 -0.000003
0.499997 0.866027 -0.000003
-0.212189 0.716995 -0.663999
0.245212 -0.230466 -0.941678
-0.819314 -0.310208 -0.482177
-0.907173 0.368433 0.203212
-0.819314 -0.310208 -0.482177
-0.401989 0.073170 0.912716
0.166026 -0.949356 -0.266756
-0.440276 -0.490423 0.752092
-0.702555 -0.620616 -0.348213
-0.702555 -0.620616 -0.348213
-0.440276 -0.490423 0.752092
-0.563468 0.317575 0.762660
-0.159344 0.920102 0.357801
-0.159344 0.920102 0.357801
-0.159344 0.920102 0.357802
-0.523935 0.783482 0.334137
-0.490252 0.801822 0.341664
-0.374739 0.853264 0.362645
0.789591 0.505187 -0.348327
0.789591 0.505187 -0.348328
0.789592 0.505187 -0.348326
-0.707106 0.572070 -0.415615
-0.707106 0.572070 -0.415615
-0.707107 0.572070 -0.415616
0.104751 0.984098 -0.143451
0.154931 0.964873 -0.212170
0.217608 0.929430 -0.298003
0.272372 0.846919 0.456664
-0.627295 0.336799 0.702188
0.741805 0.226952 0.631044
0.272372 0.846919 0.456664
0.741805 0.226952 0.631044
0.447104 0.595263 -0.667653
0.451282 0.892311 -0.011211
0.371100 0.924224 -0.089974
0.292015 0.942578 -0.162095
0.779657 0.626207 0.000000
0.779657 0.626207 0.000000
0.779657 0.626207 0.000000
-0.866026 0.500000 0.000000
-0.866026 0.500000 0.000000
-0.866026 0.500000 0.000000
0.965925 0.258822 -0.000001
0.965925 0.258821 -0.000000
0.965925 0.258822 -0.000001
-0.866025 0.500001 -0.000001
-0.866024 0.500003 -0.000001
-0.866026 0.500000 -0.000001
0.707107 0.707107 0.000000
0.707107 0.707107 0.000000
0.707107 0.707107 0.000000
0.258821 0.965925 0.000000
0.258821 0.965925 0.000000
0.258821 0.965925 0.000000
-0.258820 0.965926 0.000000
-0.258820 0.965926 0.000001
-0.258819 0.965926 -0.000001
-0.258818 0.965926 -0.000001
-0.258819 0.965926 -0.000001
-0.258816 0.965927 -0.000001
0.258820 0.965926 -0.000001
0.258819 0.965926 0.000001
0.258821 0.965925 -0.000003
-0.866026 0.000001 -0.500000
-0.866026 0.000001 -0.500000
-0.866025 0.000000 -0.500000
0.000000 -0.000000 -1.000000
0.000000 -0.000000 -1.000000
0.000000 0.000000 -1.000000
-0.500000 0.000000 0.866026
-0.500000 0.000000 0.866026
-0.500000 0.000000 0.866026
-0.866026 -0.000001 0.500000
-0.866026 -0.000001 0.500000
-0.866025 -0.000000 0.500000
-0.866026 0.499998 -0.000001
-0.866027 0.499997 -0.000001
-0.866026 0.500000 -0.000001
0.866025 0.500001 -0.000001
0.866024 0.500002 -0.000000
0.866026 0.499999 -0.000001
0.000000 1.000000 0.000000
0.000000 1.000000 0.000000
0.000000 1.000000 0.000000
-0.500000 -0.000000 0.866025
-0.500001 -0.000001 0.866025
-0.500000 0.000001 0.866025
-0.866026 -0.000001 0.500000
-0.866026 -0.000001 0.500000
-0.866025 -0.000000 0.500000
0.000000 -0.000000 -1.000000
-0.000000 -0.000000 -1.000000
0.000000 -0.000000 -1.000000
0.965925 0.258821 -0.000001
0.965925 0.258821 -0.000000
0.965925 0.258821 -0.000001
-0.499999 0.866026 -0.000001
-0.499998 0.866026 -0.000001
-0.499999 0.866026 -0.000001
-0.500000 0.866025 0.000000
-0.500000 0.866025 -0.000001
-0.500001 0.866025 0.000001
1.000000 0.000000 0.000000
1.000000 0.000000 0.000000
1.000000 0.000000 0.000000
0.707108 0.707106 -0.000000
0.707109 0.707105 -0.000000
0.707107 0.707107 0.000000
-0.707108 0.707106 -0.000002
-0.707107 0.707107 -0.000002
-0.707108 0.707105 -0.000002
0.258818 0.965926 0.000000
0.258818 0.965926 0.000000
0.258818 0.965926 0.000000
0.258821 0.965925 0.000001
0.258824 0.965924 0.000000
0.258816 0.965927 0.000001
-0.707105 0.707109 0.000002
-0.707104 0.707109 0.000002
-0.707105 0.707108 0.000002
-0.500001 0.000001 -0.866025
-0.500001 0.000000 -0.866025
-0.500001 0.000001 -0.866025
-0.866025 0.000000 0.500000
-0.866025 0.000000 0.500000
-0.866025 0.000000 0.500000
0.499999 0.866026 -0.000001
0.499999 0.866026 -0.000001
0.500000 0.866026 -0.000001
0.707107 0.707107 0.000000
0.707107 0.707107 0.000000
0.707107 0.707107 0.000000
0.965926 0.258820 0.000001
0.965926 0.258819 -0.000001
0.965925 0.258821 0.000003
-0.965926 0.258819 -0.000000
-0.965926 0.258818 0.000002
-0.965926 0.258820 -0.000002
-0.258817 0.965926 0.000001
-0.258817 0.965927 0.000000
-0.258817 0.965926 0.000002
0.000000 1.000000 0.000000
0.000000 1.000000 0.000000
0.000000 1.000000 0.000000
1.000000 0.000000 0.000000
1.000000 0.000000 0.000000
1.000000 0.000000 0.000000
0.707107 0.707107 0.000000
0.707107 0.707107 0.000000
0.707107 0.707107 0.000000
0.866025 0.500000 -0.000001
0.866026 0.499999 -0.000001
0.866025 0.500001 -0.000001
-0.866026 0.500000 0.000000
-0.866026 0.500000 0.000000
-0.866026 0.500000 0.000000
0.000000 1.000000 0.000000
0.000000 1.000000 0.000000
0.000000 1.000000 0.000000
0.000000 1.000000 0.000000
0.000000 1.000000 0.000000
0.000000 1.000000 0.000000
0.965926 0.258818 0.000000
0.965926 0.258818 0.000000
0.965926 0.258818 0.000000
-0.965925 0.258821 0.000000
-0.965925 0.258821 0.000000
-0.965925 0.258821 0.000000
-0.500000 0.866026 0.000000
-0.500000 0.866026 0.000000
-0.500000 0.866026 0.000000
-0.258818 0.965926 -0.000001
-0.258820 0.965926 -0.000001
-0.258816 0.965927 -0.000001
1.000000 0.000000 0.000000
1.000000 0.000000 0.000000
1.000000 0.000000 0.000000
0.500000 0.866026 0.000000
0.500000 0.866026 0.000000
0.500000 0.866026 0.000000
-0.500000 -0.000001 0.866025
-0.500000 -0.000001 0.866025
-0.500000 -0.000001 0.866025
-0.866025 -0.000000 -0.500000
-0.866025 -0.000000 -0.500000
-0.866025 -0.000000 -0.500000
0.258821 0.965925 0.000001
0.258821 0.965925 0.000000
0.258821 0.965925 0.000001
0.965926 0.258818 0.000001
0.965926 0.258817 0.000001
0.965926 0.258818 0.000001
-0.866025 0.000000 0.500001
-0.866024 0.000000 0.500002
-0.866025 0.000000 0.500000
-0.965926 0.258819 -0.000000
-0.965926 0.258819 -0.000002
-0.965926 0.258818 0.000002
-0.965926 0.258818 -0.000001
-0.965926 0.258817 -0.000001
-0.965926 0.258819 -0.000001
1.000000 0.000000 0.000000
1.000000 0.000000 0.000000
1.000000 0.000000 0.000000
0.000000 0.000000 -1.000000
0.000000 0.000000 -1.000000
0.000000 0.000000 -1.000000
0.000000 -0.000000 -1.000000
0.000000 -0.000000 -1.000000
0.000000 0.000000 -1.000000
-0.500000 -0.000001 0.866026
-0.500000 -0.000001 0.866025
-0.500000 -0.000001 0.866026
-0.500000 -0.000000 -0.866026
-0.500000 -0.000000 -0.866026
-0.500000 -0.000000 -0.866026
0.866025 0.500000 -0.000000
0.866025 0.500000 0.000000
0.866025 0.500000 -0.000001
-0.499999 0.866026 -0.000002
-0.500000 0.866025 0.000000
-0.499998 0.866026 -0.000005
-0.499999 -0.000001 -0.866026
-0.499999 -0.000001 -0.866026
-0.499999 -0.000001 -0.866026
-0.866026 0.000001 -0.500000
-0.866026 0.000001 -0.500000
-0.866025 0.000000 -0.500000
-0.500001 0.866025 -0.000003
-0.500001 0.866025 -0.000003
-0.500000 0.866026 -0.000003
0.500000 0.866026 0.000001
0.500000 0.866026 0.000002
0.500000 0.866025 0.000001
-0.866026 -0.000000 -0.499999
-0.866026 -0.000000 -0.499999
-0.866025 -0.000000 -0.500000
-0.500001 -0.000001 -0.866025
-0.500000 -0.000001 -0.866025
-0.500001 -0.000001 -0.866025
0.866023 0.500004 0.000002
0.866023 0.500004 0.000002
0.866023 0.500004 0.000002
-0.965925 0.258822 0.000001
-0.965925 0.258822 0.000001
-0.965925 0.258822 0.000001
1.000000 0.000000 0.000000
1.000000 0.000000 0.000000
1.000000 0.000000 0.000000
0.707107 0.707107 0.000000
0.707107 0.707107 0.000000
0.707107 0.707107 0.000000
-0.965926 0.258818 0.000000
-0.965926 0.258818 0.000000
-0.965926 0.258818 0.000000
0.965926 0.258819 -0.000001
0.965926 0.258820 0.000001
0.965926 0.258818 -0.000003
-0.866026 -0.000000 0.499999
-0.866026 -0.000000 0.499999
-0.866026 0.000000 0.500000
-0.866025 -0.000000 -0.500001
-0.866024 -0.000000 -0.500002
-0.866026 -0.000000 -0.500000
-0.500000 -0.000001 -0.866025
-0.500000 -0.000001 -0.866025
-0.500000 -0.000001 -0.866025
1.000000 0.000000 0.000000
1.000000 0.000000 0.000000
1.000000 0.000000 0.000000
-0.866026 0.499999 -0.000000
-0.866026 0.499999 0.000000
-0.866026 0.499999 -0.000001
-0.499999 -0.000001 0.866026
-0.499999 -0.000001 0.866026
-0.499999 -0.000001 0.866026
-0.000000 0.000000 -1.000000
-0.000000 0.000000 -1.000000
-0.000000 0.000000 -1.000000
0.460707 0.884937 0.068085
0.447284 0.893186 0.046444
0.478842 0.872400 0.098126
0.334728 0.920102 0.203395
0.334728 0.920102 0.203395
0.334728 0.920102 0.203396
-0.709765 0.625627 0.323766
-0.709765 0.625628 0.323766
-0.709764 0.625629 0.323766
-0.530835 0.492726 0.689518
-0.585060 0.452346 0.673118
-0.712187 0.337620 0.615470
0.234662 0.672505 0.701905
0.234662 0.672505 0.701905
0.234662 0.672505 0.701905
-0.234662 -0.672505 0.701905
-0.234662 -0.672505 0.701905
-0.234663 -0.672505 0.701904
-0.717070 0.386926 0.579740
-0.724497 0.372276 0.580099
-0.730289 0.360502 0.580273
-0.308346 0.880043 0.361175
-0.308346 0.880043 0.361175
-0.308346 0.880043 0.361175
0.000001 -0.587767 -0.809030
0.000001 -0.587767 -0.809030
0.000001 -0.587767 -0.809030
-0.500001 -0.509021 -0.700641
-0.500001 -0.509021 -0.700641
-0.500001 -0.509021 -0.700641
-0.866025 -0.293884 -0.404516
-0.866025 -0.293884 -0.404516
-0.866025 -0.293884 -0.404516
-0.500001 0.509021 0.700641
-0.500001 0.509021 0.700641
-0.500001 0.509021 0.700641
-0.866025 0.293884 0.404516
-0.866025 0.293884 0.404516
-0.866025 0.293884 0.404516
-0.500001 0.700642 -0.509019
-0.500000 0.700641 -0.509020
-0.500000 0.700641 -0.509021
-0.853272 0.015742 0.521228
-0.840296 -0.488776 -0.234523
-0.045559 -0.516095 0.855319
-0.840296 -0.488776 -0.234523
-0.853272 0.015742 0.521228
-0.589201 0.798509 -0.123391
-0.616648 0.658923 0.430774
-0.621006 0.647479 0.441727
-0.624367 0.638212 0.450390
-0.258818 0.965926 0.000000
-0.258818 0.965926 0.000000
-0.258818 0.965926 0.000000
-0.610722 0.673562 0.416334
-0.610722 0.673561 0.416334
-0.610720 0.673562 0.416335
0.000003 -0.861740 0.507350
0.853275 -0.184363 0.487783
0.000003 0.160428 0.987048
0.000003 -0.861740 0.507350
0.543554 -0.759119 -0.358173
0.853275 -0.184363 0.487783
-0.056452 0.850960 -0.522188
0.858580 0.511285 -0.037790
0.524802 -0.060204 -0.849092
0.007163 0.864292 0.502939
0.858580 0.511285 -0.037790
-0.056452 0.850960 -0.522188
-0.599751 0.795815 -0.083531
-0.569846 0.818530 -0.072698
-0.465851 0.884112 -0.036458
-0.563468 0.317575 0.762660
-0.078213 0.981334 -0.175687
-0.887190 0.309574 -0.342137
-0.887190 0.309574 -0.342137
-0.702555 -0.620616 -0.348213
-0.563468 0.317575 0.762660
0.789593 0.575194 0.213763
0.789593 0.575194 0.213763
0.789593 0.575194 0.213763
0.434082 0.887692 -0.153545
0.381044 0.887931 -0.257652
0.327072 0.877283 -0.351281
0.700538 0.587234 -0.405467
0.700538 0.587234 -0.405467
0.700537 0.587234 -0.405467
0.258820 0.965926 -0.000000
0.258820 0.965926 -0.000001
0.258819 0.965926 0.000001
-0.398615 0.824942 0.400721
-0.398615 0.824941 0.400721
-0.398615 0.824941 0.400722
-0.284138 0.304353 -0.909195
-0.284138 0.304353 -0.909195
-0.284138 0.304353 -0.909195
-0.231166 -0.263578 0.936530
-0.231166 -0.263579 0.936530
-0.231166 -0.263579 0.936530
-0.684530 -0.152176 0.712924
-0.684530 -0.152175 0.712925
-0.684530 -0.152175 0.712925
-0.723309 0.263577 -0.638241
-0.723309 0.263578 -0.638241
-0.723309 0.263578 -0.638241
-0.968669 0.152176 -0.196271
-0.968669 0.152176 -0.196271
-0.968669 0.152176 -0.196271
-0.712344 0.621463 0.326114
-0.759209 0.573311 0.308086
-0.863352 0.435741 0.254468
0.851285 -0.505445 -0.140850
-0.240386 -0.967062 -0.083695
0.245212 -0.230466 -0.941678
0.022334 -0.711276 0.702558
-0.819314 -0.310208 -0.482177
-0.240386 -0.967062 -0.083695
-0.500000 0.709172 -0.497066
-0.500000 0.709172 -0.497066
-0.500000 0.709172 -0.497066
-0.499999 0.497065 0.709173
-0.499999 0.497066 0.709173
-0.499999 0.497065 0.709173
-0.500000 -0.709172 0.497066
-0.500000 -0.709172 0.497066
-0.500000 -0.709172 0.497066
0.000000 0.818882 -0.573961
0.000001 0.818882 -0.573962
-0.000000 0.818883 -0.573961
-0.866025 0.409442 -0.286980
-0.866026 0.409442 -0.286979
-0.866025 0.409441 -0.286981
-0.866026 -0.409440 0.286979
-0.866027 -0.409440 0.286978
-0.866026 -0.409440 0.286980
0.779657 0.359418 0.512790
0.779657 0.359417 0.512791
0.779657 0.359417 0.512790
0.491874 0.662226 0.565258
0.623570 0.448703 0.640177
0.535432 0.602251 0.592119
0.000001 0.573961 0.818882
0.000001 0.573962 0.818882
0.000001 0.573962 0.818882
-0.866025 -0.409442 0.286982
-0.866026 -0.409440 0.286980
-0.866025 -0.409441 0.286981
-0.500000 -0.709173 0.497066
-0.500002 -0.709172 0.497065
-0.500001 -0.709172 0.497065
-0.500000 0.709173 -0.497065
-0.500001 0.709173 -0.497064
-0.500000 0.709173 -0.497065
-0.500000 0.709173 -0.497065
-0.500000 0.709173 -0.497065
-0.500000 0.709173 -0.497065
-0.866025 0.286981 0.409442
-0.866025 0.286979 0.409442
-0.866025 0.286980 0.409442
-0.866026 -0.409440 0.286980
-0.866026 -0.409440 0.286980
-0.866026 -0.409440 0.286980
0.707107 0.405852 0.579038
0.707106 0.405853 0.579038
0.707107 0.405852 0.579038
-0.000000 0.573960 0.818883
0.000001 0.573960 0.818883
0.000000 0.573960 0.818883
-0.866025 -0.409442 0.286980
-0.866025 -0.409442 0.286979
-0.866025 -0.409442 0.286980
0.707106 0.405851 0.579038
0.707107 0.405853 0.579036
0.707107 0.405852 0.579038
-0.866026 0.286980 0.409440
-0.866026 0.286980 0.409440
-0.866026 0.286980 0.409440
-0.866025 0.409442 -0.286981
-0.866025 0.409442 -0.286979
-0.866025 0.409442 -0.286981
-0.499999 0.709174 -0.497065
-0.499999 0.709173 -0.497066
-0.499999 0.709173 -0.497065
0.707108 0.405851 0.579036
0.707109 0.405853 0.579033
0.707109 0.405852 0.579035
-0.866025 -0.409442 0.286981
-0.866025 -0.409443 0.286980
-0.866025 -0.409442 0.286980
-0.500000 0.497065 0.709173
-0.500001 0.497064 0.709174
-0.500000 0.497065 0.709173
-0.258819 0.554404 0.790980
-0.258819 0.554403 0.790980
-0.258819 0.554403 0.790980
1.000000 0.000000 0.000000
1.000000 0.000000 0.000000
1.000000 0.000000 0.000000
0.258818 0.554403 0.790981
0.258819 0.554402 0.790981
0.258818 0.554403 0.790981
-0.707107 0.405851 0.579038
-0.707109 0.405850 0.579037
-0.707108 0.405850 0.579037
-0.499999 0.497065 0.709173
-0.499999 0.497066 0.709173
-0.499999 0.497066 0.709173
0.707107 0.405852 0.579037
0.707107 0.405852 0.579037
0.707107 0.405852 0.579037
-0.866026 0.286980 0.409441
-0.866026 0.286980 0.409441
-0.866026 0.286980 0.409441
-0.500000 0.497064 0.709174
-0.500002 0.497063 0.709173
-0.500001 0.497064 0.709174
1.000000 0.000000 0.000000
1.000000 0.000000 0.000000
1.000000 0.000000 0.000000
-0.500000 -0.709173 0.497065
-0.499999 -0.709172 0.497066
-0.500000 -0.709173 0.497065
0.499998 0.497064 0.709175
0.499998 0.497064 0.709175
0.499998 0.497064 0.709175
0.866025 0.286982 0.409441
0.866024 0.286983 0.409443
0.866025 0.286982 0.409442
-0.866025 0.409442 -0.286980
-0.866025 0.409442 -0.286979
-0.866025 0.409442 -0.286980
-0.866026 0.409440 -0.286980
-0.866026 0.409441 -0.286979
-0.866026 0.409441 -0.286979
-0.965926 0.148551 0.211942
-0.965925 0.148554 0.211945
-0.965926 0.148552 0.211943
-0.965926 0.148552 0.211943
-0.965926 0.148554 0.211942
-0.965926 0.148553 0.211943
-0.717070 0.386926 0.579740
-0.707106 0.405851 0.579039
-0.724497 0.372276 0.580099
-0.000000 0.573960 0.818883
0.000001 0.573960 0.818883
0.000000 0.573960 0.818883
-0.866026 0.409440 -0.286980
-0.866026 0.409440 -0.286980
-0.866026 0.409440 -0.286980
1.000000 0.000000 0.000000
1.000000 0.000000 0.000000
1.000000 0.000000 0.000000
0.499999 0.497065 0.709174
0.499999 0.497065 0.709174
0.499999 0.497065 0.709174
0.866025 0.286980 0.409442
0.866026 0.286982 0.409440
0.866025 0.286981 0.409441
1.000000 0.000000 0.000000
1.000000 0.000000 0.000000
1.000000 0.000000 0.000000
-0.965926 0.148551 0.211941
-0.965927 0.148550 0.211941
-0.965926 0.148551 0.211941
-0.866025 0.409442 -0.286982
-0.866026 0.409440 -0.286980
-0.866025 0.409441 -0.286981
-0.707107 0.405852 0.579037
-0.707107 0.405852 0.579037
-0.707107 0.405852 0.579037
0.258820 0.554404 0.790979
0.258819 0.554404 0.790979
0.258820 0.554404 0.790979
-0.500000 -0.709173 0.497066
-0.500000 -0.709172 0.497066
-0.500000 -0.709173 0.497066
0.000001 0.573960 0.818883
0.000002 0.573961 0.818883
0.000002 0.573961 0.818883
0.965925 0.148554 0.211944
0.965925 0.148554 0.211944
0.965925 0.148554 0.211944
-0.965926 0.148552 0.211943
-0.965927 0.148550 0.211940
-0.965926 0.148551 0.211942
-0.193589 0.546889 0.814516
-0.188322 0.542329 0.818788
-0.210236 0.561132 0.800582
-0.866026 -0.409440 0.286981
-0.866026 -0.409440 0.286980
-0.866026 -0.409440 0.286980
-0.000000 0.818883 -0.573960
-0.000002 0.818883 -0.573960
-0.000001 0.818883 -0.573960
1.000000 0.000000 0.000000
1.000000 0.000000 0.000000
1.000000 0.000000 0.000000
1.000000 0.000000 0.000000
1.000000 0.000000 0.000000
1.000000 0.000000 0.000000
0.866025 0.286981 0.409442
0.866025 0.286981 0.409441
0.866025 0.286981 0.409442
-0.500000 0.709173 -0.497065
-0.499999 0.709174 -0.497065
-0.499999 0.709173 -0.497065
-0.707107 0.405852 0.579038
-0.707108 0.405851 0.579036
-0.707107 0.405851 0.579037
-0.000000 0.818883 -0.573960
-0.000002 0.818883 -0.573960
-0.000001 0.818883 -0.573960
0.000000 0.818883 -0.573960
-0.000001 0.818882 -0.573963
-0.000000 0.818883 -0.573961
0.866025 0.286981 0.409442
0.866026 0.286980 0.409440
0.866025 0.286981 0.409441
0.965926 0.148551 0.211944
0.965926 0.148551 0.211945
0.965926 0.148551 0.211944
-0.500000 -0.709173 0.497065
-0.499999 -0.709174 0.497065
-0.499999 -0.709173 0.497065
-0.000001 0.818883 -0.573960
-0.000002 0.818884 -0.573959
-0.000001 0.818884 -0.573960
-0.258819 0.554404 0.790980
-0.258819 0.554404 0.790980
-0.258819 0.554404 0.790980
0.965926 0.148552 0.211943
0.965926 0.148552 0.211943
0.965926 0.148552 0.211943
-0.866025 0.286981 0.409442
-0.866026 0.286980 0.409441
-0.866025 0.286981 0.409442
-0.500000 0.709173 -0.497066
-0.500000 0.709172 -0.497066
-0.500000 0.709173 -0.497066
-0.866025 0.286981 0.409442
-0.866025 0.286981 0.409441
-0.866025 0.286981 0.409442
0.258820 0.554404 0.790980
0.258820 0.554404 0.790979
0.258820 0.554404 0.790980
-0.965926 0.148552 0.211943
-0.965926 0.148552 0.211943
-0.965926 0.148552 0.211943
-0.258819 0.554404 0.790980
-0.258819 0.554404 0.790980
-0.258819 0.554404 0.790980
0.258819 0.554404 0.790980
0.258818 0.554403 0.790981
0.258819 0.554404 0.790980
0.707106 0.405853 0.579037
0.707108 0.405852 0.579036
0.707107 0.405852 0.579037
0.965926 0.148552 0.211943
0.965926 0.148554 0.211940
0.965926 0.148553 0.211942
0.258819 0.554403 0.790980
0.258818 0.554404 0.790980
0.258819 0.554403 0.790980
-0.500000 0.497064 0.709174
-0.499999 0.497064 0.709175
-0.499999 0.497064 0.709174
-0.965926 0.148552 0.211942
-0.965926 0.148552 0.211942
-0.965926 0.148552 0.211942
0.965926 0.148552 0.211942
0.965925 0.148553 0.211944
0.965926 0.148552 0.211943
0.258820 0.554402 0.790981
0.258820 0.554402 0.790980
0.258820 0.554403 0.790980
0.965926 0.148552 0.211942
0.965925 0.148553 0.211944
0.965926 0.148552 0.211943
-0.500000 0.497065 0.709173
-0.500000 0.497065 0.709173
-0.500000 0.497065 0.709173
0.000001 0.818882 -0.573961
0.000001 0.818882 -0.573961
0.000001 0.818882 -0.573961
-0.258819 0.554403 0.790980
-0.258818 0.554406 0.790979
-0.258819 0.554404 0.790980
0.500000 0.497065 0.709173
0.499999 0.497065 0.709173
0.500000 0.497065 0.709173
-0.500000 -0.709173 0.497065
-0.500001 -0.709173 0.497064
-0.500000 -0.709173 0.497065
0.460707 0.452165 0.763738
0.417465 0.521555 0.744112
0.447283 0.474622 0.758071
0.434081 0.635236 0.638788
0.499999 0.497066 0.709173
0.381042 0.720624 0.579230
-0.709765 0.093959 0.698144
-0.709765 0.093959 0.698144
-0.709765 0.093959 0.698144
-0.723309 0.263577 -0.638241
-0.723309 0.263577 -0.638241
-0.723309 0.263577 -0.638241
-0.231166 -0.263577 0.936531
-0.231166 -0.263577 0.936531
-0.231166 -0.263577 0.936530
-0.284138 0.304353 -0.909195
-0.284138 0.304352 -0.909195
-0.284138 0.304353 -0.909195
-0.684531 -0.152177 0.712924
-0.684531 -0.152177 0.712924
-0.684530 -0.152176 0.712924
-0.968669 0.152176 -0.196272
-0.968669 0.152176 -0.196272
-0.968669 0.152177 -0.196271
-0.398614 0.824941 0.400723
-0.398614 0.824942 0.400722
-0.398614 0.824941 0.400724
0.801014 0.596498 -0.050652
0.801014 0.596499 -0.050652
0.801014 0.596499 -0.050652
0.484110 0.869285 -0.099907
0.666152 0.744683 0.041097
0.542892 0.837808 -0.057840
-0.707104 0.707109 -0.000001
-0.707104 0.707109 -0.000001
-0.707105 0.707109 -0.000001
0.739111 0.673562 -0.005510
0.739110 0.673562 -0.005510
0.739110 0.673562 -0.005510
-0.159345 0.920102 0.357801
-0.159344 0.920103 0.357799
-0.159345 0.920102 0.357800
0.954475 0.000001 -0.298290
0.954476 0.000002 -0.298289
0.954475 0.000001 -0.298290
-0.898456 0.246540 0.363311
-0.898456 0.246540 0.363311
-0.898456 0.246540 0.363311
-0.398615 0.824940 0.400725
-0.398613 0.824940 0.400726
-0.398614 0.824940 0.400725
-0.781208 0.476279 0.403575
-0.781208 0.476279 0.403576
-0.781208 0.476279 0.403575
-0.898456 0.246540 0.363311
-0.898456 0.246541 0.363311
-0.898456 0.246540 0.363311
0.555860 0.824941 0.102433
0.555862 0.824939 0.102435
0.555861 0.824940 0.102434
0.334728 0.920101 0.203397
0.334728 0.920101 0.203397
0.334728 0.920101 0.203397
0.945450 0.246540 -0.212939
0.945450 0.246540 -0.212939
0.945450 0.246540 -0.212939
-0.781207 0.476279 0.403575
-0.781208 0.476279 0.403575
-0.781208 0.476279 0.403575
-0.723309 0.263578 -0.638241
-0.723309 0.263578 -0.638240
-0.723309 0.263578 -0.638241
-0.898456 0.246540 0.363312
-0.898456 0.246541 0.363311
-0.898456 0.246540 0.363312
-0.898455 0.246542 0.363312
-0.898455 0.246541 0.363312
-0.898455 0.246541 0.363312
-0.231166 -0.263577 0.936530
-0.231166 -0.263577 0.936531
-0.231166 -0.263577 0.936530
-0.781208 0.476279 0.403575
-0.781208 0.476279 0.403575
-0.781208 0.476279 0.403575
0.090785 0.952559 0.290499
0.090784 0.952558 0.290502
0.090785 0.952559 0.290500
-0.610720 0.673563 0.416335
-0.610718 0.673563 0.416337
-0.610719 0.673563 0.416336
-0.968669 0.152178 -0.196271
-0.968669 0.152178 -0.196272
-0.968669 0.152178 -0.196271
-0.284139 0.304353 -0.909194
-0.284139 0.304353 -0.909194
-0.284139 0.304353 -0.909194
0.739112 0.673561 -0.005509
0.739111 0.673561 -0.005509
0.739112 0.673561 -0.005509
0.871992 0.476281 -0.113078
0.871992 0.476281 -0.113078
0.871992 0.476281 -0.113078
-0.398617 0.824940 0.400723
-0.398618 0.824939 0.400723
-0.398617 0.824940 0.400723
-0.616648 0.658923 0.430774
-0.610721 0.673562 0.416334
-0.621006 0.647479 0.441727
-0.231166 -0.263578 0.936530
-0.231165 -0.263578 0.936530
-0.231166 -0.263578 0.936530
-0.284139 0.304353 -0.909194
-0.284139 0.304353 -0.909194
-0.284139 0.304353 -0.909194
0.954475 -0.000000 -0.298289
0.954476 -0.000000 -0.298289
0.954476 -0.000000 -0.298289
-0.968669 0.152177 -0.196271
-0.968669 0.152177 -0.196271
-0.968669 0.152177 -0.196271
0.954476 0.000000 -0.298289
0.954475 -0.000000 -0.298289
0.954476 -0.000000 -0.298289
0.954476 -0.000001 -0.298289
0.954476 -0.000001 -0.298289
0.954476 -0.000001 -0.298289
-0.398616 0.824939 0.400724
-0.398615 0.824940 0.400724
-0.398616 0.824940 0.400724
-0.723309 0.263578 -0.638241
-0.723308 0.263578 -0.638242
-0.723309 0.263578 -0.638241
-0.898455 0.246540 0.363312
-0.898456 0.246540 0.363312
-0.898455 0.246540 0.363312
0.739111 0.673561 -0.005511
0.739111 0.673561 -0.005510
0.739111 0.673561 -0.005511
0.945449 0.246540 -0.212940
0.945449 0.246540 -0.212941
0.945449 0.246540 -0.212941
0.090787 0.952559 0.290498
0.090789 0.952559 0.290497
0.090788 0.952559 0.290498
0.334730 0.920101 0.203397
0.334726 0.920103 0.203395
0.334728 0.920101 0.203397
-0.231167 -0.263577 0.936530
-0.231166 -0.263577 0.936530
-0.231166 -0.263577 0.936530
0.871993 0.476280 -0.113077
0.871992 0.476280 -0.113077
0.871992 0.476280 -0.113077
-0.723309 0.263578 -0.638241
-0.723309 0.263579 -0.638240
-0.723309 0.263578 -0.638240
-0.231166 -0.263578 0.936530
-0.231167 -0.263578 0.936530
-0.231166 -0.263578 0.936530
-0.159345 0.920101 0.357802
-0.159344 0.920102 0.357802
-0.159345 0.920102 0.357802
0.945450 0.246540 -0.212938
0.945450 0.246540 -0.212938
0.945450 0.246540 -0.212938
-0.781207 0.476279 0.403576
-0.781207 0.476279 0.403576
-0.781207 0.476279 0.403576
-0.684531 -0.152176 0.712924
-0.684530 -0.152177 0.712924
-0.684531 -0.152177 0.712924
-0.968669 0.152176 -0.196271
-0.968669 0.152176 -0.196271
-0.968669 0.152176 -0.196271
0.871993 0.476279 -0.113077
0.871993 0.476278 -0.113078
0.871993 0.476279 -0.113078
-0.723309 0.263577 -0.638241
-0.723309 0.263577 -0.638241
-0.723309 0.263577 -0.638241
-0.398615 0.824941 0.400723
-0.398615 0.824940 0.400724
-0.398615 0.824940 0.400724
0.090785 0.952559 0.290499
0.090785 0.952559 0.290499
0.090785 0.952559 0.290499
-0.090140 0.928368 0.360566
-0.083275 0.927325 0.364876
-0.111910 0.931270 0.346715
0.739111 0.673562 -0.005510
0.739110 0.673563 -0.005509
0.739110 0.673562 -0.005509
-0.723309 0.263577 -0.638241
-0.723309 0.263577 -0.638241
-0.723309 0.263577 -0.638241
0.334728 0.920102 0.203397
0.334728 0.920102 0.203397
0.334728 0.920102 0.203397
-0.610722 0.673561 0.416335
-0.610721 0.673562 0.416335
-0.610721 0.673561 0.416335
-0.398616 0.824939 0.400725
-0.398616 0.824939 0.400725
-0.398616 0.824939 0.400725
0.334729 0.920101 0.203398
0.334731 0.920100 0.203397
0.334729 0.920101 0.203398
0.871992 0.476280 -0.113077
0.871992 0.476280 -0.113077
0.871992 0.476280 -0.113077
0.739111 0.673561 -0.005511
0.739111 0.673561 -0.005513
0.739111 0.673561 -0.005512
0.954475 0.000000 -0.298290
0.954476 -0.000001 -0.298289
0.954476 -0.000000 -0.298289
0.945450 0.246540 -0.212939
0.945449 0.246540 -0.212939
0.945450 0.246540 -0.212939
-0.968669 0.152177 -0.196271
-0.968669 0.152177 -0.196271
-0.968669 0.152177 -0.196271
-0.159343 0.920102 0.357802
-0.159343 0.920102 0.357802
-0.159343 0.920102 0.357802
-0.684531 -0.152176 0.712923
-0.684531 -0.152176 0.712923
-0.684531 -0.152176 0.712923
-0.781207 0.476280 0.403576
-0.781207 0.476279 0.403575
-0.781207 0.476280 0.403576
0.334729 0.920102 0.203395
0.334729 0.920102 0.203395
0.334729 0.920102 0.203395
0.555859 0.824941 0.102434
0.555860 0.824941 0.102433
0.555860 0.824941 0.102434
0.945450 0.246540 -0.212939
0.945450 0.246540 -0.212939
0.945450 0.246540 -0.212939
0.090785 0.952559 0.290497
0.090785 0.952560 0.290496
0.090785 0.952560 0.290497
0.334728 0.920101 0.203398
0.334730 0.920101 0.203397
0.334729 0.920101 0.203398
0.945450 0.246540 -0.212939
0.945449 0.246540 -0.212941
0.945450 0.246540 -0.212940
-0.284139 0.304353 -0.909194
-0.284139 0.304353 -0.909194
-0.284139 0.304353 -0.909194
-0.968669 0.152177 -0.196271
-0.968669 0.152176 -0.196270
-0.968669 0.152177 -0.196271
0.954475 0.000001 -0.298290
0.954476 0.000001 -0.298289
0.954475 0.000001 -0.298290
-0.231167 -0.263578 0.936530
-0.231167 -0.263578 0.936530
-0.231167 -0.263578 0.936530
0.555860 0.824941 0.102434
0.555862 0.824939 0.102433
0.555861 0.824940 0.102434
-0.898456 0.246541 0.363312
-0.898456 0.246541 0.363311
-0.898456 0.246541 0.363311
-0.284138 0.304353 -0.909194
-0.284139 0.304352 -0.909195
-0.284139 0.304353 -0.909195
-0.159345 0.920102 0.357801
-0.159345 0.920103 0.357799
-0.159345 0.920102 0.357800
-0.684531 -0.152176 0.712923
-0.684531 -0.152177 0.712924
-0.684531 -0.152177 0.712923
-0.610722 0.673561 0.416336
-0.610721 0.673561 0.416335
-0.610721 0.673561 0.416335
-0.684531 -0.152176 0.712923
-0.684531 -0.152177 0.712923
-0.684531 -0.152176 0.712923
-0.684531 -0.152177 0.712924
-0.684531 -0.152177 0.712923
-0.684531 -0.152177 0.712924
-0.284138 0.304353 -0.909194
-0.284139 0.304354 -0.909194
-0.284139 0.304353 -0.909194
-0.717072 0.573092 -0.396704
-0.724499 0.573699 -0.382061
-0.730291 0.574072 -0.370292
0.104753 0.682305 0.723524
0.000001 0.573962 0.818882
0.154933 0.727544 0.668338
0.539419 0.822233 0.181551
0.480958 0.865583 0.139449
0.521206 0.836676 0.168276
0.451283 0.892311 -0.011209
0.555861 0.824939 0.102436
0.371099 0.924224 -0.089973
-0.528660 0.497408 0.687825
-0.528661 0.497408 0.687825
-0.528660 0.497408 0.687825
-0.599751 0.525169 0.603735
-0.756140 0.484542 0.439854
-0.569846 0.529335 0.628553
-0.307634 -0.576770 0.756768
-0.925284 -0.352838 -0.139119
-0.063079 -0.977386 -0.201836
-0.925284 -0.352838 -0.139119
-0.307634 -0.576770 0.756768
-0.627295 0.336799 0.702188
0.148566 0.981072 0.124204
0.090787 0.952560 0.290495
0.175190 0.983673 0.041171
0.500000 0.497065 0.709174
0.500000 0.497065 0.709174
0.500000 0.497065 0.709174
-0.712345 0.089648 0.696080
-0.476716 0.138988 0.868000
-0.759210 0.076774 0.646301
0.654635 -0.755943 -0.001896
0.654635 -0.755943 -0.001896
0.654635 -0.755943 -0.001896
0.944171 -0.329456 -0.000002
0.944171 -0.329456 -0.000002
0.944171 -0.329456 -0.000002
0.652949 -0.757402 -0.000003
0.652949 -0.757402 -0.000003
0.652949 -0.757402 -0.000003
-0.982404 -0.186768 0.000000
-0.982404 -0.186768 0.000000
-0.982404 -0.186768 0.000000
-0.523933 0.783485 0.334133
-0.704773 0.651945 0.279753
-0.490249 0.801825 0.341661
-0.258819 0.554404 0.790980
-0.258819 0.554404 0.790979
-0.258819 0.554403 0.790980
0.555861 0.824940 0.102433
0.555861 0.824940 0.102431
0.555861 0.824940 0.102433
-0.530834 0.492727 0.689518
-0.274021 0.636072 0.721336
-0.585061 0.452346 0.673118
-0.718511 -0.691006 -0.079072
-0.718511 -0.691006 -0.079072
-0.718511 -0.691006 -0.079072
-0.329458 -0.944170 -0.000001
-0.329458 -0.944170 -0.000001
-0.329458 -0.944170 -0.000001
0.132642 -0.988005 0.079075
0.132642 -0.988005 0.079075
0.132642 -0.988005 0.079075
-0.278612 0.095381 0.955656
-0.277397 0.109081 0.954543
-0.284766 0.091046 0.954264
0.000000 0.000000 1.000000
0.000000 0.000000 1.000000
0.000000 0.000000 1.000000
-0.008626 0.003479 0.999957
-0.002405 0.012245 0.999922
-0.012704 0.003773 0.999912
-0.159346 0.920102 0.357801
-0.159346 0.920102 0.357801
-0.159346 0.920102 0.357801
0.789592 0.203976 -0.578739
0.789592 0.203976 -0.578738
0.789592 0.203977 -0.578738
-0.475362 0.348864 0.807666
-0.475505 0.347313 0.808250
-0.474679 0.349576 0.807760
0.592553 -0.206764 0.778543
0.592553 -0.206763 0.778543
0.592553 -0.206764 0.778544
-0.023665 -0.319546 0.947275
-0.023666 -0.319545 0.947275
-0.023666 -0.319546 0.947275
0.105565 0.302532 0.947275
0.105565 0.302532 0.947275
0.105564 0.302532 0.947275
0.353807 -0.163855 0.920854
0.353807 -0.163855 0.920854
0.353807 -0.163855 0.920854
-0.717411 0.250332 0.650120
-0.717411 0.250332 0.650120
-0.717411 0.250331 0.650120
-0.105564 -0.302532 0.947275
-0.105565 -0.302532 0.947275
-0.105564 -0.302532 0.947275
0.000000 0.000000 1.000000
-0.000000 0.000000 1.000000
-0.000000 0.000000 1.000000
0.186767 -0.982404 -0.000002
0.186767 -0.982404 -0.000002
0.186767 -0.982404 -0.000002
-0.866025 0.000000 0.500000
-0.866025 0.000000 0.500000
-0.866025 0.000000 0.500000
-0.500000 0.866026 0.000000
-0.500000 0.866026 0.000000
-0.500000 0.866026 0.000000
-0.500000 0.000000 -0.866026
-0.500000 0.000000 -0.866026
-0.500000 0.000000 -0.866026
-0.500000 0.000000 0.866026
-0.500000 0.000000 0.866026
-0.500000 0.000000 0.866026
-0.000000 -0.000000 -1.000000
-0.000000 -0.000000 -1.000000
-0.000000 -0.000000 -1.000000
-0.866025 -0.000000 -0.500000
-0.866025 -0.000000 -0.500000
-0.866025 -0.000000 -0.500000
-0.757404 -0.652947 0.000000
-0.757404 -0.652946 0.000000
-0.757404 -0.652946 0.000000
-0.821672 0.290222 0.490537
-0.823635 0.286025 0.489709
-0.830622 0.253157 0.495962
0.715901 -0.251487 0.651336
0.707296 -0.268904 0.653776
0.717558 -0.251963 0.649327
0.376013 -0.335964 0.863564
0.357845 -0.337255 0.870750
0.376354 -0.338355 0.862481
-0.663602 0.349868 0.661229
-0.625500 0.430850 0.650475
-0.648254 0.371111 0.664864
-0.946063 0.239488 0.218199
-0.103739 -0.487843 0.866745
0.593391 0.487839 0.640235
0.593391 0.487839 0.640235
-0.103739 -0.487843 0.866745
0.892314 -0.316613 -0.321764
-0.514049 0.156245 0.843410
-0.461740 0.252727 0.850250
-0.491704 0.178735 0.852221
-0.042972 -0.486904 0.872398
-0.044469 -0.491572 0.869701
-0.014964 -0.484588 0.874615
0.652947 -0.757404 -0.000003
0.652947 -0.757404 -0.000003
0.652947 -0.757404 -0.000003
-0.982404 -0.186768 -0.000001
-0.982404 -0.186768 -0.000001
-0.982404 -0.186768 -0.000001
0.944171 -0.329456 0.000001
0.944171 -0.329456 0.000001
0.944171 -0.329456 0.000001
-0.329457 -0.944171 0.000001
-0.329457 -0.944171 0.000001
-0.329457 -0.944171 0.000001
-0.059528 -0.520640 0.851699
0.028073 -0.821373 0.569701
0.028165 -0.741924 0.669893
0.024914 0.319073 0.947403
0.024999 0.319041 0.947411
0.023668 0.319545 0.947275
0.284368 0.816564 0.502353
0.283127 0.815104 0.505415
0.284687 0.816937 0.501565
-0.293202 -0.183923 -0.938193
0.447104 0.595263 -0.667653
0.739494 -0.295201 -0.604983
-0.293202 -0.183923 -0.938193
-0.701919 0.608203 -0.370672
0.447104 0.595263 -0.667653
-0.283969 -0.816361 0.502908
-0.286009 -0.816613 0.501341
-0.284501 -0.815891 0.503369
-0.000000 0.000000 1.000000
-0.000000 0.000000 1.000000
-0.000000 0.000000 1.000000
0.162307 0.459601 0.873168
0.179283 0.450452 0.874615
0.163419 0.461074 0.872184
0.029031 0.490840 0.870766
0.044520 0.442816 0.895507
0.040451 0.504884 0.862239
0.709705 -0.253288 0.657391
0.675086 -0.258735 0.690880
0.705185 -0.254711 0.661691
-0.815059 0.278759 0.507910
-0.813816 0.275018 0.511926
-0.797642 0.255153 0.546502
-0.454662 0.163153 0.875594
-0.408109 0.165579 0.897792
-0.472563 0.182708 0.862150
-0.215976 -0.450642 0.866185
-0.194038 -0.469224 0.861498
-0.193639 -0.499602 0.844335
-0.616648 0.658922 0.430774
-0.621007 0.647478 0.441727
-0.624368 0.638211 0.450390
0.037819 0.485950 0.873168
0.056589 0.481505 0.874614
0.045171 0.480010 0.876099
-0.329459 -0.944170 -0.000001
-0.329459 -0.944170 -0.000001
-0.329459 -0.944170 -0.000001
-0.757401 -0.652950 -0.000002
-0.757401 -0.652950 -0.000002
-0.757401 -0.652950 -0.000002
0.186766 -0.982404 -0.000001
0.186766 -0.982404 -0.000001
0.186766 -0.982404 -0.000001
-0.298835 -0.821282 0.485997
-0.295308 -0.817948 0.493714
-0.272555 -0.802317 0.531037
-0.234662 -0.672505 0.701905
-0.234662 -0.672505 0.701905
-0.234662 -0.672505 0.701905
0.234662 0.672505 0.701905
0.234662 0.672505 0.701905
0.234662 0.672505 0.701905
-0.907173 0.368433 0.203212
-0.401989 0.073170 0.912716
0.166222 0.924554 0.342884
-0.401989 0.073170 0.912716
0.755090 0.179708 0.630511
0.166222 0.924554 0.342884
0.230579 0.520003 0.822454
0.552329 0.587450 0.591468
0.642091 0.588955 0.490765
-0.500001 0.509021 0.700641
-0.500001 0.509021 0.700641
-0.500001 0.509021 0.700641
-0.500001 -0.509021 -0.700641
-0.500001 -0.509021 -0.700641
-0.500001 -0.509021 -0.700641
0.000001 -0.587767 -0.809030
0.000001 -0.587767 -0.809030
0.000001 -0.587767 -0.809030
-0.500001 0.700642 -0.509019
-0.500002 0.700642 -0.509018
-0.500000 0.700641 -0.509020
-0.866025 -0.293884 -0.404516
-0.866025 -0.293884 -0.404516
-0.866025 -0.293884 -0.404516
-0.866025 0.293884 0.404516
-0.866025 0.293884 0.404516
-0.866025 0.293884 0.404516
0.779657 0.506620 -0.368063
0.779657 0.506620 -0.368064
0.779657 0.506620 -0.368063
0.491874 0.553945 -0.671718
0.623570 0.632474 -0.459497
0.535433 0.581819 -0.612208
-0.965926 0.209393 -0.152125
-0.965925 0.209394 -0.152127
-0.965926 0.209393 -0.152126
1.000000 0.000000 0.000000
1.000000 0.000000 0.000000
1.000000 0.000000 0.000000
0.707108 0.572070 -0.415614
0.707106 0.572069 -0.415617
0.707107 0.572069 -0.415615
-0.717072 0.573092 -0.396704
-0.707108 0.572070 -0.415613
-0.724499 0.573699 -0.382061
0.258819 0.781463 -0.567740
0.258820 0.781462 -0.567741
0.258819 0.781462 -0.567740
-0.866026 0.404514 -0.293883
-0.866028 0.404511 -0.293881
-0.866027 0.404513 -0.293882
-0.707108 0.572070 -0.415613
-0.707106 0.572071 -0.415614
-0.707107 0.572071 -0.415614
-0.866026 0.404514 -0.293883
-0.866027 0.404513 -0.293883
-0.866026 0.404513 -0.293883
0.866025 0.404516 -0.293883
0.866025 0.404518 -0.293882
0.866025 0.404516 -0.293882
-0.500000 0.700641 -0.509021
-0.499999 0.700641 -0.509022
-0.500000 0.700641 -0.509021
0.258820 0.781463 -0.567739
0.258821 0.781463 -0.567739
0.258820 0.781463 -0.567739
-0.499999 0.700641 -0.509022
-0.499999 0.700641 -0.509022
-0.499999 0.700641 -0.509022
-0.500001 -0.509021 -0.700640
-0.499998 -0.509022 -0.700642
-0.500000 -0.509021 -0.700641
-0.500000 0.509020 0.700642
-0.500000 0.509019 0.700642
-0.500000 0.509020 0.700642
-0.500001 -0.509020 -0.700641
-0.500002 -0.509017 -0.700642
-0.500001 -0.509019 -0.700641
-0.258821 0.781462 -0.567740
-0.258820 0.781462 -0.567740
-0.258821 0.781462 -0.567740
-0.866025 -0.293884 -0.404516
-0.866025 -0.293884 -0.404516
-0.866025 -0.293884 -0.404516
0.500000 0.700641 -0.509020
0.499998 0.700642 -0.509021
0.500000 0.700642 -0.509020
0.258818 0.781463 -0.567741
0.258816 0.781463 -0.567741
0.258817 0.781463 -0.567741
0.707106 0.572071 -0.415615
0.707107 0.572068 -0.415617
0.707106 0.572071 -0.415615
0.965926 0.209393 -0.152126
0.965925 0.209395 -0.152127
0.965925 0.209394 -0.152126
-0.866024 0.293883 0.404517
-0.866024 0.293884 0.404518
-0.866024 0.293884 0.404517
0.866026 0.404514 -0.293883
0.866027 0.404513 -0.293882
0.866026 0.404514 -0.293882
-0.965926 0.209393 -0.152126
-0.965925 0.209392 -0.152129
-0.965926 0.209393 -0.152127
-0.965926 0.209392 -0.152125
-0.965926 0.209392 -0.152125
-0.965926 0.209392 -0.152125
0.500001 0.700640 -0.509021
0.500001 0.700640 -0.509021
0.500001 0.700640 -0.509021
-0.707106 0.572072 -0.415614
-0.707109 0.572070 -0.415612
-0.707107 0.572071 -0.415614
-0.000000 0.809030 -0.587767
0.000000 0.809030 -0.587767
-0.000000 0.809030 -0.587767
1.000000 0.000000 0.000000
1.000000 0.000000 0.000000
1.000000 0.000000 0.000000
-0.500001 0.509021 0.700640
-0.499998 0.509022 0.700642
-0.500000 0.509021 0.700641
-0.258821 0.781463 -0.567739
-0.258820 0.781462 -0.567740
-0.258820 0.781463 -0.567740
0.258817 0.781463 -0.567740
0.258818 0.781463 -0.567740
0.258817 0.781463 -0.567740
-0.866025 0.293883 0.404517
-0.866025 0.293883 0.404517
-0.866025 0.293883 0.404517
0.866026 0.404513 -0.293884
0.866026 0.404513 -0.293885
0.866026 0.404513 -0.293884
0.965926 0.209392 -0.152125
0.965926 0.209392 -0.152125
0.965926 0.209392 -0.152125
-0.866025 0.404516 -0.293884
-0.866025 0.404516 -0.293884
-0.866025 0.404516 -0.293884
-0.258820 0.781463 -0.567739
-0.258821 0.781463 -0.567739
-0.258820 0.781463 -0.567739
0.000001 0.809031 -0.587767
0.000000 0.809031 -0.587766
0.000001 0.809031 -0.587767
-0.193590 0.805122 -0.560626
-0.188323 0.809471 -0.556140
-0.210236 0.790949 -0.574631
-0.000000 -0.587767 -0.809030
0.000000 -0.587767 -0.809030
0.000000 -0.587767 -0.809030
-0.499999 0.509021 0.700641
-0.500000 0.509020 0.700642
-0.500000 0.509021 0.700642
-0.000001 -0.587767 -0.809030
0.000000 -0.587767 -0.809030
-0.000001 -0.587767 -0.809030
0.866025 0.404516 -0.293885
0.866025 0.404515 -0.293884
0.866025 0.404515 -0.293884
-0.707106 0.572070 -0.415615
-0.707106 0.572072 -0.415615
-0.707106 0.572070 -0.415615
-0.866025 0.293884 0.404515
-0.866024 0.293887 0.404514
-0.866025 0.293885 0.404515
-0.866025 -0.293884 -0.404515
-0.866024 -0.293887 -0.404514
-0.866025 -0.293885 -0.404515
-0.866026 -0.293883 -0.404514
-0.866026 -0.293883 -0.404514
-0.866026 -0.293883 -0.404514
0.707106 0.572071 -0.415615
0.707106 0.572072 -0.415614
0.707106 0.572071 -0.415614
0.965926 0.209393 -0.152123
0.965926 0.209392 -0.152123
0.965926 0.209393 -0.152123
-0.866025 0.404516 -0.293884
-0.866025 0.404515 -0.293884
-0.866025 0.404516 -0.293884
0.000001 0.809031 -0.587767
0.000001 0.809031 -0.587766
0.000001 0.809031 -0.587766
1.000000 0.000000 0.000000
1.000000 0.000000 0.000000
1.000000 0.000000 0.000000
-0.866025 0.293884 0.404515
-0.866025 0.293886 0.404515
-0.866025 0.293884 0.404515
0.000001 -0.587766 -0.809031
-0.000000 -0.587766 -0.809031
0.000001 -0.587766 -0.809031
0.258819 0.781464 -0.567739
0.258818 0.781463 -0.567740
0.258819 0.781464 -0.567739
-0.500001 -0.509020 -0.700641
-0.500002 -0.509017 -0.700642
-0.500002 -0.509019 -0.700641
0.707106 0.572071 -0.415615
0.707106 0.572071 -0.415615
0.707106 0.572071 -0.415615
-0.499999 0.509021 0.700641
-0.499999 0.509021 0.700641
-0.499999 0.509021 0.700641
-0.866025 0.293884 0.404516
-0.866025 0.293884 0.404516
-0.866025 0.293884 0.404516
0.965926 0.209393 -0.152125
0.965925 0.209396 -0.152124
0.965926 0.209394 -0.152125
0.000000 -0.587767 -0.809030
0.000000 -0.587767 -0.809030
0.000000 -0.587767 -0.809030
0.707108 0.572071 -0.415613
0.707108 0.572071 -0.415611
0.707108 0.572071 -0.415612
-0.500002 0.700640 -0.509020
-0.500002 0.700640 -0.509020
-0.500002 0.700640 -0.509020
-0.500000 0.509020 0.700642
-0.500002 0.509019 0.700641
-0.500001 0.509020 0.700641
-0.866026 -0.293882 -0.404515
-0.866026 -0.293880 -0.404516
-0.866026 -0.293881 -0.404516
-0.500000 -0.509020 -0.700641
-0.499999 -0.509021 -0.700642
-0.500000 -0.509020 -0.700642
0.965926 0.209393 -0.152125
0.965926 0.209390 -0.152127
0.965926 0.209392 -0.152125
-0.000001 -0.587767 -0.809030
-0.000001 -0.587767 -0.809030
-0.000001 -0.587767 -0.809030
0.258818 0.781464 -0.567739
0.258817 0.781466 -0.567736
0.258818 0.781465 -0.567738
0.965926 0.209392 -0.152125
0.965926 0.209392 -0.152125
0.965926 0.209392 -0.152125
-0.965926 0.209392 -0.152125
-0.965926 0.209392 -0.152125
-0.965926 0.209392 -0.152125
-0.258818 0.781464 -0.567738
-0.258817 0.781464 -0.567739
-0.258818 0.781464 -0.567739
1.000000 0.000000 0.000000
1.000000 0.000000 0.000000
1.000000 0.000000 0.000000
-0.500001 0.700640 -0.509020
-0.500002 0.700640 -0.509021
-0.500001 0.700640 -0.509020
-0.499999 -0.509021 -0.700641
-0.499999 -0.509021 -0.700641
-0.499999 -0.509021 -0.700641
-0.965926 0.209392 -0.152126
-0.965925 0.209392 -0.152129
-0.965926 0.209392 -0.152127
-0.000000 0.809030 -0.587767
-0.000000 0.809030 -0.587767
-0.000000 0.809030 -0.587767
-0.866026 -0.293883 -0.404514
-0.866027 -0.293882 -0.404513
-0.866026 -0.293883 -0.404513
-0.500001 0.700640 -0.509020
-0.500003 0.700642 -0.509016
-0.500002 0.700641 -0.509019
1.000000 0.000000 0.000000
1.000000 0.000000 0.000000
1.000000 0.000000 0.000000
-0.965926 0.209391 -0.152127
-0.965926 0.209390 -0.152126
-0.965926 0.209391 -0.152127
-0.866026 0.404515 -0.293882
-0.866026 0.404515 -0.293881
-0.866026 0.404515 -0.293882
0.500000 0.700642 -0.509020
0.500001 0.700642 -0.509018
0.500000 0.700642 -0.509019
1.000000 0.000000 0.000000
1.000000 0.000000 0.000000
1.000000 0.000000 0.000000
0.652950 -0.757401 -0.000001
0.652950 -0.757402 -0.000001
0.652950 -0.757401 -0.000001
0.652505 -0.757783 -0.001271
0.651337 -0.758788 -0.000615
0.648732 -0.761015 -0.001612
0.460707 0.755959 -0.465054
0.417465 0.735160 -0.534100
0.447283 0.749913 -0.487410
0.943658 -0.330905 -0.003287
0.942345 -0.334639 -0.001597
0.939320 -0.343017 -0.004187
-0.244832 0.114714 0.962756
-0.244831 0.114714 0.962756
-0.244831 0.114714 0.962756
0.434081 0.627922 -0.645978
0.499999 0.700641 -0.509022
0.381043 0.566925 -0.730344
-0.709764 0.696451 -0.105786
-0.709763 0.696452 -0.105787
-0.709764 0.696451 -0.105786
-0.105564 -0.302530 0.947276
-0.105564 -0.302530 0.947276
-0.105564 -0.302530 0.947276
0.105564 0.302531 0.947276
0.105564 0.302531 0.947276
0.105564 0.302531 0.947276
0.876687 -0.025369 -0.480393
0.449168 -0.891096 0.064780
0.236612 -0.227508 -0.944592
0.841665 0.033386 0.538967
0.449168 -0.891096 0.064780
0.876687 -0.025369 -0.480393
0.000004 0.649951 0.759976
-0.045559 -0.516095 0.855319
0.841665 0.033386 0.538967
-0.045559 -0.516095 0.855319
0.449168 -0.891096 0.064780
0.841665 0.033386 0.538967
0.536232 0.841555 -0.065127
-0.589201 0.798509 -0.123391
0.000004 0.649951 0.759976
-0.121828 0.490131 -0.863093
-0.589201 0.798509 -0.123391
0.536232 0.841555 -0.065127
0.187254 -0.982311 0.001051
0.188479 -0.982077 0.000505
0.191254 -0.981540 0.001327
0.104753 0.711850 -0.694476
-0.000001 0.809033 -0.587763
0.154934 0.655904 -0.738773
-0.981993 -0.188871 0.004240
-0.981044 -0.193775 0.002076
-0.978687 -0.205286 0.005492
-0.169258 0.324008 0.930790
-0.269391 0.552741 0.788610
-0.210648 0.417931 0.883720
-0.031815 -0.310422 0.950066
-0.031815 -0.310422 0.950066
-0.031815 -0.310422 0.950066
0.700538 0.587233 -0.405467
0.700539 0.587233 -0.405467
0.700539 0.587232 -0.405466
-0.359100 -0.246601 0.900130
-0.278458 -0.124469 0.952349
-0.371698 -0.213257 0.903527
-0.599750 0.594742 -0.535334
-0.756136 0.431578 -0.491934
-0.569846 0.619485 -0.539920
-0.982404 -0.186766 -0.000001
-0.982404 -0.186766 -0.000001
-0.982404 -0.186766 -0.000001
0.739494 -0.295201 -0.604983
0.691279 -0.608473 0.389737
-0.063079 -0.977386 -0.201836
0.741805 0.226952 0.631044
0.691279 -0.608473 0.389737
0.739494 -0.295201 -0.604983
-0.701919 0.608203 -0.370672
-0.627295 0.336799 0.702188
-0.063944 0.988998 -0.133397
-0.925284 -0.352838 -0.139119
-0.627295 0.336799 0.702188
-0.701919 0.608203 -0.370672
-0.329455 -0.944171 0.000001
-0.329455 -0.944171 0.000001
-0.329455 -0.944171 0.000001
-0.274294 0.090406 0.957387
-0.274294 0.090406 0.957387
-0.274294 0.090406 0.957387
-0.328025 -0.944664 0.003063
-0.324697 -0.945817 0.001464
-0.316856 -0.948466 0.003871
-0.671709 0.384437 0.633258
-0.671709 0.384437 0.633258
-0.671709 0.384437 0.633258
0.000000 0.000000 1.000000
-0.000000 0.000000 1.000000
0.000000 0.000000 1.000000
0.500002 0.700640 -0.509020
0.500002 0.700640 -0.509020
0.500002 0.700640 -0.509020
0.000937 0.821350 0.570424
-0.169698 0.917344 0.360113
-0.066705 0.867615 0.492742
-0.712344 0.694461 -0.101439
-0.476714 0.865519 -0.153687
-0.759209 0.644908 -0.087723
0.014088 -0.352423 0.935735
0.014088 -0.352423 0.935735
0.014088 -0.352423 0.935735
-0.164729 -0.472084 0.866026
-0.164729 -0.472084 0.866026
-0.164729 -0.472084 0.866026
0.652948 -0.757402 0.000001
0.652949 -0.757402 0.000001
0.652948 -0.757402 0.000001
0.036931 0.498634 0.866026
0.036931 0.498634 0.866026
0.036931 0.498634 0.866026
-0.285314 -0.817676 0.500002
-0.285314 -0.817676 0.500002
-0.285314 -0.817676 0.500002
-0.757403 -0.652948 -0.000001
-0.757403 -0.652948 -0.000001
-0.757403 -0.652947 -0.000001
0.186771 -0.982403 0.000002
0.186771 -0.982404 0.000002
0.186771 -0.982403 0.000002
0.164728 0.472086 0.866025
0.164728 0.472085 0.866025
0.164728 0.472085 0.866025
0.000000 0.000000 1.000000
0.000000 0.000000 1.000000
0.000000 0.000000 1.000000
0.944171 -0.329457 -0.000001
0.944171 -0.329457 -0.000001
0.944171 -0.329457 -0.000001
0.725226 -0.253058 0.640319
0.725226 -0.253058 0.640319
0.725226 -0.253058 0.640319
0.944171 -0.329456 0.000000
0.944171 -0.329456 0.000000
0.944171 -0.329456 0.000000
-0.000000 0.000000 1.000000
-0.000000 0.000000 1.000000
-0.000000 0.000000 1.000000
-0.982404 -0.186768 0.000002
-0.982404 -0.186768 0.000002
-0.982404 -0.186768 0.000002
0.285317 0.817676 0.500001
0.285317 0.817676 0.500001
0.285317 0.817676 0.500001
0.378814 -0.348733 0.857254
0.378814 -0.348733 0.857254
0.378814 -0.348733 0.857255
-0.831812 0.289088 0.473832
-0.831812 0.289088 0.473832
-0.831812 0.289088 0.473832
-0.755984 -0.654577 0.004228
-0.752826 -0.658216 0.002029
-0.745163 -0.666860 0.005388
-0.523986 0.208871 0.825719
-0.523986 0.208871 0.825719
-0.523986 0.208871 0.825719
0.336112 -0.138469 0.931587
0.336112 -0.138469 0.931587
0.336112 -0.138469 0.931587
-0.000000 0.000000 1.000000
-0.000000 0.000000 1.000000
-0.000000 0.000000 1.000000
-0.258820 0.781465 -0.567737
-0.258821 0.781465 -0.567736
-0.258820 0.781464 -0.567738
-0.019480 0.009001 0.999770
-0.019480 0.009001 0.999770
-0.019480 0.009001 0.999770
0.944171 -0.329457 0.000001
0.944170 -0.329457 0.000001
0.944170 -0.329457 0.000001
0.378816 -0.348731 0.857254
0.378816 -0.348731 0.857254
0.378816 -0.348731 0.857254
0.000000 0.000000 1.000000
0.000000 0.000000 1.000000
0.000000 0.000000 1.000000
0.725224 -0.253061 0.640321
0.725224 -0.253061 0.640321
0.725224 -0.253061 0.640321
-0.982404 -0.186768 -0.000000
-0.982404 -0.186768 -0.000000
-0.982404 -0.186768 -0.000000
-0.682006 -0.712385 0.165453
-0.682006 -0.712386 0.165453
-0.682006 -0.712386 0.165453
-0.057106 -0.490717 0.869446
-0.057106 -0.490717 0.869445
-0.057106 -0.490717 0.869446
-0.625830 0.395412 0.672299
-0.688691 0.653157 0.314786
-0.682869 0.699258 0.211489
-0.822530 0.299521 0.483458
-0.822530 0.299521 0.483458
-0.822530 0.299521 0.483458
-0.526252 0.130358 0.840277
-0.526252 0.130358 0.840277
-0.526252 0.130358 0.840277
0.116450 0.473499 0.873062
0.116450 0.473499 0.873062
0.116450 0.473499 0.873062
-0.510391 0.191811 0.838278
-0.472563 0.182708 0.862150
-0.557488 0.230152 0.797645
-0.276285 -0.430573 0.859229
-0.276285 -0.430573 0.859229
-0.276285 -0.430573 0.859229
0.037390 0.542288 0.839361
0.040451 0.504884 0.862239
0.056511 0.584064 0.809738
-0.121455 0.505516 0.854226
-0.121455 0.505516 0.854226
-0.121455 0.505516 0.854226
-0.680831 0.322304 0.657715
-0.680831 0.322304 0.657715
-0.680831 0.322304 0.657715
-0.813816 0.275018 0.511926
-0.823371 0.287586 0.489238
-0.826014 0.287027 0.485093
-0.008626 0.003479 0.999957
-0.012704 0.003773 0.999912
-0.023905 -0.011849 0.999644
0.723947 -0.251829 0.642248
0.705185 -0.254711 0.661691
0.725224 -0.253058 0.640321
0.000000 0.000000 1.000000
0.000000 0.000000 1.000000
0.000000 0.000000 1.000000
0.388289 -0.338875 0.856969
0.376354 -0.338355 0.862481
0.394956 -0.343677 0.851995
0.723989 -0.240867 0.646393
0.717558 -0.251963 0.649327
0.730340 -0.236112 0.640979
-0.982404 -0.186769 0.000001
-0.982404 -0.186769 0.000001
-0.982404 -0.186769 0.000001
-0.757404 -0.652946 -0.000002
-0.757404 -0.652946 -0.000002
-0.757404 -0.652946 -0.000002
0.652946 -0.757404 0.000001
0.652946 -0.757404 0.000001
0.652946 -0.757404 0.000001
-0.329453 -0.944172 -0.000005
-0.329453 -0.944172 -0.000005
-0.329453 -0.944172 -0.000005
0.944170 -0.329459 0.000001
0.944170 -0.329459 0.000001
0.944170 -0.329459 0.000001
0.186766 -0.982404 0.000002
0.186766 -0.982404 0.000002
0.186766 -0.982404 0.000002
-0.215976 -0.450642 0.866185
-0.193639 -0.499602 0.844335
-0.214510 -0.504480 0.836353
-0.717070 0.696819 0.015899
-0.724497 0.688705 0.028102
-0.730289 0.682089 0.037843
-0.295308 -0.817948 0.493714
-0.309180 -0.826733 0.470022
-0.309665 -0.825148 0.472482
0.138061 -0.982485 -0.125153
0.138061 -0.982485 -0.125153
0.138061 -0.982485 -0.125153
-0.318307 -0.798489 0.510976
-0.318307 -0.798489 0.510976
-0.318307 -0.798489 0.510976
0.037713 0.318750 0.947088
0.037713 0.318750 0.947088
0.037713 0.318750 0.947088
-0.723309 0.263577 -0.638241
-0.723308 0.263577 -0.638241
-0.723309 0.263578 -0.638241
-0.231166 -0.263578 0.936530
-0.231166 -0.263578 0.936530
-0.231166 -0.263579 0.936530
-0.968669 0.152176 -0.196271
-0.968669 0.152176 -0.196271
-0.968669 0.152176 -0.196271
-0.398615 0.824942 0.400721
-0.398615 0.824942 0.400720
-0.398615 0.824941 0.400721
-0.684530 -0.152176 0.712924
-0.684531 -0.152177 0.712923
-0.684530 -0.152175 0.712925
-0.284138 0.304353 -0.909195
-0.284138 0.304353 -0.909195
-0.284138 0.304353 -0.909195
0.240815 0.824016 0.512840
0.240815 0.824016 0.512840
0.240815 0.824016 0.512840
0.801014 0.596499 -0.050652
0.801013 0.596500 -0.050653
0.801014 0.596499 -0.050652
0.484112 0.869284 -0.099905
0.666158 0.744677 0.041103
0.542896 0.837806 -0.057837
-0.329454 -0.944172 -0.000002
-0.329454 -0.944172 -0.000002
-0.329454 -0.944171 -0.000002
-0.898456 0.246541 0.363310
-0.898455 0.246542 0.363313
-0.898456 0.246542 0.363311
0.871992 0.476281 -0.113078
0.871991 0.476283 -0.113077
0.871992 0.476282 -0.113078
-0.398616 0.824940 0.400724
-0.398616 0.824939 0.400725
-0.398616 0.824940 0.400724
0.090785 0.952560 0.290497
0.090785 0.952560 0.290496
0.090785 0.952560 0.290496
-0.781207 0.476280 0.403576
-0.781206 0.476280 0.403578
-0.781206 0.476280 0.403577
0.954475 0.000002 -0.298291
0.954475 0.000002 -0.298291
0.954475 0.000002 -0.298291
-0.781208 0.476279 0.403575
-0.781209 0.476277 0.403575
-0.781208 0.476279 0.403575
-0.159343 0.920102 0.357803
-0.159345 0.920101 0.357804
-0.159344 0.920101 0.357803
-0.684532 -0.152176 0.712923
-0.684531 -0.152175 0.712924
-0.684531 -0.152176 0.712923
-0.284139 0.304354 -0.909194
-0.284139 0.304353 -0.909194
-0.284139 0.304354 -0.909194
-0.684530 -0.152176 0.712924
-0.684530 -0.152176 0.712924
-0.684530 -0.152176 0.712924
0.871993 0.476279 -0.113077
0.871994 0.476278 -0.113077
0.871993 0.476278 -0.113077
-0.781207 0.476279 0.403577
-0.781206 0.476279 0.403578
-0.781207 0.476279 0.403577
0.945449 0.246542 -0.212939
0.945449 0.246542 -0.212939
0.945449 0.246542 -0.212939
-0.781208 0.476278 0.403574
-0.781208 0.476279 0.403574
-0.781208 0.476279 0.403575
0.871992 0.476281 -0.113078
0.871992 0.476281 -0.113076
0.871992 0.476281 -0.113078
-0.898456 0.246539 0.363311
-0.898458 0.246534 0.363311
-0.898457 0.246537 0.363311
-0.398616 0.824941 0.400722
-0.398616 0.824941 0.400722
-0.398616 0.824941 0.400722
-0.159344 0.920102 0.357802
-0.159344 0.920102 0.357801
-0.159344 0.920102 0.357802
-0.159345 0.920102 0.357801
-0.159345 0.920102 0.357801
-0.159345 0.920102 0.357801
0.945449 0.246542 -0.212938
0.945450 0.246542 -0.212937
0.945449 0.246542 -0.212938
-0.398615 0.824941 0.400723
-0.398619 0.824939 0.400724
-0.398616 0.824940 0.400723
0.954476 -0.000001 -0.298289
0.954476 0.000001 -0.298288
0.954476 -0.000000 -0.298289
0.739110 0.673562 -0.005510
0.739110 0.673562 -0.005506
0.739110 0.673562 -0.005509
-0.684530 -0.152177 0.712924
-0.684530 -0.152177 0.712924
-0.684530 -0.152177 0.712924
-0.284139 0.304353 -0.909194
-0.284139 0.304353 -0.909194
-0.284139 0.304353 -0.909194
0.739111 0.673561 -0.005508
0.739111 0.673561 -0.005508
0.739111 0.673561 -0.005508
0.090787 0.952559 0.290499
0.090787 0.952559 0.290498
0.090787 0.952559 0.290498
-0.898456 0.246541 0.363311
-0.898458 0.246540 0.363307
-0.898456 0.246541 0.363309
-0.090139 0.928367 0.360568
-0.083275 0.927324 0.364877
-0.111906 0.931269 0.346719
-0.616648 0.658922 0.430774
-0.610722 0.673561 0.416335
-0.621007 0.647478 0.441727
-0.284138 0.304353 -0.909195
-0.284137 0.304353 -0.909195
-0.284137 0.304353 -0.909195
-0.968669 0.152177 -0.196271
-0.968669 0.152176 -0.196271
-0.968669 0.152177 -0.196271
-0.723308 0.263578 -0.638241
-0.723308 0.263578 -0.638241
-0.723308 0.263578 -0.638241
0.555861 0.824940 0.102434
0.555862 0.824939 0.102434
0.555861 0.824940 0.102434
0.945449 0.246542 -0.212939
0.945449 0.246543 -0.212938
0.945449 0.246542 -0.212938
-0.723308 0.263578 -0.638241
-0.723309 0.263578 -0.638240
-0.723309 0.263578 -0.638241
-0.610721 0.673562 0.416333
-0.610724 0.673559 0.416333
-0.610722 0.673561 0.416333
-0.968670 0.152177 -0.196269
-0.968670 0.152177 -0.196269
-0.968670 0.152177 -0.196269
0.334728 0.920102 0.203396
0.334728 0.920102 0.203397
0.334728 0.920102 0.203396
-0.231166 -0.263577 0.936530
-0.231166 -0.263577 0.936530
-0.231166 -0.263577 0.936530
0.954475 -0.000002 -0.298291
0.954475 -0.000001 -0.298291
0.954475 -0.000002 -0.298291
-0.898456 0.246539 0.363312
-0.898455 0.246542 0.363312
-0.898456 0.246540 0.363312
-0.968670 0.152176 -0.196269
-0.968670 0.152175 -0.196270
-0.968670 0.152176 -0.196270
0.334728 0.920102 0.203395
0.334728 0.920103 0.203393
0.334728 0.920102 0.203395
0.871992 0.476281 -0.113078
0.871992 0.476281 -0.113077
0.871992 0.476281 -0.113078
-0.968670 0.152176 -0.196269
-0.968670 0.152176 -0.196268
-0.968670 0.152176 -0.196269
-0.284138 0.304352 -0.909195
-0.284138 0.304352 -0.909195
-0.284138 0.304352 -0.909195
-0.610722 0.673562 0.416334
-0.610725 0.673560 0.416331
-0.610722 0.673561 0.416334
0.555859 0.824941 0.102435
0.555861 0.824940 0.102436
0.555860 0.824941 0.102435
0.739111 0.673561 -0.005509
0.739111 0.673561 -0.005510
0.739111 0.673561 -0.005509
0.334727 0.920102 0.203397
0.334728 0.920102 0.203397
0.334727 0.920102 0.203397
-0.684531 -0.152178 0.712923
-0.684531 -0.152178 0.712923
-0.684531 -0.152178 0.712923
-0.284138 0.304353 -0.909194
-0.284138 0.304352 -0.909195
-0.284138 0.304353 -0.909195
0.945450 0.246540 -0.212938
0.945451 0.246537 -0.212936
0.945450 0.246539 -0.212938
-0.723308 0.263577 -0.638242
-0.723308 0.263577 -0.638242
-0.723308 0.263577 -0.638242
0.739110 0.673562 -0.005509
0.739111 0.673561 -0.005508
0.739111 0.673562 -0.005509
-0.898456 0.246542 0.363311
-0.898456 0.246544 0.363308
-0.898456 0.246543 0.363310
0.090787 0.952559 0.290498
0.090784 0.952559 0.290499
0.090786 0.952559 0.290498
0.090786 0.952560 0.290496
0.090785 0.952560 0.290496
0.090785 0.952560 0.290496
-0.684530 -0.152177 0.712924
-0.684530 -0.152177 0.712924
-0.684530 -0.152177 0.712924
-0.231166 -0.263578 0.936530
-0.231167 -0.263578 0.936530
-0.231166 -0.263578 0.936530
0.945450 0.246540 -0.212940
0.945450 0.246537 -0.212941
0.945450 0.246539 -0.212940
-0.968669 0.152177 -0.196272
-0.968669 0.152178 -0.196271
-0.968669 0.152177 -0.196272
-0.159344 0.920102 0.357802
-0.159344 0.920102 0.357801
-0.159344 0.920102 0.357802
-0.610720 0.673562 0.416336
-0.610718 0.673564 0.416336
-0.610719 0.673562 0.416336
-0.231167 -0.263577 0.936530
-0.231166 -0.263576 0.936531
-0.231166 -0.263577 0.936531
0.954475 -0.000001 -0.298291
0.954476 -0.000000 -0.298289
0.954475 -0.000001 -0.298291
0.334729 0.920102 0.203395
0.334729 0.920102 0.203395
0.334729 0.920102 0.203395
0.555860 0.824941 0.102435
0.555860 0.824941 0.102434
0.555860 0.824941 0.102435
-0.723308 0.263578 -0.638241
-0.723309 0.263578 -0.638240
-0.723309 0.263578 -0.638241
-0.723308 0.263577 -0.638241
-0.723308 0.263577 -0.638242
-0.723308 0.263577 -0.638241
0.739112 0.673560 -0.005509
0.739113 0.673559 -0.005509
0.739112 0.673560 -0.005509
-0.398614 0.824941 0.400724
-0.398614 0.824942 0.400721
-0.398614 0.824941 0.400723
0.334731 0.920100 0.203397
0.334727 0.920102 0.203394
0.334730 0.920101 0.203396
-0.398617 0.824940 0.400722
-0.398617 0.824940 0.400722
-0.398617 0.824940 0.400722
-0.231166 -0.263577 0.936530
-0.231167 -0.263577 0.936530
-0.231166 -0.263577 0.936530
-0.781207 0.476279 0.403575
-0.781206 0.476281 0.403575
-0.781207 0.476280 0.403575
0.954476 0.000001 -0.298288
0.954476 0.000002 -0.298288
0.954476 0.000001 -0.298288
0.334728 0.920102 0.203398
0.334732 0.920100 0.203400
0.334729 0.920101 0.203399
0.954475 0.000001 -0.298290
0.954475 0.000001 -0.298290
0.954475 0.000001 -0.298290
0.945449 0.246539 -0.212941
0.945449 0.246540 -0.212941
0.945449 0.246539 -0.212941
-0.898455 0.246541 0.363312
-0.898455 0.246540 0.363313
-0.898455 0.246540 0.363313
-0.231166 -0.263577 0.936530
-0.231166 -0.263578 0.936530
-0.231166 -0.263578 0.936530
0.539418 0.822233 0.181551
0.480959 0.865582 0.139450
0.521206 0.836677 0.168276
-0.483294 0.349673 0.802593
-0.483294 0.349673 0.802593
-0.483294 0.349673 0.802593
-0.717410 0.250333 0.650120
-0.717410 0.250333 0.650120
-0.717410 0.250333 0.650120
0.023667 0.319545 0.947276
0.023667 0.319545 0.947276
0.023667 0.319545 0.947276
0.353808 -0.163854 0.920854
0.353807 -0.163854 0.920854
0.353808 -0.163854 0.920854
-0.023667 -0.319544 0.947276
-0.023667 -0.319544 0.947276
-0.023667 -0.319544 0.947276
0.105564 0.302532 0.947275
0.105564 0.302532 0.947275
0.105564 0.302532 0.947275
0.592551 -0.206764 0.778545
0.592551 -0.206764 0.778545
0.592551 -0.206764 0.778545
-0.105563 -0.302530 0.947276
-0.105563 -0.302530 0.947276
-0.105563 -0.302530 0.947276
0.353807 -0.163855 0.920854
0.353807 -0.163855 0.920854
0.353807 -0.163855 0.920854
-0.483894 0.349449 0.802329
-0.483894 0.349449 0.802329
-0.483894 0.349449 0.802329
0.592553 -0.206763 0.778544
0.592553 -0.206763 0.778544
0.592553 -0.206763 0.778544
-0.717410 0.250333 0.650120
-0.717410 0.250333 0.650120
-0.717410 0.250333 0.650120
-0.329457 -0.944171 0.000002
-0.329457 -0.944170 0.000002
-0.329457 -0.944171 0.000002
0.451282 0.892311 -0.011211
0.555859 0.824941 0.102432
0.371100 0.924224 -0.089974
-0.510782 0.129126 0.849958
-0.491704 0.178735 0.852221
-0.477032 0.147722 0.866382
-0.528659 0.497408 0.687826
-0.528659 0.497409 0.687826
-0.528659 0.497408 0.687826
-0.757401 -0.652950 -0.000001
-0.757401 -0.652950 -0.000001
-0.757401 -0.652950 -0.000001
-0.105565 -0.302533 0.947275
-0.105565 -0.302533 0.947275
-0.105565 -0.302533 0.947275
0.105564 0.302531 0.947276
0.105564 0.302531 0.947276
0.105564 0.302531 0.947276
-0.023667 -0.319545 0.947276
-0.023667 -0.319545 0.947275
-0.023667 -0.319545 0.947276
0.023666 0.319544 0.947276
0.023666 0.319544 0.947276
0.023666 0.319544 0.947276
-0.302532 0.105565 0.947275
-0.302532 0.105565 0.947275
-0.302532 0.105565 0.947275
-0.717409 0.250331 0.650122
-0.717409 0.250331 0.650122
-0.717409 0.250331 0.650122
0.592552 -0.206764 0.778544
0.592552 -0.206764 0.778544
0.592552 -0.206764 0.778544
-0.483896 0.349449 0.802328
-0.483896 0.349449 0.802328
-0.483896 0.349449 0.802328
0.652505 -0.757783 -0.001271
0.654870 -0.755741 -0.000870
0.651337 -0.758788 -0.000615
0.187254 -0.982311 0.001051
0.184704 -0.982794 0.000720
0.188479 -0.982077 0.000505
0.316988 -0.394587 0.862450
0.030860 -0.682070 0.730635
-0.025744 -0.723890 0.689435
-0.328025 -0.944664 0.003063
-0.335211 -0.942141 0.002095
-0.324697 -0.945817 0.001464
0.943658 -0.330905 -0.003287
0.946304 -0.323270 -0.002242
0.942345 -0.334639 -0.001597
0.148564 0.981072 0.124205
0.090786 0.952560 0.290495
0.175189 0.983674 0.041173
-0.036577 -0.314419 0.948579
-0.036577 -0.314419 0.948579
-0.036577 -0.314419 0.948579
-0.755984 -0.654577 0.004228
-0.762840 -0.646580 0.002870
-0.752826 -0.658216 0.002029
0.186765 -0.982405 0.000000
0.186765 -0.982405 0.000000
0.186765 -0.982405 0.000000
-0.663075 0.329184 0.672286
-0.648254 0.371111 0.664864
-0.641095 0.348524 0.683760
-0.981993 -0.188871 0.004240
-0.983920 -0.178588 0.002851
-0.981044 -0.193775 0.002076
-0.475362 0.348864 0.807666
-0.474679 0.349576 0.807760
-0.474491 0.352194 0.806733
-0.523935 0.783482 0.334137
-0.704777 0.651940 0.279756
-0.490252 0.801822 0.341664
-0.359100 -0.246601 0.900130
-0.371698 -0.213257 0.903527
-0.460423 -0.322622 0.826998
0.366830 0.610247 0.702164
-0.563468 0.317575 0.762660
0.589392 -0.285086 0.755872
0.654301 0.693979 -0.300474
0.366830 0.610247 0.702164
0.589392 -0.285086 0.755872
-0.982404 -0.186768 0.000002
-0.982404 -0.186768 0.000002
-0.982404 -0.186768 0.000002
0.944171 -0.329456 0.000001
0.944171 -0.329456 0.000001
0.944171 -0.329456 0.000001
0.652948 -0.757403 0.000002
0.652948 -0.757403 0.000002
0.652948 -0.757403 0.000002
0.105564 0.302530 0.947276
0.105564 0.302530 0.947276
0.105564 0.302530 0.947276
-0.105565 -0.302533 0.947275
-0.105565 -0.302533 0.947275
-0.105565 -0.302533 0.947275
-0.823635 0.286025 0.489709
-0.817988 0.308028 0.485813
-0.818830 0.314908 0.479948
0.555861 0.824940 0.102432
0.555861 0.824940 0.102429
0.555861 0.824940 0.102431
-0.530835 0.492726 0.689518
-0.274021 0.636070 0.721337
-0.585060 0.452346 0.673118
-0.023666 -0.319546 0.947275
-0.023666 -0.319545 0.947275
-0.023668 -0.319545 0.947275
-0.717411 0.250331 0.650120
-0.717411 0.250332 0.650120
-0.717410 0.250332 0.650120
0.353807 -0.163855 0.920854
0.353807 -0.163855 0.920854
0.353808 -0.163855 0.920854
-0.105565 -0.302532 0.947275
-0.105565 -0.302532 0.947275
-0.105565 -0.302532 0.947275
0.105565 0.302532 0.947275
0.105564 0.302532 0.947275
0.105564 0.302532 0.947275
0.592553 -0.206764 0.778543
0.592553 -0.206764 0.778544
0.592552 -0.206765 0.778543
0.152943 0.468479 0.870136
0.163419 0.461074 0.872184
0.150289 0.473921 0.867647
0.789591 0.505187 -0.348327
0.789592 0.505187 -0.348326
0.789592 0.505187 -0.348325
-0.717409 0.250333 0.650122
-0.717409 0.250333 0.650122
-0.717409 0.250333 0.650122
-0.483894 0.349449 0.802329
-0.483894 0.349449 0.802329
-0.483894 0.349449 0.802329
0.592553 -0.206762 0.778544
0.592553 -0.206762 0.778544
0.592553 -0.206762 0.778544
-0.302530 0.105564 0.947276
-0.302530 0.105564 0.947276
-0.302530 0.105564 0.947276
0.353806 -0.163853 0.920855
0.353806 -0.163853 0.920855
0.353806 -0.163853 0.920855
0.654301 0.693979 -0.300474
0.887191 -0.309575 -0.342135
0.000000 -0.000001 -1.000000
0.887191 -0.309575 -0.342135
0.166026 -0.949356 -0.266756
0.000000 -0.000001 -1.000000
0.037543 0.322731 0.945746
0.037543 0.322731 0.945746
0.037543 0.322731 0.945746
-0.159344 0.920102 0.357801
-0.159344 0.920102 0.357800
-0.159344 0.920102 0.357801
0.024914 0.319073 0.947403
0.023668 0.319545 0.947275
0.023666 0.319545 0.947276
0.038375 0.478774 0.877099
0.045171 0.480010 0.876099
0.047207 0.469141 0.881861
-0.149987 0.822333 0.548884
-0.074506 0.834661 0.545701
0.232299 0.834107 0.500302
-0.044469 -0.491572 0.869701
-0.065691 -0.497474 0.864988
-0.077830 -0.507483 0.858140
-0.169255 0.925162 -0.339748
-0.269389 0.779121 -0.566038
-0.210646 0.876505 -0.432860
-0.543554 -0.759120 -0.358171
-0.522047 -0.078291 -0.849316
0.524802 -0.060204 -0.849092
-0.522047 -0.078291 -0.849316
-0.543554 -0.759120 -0.358171
-0.853274 -0.184363 0.487785
0.000003 0.160428 0.987048
0.853275 -0.184363 0.487783
0.007163 0.864292 0.502939
-0.872329 0.488719 -0.014020
0.000003 0.160428 0.987048
0.007163 0.864292 0.502939
0.524802 -0.060204 -0.849092
0.543554 -0.759119 -0.358173
-0.543554 -0.759120 -0.358171
0.543554 -0.759119 -0.358173
0.524802 -0.060204 -0.849092
0.858580 0.511285 -0.037790
-0.853274 -0.184363 0.487785
-0.872329 0.488719 -0.014020
-0.522047 -0.078291 -0.849316
-0.872329 0.488719 -0.014020
-0.853274 -0.184363 0.487785
0.000003 0.160428 0.987048
-0.329458 -0.944170 0.000004
-0.329458 -0.944170 0.000004
-0.329458 -0.944170 0.000004
0.186765 -0.982405 -0.000001
0.186765 -0.982405 -0.000001
0.186765 -0.982405 -0.000001
-0.982404 -0.186767 -0.000002
-0.982404 -0.186767 -0.000002
-0.982404 -0.186767 -0.000002
0.944172 -0.329454 0.000000
0.944172 -0.329454 0.000000
0.944172 -0.329454 0.000000
-0.757401 -0.652950 0.000005
-0.757401 -0.652950 0.000005
-0.757401 -0.652950 0.000005
0.652947 -0.757403 -0.000003
0.652947 -0.757403 -0.000003
0.652947 -0.757403 -0.000003
-0.500000 0.000000 -0.866026
-0.500000 0.000000 -0.866026
-0.500000 0.000000 -0.866026
-0.500000 0.000000 0.866026
-0.500000 0.000000 0.866026
-0.500000 0.000000 0.866026
-0.500000 0.866026 0.000000
-0.500000 0.866026 0.000000
-0.500000 0.866026 0.000000
-0.866025 -0.000000 -0.500000
-0.866025 0.000000 -0.500000
-0.866025 -0.000000 -0.500000
-0.866025 0.000000 0.500000
-0.866025 0.000000 0.500000
-0.866025 0.000000 0.500000
-0.000000 -0.000000 -1.000000
-0.000000 -0.000000 -1.000000
-0.000000 -0.000000 -1.000000
-0.180310 -0.705732 -0.685151
-0.121828 0.490131 -0.863093
0.236612 -0.227508 -0.944592
-0.180310 -0.705732 -0.685151
0.236612 -0.227508 -0.944592
0.449168 -0.891096 0.064780
0.779657 0.626207 0.000000
0.779657 0.626207 0.000000
0.779657 0.626207 0.000000
0.491872 0.842973 -0.217850
0.623568 0.781769 0.000000
0.535430 0.830547 -0.153320
-0.866025 -0.000000 -0.500000
-0.866026 -0.000000 -0.500000
-0.866025 -0.000000 -0.500000
-0.500000 -0.000000 -0.866026
-0.500000 -0.000000 -0.866026
-0.500000 -0.000000 -0.866026
-0.866026 0.499999 -0.000000
-0.866026 0.499999 0.000001
-0.866026 0.499999 0.000000
-0.866025 0.000000 0.500000
-0.866026 0.000000 0.500000
-0.866025 0.000000 0.500000
0.707107 0.707107 0.000000
0.707107 0.707107 0.000000
0.707107 0.707107 0.000000
0.000000 -0.000000 -1.000000
-0.000000 -0.000000 -1.000000
-0.000000 -0.000000 -1.000000
0.866023 0.500004 0.000002
0.866023 0.500003 0.000002
0.866023 0.500004 0.000002
0.707107 0.707107 0.000000
0.707107 0.707107 0.000000
0.707107 0.707107 0.000000
-0.000000 0.000000 -1.000000
0.000000 0.000000 -1.000000
-0.000000 0.000000 -1.000000
0.866025 0.500000 -0.000001
0.866027 0.499998 -0.000001
0.866026 0.499999 -0.000001
1.000000 0.000000 0.000000
1.000000 0.000000 0.000000
1.000000 0.000000 0.000000
-0.258818 0.965926 -0.000001
-0.258823 0.965925 -0.000000
-0.258820 0.965926 -0.000001
-0.866026 0.000001 -0.500000
-0.866026 0.000002 -0.499999
-0.866026 0.000001 -0.500000
-0.866026 0.499998 -0.000001
-0.866028 0.499995 -0.000000
-0.866027 0.499997 -0.000001
-0.707104 0.707109 -0.000001
-0.707104 0.707110 0.000000
-0.707104 0.707109 -0.000001
0.499999 0.866026 -0.000001
0.499999 0.866026 -0.000001
0.499999 0.866026 -0.000001
-0.258817 0.965926 0.000001
-0.258816 0.965927 -0.000001
-0.258817 0.965927 0.000000
-0.866025 0.000000 0.500001
-0.866023 0.000001 0.500004
-0.866024 0.000000 0.500002
-0.500000 0.000000 0.866026
-0.500000 0.000000 0.866026
-0.500000 0.000000 0.866026
-0.707105 0.707109 0.000002
-0.707103 0.707110 0.000002
-0.707104 0.707109 0.000002
-0.866026 -0.000000 -0.499999
-0.866026 0.000000 -0.499998
-0.866026 -0.000000 -0.499999
-0.499999 0.866026 -0.000002
-0.500002 0.866024 0.000004
-0.500000 0.866025 0.000000
0.258820 0.965926 -0.000001
0.258818 0.965926 0.000004
0.258819 0.965926 0.000001
1.000000 0.000000 0.000000
1.000000 0.000000 0.000000
1.000000 0.000000 0.000000
0.000000 0.000000 -1.000000
0.000000 0.000000 -1.000000
0.000000 0.000000 -1.000000
-0.965925 0.258822 0.000001
-0.965925 0.258823 0.000001
-0.965925 0.258822 0.000001
-0.707108 0.707106 -0.000002
-0.707106 0.707108 -0.000002
-0.707107 0.707107 -0.000002
0.500000 0.866026 0.000000
0.500000 0.866026 0.000000
0.500000 0.866026 0.000000
-0.500001 -0.000001 -0.866025
-0.500000 -0.000001 -0.866026
-0.500000 -0.000001 -0.866025
-0.500000 -0.000001 0.866026
-0.500001 -0.000001 0.866025
-0.500000 -0.000001 0.866025
-0.499999 0.866026 -0.000001
-0.499998 0.866027 -0.000001
-0.499998 0.866026 -0.000001
0.258818 0.965926 0.000000
0.258818 0.965926 0.000000
0.258818 0.965926 0.000000
0.000000 -0.000000 -1.000000
0.000000 -0.000000 -1.000000
0.000000 -0.000000 -1.000000
0.258821 0.965925 0.000001
0.258831 0.965923 -0.000000
0.258824 0.965924 0.000000
0.258821 0.965925 0.000001
0.258821 0.965925 0.000000
0.258821 0.965925 0.000000
0.000000 1.000000 0.000000
0.000000 1.000000 0.000000
0.000000 1.000000 0.000000
-0.499999 -0.000001 0.866026
-0.499999 -0.000001 0.866026
-0.499999 -0.000001 0.866026
-0.866026 0.500000 0.000000
-0.866026 0.500000 0.000000
-0.866026 0.500000 0.000000
-0.500001 0.866025 -0.000003
-0.500003 0.866024 -0.000003
-0.500001 0.866025 -0.000003
0.965925 0.258821 -0.000001
0.965925 0.258821 -0.000000
0.965925 0.258821 -0.000000
0.500000 0.866026 0.000001
0.499999 0.866026 0.000002
0.500000 0.866026 0.000002
0.707107 0.707107 0.000000
0.707107 0.707107 0.000000
0.707107 0.707107 0.000000
-0.500000 0.866025 0.000000
-0.499999 0.866026 -0.000002
-0.500000 0.866025 -0.000001
1.000000 0.000000 0.000000
1.000000 0.000000 0.000000
1.000000 0.000000 0.000000
-0.193586 0.980886 0.019661
-0.188320 0.981768 0.025847
-0.210233 0.977651 0.000000
-0.866026 -0.000001 0.500000
-0.866026 -0.000002 0.499999
-0.866026 -0.000001 0.500000
-0.866026 -0.000001 0.500000
-0.866026 -0.000002 0.499999
-0.866026 -0.000001 0.500000
0.000000 1.000000 0.000000
0.000000 1.000000 0.000000
0.000000 1.000000 0.000000
0.000000 1.000000 0.000000
0.000000 1.000000 0.000000
0.000000 1.000000 0.000000
0.000000 1.000000 0.000000
0.000000 1.000000 0.000000
0.000000 1.000000 0.000000
-0.866025 -0.000000 -0.500001
-0.866023 -0.000000 -0.500005
-0.866024 -0.000000 -0.500002
0.707108 0.707106 -0.000000
0.707111 0.707103 -0.000000
0.707109 0.707105 -0.000000
-0.866026 0.000001 -0.500000
-0.866026 0.000002 -0.499999
-0.866026 0.000001 -0.500000
0.258821 0.965925 0.000000
0.258821 0.965925 0.000000
0.258821 0.965925 0.000000
-0.499999 -0.000001 -0.866026
-0.499999 -0.000001 -0.866026
-0.499999 -0.000001 -0.866026
-0.965926 0.258818 -0.000001
-0.965927 0.258816 -0.000001
-0.965926 0.258817 -0.000001
-0.965926 0.258819 -0.000000
-0.965925 0.258821 -0.000005
-0.965926 0.258819 -0.000002
-0.965926 0.258819 -0.000000
-0.965927 0.258816 0.000005
-0.965926 0.258818 0.000002
0.258820 0.965926 -0.000000
0.258821 0.965925 -0.000004
0.258820 0.965926 -0.000001
-0.258820 0.965926 0.000000
-0.258821 0.965925 0.000004
-0.258820 0.965926 0.000001
-0.866025 0.500001 -0.000001
-0.866023 0.500005 -0.000001
-0.866024 0.500003 -0.000001
-0.500000 0.866026 0.000000
-0.500000 0.866026 0.000000
-0.500000 0.866026 0.000000
-0.866026 -0.000000 0.499999
-0.866026 -0.000000 0.499998
-0.866026 -0.000000 0.499999
0.866025 0.500001 -0.000001
0.866023 0.500004 -0.000000
0.866024 0.500002 -0.000000
0.707107 0.707107 0.000000
0.707107 0.707107 0.000000
0.707107 0.707107 0.000000
-0.500000 -0.000001 0.866025
-0.500000 -0.000001 0.866025
-0.500000 -0.000001 0.866025
0.965926 0.258818 0.000001
0.965927 0.258816 0.000000
0.965926 0.258817 0.000001
0.965926 0.258820 0.000001
0.965926 0.258818 -0.000004
0.965926 0.258819 -0.000001
-0.866026 0.500000 0.000000
-0.866026 0.500000 0.000000
-0.866026 0.500000 0.000000
-0.258818 0.965926 -0.000001
-0.258821 0.965925 -0.000000
-0.258819 0.965926 -0.000001
-0.500001 0.000001 -0.866025
-0.500000 -0.000000 -0.866025
-0.500001 0.000000 -0.866025
0.000000 -0.000000 -1.000000
0.000000 -0.000000 -1.000000
0.000000 -0.000000 -1.000000
0.866025 0.500000 -0.000000
0.866025 0.500001 0.000002
0.866025 0.500000 0.000000
-0.965926 0.258818 0.000000
-0.965926 0.258818 0.000000
-0.965926 0.258818 0.000000
-0.500000 -0.000000 0.866025
-0.500002 -0.000003 0.866024
-0.500001 -0.000001 0.866025
-0.500000 -0.000001 -0.866025
-0.500000 -0.000001 -0.866025
-0.500000 -0.000001 -0.866025
0.965926 0.258818 0.000000
0.965926 0.258818 0.000000
0.965926 0.258818 0.000000
0.965925 0.258822 -0.000001
0.965925 0.258821 0.000000
0.965925 0.258821 -0.000000
-0.965925 0.258821 0.000000
-0.965925 0.258821 0.000000
-0.965925 0.258821 0.000000
1.000000 0.000000 0.000000
1.000000 0.000000 0.000000
1.000000 0.000000 0.000000
0.965926 0.258819 -0.000001
0.965925 0.258821 0.000004
0.965926 0.258820 0.000001
1.000000 0.000000 0.000000
1.000000 0.000000 0.000000
1.000000 0.000000 0.000000
-0.717070 0.696819 0.015899
-0.707107 0.707107 0.000000
-0.724497 0.688705 0.028102
1.000000 0.000000 0.000000
1.000000 0.000000 0.000000
1.000000 0.000000 0.000000
-0.234663 -0.672503 0.701907
-0.234663 -0.672503 0.701907
-0.234663 -0.672503 0.701907
0.234664 0.672505 0.701904
0.234664 0.672505 0.701904
0.234664 0.672505 0.701904
0.460707 0.884937 0.068085
0.417466 0.908692 0.000000
0.447284 0.893186 0.046444
-0.278612 0.095381 0.955656
-0.284766 0.091046 0.954264
-0.287173 0.066417 0.955573
0.434082 0.887692 -0.153545
0.500000 0.866026 -0.000003
0.381044 0.887931 -0.257652
0.234663 0.672504 0.701905
0.234663 0.672504 0.701905
0.234663 0.672504 0.701905
-0.234662 -0.672505 0.701905
-0.234662 -0.672505 0.701905
-0.234662 -0.672505 0.701905
-0.709765 0.625627 0.323766
-0.709766 0.625626 0.323766
-0.709765 0.625628 0.323766
0.104751 0.984098 -0.143451
0.000000 1.000000 0.000000
0.154931 0.964873 -0.212170
-0.284501 -0.815891 0.503369
-0.286009 -0.816613 0.501341
-0.287618 -0.816367 0.500820
0.285317 0.817676 0.500001
0.284368 0.816564 0.502353
0.284687 0.816937 0.501565
0.447104 0.595263 -0.667653
-0.063944 0.988998 -0.133397
0.272372 0.846919 0.456664
-0.063944 0.988998 -0.133397
-0.627295 0.336799 0.702188
0.272372 0.846919 0.456664
-0.599751 0.795815 -0.083531
-0.756138 0.638300 -0.144323
-0.569846 0.818530 -0.072698
0.499997 0.866027 -0.000003
0.499997 0.866027 -0.000003
0.499997 0.866027 -0.000003
-0.712344 0.621463 0.326114
-0.476714 0.790564 0.384386
-0.759209 0.573311 0.308086
-0.907173 0.368433 0.203212
0.166222 0.924554 0.342884
-0.212189 0.716995 -0.663999
-0.907173 0.368433 0.203212
-0.212189 0.716995 -0.663999
-0.819314 -0.310208 -0.482177
0.022334 -0.711276 0.702558
-0.240386 -0.967062 -0.083695
0.851285 -0.505445 -0.140850
0.022334 -0.711276 0.702558
0.851285 -0.505445 -0.140850
0.755090 0.179708 0.630511
0.166222 0.924554 0.342884
0.755090 0.179708 0.630511
0.769244 0.510952 -0.383655
0.755090 0.179708 0.630511
0.851285 -0.505445 -0.140850
0.769244 0.510952 -0.383655
-0.059528 -0.520640 0.851699
0.028165 -0.741924 0.669893
-0.021540 -0.444679 0.895431
</float_array>
          <technique_common>
            <accessor source="#SM_Urchin_Group_02_LOD1-Normal0-array" count="4077" stride="3">
              <param name="X" type="float"/>
              <param name="Y" type="float"/>
              <param name="Z" type="float"/>
            </accessor>
          </technique_common>
        </source>
        <source id="SM_Urchin_Group_02_LOD1-UV0">
          <float_array id="SM_Urchin_Group_02_LOD1-UV0-array" count="5308">
0.003557 0.337402
0.079773 0.337402
0.079956 0.337402
0.982910 0.497070
0.685059 0.516846
0.818359 0.511719
0.890625 0.483887
0.994629 0.502930
0.703613 0.517578
0.994629 0.504883
0.891602 0.505615
0.703613 0.517578
0.818359 0.511719
0.816895 0.483887
0.703613 0.517578
0.994629 0.502930
0.814453 0.560547
0.709961 0.483887
0.805664 0.629150
0.982910 0.499023
0.059479 0.416016
0.998047 0.001953
0.887695 0.471680
0.578125 0.001953
0.998047 0.001953
0.887695 0.471680
0.578125 0.001953
0.814453 0.560547
0.812988 0.630127
0.928711 0.601074
0.002167 0.226563
0.324707 0.270508
0.258301 0.011719
0.002167 0.226563
0.324707 0.270508
0.258301 0.011719
0.002167 0.226563
0.258301 0.011719
0.324707 0.270508
0.002167 0.226563
0.258301 0.011719
0.324707 0.270508
0.002167 0.226563
0.258301 0.011719
0.324707 0.270508
0.324707 0.270508
0.002167 0.226563
0.258301 0.011719
0.002167 0.226563
0.324707 0.270508
0.258301 0.011719
0.002167 0.226563
0.258301 0.011719
0.324707 0.270508
0.002167 0.226563
0.258301 0.011719
0.324707 0.270508
0.324707 0.270508
0.002167 0.226563
0.258301 0.011719
0.079773 0.337402
0.324707 0.270508
0.002167 0.226563
0.258301 0.011719
0.002167 0.226563
0.324707 0.270508
0.258301 0.011719
0.002167 0.226563
0.324707 0.270508
0.258301 0.011719
0.258301 0.011719
0.002167 0.226563
0.324707 0.270508
0.324707 0.270508
0.002167 0.226563
0.258301 0.011719
0.324707 0.270508
0.002167 0.226563
0.258301 0.011719
0.324707 0.270508
0.002167 0.226563
0.258301 0.011719
0.998047 0.001953
0.887695 0.471680
0.578125 0.001953
0.324707 0.270508
0.002167 0.226563
0.258301 0.011719
0.578125 0.001953
0.998047 0.001953
0.887695 0.471680
0.998047 0.001953
0.663086 0.471680
0.578125 0.001953
0.578125 0.001953
0.998047 0.001953
0.887695 0.471680
0.998047 0.001953
0.663086 0.471680
0.578125 0.001953
0.578125 0.001953
0.998047 0.001953
0.887695 0.471680
0.324707 0.270508
0.002167 0.226563
0.258301 0.011719
0.324707 0.270508
0.002167 0.226563
0.258301 0.011719
0.324707 0.270508
0.002167 0.226563
0.258301 0.011719
0.324707 0.270508
0.002167 0.226563
0.258301 0.011719
0.324707 0.270508
0.002167 0.226563
0.258301 0.011719
0.324707 0.270508
0.002167 0.226563
0.258301 0.011719
0.578125 0.001953
0.998047 0.001953
0.887695 0.471680
0.663086 0.471680
0.578125 0.001953
0.998047 0.001953
0.998047 0.001953
0.887695 0.471680
0.578125 0.001953
0.998047 0.001953
0.887695 0.471680
0.578125 0.001953
0.998047 0.001953
0.887695 0.471680
0.578125 0.001953
0.998047 0.001953
0.887695 0.471680
0.578125 0.001953
0.998047 0.001953
0.887695 0.471680
0.578125 0.001953
0.998047 0.001953
0.887695 0.471680
0.578125 0.001953
0.998047 0.001953
0.887695 0.471680
0.578125 0.001953
0.998047 0.001953
0.887695 0.471680
0.578125 0.001953
0.998047 0.001953
0.887695 0.471680
0.578125 0.001953
0.998047 0.001953
0.887695 0.471680
0.578125 0.001953
0.998047 0.001953
0.887695 0.471680
0.578125 0.001953
0.998047 0.001953
0.887695 0.471680
0.578125 0.001953
0.998047 0.001953
0.887695 0.471680
0.578125 0.001953
0.998047 0.001953
0.887695 0.471680
0.578125 0.001953
0.998047 0.001953
0.887695 0.471680
0.578125 0.001953
0.998047 0.001953
0.887695 0.471680
0.578125 0.001953
0.998047 0.001953
0.887695 0.471680
0.578125 0.001953
0.998047 0.001953
0.887695 0.471680
0.578125 0.001953
0.998047 0.001953
0.887695 0.471680
0.578125 0.001953
0.998047 0.001953
0.887695 0.471680
0.578125 0.001953
0.998047 0.001953
0.887695 0.471680
0.578125 0.001953
0.998047 0.001953
0.887695 0.471680
0.578125 0.001953
0.998047 0.001953
0.887695 0.471680
0.578125 0.001953
0.998047 0.001953
0.887695 0.471680
0.578125 0.001953
0.998047 0.001953
0.887695 0.471680
0.578125 0.001953
0.998047 0.001953
0.887695 0.471680
0.578125 0.001953
0.998047 0.001953
0.887695 0.471680
0.578125 0.001953
0.998047 0.001953
0.887695 0.471680
0.578125 0.001953
0.998047 0.001953
0.887695 0.471680
0.578125 0.001953
0.998047 0.001953
0.887695 0.471680
0.578125 0.001953
0.998047 0.001953
0.887695 0.471680
0.578125 0.001953
0.998047 0.001953
0.887695 0.471680
0.578125 0.001953
0.998047 0.001953
0.887695 0.471680
0.578125 0.001953
0.998047 0.001953
0.887695 0.471680
0.578125 0.001953
0.998047 0.001953
0.887695 0.471680
0.578125 0.001953
0.998047 0.001953
0.887695 0.471680
0.578125 0.001953
0.998047 0.001953
0.887695 0.471680
0.578125 0.001953
0.998047 0.001953
0.887695 0.471680
0.578125 0.001953
0.998047 0.001953
0.887695 0.471680
0.578125 0.001953
0.998047 0.001953
0.887695 0.471680
0.578125 0.001953
0.998047 0.001953
0.887695 0.471680
0.578125 0.001953
0.998047 0.001953
0.887695 0.471680
0.578125 0.001953
0.998047 0.001953
0.887695 0.471680
0.578125 0.001953
0.998047 0.001953
0.887695 0.471680
0.578125 0.001953
0.998047 0.001953
0.887695 0.471680
0.578125 0.001953
0.998047 0.001953
0.887695 0.471680
0.578125 0.001953
0.998047 0.001953
0.887695 0.471680
0.578125 0.001953
0.998047 0.001953
0.887695 0.471680
0.578125 0.001953
0.998047 0.001953
0.887695 0.471680
0.578125 0.001953
0.998047 0.001953
0.887695 0.471680
0.578125 0.001953
0.998047 0.001953
0.887695 0.471680
0.578125 0.001953
0.998047 0.001953
0.887695 0.471680
0.578125 0.001953
0.998047 0.001953
0.887695 0.471680
0.578125 0.001953
0.998047 0.001953
0.887695 0.471680
0.578125 0.001953
0.998047 0.001953
0.887695 0.471680
0.578125 0.001953
0.998047 0.001953
0.887695 0.471680
0.578125 0.001953
0.998047 0.001953
0.887695 0.471680
0.578125 0.001953
0.998047 0.001953
0.887695 0.471680
0.578125 0.001953
0.998047 0.001953
0.887695 0.471680
0.578125 0.001953
0.998047 0.001953
0.887695 0.471680
0.578125 0.001953
0.998047 0.001953
0.887695 0.471680
0.578125 0.001953
0.998047 0.001953
0.887695 0.471680
0.578125 0.001953
0.998047 0.001953
0.887695 0.471680
0.578125 0.001953
0.998047 0.001953
0.887695 0.471680
0.578125 0.001953
0.998047 0.001953
0.887695 0.471680
0.578125 0.001953
0.998047 0.001953
0.887695 0.471680
0.578125 0.001953
0.998047 0.001953
0.887695 0.471680
0.578125 0.001953
0.998047 0.001953
0.887695 0.471680
0.578125 0.001953
0.998047 0.001953
0.887695 0.471680
0.578125 0.001953
0.998047 0.001953
0.887695 0.471680
0.578125 0.001953
0.998047 0.001953
0.887695 0.471680
0.578125 0.001953
0.998047 0.001953
0.887695 0.471680
0.578125 0.001953
0.998047 0.001953
0.887695 0.471680
0.578125 0.001953
0.998047 0.001953
0.887695 0.471680
0.578125 0.001953
0.998047 0.001953
0.887695 0.471680
0.578125 0.001953
0.998047 0.001953
0.887695 0.471680
0.578125 0.001953
0.998047 0.001953
0.887695 0.471680
0.578125 0.001953
0.998047 0.001953
0.887695 0.471680
0.578125 0.001953
0.998047 0.001953
0.887695 0.471680
0.578125 0.001953
0.998047 0.001953
0.887695 0.471680
0.578125 0.001953
0.998047 0.001953
0.887695 0.471680
0.578125 0.001953
0.998047 0.001953
0.887695 0.471680
0.578125 0.001953
0.663086 0.471680
0.578125 0.001953
0.998047 0.001953
0.998047 0.001953
0.887695 0.471680
0.578125 0.001953
0.663086 0.471680
0.578125 0.001953
0.998047 0.001953
0.998047 0.001953
0.887695 0.471680
0.578125 0.001953
0.814453 0.560547
0.998047 0.001953
0.887695 0.471680
0.578125 0.001953
0.998047 0.001953
0.887695 0.471680
0.578125 0.001953
0.998047 0.001953
0.887695 0.471680
0.578125 0.001953
0.998047 0.001953
0.887695 0.471680
0.578125 0.001953
0.998047 0.001953
0.887695 0.471680
0.578125 0.001953
0.998047 0.001953
0.887695 0.471680
0.578125 0.001953
0.998047 0.001953
0.887695 0.471680
0.578125 0.001953
0.998047 0.001953
0.887695 0.471680
0.578125 0.001953
0.998047 0.001953
0.887695 0.471680
0.578125 0.001953
0.998047 0.001953
0.887695 0.471680
0.578125 0.001953
0.998047 0.001953
0.887695 0.471680
0.578125 0.001953
0.998047 0.001953
0.887695 0.471680
0.578125 0.001953
0.998047 0.001953
0.887695 0.471680
0.578125 0.001953
0.998047 0.001953
0.887695 0.471680
0.578125 0.001953
0.998047 0.001953
0.887695 0.471680
0.578125 0.001953
0.998047 0.001953
0.887695 0.471680
0.578125 0.001953
0.998047 0.001953
0.887695 0.471680
0.578125 0.001953
0.998047 0.001953
0.887695 0.471680
0.578125 0.001953
0.998047 0.001953
0.887695 0.471680
0.578125 0.001953
0.998047 0.001953
0.887695 0.471680
0.578125 0.001953
0.998047 0.001953
0.887695 0.471680
0.578125 0.001953
0.998047 0.001953
0.887695 0.471680
0.578125 0.001953
0.998047 0.001953
0.887695 0.471680
0.578125 0.001953
0.998047 0.001953
0.887695 0.471680
0.578125 0.001953
0.998047 0.001953
0.887695 0.471680
0.578125 0.001953
0.998047 0.001953
0.887695 0.471680
0.578125 0.001953
0.998047 0.001953
0.887695 0.471680
0.578125 0.001953
0.998047 0.001953
0.887695 0.471680
0.578125 0.001953
0.998047 0.001953
0.887695 0.471680
0.578125 0.001953
0.998047 0.001953
0.887695 0.471680
0.578125 0.001953
0.998047 0.001953
0.887695 0.471680
0.578125 0.001953
0.998047 0.001953
0.887695 0.471680
0.578125 0.001953
0.998047 0.001953
0.887695 0.471680
0.578125 0.001953
0.998047 0.001953
0.887695 0.471680
0.578125 0.001953
0.998047 0.001953
0.887695 0.471680
0.578125 0.001953
0.998047 0.001953
0.887695 0.471680
0.578125 0.001953
0.998047 0.001953
0.887695 0.471680
0.578125 0.001953
0.998047 0.001953
0.887695 0.471680
0.578125 0.001953
0.998047 0.001953
0.887695 0.471680
0.578125 0.001953
0.998047 0.001953
0.887695 0.471680
0.578125 0.001953
0.998047 0.001953
0.887695 0.471680
0.578125 0.001953
0.998047 0.001953
0.887695 0.471680
0.578125 0.001953
0.998047 0.001953
0.887695 0.471680
0.578125 0.001953
0.998047 0.001953
0.887695 0.471680
0.578125 0.001953
0.998047 0.001953
0.887695 0.471680
0.578125 0.001953
0.998047 0.001953
0.887695 0.471680
0.578125 0.001953
0.998047 0.001953
0.887695 0.471680
0.578125 0.001953
0.998047 0.001953
0.887695 0.471680
0.578125 0.001953
0.998047 0.001953
0.887695 0.471680
0.578125 0.001953
0.998047 0.001953
0.887695 0.471680
0.578125 0.001953
0.998047 0.001953
0.887695 0.471680
0.578125 0.001953
0.998047 0.001953
0.887695 0.471680
0.578125 0.001953
0.998047 0.001953
0.887695 0.471680
0.578125 0.001953
0.998047 0.001953
0.887695 0.471680
0.578125 0.001953
0.998047 0.001953
0.887695 0.471680
0.578125 0.001953
0.998047 0.001953
0.887695 0.471680
0.578125 0.001953
0.998047 0.001953
0.887695 0.471680
0.578125 0.001953
0.998047 0.001953
0.887695 0.471680
0.578125 0.001953
0.998047 0.001953
0.887695 0.471680
0.578125 0.001953
0.998047 0.001953
0.887695 0.471680
0.578125 0.001953
0.998047 0.001953
0.887695 0.471680
0.578125 0.001953
0.998047 0.001953
0.887695 0.471680
0.578125 0.001953
0.998047 0.001953
0.887695 0.471680
0.578125 0.001953
0.998047 0.001953
0.887695 0.471680
0.578125 0.001953
0.998047 0.001953
0.887695 0.471680
0.578125 0.001953
0.998047 0.001953
0.887695 0.471680
0.578125 0.001953
0.998047 0.001953
0.887695 0.471680
0.578125 0.001953
0.998047 0.001953
0.887695 0.471680
0.578125 0.001953
0.998047 0.001953
0.887695 0.471680
0.578125 0.001953
0.998047 0.001953
0.887695 0.471680
0.578125 0.001953
0.998047 0.001953
0.887695 0.471680
0.578125 0.001953
0.998047 0.001953
0.887695 0.471680
0.578125 0.001953
0.998047 0.001953
0.887695 0.471680
0.578125 0.001953
0.998047 0.001953
0.887695 0.471680
0.578125 0.001953
0.998047 0.001953
0.887695 0.471680
0.578125 0.001953
0.998047 0.001953
0.887695 0.471680
0.578125 0.001953
0.998047 0.001953
0.887695 0.471680
0.578125 0.001953
0.998047 0.001953
0.887695 0.471680
0.578125 0.001953
0.998047 0.001953
0.887695 0.471680
0.578125 0.001953
0.998047 0.001953
0.887695 0.471680
0.578125 0.001953
0.998047 0.001953
0.887695 0.471680
0.578125 0.001953
0.818359 0.511719
0.663086 0.471680
0.578125 0.001953
0.998047 0.001953
0.080566 0.004883
0.002167 0.226563
0.324707 0.270508
0.998047 0.001953
0.887695 0.471680
0.578125 0.001953
0.002167 0.226563
0.080566 0.004883
0.324707 0.270508
0.902832 0.550293
0.998047 0.001953
0.887695 0.471680
0.578125 0.001953
0.663086 0.471680
0.578125 0.001953
0.998047 0.001953
0.578125 0.001953
0.998047 0.001953
0.887695 0.471680
0.663086 0.471680
0.578125 0.001953
0.998047 0.001953
0.998047 0.001953
0.663086 0.471680
0.578125 0.001953
0.079956 0.337402
0.324707 0.270508
0.002167 0.226563
0.258301 0.011719
0.663086 0.471680
0.578125 0.001953
0.998047 0.001953
0.663086 0.471680
0.578125 0.001953
0.998047 0.001953
0.002167 0.226563
0.080566 0.004883
0.324707 0.270508
0.818359 0.511719
0.002167 0.226563
0.080566 0.004883
0.324707 0.270508
0.925781 0.603027
0.578125 0.001953
0.998047 0.001953
0.887695 0.471680
0.663086 0.471680
0.578125 0.001953
0.998047 0.001953
0.003557 0.337402
0.998047 0.001953
0.887695 0.471680
0.578125 0.001953
0.998047 0.001953
0.887695 0.471680
0.578125 0.001953
0.663086 0.471680
0.578125 0.001953
0.998047 0.001953
0.663086 0.471680
0.578125 0.001953
0.998047 0.001953
0.663086 0.471680
0.578125 0.001953
0.998047 0.001953
0.002167 0.226563
0.080566 0.004883
0.324707 0.270508
0.002167 0.226563
0.080566 0.004883
0.324707 0.270508
0.324707 0.270508
0.002167 0.226563
0.080566 0.004883
0.002167 0.226563
0.324707 0.270508
0.080566 0.004883
0.002167 0.226563
0.080566 0.004883
0.324707 0.270508
0.998047 0.001953
0.887695 0.471680
0.578125 0.001953
0.998047 0.001953
0.887695 0.471680
0.578125 0.001953
0.002167 0.226563
0.080566 0.004883
0.324707 0.270508
0.002167 0.226563
0.080566 0.004883
0.324707 0.270508
0.002167 0.226563
0.324707 0.270508
0.080566 0.004883
0.998047 0.001953
0.887695 0.471680
0.578125 0.001953
0.998047 0.001953
0.887695 0.471680
0.578125 0.001953
0.998047 0.001953
0.887695 0.471680
0.578125 0.001953
0.998047 0.001953
0.887695 0.471680
0.578125 0.001953
0.998047 0.001953
0.887695 0.471680
0.578125 0.001953
0.998047 0.001953
0.887695 0.471680
0.578125 0.001953
0.998047 0.001953
0.887695 0.471680
0.578125 0.001953
0.998047 0.001953
0.887695 0.471680
0.578125 0.001953
0.998047 0.001953
0.887695 0.471680
0.578125 0.001953
0.998047 0.001953
0.887695 0.471680
0.578125 0.001953
0.998047 0.001953
0.887695 0.471680
0.578125 0.001953
0.998047 0.001953
0.887695 0.471680
0.578125 0.001953
0.998047 0.001953
0.887695 0.471680
0.578125 0.001953
0.998047 0.001953
0.887695 0.471680
0.578125 0.001953
0.998047 0.001953
0.887695 0.471680
0.578125 0.001953
0.998047 0.001953
0.887695 0.471680
0.578125 0.001953
0.998047 0.001953
0.887695 0.471680
0.578125 0.001953
0.998047 0.001953
0.887695 0.471680
0.578125 0.001953
0.998047 0.001953
0.887695 0.471680
0.578125 0.001953
0.998047 0.001953
0.887695 0.471680
0.578125 0.001953
0.998047 0.001953
0.887695 0.471680
0.578125 0.001953
0.998047 0.001953
0.887695 0.471680
0.578125 0.001953
0.998047 0.001953
0.887695 0.471680
0.578125 0.001953
0.998047 0.001953
0.887695 0.471680
0.578125 0.001953
0.998047 0.001953
0.887695 0.471680
0.578125 0.001953
0.998047 0.001953
0.887695 0.471680
0.578125 0.001953
0.998047 0.001953
0.887695 0.471680
0.578125 0.001953
0.998047 0.001953
0.887695 0.471680
0.578125 0.001953
0.998047 0.001953
0.887695 0.471680
0.578125 0.001953
0.998047 0.001953
0.887695 0.471680
0.578125 0.001953
0.998047 0.001953
0.887695 0.471680
0.578125 0.001953
0.998047 0.001953
0.887695 0.471680
0.578125 0.001953
0.998047 0.001953
0.887695 0.471680
0.578125 0.001953
0.998047 0.001953
0.887695 0.471680
0.578125 0.001953
0.998047 0.001953
0.887695 0.471680
0.578125 0.001953
0.998047 0.001953
0.887695 0.471680
0.578125 0.001953
0.998047 0.001953
0.887695 0.471680
0.578125 0.001953
0.998047 0.001953
0.887695 0.471680
0.578125 0.001953
0.998047 0.001953
0.887695 0.471680
0.578125 0.001953
0.998047 0.001953
0.887695 0.471680
0.578125 0.001953
0.998047 0.001953
0.887695 0.471680
0.578125 0.001953
0.998047 0.001953
0.887695 0.471680
0.578125 0.001953
0.998047 0.001953
0.887695 0.471680
0.578125 0.001953
0.998047 0.001953
0.887695 0.471680
0.578125 0.001953
0.998047 0.001953
0.887695 0.471680
0.578125 0.001953
0.998047 0.001953
0.887695 0.471680
0.578125 0.001953
0.998047 0.001953
0.887695 0.471680
0.578125 0.001953
0.998047 0.001953
0.887695 0.471680
0.578125 0.001953
0.998047 0.001953
0.887695 0.471680
0.578125 0.001953
0.998047 0.001953
0.887695 0.471680
0.578125 0.001953
0.998047 0.001953
0.887695 0.471680
0.578125 0.001953
0.998047 0.001953
0.887695 0.471680
0.578125 0.001953
0.998047 0.001953
0.887695 0.471680
0.578125 0.001953
0.998047 0.001953
0.887695 0.471680
0.578125 0.001953
0.998047 0.001953
0.887695 0.471680
0.578125 0.001953
0.998047 0.001953
0.887695 0.471680
0.578125 0.001953
0.998047 0.001953
0.887695 0.471680
0.578125 0.001953
0.998047 0.001953
0.887695 0.471680
0.578125 0.001953
0.998047 0.001953
0.887695 0.471680
0.578125 0.001953
0.998047 0.001953
0.887695 0.471680
0.578125 0.001953
0.998047 0.001953
0.887695 0.471680
0.578125 0.001953
0.998047 0.001953
0.887695 0.471680
0.578125 0.001953
0.998047 0.001953
0.887695 0.471680
0.578125 0.001953
0.998047 0.001953
0.887695 0.471680
0.578125 0.001953
0.998047 0.001953
0.887695 0.471680
0.578125 0.001953
0.998047 0.001953
0.887695 0.471680
0.578125 0.001953
0.998047 0.001953
0.887695 0.471680
0.578125 0.001953
0.998047 0.001953
0.887695 0.471680
0.578125 0.001953
0.998047 0.001953
0.887695 0.471680
0.578125 0.001953
0.998047 0.001953
0.887695 0.471680
0.578125 0.001953
0.998047 0.001953
0.887695 0.471680
0.578125 0.001953
0.998047 0.001953
0.887695 0.471680
0.578125 0.001953
0.998047 0.001953
0.887695 0.471680
0.578125 0.001953
0.998047 0.001953
0.887695 0.471680
0.578125 0.001953
0.998047 0.001953
0.887695 0.471680
0.578125 0.001953
0.998047 0.001953
0.887695 0.471680
0.578125 0.001953
0.998047 0.001953
0.887695 0.471680
0.578125 0.001953
0.998047 0.001953
0.887695 0.471680
0.578125 0.001953
0.998047 0.001953
0.887695 0.471680
0.578125 0.001953
0.998047 0.001953
0.887695 0.471680
0.578125 0.001953
0.002167 0.226563
0.080566 0.004883
0.324707 0.270508
0.663086 0.471680
0.578125 0.001953
0.998047 0.001953
0.998047 0.001953
0.887695 0.471680
0.578125 0.001953
0.578125 0.001953
0.998047 0.001953
0.887695 0.471680
0.663086 0.471680
0.578125 0.001953
0.998047 0.001953
0.998047 0.001953
0.663086 0.471680
0.578125 0.001953
0.998047 0.001953
0.887695 0.471680
0.578125 0.001953
0.998047 0.001953
0.887695 0.471680
0.578125 0.001953
0.998047 0.001953
0.887695 0.471680
0.578125 0.001953
0.890625 0.483887
0.578125 0.001953
0.998047 0.001953
0.887695 0.471680
0.663086 0.471680
0.578125 0.001953
0.998047 0.001953
0.900879 0.550537
0.902832 0.550293
0.663086 0.471680
0.578125 0.001953
0.998047 0.001953
0.663086 0.471680
0.578125 0.001953
0.998047 0.001953
0.998047 0.001953
0.887695 0.471680
0.578125 0.001953
0.998047 0.001953
0.887695 0.471680
0.578125 0.001953
0.998047 0.001953
0.887695 0.471680
0.578125 0.001953
0.998047 0.001953
0.887695 0.471680
0.578125 0.001953
0.998047 0.001953
0.887695 0.471680
0.578125 0.001953
0.998047 0.001953
0.887695 0.471680
0.578125 0.001953
0.998047 0.001953
0.887695 0.471680
0.578125 0.001953
0.998047 0.001953
0.887695 0.471680
0.578125 0.001953
0.998047 0.001953
0.887695 0.471680
0.578125 0.001953
0.998047 0.001953
0.887695 0.471680
0.578125 0.001953
0.998047 0.001953
0.887695 0.471680
0.578125 0.001953
0.998047 0.001953
0.887695 0.471680
0.578125 0.001953
0.998047 0.001953
0.887695 0.471680
0.578125 0.001953
0.998047 0.001953
0.887695 0.471680
0.578125 0.001953
0.998047 0.001953
0.887695 0.471680
0.578125 0.001953
0.998047 0.001953
0.887695 0.471680
0.578125 0.001953
0.998047 0.001953
0.887695 0.471680
0.578125 0.001953
0.998047 0.001953
0.887695 0.471680
0.578125 0.001953
0.998047 0.001953
0.887695 0.471680
0.578125 0.001953
0.998047 0.001953
0.887695 0.471680
0.578125 0.001953
0.998047 0.001953
0.887695 0.471680
0.578125 0.001953
0.998047 0.001953
0.887695 0.471680
0.578125 0.001953
0.998047 0.001953
0.887695 0.471680
0.578125 0.001953
0.998047 0.001953
0.887695 0.471680
0.578125 0.001953
0.998047 0.001953
0.887695 0.471680
0.578125 0.001953
0.998047 0.001953
0.887695 0.471680
0.578125 0.001953
0.998047 0.001953
0.887695 0.471680
0.578125 0.001953
0.998047 0.001953
0.887695 0.471680
0.578125 0.001953
0.998047 0.001953
0.887695 0.471680
0.578125 0.001953
0.998047 0.001953
0.887695 0.471680
0.578125 0.001953
0.998047 0.001953
0.887695 0.471680
0.578125 0.001953
0.998047 0.001953
0.887695 0.471680
0.578125 0.001953
0.998047 0.001953
0.887695 0.471680
0.578125 0.001953
0.998047 0.001953
0.887695 0.471680
0.578125 0.001953
0.998047 0.001953
0.887695 0.471680
0.578125 0.001953
0.998047 0.001953
0.887695 0.471680
0.578125 0.001953
0.998047 0.001953
0.887695 0.471680
0.578125 0.001953
0.998047 0.001953
0.887695 0.471680
0.578125 0.001953
0.998047 0.001953
0.887695 0.471680
0.578125 0.001953
0.998047 0.001953
0.887695 0.471680
0.578125 0.001953
0.998047 0.001953
0.887695 0.471680
0.578125 0.001953
0.998047 0.001953
0.887695 0.471680
0.578125 0.001953
0.998047 0.001953
0.887695 0.471680
0.578125 0.001953
0.998047 0.001953
0.887695 0.471680
0.578125 0.001953
0.998047 0.001953
0.887695 0.471680
0.578125 0.001953
0.998047 0.001953
0.887695 0.471680
0.578125 0.001953
0.998047 0.001953
0.887695 0.471680
0.578125 0.001953
0.998047 0.001953
0.887695 0.471680
0.578125 0.001953
0.998047 0.001953
0.887695 0.471680
0.578125 0.001953
0.998047 0.001953
0.887695 0.471680
0.578125 0.001953
0.998047 0.001953
0.887695 0.471680
0.578125 0.001953
0.998047 0.001953
0.887695 0.471680
0.578125 0.001953
0.998047 0.001953
0.887695 0.471680
0.578125 0.001953
0.998047 0.001953
0.887695 0.471680
0.578125 0.001953
0.998047 0.001953
0.887695 0.471680
0.578125 0.001953
0.998047 0.001953
0.887695 0.471680
0.578125 0.001953
0.998047 0.001953
0.887695 0.471680
0.578125 0.001953
0.998047 0.001953
0.887695 0.471680
0.578125 0.001953
0.998047 0.001953
0.887695 0.471680
0.578125 0.001953
0.998047 0.001953
0.887695 0.471680
0.578125 0.001953
0.998047 0.001953
0.887695 0.471680
0.578125 0.001953
0.998047 0.001953
0.887695 0.471680
0.578125 0.001953
0.998047 0.001953
0.887695 0.471680
0.578125 0.001953
0.998047 0.001953
0.887695 0.471680
0.578125 0.001953
0.998047 0.001953
0.887695 0.471680
0.578125 0.001953
0.998047 0.001953
0.887695 0.471680
0.578125 0.001953
0.998047 0.001953
0.887695 0.471680
0.578125 0.001953
0.998047 0.001953
0.887695 0.471680
0.578125 0.001953
0.998047 0.001953
0.887695 0.471680
0.578125 0.001953
0.998047 0.001953
0.887695 0.471680
0.578125 0.001953
0.998047 0.001953
0.887695 0.471680
0.578125 0.001953
0.998047 0.001953
0.887695 0.471680
0.578125 0.001953
0.998047 0.001953
0.887695 0.471680
0.578125 0.001953
0.998047 0.001953
0.887695 0.471680
0.578125 0.001953
0.998047 0.001953
0.887695 0.471680
0.578125 0.001953
0.998047 0.001953
0.887695 0.471680
0.578125 0.001953
0.998047 0.001953
0.887695 0.471680
0.578125 0.001953
0.998047 0.001953
0.887695 0.471680
0.578125 0.001953
0.998047 0.001953
0.887695 0.471680
0.578125 0.001953
0.998047 0.001953
0.887695 0.471680
0.578125 0.001953
0.998047 0.001953
0.887695 0.471680
0.578125 0.001953
0.002167 0.226563
0.177856 0.344727
0.258301 0.011719
0.998047 0.001953
0.887695 0.471680
0.578125 0.001953
0.663086 0.471680
0.578125 0.001953
0.998047 0.001953
0.663086 0.471680
0.578125 0.001953
0.998047 0.001953
0.663086 0.471680
0.578125 0.001953
0.998047 0.001953
0.663086 0.471680
0.578125 0.001953
0.998047 0.001953
0.663086 0.471680
0.578125 0.001953
0.998047 0.001953
0.663086 0.471680
0.578125 0.001953
0.998047 0.001953
0.663086 0.471680
0.578125 0.001953
0.998047 0.001953
0.002167 0.226563
0.324707 0.270508
0.080566 0.004883
0.663086 0.471680
0.578125 0.001953
0.998047 0.001953
0.816895 0.483887
0.814453 0.560547
0.663086 0.471680
0.578125 0.001953
0.998047 0.001953
0.663086 0.471680
0.578125 0.001953
0.998047 0.001953
0.663086 0.471680
0.578125 0.001953
0.998047 0.001953
0.663086 0.471680
0.578125 0.001953
0.998047 0.001953
0.663086 0.471680
0.578125 0.001953
0.998047 0.001953
0.663086 0.471680
0.578125 0.001953
0.998047 0.001953
0.578125 0.001953
0.998047 0.001953
0.887695 0.471680
0.998047 0.001953
0.887695 0.471680
0.578125 0.001953
0.998047 0.001953
0.887695 0.471680
0.578125 0.001953
0.663086 0.471680
0.578125 0.001953
0.998047 0.001953
0.998047 0.001953
0.663086 0.471680
0.578125 0.001953
0.900879 0.550537
0.059326 0.416016
0.663086 0.471680
0.578125 0.001953
0.998047 0.001953
0.663086 0.471680
0.578125 0.001953
0.998047 0.001953
0.578125 0.001953
0.998047 0.001953
0.887695 0.471680
0.998047 0.001953
0.887695 0.471680
0.578125 0.001953
0.663086 0.471680
0.578125 0.001953
0.998047 0.001953
0.818359 0.563232
0.663086 0.471680
0.578125 0.001953
0.998047 0.001953
0.998047 0.001953
0.887695 0.471680
0.578125 0.001953
0.998047 0.001953
0.887695 0.471680
0.578125 0.001953
0.998047 0.001953
0.887695 0.471680
0.578125 0.001953
0.998047 0.001953
0.887695 0.471680
0.578125 0.001953
0.998047 0.001953
0.887695 0.471680
0.578125 0.001953
0.998047 0.001953
0.887695 0.471680
0.578125 0.001953
0.998047 0.001953
0.887695 0.471680
0.578125 0.001953
0.998047 0.001953
0.887695 0.471680
0.578125 0.001953
0.998047 0.001953
0.887695 0.471680
0.578125 0.001953
0.998047 0.001953
0.887695 0.471680
0.578125 0.001953
0.998047 0.001953
0.887695 0.471680
0.578125 0.001953
0.998047 0.001953
0.887695 0.471680
0.578125 0.001953
0.998047 0.001953
0.887695 0.471680
0.578125 0.001953
0.998047 0.001953
0.887695 0.471680
0.578125 0.001953
0.998047 0.001953
0.887695 0.471680
0.578125 0.001953
0.998047 0.001953
0.887695 0.471680
0.578125 0.001953
0.998047 0.001953
0.887695 0.471680
0.578125 0.001953
0.998047 0.001953
0.887695 0.471680
0.578125 0.001953
0.998047 0.001953
0.887695 0.471680
0.578125 0.001953
0.998047 0.001953
0.887695 0.471680
0.578125 0.001953
0.998047 0.001953
0.887695 0.471680
0.578125 0.001953
0.998047 0.001953
0.887695 0.471680
0.578125 0.001953
0.998047 0.001953
0.887695 0.471680
0.578125 0.001953
0.998047 0.001953
0.887695 0.471680
0.578125 0.001953
0.998047 0.001953
0.887695 0.471680
0.578125 0.001953
0.998047 0.001953
0.887695 0.471680
0.578125 0.001953
0.998047 0.001953
0.887695 0.471680
0.578125 0.001953
0.998047 0.001953
0.887695 0.471680
0.578125 0.001953
0.998047 0.001953
0.887695 0.471680
0.578125 0.001953
0.998047 0.001953
0.887695 0.471680
0.578125 0.001953
0.998047 0.001953
0.887695 0.471680
0.578125 0.001953
0.998047 0.001953
0.887695 0.471680
0.578125 0.001953
0.998047 0.001953
0.887695 0.471680
0.578125 0.001953
0.998047 0.001953
0.887695 0.471680
0.578125 0.001953
0.998047 0.001953
0.887695 0.471680
0.578125 0.001953
0.998047 0.001953
0.887695 0.471680
0.578125 0.001953
0.998047 0.001953
0.887695 0.471680
0.578125 0.001953
0.998047 0.001953
0.887695 0.471680
0.578125 0.001953
0.998047 0.001953
0.887695 0.471680
0.578125 0.001953
0.998047 0.001953
0.887695 0.471680
0.578125 0.001953
0.998047 0.001953
0.887695 0.471680
0.578125 0.001953
0.998047 0.001953
0.887695 0.471680
0.578125 0.001953
0.998047 0.001953
0.887695 0.471680
0.578125 0.001953
0.998047 0.001953
0.887695 0.471680
0.578125 0.001953
0.998047 0.001953
0.887695 0.471680
0.578125 0.001953
0.998047 0.001953
0.887695 0.471680
0.578125 0.001953
0.998047 0.001953
0.887695 0.471680
0.578125 0.001953
0.998047 0.001953
0.887695 0.471680
0.578125 0.001953
0.998047 0.001953
0.887695 0.471680
0.578125 0.001953
0.998047 0.001953
0.887695 0.471680
0.578125 0.001953
0.998047 0.001953
0.887695 0.471680
0.578125 0.001953
0.998047 0.001953
0.887695 0.471680
0.578125 0.001953
0.998047 0.001953
0.887695 0.471680
0.578125 0.001953
0.998047 0.001953
0.887695 0.471680
0.578125 0.001953
0.998047 0.001953
0.887695 0.471680
0.578125 0.001953
0.998047 0.001953
0.887695 0.471680
0.578125 0.001953
0.998047 0.001953
0.887695 0.471680
0.578125 0.001953
0.998047 0.001953
0.887695 0.471680
0.578125 0.001953
0.998047 0.001953
0.887695 0.471680
0.578125 0.001953
0.998047 0.001953
0.887695 0.471680
0.578125 0.001953
0.998047 0.001953
0.887695 0.471680
0.578125 0.001953
0.998047 0.001953
0.887695 0.471680
0.578125 0.001953
0.998047 0.001953
0.887695 0.471680
0.578125 0.001953
0.998047 0.001953
0.887695 0.471680
0.578125 0.001953
0.998047 0.001953
0.887695 0.471680
0.578125 0.001953
0.998047 0.001953
0.887695 0.471680
0.578125 0.001953
0.998047 0.001953
0.887695 0.471680
0.578125 0.001953
0.998047 0.001953
0.887695 0.471680
0.578125 0.001953
0.998047 0.001953
0.887695 0.471680
0.578125 0.001953
0.998047 0.001953
0.887695 0.471680
0.578125 0.001953
0.998047 0.001953
0.887695 0.471680
0.578125 0.001953
0.998047 0.001953
0.887695 0.471680
0.578125 0.001953
0.998047 0.001953
0.887695 0.471680
0.578125 0.001953
0.998047 0.001953
0.887695 0.471680
0.578125 0.001953
0.998047 0.001953
0.887695 0.471680
0.578125 0.001953
0.998047 0.001953
0.887695 0.471680
0.578125 0.001953
0.998047 0.001953
0.887695 0.471680
0.578125 0.001953
0.998047 0.001953
0.887695 0.471680
0.578125 0.001953
0.998047 0.001953
0.887695 0.471680
0.578125 0.001953
0.998047 0.001953
0.887695 0.471680
0.578125 0.001953
0.998047 0.001953
0.887695 0.471680
0.578125 0.001953
0.998047 0.001953
0.887695 0.471680
0.578125 0.001953
0.998047 0.001953
0.887695 0.471680
0.578125 0.001953
0.663086 0.471680
0.578125 0.001953
0.998047 0.001953
0.663086 0.471680
0.578125 0.001953
0.998047 0.001953
0.324707 0.270508
0.002167 0.226563
0.258301 0.011719
0.002167 0.226563
0.324707 0.270508
0.258301 0.011719
0.887695 0.471680
0.578125 0.001953
0.998047 0.001953
0.998047 0.001953
0.887695 0.471680
0.578125 0.001953
0.663086 0.471680
0.578125 0.001953
0.998047 0.001953
0.663086 0.471680
0.578125 0.001953
0.998047 0.001953
0.663086 0.471680
0.578125 0.001953
0.998047 0.001953
0.663086 0.471680
0.578125 0.001953
0.998047 0.001953
0.663086 0.471680
0.578125 0.001953
0.998047 0.001953
0.663086 0.471680
0.578125 0.001953
0.998047 0.001953
0.891602 0.505615
0.887695 0.471680
0.578125 0.001953
0.998047 0.001953
0.663086 0.471680
0.578125 0.001953
0.998047 0.001953
0.998047 0.001953
0.887695 0.471680
0.578125 0.001953
0.891602 0.505615
0.818359 0.511719
0.663086 0.471680
0.578125 0.001953
0.998047 0.001953
0.003557 0.416016
0.663086 0.471680
0.663086 0.471680
0.578125 0.001953
0.998047 0.001953
0.663086 0.471680
0.998047 0.001953
0.887695 0.471680
0.578125 0.001953
0.663086 0.471680
0.578125 0.001953
0.998047 0.001953
0.663086 0.471680
0.578125 0.001953
0.998047 0.001953
0.663086 0.471680
0.578125 0.001953
0.998047 0.001953
0.663086 0.471680
0.578125 0.001953
0.998047 0.001953
0.663086 0.471680
0.578125 0.001953
0.998047 0.001953
0.663086 0.471680
0.578125 0.001953
0.998047 0.001953
0.663086 0.471680
0.578125 0.001953
0.998047 0.001953
0.928711 0.601074
0.887695 0.471680
0.887695 0.471680
0.887695 0.471680
0.887695 0.471680
0.887695 0.471680
0.887695 0.471680
0.663086 0.471680
0.663086 0.471680
0.663086 0.471680
0.663086 0.471680
0.663086 0.471680
0.663086 0.471680
0.663086 0.471680
0.663086 0.471680
0.663086 0.471680
0.663086 0.471680
0.663086 0.471680
0.663086 0.471680
0.663086 0.471680
0.663086 0.471680
0.663086 0.471680
0.663086 0.471680
0.663086 0.471680
0.663086 0.471680
0.663086 0.471680
0.663086 0.471680
0.663086 0.471680
0.663086 0.471680
0.663086 0.471680
0.663086 0.471680
0.663086 0.471680
0.663086 0.471680
0.663086 0.471680
0.663086 0.471680
0.663086 0.471680
0.663086 0.471680
0.663086 0.471680
0.663086 0.471680
0.663086 0.471680
0.663086 0.471680
0.663086 0.471680
0.663086 0.471680
0.663086 0.471680
0.663086 0.471680
0.663086 0.471680
0.663086 0.471680
0.663086 0.471680
0.663086 0.471680
0.663086 0.471680
0.663086 0.471680
0.663086 0.471680
0.663086 0.471680
0.663086 0.471680
0.663086 0.471680
0.663086 0.471680
0.663086 0.471680
0.663086 0.471680
0.663086 0.471680
0.663086 0.471680
0.663086 0.471680
0.663086 0.471680
0.663086 0.471680
0.663086 0.471680
0.663086 0.471680
0.663086 0.471680
0.663086 0.471680
0.663086 0.471680
0.663086 0.471680
0.663086 0.471680
0.663086 0.471680
0.663086 0.471680
0.663086 0.471680
0.663086 0.471680
0.663086 0.471680
0.663086 0.471680
0.663086 0.471680
0.663086 0.471680
0.663086 0.471680
0.663086 0.471680
0.663086 0.471680
0.663086 0.471680
0.663086 0.471680
0.663086 0.471680
0.663086 0.471680
0.663086 0.471680
0.663086 0.471680
0.663086 0.471680
0.663086 0.471680
0.663086 0.471680
0.663086 0.471680
0.663086 0.471680
0.663086 0.471680
0.663086 0.471680
0.887695 0.471680
0.887695 0.471680
0.887695 0.471680
0.887695 0.471680
0.887695 0.471680
0.887695 0.471680
0.887695 0.471680
0.887695 0.471680
0.663086 0.471680
0.663086 0.471680
0.998047 0.001953
0.887695 0.471680
0.578125 0.001953
0.663086 0.471680
0.663086 0.471680
0.663086 0.471680
0.663086 0.471680
0.663086 0.471680
0.663086 0.471680
0.663086 0.471680
0.663086 0.471680
0.663086 0.471680
0.663086 0.471680
0.663086 0.471680
0.663086 0.471680
0.663086 0.471680
0.663086 0.471680
0.663086 0.471680
0.663086 0.471680
0.663086 0.471680
0.663086 0.471680
0.663086 0.471680
0.663086 0.471680
0.663086 0.471680
0.663086 0.471680
0.663086 0.471680
0.663086 0.471680
0.663086 0.471680
0.663086 0.471680
0.663086 0.471680
0.663086 0.471680
0.663086 0.471680
0.663086 0.471680
0.663086 0.471680
0.663086 0.471680
0.663086 0.471680
0.663086 0.471680
0.663086 0.471680
0.663086 0.471680
0.663086 0.471680
0.663086 0.471680
0.663086 0.471680
0.663086 0.471680
0.663086 0.471680
0.663086 0.471680
0.663086 0.471680
0.663086 0.471680
0.663086 0.471680
0.663086 0.471680
0.663086 0.471680
0.663086 0.471680
0.663086 0.471680
0.663086 0.471680
0.663086 0.471680
0.663086 0.471680
0.663086 0.471680
0.663086 0.471680
0.663086 0.471680
0.663086 0.471680
0.663086 0.471680
0.663086 0.471680
0.663086 0.471680
0.663086 0.471680
0.663086 0.471680
0.663086 0.471680
0.663086 0.471680
0.663086 0.471680
0.663086 0.471680
0.663086 0.471680
0.663086 0.471680
0.663086 0.471680
0.663086 0.471680
0.663086 0.471680
0.663086 0.471680
0.663086 0.471680
0.663086 0.471680
0.663086 0.471680
0.663086 0.471680
0.663086 0.471680
0.663086 0.471680
0.663086 0.471680
0.663086 0.471680
0.663086 0.471680
0.663086 0.471680
0.663086 0.471680
0.663086 0.471680
0.663086 0.471680
0.887695 0.471680
0.578125 0.001953
0.998047 0.001953
0.887695 0.471680
0.663086 0.471680
0.887695 0.471680
0.887695 0.471680
0.887695 0.471680
0.902832 0.550293
0.887695 0.471680
0.887695 0.471680
0.887695 0.471680
0.304443 0.219238
0.442139 0.005859
0.453613 0.289063
0.002167 0.226563
0.080566 0.004883
0.324707 0.270508
0.002167 0.226563
0.080566 0.004883
0.324707 0.270508
0.002167 0.226563
0.080566 0.004883
0.324707 0.270508
0.887695 0.471680
0.887695 0.471680
0.887695 0.471680
0.887695 0.471680
0.002167 0.226563
0.080566 0.004883
0.324707 0.270508
0.002167 0.226563
0.080566 0.004883
0.324707 0.270508
0.002167 0.226563
0.080566 0.004883
0.324707 0.270508
0.080566 0.004883
0.080566 0.004883
0.080566 0.004883
0.887695 0.471680
0.663086 0.471680
0.080566 0.004883
0.080566 0.004883
0.080566 0.004883
0.080566 0.004883
0.080566 0.004883
0.080566 0.004883
0.080566 0.004883
0.258301 0.011719
0.177856 0.344727
0.002167 0.226563
0.258301 0.011719
0.663086 0.471680
0.578125 0.001953
0.998047 0.001953
0.663086 0.471680
0.578125 0.001953
0.998047 0.001953
0.663086 0.471680
0.578125 0.001953
0.998047 0.001953
0.663086 0.471680
0.578125 0.001953
0.998047 0.001953
0.663086 0.471680
0.578125 0.001953
0.998047 0.001953
0.663086 0.471680
0.578125 0.001953
0.998047 0.001953
0.177856 0.344727
0.002167 0.226563
0.258301 0.011719
0.080566 0.004883
0.258301 0.011719
0.258301 0.011719
0.080566 0.004883
0.818359 0.563232
0.080566 0.004883
0.258301 0.011719
0.177856 0.344727
0.002167 0.226563
0.258301 0.011719
0.177856 0.344727
0.002167 0.226563
0.258301 0.011719
0.177856 0.344727
0.002167 0.226563
0.258301 0.011719
0.177856 0.344727
0.002167 0.226563
0.258301 0.011719
0.177856 0.344727
0.080566 0.004883
0.258301 0.011719
0.925781 0.603027
0.258301 0.011719
0.603027 0.194336
0.452637 0.231445
0.559082 0.001953
0.258301 0.011719
0.080566 0.004883
0.080566 0.004883
0.080566 0.004883
0.258301 0.011719
0.080566 0.004883
0.887695 0.471680
0.578125 0.001953
0.998047 0.001953
0.258301 0.011719
0.603027 0.194336
0.452637 0.231445
0.457031 0.007813
0.603027 0.194336
0.452637 0.231445
0.457031 0.007813
0.603027 0.194336
0.452637 0.231445
0.457031 0.007813
0.080566 0.004883
0.080566 0.004883
0.080566 0.004883
0.818359 0.563232
0.177856 0.344727
0.887695 0.471680
0.887695 0.471680
0.887695 0.471680
0.887695 0.471680
0.887695 0.471680
0.887695 0.471680
0.663086 0.471680
0.663086 0.471680
0.663086 0.471680
0.663086 0.471680
0.663086 0.471680
0.663086 0.471680
0.663086 0.471680
0.663086 0.471680
0.663086 0.471680
0.663086 0.471680
0.663086 0.471680
0.663086 0.471680
0.663086 0.471680
0.663086 0.471680
0.663086 0.471680
0.663086 0.471680
0.663086 0.471680
0.663086 0.471680
0.663086 0.471680
0.663086 0.471680
0.663086 0.471680
0.663086 0.471680
0.663086 0.471680
0.663086 0.471680
0.663086 0.471680
0.663086 0.471680
0.663086 0.471680
0.663086 0.471680
0.663086 0.471680
0.663086 0.471680
0.663086 0.471680
0.663086 0.471680
0.663086 0.471680
0.663086 0.471680
0.663086 0.471680
0.663086 0.471680
0.663086 0.471680
0.663086 0.471680
0.663086 0.471680
0.663086 0.471680
0.663086 0.471680
0.663086 0.471680
0.663086 0.471680
0.663086 0.471680
0.663086 0.471680
0.663086 0.471680
0.663086 0.471680
0.663086 0.471680
0.663086 0.471680
0.663086 0.471680
0.663086 0.471680
0.663086 0.471680
0.663086 0.471680
0.663086 0.471680
0.663086 0.471680
0.663086 0.471680
0.663086 0.471680
0.663086 0.471680
0.663086 0.471680
0.663086 0.471680
0.663086 0.471680
0.663086 0.471680
0.663086 0.471680
0.663086 0.471680
0.663086 0.471680
0.663086 0.471680
0.663086 0.471680
0.663086 0.471680
0.663086 0.471680
0.663086 0.471680
0.663086 0.471680
0.663086 0.471680
0.663086 0.471680
0.663086 0.471680
0.663086 0.471680
0.663086 0.471680
0.663086 0.471680
0.663086 0.471680
0.663086 0.471680
0.663086 0.471680
0.663086 0.471680
0.663086 0.471680
0.663086 0.471680
0.663086 0.471680
0.663086 0.471680
0.663086 0.471680
0.603027 0.194336
0.452637 0.231445
0.457031 0.007813
0.177856 0.344727
0.663086 0.471680
0.177856 0.344727
0.304443 0.219238
0.336426 0.002441
0.453613 0.289063
0.887695 0.471680
0.887695 0.471680
0.559082 0.001953
0.452637 0.231445
0.603027 0.194336
0.603027 0.194336
0.452637 0.231445
0.559082 0.001953
0.890625 0.483887
0.812988 0.630127
0.814453 0.560547
0.177856 0.344727
0.887695 0.471680
0.177856 0.344727
0.663086 0.471680
0.559082 0.001953
0.452637 0.231445
0.603027 0.194336
0.663086 0.471680
0.258301 0.011719
0.887695 0.471680
0.603027 0.194336
0.452637 0.231445
0.457031 0.007813
0.890625 0.483887
0.814453 0.560547
0.603027 0.194336
0.452637 0.231445
0.457031 0.007813
0.603027 0.194336
0.452637 0.231445
0.559082 0.001953
0.177856 0.344727
0.603027 0.194336
0.452637 0.231445
0.457031 0.007813
0.177856 0.344727
0.887695 0.471680
0.663086 0.471680
0.887695 0.471680
0.457031 0.007813
0.452637 0.231445
0.603027 0.194336
0.457031 0.007813
0.452637 0.231445
0.603027 0.194336
0.603027 0.194336
0.452637 0.231445
0.457031 0.007813
0.603027 0.194336
0.452637 0.231445
0.457031 0.007813
0.457031 0.007813
0.452637 0.231445
0.603027 0.194336
0.603027 0.194336
0.452637 0.231445
0.457031 0.007813
0.603027 0.194336
0.452637 0.231445
0.457031 0.007813
0.603027 0.194336
0.452637 0.231445
0.457031 0.007813
0.603027 0.194336
0.452637 0.231445
0.457031 0.007813
0.603027 0.194336
0.452637 0.231445
0.457031 0.007813
0.603027 0.194336
0.452637 0.231445
0.457031 0.007813
0.603027 0.194336
0.452637 0.231445
0.457031 0.007813
0.603027 0.194336
0.452637 0.231445
0.457031 0.007813
0.603027 0.194336
0.452637 0.231445
0.457031 0.007813
0.603027 0.194336
0.452637 0.231445
0.457031 0.007813
0.603027 0.194336
0.452637 0.231445
0.457031 0.007813
0.457031 0.007813
0.452637 0.231445
0.603027 0.194336
0.177856 0.344727
0.603027 0.194336
0.452637 0.231445
0.457031 0.007813
0.452637 0.231445
0.457031 0.007813
0.603027 0.194336
0.304443 0.219238
0.442139 0.005859
0.453613 0.289063
0.887695 0.471680
0.304443 0.219238
0.442139 0.005859
0.453613 0.289063
0.304443 0.219238
0.442139 0.005859
0.453613 0.289063
0.304443 0.219238
0.442139 0.005859
0.453613 0.289063
0.304443 0.219238
0.442139 0.005859
0.453613 0.289063
0.304443 0.219238
0.442139 0.005859
0.453613 0.289063
0.304443 0.219238
0.442139 0.005859
0.453613 0.289063
0.304443 0.219238
0.336426 0.002441
0.453613 0.289063
0.442139 0.005859
0.304443 0.219238
0.453613 0.289063
0.177856 0.344727
0.442139 0.005859
0.304443 0.219238
0.453613 0.289063
0.304443 0.219238
0.442139 0.005859
0.453613 0.289063
0.304443 0.219238
0.442139 0.005859
0.453613 0.289063
0.177856 0.344727
0.336426 0.002441
0.304443 0.219238
0.453613 0.289063
0.177856 0.344727
0.304443 0.219238
0.336426 0.002441
0.453613 0.289063
0.304443 0.219238
0.336426 0.002441
0.453613 0.289063
0.177856 0.344727
0.177856 0.344727
0.177856 0.344727
0.177856 0.344727
0.177856 0.344727
0.177856 0.344727
0.452637 0.231445
0.457031 0.007813
0.603027 0.194336
0.452637 0.231445
0.457031 0.007813
0.603027 0.194336
0.452637 0.231445
0.457031 0.007813
0.603027 0.194336
0.452637 0.231445
0.457031 0.007813
0.603027 0.194336
0.452637 0.231445
0.457031 0.007813
0.603027 0.194336
0.452637 0.231445
0.457031 0.007813
0.603027 0.194336
0.177856 0.344727
0.887695 0.471680
0.578125 0.001953
0.998047 0.001953
0.177856 0.344727
0.304443 0.219238
0.442139 0.005859
0.453613 0.289063
0.442139 0.005859
0.304443 0.219238
0.453613 0.289063
0.603027 0.194336
0.452637 0.231445
0.559082 0.001953
0.887695 0.471680
0.887695 0.471680
0.887695 0.471680
0.887695 0.471680
0.887695 0.471680
0.887695 0.471680
0.304443 0.219238
0.442139 0.005859
0.453613 0.289063
0.663086 0.471680
0.663086 0.471680
0.304443 0.219238
0.442139 0.005859
0.453613 0.289063
0.663086 0.471680
0.663086 0.471680
0.663086 0.471680
0.663086 0.471680
0.663086 0.471680
0.663086 0.471680
0.663086 0.471680
0.663086 0.471680
0.663086 0.471680
0.663086 0.471680
0.663086 0.471680
0.663086 0.471680
0.663086 0.471680
0.663086 0.471680
0.663086 0.471680
0.663086 0.471680
0.663086 0.471680
0.663086 0.471680
0.663086 0.471680
0.663086 0.471680
0.663086 0.471680
0.663086 0.471680
0.663086 0.471680
0.663086 0.471680
0.663086 0.471680
0.663086 0.471680
0.663086 0.471680
0.663086 0.471680
0.663086 0.471680
0.663086 0.471680
0.663086 0.471680
0.663086 0.471680
0.663086 0.471680
0.663086 0.471680
0.663086 0.471680
0.663086 0.471680
0.663086 0.471680
0.663086 0.471680
0.663086 0.471680
0.663086 0.471680
0.663086 0.471680
0.663086 0.471680
0.663086 0.471680
0.663086 0.471680
0.663086 0.471680
0.663086 0.471680
0.663086 0.471680
0.663086 0.471680
0.663086 0.471680
0.663086 0.471680
0.663086 0.471680
0.663086 0.471680
0.663086 0.471680
0.663086 0.471680
0.663086 0.471680
0.663086 0.471680
0.663086 0.471680
0.663086 0.471680
0.663086 0.471680
0.663086 0.471680
0.663086 0.471680
0.663086 0.471680
0.663086 0.471680
0.663086 0.471680
0.663086 0.471680
0.663086 0.471680
0.663086 0.471680
0.663086 0.471680
0.663086 0.471680
0.663086 0.471680
0.663086 0.471680
0.663086 0.471680
0.663086 0.471680
0.663086 0.471680
0.663086 0.471680
0.663086 0.471680
0.663086 0.471680
0.663086 0.471680
0.663086 0.471680
0.663086 0.471680
0.663086 0.471680
0.663086 0.471680
0.663086 0.471680
0.663086 0.471680
0.663086 0.471680
0.304443 0.219238
0.336426 0.002441
0.453613 0.289063
0.336426 0.002441
0.304443 0.219238
0.453613 0.289063
0.304443 0.219238
0.336426 0.002441
0.453613 0.289063
0.304443 0.219238
0.336426 0.002441
0.453613 0.289063
0.336426 0.002441
0.304443 0.219238
0.453613 0.289063
0.304443 0.219238
0.336426 0.002441
0.453613 0.289063
0.304443 0.219238
0.336426 0.002441
0.453613 0.289063
0.336426 0.002441
0.304443 0.219238
0.453613 0.289063
0.603027 0.194336
0.452637 0.231445
0.559082 0.001953
0.603027 0.194336
0.452637 0.231445
0.559082 0.001953
0.603027 0.194336
0.452637 0.231445
0.559082 0.001953
0.559082 0.001953
0.452637 0.231445
0.603027 0.194336
0.304443 0.219238
0.442139 0.005859
0.453613 0.289063
0.887695 0.471680
0.177856 0.344727
0.887695 0.471680
0.304443 0.219238
0.442139 0.005859
0.453613 0.289063
0.457031 0.007813
0.452637 0.231445
0.603027 0.194336
0.603027 0.194336
0.452637 0.231445
0.457031 0.007813
0.457031 0.007813
0.452637 0.231445
0.603027 0.194336
0.603027 0.194336
0.452637 0.231445
0.457031 0.007813
0.603027 0.194336
0.452637 0.231445
0.457031 0.007813
0.457031 0.007813
0.452637 0.231445
0.603027 0.194336
0.603027 0.194336
0.452637 0.231445
0.457031 0.007813
0.603027 0.194336
0.452637 0.231445
0.457031 0.007813
0.080566 0.004883
0.080566 0.004883
0.177856 0.344727
0.080566 0.004883
0.080566 0.004883
0.887695 0.471680
0.442139 0.005859
0.304443 0.219238
0.453613 0.289063
0.080566 0.004883
0.304443 0.219238
0.442139 0.005859
0.453613 0.289063
0.177856 0.344727
0.080566 0.004883
0.177856 0.344727
0.887695 0.471680
0.177856 0.344727
0.003557 0.416016
0.304443 0.219238
0.442139 0.005859
0.453613 0.289063
0.304443 0.219238
0.442139 0.005859
0.453613 0.289063
0.304443 0.219238
0.442139 0.005859
0.453613 0.289063
0.304443 0.219238
0.442139 0.005859
0.453613 0.289063
0.442139 0.005859
0.304443 0.219238
0.453613 0.289063
0.324707 0.270508
0.887695 0.471680
0.887695 0.471680
0.177856 0.344727
0.177856 0.344727
0.177856 0.344727
0.177856 0.344727
0.177856 0.344727
0.177856 0.344727
0.177856 0.344727
0.663086 0.471680
0.442139 0.005859
0.304443 0.219238
0.453613 0.289063
0.304443 0.219238
0.442139 0.005859
0.453613 0.289063
0.304443 0.219238
0.442139 0.005859
0.453613 0.289063
0.304443 0.219238
0.442139 0.005859
0.453613 0.289063
0.304443 0.219238
0.442139 0.005859
0.453613 0.289063
0.003557 0.267578
0.304443 0.219238
0.442139 0.005859
0.453613 0.289063
0.887695 0.471680
0.177856 0.344727
0.177856 0.344727
0.080566 0.004883
0.177856 0.344727
0.663086 0.471680
0.900879 0.550537
0.928711 0.601074
0.900879 0.550537
0.818359 0.511719
0.442139 0.005859
0.453613 0.289063
0.304443 0.219238
0.442139 0.005859
0.453613 0.289063
0.304443 0.219238
0.442139 0.005859
0.453613 0.289063
0.304443 0.219238
0.442139 0.005859
0.453613 0.289063
0.304443 0.219238
0.442139 0.005859
0.453613 0.289063
0.304443 0.219238
0.442139 0.005859
0.453613 0.289063
0.304443 0.219238
0.887695 0.471680
0.887695 0.471680
0.887695 0.471680
0.887695 0.471680
0.887695 0.471680
0.887695 0.471680
0.955078 0.523193
0.663086 0.471680
0.663086 0.471680
0.663086 0.471680
0.663086 0.471680
0.663086 0.471680
0.663086 0.471680
0.663086 0.471680
0.663086 0.471680
0.663086 0.471680
0.663086 0.471680
0.663086 0.471680
0.663086 0.471680
0.663086 0.471680
0.663086 0.471680
0.663086 0.471680
0.663086 0.471680
0.663086 0.471680
0.663086 0.471680
0.663086 0.471680
0.663086 0.471680
0.663086 0.471680
0.663086 0.471680
0.663086 0.471680
0.663086 0.471680
0.663086 0.471680
0.663086 0.471680
0.663086 0.471680
0.663086 0.471680
0.663086 0.471680
0.663086 0.471680
0.663086 0.471680
0.663086 0.471680
0.663086 0.471680
0.663086 0.471680
0.663086 0.471680
0.663086 0.471680
0.663086 0.471680
0.663086 0.471680
0.663086 0.471680
0.663086 0.471680
0.663086 0.471680
0.663086 0.471680
0.663086 0.471680
0.663086 0.471680
0.663086 0.471680
0.663086 0.471680
0.663086 0.471680
0.663086 0.471680
0.663086 0.471680
0.663086 0.471680
0.663086 0.471680
0.663086 0.471680
0.663086 0.471680
0.663086 0.471680
0.663086 0.471680
0.663086 0.471680
0.663086 0.471680
0.663086 0.471680
0.663086 0.471680
0.663086 0.471680
0.663086 0.471680
0.663086 0.471680
0.663086 0.471680
0.663086 0.471680
0.663086 0.471680
0.663086 0.471680
0.663086 0.471680
0.663086 0.471680
0.663086 0.471680
0.663086 0.471680
0.663086 0.471680
0.663086 0.471680
0.663086 0.471680
0.663086 0.471680
0.663086 0.471680
0.663086 0.471680
0.663086 0.471680
0.663086 0.471680
0.663086 0.471680
0.663086 0.471680
0.663086 0.471680
0.663086 0.471680
0.663086 0.471680
0.663086 0.471680
0.663086 0.471680
0.663086 0.471680
0.559082 0.001953
0.452637 0.231445
0.603027 0.194336
0.603027 0.194336
0.452637 0.231445
0.559082 0.001953
0.663086 0.471680
0.177856 0.344727
0.887695 0.471680
0.304443 0.219238
0.336426 0.002441
0.453613 0.289063
0.336426 0.002441
0.304443 0.219238
0.453613 0.289063
0.887695 0.471680
0.887695 0.471680
0.177856 0.344727
0.177856 0.344727
0.713379 0.573730
0.887695 0.471680
0.887695 0.471680
0.887695 0.471680
0.805664 0.629150
0.891602 0.505615
0.818359 0.563232
0.258301 0.011719
</float_array>
          <technique_common>
            <accessor source="#SM_Urchin_Group_02_LOD1-UV0-array" count="2654" stride="2">
              <param name="S" type="float"/>
              <param name="T" type="float"/>
            </accessor>
          </technique_common>
        </source>
        <vertices id="SM_Urchin_Group_02_LOD1-VERTEX">
          <input semantic="POSITION" source="#SM_Urchin_Group_02_LOD1-POSITION"/>
        </vertices>
        <triangles count="1359" material="MAT_Urchin">
          <input semantic="VERTEX" offset="0" source="#SM_Urchin_Group_02_LOD1-VERTEX"/>
          <input semantic="NORMAL" offset="1" source="#SM_Urchin_Group_02_LOD1-Normal0"/>
          <input semantic="TEXCOORD" offset="2" set="0" source="#SM_Urchin_Group_02_LOD1-UV0"/>
          <p> 1642 0 1642 1322 1 1322 2460 2 2460 2502 3 2502 0 4 1 2 5 0 675 6 675 2099 7 2099 2097 8 2097 1627 9 1627 4 10 3 642 11 642 1871 12 1871 1003 13 1003 1338 14 1338 1959 15 1959 6 16 7 8 17 6 27 18 27 385 19 385 10 20 11 2513 21 2513 11 22 10 9 23 9 1287 24 1287 675 25 675 1627 26 1627 2098 27 2098 3 28 4 12 29 12 2650 30 2650 1286 31 1286 1002 32 1002 1986 33 1986 1321 34 1321 1672 35 1672 1338 36 1338 2113 37 2113 16 38 16 16 39 16 2114 40 2114 2646 41 2646 671 42 671 19 43 18 17 44 19 18 45 17 1941 46 1941 995 47 995 2460 48 2460 60 49 60 682 50 682 1 51 2 1642 52 1642 20 53 20 23 54 21 1680 55 1680 21 56 23 26 57 24 1775 58 1775 24 59 26 1637 60 1637 2514 61 2514 1638 62 1638 2512 63 2512 2514 64 2514 9 65 9 28 66 28 1637 67 1637 1638 68 1638 10 69 11 2515 70 2515 28 71 28 17 72 19 29 73 29 671 74 671 995 75 995 29 76 29 17 77 19 32 78 30 2264 79 2264 30 80 32 35 81 33 2260 82 2260 1969 83 1969 38 84 36 37 85 37 2229 86 2229 41 87 39 40 88 40 2413 89 2413 44 90 42 1901 91 1901 2239 92 2239 2237 93 2237 47 94 46 1902 95 1902 50 96 48 2236 97 2236 48 98 50 53 99 51 52 100 52 2455 101 2455 56 102 54 55 103 55 2238 104 2238 2457 105 2457 59 106 58 1905 107 1905 1322 108 1322 60 109 60 2460 110 2460 60 111 60 0 112 1 2502 113 2502 2507 114 2507 63 115 62 1957 116 1957 66 117 64 2480 118 2480 1910 119 1910 69 120 67 2479 121 2479 1907 122 1907 70 123 70 72 124 71 2482 125 2482 2483 126 2483 75 127 74 1908 128 1908 2484 129 2484 78 130 77 1906 131 1906 2481 132 2481 81 133 80 1909 134 1909 84 135 82 1995 136 1995 82 137 84 2634 138 2634 87 139 86 1900 140 1900 88 141 88 90 142 89 1729 143 1729 92 144 91 91 145 92 93 146 93 94 147 94 96 148 95 1829 149 1829 98 150 97 97 151 98 99 152 99 101 153 100 102 154 101 100 155 102 2100 156 2100 105 157 104 2443 158 2443 2083 159 2083 108 160 107 2442 161 2442 2121 162 2121 111 163 110 2445 164 2445 2085 165 2085 114 166 113 2446 167 2446 2180 168 2180 117 169 116 2451 170 2451 2102 171 2102 120 172 119 2456 173 2456 122 174 121 123 175 122 121 176 123 1866 177 1866 126 178 125 125 179 126 128 180 127 1679 181 1679 129 182 129 131 183 130 1694 184 1694 132 185 132 134 186 133 1700 187 1700 135 188 135 137 189 136 1695 190 1695 138 191 138 140 192 139 1740 193 1740 141 194 141 143 195 142 1682 196 1682 144 197 144 146 198 145 1702 199 1702 147 200 147 149 201 148 1764 202 1764 150 203 150 152 204 151 1703 205 1703 153 206 153 155 207 154 1696 208 1696 156 209 156 158 210 157 1722 211 1722 159 212 159 161 213 160 1705 214 1705 162 215 162 164 216 163 1718 217 1718 165 218 165 167 219 166 1686 220 1686 168 221 168 170 222 169 1687 223 1687 171 224 171 173 225 172 1690 226 1690 174 227 174 176 228 175 1704 229 1704 177 230 177 179 231 178 1716 232 1716 180 233 180 182 234 181 1710 235 1710 183 236 183 185 237 184 1742 238 1742 186 239 186 188 240 187 1681 241 1681 189 242 189 191 243 190 1717 244 1717 192 245 192 194 246 193 1733 247 1733 195 248 195 197 249 196 1735 250 1735 198 251 198 200 252 199 1752 253 1752 201 254 201 203 255 202 1728 256 1728 204 257 204 206 258 205 1763 259 1763 207 260 207 209 261 208 1707 262 1707 210 263 210 212 264 211 1727 265 1727 213 266 213 215 267 214 1709 268 1709 216 269 216 218 270 217 1692 271 1692 219 272 219 221 273 220 1745 274 1745 222 275 222 224 276 223 1691 277 1691 225 278 225 227 279 226 1753 280 1753 228 281 228 230 282 229 1697 283 1697 231 284 231 233 285 232 1684 286 1684 234 287 234 236 288 235 1751 289 1751 237 290 237 239 291 238 1747 292 1747 240 293 240 242 294 241 1750 295 1750 243 296 243 245 297 244 1689 298 1689 246 299 246 248 300 247 1693 301 1693 249 302 249 251 303 250 1738 304 1738 252 305 252 254 306 253 1755 307 1755 255 308 255 257 309 256 1698 310 1698 258 311 258 260 312 259 1732 313 1732 261 314 261 263 315 262 1711 316 1711 264 317 264 266 318 265 1688 319 1688 267 320 267 269 321 268 1759 322 1759 270 323 270 272 324 271 1749 325 1749 273 326 273 275 327 274 1756 328 1756 276 329 276 278 330 277 1701 331 1701 279 332 279 281 333 280 1715 334 1715 282 335 282 284 336 283 1720 337 1720 285 338 285 287 339 286 1737 340 1737 288 341 288 290 342 289 1731 343 1731 291 344 291 293 345 292 1719 346 1719 294 347 294 296 348 295 1746 349 1746 297 350 297 299 351 298 1699 352 1699 300 353 300 302 354 301 1685 355 1685 303 356 303 305 357 304 1761 358 1761 306 359 306 308 360 307 1734 361 1734 309 362 309 311 363 310 1743 364 1743 312 365 312 314 366 313 1726 367 1726 315 368 315 317 369 316 1706 370 1706 318 371 318 320 372 319 1730 373 1730 321 374 321 323 375 322 1724 376 1724 324 377 324 326 378 325 1721 379 1721 327 380 327 329 381 328 1758 382 1758 330 383 330 332 384 331 1683 385 1683 333 386 333 335 387 334 1708 388 1708 336 389 336 338 390 337 1744 391 1744 339 392 339 341 393 340 1739 394 1739 342 395 342 344 396 343 1762 397 1762 345 398 345 347 399 346 1754 400 1754 348 401 348 350 402 349 1757 403 1757 351 404 351 353 405 352 1741 406 1741 354 407 354 356 408 355 1712 409 1712 357 410 357 359 411 358 1736 412 1736 360 413 360 362 414 361 1713 415 1713 363 416 363 365 417 364 1760 418 1760 366 419 366 368 420 367 1725 421 1725 369 422 369 372 423 370 2284 424 2284 370 425 372 1872 426 1872 375 427 374 374 428 375 377 429 376 1765 430 1765 378 431 378 1767 432 1767 379 433 380 381 434 381 383 435 382 1774 436 1774 384 437 384 11 438 10 2512 439 2512 9 440 9 385 441 385 2515 442 2515 10 443 11 387 444 386 1807 445 1807 388 446 388 390 447 389 1818 448 1818 391 449 391 393 450 392 1827 451 1827 394 452 394 396 453 395 1852 454 1852 397 455 397 399 456 398 1862 457 1862 400 458 400 402 459 401 1789 460 1789 403 461 403 405 462 404 1806 463 1806 406 464 406 408 465 407 1783 466 1783 409 467 409 411 468 410 1830 469 1830 412 470 412 414 471 413 1785 472 1785 415 473 415 417 474 416 1835 475 1835 418 476 418 420 477 419 1794 478 1794 421 479 421 423 480 422 1793 481 1793 424 482 424 426 483 425 1788 484 1788 427 485 427 429 486 428 1833 487 1833 430 488 430 432 489 431 1840 490 1840 433 491 433 435 492 434 1812 493 1812 436 494 436 438 495 437 1860 496 1860 439 497 439 441 498 440 1813 499 1813 442 500 442 444 501 443 1834 502 1834 445 503 445 447 504 446 1786 505 1786 448 506 448 450 507 449 1826 508 1826 451 509 451 453 510 452 1779 511 1779 454 512 454 456 513 455 1836 514 1836 457 515 457 459 516 458 1816 517 1816 460 518 460 462 519 461 1817 520 1817 463 521 463 465 522 464 1846 523 1846 466 524 466 468 525 467 1820 526 1820 469 527 469 471 528 470 1781 529 1781 472 530 472 474 531 473 1790 532 1790 475 533 475 477 534 476 1841 535 1841 478 536 478 480 537 479 1832 538 1832 481 539 481 483 540 482 1815 541 1815 484 542 484 486 543 485 1791 544 1791 487 545 487 489 546 488 1811 547 1811 490 548 490 492 549 491 1797 550 1797 493 551 493 495 552 494 1850 553 1850 496 554 496 498 555 497 1853 556 1853 499 557 499 501 558 500 1842 559 1842 502 560 502 504 561 503 1861 562 1861 505 563 505 507 564 506 1831 565 1831 508 566 508 510 567 509 1837 568 1837 511 569 511 513 570 512 1849 571 1849 514 572 514 516 573 515 1795 574 1795 517 575 517 519 576 518 1823 577 1823 520 578 520 522 579 521 1780 580 1780 523 581 523 525 582 524 1851 583 1851 526 584 526 528 585 527 1803 586 1803 529 587 529 531 588 530 1839 589 1839 532 590 532 534 591 533 1847 592 1847 535 593 535 537 594 536 1824 595 1824 538 596 538 540 597 539 1801 598 1801 541 599 541 543 600 542 1805 601 1805 544 602 544 546 603 545 1857 604 1857 547 605 547 549 606 548 1799 607 1799 550 608 550 552 609 551 1855 610 1855 553 611 553 555 612 554 1843 613 1843 556 614 556 558 615 557 1822 616 1822 559 617 559 561 618 560 1838 619 1838 562 620 562 564 621 563 1848 622 1848 565 623 565 567 624 566 1821 625 1821 568 626 568 570 627 569 1792 628 1792 571 629 571 573 630 572 1825 631 1825 574 632 574 576 633 575 1819 634 1819 577 635 577 579 636 578 1809 637 1809 580 638 580 582 639 581 1810 640 1810 583 641 583 585 642 584 1845 643 1845 586 644 586 588 645 587 1859 646 1859 589 647 589 591 648 590 1858 649 1858 592 650 592 594 651 593 1798 652 1798 595 653 595 597 654 596 1856 655 1856 598 656 598 600 657 599 1800 658 1800 601 659 601 603 660 602 1782 661 1782 604 662 604 606 663 605 1844 664 1844 607 665 607 609 666 608 1814 667 1814 610 668 610 612 669 611 1804 670 1804 613 671 613 615 672 614 1828 673 1828 616 674 616 618 675 617 1854 676 1854 619 677 619 621 678 620 1784 679 1784 622 680 622 624 681 623 1808 682 1808 625 683 625 627 684 626 1867 685 1867 628 686 628 629 687 629 1871 688 1871 1338 689 1338 8 690 6 2114 691 2114 1959 692 1959 1869 693 1869 630 694 631 632 695 632 2653 696 2653 1956 697 1956 635 698 635 637 699 636 2103 700 2103 638 701 638 1987 702 1987 639 703 640 641 704 641 2097 705 2097 2099 706 2099 5 707 5 1627 708 1627 642 709 642 2098 710 2098 644 711 643 2127 712 2127 645 713 645 1888 714 1888 646 715 647 648 716 648 649 717 649 651 718 650 2034 719 2034 1870 720 1870 654 721 653 653 722 654 656 723 655 655 724 656 657 725 657 1 726 2 658 727 658 1642 728 1642 2 729 0 658 730 658 2502 731 2502 659 732 659 661 733 660 2509 734 2509 1903 735 1903 662 736 663 664 737 664 1887 738 1887 667 739 666 666 740 667 2444 741 2444 668 742 669 670 743 670 671 744 671 18 745 17 19 746 18 18 747 17 671 748 671 1941 749 1941 2215 750 2215 672 751 673 674 752 674 2540 753 2540 675 754 675 2097 755 2097 1627 756 1627 675 757 675 4 758 3 677 759 676 678 760 677 676 761 678 1766 762 1766 681 763 680 680 764 681 1 765 2 2502 766 2502 658 767 658 1 768 2 2460 769 2460 682 770 682 685 771 683 2542 772 2542 683 773 685 687 774 686 1748 775 1748 688 776 688 1868 777 1868 691 778 690 690 779 691 1874 780 1874 692 781 693 694 782 694 2101 783 2101 697 784 696 696 785 697 700 786 698 1938 787 1938 2241 788 2241 703 789 701 1939 790 1939 2240 791 2240 2645 792 2645 706 793 705 704 794 706 709 795 707 2644 796 2644 708 797 709 712 798 710 1968 799 1968 2225 800 2225 714 801 713 1994 802 1994 715 803 715 717 804 716 1787 805 1787 718 806 718 721 807 719 1973 808 1973 2508 809 2508 724 810 722 1964 811 1964 2485 812 2485 727 813 725 2510 814 2510 1943 815 1943 729 816 728 2029 817 2029 730 818 730 732 819 731 1997 820 1997 733 821 733 735 822 734 2033 823 2033 736 824 736 738 825 737 2054 826 2054 739 827 739 741 828 740 2038 829 2038 742 830 742 744 831 743 2053 832 2053 745 833 745 747 834 746 2012 835 2012 748 836 748 750 837 749 2070 838 2070 751 839 751 753 840 752 2004 841 2004 754 842 754 756 843 755 2058 844 2058 757 845 757 759 846 758 2049 847 2049 760 848 760 762 849 761 2005 850 2005 763 851 763 765 852 764 2062 853 2062 766 854 766 768 855 767 2021 856 2021 769 857 769 771 858 770 2022 859 2022 772 860 772 774 861 773 2042 862 2042 775 863 775 777 864 776 2045 865 2045 778 866 778 780 867 779 2061 868 2061 781 869 781 783 870 782 2051 871 2051 784 872 784 786 873 785 2063 874 2063 787 875 787 789 876 788 2001 877 2001 790 878 790 792 879 791 2077 880 2077 793 881 793 795 882 794 2011 883 2011 796 884 796 798 885 797 2046 886 2046 799 887 799 801 888 800 2043 889 2043 802 890 802 804 891 803 2027 892 2027 805 893 805 807 894 806 2044 895 2044 808 896 808 810 897 809 2014 898 2014 811 899 811 813 900 812 2028 901 2028 814 902 814 816 903 815 2000 904 2000 817 905 817 819 906 818 1998 907 1998 820 908 820 822 909 821 2030 910 2030 823 911 823 825 912 824 2065 913 2065 826 914 826 828 915 827 2059 916 2059 829 917 829 831 918 830 2036 919 2036 832 920 832 834 921 833 2052 922 2052 835 923 835 837 924 836 2071 925 2071 838 926 838 840 927 839 2067 928 2067 841 929 841 843 930 842 2024 931 2024 844 932 844 846 933 845 2017 934 2017 847 935 847 849 936 848 2031 937 2031 850 938 850 852 939 851 2035 940 2035 853 941 853 855 942 854 2023 943 2023 856 944 856 858 945 857 2040 946 2040 859 947 859 861 948 860 2006 949 2006 862 950 862 864 951 863 2019 952 2019 865 953 865 867 954 866 2073 955 2073 868 956 868 870 957 869 2041 958 2041 871 959 871 873 960 872 2018 961 2018 874 962 874 876 963 875 2003 964 2003 877 965 877 879 966 878 2050 967 2050 880 968 880 882 969 881 2020 970 2020 883 971 883 885 972 884 2026 973 2026 886 974 886 888 975 887 2016 976 2016 889 977 889 891 978 890 2009 979 2009 892 980 892 894 981 893 2013 982 2013 895 983 895 897 984 896 2066 985 2066 898 986 898 900 987 899 2069 988 2069 901 989 901 903 990 902 2074 991 2074 904 992 904 906 993 905 2032 994 2032 907 995 907 909 996 908 2072 997 2072 910 998 910 912 999 911 2056 1000 2056 913 1001 913 915 1002 914 2015 1003 2015 916 1004 916 918 1005 917 2076 1006 2076 919 1007 919 921 1008 920 2010 1009 2010 922 1010 922 924 1011 923 2055 1012 2055 925 1013 925 927 1014 926 2068 1015 2068 928 1016 928 930 1017 929 2025 1018 2025 931 1019 931 933 1020 932 2047 1021 2047 934 1022 934 936 1023 935 2008 1024 2008 937 1025 937 939 1026 938 2079 1027 2079 940 1028 940 942 1029 941 2057 1030 2057 943 1031 943 945 1032 944 2002 1033 2002 946 1034 946 948 1035 947 2075 1036 2075 949 1037 949 951 1038 950 2060 1039 2060 952 1040 952 954 1041 953 2037 1042 2037 955 1043 955 957 1044 956 2007 1045 2007 958 1046 958 960 1047 959 2078 1048 2078 961 1049 961 963 1050 962 2048 1051 2048 964 1052 964 966 1053 965 1996 1054 1996 967 1055 967 970 1056 968 1912 1057 1912 2125 1058 2125 1890 1059 1890 971 1060 972 973 1061 973 975 1062 974 2084 1063 2084 976 1064 976 977 1065 977 979 1066 978 2317 1067 2317 2090 1068 2090 980 1069 981 982 1070 982 984 1071 983 983 1072 984 985 1073 985 987 1074 986 1723 1075 1723 988 1076 988 990 1077 989 2511 1078 2511 991 1079 991 993 1080 992 1796 1081 1796 994 1082 994 19 1083 18 18 1084 17 995 1085 995 17 1086 19 19 1087 18 995 1088 995 997 1089 996 998 1090 997 996 1091 998 2190 1092 2190 999 1093 1000 1001 1094 1001 2651 1095 2651 1002 1096 1002 1286 1097 1286 13 1098 15 1321 1099 1321 1002 1100 1002 6 1101 7 1959 1102 1959 2113 1103 2113 1871 1104 1871 6 1105 7 1003 1106 1003 2109 1107 2109 1006 1108 1005 1005 1109 1006 2447 1110 2447 1009 1111 1008 1008 1112 1009 1011 1113 1010 2283 1114 2283 1012 1115 1012 1014 1116 1013 2294 1117 2294 1015 1118 1015 1017 1119 1016 2358 1120 2358 1018 1121 1018 1020 1122 1019 2345 1123 2345 1021 1124 1021 1023 1125 1022 2371 1126 2371 1024 1127 1024 1026 1128 1025 2315 1129 2315 1027 1130 1027 1029 1131 1028 2313 1132 2313 1030 1133 1030 1032 1134 1031 2337 1135 2337 1033 1136 1033 1035 1137 1034 2325 1138 2325 1036 1139 1036 1038 1140 1037 2342 1141 2342 1039 1142 1039 1041 1143 1040 2322 1144 2322 1042 1145 1042 1044 1146 1043 2370 1147 2370 1045 1148 1045 1047 1149 1046 2359 1150 2359 1048 1151 1048 1050 1152 1049 2306 1153 2306 1051 1154 1051 1053 1155 1052 2292 1156 2292 1054 1157 1054 1056 1158 1055 2310 1159 2310 1057 1160 1057 1059 1161 1058 2324 1162 2324 1060 1163 1060 1062 1164 1061 2367 1165 2367 1063 1166 1063 1065 1167 1064 2303 1168 2303 1066 1169 1066 1068 1170 1067 2330 1171 2330 1069 1172 1069 1071 1173 1070 2290 1174 2290 1072 1175 1072 1074 1176 1073 2349 1177 2349 1075 1178 1075 1077 1179 1076 2304 1180 2304 1078 1181 1078 1080 1182 1079 2316 1183 2316 1081 1184 1081 1083 1185 1082 2321 1186 2321 1084 1187 1084 1086 1188 1085 2346 1189 2346 1087 1190 1087 1089 1191 1088 2364 1192 2364 1090 1193 1090 1092 1194 1091 2331 1195 2331 1093 1196 1093 1095 1197 1094 2288 1198 2288 1096 1199 1096 1098 1200 1097 2352 1201 2352 1099 1202 1099 1101 1203 1100 2343 1204 2343 1102 1205 1102 1104 1206 1103 2339 1207 2339 1105 1208 1105 1107 1209 1106 2360 1210 2360 1108 1211 1108 1110 1212 1109 2354 1213 2354 1111 1214 1111 1113 1215 1112 2312 1216 2312 1114 1217 1114 1116 1218 1115 2348 1219 2348 1117 1220 1117 1119 1221 1118 2297 1222 2297 1120 1223 1120 1122 1224 1121 2323 1225 2323 1123 1226 1123 1125 1227 1124 2344 1228 2344 1126 1229 1126 1128 1230 1127 2333 1231 2333 1129 1232 1129 1131 1233 1130 2365 1234 2365 1132 1235 1132 1134 1236 1133 2295 1237 2295 1135 1238 1135 1137 1239 1136 2329 1240 2329 1138 1241 1138 1140 1242 1139 2363 1243 2363 1141 1244 1141 1143 1245 1142 2299 1246 2299 1144 1247 1144 1146 1248 1145 2340 1249 2340 1147 1250 1147 1149 1251 1148 2314 1252 2314 1150 1253 1150 1152 1254 1151 2361 1255 2361 1153 1256 1153 1155 1257 1154 2326 1258 2326 1156 1259 1156 1158 1260 1157 2291 1261 2291 1159 1262 1159 1161 1263 1160 2308 1264 2308 1162 1265 1162 1164 1266 1163 2307 1267 2307 1165 1268 1165 1167 1269 1166 2319 1270 2319 1168 1271 1168 1170 1272 1169 2362 1273 2362 1171 1274 1171 1173 1275 1172 2298 1276 2298 1174 1277 1174 1176 1278 1175 2289 1279 2289 1177 1280 1177 1179 1281 1178 2369 1282 2369 1180 1283 1180 1182 1284 1181 2335 1285 2335 1183 1286 1183 1185 1287 1184 2327 1288 2327 1186 1289 1186 1188 1290 1187 2350 1291 2350 1189 1292 1189 1191 1293 1190 2309 1294 2309 1192 1295 1192 1194 1296 1193 2301 1297 2301 1195 1298 1195 1197 1299 1196 2355 1300 2355 1198 1301 1198 1200 1302 1199 2351 1303 2351 1201 1304 1201 1203 1305 1202 2356 1306 2356 1204 1307 1204 1206 1308 1205 2305 1309 2305 1207 1310 1207 1209 1311 1208 2334 1312 2334 1210 1313 1210 1212 1314 1211 2320 1315 2320 1213 1316 1213 1215 1317 1214 2302 1318 2302 1216 1319 1216 1218 1320 1217 2366 1321 2366 1219 1322 1219 1221 1323 1220 2341 1324 2341 1222 1325 1222 1224 1326 1223 2357 1327 2357 1225 1328 1225 1227 1329 1226 2338 1330 2338 1228 1331 1228 1230 1332 1229 2311 1333 2311 1231 1334 1231 1233 1335 1232 2347 1336 2347 1234 1337 1234 1236 1338 1235 2296 1339 2296 1237 1340 1237 1239 1341 1238 2328 1342 2328 1240 1343 1240 1242 1344 1241 2353 1345 2353 1243 1346 1243 1245 1347 1244 2293 1348 2293 1246 1349 1246 1248 1350 1247 2300 1351 2300 1249 1352 1249 1251 1353 1250 2368 1354 2368 1252 1355 1252 1255 1356 1253 1253 1357 1254 1254 1358 1255 1257 1359 1256 2372 1360 2372 1258 1361 1258 1677 1362 1677 1259 1363 1260 1261 1364 1261 1678 1365 1678 1262 1366 1263 1264 1367 1264 1674 1368 1674 1265 1369 1266 1267 1370 1267 1675 1371 1675 1268 1372 1269 1270 1373 1270 1673 1374 1673 1271 1375 1272 1273 1376 1273 1676 1377 1676 1274 1378 1275 1276 1379 1276 2414 1380 2414 1277 1381 1278 1279 1382 1279 1282 1383 1280 2459 1384 2459 1280 1385 1282 2089 1386 2089 1285 1387 1284 1284 1388 1285 1672 1389 1672 2652 1390 2652 1986 1391 1986 2650 1392 2650 14 1393 14 1286 1394 1286 5 1395 5 2099 1396 2099 3 1397 4 12 1398 12 3 1399 4 1287 1400 1287 1768 1401 1768 1288 1402 1289 1290 1403 1290 1770 1404 1770 1291 1405 1292 1293 1406 1293 1772 1407 1772 1294 1408 1295 1296 1409 1296 1771 1410 1771 1297 1411 1298 1299 1412 1299 1773 1413 1773 1300 1414 1301 1302 1415 1302 1769 1416 1769 1303 1417 1304 1305 1418 1305 1306 1419 1306 1308 1420 1307 2587 1421 2587 1310 1422 1309 2064 1423 2064 1311 1424 1311 1313 1425 1312 1312 1426 1313 1314 1427 1314 2128 1428 2128 1315 1429 1316 1317 1430 1317 1319 1431 1318 1318 1432 1319 1320 1433 1320 2650 1434 2650 1002 1435 1002 1321 1436 1321 15 1437 13 1321 1438 1321 1986 1439 1986 60 1440 60 1322 1441 1322 0 1442 1 0 1443 1 1322 1444 1322 1642 1445 1642 2506 1446 2506 1323 1447 1324 1325 1448 1325 2458 1449 2458 1328 1450 1327 1327 1451 1328 1330 1452 1329 1331 1453 1330 1329 1454 1331 1333 1455 1332 2039 1456 2039 1334 1457 1334 2643 1458 2643 1337 1459 1336 1336 1460 1337 7 1461 8 629 1462 629 1338 1463 1338 7 1464 8 1338 1465 1338 16 1466 16 2412 1467 2412 1341 1468 1340 1340 1469 1341 1343 1470 1342 2541 1471 2541 1344 1472 1344 1346 1473 1345 2611 1474 2611 1347 1475 1347 1349 1476 1348 2620 1477 2620 1350 1478 1350 1352 1479 1351 2603 1480 2603 1353 1481 1353 1355 1482 1354 2607 1483 2607 1356 1484 1356 1358 1485 1357 2596 1486 2596 1359 1487 1359 1361 1488 1360 2602 1489 2602 1362 1490 1362 1364 1491 1363 2612 1492 2612 1365 1493 1365 1367 1494 1366 2565 1495 2565 1368 1496 1368 1370 1497 1369 2595 1498 2595 1371 1499 1371 1373 1500 1372 2575 1501 2575 1374 1502 1374 1376 1503 1375 2561 1504 2561 1377 1505 1377 1379 1506 1378 2588 1507 2588 1380 1508 1380 1382 1509 1381 2556 1510 2556 1383 1511 1383 1385 1512 1384 2606 1513 2606 1386 1514 1386 1388 1515 1387 2590 1516 2590 1389 1517 1389 1391 1518 1390 2617 1519 2617 1392 1520 1392 1394 1521 1393 2589 1522 2589 1395 1523 1395 1397 1524 1396 2548 1525 2548 1398 1526 1398 1400 1527 1399 2582 1528 2582 1401 1529 1401 1403 1530 1402 2573 1531 2573 1404 1532 1404 1406 1533 1405 2585 1534 2585 1407 1535 1407 1409 1536 1408 2622 1537 2622 1410 1538 1410 1412 1539 1411 2594 1540 2594 1413 1541 1413 1415 1542 1414 2569 1543 2569 1416 1544 1416 1418 1545 1417 2574 1546 2574 1419 1547 1419 1421 1548 1420 2576 1549 2576 1422 1550 1422 1424 1551 1423 2562 1552 2562 1425 1553 1425 1427 1554 1426 2613 1555 2613 1428 1556 1428 1430 1557 1429 2546 1558 2546 1431 1559 1431 1433 1560 1432 2558 1561 2558 1434 1562 1434 1436 1563 1435 2550 1564 2550 1437 1565 1437 1439 1566 1438 2610 1567 2610 1440 1568 1440 1442 1569 1441 2600 1570 2600 1443 1571 1443 1445 1572 1444 2559 1573 2559 1446 1574 1446 1448 1575 1447 2578 1576 2578 1449 1577 1449 1451 1578 1450 2586 1579 2586 1452 1580 1452 1454 1581 1453 2584 1582 2584 1455 1583 1455 1457 1584 1456 2552 1585 2552 1458 1586 1458 1460 1587 1459 2580 1588 2580 1461 1589 1461 1463 1590 1462 2591 1591 2591 1464 1592 1464 1466 1593 1465 2592 1594 2592 1467 1595 1467 1469 1596 1468 2619 1597 2619 1470 1598 1470 1472 1599 1471 2621 1600 2621 1473 1601 1473 1475 1602 1474 2604 1603 2604 1476 1604 1476 1478 1605 1477 2554 1606 2554 1479 1607 1479 1481 1608 1480 2566 1609 2566 1482 1610 1482 1484 1611 1483 2570 1612 2570 1485 1613 1485 1487 1614 1486 2608 1615 2608 1488 1616 1488 1490 1617 1489 2543 1618 2543 1491 1619 1491 1493 1620 1492 2577 1621 2577 1494 1622 1494 1496 1623 1495 2609 1624 2609 1497 1625 1497 1499 1626 1498 2560 1627 2560 1500 1628 1500 1502 1629 1501 2599 1630 2599 1503 1631 1503 1505 1632 1504 2598 1633 2598 1506 1634 1506 1508 1635 1507 2553 1636 2553 1509 1637 1509 1511 1638 1510 2567 1639 2567 1512 1640 1512 1514 1641 1513 2614 1642 2614 1515 1643 1515 1517 1644 1516 2572 1645 2572 1518 1646 1518 1520 1647 1519 2544 1648 2544 1521 1649 1521 1523 1650 1522 2615 1651 2615 1524 1652 1524 1526 1653 1525 2564 1654 2564 1527 1655 1527 1529 1656 1528 2597 1657 2597 1530 1658 1530 1532 1659 1531 2555 1660 2555 1533 1661 1533 1535 1662 1534 2581 1663 2581 1536 1664 1536 1538 1665 1537 2583 1666 2583 1539 1667 1539 1541 1668 1540 2563 1669 2563 1542 1670 1542 1544 1671 1543 2571 1672 2571 1545 1673 1545 1547 1674 1546 2549 1675 2549 1548 1676 1548 1550 1677 1549 2568 1678 2568 1551 1679 1551 1553 1680 1552 2626 1681 2626 1554 1682 1554 1556 1683 1555 2547 1684 2547 1557 1685 1557 1559 1686 1558 2616 1687 2616 1560 1688 1560 1562 1689 1561 2623 1690 2623 1563 1691 1563 1565 1692 1564 2605 1693 2605 1566 1694 1566 1568 1695 1567 2593 1696 2593 1569 1697 1569 1571 1698 1570 2618 1699 2618 1572 1700 1572 1574 1701 1573 2624 1702 2624 1575 1703 1575 1577 1704 1576 2545 1705 2545 1578 1706 1578 1580 1707 1579 2579 1708 2579 1581 1709 1581 1583 1710 1582 2551 1711 2551 1584 1712 1584 1586 1713 1585 2633 1714 2633 1587 1715 1587 1589 1716 1588 2332 1717 2332 1590 1718 1590 2642 1719 2642 1591 1720 1592 1593 1721 1593 2478 1722 2478 1594 1723 1595 1596 1724 1596 1598 1725 1597 1985 1726 1985 1599 1727 1599 1984 1728 1984 1600 1729 1601 1602 1730 1602 1604 1731 1603 1603 1732 1604 1605 1733 1605 1607 1734 1606 1606 1735 1607 1608 1736 1608 1990 1737 1990 1609 1738 1610 1611 1739 1611 1989 1740 1989 1612 1741 1613 1614 1742 1614 1992 1743 1992 1615 1744 1616 1617 1745 1617 1988 1746 1988 1618 1747 1619 1620 1748 1620 1993 1749 1993 1621 1750 1622 1623 1751 1623 1991 1752 1991 1624 1753 1625 1626 1754 1626 12 1755 12 1627 1756 1627 2098 1757 2098 1627 1758 1627 12 1759 12 1287 1760 1287 1629 1761 1628 1628 1762 1629 1630 1763 1630 1632 1764 1631 1631 1765 1632 1633 1766 1633 1635 1767 1634 2336 1768 2336 1636 1769 1636 9 1770 9 1637 1771 1637 2513 1772 2513 9 1773 9 2514 1774 2514 1637 1775 1637 10 1776 11 1638 1777 1638 27 1778 27 28 1779 28 1638 1780 1638 10 1781 11 2647 1782 2647 1641 1783 1640 1640 1784 1641 1642 1785 1642 658 1786 658 2 1787 0 2 1788 0 0 1789 1 1642 1790 1642 101 1791 100 100 1792 102 1643 1793 1643 2635 1794 2635 1646 1795 1645 1645 1796 1646 122 1797 121 121 1798 123 1647 1799 1647 1649 1800 1648 2601 1801 2601 1650 1802 1650 2277 1803 2277 1651 1804 1652 1653 1805 1653 2279 1806 2279 1654 1807 1655 1656 1808 1656 2275 1809 2275 1657 1810 1658 1659 1811 1659 2278 1812 2278 1660 1813 1661 1662 1814 1662 2274 1815 2274 1663 1816 1664 1665 1817 1665 2276 1818 2276 1666 1819 1667 1668 1820 1668 2649 1821 2649 1669 1822 1670 1671 1823 1671 2651 1824 2651 13 1825 15 1002 1826 1002 1672 1827 1672 1321 1828 1321 13 1829 15 1673 1830 1673 1272 1831 1271 1271 1832 1272 1674 1833 1674 1266 1834 1265 1265 1835 1266 1675 1836 1675 1269 1837 1268 1268 1838 1269 1676 1839 1676 1275 1840 1274 1274 1841 1275 1677 1842 1677 1260 1843 1259 1259 1844 1260 1678 1845 1678 1263 1846 1262 1262 1847 1263 128 1848 127 127 1849 128 1679 1850 1679 23 1851 21 22 1852 22 1680 1853 1680 188 1854 187 187 1855 188 1681 1856 1681 143 1857 142 142 1858 143 1682 1859 1682 332 1860 331 331 1861 332 1683 1862 1683 233 1863 232 232 1864 233 1684 1865 1684 302 1866 301 301 1867 302 1685 1868 1685 167 1869 166 166 1870 167 1686 1871 1686 170 1872 169 169 1873 170 1687 1874 1687 266 1875 265 265 1876 266 1688 1877 1688 245 1878 244 244 1879 245 1689 1880 1689 173 1881 172 172 1882 173 1690 1883 1690 224 1884 223 223 1885 224 1691 1886 1691 218 1887 217 217 1888 218 1692 1889 1692 248 1890 247 247 1891 248 1693 1892 1693 131 1893 130 130 1894 131 1694 1895 1694 137 1896 136 136 1897 137 1695 1898 1695 155 1899 154 154 1900 155 1696 1901 1696 230 1902 229 229 1903 230 1697 1904 1697 257 1905 256 256 1906 257 1698 1907 1698 299 1908 298 298 1909 299 1699 1910 1699 134 1911 133 133 1912 134 1700 1913 1700 278 1914 277 277 1915 278 1701 1916 1701 146 1917 145 145 1918 146 1702 1919 1702 152 1920 151 151 1921 152 1703 1922 1703 176 1923 175 175 1924 176 1704 1925 1704 161 1926 160 160 1927 161 1705 1928 1705 317 1929 316 316 1930 317 1706 1931 1706 209 1932 208 208 1933 209 1707 1934 1707 335 1935 334 334 1936 335 1708 1937 1708 215 1938 214 214 1939 215 1709 1940 1709 182 1941 181 181 1942 182 1710 1943 1710 263 1944 262 262 1945 263 1711 1946 1711 356 1947 355 355 1948 356 1712 1949 1712 362 1950 361 361 1951 362 1713 1952 1713 1604 1953 1603 1714 1954 1714 1603 1955 1604 281 1956 280 280 1957 281 1715 1958 1715 179 1959 178 178 1960 179 1716 1961 1716 191 1962 190 190 1963 191 1717 1964 1717 164 1965 163 163 1966 164 1718 1967 1718 293 1968 292 292 1969 293 1719 1970 1719 284 1971 283 283 1972 284 1720 1973 1720 326 1974 325 325 1975 326 1721 1976 1721 158 1977 157 157 1978 158 1722 1979 1722 987 1980 986 986 1981 987 1723 1982 1723 323 1983 322 322 1984 323 1724 1985 1724 368 1986 367 367 1987 368 1725 1988 1725 314 1989 313 313 1990 314 1726 1991 1726 212 1992 211 211 1993 212 1727 1994 1727 203 1995 202 202 1996 203 1728 1997 1728 1729 1998 1729 90 1999 89 89 2000 90 320 2001 319 319 2002 320 1730 2003 1730 290 2004 289 289 2005 290 1731 2006 1731 260 2007 259 259 2008 260 1732 2009 1732 194 2010 193 193 2011 194 1733 2012 1733 308 2013 307 307 2014 308 1734 2015 1734 197 2016 196 196 2017 197 1735 2018 1735 359 2019 358 358 2020 359 1736 2021 1736 287 2022 286 286 2023 287 1737 2024 1737 251 2025 250 250 2026 251 1738 2027 1738 341 2028 340 340 2029 341 1739 2030 1739 140 2031 139 139 2032 140 1740 2033 1740 353 2034 352 352 2035 353 1741 2036 1741 185 2037 184 184 2038 185 1742 2039 1742 311 2040 310 310 2041 311 1743 2042 1743 338 2043 337 337 2044 338 1744 2045 1744 221 2046 220 220 2047 221 1745 2048 1745 296 2049 295 295 2050 296 1746 2051 1746 239 2052 238 238 2053 239 1747 2054 1747 687 2055 686 686 2056 687 1748 2057 1748 272 2058 271 271 2059 272 1749 2060 1749 242 2061 241 241 2062 242 1750 2063 1750 236 2064 235 235 2065 236 1751 2066 1751 200 2067 199 199 2068 200 1752 2069 1752 227 2070 226 226 2071 227 1753 2072 1753 347 2073 346 346 2074 347 1754 2075 1754 254 2076 253 253 2077 254 1755 2078 1755 275 2079 274 274 2080 275 1756 2081 1756 350 2082 349 349 2083 350 1757 2084 1757 329 2085 328 328 2086 329 1758 2087 1758 269 2088 268 268 2089 269 1759 2090 1759 365 2091 364 364 2092 365 1760 2093 1760 305 2094 304 304 2095 305 1761 2096 1761 344 2097 343 343 2098 344 1762 2099 1762 206 2100 205 205 2101 206 1763 2102 1763 149 2103 148 148 2104 149 1764 2105 1764 377 2106 376 376 2107 377 1765 2108 1765 1766 2109 1766 679 2110 679 681 2111 680 1767 2112 1767 380 2113 379 379 2114 380 1768 2115 1768 1289 2116 1288 1288 2117 1289 1769 2118 1769 1304 2119 1303 1303 2120 1304 1770 2121 1770 1292 2122 1291 1291 2123 1292 1771 2124 1771 1298 2125 1297 1297 2126 1298 1772 2127 1772 1295 2128 1294 1294 2129 1295 1773 2130 1773 1301 2131 1300 1300 2132 1301 383 2133 382 382 2134 383 1774 2135 1774 26 2136 24 25 2137 25 1775 2138 1775 1777 2139 1776 2557 2140 2557 1778 2141 1778 453 2142 452 452 2143 453 1779 2144 1779 522 2145 521 521 2146 522 1780 2147 1780 471 2148 470 470 2149 471 1781 2150 1781 603 2151 602 602 2152 603 1782 2153 1782 408 2154 407 407 2155 408 1783 2156 1783 621 2157 620 620 2158 621 1784 2159 1784 414 2160 413 413 2161 414 1785 2162 1785 447 2163 446 446 2164 447 1786 2165 1786 717 2166 716 716 2167 717 1787 2168 1787 426 2169 425 425 2170 426 1788 2171 1788 402 2172 401 401 2173 402 1789 2174 1789 474 2175 473 473 2176 474 1790 2177 1790 486 2178 485 485 2179 486 1791 2180 1791 570 2181 569 569 2182 570 1792 2183 1792 423 2184 422 422 2185 423 1793 2186 1793 420 2187 419 419 2188 420 1794 2189 1794 516 2190 515 515 2191 516 1795 2192 1795 993 2193 992 992 2194 993 1796 2195 1796 492 2196 491 491 2197 492 1797 2198 1797 594 2199 593 593 2200 594 1798 2201 1798 549 2202 548 548 2203 549 1799 2204 1799 600 2205 599 599 2206 600 1800 2207 1800 540 2208 539 539 2209 540 1801 2210 1801 1629 2211 1628 1802 2212 1802 1628 2213 1629 528 2214 527 527 2215 528 1803 2216 1803 612 2217 611 611 2218 612 1804 2219 1804 543 2220 542 542 2221 543 1805 2222 1805 405 2223 404 404 2224 405 1806 2225 1806 387 2226 386 386 2227 387 1807 2228 1807 624 2229 623 623 2230 624 1808 2231 1808 579 2232 578 578 2233 579 1809 2234 1809 582 2235 581 581 2236 582 1810 2237 1810 489 2238 488 488 2239 489 1811 2240 1811 435 2241 434 434 2242 435 1812 2243 1812 441 2244 440 440 2245 441 1813 2246 1813 609 2247 608 608 2248 609 1814 2249 1814 483 2250 482 482 2251 483 1815 2252 1815 459 2253 458 458 2254 459 1816 2255 1816 462 2256 461 461 2257 462 1817 2258 1817 390 2259 389 389 2260 390 1818 2261 1818 576 2262 575 575 2263 576 1819 2264 1819 468 2265 467 467 2266 468 1820 2267 1820 567 2268 566 566 2269 567 1821 2270 1821 558 2271 557 557 2272 558 1822 2273 1822 519 2274 518 518 2275 519 1823 2276 1823 537 2277 536 536 2278 537 1824 2279 1824 573 2280 572 572 2281 573 1825 2282 1825 450 2283 449 449 2284 450 1826 2285 1826 393 2286 392 392 2287 393 1827 2288 1827 615 2289 614 614 2290 615 1828 2291 1828 1829 2292 1829 96 2293 95 95 2294 96 411 2295 410 410 2296 411 1830 2297 1830 507 2298 506 506 2299 507 1831 2300 1831 480 2301 479 479 2302 480 1832 2303 1832 429 2304 428 428 2305 429 1833 2306 1833 444 2307 443 443 2308 444 1834 2309 1834 417 2310 416 416 2311 417 1835 2312 1835 456 2313 455 455 2314 456 1836 2315 1836 510 2316 509 509 2317 510 1837 2318 1837 561 2319 560 560 2320 561 1838 2321 1838 531 2322 530 530 2323 531 1839 2324 1839 432 2325 431 431 2326 432 1840 2327 1840 477 2328 476 476 2329 477 1841 2330 1841 501 2331 500 500 2332 501 1842 2333 1842 555 2334 554 554 2335 555 1843 2336 1843 606 2337 605 605 2338 606 1844 2339 1844 585 2340 584 584 2341 585 1845 2342 1845 465 2343 464 464 2344 465 1846 2345 1846 534 2346 533 533 2347 534 1847 2348 1847 564 2349 563 563 2350 564 1848 2351 1848 513 2352 512 512 2353 513 1849 2354 1849 495 2355 494 494 2356 495 1850 2357 1850 525 2358 524 524 2359 525 1851 2360 1851 396 2361 395 395 2362 396 1852 2363 1852 498 2364 497 497 2365 498 1853 2366 1853 618 2367 617 617 2368 618 1854 2369 1854 552 2370 551 551 2371 552 1855 2372 1855 597 2373 596 596 2374 597 1856 2375 1856 546 2376 545 545 2377 546 1857 2378 1857 591 2379 590 590 2380 591 1858 2381 1858 588 2382 587 587 2383 588 1859 2384 1859 438 2385 437 437 2386 438 1860 2387 1860 504 2388 503 503 2389 504 1861 2390 1861 399 2391 398 398 2392 399 1862 2393 1862 1864 2394 1863 1863 2395 1864 1865 2396 1865 1866 2397 1866 124 2398 124 126 2399 125 627 2400 626 626 2401 627 1867 2402 1867 1868 2403 1868 689 2404 689 691 2405 690 1869 2406 1869 631 2407 630 630 2408 631 1870 2409 1870 652 2410 652 654 2411 653 1871 2412 1871 8 2413 6 6 2414 7 8 2415 6 1871 2416 1871 629 2417 629 1872 2418 1872 373 2419 373 375 2420 374 92 2421 91 1873 2422 1873 91 2423 92 1874 2424 1874 693 2425 692 692 2426 693 1876 2427 1875 1875 2428 1876 1877 2429 1877 1880 2430 1878 1879 2431 1879 1878 2432 1880 1883 2433 1881 1882 2434 1882 1881 2435 1883 1886 2436 1884 1885 2437 1885 1884 2438 1886 1887 2439 1887 665 2440 665 667 2441 666 1888 2442 1888 647 2443 646 646 2444 647 98 2445 97 1889 2446 1889 97 2447 98 1890 2448 1890 972 2449 971 971 2450 972 1893 2451 1891 1892 2452 1892 1891 2453 1893 1896 2454 1894 1895 2455 1895 1894 2456 1896 1899 2457 1897 1898 2458 1898 1897 2459 1899 2634 2460 2634 1900 2461 1900 86 2462 87 2239 2463 2239 1901 2464 1901 43 2465 43 2237 2466 2237 1902 2467 1902 46 2468 47 1903 2469 1903 663 2470 662 662 2471 663 677 2472 676 676 2473 678 1904 2474 1904 2457 2475 2457 1905 2476 1905 58 2477 59 2484 2478 2484 1906 2479 1906 77 2480 78 1907 2481 1907 2479 2482 2479 67 2483 69 2483 2484 2483 1908 2485 1908 74 2486 75 2481 2487 2481 1909 2488 1909 80 2489 81 1910 2490 1910 2480 2491 2480 64 2492 66 72 2493 71 70 2494 70 1911 2495 1911 970 2496 968 969 2497 969 1912 2498 1912 1913 2499 1913 1915 2500 1914 1914 2501 1915 2538 2502 2538 1916 2503 1917 1918 2504 1918 2536 2505 2536 1919 2506 1920 1921 2507 1921 2534 2508 2534 1922 2509 1923 1924 2510 1924 2535 2511 2535 1925 2512 1926 1927 2513 1927 2539 2514 2539 1928 2515 1929 1930 2516 1930 2537 2517 2537 1931 2518 1932 1933 2519 1933 1935 2520 1934 1936 2521 1935 1934 2522 1936 1255 2523 1253 1254 2524 1255 1937 2525 1937 700 2526 698 699 2527 699 1938 2528 1938 703 2529 701 702 2530 702 1939 2531 1939 53 2532 51 1940 2533 1940 52 2534 52 671 2535 671 29 2536 29 1941 2537 1941 1941 2538 1941 29 2539 29 995 2540 995 41 2541 39 1942 2542 1942 40 2543 40 727 2544 725 1943 2545 1943 725 2546 727 1944 2547 1944 1946 2548 1945 1945 2549 1946 1948 2550 1947 1949 2551 1948 1947 2552 1949 1950 2553 1950 1952 2554 1951 1951 2555 1952 1953 2556 1953 1955 2557 1954 1954 2558 1955 633 2559 634 1956 2560 1956 2653 2561 2653 2507 2562 2507 1957 2563 1957 62 2564 63 704 2565 706 1958 2566 1958 705 2567 704 1959 2568 1959 16 2569 16 2113 2570 2113 1959 2571 1959 2114 2572 2114 16 2573 16 708 2574 709 2644 2575 2644 1960 2576 1960 1961 2577 1961 1963 2578 1962 1962 2579 1963 724 2580 722 723 2581 723 1964 2582 1964 38 2583 36 1965 2584 1965 37 2585 37 56 2586 54 1966 2587 1966 55 2588 55 50 2589 48 48 2590 50 1967 2591 1967 712 2592 710 711 2593 711 1968 2594 1968 33 2595 35 1969 2596 1969 2260 2597 2260 1971 2598 1970 1970 2599 1971 1972 2600 1972 721 2601 719 720 2602 720 1973 2603 1973 1975 2604 1974 1976 2605 1975 1974 2606 1976 1978 2607 1977 1979 2608 1978 1977 2609 1979 1981 2610 1980 1982 2611 1981 1980 2612 1982 32 2613 30 30 2614 32 1983 2615 1983 1984 2616 1984 1601 2617 1600 1600 2618 1601 1598 2619 1597 1597 2620 1598 1985 2621 1985 15 2622 13 1986 2623 1986 14 2624 14 1986 2625 1986 2652 2626 2652 14 2627 14 640 2628 639 639 2629 640 1987 2630 1987 1988 2631 1988 1619 2632 1618 1618 2633 1619 1989 2634 1989 1613 2635 1612 1612 2636 1613 1990 2637 1990 1610 2638 1609 1609 2639 1610 1991 2640 1991 1625 2641 1624 1624 2642 1625 1992 2643 1992 1616 2644 1615 1615 2645 1616 1993 2646 1993 1622 2647 1621 1621 2648 1622 714 2649 713 713 2650 714 1994 2651 1994 84 2652 82 83 2653 83 1995 2654 1995 966 2655 965 965 2656 966 1996 2657 1996 732 2658 731 731 2659 732 1997 2660 1997 819 2661 818 818 2662 819 1998 2663 1998 1864 2664 1863 1999 2665 1999 1863 2666 1864 816 2667 815 815 2668 816 2000 2669 2000 789 2670 788 788 2671 789 2001 2672 2001 945 2673 944 944 2674 945 2002 2675 2002 876 2676 875 875 2677 876 2003 2678 2003 753 2679 752 752 2680 753 2004 2681 2004 762 2682 761 761 2683 762 2005 2684 2005 861 2685 860 860 2686 861 2006 2687 2006 957 2688 956 956 2689 957 2007 2690 2007 936 2691 935 935 2692 936 2008 2693 2008 891 2694 890 890 2695 891 2009 2696 2009 921 2697 920 920 2698 921 2010 2699 2010 795 2700 794 794 2701 795 2011 2702 2011 747 2703 746 746 2704 747 2012 2705 2012 894 2706 893 893 2707 894 2013 2708 2013 810 2709 809 809 2710 810 2014 2711 2014 915 2712 914 914 2713 915 2015 2714 2015 888 2715 887 887 2716 888 2016 2717 2016 846 2718 845 845 2719 846 2017 2720 2017 873 2721 872 872 2722 873 2018 2723 2018 864 2724 863 863 2725 864 2019 2726 2019 882 2727 881 881 2728 882 2020 2729 2020 768 2730 767 767 2731 768 2021 2732 2021 771 2733 770 770 2734 771 2022 2735 2022 855 2736 854 854 2737 855 2023 2738 2023 843 2739 842 842 2740 843 2024 2741 2024 930 2742 929 929 2743 930 2025 2744 2025 885 2745 884 884 2746 885 2026 2747 2026 804 2748 803 803 2749 804 2027 2750 2027 813 2751 812 812 2752 813 2028 2753 2028 729 2754 728 728 2755 729 2029 2756 2029 822 2757 821 821 2758 822 2030 2759 2030 849 2760 848 848 2761 849 2031 2762 2031 906 2763 905 905 2764 906 2032 2765 2032 735 2766 734 734 2767 735 2033 2768 2033 2034 2769 2034 651 2770 650 650 2771 651 852 2772 851 851 2773 852 2035 2774 2035 831 2775 830 830 2776 831 2036 2777 2036 954 2778 953 953 2779 954 2037 2780 2037 741 2781 740 740 2782 741 2038 2783 2038 1333 2784 1332 1332 2785 1333 2039 2786 2039 858 2787 857 857 2788 858 2040 2789 2040 870 2790 869 869 2791 870 2041 2792 2041 774 2793 773 773 2794 774 2042 2795 2042 801 2796 800 800 2797 801 2043 2798 2043 807 2799 806 806 2800 807 2044 2801 2044 777 2802 776 776 2803 777 2045 2804 2045 798 2805 797 797 2806 798 2046 2807 2046 933 2808 932 932 2809 933 2047 2810 2047 963 2811 962 962 2812 963 2048 2813 2048 759 2814 758 758 2815 759 2049 2816 2049 879 2817 878 878 2818 879 2050 2819 2050 783 2820 782 782 2821 783 2051 2822 2051 834 2823 833 833 2824 834 2052 2825 2052 744 2826 743 743 2827 744 2053 2828 2053 738 2829 737 737 2830 738 2054 2831 2054 924 2832 923 923 2833 924 2055 2834 2055 912 2835 911 911 2836 912 2056 2837 2056 942 2838 941 941 2839 942 2057 2840 2057 756 2841 755 755 2842 756 2058 2843 2058 828 2844 827 827 2845 828 2059 2846 2059 951 2847 950 950 2848 951 2060 2849 2060 780 2850 779 779 2851 780 2061 2852 2061 765 2853 764 764 2854 765 2062 2855 2062 786 2856 785 785 2857 786 2063 2858 2063 1310 2859 1309 1309 2860 1310 2064 2861 2064 825 2862 824 824 2863 825 2065 2864 2065 897 2865 896 896 2866 897 2066 2867 2066 840 2868 839 839 2869 840 2067 2870 2067 927 2871 926 926 2872 927 2068 2873 2068 900 2874 899 899 2875 900 2069 2876 2069 750 2877 749 749 2878 750 2070 2879 2070 837 2880 836 836 2881 837 2071 2882 2071 909 2883 908 908 2884 909 2072 2885 2072 867 2886 866 866 2887 867 2073 2888 2073 903 2889 902 902 2890 903 2074 2891 2074 948 2892 947 947 2893 948 2075 2894 2075 918 2895 917 917 2896 918 2076 2897 2076 792 2898 791 791 2899 792 2077 2900 2077 960 2901 959 959 2902 960 2078 2903 2078 939 2904 938 938 2905 939 2079 2906 2079 2081 2907 2080 2082 2908 2081 2080 2909 2082 2083 2910 2083 107 2911 108 106 2912 106 975 2913 974 974 2914 975 2084 2915 2084 2085 2916 2085 113 2917 114 112 2918 112 2087 2919 2086 2086 2920 2087 2088 2921 2088 2089 2922 2089 1283 2923 1283 1285 2924 1284 2090 2925 2090 981 2926 980 980 2927 981 2091 2928 2091 2093 2929 2092 2092 2930 2093 2094 2931 2094 2096 2932 2095 2095 2933 2096 2097 2934 2097 642 2935 642 2540 2936 2540 5 2937 5 642 2938 642 2097 2939 2097 3 2940 4 2098 2941 2098 5 2942 5 2098 2943 2098 642 2944 642 5 2945 5 2099 2946 2099 1287 2947 1287 3 2948 4 675 2949 675 1287 2950 1287 2099 2951 2099 2100 2952 2100 104 2953 105 103 2954 103 2101 2955 2101 695 2956 695 697 2957 696 2102 2958 2102 119 2959 120 118 2960 118 637 2961 636 636 2962 637 2103 2963 2103 2104 2964 2104 2106 2965 2105 2105 2966 2106 997 2967 996 996 2968 998 2107 2969 2107 2108 2970 2108 1280 2971 1282 2459 2972 2459 2109 2973 2109 1004 2974 1004 1006 2975 1005 2111 2976 2110 2112 2977 2111 2110 2978 2112 2113 2979 2113 1003 2980 1003 6 2981 7 1338 2982 1338 1003 2983 1003 2113 2984 2113 2114 2985 2114 629 2986 629 2646 2987 2646 8 2988 6 629 2989 629 2114 2990 2114 2116 2991 2115 2117 2992 2116 2115 2993 2117 2118 2994 2118 2120 2995 2119 2119 2996 2120 2121 2997 2121 110 2998 111 109 2999 109 2123 3000 2122 2124 3001 2123 2122 3002 2124 2125 3003 2125 1912 3004 1912 968 3005 970 656 3006 655 2126 3007 2126 655 3008 656 644 3009 643 643 3010 644 2127 3011 2127 2128 3012 2128 1316 3013 1315 1315 3014 1316 2130 3015 2129 2131 3016 2130 2129 3017 2131 2133 3018 2132 2134 3019 2133 2132 3020 2134 2136 3021 2135 2137 3022 2136 2135 3023 2137 2139 3024 2138 2140 3025 2139 2138 3026 2140 2142 3027 2141 2143 3028 2142 2141 3029 2143 2145 3030 2144 2146 3031 2145 2144 3032 2146 2148 3033 2147 2149 3034 2148 2147 3035 2149 2151 3036 2150 2152 3037 2151 2150 3038 2152 2154 3039 2153 2155 3040 2154 2153 3041 2155 2157 3042 2156 2158 3043 2157 2156 3044 2158 2160 3045 2159 2161 3046 2160 2159 3047 2161 2163 3048 2162 2164 3049 2163 2162 3050 2164 2166 3051 2165 2167 3052 2166 2165 3053 2167 2169 3054 2168 2170 3055 2169 2168 3056 2170 2172 3057 2171 2173 3058 2172 2171 3059 2173 2175 3060 2174 2176 3061 2175 2174 3062 2176 2178 3063 2177 2179 3064 2178 2177 3065 2179 2180 3066 2180 116 3067 117 115 3068 115 2182 3069 2181 2183 3070 2182 2181 3071 2183 2186 3072 2184 2185 3073 2185 2184 3074 2186 2188 3075 2187 2187 3076 2188 2189 3077 2189 2190 3078 2190 1000 3079 999 999 3080 1000 2192 3081 2191 2191 3082 2192 2193 3083 2193 2195 3084 2194 2194 3085 2195 2196 3086 2196 2198 3087 2197 2197 3088 2198 2199 3089 2199 2201 3090 2200 2200 3091 2201 2202 3092 2202 2204 3093 2203 2203 3094 2204 2205 3095 2205 2207 3096 2206 2206 3097 2207 2208 3098 2208 2210 3099 2209 2209 3100 2210 2211 3101 2211 2213 3102 2212 2212 3103 2213 2214 3104 2214 673 3105 672 672 3106 673 2215 3107 2215 2217 3108 2216 2216 3109 2217 2218 3110 2218 2220 3111 2219 2219 3112 2220 2221 3113 2221 2223 3114 2222 2222 3115 2223 2224 3116 2224 2225 3117 2225 1968 3118 1968 710 3119 712 2227 3120 2226 2226 3121 2227 2228 3122 2228 2229 3123 2229 37 3124 37 36 3125 38 2231 3126 2230 2230 3127 2231 2232 3128 2232 2234 3129 2233 2233 3130 2234 2235 3131 2235 48 3132 50 2236 3133 2236 49 3134 49 2237 3135 2237 46 3136 47 45 3137 45 2238 3138 2238 55 3139 55 54 3140 56 2239 3141 2239 43 3142 43 42 3143 44 2240 3144 2240 1939 3145 1939 701 3146 703 2241 3147 2241 1938 3148 1938 698 3149 700 2243 3150 2242 2242 3151 2243 2244 3152 2244 2246 3153 2245 2245 3154 2246 2247 3155 2247 2249 3156 2248 2248 3157 2249 2250 3158 2250 2252 3159 2251 2251 3160 2252 2253 3161 2253 2255 3162 2254 2254 3163 2255 2256 3164 2256 2258 3165 2257 2257 3166 2258 2259 3167 2259 33 3168 35 2260 3169 2260 34 3170 34 2262 3171 2261 2261 3172 2262 2263 3173 2263 30 3174 32 2264 3175 2264 31 3176 31 2266 3177 2265 2265 3178 2266 2267 3179 2267 2269 3180 2268 2268 3181 2269 2270 3182 2270 2271 3183 2271 2273 3184 2272 2272 3185 2273 2274 3186 2274 1664 3187 1663 1663 3188 1664 2275 3189 2275 1658 3190 1657 1657 3191 1658 2276 3192 2276 1667 3193 1666 1666 3194 1667 2277 3195 2277 1652 3196 1651 1651 3197 1652 2278 3198 2278 1661 3199 1660 1660 3200 1661 2279 3201 2279 1655 3202 1654 1654 3203 1655 2281 3204 2280 2280 3205 2281 2282 3206 2282 1011 3207 1010 1010 3208 1011 2283 3209 2283 372 3210 370 371 3211 371 2284 3212 2284 2286 3213 2285 2285 3214 2286 2287 3215 2287 1095 3216 1094 1094 3217 1095 2288 3218 2288 1176 3219 1175 1175 3220 1176 2289 3221 2289 1071 3222 1070 1070 3223 1071 2290 3224 2290 1158 3225 1157 1157 3226 1158 2291 3227 2291 1053 3228 1052 1052 3229 1053 2292 3230 2292 1245 3231 1244 1244 3232 1245 2293 3233 2293 1014 3234 1013 1013 3235 1014 2294 3236 2294 1134 3237 1133 1133 3238 1134 2295 3239 2295 1236 3240 1235 1235 3241 1236 2296 3242 2296 1119 3243 1118 1118 3244 1119 2297 3245 2297 1173 3246 1172 1172 3247 1173 2298 3248 2298 1143 3249 1142 1142 3250 1143 2299 3251 2299 1248 3252 1247 1247 3253 1248 2300 3254 2300 1194 3255 1193 1193 3256 1194 2301 3257 2301 1215 3258 1214 1214 3259 1215 2302 3260 2302 1065 3261 1064 1064 3262 1065 2303 3263 2303 1077 3264 1076 1076 3265 1077 2304 3266 2304 1206 3267 1205 1205 3268 1206 2305 3269 2305 1050 3270 1049 1049 3271 1050 2306 3272 2306 1164 3273 1163 1163 3274 1164 2307 3275 2307 1161 3276 1160 1160 3277 1161 2308 3278 2308 1191 3279 1190 1190 3280 1191 2309 3281 2309 1056 3282 1055 1055 3283 1056 2310 3284 2310 1230 3285 1229 1229 3286 1230 2311 3287 2311 1113 3288 1112 1112 3289 1113 2312 3290 2312 1029 3291 1028 1028 3292 1029 2313 3293 2313 1149 3294 1148 1148 3295 1149 2314 3296 2314 1026 3297 1025 1025 3298 1026 2315 3299 2315 1080 3300 1079 1079 3301 1080 2316 3302 2316 2317 3303 2317 979 3304 978 978 3305 979 1971 3306 1970 2318 3307 2318 1970 3308 1971 1167 3309 1166 1166 3310 1167 2319 3311 2319 1212 3312 1211 1211 3313 1212 2320 3314 2320 1083 3315 1082 1082 3316 1083 2321 3317 2321 1041 3318 1040 1040 3319 1041 2322 3320 2322 1122 3321 1121 1121 3322 1122 2323 3323 2323 1059 3324 1058 1058 3325 1059 2324 3326 2324 1035 3327 1034 1034 3328 1035 2325 3329 2325 1155 3330 1154 1154 3331 1155 2326 3332 2326 1185 3333 1184 1184 3334 1185 2327 3335 2327 1239 3336 1238 1238 3337 1239 2328 3338 2328 1137 3339 1136 1136 3340 1137 2329 3341 2329 1068 3342 1067 1067 3343 1068 2330 3344 2330 1092 3345 1091 1091 3346 1092 2331 3347 2331 1589 3348 1588 1588 3349 1589 2332 3350 2332 1128 3351 1127 1127 3352 1128 2333 3353 2333 1209 3354 1208 1208 3355 1209 2334 3356 2334 1182 3357 1181 1181 3358 1182 2335 3359 2335 1635 3360 1634 1634 3361 1635 2336 3362 2336 1032 3363 1031 1031 3364 1032 2337 3365 2337 1227 3366 1226 1226 3367 1227 2338 3368 2338 1104 3369 1103 1103 3370 1104 2339 3371 2339 1146 3372 1145 1145 3373 1146 2340 3374 2340 1221 3375 1220 1220 3376 1221 2341 3377 2341 1038 3378 1037 1037 3379 1038 2342 3380 2342 1101 3381 1100 1100 3382 1101 2343 3383 2343 1125 3384 1124 1124 3385 1125 2344 3386 2344 1020 3387 1019 1019 3388 1020 2345 3389 2345 1086 3390 1085 1085 3391 1086 2346 3392 2346 1233 3393 1232 1232 3394 1233 2347 3395 2347 1116 3396 1115 1115 3397 1116 2348 3398 2348 1074 3399 1073 1073 3400 1074 2349 3401 2349 1188 3402 1187 1187 3403 1188 2350 3404 2350 1200 3405 1199 1199 3406 1200 2351 3407 2351 1098 3408 1097 1097 3409 1098 2352 3410 2352 1242 3411 1241 1241 3412 1242 2353 3413 2353 1110 3414 1109 1109 3415 1110 2354 3416 2354 1197 3417 1196 1196 3418 1197 2355 3419 2355 1203 3420 1202 1202 3421 1203 2356 3422 2356 1224 3423 1223 1223 3424 1224 2357 3425 2357 1017 3426 1016 1016 3427 1017 2358 3428 2358 1047 3429 1046 1046 3430 1047 2359 3431 2359 1107 3432 1106 1106 3433 1107 2360 3434 2360 1152 3435 1151 1151 3436 1152 2361 3437 2361 1170 3438 1169 1169 3439 1170 2362 3440 2362 1140 3441 1139 1139 3442 1140 2363 3443 2363 1089 3444 1088 1088 3445 1089 2364 3446 2364 1131 3447 1130 1130 3448 1131 2365 3449 2365 1218 3450 1217 1217 3451 1218 2366 3452 2366 1062 3453 1061 1061 3454 1062 2367 3455 2367 1251 3456 1250 1250 3457 1251 2368 3458 2368 1179 3459 1178 1178 3460 1179 2369 3461 2369 1044 3462 1043 1043 3463 1044 2370 3464 2370 1023 3465 1022 1022 3466 1023 2371 3467 2371 1257 3468 1256 1256 3469 1257 2372 3470 2372 2374 3471 2373 2373 3472 2374 2375 3473 2375 2377 3474 2376 2376 3475 2377 2378 3476 2378 2380 3477 2379 2379 3478 2380 2381 3479 2381 2383 3480 2382 2382 3481 2383 2384 3482 2384 2386 3483 2385 2385 3484 2386 2387 3485 2387 2389 3486 2388 2388 3487 2389 2390 3488 2390 2392 3489 2391 2391 3490 2392 2393 3491 2393 2395 3492 2394 2394 3493 2395 2396 3494 2396 2397 3495 2397 2399 3496 2398 2398 3497 2399 2400 3498 2400 2402 3499 2401 2401 3500 2402 2403 3501 2403 2405 3502 2404 2404 3503 2405 2406 3504 2406 2408 3505 2407 2407 3506 2408 2410 3507 2409 2409 3508 2410 2411 3509 2411 2412 3510 2412 1339 3511 1339 1341 3512 1340 2413 3513 2413 40 3514 40 39 3515 41 2414 3516 2414 1278 3517 1277 1277 3518 1278 2416 3519 2415 2415 3520 2416 2417 3521 2417 2419 3522 2418 2420 3523 2419 2418 3524 2420 2422 3525 2421 2423 3526 2422 2421 3527 2423 2425 3528 2424 2426 3529 2425 2424 3530 2426 2428 3531 2427 2429 3532 2428 2427 3533 2429 2431 3534 2430 2432 3535 2431 2430 3536 2432 2434 3537 2433 2435 3538 2434 2433 3539 2435 2437 3540 2436 2438 3541 2437 2436 3542 2438 2440 3543 2439 2441 3544 2440 2439 3545 2441 2083 3546 2083 2442 3547 2442 107 3548 108 2100 3549 2100 2443 3550 2443 104 3551 105 669 3552 668 668 3553 669 2444 3554 2444 2121 3555 2121 2445 3556 2445 110 3557 111 2085 3558 2085 2446 3559 2446 113 3560 114 2447 3561 2447 1007 3562 1007 1009 3563 1008 2449 3564 2448 2448 3565 2449 2450 3566 2450 2180 3567 2180 2451 3568 2451 116 3569 117 2453 3570 2452 2452 3571 2453 2454 3572 2454 2455 3573 2455 52 3574 52 51 3575 53 2102 3576 2102 2456 3577 2456 119 3578 120 2457 3579 2457 58 3580 59 57 3581 57 2458 3582 2458 1326 3583 1326 1328 3584 1327 2108 3585 2108 2459 3586 2459 1281 3587 1281 20 3588 20 1642 3589 1642 2460 3590 2460 1 3591 2 20 3592 20 2460 3593 2460 2462 3594 2461 2461 3595 2462 2463 3596 2463 2465 3597 2464 2464 3598 2465 2466 3599 2466 2468 3600 2467 2467 3601 2468 2469 3602 2469 2471 3603 2470 2470 3604 2471 2472 3605 2472 2474 3606 2473 2473 3607 2474 2475 3608 2475 1254 3609 1255 1253 3610 1254 2476 3611 2476 984 3612 983 2477 3613 2477 983 3614 984 2478 3615 2478 1595 3616 1594 1594 3617 1595 67 3618 69 2479 3619 2479 68 3620 68 64 3621 66 2480 3622 2480 65 3623 65 2481 3624 2481 80 3625 81 79 3626 79 70 3627 70 2482 3628 2482 71 3629 72 2483 3630 2483 74 3631 75 73 3632 73 2484 3633 2484 77 3634 78 76 3635 76 2485 3636 2485 1964 3637 1964 722 3638 724 1330 3639 1329 1329 3640 1331 2486 3641 2486 2488 3642 2487 2487 3643 2488 2489 3644 2489 2491 3645 2490 2490 3646 2491 2492 3647 2492 2494 3648 2493 2493 3649 2494 2495 3650 2495 2497 3651 2496 2496 3652 2497 2498 3653 2498 2500 3654 2499 2499 3655 2500 2501 3656 2501 1 3657 2 682 3658 682 2502 3659 2502 682 3660 682 60 3661 60 2502 3662 2502 2504 3663 2503 2503 3664 2504 2505 3665 2505 2506 3666 2506 1324 3667 1323 1323 3668 1324 2507 3669 2507 62 3670 63 61 3671 61 2508 3672 2508 1973 3673 1973 719 3674 721 659 3675 659 2509 3676 2509 660 3677 661 1943 3678 1943 2510 3679 2510 726 3680 726 990 3681 989 989 3682 990 2511 3683 2511 2512 3684 2512 385 3685 385 27 3686 27 385 3687 385 2512 3688 2512 11 3689 10 2513 3690 2513 1637 3691 1637 28 3692 28 2515 3693 2515 2513 3694 2513 28 3695 28 27 3696 27 2514 3697 2514 2512 3698 2512 2514 3699 2514 27 3700 27 1638 3701 1638 11 3702 10 2515 3703 2515 385 3704 385 2515 3705 2515 11 3706 10 2513 3707 2513 2517 3708 2516 2516 3709 2517 2518 3710 2518 2520 3711 2519 2519 3712 2520 2521 3713 2521 2523 3714 2522 2522 3715 2523 2524 3716 2524 2526 3717 2525 2525 3718 2526 2527 3719 2527 2529 3720 2528 2528 3721 2529 2530 3722 2530 2532 3723 2531 2531 3724 2532 2533 3725 2533 2534 3726 2534 1923 3727 1922 1922 3728 1923 2535 3729 2535 1926 3730 1925 1925 3731 1926 2536 3732 2536 1920 3733 1919 1919 3734 1920 2537 3735 2537 1932 3736 1931 1931 3737 1932 2538 3738 2538 1917 3739 1916 1916 3740 1917 2539 3741 2539 1929 3742 1928 1928 3743 1929 4 3744 3 675 3745 675 2540 3746 2540 4 3747 3 2540 3748 2540 642 3749 642 1343 3750 1342 1342 3751 1343 2541 3752 2541 685 3753 683 684 3754 684 2542 3755 2542 1490 3756 1489 1489 3757 1490 2543 3758 2543 1520 3759 1519 1519 3760 1520 2544 3761 2544 1577 3762 1576 1576 3763 1577 2545 3764 2545 1430 3765 1429 1429 3766 1430 2546 3767 2546 1556 3768 1555 1555 3769 1556 2547 3770 2547 1397 3771 1396 1396 3772 1397 2548 3773 2548 1547 3774 1546 1546 3775 1547 2549 3776 2549 1436 3777 1435 1435 3778 1436 2550 3779 2550 1583 3780 1582 1582 3781 1583 2551 3782 2551 1457 3783 1456 1456 3784 1457 2552 3785 2552 1508 3786 1507 1507 3787 1508 2553 3788 2553 1478 3789 1477 1477 3790 1478 2554 3791 2554 1532 3792 1531 1531 3793 1532 2555 3794 2555 1382 3795 1381 1381 3796 1382 2556 3797 2556 1777 3798 1776 1776 3799 1777 2557 3800 2557 1433 3801 1432 1432 3802 1433 2558 3803 2558 1445 3804 1444 1444 3805 1445 2559 3806 2559 1499 3807 1498 1498 3808 1499 2560 3809 2560 1376 3810 1375 1375 3811 1376 2561 3812 2561 1424 3813 1423 1423 3814 1424 2562 3815 2562 1541 3816 1540 1540 3817 1541 2563 3818 2563 1526 3819 1525 1525 3820 1526 2564 3821 2564 1367 3822 1366 1366 3823 1367 2565 3824 2565 1481 3825 1480 1480 3826 1481 2566 3827 2566 1511 3828 1510 1510 3829 1511 2567 3830 2567 1550 3831 1549 1549 3832 1550 2568 3833 2568 1415 3834 1414 1414 3835 1415 2569 3836 2569 1484 3837 1483 1483 3838 1484 2570 3839 2570 1544 3840 1543 1543 3841 1544 2571 3842 2571 1517 3843 1516 1516 3844 1517 2572 3845 2572 1403 3846 1402 1402 3847 1403 2573 3848 2573 1418 3849 1417 1417 3850 1418 2574 3851 2574 1373 3852 1372 1372 3853 1373 2575 3854 2575 1421 3855 1420 1420 3856 1421 2576 3857 2576 1493 3858 1492 1492 3859 1493 2577 3860 2577 1448 3861 1447 1447 3862 1448 2578 3863 2578 1580 3864 1579 1579 3865 1580 2579 3866 2579 1460 3867 1459 1459 3868 1460 2580 3869 2580 1535 3870 1534 1534 3871 1535 2581 3872 2581 1400 3873 1399 1399 3874 1400 2582 3875 2582 1538 3876 1537 1537 3877 1538 2583 3878 2583 1454 3879 1453 1453 3880 1454 2584 3881 2584 1406 3882 1405 1405 3883 1406 2585 3884 2585 1451 3885 1450 1450 3886 1451 2586 3887 2586 2587 3888 2587 1308 3889 1307 1307 3890 1308 1379 3891 1378 1378 3892 1379 2588 3893 2588 1394 3894 1393 1393 3895 1394 2589 3896 2589 1388 3897 1387 1387 3898 1388 2590 3899 2590 1463 3900 1462 1462 3901 1463 2591 3902 2591 1466 3903 1465 1465 3904 1466 2592 3905 2592 1568 3906 1567 1567 3907 1568 2593 3908 2593 1412 3909 1411 1411 3910 1412 2594 3911 2594 1370 3912 1369 1369 3913 1370 2595 3914 2595 1358 3915 1357 1357 3916 1358 2596 3917 2596 1529 3918 1528 1528 3919 1529 2597 3920 2597 1505 3921 1504 1504 3922 1505 2598 3923 2598 1502 3924 1501 1501 3925 1502 2599 3926 2599 1442 3927 1441 1441 3928 1442 2600 3929 2600 1649 3930 1648 1648 3931 1649 2601 3932 2601 1361 3933 1360 1360 3934 1361 2602 3935 2602 1352 3936 1351 1351 3937 1352 2603 3938 2603 1475 3939 1474 1474 3940 1475 2604 3941 2604 1565 3942 1564 1564 3943 1565 2605 3944 2605 1385 3945 1384 1384 3946 1385 2606 3947 2606 1355 3948 1354 1354 3949 1355 2607 3950 2607 1487 3951 1486 1486 3952 1487 2608 3953 2608 1496 3954 1495 1495 3955 1496 2609 3956 2609 1439 3957 1438 1438 3958 1439 2610 3959 2610 1346 3960 1345 1345 3961 1346 2611 3962 2611 1364 3963 1363 1363 3964 1364 2612 3965 2612 1427 3966 1426 1426 3967 1427 2613 3968 2613 1514 3969 1513 1513 3970 1514 2614 3971 2614 1523 3972 1522 1522 3973 1523 2615 3974 2615 1559 3975 1558 1558 3976 1559 2616 3977 2616 1391 3978 1390 1390 3979 1391 2617 3980 2617 1571 3981 1570 1570 3982 1571 2618 3983 2618 1469 3984 1468 1468 3985 1469 2619 3986 2619 1349 3987 1348 1348 3988 1349 2620 3989 2620 1472 3990 1471 1471 3991 1472 2621 3992 2621 1409 3993 1408 1408 3994 1409 2622 3995 2622 1562 3996 1561 1561 3997 1562 2623 3998 2623 1574 3999 1573 1573 4000 1574 2624 4001 2624 2262 4002 2261 2625 4003 2625 2261 4004 2262 1553 4005 1552 1552 4006 1553 2626 4007 2626 2627 4008 2627 2629 4009 2628 2628 4010 2629 2630 4011 2630 2632 4012 2631 2631 4013 2632 1586 4014 1585 1585 4015 1586 2633 4016 2633 2634 4017 2634 86 4018 87 85 4019 85 2635 4020 2635 1644 4021 1644 1646 4022 1645 2637 4023 2636 2636 4024 2637 2638 4025 2638 2640 4026 2639 2639 4027 2640 2641 4028 2641 2642 4029 2642 1592 4030 1591 1591 4031 1592 2643 4032 2643 1335 4033 1335 1337 4034 1336 1960 4035 1960 2644 4036 2644 707 4037 708 2645 4038 2645 704 4039 706 705 4040 704 16 4041 16 2646 4042 2646 7 4043 8 2646 4044 2646 629 4045 629 7 4046 8 2647 4047 2647 1639 4048 1639 1641 4049 1640 1319 4050 1318 2648 4051 2648 1318 4052 1319 2649 4053 2649 1670 4054 1669 1669 4055 1670 15 4056 13 14 4057 14 2650 4058 2650 15 4059 13 2650 4060 2650 1321 4061 1321 1672 4062 1672 13 4063 15 2651 4064 2651 1672 4065 1672 2651 4066 2651 2652 4067 2652 14 4068 14 2652 4069 2652 1286 4070 1286 2652 4071 2652 2651 4072 2651 1286 4073 1286 633 4074 634 2653 4075 2653 634 4076 633</p>
        </triangles>
      </mesh>
    </geometry>
    <geometry id="SM_Urchin_Group_02_LOD2-lib" name="SM_Urchin_Group_02_LOD2Mesh">
      <mesh>
        <source id="SM_Urchin_Group_02_LOD2-POSITION">
          <float_array id="SM_Urchin_Group_02_LOD2-POSITION-array" count="5472">
13.334671 -6.529968 17.797272
23.544830 1.623138 17.797270
11.873932 -0.162354 17.797272
-30.241638 11.417633 18.617676
-30.541473 6.964966 13.872681
-27.478485 9.265900 18.000683
29.552917 12.459198 18.791412
30.377792 18.490051 20.447645
26.736298 14.499908 18.840036
-8.865814 -2.518311 18.594685
-9.120270 2.364258 16.015400
-11.210693 -0.621277 18.693266
-33.004822 9.265900 18.000683
-15.035309 -21.625763 17.062048
-14.389893 -16.906982 18.357952
-17.033447 -17.870483 17.758381
30.769745 17.691132 17.084854
1.088776 -16.937775 16.924362
0.561218 -12.608612 17.095779
0.887268 -13.778259 15.249020
22.176926 0.530823 22.603729
-18.715179 2.424683 13.819445
-29.183807 12.259338 11.829492
-18.715179 9.300385 3.706376
41.077225 8.921600 17.868080
29.103821 15.400513 13.885399
37.514008 8.286652 6.466428
-7.416626 -0.208771 14.986354
-8.865814 2.412781 18.594797
0.887268 -15.768158 19.154425
22.403030 -1.244110 22.888260
29.571976 -0.382751 29.091068
31.830719 -6.596130 19.640926
23.057938 0.632721 20.894295
30.992645 3.688690 24.772743
32.015991 -6.065186 19.063980
27.382278 -13.618988 24.869333
21.321274 -7.655518 20.990883
32.205841 -5.079773 19.176083
16.400208 -16.933685 19.910696
17.284378 -7.983307 18.871449
25.782852 -13.024292 24.985039
27.559204 7.718109 18.544636
22.531845 0.161285 18.544638
16.714157 9.910889 18.544636
23.629700 -16.857147 18.544640
19.598969 -8.724915 18.544640
30.951202 -8.561432 18.544640
20.624710 -7.024109 23.266870
21.416855 -14.168884 28.843258
15.298309 -16.460754 19.898598
17.169785 -16.632965 23.996300
17.863571 -8.343750 20.421646
25.360260 -10.705841 29.195061
7.418640 -9.284393 27.435730
13.394348 -4.501160 22.558035
12.246628 -15.395905 19.599422
10.354126 2.958862 11.058326
16.485519 -0.099304 15.999691
8.405304 -7.400055 14.378063
19.900467 -8.821014 17.797272
24.403961 8.031036 14.850760
21.590744 0.605072 17.426046
13.158478 7.618774 15.290943
15.758698 -4.964600 15.979982
10.081665 -5.374176 9.873063
14.536423 4.681580 10.916883
21.066696 -6.470459 17.426048
22.755249 -14.229828 14.850762
11.919296 -12.122406 15.290945
20.014954 -7.051727 17.335497
19.637680 -14.983734 14.760205
9.716400 -10.143555 15.200385
26.978455 6.099396 14.850760
22.339142 -0.345398 17.426046
16.199738 8.482208 15.290943
24.827942 -10.519684 11.318728
19.663574 -6.327148 16.362801
27.429626 0.182678 12.180883
14.879532 -15.528442 17.623636
15.652191 -7.298553 18.791174
24.753235 -11.666779 14.517138
0.915710 -2.037872 23.081390
-7.968140 -3.867859 14.765408
0.915710 -10.717712 17.392952
8.570221 6.250458 14.850760
15.988022 1.271606 17.426046
6.196472 -4.531433 15.290945
-15.864899 6.994659 20.339529
-28.125977 13.310974 13.329878
-18.291748 16.358521 13.776339
-30.451263 6.960754 17.928560
-18.492523 0.193665 14.240204
-27.068726 -4.220886 23.381004
44.445480 16.340607 19.298965
30.254211 17.107758 14.097390
39.001419 19.744965 9.837270
30.272842 14.886597 21.782459
41.776886 7.433655 19.376755
36.672348 9.409149 31.167240
-28.034790 4.324493 16.933571
-34.167633 7.487122 31.076965
-27.165222 -1.213928 28.624397
25.500793 -1.346527 30.387913
21.297867 -2.175262 23.142075
10.812958 -4.138885 28.243443
23.898468 1.987000 30.292858
20.630890 -0.783325 23.142075
12.574600 -7.775146 28.243446
25.221680 -5.034576 30.491192
21.179535 -3.714203 23.142075
11.105499 -0.108917 28.243443
20.844055 4.072754 30.292858
19.357285 0.088654 23.142075
15.918381 -10.043457 28.243446
23.135941 -8.088989 30.483044
20.307571 -4.987823 23.142075
13.373795 3.234863 28.243443
19.802414 -9.691315 30.292858
18.915604 -5.654816 23.142075
17.010056 4.996490 28.243443
32.763580 12.244812 21.827930
29.763763 23.082153 32.340672
37.268906 14.855225 33.392555
-32.357330 10.235382 15.485571
-44.950195 5.236389 23.466759
-44.950195 12.495850 13.901198
-31.299500 6.017365 20.679474
-40.058807 10.443085 30.895298
-40.058807 19.806946 24.332109
-35.112915 7.273071 18.493252
-42.245300 -1.715820 12.843101
-33.669098 -0.942749 5.319229
-32.285248 5.280029 19.627495
-44.449036 5.316956 23.581753
-44.449036 14.680817 17.018562
-34.218994 10.934113 19.852875
-40.042572 22.290283 19.004864
-33.040161 22.953094 9.989103
-31.697479 11.769684 21.045017
-33.829041 24.349304 21.942516
-31.265961 23.540985 10.827902
-31.802155 13.934296 18.387819
-29.623596 17.746460 30.400997
-24.672119 7.441986 30.641464
-35.112915 7.037048 14.292844
-42.245300 12.687195 5.303955
-33.669098 20.211060 6.077026
-34.858398 11.145630 14.474301
-41.990784 20.134521 20.124451
-33.414581 19.361450 27.648323
-31.737671 5.824402 20.404148
-40.642181 9.101501 28.981194
-40.642181 18.465332 22.418001
-31.299500 7.810486 11.167716
-37.595947 15.455719 3.074486
-37.595947 22.018921 12.438339
-28.681152 13.934296 18.387819
-30.859711 17.746460 30.400997
-35.811188 7.441986 30.641464
-33.268127 11.920258 12.170797
-29.494781 23.018097 7.052662
-20.918579 21.178101 14.388925
-27.538788 4.695496 17.462879
-31.312164 -3.901520 26.148983
-39.888367 3.622345 26.922054
-33.054077 5.855347 12.606903
-37.171967 9.775330 1.149492
-32.220490 19.379639 4.890787
-28.494324 4.103546 14.344200
-30.672882 0.291382 2.331023
-35.624329 10.595886 2.090556
-32.907135 12.743500 13.354349
-37.025024 24.200897 17.274298
-32.073547 20.459595 26.878620
-31.988983 11.186096 11.123331
-29.810425 23.199280 7.311163
-24.858978 23.439758 17.615648
-31.988983 4.103546 14.344200
-29.810425 0.291382 2.331023
-24.858978 10.595886 2.090556
-27.576172 12.743500 13.354349
-23.458282 24.200897 17.274298
-28.409760 20.459595 26.878620
-24.910706 8.962921 16.004177
-16.674927 14.579742 24.017834
-26.577850 17.861328 28.699760
-24.910706 9.526123 15.982695
-16.674927 1.512482 21.599522
-26.577850 -3.169434 24.881117
-30.241638 3.799805 16.185017
-30.241638 -3.546753 26.655102
-30.241638 6.819031 31.482838
-30.241638 6.180054 20.911587
-30.241638 11.574127 32.508968
-30.241638 20.937958 25.945776
-33.268127 5.151031 13.610024
-29.494781 0.032867 2.512209
-20.918579 7.369141 4.352190
-32.712769 14.341522 15.625222
-29.631836 22.420563 6.200167
-22.629395 13.719543 3.747597
-29.433899 7.321442 21.209389
-30.561584 -4.941559 24.665112
-33.124664 -5.749847 13.550503
-32.073883 5.572906 20.045338
-42.979645 7.353058 26.486675
-42.979645 16.716919 19.923485
-25.370392 7.273071 18.493252
-18.238037 -1.715820 12.843101
-26.814209 -0.942749 5.319229
-29.694092 12.138000 11.656415
-26.434784 6.990234 0.410409
-26.434784 -2.373596 6.973598
-31.989014 14.660278 16.080004
-29.810455 22.341919 6.087935
-24.858978 12.737579 2.346639
-29.183807 14.362579 14.830257
-22.887390 22.455811 22.475502
-22.887390 13.091980 29.038689
-28.681152 7.142487 20.954069
-30.859711 -4.870697 24.766235
-35.811188 -5.111145 14.461751
-26.472107 7.362549 12.895867
-20.648529 -3.993591 13.743879
-27.650970 -4.656433 22.759640
-28.861908 6.570618 11.766010
-26.730316 -6.008972 10.868512
-29.293396 -5.200684 21.983128
-25.624908 11.056000 18.165405
-18.492523 5.405853 27.154293
-27.068726 -2.118011 26.381222
-25.624908 11.145630 14.474299
-18.492523 20.134521 20.124451
-27.068726 19.361450 27.648323
-35.674835 9.486847 17.788029
-43.629974 18.723938 13.916709
-34.064484 21.934753 8.536262
-31.299500 3.914124 17.678709
-37.595947 -4.179108 10.033467
-37.595947 5.184753 3.470278
-27.227020 6.054779 19.402214
-31.435669 -4.439880 25.380875
-41.001160 -1.229065 20.000429
-27.120667 5.591156 18.740747
-31.477783 -4.256256 25.642864
-41.380707 0.425659 22.361271
-33.054077 5.587128 19.674942
-37.171967 -5.870270 15.754993
-32.220490 -2.128998 6.150675
-28.125977 6.310089 12.219344
-15.533081 5.024811 10.385590
-15.533081 11.587982 19.749443
-28.409424 13.918121 14.196122
-17.503662 19.365784 18.066872
-17.503662 10.001923 24.630062
-25.092346 10.318054 17.112549
-17.137207 3.527832 24.474880
-26.702698 -2.625183 25.657627
-30.241638 14.928986 16.463404
-30.241638 22.275604 5.993318
-30.241638 11.909790 1.165579
-29.183807 7.810486 11.167716
-22.887390 15.455719 3.074486
-22.887390 22.018921 12.438339
-28.745636 12.452301 12.104816
-19.841125 9.175232 3.527776
-19.841125 -0.188629 10.090965
-31.146149 14.860657 16.365892
-30.018433 22.292480 6.017382
-27.455383 12.120331 1.465960
-29.694092 14.483917 15.003335
-26.434814 23.299194 23.678762
-26.434814 13.935333 30.241951
-30.789246 3.792816 17.505632
-34.048523 -5.022491 8.830210
-34.048523 4.341370 2.267019
-32.712769 11.504852 11.578114
-29.631836 23.120636 7.198929
-22.629395 22.457825 16.214691
-33.736328 12.923187 13.601671
-29.379211 22.770599 6.699552
-19.476288 18.088684 9.981147
-30.241638 12.096649 11.597383
-30.241638 6.702576 0.000000
-30.241638 -2.661285 6.563189
-27.120667 11.720978 19.939156
-31.477783 18.623077 29.786564
-41.380707 15.341492 25.104637
-33.736328 6.581879 12.607118
-29.379211 -0.320221 2.759708
-19.476288 2.961365 7.441635
-27.576172 6.876282 12.202119
-23.458282 -5.231049 11.978364
-28.409760 -4.990601 22.282848
-28.409424 7.176331 11.612185
-17.503662 11.047089 6.164524
-17.503662 17.610291 15.528377
-30.241638 6.466370 11.617263
-30.241638 -6.274292 10.489965
-30.241638 -5.272339 21.880896
-27.538788 12.998840 19.043493
-31.312164 18.116974 30.141308
-39.888367 10.780701 28.301327
-35.866486 9.576111 16.879036
-44.102234 3.959290 8.865381
-34.199341 0.677673 4.183455
-33.054077 11.447174 20.584869
-37.171967 23.554535 20.808624
-32.220490 23.314056 10.504137
-33.617249 12.404053 12.860996
-29.408600 22.898712 6.882334
-19.843109 19.687897 12.262779
-35.866486 8.651276 16.595888
-44.102234 16.664948 10.979061
-34.199341 21.346863 7.697466
-30.241638 11.879700 21.201965
-30.241638 24.620361 22.329264
-30.241638 23.618408 10.938332
-27.429230 5.587128 19.674942
-23.311371 -5.870270 15.754992
-28.262817 -2.128998 6.150675
-28.198059 12.996674 12.881474
-16.034271 12.959717 8.927217
-16.034271 3.595886 15.490405
-28.861908 12.481628 20.199373
-26.730347 9.033905 32.330521
-29.293396 -1.138214 27.779102
-33.617249 13.442322 14.342340
-29.408600 22.642487 6.516764
-19.843109 16.489441 7.699508
-32.944519 12.998840 19.043493
-29.171143 18.116974 30.141308
-20.594940 10.780701 28.301327
-35.112915 10.265472 18.898926
-42.245300 20.642639 16.654158
-33.669098 22.482635 9.317897
-30.789246 6.138672 20.852552
-34.048523 11.286469 32.098560
-34.048523 20.650330 25.535370
-28.681152 4.039795 16.527418
-30.859711 -3.641815 26.519489
-35.811188 5.962494 30.260780
-35.674835 7.815704 15.403744
-43.629974 14.605896 8.041409
-34.064484 20.758942 6.858664
-27.227020 5.127533 18.079273
-31.435669 -4.072632 25.904850
-41.001160 2.080414 24.722103
-29.433868 3.860870 16.272100
-30.561584 -3.570953 26.620609
-33.124634 6.601196 31.172031
-27.215179 5.151031 13.610024
-30.988525 0.032867 2.512209
-39.564728 7.369141 4.352190
-31.146149 10.985718 10.837442
-30.018433 23.248718 7.381714
-27.455383 24.057037 18.496325
-28.034790 6.857819 20.547916
-31.115723 -4.757935 24.927099
-38.118164 -4.095123 15.911341
-31.697479 5.532837 12.146753
-33.829041 8.980560 0.015603
-31.265991 19.152679 4.567023
-27.538788 6.486816 20.018608
-31.312164 -4.610992 25.136742
-39.888367 -2.771027 17.800478
-32.073883 7.176331 11.612185
-42.979645 11.047089 6.164525
-42.979645 17.610291 15.528377
-6.018219 -24.393738 16.339594
-15.386688 -19.324341 13.223381
-8.806213 -24.890564 7.418472
27.347458 15.989594 18.672325
18.326614 16.823395 31.103363
14.822784 16.811432 19.891703
-28.409424 12.703796 12.463628
-17.503662 11.661865 7.075532
-17.503662 1.559784 12.585482
-24.359558 -1.184052 24.831467
-30.362671 6.770996 17.657801
-19.408081 8.420258 28.572762
30.286423 15.781006 24.607513
23.699127 25.276123 32.253918
20.520889 28.680481 22.084116
-10.315033 -0.208771 14.986354
30.621948 11.393036 22.212105
34.351242 11.872772 34.145210
33.641556 22.802338 31.874338
33.237595 16.099487 15.441924
39.621338 26.443970 12.479344
33.498062 30.297272 21.010077
34.110687 18.215393 18.235643
43.855530 19.138885 26.028065
36.997711 12.823029 32.208351
30.359970 20.654816 21.373829
28.371384 31.242218 15.010720
25.902832 23.717010 7.111784
34.645279 15.305939 17.604109
43.203720 24.424438 17.981878
34.465515 29.751892 22.496077
32.596100 16.819611 23.411692
33.569336 9.723480 33.670094
26.595642 3.434509 27.592926
30.873444 16.680420 14.275883
33.604813 27.922333 9.511896
31.873260 30.696533 20.208694
30.083496 18.093445 14.480692
40.202499 24.627045 11.096189
43.380737 21.222687 21.265991
26.322769 19.269318 16.559086
25.583359 19.978699 4.089645
33.088501 11.751770 5.141532
27.266235 13.821442 14.440557
25.350525 21.323151 4.612465
30.182129 28.533966 11.667654
33.642014 13.548462 21.989805
33.155090 11.019073 34.233253
22.862686 15.109467 32.667736
26.510315 14.146759 14.785693
25.537079 21.242889 4.527291
32.510773 27.531860 10.604461
27.252838 11.314209 17.440027
15.121689 11.102173 14.385986
16.137177 21.757050 17.635349
27.865784 20.112122 16.358992
25.202560 19.770721 4.139026
28.335236 9.155579 5.757920
25.883881 14.664246 15.154695
25.691666 21.115143 4.436228
34.440506 25.937744 9.467756
28.490952 14.851196 24.616119
25.759583 3.609253 29.380104
27.491135 0.835083 18.683308
29.542801 15.713806 13.853089
36.443390 8.083405 6.732989
39.621628 4.679077 16.902794
27.886520 20.588135 18.576578
32.037247 30.669830 24.713982
38.536148 22.789124 29.271898
30.394440 10.933685 16.959480
34.398102 0.607758 22.780373
34.443665 7.818573 31.331287
25.062607 12.793091 20.397636
15.317764 11.869598 12.605208
22.175583 18.185486 6.424930
29.494644 15.059418 24.613415
20.493958 20.259674 31.576332
17.315720 23.664001 21.406528
30.674194 11.314209 16.370796
38.907532 11.102173 6.952509
39.923004 21.757050 10.201876
32.748230 12.219330 16.654247
40.388245 3.879578 22.003586
36.061340 8.702148 31.121510
31.642166 11.429932 16.735662
37.573425 1.870636 22.210777
35.301178 8.159607 31.177460
32.610947 10.920319 18.651722
27.414474 0.363800 14.398037
18.538773 7.165375 14.121454
27.047836 19.786804 16.505718
25.404419 19.850983 4.102818
30.854889 10.157684 5.305940
30.781601 15.977936 24.518684
29.441162 26.645294 30.917761
26.262939 30.049622 20.747955
33.785492 15.053802 22.448883
33.098267 10.422882 34.051430
22.350632 9.736816 31.029259
28.720840 20.223083 16.128914
24.991547 19.743317 4.195806
25.701233 8.813782 6.466676
25.996460 15.464111 23.385799
19.612732 5.119659 26.348379
25.735992 1.266327 17.817652
25.178513 16.123993 15.863786
25.865738 20.754913 4.261236
36.613373 21.440948 7.283407
24.917007 16.770172 21.774464
14.958969 21.669800 15.997960
22.073135 20.983765 7.393674
29.251999 14.583984 24.530087
18.807022 16.954224 30.997032
15.628784 20.358612 20.827227
31.309021 20.529785 19.885956
36.725586 25.028778 30.227938
35.072220 14.413635 33.342556
31.921005 17.110138 23.719923
33.836731 9.608429 33.548012
29.005112 2.397614 26.492828
30.800461 20.588135 17.665920
30.883133 30.669830 25.074663
28.136093 22.789124 32.522087
24.511185 16.301422 21.104420
15.952759 7.182922 20.726650
24.690948 1.855469 16.212456
24.616669 16.099518 18.136106
17.682007 26.443970 19.335752
27.573181 30.297272 22.861700
25.896149 16.680420 15.831373
20.938141 27.922333 13.470448
28.452515 30.696533 21.277731
33.742615 14.851196 22.974882
38.700638 3.609253 25.335804
31.186249 0.835083 17.528526
26.959534 10.920319 20.417881
28.809143 0.363800 13.962179
35.947891 7.165375 8.680812
26.500183 19.119720 22.066206
18.860168 27.459473 16.716867
23.187057 22.636902 7.598947
28.983719 20.476227 21.744148
24.980057 30.802155 15.923254
24.934509 23.591339 7.372343
24.608780 15.413666 21.416702
14.199448 18.327148 15.116368
21.856262 20.029327 7.141951
27.760620 11.544769 16.525352
18.651871 12.704987 8.027029
19.667358 23.359863 11.276394
34.493744 17.017365 17.714895
44.830368 16.090088 24.702820
37.260971 11.999695 31.850456
28.509354 10.539490 21.182274
28.426682 0.457794 13.773536
31.173721 8.338470 6.326106
27.137451 20.248016 19.925880
32.333923 30.804535 24.179567
41.209625 24.002960 24.456148
31.385574 11.492126 22.006626
34.048798 11.833527 34.226593
30.916122 22.448669 32.607697
34.540802 15.731750 17.269821
44.950165 12.818298 23.570152
37.293320 11.116119 31.544571
29.735947 11.544769 15.908034
32.384644 12.704987 3.735308
33.400116 23.359863 6.984673
33.561234 15.755188 22.753752
33.187073 10.145081 33.930679
23.151031 7.233551 29.941154
29.090103 10.764435 17.310453
31.078674 0.177032 23.673559
33.547226 7.702240 31.572495
24.658447 14.057190 20.947090
14.321823 14.984467 13.959163
21.891205 19.074860 6.811530
29.847473 15.467712 24.639822
22.946869 23.098114 31.759924
19.768646 26.502472 21.590118
30.418640 12.169586 23.357265
26.917786 0.168884 22.843374
23.739548 3.573212 12.673569
29.961014 12.366516 23.566212
23.736206 1.538025 24.295998
20.557968 4.942383 14.126195
26.802032 10.874725 19.211861
19.603989 7.142365 9.683245
23.399445 16.835693 5.590608
28.091003 15.136414 14.113515
26.350281 4.069244 8.543513
29.528519 0.664917 18.713318
25.339157 17.809570 16.377827
25.826096 20.338959 4.134379
36.118500 16.248566 5.699899
28.608658 15.203583 13.974225
29.949097 4.536255 7.575151
33.127319 1.131897 17.744955
28.018723 10.351135 18.656349
22.602142 5.852142 8.314366
24.255524 16.467255 5.199746
32.116043 11.782654 21.875591
33.759476 11.718475 34.278492
28.308990 21.411804 33.075371
35.092636 15.464111 20.543095
42.027313 5.119659 19.343449
32.136139 1.266327 15.817503
25.429626 15.338623 15.522410
25.803772 20.948730 4.345481
35.839813 23.860260 8.335006
32.184540 20.248016 18.348579
30.334930 30.804535 24.804289
23.196182 24.002960 30.085653
25.562134 18.034241 21.995998
16.548660 24.784668 16.543861
22.527039 21.873169 7.549547
33.155548 16.357452 23.082150
33.347748 9.906525 33.800613
24.598923 5.083954 28.769081
31.772186 10.539490 20.162580
27.621460 0.457794 14.025179
21.122559 8.338501 9.467262
33.008667 19.783447 19.614424
30.008530 30.988525 24.302925
20.254837 25.661102 25.567759
31.232849 10.999268 17.228897
42.791428 8.912689 12.918163
43.806915 19.567566 16.167528
27.667206 19.952637 21.980305
21.735947 29.511902 16.505192
24.008194 23.222931 7.538506
28.971619 19.011932 15.135646
32.472473 31.012665 15.649537
35.650696 27.608307 25.819345
30.138275 16.597534 13.962823
40.583237 14.227264 7.495878
43.761475 10.822937 17.665680
25.147659 16.966797 16.155552
25.873352 20.546936 4.189233
36.708420 18.844757 6.384622
26.036743 11.440521 19.000471
29.036880 0.235443 14.311970
38.790558 5.562866 13.047140
33.813049 14.301147 22.188313
33.087341 10.720978 34.154633
22.252289 12.423157 31.959244
33.284073 12.847076 21.866886
33.296860 11.296875 34.281940
24.140228 17.612732 33.106445
29.429260 18.815002 14.926700
35.654053 29.643494 14.196910
38.832306 26.239166 24.366716
31.299255 16.045105 24.379395
33.039978 27.112244 29.949400
29.861755 30.516632 19.779593
29.895615 16.122101 13.879497
39.010529 12.120300 7.282067
42.074539 7.517517 17.086384
27.498291 16.724060 21.278320
39.002258 12.632538 29.738285
30.326202 14.578491 21.662651
42.797729 22.325836 25.645651
32.403473 -2.411438 19.179234
24.475662 -3.089905 18.651592
27.432281 2.566132 27.073261
-32.285248 4.651459 18.730690
-44.449036 4.413055 14.742619
-44.449036 16.470459 12.022422
24.119568 -4.804047 18.651592
31.121185 -8.583954 19.078529
25.835632 -11.044922 27.835335
-28.533936 6.376984 16.409986
29.154739 13.563538 24.218887
16.913803 11.016388 24.939072
14.152328 18.793579 16.102827
-16.034271 10.655670 19.839828
-28.198059 8.355621 17.471802
-16.034271 20.019531 13.276637
3.334503 3.428619 19.109959
-7.070435 -2.609955 13.851511
1.275055 -2.274994 11.259260
-30.412811 6.793060 17.689301
-17.865997 6.476685 28.755932
-29.637482 1.777252 24.547546
-9.043701 1.383423 19.173416
1.104645 -1.648743 24.968346
-6.173218 6.170715 28.582497
16.979019 3.914185 17.797270
25.687851 -11.514038 29.099476
20.611053 -6.379669 22.896671
32.293457 -5.269989 24.355207
43.524658 18.895203 16.907873
32.024109 15.702148 19.997221
40.346420 22.299530 6.738069
30.282806 14.614349 21.688210
44.623322 20.921051 26.430294
33.485474 14.770111 29.393608
12.129150 -4.362579 20.667204
4.151184 -4.725342 23.433483
9.719421 1.191010 29.451397
-0.969879 -13.778259 17.805140
20.545288 2.393036 17.362671
23.875977 9.546661 16.255753
24.953964 7.135681 25.841022
-30.241638 10.680908 13.393327
-6.993042 0.577118 21.424604
-12.197479 12.532166 18.537575
-6.255096 10.576416 25.955650
-28.441772 9.691956 14.597481
-29.494781 20.202332 3.035328
-20.918579 14.999237 5.573362
25.005569 -4.744476 17.797272
8.634216 -18.718536 19.957394
1.598236 -16.019958 13.777041
8.634216 -21.632111 12.271980
-25.092346 8.734192 14.852838
-19.492523 2.231964 17.577959
-26.702698 -3.713715 24.104599
30.892975 15.040588 17.176994
25.368103 16.377533 2.951420
34.883804 13.829285 5.275905
-34.962952 17.625763 11.127751
-30.278320 11.265045 14.719113
-40.042572 11.039581 2.953254
-10.661224 -0.736572 16.430088
-21.347717 6.107361 20.556837
-21.347717 -2.113434 14.534908
20.431183 11.466461 20.898632
14.874222 0.725037 22.947357
12.911484 6.907013 27.613476
30.355530 3.173737 15.338831
19.087799 2.816559 20.172665
23.321838 9.537384 21.035717
15.408264 -4.832611 23.335615
2.924927 0.935760 21.025730
9.507141 -5.990509 28.596577
4.005157 4.031525 21.017321
17.367233 0.781494 23.327206
13.467499 5.359253 28.588165
31.226395 3.184357 24.869331
20.446655 3.052063 18.651590
24.226578 10.053680 19.078526
-9.763519 3.731110 19.934284
-17.196808 12.335480 16.032053
-17.196808 6.631897 8.181355
34.248688 14.446106 16.930750
41.258392 10.997131 20.996979
37.092560 10.232513 31.311539
2.493866 -3.940125 19.910694
15.881668 -7.692810 21.244320
10.317047 -12.556030 24.281731
2.515228 -0.192780 19.910694
14.676926 -6.882935 21.244320
8.043243 -10.140228 24.281731
16.642349 2.577942 21.244318
2.913330 1.723480 19.910692
11.854919 8.207886 24.281727
-11.252472 3.572693 15.328501
-14.746979 3.588287 5.052269
-10.545105 -5.151550 5.404616
-8.865814 4.090088 14.952621
-8.865814 4.863220 4.126037
-8.865814 -4.787506 5.140145
-4.341888 -0.304565 17.024734
2.647095 4.576599 23.743420
-5.756683 7.428406 27.668770
-9.763519 -4.365356 18.549755
-15.106781 -11.342438 12.179305
-15.106781 -3.491730 6.475709
-7.541565 0.236572 21.671993
-9.390320 8.825348 28.045994
-13.592224 11.861572 19.842947
-10.420685 -3.979095 19.081417
-19.675476 -8.657104 15.875519
-19.675476 -0.806396 10.171922
-7.968140 -4.365356 18.549755
-2.624878 -11.342438 12.179305
-2.624878 -3.491730 6.475709
-7.310974 -3.979095 19.081417
1.943817 -8.657104 15.875519
1.943817 -0.806396 10.171922
-6.603851 -3.474213 19.327511
-3.109375 -3.489807 29.603741
-7.311249 5.250000 29.251396
-4.947998 1.525421 15.695227
1.104645 9.233765 20.359962
-6.173218 8.686096 26.755043
-11.831482 -3.126343 19.571487
-8.133942 -11.382477 25.569622
0.269806 -7.457092 22.717823
-11.434143 -3.573395 15.048177
-8.231995 -8.075836 5.705423
-0.954132 -1.824585 7.161043
-7.694946 -3.839844 19.593151
-5.886047 -4.420319 30.279758
-8.061127 4.998718 29.433956
-12.999634 2.159180 16.355423
-19.052277 0.105164 7.582785
-11.774414 -6.146088 6.127164
-10.962860 -4.070313 15.409185
-8.348328 -7.953186 5.616330
-2.405945 -0.293854 6.048956
-7.541565 1.672729 13.249821
-9.390320 11.810944 9.842316
-13.592194 12.163300 18.582138
-9.763519 1.215271 21.762074
-15.106781 -5.155182 28.739162
-15.106781 -10.858765 20.888464
-11.434143 -2.254791 20.771135
-8.231995 -11.597565 25.273569
-0.954132 -10.141937 19.022318
-4.947998 -1.607758 15.672311
1.104645 3.057007 7.963977
-6.173218 9.452087 8.511632
-7.070435 -3.451447 19.807682
3.616089 -4.988892 20.924637
3.616089 2.861816 15.221041
-7.541565 3.947937 18.975685
-9.390320 7.355408 29.113911
-13.592194 -1.384399 29.466263
-11.252472 -3.116058 20.187943
-14.746979 -12.894012 17.026802
-10.545105 -9.857788 8.823752
-6.307556 2.646851 19.920931
-9.879089 7.870758 28.739532
-17.996490 3.259247 26.092609
-13.639130 0.228302 17.758221
-20.628143 -4.652863 11.039533
-12.224365 -7.504669 7.114182
-12.241058 2.958984 15.774363
-17.183044 2.076019 6.150952
-11.240662 -5.583344 5.718328
-10.600037 2.849152 20.575054
-20.922424 6.203766 20.486794
-20.922424 0.500153 12.636095
-9.633392 -0.056213 12.492910
-8.676392 -8.943817 6.336021
-6.501343 -12.659271 15.032522
-6.307556 1.537689 20.726746
-9.879089 8.310059 28.420372
-17.996490 7.217926 23.216600
-7.382996 -1.616760 21.649334
-9.231750 -11.755005 25.056843
-13.433655 -12.107361 16.317020
-13.476501 1.227814 17.032078
-20.227356 -2.189941 9.250188
-12.109924 -6.801422 6.603265
-7.596283 -3.637054 14.597706
-0.039795 -10.867432 17.501740
-0.039795 -5.163849 25.352438
-9.330505 3.876221 19.828861
-12.096375 13.344299 15.299138
-12.096375 7.640686 7.448442
-8.401154 -4.012970 14.870831
-5.635284 -13.481049 19.400551
-5.635284 -7.777466 27.251251
-6.297516 -2.254791 20.771135
-9.499634 -11.597565 25.273569
-16.777527 -10.141937 19.022320
-4.731995 1.858063 18.900307
1.320648 -2.806702 26.608637
-5.957245 -9.201782 26.060986
-10.962860 -0.677185 12.944060
-8.348328 -8.790558 6.224685
-2.405945 -10.746307 13.642759
-10.101257 -3.501862 20.468222
-11.910126 -13.844696 17.717461
-9.735077 -10.129242 9.020960
-11.730408 -2.994720 14.627773
-8.158905 -8.218628 5.809171
-0.041473 -3.607147 8.456095
-8.865814 0.025543 12.433517
-8.865814 -8.963989 6.350678
-8.865814 -12.911102 15.215487
-10.190094 1.672729 13.249821
-8.341339 11.810944 9.842316
-4.139435 12.163300 18.582138
-7.968140 -1.352020 12.937617
-2.624878 5.018433 5.960530
-2.624878 10.722015 13.811228
-4.341888 -0.278229 17.502312
2.647095 6.440460 12.621129
-5.756683 10.365814 9.769330
-11.831451 -2.373749 14.176622
-8.133942 -8.371887 5.920506
0.269806 -5.520081 9.845856
-11.127808 -2.580994 14.332658
-14.622284 0.580139 4.554706
-10.420410 8.783203 7.590930
-11.730408 -1.752747 13.725473
-8.158905 -8.525116 6.031843
-0.041473 -7.433014 11.235620
-7.694946 3.230713 14.456322
-5.886078 13.573517 17.207081
-8.061127 9.858093 25.903584
-10.348633 -1.616760 21.649334
-8.499878 -11.755005 25.056843
-4.298004 -12.107361 16.317020
-6.603851 -2.580994 14.332658
-3.109375 0.580139 4.554706
-7.311249 8.783203 7.590930
-10.348633 -0.295898 12.667048
-8.499878 -8.884674 6.293047
-4.298004 -11.920898 14.496093
-10.348633 -4.451599 15.686197
-8.499878 -7.859100 5.547968
-4.298004 0.880737 5.195621
-7.131592 -2.985901 14.124638
3.190765 -6.340515 14.212896
3.190765 -0.636932 22.063595
-9.330505 1.070160 21.867496
-12.096375 -6.164001 29.472073
-12.096375 -11.867584 21.621376
-4.496033 0.642700 16.336533
2.254791 6.987335 21.992014
-5.862610 8.079437 27.195793
-8.180328 0.022552 21.827511
-9.137329 8.910156 27.984398
-11.312378 12.625580 19.287899
-12.783661 -1.607758 15.672312
-18.836304 3.057007 7.963978
-11.558441 9.452087 8.511632
-6.572144 1.020905 21.102198
-9.774292 8.514709 28.271671
-17.052155 9.062378 21.876593
-8.401154 -1.206909 12.832196
-5.635284 6.027252 5.227616
-5.635284 11.730835 13.078315
-7.310974 -1.883698 13.323877
1.943817 1.322235 8.645859
1.943817 7.025818 16.496557
-12.999634 -1.702576 19.161022
-19.052277 -9.410889 14.496284
-11.774414 -8.863251 8.101204
-13.476501 -0.771179 18.484365
-20.227356 -7.115814 12.828879
-12.109924 -8.207916 7.625102
-6.217316 2.092255 20.323837
-9.914825 8.090393 28.579952
-18.318604 5.238586 24.654602
-13.639130 0.455261 16.969425
-20.628143 -6.263428 21.850607
-12.224365 -10.188782 24.702408
-5.666931 -2.892578 18.904945
-0.724945 -2.009583 28.528351
-6.667328 5.649750 28.960976
-9.633392 -4.691284 15.860335
-8.676392 -7.799957 5.504996
-6.501343 1.619080 4.659192
-12.999634 1.858063 18.900307
-19.052277 -2.806702 26.608637
-11.774414 -9.201782 26.060986
-10.101257 3.958496 15.048220
-11.910126 4.538940 4.361606
-9.735077 -4.880096 5.207410
-8.865814 -4.062469 14.906788
-8.865814 -13.825134 19.650536
-8.865814 -8.121552 27.501232
-11.159515 2.242523 14.034117
-7.957367 11.585266 9.531684
-0.679504 10.129669 15.782933
-8.865814 3.925720 19.792904
-8.865814 13.688385 15.049156
-8.865814 7.984802 7.198459
-6.572144 2.242523 14.034117
-9.774292 11.585266 9.531684
-17.052155 10.129669 15.782933
-8.865814 -0.050476 21.880550
-8.865814 8.939056 27.963390
-8.865814 12.886169 19.098581
-10.135376 3.500275 20.101986
-17.691864 10.730682 17.197950
-17.691864 5.027100 9.347256
-6.993042 3.607391 19.223076
-9.607574 7.490295 29.015926
-15.549927 -0.169067 28.583305
-8.865814 -3.964569 19.683754
-8.865814 -4.737701 30.510334
-8.865814 4.912994 29.496223
-11.252472 2.884979 20.313807
-14.746979 -0.276184 30.091759
-10.545105 -8.479218 27.055538
-6.217316 3.020874 15.105483
-9.914825 11.276978 9.107350
-18.318604 7.351654 11.959146
-6.572144 3.163605 19.545483
-9.774292 7.666046 28.888233
-17.052155 1.414825 27.432617
-10.420685 3.199432 20.320541
-19.675476 8.639252 18.717381
-19.675476 2.935669 10.866683
-6.479156 2.884979 20.313807
-2.984680 -0.276184 30.091759
-7.186554 -8.479218 27.055538
-8.180328 4.161987 18.820168
-9.137329 7.270630 29.175507
-11.312378 -2.148407 30.021309
2.382416 -0.619019 18.544638
14.426392 -7.646545 18.544640
7.524567 -11.672272 18.544640
22.597229 19.163300 12.017111
28.928680 16.337433 16.914146
17.119415 9.194794 11.146773
-7.310974 -3.336212 14.379150
1.943817 -7.892975 15.340774
1.943817 -3.072418 23.833008
-3.382751 -18.588776 17.459179
-14.486603 -17.988525 13.389251
-7.642426 -15.925079 10.055957
-3.874176 7.357697 25.984890
-8.968536 1.156403 19.338337
0.327698 10.393921 17.781843
-14.472015 -19.726471 19.402369
-5.470795 -25.557953 17.520044
-9.464783 -24.012238 26.745401
-28.745636 14.169617 14.554933
-23.470612 18.283600 18.113152
-19.841125 11.750366 27.124580
-10.600037 2.097229 21.121304
-20.922424 -1.283173 21.380993
-20.922424 -3.764771 11.189500
29.808502 18.501740 14.703309
34.833313 23.811829 13.483287
41.468872 24.061127 22.813654
2.744385 -15.768158 16.598305
-12.523163 -21.793518 19.437944
-14.870331 -13.313934 27.663540
-8.998016 -19.751007 28.486584
3.190765 2.951935 16.010813
-7.131592 0.975769 17.996477
3.190765 -2.751648 8.160113
-14.288940 -19.690643 15.068479
31.813431 13.532837 20.424423
-9.011078 1.182831 19.319149
1.636322 10.577332 19.428303
-8.353119 7.074158 23.476330
-16.760956 -18.863434 16.968870
-23.819244 -18.211060 26.695425
-26.560791 -18.220398 17.922960
-14.461395 -19.026642 21.612804
-19.615570 -11.597290 27.595665
-22.102356 -8.933563 19.638391
-12.654205 -18.213989 20.677143
-11.892700 -23.766296 28.703737
-17.349213 -28.687042 23.948709
-17.064484 -22.829865 18.334663
-15.617279 -31.089691 13.283456
-10.031616 -25.767883 9.151098
-16.235748 -23.275208 16.956366
-20.473877 -26.795410 8.864375
-19.180206 -18.489685 6.427369
-16.834991 -22.521637 16.004667
-26.326904 -22.687561 13.615062
-25.532349 -14.350739 16.157497
-11.132599 -19.065186 15.871490
-2.987885 -21.344818 20.801128
-8.978912 -22.676666 27.040640
-13.720856 -22.768066 15.839470
-4.676971 -24.400696 12.466576
-3.882416 -16.063873 15.009011
-15.080902 -19.591248 21.617422
-22.123413 -15.522369 27.065491
-24.610199 -12.858673 19.108219
-17.906128 -19.900452 14.216529
-18.056519 -14.852997 5.829960
-11.211060 -11.079620 9.766835
-15.774139 -19.478455 13.292882
-14.725342 -27.825012 8.285983
-12.238556 -30.488708 16.243254
-12.115906 -21.322266 19.468424
-12.105896 -22.535217 29.182470
-19.270416 -17.593414 28.262714
-13.661285 -15.311005 17.918463
-9.423126 -11.790802 26.010452
-10.716797 -20.096527 28.447460
-14.157990 -22.521637 15.168058
-7.715881 -22.687561 7.798803
-6.921326 -14.350739 10.341239
-18.864960 -20.375458 18.748737
-26.952759 -19.649902 13.281096
-21.030151 -16.449402 7.688494
-15.132080 -16.652710 14.038136
-10.261536 -8.180084 13.467121
-7.774750 -10.843781 21.424393
-15.686371 -15.550995 14.978799
-18.604309 -15.926361 5.641845
-18.049042 -24.478088 7.418667
-12.976227 -15.531464 16.715557
-14.423431 -7.271637 21.766769
-20.009094 -12.593445 25.899124
-14.577301 -18.387756 13.283961
-6.404755 -20.242340 8.223956
-3.917969 -22.906036 16.181229
-13.400604 -22.431122 15.453543
-8.759735 -29.910706 19.737497
-10.537628 -24.989960 26.753399
-13.182434 -17.986694 20.918316
-11.683502 -23.856323 28.608217
-15.463928 -29.498352 23.087950
-11.469147 -17.121887 16.627190
-3.844360 -16.399292 22.724304
-9.210205 -21.341095 27.560009
-10.700806 -19.274597 18.432636
-5.274841 -27.368530 17.493980
-13.014099 -30.383514 14.735140
-16.824493 -20.559906 13.657759
-18.323456 -14.690247 5.967856
-14.542999 -9.048218 11.488127
-15.490143 -16.498627 14.201625
-12.750946 -7.108795 14.603715
-10.264160 -9.772491 22.560989
-17.818024 -19.274597 20.656885
-22.812927 -27.368530 22.974928
-18.021820 -30.383514 16.300137
-18.482178 -18.098846 14.999640
-17.914368 -15.297577 5.636703
-9.436554 -16.629456 7.354465
-16.925293 -15.531464 17.949703
-12.859344 -7.271637 21.277962
-5.914642 -12.593445 21.494370
-14.002075 -18.322906 13.528913
-11.864960 -9.526764 9.801373
-13.219788 -7.356140 18.170986
-14.357941 -21.852386 20.634558
-17.097168 -31.242218 20.232468
-19.583923 -28.578522 12.275196
-11.169403 -18.059265 16.219736
-3.081604 -18.784821 21.687376
-9.004211 -21.985321 27.279978
-12.152283 -18.777466 14.441270
-7.157379 -10.683502 12.123226
-11.948486 -7.668518 18.798019
-11.835846 -20.773468 19.564602
-12.216827 -22.752563 29.144381
-20.270020 -19.552094 27.919453
-17.562714 -16.297241 15.315383
-18.141266 -15.742188 5.558781
-12.268951 -22.179260 6.381819
-18.897644 -18.777466 16.549311
-24.323608 -10.683502 17.487961
-16.584351 -7.668518 20.246807
-17.896515 -18.322906 14.745991
-21.775879 -9.526764 12.898706
-15.896301 -7.356140 19.007442
-16.437683 -22.341248 15.288990
-23.564758 -21.433441 8.639552
-22.770203 -13.096649 11.181987
-11.050842 -19.398346 16.133053
-4.354370 -12.263641 16.428635
-11.191498 -8.095276 19.960730
-16.355408 -15.637817 15.158822
-18.439209 -15.904938 5.597418
-15.988068 -24.210663 6.864107
-14.804840 -19.271790 21.638084
-20.204163 -13.301453 27.209141
-22.690948 -10.637756 19.251869
-16.510773 -15.762604 19.557169
-21.151642 -8.283020 15.273213
-19.373749 -13.203766 8.257311
-17.415985 -20.305359 13.927808
-18.177490 -14.753082 5.901213
-12.720978 -9.832306 10.656240
-11.723572 -19.595642 19.923803
-12.261292 -23.219086 29.002111
-20.670685 -23.755859 26.637438
-13.668915 -18.820007 21.434315
-12.306885 -10.160614 25.792513
-14.793671 -7.496918 17.835239
-14.620178 -17.217316 13.689162
-6.702637 -12.105133 11.040987
-4.215881 -14.768829 18.998262
-16.995392 -15.892334 15.273625
-18.281281 -15.842102 5.569088
-14.016602 -23.426575 6.510459
-16.339172 -15.265350 16.893953
-13.091492 -7.377014 21.696108
-8.006470 -13.543182 25.262409
-15.043243 -19.079224 13.198100
-9.643921 -25.049561 7.627041
-7.157166 -27.713257 15.584313
-18.548706 -21.364502 18.318823
-26.173492 -22.087097 12.221707
-20.807648 -17.145294 7.386002
-14.059204 -15.265350 16.181419
-13.994507 -7.377014 21.978317
-16.143890 -13.543182 27.805492
-18.903809 -19.314056 19.116184
-27.048523 -17.034454 14.186541
-21.057495 -15.702606 7.947030
-15.480682 -15.352936 19.372391
-18.613312 -7.273499 14.817883
-18.648956 -12.915497 8.127297
-18.458038 -18.758270 14.771351
-17.920319 -15.134857 5.693040
-9.510925 -14.598053 8.057710
-17.786530 -22.422821 17.225622
-15.439087 -31.190155 13.557147
-7.807404 -27.021759 12.567492
-15.270782 -19.963257 21.552223
-23.443359 -18.108673 26.612225
-25.930115 -15.444946 18.654953
-13.298859 -23.127838 18.134905
-16.546570 -31.016174 13.332751
-21.631592 -24.849976 9.766450
-13.029816 -22.155121 19.475233
-11.743927 -22.205353 29.179773
-16.008606 -14.620911 28.238400
-14.073944 -18.872559 21.543303
-15.122742 -10.526001 26.550198
-17.609528 -7.862305 18.592926
-12.331390 -15.894989 17.706007
-14.678833 -7.127655 21.374481
-22.310516 -11.296051 22.364140
-18.332336 -17.439423 15.173558
-17.951355 -15.460327 5.593781
-9.898132 -18.660828 6.818709
-13.601379 -22.382446 19.577763
-11.517548 -22.115326 29.139166
-13.968689 -13.809601 27.872475
-11.899048 -19.046844 20.162346
-12.191803 -23.436432 28.907633
-20.044434 -25.714508 25.786058
-14.376862 -22.819397 15.628668
-11.244232 -30.898804 20.183172
-11.208588 -25.256805 26.873755
-14.403839 -15.213196 19.082636
-15.959778 -6.929169 14.103880
-17.891296 -12.817200 7.923426
-15.866241 -19.754181 21.619535
-18.003387 -28.550323 25.347075
-16.648529 -30.720947 16.977461
-18.662628 -18.252686 19.396111
-26.454224 -14.419006 14.876333
-20.887817 -14.955811 8.143989
-18.261566 -19.372772 14.504245
-17.968811 -14.983215 5.758956
-10.116180 -12.705109 8.880527
-15.851837 -23.127838 18.932753
-15.916534 -31.016174 13.135854
-13.767151 -24.849976 7.308680
-14.892120 -22.341248 14.805972
-12.819672 -21.433441 5.281533
-12.025116 -13.096649 7.823969
-17.187744 -22.865540 17.391022
-22.819763 -25.785889 9.935444
-19.850037 -18.201416 6.733196
-14.198853 -22.459961 19.738535
-11.280914 -22.084595 29.075491
-11.836212 -13.532867 27.298664
-18.980164 -18.619446 18.871840
-25.676636 -25.754150 18.576258
-18.839508 -29.922546 15.044165
-18.157867 -17.263641 19.569447
-25.210388 -11.981812 15.303470
-20.532654 -14.259888 8.265950
-12.535187 -21.813446 15.389842
-6.557312 -28.338837 19.575382
-9.942871 -24.565460 26.709616
-17.423920 -16.414307 19.624382
-23.401764 -9.888947 15.438837
-20.016235 -13.662323 8.304603
-11.702026 -20.184570 19.719921
-12.269836 -22.985809 29.082861
-20.747620 -21.653961 27.365101
-11.757111 -19.754181 20.335367
-7.877777 -28.550323 22.182648
-13.757324 -30.720947 16.073912
-12.642578 -22.829865 16.952745
-16.708527 -31.089691 13.624490
-23.653229 -25.767883 13.408080
-12.216461 -18.575623 20.419296
-12.066071 -23.623077 28.805864
-18.911530 -27.396454 24.868986
-15.397461 -22.951813 15.903283
-13.841492 -31.235840 20.882040
-11.910004 -25.347809 27.062490
-14.716003 -21.698303 20.798046
-19.586548 -30.170959 21.369062
-22.073334 -27.507233 13.411788
-16.179199 -19.531006 13.401868
-17.541199 -28.190399 9.043671
-15.054413 -30.854095 17.000942
27.830963 8.554382 26.252872
21.265778 1.916382 19.407526
27.156342 1.936462 29.262623
-14.767181 -18.759766 13.218763
-7.635315 -21.890930 8.056662
-5.237885 -25.492340 15.727963
-37.595947 -1.929199 22.657295
-31.299500 6.965424 16.346550
-37.595947 3.013702 29.709415
-22.887390 -1.929199 22.657293
-29.183807 6.965424 16.346550
-22.887390 3.013702 29.709415
-42.979645 5.963043 9.499211
-32.073883 9.628204 14.619322
-42.979645 -1.089081 14.442092
-17.503662 2.479431 19.567259
-28.409424 7.599548 15.902081
-17.503662 7.422333 26.619381
-42.979645 2.479431 19.567259
-32.073883 7.599548 15.902081
-42.979645 7.422333 26.619381
-44.950195 8.501740 15.346192
-32.357330 8.465790 15.294920
-44.950195 13.444611 22.398312
-7.641754 -21.490143 25.627327
-14.430267 -19.967529 19.308624
-4.672028 -13.905701 22.425083
18.083252 2.833466 21.147722
4.399536 5.161743 15.794721
14.916077 9.510651 20.165756
-7.338409 -1.482300 16.903990
-8.231995 -11.443970 8.152412
-0.954132 -9.215576 12.530672
-12.996277 -17.870483 16.496696
-31.949402 11.925873 16.136286
19.747757 12.367767 29.188644
28.174408 14.183960 20.388897
20.512543 20.392181 31.635811
15.863861 14.557251 23.222988
27.615753 14.498901 19.530798
16.628647 22.581665 25.670156
26.270660 10.764954 32.405842
29.112671 13.953400 20.851658
27.035446 18.789368 34.853004
40.003418 10.764954 28.114117
31.087982 13.953400 20.234337
40.768204 18.789368 30.561283
16.794159 9.118378 19.737621
27.518158 15.003906 18.289021
19.187759 6.554474 27.396721
43.533615 12.367767 21.755163
31.595764 14.183960 19.319666
44.298401 20.392181 24.202328
10.549896 -13.367157 19.957396
2.309204 -14.788483 13.777040
8.918823 -13.367157 12.271979
-4.496033 -1.251831 17.712938
0.256042 1.153992 23.190811
-5.862610 6.777374 28.141750
-15.346863 -20.761688 21.308729
-24.924683 -22.754669 21.872227
-27.085358 -16.669495 14.958390
-12.872406 -4.540527 10.222117
-8.896912 -1.401733 15.567457
-17.183044 -11.381744 15.928115
0.746368 -14.707184 19.045994
8.783875 -19.347595 21.347601
3.019806 -16.019714 27.303398
-16.784058 -19.690643 15.848245
14.702576 -5.437653 22.603729
-4.103271 -16.589996 15.588289
-13.101746 -19.088348 18.005524
-6.590057 -13.926300 7.631016
-14.464233 -19.939514 19.328623
-3.243622 -15.004852 23.039022
-11.958313 -19.817627 25.357639
2.370514 -16.271759 20.113102
-1.751404 -7.267609 23.828436
2.954956 -11.973938 27.671143
-7.596283 -1.582855 13.105320
-3.119812 1.377045 9.563432
-0.039795 9.117218 14.977127
-0.534698 -14.788483 16.301331
-8.998383 -12.324310 22.131464
-8.998383 -14.788483 14.446049
32.076355 16.291595 21.265749
-13.986786 -19.605988 15.798861
-18.309692 -18.559906 4.668186
-10.864227 -20.553772 6.486959
0.176300 -13.557068 20.626404
-5.710846 -6.227295 22.131462
-5.710846 -6.227295 14.446049
0.176300 -16.019958 20.626404
-4.055542 -23.349731 22.131464
-4.055542 -23.349731 14.446050
1.255280 -16.162018 13.777041
3.445862 -24.337311 12.271981
3.445862 -24.337280 19.957394
-0.287140 -16.822601 14.095305
1.177094 -14.286530 6.013011
4.504974 -8.522461 9.855718
1.892731 -15.793976 13.777041
7.877472 -21.778717 12.271980
7.877472 -21.778717 19.957394
2.260773 -15.156525 13.777040
10.436066 -17.347107 12.271979
10.436066 -17.347107 19.957394
-2.764374 -15.766968 17.601500
-8.111023 -17.199585 11.024263
-1.682068 -15.476959 7.181556
2.913422 -14.245605 20.113102
0.084778 -15.003540 28.195396
-6.344208 -16.726166 24.352692
-2.764374 -13.810059 17.601500
-8.111023 -12.377411 11.024262
-1.682068 -14.100067 7.181556
2.678741 -14.993927 14.098804
5.446381 -8.416718 9.305124
2.118500 -4.574005 15.069185
4.470215 -14.993927 17.201723
10.005463 -8.416718 17.201721
3.349701 -4.574005 17.201721
-0.344177 -18.100372 16.490749
-7.673950 -19.605438 12.258905
-7.673950 -11.920013 12.258904
-0.904205 -14.993927 14.098804
-3.671844 -8.416718 9.305124
-0.343964 -4.574005 15.069185
1.936066 -12.971893 20.113102
0.471863 -15.507996 28.195396
-2.856018 -21.272064 24.352692
-0.287140 -12.754395 14.095305
1.177094 -15.290497 6.013011
4.504974 -21.054565 9.855719
4.470215 -14.788483 16.883457
10.005463 -14.788483 23.460690
3.349701 -14.788483 27.303398
-2.215637 -14.993927 15.410253
-7.009338 -8.416718 12.642620
-1.245270 -4.574005 15.970502
2.777496 -14.275909 20.475693
5.545135 -20.853149 25.269371
2.217255 -24.695831 19.505312
2.309204 -18.100372 17.201723
10.772888 -19.605438 17.201723
10.772888 -11.920013 17.201721
1.430176 -16.814667 20.113102
0.672241 -13.986023 28.195396
-1.050415 -7.557037 24.352692
-1.146851 -15.962891 14.095305
1.389252 -14.498688 6.013011
7.153320 -11.170807 9.855717
3.990173 -12.997040 16.883457
8.783844 -10.229401 23.460690
3.019806 -13.557281 27.303398
0.887268 -16.886139 20.113102
0.887268 -13.957703 28.195396
0.887268 -7.301941 24.352692
-0.773560 -13.127655 14.095305
1.297119 -15.198364 6.013011
6.003479 -19.904724 9.855719
2.370514 -13.305267 20.113102
0.299805 -15.375946 28.195396
-4.406525 -20.082306 24.352692
-0.486237 -14.420471 20.626404
-8.661530 -12.229919 22.131464
-8.661530 -12.229919 14.446048
-1.381470 -14.180573 14.095305
1.447144 -14.938538 6.013011
7.876129 -16.661163 9.855718
-0.773590 -16.449341 14.095305
1.297119 -14.378632 6.013011
6.003479 -9.672302 9.855718
3.990173 -14.993927 15.410251
8.783844 -8.416718 12.642620
3.019806 -4.574005 15.970502
0.176300 -18.100372 15.970278
-4.055542 -19.605438 8.640511
-4.055542 -11.920013 8.640510
2.703857 -15.837311 20.113102
0.167786 -14.373108 28.195396
-5.596283 -11.045227 24.352692
-1.785919 -12.115326 17.601500
-5.699951 -8.201294 11.024262
-0.993622 -12.907623 7.181556
-0.091187 -11.136871 17.601500
-1.523834 -5.790222 11.024262
0.198822 -12.219177 7.181555
-0.091187 -18.440155 17.601501
-1.523834 -23.786804 11.024264
0.198822 -17.357819 7.181556
4.348114 -13.861176 16.883457
9.694763 -12.428558 23.460690
3.265808 -14.151184 27.303398
-2.893188 -14.788483 17.601500
-8.428467 -14.788483 11.024262
-1.772675 -14.788483 7.181556
0.887268 -16.210449 13.777041
0.887268 -24.674133 12.271981
0.887268 -24.674133 19.957394
-0.118195 -13.783051 20.626404
-6.102936 -7.798309 22.131462
-6.102936 -7.798309 14.446049
1.936066 -16.605103 20.113102
0.471863 -14.069000 28.195396
-2.856018 -8.304962 24.352692
1.598236 -13.557068 13.777040
5.830078 -6.227295 12.271979
5.830078 -6.227295 19.957394
-1.461517 -14.788483 14.095305
1.466919 -14.788483 6.013011
8.122681 -14.788483 9.855718
2.984894 -14.788483 20.113102
0.056458 -14.788483 28.195396
-6.599304 -14.788483 24.352692
0.519226 -13.415009 20.626404
-1.671326 -5.239716 22.131462
-1.671326 -5.239716 14.446049
1.255280 -13.415009 13.777040
3.445862 -5.239716 12.271978
3.445862 -5.239716 19.957394
2.118713 -14.077545 13.777040
9.448486 -9.845703 12.271979
9.448486 -9.845703 19.957394
-1.381470 -15.396423 14.095305
1.447144 -14.638489 6.013011
7.876129 -12.915863 9.855718
0.887268 -13.366547 20.626404
0.887268 -4.902863 22.131462
0.887268 -4.902863 14.446048
-0.344177 -14.077545 20.626404
-7.673950 -9.845703 22.131462
-7.673950 -9.845703 14.446049
2.921356 -17.782104 18.376114
0.385284 -25.864380 16.911905
-5.378784 -22.021698 13.584022
1.598236 -18.100372 15.970278
5.830078 -19.605438 8.640511
5.830078 -11.920013 8.640510
2.913422 -15.331421 20.113102
0.084778 -14.573486 28.195396
-6.344208 -12.850830 24.352692
0.279358 -12.519745 14.095305
1.037292 -15.348419 6.013011
2.759918 -21.777374 9.855719
-0.161560 -11.764282 15.385127
1.302673 -3.682007 17.921215
4.630554 -7.524719 23.685276
1.814606 -11.327667 16.883457
3.247223 -5.980988 23.460690
1.524597 -12.409973 27.303398
0.279358 -17.057251 14.095305
1.037292 -14.228607 6.013011
2.759918 -7.799652 9.855718
0.887268 -18.371460 16.883459
0.887268 -23.906708 23.460691
0.887268 -17.250946 27.303398
2.984894 -11.764282 17.201721
0.056458 -3.682007 17.201721
-6.599304 -7.524719 17.201721
-2.893188 -14.275909 17.201721
-8.428467 -20.853149 17.201723
-1.772675 -24.695831 17.201723
-0.929321 -11.764282 16.152912
1.606750 -3.682007 17.617123
7.370819 -7.524719 20.945004
2.118713 -18.100372 16.490749
9.448486 -19.605438 12.258905
9.448486 -11.920013 12.258904
-1.002960 -11.514557 17.601500
-3.770599 -6.720856 11.024262
-0.442719 -12.484924 7.181556
-2.386719 -16.678741 17.601500
-7.180389 -19.446350 11.024263
-1.416321 -16.118500 7.181556
-1.146851 -17.782104 18.376114
1.389252 -25.864380 16.911905
7.153320 -22.021698 13.584022
-1.002960 -14.275909 20.475693
-3.770599 -20.853149 25.269371
-0.442719 -24.695831 19.505312
2.703857 -13.739685 20.113102
0.167755 -15.203888 28.195396
-5.596283 -18.531769 24.352692
-2.386719 -12.898285 17.601500
-7.180389 -10.130646 11.024263
-1.416321 -13.458527 7.181556
1.936066 -11.764282 15.385127
0.471863 -3.682007 17.921215
-2.856018 -7.524719 23.685276
2.703857 -11.764282 16.152912
0.167755 -3.682007 17.617123
-5.596283 -7.524719 20.945004
2.678741 -17.891418 16.883459
5.446381 -22.685089 23.460691
2.118469 -16.921051 27.303398
1.430176 -12.762360 20.113102
0.672241 -15.591003 28.195396
-1.050415 -22.019958 24.352692
0.887268 -11.008057 17.601500
0.887268 -5.472778 11.024262
0.887268 -12.128540 7.181555
3.420776 -17.322021 16.883457
7.334808 -21.236053 23.460691
2.628479 -16.529724 27.303398
0.519226 -16.162018 20.626404
-1.671326 -24.337311 22.131464
-1.671326 -24.337311 14.446051
1.814606 -18.249359 16.883459
3.247223 -23.596008 23.460691
1.524597 -17.167023 27.303398
2.061646 -17.782104 19.235826
0.597443 -25.864380 16.699739
-2.730438 -22.021698 10.935677
-0.287140 -17.782104 19.235826
1.177094 -25.864380 16.699739
4.504974 -22.021698 10.935677
-2.386719 -14.275909 19.091951
-7.180389 -20.853149 21.859583
-1.416321 -24.695831 18.531700
0.887268 -12.439728 14.095305
0.887268 -15.368164 6.013011
0.887268 -22.023895 9.855719
-1.002960 -18.062469 17.601501
-3.770599 -22.856171 11.024264
-0.442719 -17.092102 7.181556
4.161224 -14.275909 19.091951
8.954926 -20.853149 21.859583
3.190857 -24.695831 18.531700
-1.461517 -17.782104 17.201723
1.466919 -25.864380 17.201723
8.122681 -22.021698 17.201721
2.118713 -15.499481 13.777041
9.448486 -18.866882 12.271980
9.448486 -19.731323 19.957394
-11.361176 -20.071136 15.606189
-5.876465 -22.769745 18.787771
-9.135986 -23.368011 26.858309
4.840637 -14.049927 26.191540
0.805939 -14.929382 19.045994
8.168518 -8.285889 22.348831
-20.477722 -16.380188 11.761554
-15.523743 -18.591278 15.593196
-24.763794 -24.179962 11.080568
14.841141 4.543121 12.765677
25.438675 1.640991 12.003268
21.859467 -1.765625 16.463799
21.192795 -10.527008 11.998344
11.090332 -6.206146 12.760754
20.509933 -5.633209 16.458874
-38.415344 7.239197 7.604140
-31.737671 4.107086 17.954035
-41.712524 -0.441681 8.226394
-0.486237 -15.156525 20.626404
-8.661530 -17.443420 19.219181
-8.661530 -14.289276 11.533766
-21.347717 -0.829895 17.903095
-10.661224 -0.872864 17.934324
-21.347717 5.082642 13.607592
-19.675476 2.838348 22.952213
-10.420685 -0.345245 18.660587
-19.675476 8.750885 18.656712
-15.106781 5.523651 26.648426
-9.763519 0.041016 19.192253
-15.106781 11.436188 22.352924
1.943817 2.838348 22.952213
-7.310974 -0.345245 18.660587
1.943817 8.750885 18.656712
-2.624878 5.523651 26.648422
-7.968140 0.041016 19.192253
-2.624878 11.436188 22.352921
-19.675476 -5.754486 20.141304
-10.420685 -1.462830 16.957729
-19.675476 -1.458984 26.053833
-33.004822 7.566559 15.576202
20.390137 8.989807 16.276239
29.581757 12.679810 23.789604
18.812881 3.377930 22.041866
10.436066 -12.229919 17.749716
2.260773 -14.420471 18.102114
10.436066 -12.229919 10.064301
-14.835327 -16.897858 13.863345
-10.903717 -12.742981 12.908751
-5.711792 -12.547943 20.209215
-6.520966 -0.621277 18.693266
-6.520966 1.411438 17.216496
0.772217 -14.903534 19.045994
9.204956 -8.934814 23.489174
1.293335 -13.063843 24.452196
13.633240 -0.776245 22.603731
-31.975494 9.221130 18.313787
2.096954 -15.486908 16.257843
1.389252 -17.795929 6.013011
7.153320 -18.406219 9.855718
28.539978 16.874603 21.235970
4.348114 -15.715851 16.883457
8.111755 -16.724304 21.513342
3.265808 -15.425842 27.303398
-25.018311 -24.239777 17.802401
-16.627380 -19.634674 16.668959
-23.145447 -26.245850 23.795195
-25.746185 -19.984161 20.529495
-16.551025 -20.029816 17.640575
-25.147797 -13.705536 22.444260
-4.096252 -21.697296 19.381008
-13.436920 -20.276245 17.475374
-3.497864 -15.418701 21.295773
-6.858429 -22.951416 24.356516
-13.834229 -20.456635 18.191051
-6.260010 -16.672791 26.271278
-22.707275 -21.697296 25.197268
-16.113922 -20.276245 18.311985
-22.108887 -15.418701 27.112030
-17.603485 -22.951416 27.714533
-15.379791 -20.456635 18.674070
-17.005096 -16.672791 29.629299
-2.285919 -14.335999 10.552796
0.862640 -14.813141 15.438962
-5.699951 -21.375702 11.024264
-14.393494 -20.914948 19.115791
-32.073883 11.293091 21.171717
-32.073883 4.358582 18.312847
-28.409424 11.293091 21.171717
-32.357330 12.159332 20.564560
-31.299500 10.658936 21.616188
-29.183807 10.658936 21.616188
-31.299500 11.287018 16.985950
-29.183807 6.989685 15.523018
-30.483704 6.891327 17.829456
-29.015656 8.135284 18.523148
-28.118164 8.870239 18.008018
-30.451263 10.710571 18.708462
-32.365173 8.870239 18.008018
-30.267578 11.260315 14.712368
-31.280823 9.902557 14.208876
-28.745636 7.182678 15.798342
-32.693665 8.225983 16.893986
-30.120636 10.638031 18.759312
-30.412811 6.989563 17.969610
-29.183807 9.092957 18.523783
-30.267578 7.692596 14.269979
-30.286530 7.708130 14.259092
-30.278320 11.307098 14.779134
-31.299500 11.503998 16.437351
-30.451263 6.821838 17.730347
-30.475464 6.855347 17.778154
-30.241638 7.030243 18.027664
-32.285248 10.549683 15.933971
-28.772064 11.131866 16.651855
-30.286530 11.271210 14.727901
-31.737671 11.094025 16.710625
-29.202484 11.321411 16.922321
-28.441772 10.884796 16.299379
-30.241638 11.315826 14.791565
-30.196777 7.708130 14.259092
-30.286530 11.300964 14.770345
-29.202484 9.255310 13.974541
-30.362671 10.638031 18.759312
-29.183807 11.503998 16.437351
-29.703735 11.440582 17.092340
-30.255066 11.257355 14.708127
-31.737671 9.376740 14.260511
-28.163330 10.288361 15.448433
-29.202484 9.902557 14.208876
-30.241638 9.633331 18.901894
-32.365173 8.929657 17.897938
-30.362671 7.011627 18.001110
-30.241638 6.826996 15.290907
-30.304291 6.757111 17.638000
-31.467651 8.135284 18.523148
-28.745636 8.899994 18.248457
-28.198059 7.727051 16.574999
-32.073883 10.869873 16.881821
-30.293488 11.286072 14.749126
-29.694092 6.868378 15.349941
-30.876282 6.866577 14.954489
-28.125977 8.041321 17.023403
-30.215729 7.692596 14.269979
-28.163330 8.428650 15.241936
-30.241638 9.095490 13.746529
-30.241638 11.449707 17.218063
-30.267578 11.311859 14.785880
-28.441772 9.279602 14.645499
-31.975494 7.230804 15.474174
-32.693665 9.874207 17.304338
-28.125977 10.003632 17.488979
-31.467651 9.444763 18.632883
-30.255066 11.314819 14.790119
-32.041534 9.279602 14.645499
-30.483704 10.809662 18.638996
-28.234161 10.597107 15.888914
-30.789246 11.408325 17.159027
-31.467651 7.007172 15.155080
-28.409424 10.869873 16.881821
-31.299500 9.183746 13.985186
-30.475464 6.927277 17.880754
-29.694092 9.214264 18.696859
-32.610107 7.861725 16.374296
-30.291718 11.293793 14.760110
-28.772064 9.444885 14.245005
-30.304291 7.025482 18.020910
-32.610107 8.590210 17.413668
-28.409424 8.648468 17.889645
-30.789246 9.062439 13.812109
-30.876282 9.585388 18.833475
-28.234161 9.979614 15.007947
-29.703735 9.136139 13.804521
-32.365173 7.522278 15.890024
-30.293488 7.729340 14.244219
-30.291718 11.278381 14.738138
-32.073883 10.842529 16.351814
-30.032043 10.710571 18.708462
-28.409424 7.434174 16.157154
-33.268127 13.926086 15.032537
-27.576172 12.175964 19.763264
28.745880 20.180145 22.217522
32.167236 20.180145 21.148289
28.187225 20.495087 21.359423
31.659454 19.949585 22.062963
29.684143 19.949585 22.680283
29.306763 13.088074 24.012222
28.497833 17.696838 18.884315
30.892426 13.484680 19.608597
1.892731 -13.783020 13.777040
5.438080 -10.237701 12.885445
7.877472 -7.798309 19.957394
30.313217 14.933289 21.785484
30.233963 14.715454 21.737324
29.120239 14.072296 17.406879
30.760208 17.096100 20.858845
31.872101 16.177582 20.203888
31.217865 16.899170 20.649897
29.985291 17.879425 18.410961
27.706039 16.975281 18.890217
30.245087 14.832184 21.772930
29.628738 14.138306 17.270050
28.671555 13.280396 19.991682
29.442413 13.295624 18.585016
30.378555 14.555969 21.638748
28.949188 16.324951 16.903557
27.824310 17.310394 19.268650
30.434860 17.685974 18.205704
28.917770 16.371613 16.928989
31.597092 16.585876 20.426504
29.254517 16.153168 21.857067
27.519638 16.785339 20.326225
28.058868 17.383575 18.916624
28.945953 16.413422 16.934181
27.913300 14.116669 20.508595
27.793167 14.595642 18.066406
32.132370 16.420380 20.081532
31.525772 14.438629 18.288670
30.479309 14.999359 21.755686
29.898987 18.241608 20.295650
30.222565 17.543793 20.934141
29.510666 17.960938 18.656197
31.077545 16.977112 17.767572
28.167114 16.420380 21.320740
29.201950 13.052155 19.749521
31.331390 13.797974 19.576286
30.420090 14.991669 21.771624
31.245239 16.008850 17.391037
27.463394 16.499817 18.806890
27.616028 14.747986 18.496073
30.115173 14.331757 17.182791
29.791656 18.268005 20.242710
29.526230 13.295624 18.558821
27.737122 14.667725 20.748114
30.397247 13.287720 19.697422
28.937973 16.329773 16.908672
28.332092 17.540955 18.353979
</float_array>
          <technique_common>
            <accessor source="#SM_Urchin_Group_02_LOD2-POSITION-array" count="1824" stride="3">
              <param name="X" type="float"/>
              <param name="Y" type="float"/>
              <param name="Z" type="float"/>
            </accessor>
          </technique_common>
        </source>
        <source id="SM_Urchin_Group_02_LOD2-Normal0">
          <float_array id="SM_Urchin_Group_02_LOD2-Normal0-array" count="6831">
-0.563468 0.317575 0.762660
-0.364964 -0.512301 0.777399
0.417939 0.457549 0.784841
0.848552 -0.438390 -0.296267
-0.656833 -0.582078 -0.479329
-0.836432 0.291863 -0.463894
0.290572 0.599303 -0.745925
-0.326176 0.919197 -0.220651
0.668315 -0.686698 0.286007
-0.834132 -0.543885 -0.091716
0.023276 -0.630298 -0.776004
0.668315 -0.686698 0.286007
-0.930836 -0.329222 -0.158613
0.621404 -0.668560 0.408514
0.737534 0.060605 0.672585
0.259996 0.512636 -0.818295
-0.066459 -0.976410 -0.205441
-0.930836 -0.329222 -0.158613
0.517979 -0.234097 -0.822737
-0.607917 -0.177574 -0.773889
-0.223298 0.855189 -0.467750
-0.119077 0.784327 0.608812
-0.840341 -0.157874 0.518558
0.000003 -0.904386 0.426716
-0.326176 0.919197 -0.220651
0.290572 0.599303 -0.745925
-0.834132 -0.543885 -0.091716
0.955224 -0.076077 0.285937
0.188091 0.673671 0.714695
-0.741616 -0.192349 0.642657
-0.885197 0.214404 0.412864
0.803064 0.468392 -0.368371
0.356299 -0.118465 -0.926832
0.024492 0.848127 0.529226
-0.908680 -0.010925 -0.417350
0.162333 -0.542584 0.824166
0.737534 0.060605 0.672585
0.621404 -0.668560 0.408514
0.259996 0.512636 -0.818295
0.259996 0.512636 -0.818295
-0.733257 0.191012 0.652570
0.111355 0.945823 0.304992
-0.919137 0.273214 0.283799
-0.008798 0.323448 -0.946205
-0.143169 -0.965482 -0.217593
0.084369 0.991876 0.095207
0.027044 -0.308895 0.950712
0.945096 -0.237621 -0.224344
0.417939 0.457549 0.784841
0.296074 -0.905043 -0.305349
0.848552 -0.438390 -0.296267
0.590876 0.674960 -0.441921
-0.563468 0.317575 0.762660
0.417939 0.457549 0.784841
0.491874 0.662226 0.565258
0.535432 0.602251 0.592119
0.411961 0.753538 0.512317
0.484110 0.869285 -0.099907
0.542892 0.837808 -0.057840
0.378780 0.909917 -0.169048
0.763585 -0.293341 0.575230
0.517979 -0.234097 -0.822737
0.858580 0.511286 -0.037790
-0.607917 -0.177574 -0.773889
0.517979 -0.234097 -0.822737
0.000003 -0.904386 0.426716
-0.119077 0.784327 0.608812
0.763585 -0.293341 0.575230
0.858580 0.511286 -0.037790
-0.223298 0.855189 -0.467750
-0.840341 -0.157874 0.518558
-0.119077 0.784327 0.608812
-0.143169 -0.965482 -0.217593
0.027044 -0.308895 0.950712
-0.919137 0.273214 0.283799
0.945096 -0.237621 -0.224344
0.027044 -0.308895 0.950712
-0.143169 -0.965482 -0.217593
-0.307565 -0.827157 0.470335
-0.307565 -0.827157 0.470335
-0.307565 -0.827157 0.470335
-0.211074 -0.510145 0.833786
-0.211074 -0.510145 0.833786
-0.211074 -0.510145 0.833786
0.008626 0.551331 0.834242
0.008626 0.551331 0.834242
0.008626 0.551331 0.834242
-0.517706 0.148965 0.842490
-0.517706 0.148965 0.842490
-0.517706 0.148965 0.842490
0.000000 0.000000 1.000000
0.000000 0.000000 1.000000
0.000000 0.000000 1.000000
0.000000 0.000000 1.000000
0.000000 0.000000 1.000000
0.000000 0.000000 1.000000
-0.822893 0.290085 0.488568
-0.822893 0.290085 0.488568
-0.822893 0.290085 0.488568
-0.667230 0.341342 0.662034
-0.667230 0.341342 0.662034
-0.667230 0.341342 0.662034
0.724627 -0.250663 0.641938
0.724627 -0.250663 0.641938
0.724627 -0.250663 0.641938
-0.476711 0.348336 0.807099
-0.476711 0.348336 0.807099
-0.476711 0.348336 0.807099
-0.364964 -0.512301 0.777399
0.296074 -0.905043 -0.305349
0.417939 0.457549 0.784841
0.296074 -0.905043 -0.305349
-0.656833 -0.582078 -0.479329
0.848552 -0.438390 -0.296267
0.025393 0.318945 0.947433
0.025393 0.318945 0.947433
0.025393 0.318945 0.947433
-0.717410 0.250332 0.650120
-0.717410 0.250332 0.650120
-0.717410 0.250332 0.650120
-0.023666 -0.319545 0.947276
-0.023666 -0.319545 0.947276
-0.023666 -0.319545 0.947276
-0.105565 -0.302532 0.947275
-0.105565 -0.302532 0.947275
-0.105565 -0.302532 0.947275
0.105565 0.302532 0.947275
0.105565 0.302532 0.947275
0.105565 0.302532 0.947275
0.592553 -0.206764 0.778543
0.592553 -0.206764 0.778543
0.592553 -0.206764 0.778543
0.353807 -0.163854 0.920854
0.353807 -0.163854 0.920854
0.353807 -0.163854 0.920854
0.556624 0.455373 -0.694842
0.556624 0.455373 -0.694842
0.556624 0.455373 -0.694842
-0.267092 0.097943 0.958681
-0.267092 0.097943 0.958681
-0.267092 0.097943 0.958681
-0.178106 0.533413 0.826891
-0.188322 0.542329 0.818788
-0.193589 0.546889 0.814516
0.500000 0.497065 0.709174
0.500000 0.497065 0.709174
0.500000 0.497065 0.709174
-0.090664 0.919314 0.382939
-0.090664 0.919314 0.382939
-0.090664 0.919314 0.382939
0.555861 0.824940 0.102434
0.555861 0.824940 0.102434
0.555861 0.824940 0.102434
0.789593 0.575194 0.213763
0.789593 0.575194 0.213763
0.789593 0.575194 0.213763
0.186147 -0.982512 0.004400
0.186147 -0.982512 0.004400
0.186147 -0.982512 0.004400
0.653496 -0.756911 -0.005378
0.653496 -0.756911 -0.005378
0.653496 -0.756911 -0.005378
-0.331228 -0.943466 0.012674
-0.331228 -0.943466 0.012674
-0.331228 -0.943466 0.012674
0.944705 -0.327628 -0.013881
0.944705 -0.327628 -0.013881
0.944705 -0.327628 -0.013881
-0.758994 -0.650863 0.017475
-0.758994 -0.650863 0.017475
-0.758994 -0.650863 0.017475
-0.982701 -0.184340 0.017814
-0.982701 -0.184340 0.017814
-0.982701 -0.184340 0.017814
0.700538 0.587234 -0.405467
0.700538 0.587234 -0.405467
0.700538 0.587234 -0.405467
0.066780 0.794800 0.603186
0.066780 0.794800 0.603186
0.066780 0.794800 0.603186
0.779657 0.359418 0.512790
0.779657 0.359417 0.512790
0.779657 0.359418 0.512790
-0.499999 0.709174 -0.497065
-0.499999 0.709173 -0.497065
-0.499999 0.709174 -0.497065
0.258818 0.554403 0.790981
0.258818 0.554403 0.790981
0.258818 0.554403 0.790981
0.707108 0.405851 0.579036
0.707109 0.405852 0.579035
0.707108 0.405850 0.579037
0.965926 0.148551 0.211944
0.965926 0.148551 0.211944
0.965926 0.148551 0.211943
-0.866025 -0.409442 0.286982
-0.866025 -0.409441 0.286981
-0.866024 -0.409443 0.286982
-0.499999 0.497065 0.709173
-0.499999 0.497066 0.709173
-0.499999 0.497065 0.709173
-0.500000 -0.709173 0.497065
-0.500000 -0.709173 0.497065
-0.500000 -0.709173 0.497066
0.707107 0.405852 0.579037
0.707107 0.405852 0.579037
0.707107 0.405852 0.579037
-0.866025 -0.409442 0.286981
-0.866025 -0.409442 0.286980
-0.866025 -0.409441 0.286981
-0.866025 0.409442 -0.286982
-0.866025 0.409441 -0.286981
-0.866024 0.409443 -0.286982
-0.500000 0.497064 0.709174
-0.500001 0.497064 0.709174
-0.499999 0.497064 0.709174
0.499999 0.497065 0.709174
0.499999 0.497065 0.709174
0.499999 0.497065 0.709174
-0.866025 0.286981 0.409442
-0.866025 0.286980 0.409442
-0.866025 0.286982 0.409442
-0.866026 -0.409440 0.286980
-0.866026 -0.409440 0.286980
-0.866026 -0.409440 0.286980
-0.866025 -0.409442 0.286980
-0.866025 -0.409442 0.286980
-0.866025 -0.409442 0.286981
-0.866026 0.286980 0.409441
-0.866026 0.286980 0.409441
-0.866026 0.286979 0.409440
-0.866026 0.409440 -0.286980
-0.866026 0.409440 -0.286980
-0.866026 0.409440 -0.286980
-0.866025 0.409442 -0.286980
-0.866025 0.409442 -0.286980
-0.866025 0.409442 -0.286981
-0.000001 0.818883 -0.573960
-0.000001 0.818884 -0.573960
-0.000001 0.818883 -0.573961
0.000001 0.573961 0.818882
0.000001 0.573962 0.818882
0.000000 0.573961 0.818883
1.000000 0.000000 0.000000
1.000000 0.000000 0.000000
1.000000 0.000000 0.000000
1.000000 0.000000 0.000000
1.000000 0.000000 0.000000
1.000000 0.000000 0.000000
-0.500000 0.709173 -0.497065
-0.499999 0.709173 -0.497065
-0.500000 0.709173 -0.497065
0.707106 0.405853 0.579037
0.707107 0.405852 0.579037
0.707106 0.405853 0.579038
-0.965926 0.148552 0.211943
-0.965926 0.148551 0.211942
-0.965925 0.148553 0.211944
0.500000 0.497065 0.709173
0.500000 0.497065 0.709173
0.500000 0.497064 0.709174
-0.500000 -0.709173 0.497065
-0.500000 -0.709173 0.497065
-0.500000 -0.709173 0.497064
0.965925 0.148554 0.211944
0.965925 0.148554 0.211944
0.965925 0.148554 0.211944
0.866025 0.286982 0.409441
0.866025 0.286982 0.409442
0.866026 0.286981 0.409440
-0.866026 0.286980 0.409440
-0.866026 0.286980 0.409440
-0.866026 0.286980 0.409440
-0.866025 0.286981 0.409442
-0.866025 0.286981 0.409442
-0.866024 0.286981 0.409443
0.707106 0.405851 0.579038
0.707107 0.405852 0.579038
0.707106 0.405850 0.579040
0.965926 0.148552 0.211943
0.965926 0.148553 0.211942
0.965926 0.148552 0.211944
-0.500000 0.497065 0.709173
-0.500000 0.497065 0.709173
-0.500000 0.497066 0.709173
-0.500000 0.709173 -0.497065
-0.500000 0.709173 -0.497065
-0.500000 0.709173 -0.497066
0.258819 0.554404 0.790980
0.258819 0.554404 0.790980
0.258819 0.554405 0.790979
-0.866025 0.286981 0.409442
-0.866025 0.286981 0.409442
-0.866025 0.286981 0.409442
-0.258819 0.554404 0.790980
-0.258819 0.554404 0.790980
-0.258820 0.554404 0.790980
-0.000000 0.573960 0.818883
0.000000 0.573960 0.818883
-0.000001 0.573960 0.818883
-0.866025 0.409442 -0.286981
-0.866025 0.409442 -0.286981
-0.866025 0.409441 -0.286982
0.000000 0.818883 -0.573960
-0.000000 0.818883 -0.573961
0.000001 0.818884 -0.573960
-0.500000 0.497064 0.709174
-0.499999 0.497064 0.709174
-0.500000 0.497064 0.709174
-0.258819 0.554404 0.790980
-0.258819 0.554403 0.790980
-0.258819 0.554404 0.790980
1.000000 0.000000 0.000000
1.000000 0.000000 0.000000
1.000000 0.000000 0.000000
-0.866026 0.409440 -0.286980
-0.866026 0.409441 -0.286979
-0.866026 0.409440 -0.286980
0.707107 0.405852 0.579038
0.707107 0.405852 0.579038
0.707107 0.405851 0.579038
0.965926 0.148552 0.211942
0.965926 0.148552 0.211943
0.965926 0.148551 0.211941
-0.965926 0.148552 0.211943
-0.965926 0.148552 0.211943
-0.965926 0.148552 0.211943
-0.965926 0.148552 0.211942
-0.965926 0.148552 0.211942
-0.965926 0.148552 0.211943
-0.707107 0.405851 0.579038
-0.707108 0.405850 0.579037
-0.707106 0.405851 0.579038
-0.000000 0.573960 0.818883
0.000000 0.573960 0.818883
-0.000001 0.573960 0.818883
1.000000 0.000000 0.000000
1.000000 0.000000 0.000000
1.000000 0.000000 0.000000
-0.000000 0.818883 -0.573960
-0.000001 0.818883 -0.573960
0.000001 0.818883 -0.573960
-0.000000 0.818883 -0.573960
-0.000001 0.818883 -0.573960
0.000000 0.818883 -0.573960
0.866025 0.286980 0.409442
0.866025 0.286981 0.409441
0.866025 0.286980 0.409443
-0.500000 0.709173 -0.497066
-0.500000 0.709173 -0.497066
-0.499999 0.709173 -0.497065
1.000000 0.000000 0.000000
1.000000 0.000000 0.000000
1.000000 0.000000 0.000000
-0.500000 0.709173 -0.497065
-0.500000 0.709173 -0.497065
-0.500000 0.709173 -0.497065
0.000001 0.818882 -0.573961
0.000001 0.818882 -0.573961
0.000001 0.818882 -0.573961
0.866025 0.286981 0.409442
0.866025 0.286981 0.409442
0.866025 0.286980 0.409442
-0.258819 0.554404 0.790980
-0.258819 0.554404 0.790980
-0.258820 0.554404 0.790980
0.000001 0.573960 0.818883
0.000002 0.573961 0.818883
0.000001 0.573960 0.818883
1.000000 0.000000 0.000000
1.000000 0.000000 0.000000
1.000000 0.000000 0.000000
-0.866026 -0.409440 0.286981
-0.866026 -0.409440 0.286980
-0.866026 -0.409440 0.286981
0.258820 0.554404 0.790979
0.258820 0.554404 0.790979
0.258820 0.554404 0.790979
-0.965926 0.148551 0.211941
-0.965926 0.148551 0.211941
-0.965926 0.148552 0.211941
0.258820 0.554402 0.790981
0.258820 0.554403 0.790980
0.258820 0.554402 0.790981
-0.500000 -0.709173 0.497066
-0.500001 -0.709172 0.497065
-0.499999 -0.709173 0.497066
0.499998 0.497064 0.709175
0.499998 0.497064 0.709175
0.499999 0.497065 0.709174
0.965926 0.148552 0.211943
0.965926 0.148552 0.211943
0.965926 0.148552 0.211943
0.866025 0.286981 0.409442
0.866025 0.286981 0.409441
0.866025 0.286981 0.409442
-0.258819 0.554403 0.790980
-0.258819 0.554404 0.790980
-0.258819 0.554403 0.790981
0.258819 0.554403 0.790980
0.258819 0.554403 0.790980
0.258820 0.554403 0.790980
0.965926 0.148552 0.211942
0.965926 0.148552 0.211943
0.965926 0.148551 0.211941
-0.500000 -0.709173 0.497065
-0.499999 -0.709173 0.497065
-0.500000 -0.709173 0.497065
-0.965926 0.148551 0.211942
-0.965926 0.148552 0.211943
-0.965926 0.148551 0.211941
-0.707107 0.405852 0.579038
-0.707107 0.405851 0.579037
-0.707106 0.405852 0.579038
-0.965926 0.148552 0.211943
-0.965926 0.148553 0.211943
-0.965926 0.148551 0.211943
-0.500000 0.497065 0.709173
-0.500000 0.497065 0.709173
-0.500000 0.497065 0.709173
-0.500000 -0.709173 0.497066
-0.500000 -0.709173 0.497066
-0.499999 -0.709173 0.497065
0.518131 0.829593 -0.208125
0.518131 0.829593 -0.208125
0.518131 0.829593 -0.208125
0.063437 0.997767 -0.020890
0.063437 0.997767 -0.020890
0.063437 0.997767 -0.020890
0.460707 0.452165 0.763738
0.447283 0.474622 0.758071
0.478843 0.420368 0.770714
-0.709765 0.093959 0.698144
-0.709765 0.093959 0.698144
-0.709764 0.093960 0.698145
0.801014 0.596498 -0.050652
0.801014 0.596499 -0.050652
0.801014 0.596498 -0.050652
-0.840341 -0.157874 0.518558
-0.607917 -0.177574 -0.773889
0.000003 -0.904386 0.426716
-0.607917 -0.177574 -0.773889
-0.840341 -0.157874 0.518558
-0.223298 0.855189 -0.467750
0.954476 0.000000 -0.298289
0.954476 -0.000000 -0.298289
0.954476 0.000000 -0.298289
-0.723309 0.263578 -0.638241
-0.723309 0.263578 -0.638240
-0.723309 0.263577 -0.638241
-0.398614 0.824941 0.400723
-0.398614 0.824941 0.400723
-0.398614 0.824941 0.400723
0.954475 0.000000 -0.298290
0.954475 0.000000 -0.298290
0.954475 0.000000 -0.298290
-0.284138 0.304353 -0.909194
-0.284138 0.304353 -0.909195
-0.284138 0.304353 -0.909194
-0.781207 0.476279 0.403575
-0.781208 0.476279 0.403575
-0.781207 0.476279 0.403575
-0.968669 0.152177 -0.196271
-0.968669 0.152177 -0.196271
-0.968669 0.152177 -0.196271
-0.398615 0.824940 0.400725
-0.398614 0.824940 0.400725
-0.398615 0.824940 0.400724
0.739111 0.673561 -0.005509
0.739111 0.673561 -0.005509
0.739111 0.673561 -0.005509
-0.898456 0.246540 0.363311
-0.898456 0.246540 0.363311
-0.898456 0.246540 0.363311
0.334728 0.920102 0.203397
0.334728 0.920102 0.203397
0.334728 0.920102 0.203397
-0.781208 0.476279 0.403575
-0.781208 0.476279 0.403575
-0.781207 0.476279 0.403575
-0.231166 -0.263577 0.936530
-0.231166 -0.263577 0.936530
-0.231166 -0.263577 0.936530
0.945450 0.246540 -0.212939
0.945450 0.246540 -0.212939
0.945449 0.246540 -0.212939
-0.610722 0.673561 0.416334
-0.610722 0.673561 0.416334
-0.610722 0.673561 0.416334
-0.968669 0.152177 -0.196271
-0.968669 0.152177 -0.196271
-0.968669 0.152177 -0.196271
0.739111 0.673561 -0.005511
0.739111 0.673561 -0.005511
0.739111 0.673561 -0.005511
-0.684531 -0.152176 0.712923
-0.684531 -0.152176 0.712923
-0.684531 -0.152176 0.712923
0.945449 0.246540 -0.212940
0.945449 0.246540 -0.212941
0.945450 0.246540 -0.212940
-0.398616 0.824939 0.400725
-0.398616 0.824940 0.400725
-0.398616 0.824939 0.400725
0.555860 0.824941 0.102433
0.555861 0.824940 0.102434
0.555859 0.824941 0.102432
-0.723309 0.263577 -0.638241
-0.723309 0.263577 -0.638241
-0.723309 0.263577 -0.638241
0.739111 0.673562 -0.005510
0.739110 0.673562 -0.005510
0.739110 0.673562 -0.005510
0.871992 0.476280 -0.113077
0.871992 0.476280 -0.113077
0.871992 0.476280 -0.113077
-0.231167 -0.263577 0.936530
-0.231166 -0.263577 0.936530
-0.231167 -0.263577 0.936530
0.871993 0.476280 -0.113077
0.871992 0.476280 -0.113077
0.871993 0.476280 -0.113077
0.945450 0.246540 -0.212939
0.945450 0.246540 -0.212939
0.945450 0.246540 -0.212939
-0.159345 0.920101 0.357802
-0.159345 0.920102 0.357802
-0.159346 0.920101 0.357803
0.954475 0.000001 -0.298290
0.954475 0.000001 -0.298290
0.954475 -0.000000 -0.298290
-0.723309 0.263578 -0.638241
-0.723309 0.263578 -0.638241
-0.723309 0.263577 -0.638241
-0.159343 0.920102 0.357802
-0.159343 0.920102 0.357802
-0.159343 0.920102 0.357802
0.334728 0.920102 0.203397
0.334728 0.920102 0.203397
0.334728 0.920102 0.203397
0.334730 0.920101 0.203397
0.334728 0.920101 0.203397
0.334731 0.920100 0.203398
-0.898456 0.246540 0.363312
-0.898456 0.246540 0.363312
-0.898455 0.246540 0.363312
-0.898455 0.246540 0.363312
-0.898455 0.246540 0.363312
-0.898455 0.246541 0.363312
-0.968669 0.152178 -0.196271
-0.968669 0.152178 -0.196271
-0.968669 0.152177 -0.196270
-0.284138 0.304353 -0.909194
-0.284138 0.304353 -0.909195
-0.284138 0.304353 -0.909195
-0.231167 -0.263578 0.936530
-0.231167 -0.263578 0.936530
-0.231167 -0.263578 0.936530
-0.684531 -0.152176 0.712923
-0.684531 -0.152176 0.712923
-0.684531 -0.152176 0.712923
-0.684531 -0.152177 0.712924
-0.684531 -0.152177 0.712924
-0.684531 -0.152177 0.712924
-0.723309 0.263577 -0.638241
-0.723309 0.263577 -0.638241
-0.723309 0.263577 -0.638241
0.739111 0.673562 -0.005511
0.739111 0.673562 -0.005511
0.739111 0.673562 -0.005511
0.945449 0.246541 -0.212939
0.945449 0.246541 -0.212939
0.945449 0.246541 -0.212939
0.090785 0.952559 0.290499
0.090785 0.952559 0.290500
0.090785 0.952559 0.290498
-0.684531 -0.152176 0.712924
-0.684531 -0.152177 0.712924
-0.684531 -0.152176 0.712924
-0.159345 0.920102 0.357801
-0.159345 0.920102 0.357800
-0.159345 0.920102 0.357801
-0.968669 0.152177 -0.196271
-0.968669 0.152177 -0.196271
-0.968669 0.152177 -0.196271
-0.231166 -0.263578 0.936530
-0.231166 -0.263578 0.936530
-0.231167 -0.263578 0.936530
0.945450 0.246540 -0.212939
0.945449 0.246540 -0.212939
0.945449 0.246540 -0.212939
0.090784 0.952559 0.290497
0.090784 0.952559 0.290497
0.090784 0.952559 0.290497
-0.968669 0.152176 -0.196271
-0.968669 0.152176 -0.196271
-0.968669 0.152176 -0.196271
-0.398617 0.824940 0.400723
-0.398617 0.824940 0.400723
-0.398616 0.824940 0.400723
0.954475 -0.000000 -0.298289
0.954476 -0.000000 -0.298289
0.954475 -0.000000 -0.298290
-0.159346 0.920102 0.357801
-0.159346 0.920102 0.357801
-0.159346 0.920102 0.357801
0.739112 0.673561 -0.005509
0.739112 0.673561 -0.005509
0.739112 0.673560 -0.005509
-0.898456 0.246540 0.363312
-0.898456 0.246541 0.363312
-0.898456 0.246541 0.363312
-0.781207 0.476279 0.403576
-0.781207 0.476279 0.403576
-0.781207 0.476279 0.403576
-0.781207 0.476279 0.403576
-0.781207 0.476279 0.403576
-0.781207 0.476279 0.403576
0.954475 -0.000000 -0.298290
0.954475 -0.000000 -0.298290
0.954475 -0.000000 -0.298290
0.334728 0.920102 0.203397
0.334728 0.920101 0.203397
0.334728 0.920101 0.203397
0.945450 0.246540 -0.212938
0.945450 0.246540 -0.212938
0.945450 0.246540 -0.212938
-0.898455 0.246542 0.363312
-0.898455 0.246541 0.363312
-0.898455 0.246542 0.363312
0.871993 0.476280 -0.113078
0.871992 0.476280 -0.113078
0.871993 0.476280 -0.113078
-0.231166 -0.263578 0.936530
-0.231166 -0.263578 0.936530
-0.231166 -0.263577 0.936530
-0.398616 0.824939 0.400724
-0.398616 0.824940 0.400724
-0.398617 0.824939 0.400724
-0.723309 0.263578 -0.638241
-0.723309 0.263578 -0.638241
-0.723309 0.263578 -0.638240
0.555859 0.824941 0.102434
0.555859 0.824941 0.102434
0.555859 0.824941 0.102434
-0.610722 0.673561 0.416335
-0.610722 0.673561 0.416335
-0.610722 0.673561 0.416335
-0.684531 -0.152176 0.712923
-0.684531 -0.152176 0.712923
-0.684531 -0.152176 0.712923
-0.284139 0.304353 -0.909194
-0.284139 0.304353 -0.909194
-0.284138 0.304353 -0.909195
-0.284139 0.304353 -0.909195
-0.284139 0.304353 -0.909194
-0.284139 0.304353 -0.909194
0.871992 0.476281 -0.113078
0.871992 0.476281 -0.113078
0.871992 0.476281 -0.113078
-0.898456 0.246540 0.363311
-0.898456 0.246540 0.363311
-0.898456 0.246540 0.363311
0.334729 0.920102 0.203394
0.334729 0.920102 0.203394
0.334729 0.920102 0.203394
0.090787 0.952559 0.290498
0.090788 0.952559 0.290498
0.090786 0.952559 0.290498
-0.284139 0.304353 -0.909194
-0.284139 0.304353 -0.909194
-0.284138 0.304353 -0.909195
0.090786 0.952559 0.290499
0.090786 0.952559 0.290499
0.090786 0.952559 0.290499
0.555859 0.824941 0.102433
0.555859 0.824941 0.102433
0.555859 0.824941 0.102433
-0.781208 0.476279 0.403575
-0.781208 0.476279 0.403575
-0.781208 0.476279 0.403576
0.954476 -0.000001 -0.298289
0.954476 -0.000001 -0.298289
0.954476 -0.000001 -0.298289
0.522658 0.822869 0.222969
0.522658 0.822869 0.222969
0.522658 0.822869 0.222969
-0.733257 0.191012 0.652570
-0.930836 -0.329222 -0.158613
0.737534 0.060605 0.672585
-0.930836 -0.329222 -0.158613
-0.733257 0.191012 0.652570
0.259996 0.512636 -0.818295
-0.528660 0.497409 0.687825
-0.528660 0.497409 0.687825
-0.528660 0.497409 0.687825
0.034965 -0.835284 0.548706
0.034965 -0.835284 0.548706
0.034965 -0.835284 0.548706
-0.308346 0.209350 0.927952
-0.308346 0.209350 0.927952
-0.308346 0.209350 0.927952
0.398978 0.791356 0.463219
0.398978 0.791356 0.463219
0.398978 0.791356 0.463219
0.668315 -0.686698 0.286007
-0.326176 0.919197 -0.220651
0.955224 -0.076077 0.285937
-0.834132 -0.543885 -0.091716
0.668315 -0.686698 0.286007
0.955224 -0.076077 0.285937
-0.111790 0.728367 0.676006
-0.111790 0.728367 0.676006
-0.111790 0.728367 0.676006
-0.258819 0.554403 0.790980
-0.258819 0.554403 0.790980
-0.258819 0.554403 0.790980
-0.200763 0.816851 -0.540785
-0.200763 0.816851 -0.540785
-0.200763 0.816851 -0.540785
-0.471890 0.685375 0.554600
-0.471890 0.685375 0.554600
-0.471890 0.685375 0.554600
0.500002 0.700640 -0.509021
0.500002 0.700640 -0.509021
0.500002 0.700640 -0.509021
0.590876 0.674960 -0.441921
-0.029981 0.948277 -0.316027
-0.563468 0.317575 0.762660
-0.836432 0.291863 -0.463894
-0.029981 0.948277 -0.316027
0.848552 -0.438390 -0.296267
-0.153688 0.695724 0.701675
-0.153688 0.695725 0.701675
-0.153688 0.695724 0.701675
-0.159346 0.920102 0.357801
-0.159346 0.920102 0.357801
-0.159346 0.920102 0.357801
-0.442487 0.881258 0.166101
-0.442487 0.881258 0.166101
-0.442487 0.881258 0.166101
0.231746 -0.792261 0.564461
0.231746 -0.792261 0.564461
0.231746 -0.792261 0.564461
-0.919137 0.273214 0.283799
0.084369 0.991876 0.095207
-0.008798 0.323448 -0.946205
0.084369 0.991876 0.095207
-0.919137 0.273214 0.283799
0.027044 -0.308895 0.950712
-0.873830 0.439149 0.208732
-0.873830 0.439149 0.208732
-0.873830 0.439149 0.208732
0.023276 -0.630298 -0.776004
0.290572 0.599303 -0.745925
0.668315 -0.686698 0.286007
-0.834132 -0.543885 -0.091716
0.290572 0.599303 -0.745925
0.023276 -0.630298 -0.776004
0.789592 0.203976 -0.578739
0.789592 0.203976 -0.578739
0.789592 0.203976 -0.578739
0.434081 0.635236 0.638788
0.381042 0.720624 0.579230
0.327071 0.791184 0.516771
0.590876 0.674960 -0.441921
0.848552 -0.438390 -0.296267
-0.029981 0.948277 -0.316027
0.590876 0.674960 -0.441921
0.417939 0.457549 0.784841
0.848552 -0.438390 -0.296267
0.556622 0.776817 -0.294495
0.556622 0.776817 -0.294495
0.556622 0.776817 -0.294495
0.258820 0.554404 0.790980
0.258820 0.554404 0.790980
0.258820 0.554403 0.790980
0.261100 0.965253 -0.010689
0.261100 0.965253 -0.010689
0.261100 0.965253 -0.010689
-0.752195 -0.199379 0.628053
-0.752195 -0.199379 0.628053
-0.752195 -0.199379 0.628053
0.066779 0.589620 -0.804915
0.066779 0.589620 -0.804916
0.066779 0.589620 -0.804915
0.725224 -0.253057 0.640322
0.725224 -0.253057 0.640322
0.725224 -0.253057 0.640322
0.378815 -0.348733 0.857254
0.378815 -0.348733 0.857254
0.378815 -0.348733 0.857254
0.285318 0.817676 0.500000
0.285318 0.817676 0.500000
0.285318 0.817676 0.500000
-0.285316 -0.817677 0.499999
-0.285316 -0.817677 0.499999
-0.285316 -0.817677 0.499999
-0.490130 0.213066 0.845208
-0.490130 0.213066 0.845208
-0.490130 0.213066 0.845208
0.779657 0.506620 -0.368063
0.779657 0.506620 -0.368063
0.779657 0.506620 -0.368063
0.334728 0.920101 0.203397
0.334728 0.920101 0.203397
0.334728 0.920102 0.203397
0.049803 0.487464 0.871722
0.049803 0.487464 0.871722
0.049803 0.487464 0.871722
0.164728 0.472086 0.866025
0.164728 0.472086 0.866025
0.164728 0.472086 0.866025
-0.051903 -0.508001 0.859791
-0.051903 -0.508001 0.859791
-0.051903 -0.508001 0.859791
0.866026 0.404513 -0.293884
0.866026 0.404513 -0.293884
0.866026 0.404513 -0.293884
1.000000 0.000000 0.000000
1.000000 0.000000 0.000000
1.000000 0.000000 0.000000
0.000001 0.809031 -0.587767
0.000001 0.809031 -0.587767
0.000001 0.809030 -0.587767
-0.866025 0.293884 0.404516
-0.866025 0.293884 0.404516
-0.866025 0.293884 0.404516
0.866025 0.404515 -0.293885
0.866025 0.404515 -0.293885
0.866025 0.404515 -0.293885
-0.499999 0.509021 0.700641
-0.499999 0.509021 0.700641
-0.499999 0.509021 0.700641
-0.866025 -0.293884 -0.404516
-0.866025 -0.293884 -0.404516
-0.866025 -0.293884 -0.404516
-0.499999 -0.509021 -0.700641
-0.499999 -0.509021 -0.700641
-0.499999 -0.509021 -0.700641
0.866026 0.404515 -0.293882
0.866026 0.404515 -0.293882
0.866026 0.404515 -0.293882
-0.500002 0.700640 -0.509020
-0.500002 0.700640 -0.509020
-0.500002 0.700640 -0.509020
0.000001 -0.587766 -0.809031
0.000001 -0.587766 -0.809031
0.000001 -0.587766 -0.809031
-0.500000 0.700640 -0.509022
-0.500000 0.700640 -0.509022
-0.500000 0.700640 -0.509022
0.965925 0.209395 -0.152126
0.965925 0.209395 -0.152126
0.965925 0.209395 -0.152126
0.500001 0.700640 -0.509021
0.500001 0.700640 -0.509021
0.500001 0.700640 -0.509021
-0.707106 0.572073 -0.415613
-0.707106 0.572073 -0.415613
-0.707106 0.572073 -0.415613
-0.866026 -0.293883 -0.404514
-0.866026 -0.293883 -0.404514
-0.866026 -0.293883 -0.404514
-0.866025 0.404516 -0.293883
-0.866025 0.404516 -0.293883
-0.866025 0.404516 -0.293883
-0.500001 -0.509021 -0.700641
-0.500001 -0.509021 -0.700641
-0.500001 -0.509021 -0.700641
-0.500000 -0.509020 -0.700642
-0.500000 -0.509020 -0.700642
-0.500000 -0.509020 -0.700642
-0.000001 -0.587767 -0.809031
-0.000001 -0.587767 -0.809031
-0.000001 -0.587767 -0.809031
-0.866026 0.404515 -0.293882
-0.866026 0.404515 -0.293882
-0.866026 0.404515 -0.293882
-0.866026 0.404516 -0.293882
-0.866026 0.404516 -0.293882
-0.866026 0.404516 -0.293882
-0.258821 0.781462 -0.567740
-0.258821 0.781462 -0.567740
-0.258821 0.781462 -0.567740
0.000001 0.809031 -0.587766
0.000001 0.809031 -0.587767
0.000001 0.809031 -0.587766
0.707106 0.572071 -0.415614
0.707106 0.572071 -0.415614
0.707106 0.572071 -0.415614
0.258818 0.781463 -0.567741
0.258818 0.781463 -0.567741
0.258818 0.781463 -0.567741
0.965926 0.209393 -0.152124
0.965926 0.209393 -0.152124
0.965926 0.209393 -0.152124
0.258818 0.781463 -0.567740
0.258818 0.781463 -0.567740
0.258818 0.781463 -0.567740
-0.866025 0.293883 0.404516
-0.866025 0.293883 0.404516
-0.866025 0.293883 0.404516
0.258818 0.781463 -0.567740
0.258818 0.781463 -0.567740
0.258818 0.781463 -0.567740
0.707107 0.572071 -0.415613
0.707107 0.572071 -0.415613
0.707107 0.572071 -0.415613
0.965926 0.209392 -0.152125
0.965926 0.209392 -0.152125
0.965926 0.209392 -0.152125
0.965926 0.209392 -0.152125
0.965926 0.209392 -0.152125
0.965926 0.209392 -0.152125
-0.500000 0.509019 0.700642
-0.500000 0.509019 0.700642
-0.500000 0.509019 0.700642
-0.499999 0.509021 0.700642
-0.499999 0.509021 0.700642
-0.499999 0.509021 0.700642
0.707106 0.572071 -0.415615
0.707106 0.572071 -0.415615
0.707106 0.572071 -0.415615
-0.965926 0.209391 -0.152125
-0.965926 0.209391 -0.152125
-0.965926 0.209391 -0.152125
-0.258819 0.781464 -0.567739
-0.258819 0.781464 -0.567739
-0.258819 0.781464 -0.567739
1.000000 0.000000 0.000000
1.000000 0.000000 0.000000
1.000000 0.000000 0.000000
-0.866025 0.293884 0.404516
-0.866025 0.293884 0.404516
-0.866025 0.293884 0.404516
-0.866025 0.404516 -0.293883
-0.866025 0.404516 -0.293883
-0.866025 0.404516 -0.293883
-0.000000 -0.587767 -0.809030
-0.000000 -0.587767 -0.809030
-0.000000 -0.587767 -0.809030
-0.000001 0.809030 -0.587767
-0.000001 0.809030 -0.587767
-0.000001 0.809030 -0.587767
-0.866026 0.293883 0.404513
-0.866026 0.293883 0.404513
-0.866026 0.293883 0.404513
0.258820 0.781463 -0.567740
0.258820 0.781463 -0.567740
0.258820 0.781463 -0.567740
-0.965926 0.209391 -0.152125
-0.965926 0.209391 -0.152125
-0.965926 0.209391 -0.152125
-0.866026 -0.293883 -0.404514
-0.866026 -0.293883 -0.404514
-0.866026 -0.293883 -0.404514
-0.866026 -0.293883 -0.404513
-0.866026 -0.293883 -0.404513
-0.866026 -0.293883 -0.404513
0.866026 0.404514 -0.293883
0.866026 0.404514 -0.293883
0.866026 0.404514 -0.293883
-0.866026 0.404514 -0.293883
-0.866026 0.404514 -0.293883
-0.866026 0.404514 -0.293883
0.258819 0.781464 -0.567739
0.258819 0.781464 -0.567739
0.258819 0.781464 -0.567739
-0.965926 0.209392 -0.152125
-0.965926 0.209392 -0.152125
-0.965926 0.209392 -0.152125
-0.258821 0.781463 -0.567739
-0.258821 0.781463 -0.567739
-0.258821 0.781463 -0.567739
0.965926 0.209393 -0.152125
0.965926 0.209393 -0.152125
0.965926 0.209393 -0.152125
-0.500000 0.509020 0.700642
-0.500000 0.509020 0.700642
-0.500000 0.509020 0.700642
0.500001 0.700642 -0.509019
0.500001 0.700642 -0.509019
0.500001 0.700642 -0.509019
-0.965926 0.209392 -0.152125
-0.965926 0.209392 -0.152125
-0.965926 0.209392 -0.152125
-0.500002 0.700641 -0.509020
-0.500002 0.700641 -0.509020
-0.500002 0.700641 -0.509020
-0.499999 0.700642 -0.509021
-0.499999 0.700642 -0.509021
-0.499999 0.700642 -0.509021
-0.258820 0.781463 -0.567739
-0.258820 0.781463 -0.567739
-0.258820 0.781463 -0.567739
-0.000000 0.809030 -0.587767
-0.000000 0.809030 -0.587767
-0.000000 0.809030 -0.587767
-0.000000 -0.587767 -0.809030
-0.000000 -0.587767 -0.809030
-0.000000 -0.587767 -0.809030
0.707105 0.572072 -0.415616
0.707105 0.572072 -0.415616
0.707105 0.572072 -0.415616
-0.965926 0.209392 -0.152126
-0.965926 0.209392 -0.152126
-0.965926 0.209392 -0.152126
-0.500000 -0.509020 -0.700642
-0.500000 -0.509020 -0.700642
-0.500000 -0.509020 -0.700642
0.965926 0.209392 -0.152124
0.965926 0.209392 -0.152124
0.965926 0.209392 -0.152124
1.000000 0.000000 0.000000
1.000000 0.000000 0.000000
1.000000 0.000000 0.000000
-0.500001 0.509022 0.700639
-0.500001 0.509022 0.700639
-0.500001 0.509022 0.700639
1.000000 0.000000 0.000000
1.000000 0.000000 0.000000
1.000000 0.000000 0.000000
-0.500001 -0.509022 -0.700639
-0.500001 -0.509022 -0.700639
-0.500001 -0.509022 -0.700639
1.000000 0.000000 0.000000
1.000000 0.000000 0.000000
1.000000 0.000000 0.000000
0.707108 0.572070 -0.415613
0.707108 0.572070 -0.415613
0.707108 0.572070 -0.415613
-0.707108 0.572069 -0.415614
-0.707108 0.572069 -0.415614
-0.707108 0.572069 -0.415614
1.000000 0.000000 0.000000
1.000000 0.000000 0.000000
1.000000 0.000000 0.000000
-0.866025 -0.293882 -0.404516
-0.866025 -0.293882 -0.404516
-0.866025 -0.293882 -0.404516
-0.000001 -0.587768 -0.809030
-0.000001 -0.587768 -0.809030
-0.000001 -0.587768 -0.809030
-0.499999 0.700641 -0.509022
-0.499999 0.700641 -0.509022
-0.499999 0.700641 -0.509022
0.500001 0.700641 -0.509020
0.500001 0.700641 -0.509020
0.500001 0.700641 -0.509020
-0.866026 0.293884 0.404514
-0.866026 0.293884 0.404514
-0.866026 0.293884 0.404514
-0.965926 0.209392 -0.152126
-0.965926 0.209392 -0.152126
-0.965926 0.209392 -0.152126
-0.000000 0.000000 1.000000
-0.000000 0.000000 1.000000
-0.000000 0.000000 1.000000
-0.532832 0.221491 0.816720
-0.532832 0.221491 0.816720
-0.532832 0.221491 0.816720
0.432354 0.784174 -0.445131
0.432354 0.784174 -0.445131
0.432354 0.784174 -0.445131
-0.090663 0.919315 0.382937
-0.090663 0.919315 0.382937
-0.090663 0.919315 0.382937
-0.709764 0.696451 -0.105785
-0.709764 0.696451 -0.105785
-0.709764 0.696451 -0.105785
0.555862 0.824940 0.102433
0.555862 0.824940 0.102433
0.555862 0.824939 0.102433
-0.707107 0.405852 0.579037
-0.707107 0.405852 0.579037
-0.707107 0.405852 0.579038
-0.308344 0.924269 -0.225057
-0.308344 0.924269 -0.225057
-0.308344 0.924269 -0.225057
-0.610720 0.673563 0.416335
-0.610719 0.673563 0.416336
-0.610721 0.673562 0.416335
-0.008798 0.323448 -0.946205
0.084369 0.991876 0.095207
0.945096 -0.237621 -0.224344
-0.143169 -0.965482 -0.217593
-0.008798 0.323448 -0.946205
0.945096 -0.237621 -0.224344
0.700538 0.587233 -0.405467
0.700538 0.587233 -0.405467
0.700538 0.587233 -0.405467
-0.258821 0.781464 -0.567738
-0.258821 0.781463 -0.567738
-0.258821 0.781464 -0.567738
0.162333 -0.542584 0.824166
0.356299 -0.118465 -0.926832
0.803064 0.468392 -0.368371
-0.016120 -0.998538 -0.051602
-0.908680 -0.010925 -0.417350
0.356299 -0.118465 -0.926832
-0.066459 -0.976410 -0.205441
0.259996 0.512636 -0.818295
0.621404 -0.668560 0.408514
-0.930836 -0.329222 -0.158613
-0.066459 -0.976410 -0.205441
0.621404 -0.668560 0.408514
-0.471893 0.542898 -0.694679
-0.471893 0.542898 -0.694679
-0.471893 0.542898 -0.694679
0.063437 0.997767 -0.020887
0.063437 0.997767 -0.020887
0.063437 0.997767 -0.020887
0.801014 0.596499 -0.050650
0.801014 0.596499 -0.050650
0.801014 0.596499 -0.050650
-0.781207 0.476279 0.403576
-0.781207 0.476279 0.403576
-0.781207 0.476279 0.403576
-0.723308 0.263579 -0.638241
-0.723308 0.263579 -0.638241
-0.723308 0.263579 -0.638241
-0.898456 0.246540 0.363310
-0.898456 0.246540 0.363310
-0.898456 0.246540 0.363310
-0.231166 -0.263577 0.936531
-0.231166 -0.263577 0.936531
-0.231166 -0.263577 0.936531
0.090787 0.952559 0.290499
0.090787 0.952559 0.290499
0.090787 0.952559 0.290499
-0.284139 0.304353 -0.909194
-0.284139 0.304352 -0.909194
-0.284139 0.304352 -0.909194
0.555860 0.824941 0.102433
0.555860 0.824941 0.102433
0.555860 0.824941 0.102433
-0.610720 0.673562 0.416335
-0.610720 0.673562 0.416335
-0.610720 0.673562 0.416335
0.945449 0.246539 -0.212940
0.945449 0.246539 -0.212940
0.945449 0.246539 -0.212940
0.555861 0.824940 0.102434
0.555861 0.824940 0.102434
0.555861 0.824940 0.102434
-0.898455 0.246541 0.363313
-0.898455 0.246541 0.363313
-0.898455 0.246541 0.363313
-0.723308 0.263577 -0.638241
-0.723308 0.263577 -0.638241
-0.723308 0.263577 -0.638241
-0.159345 0.920101 0.357802
-0.159345 0.920101 0.357802
-0.159345 0.920101 0.357802
-0.781206 0.476281 0.403576
-0.781206 0.476281 0.403576
-0.781206 0.476281 0.403576
0.954476 -0.000002 -0.298288
0.954476 -0.000002 -0.298288
0.954476 -0.000002 -0.298288
-0.723308 0.263579 -0.638241
-0.723308 0.263579 -0.638241
-0.723308 0.263579 -0.638241
0.334729 0.920102 0.203395
0.334729 0.920102 0.203395
0.334729 0.920102 0.203395
0.871992 0.476280 -0.113078
0.871992 0.476280 -0.113078
0.871992 0.476280 -0.113078
-0.898457 0.246539 0.363310
-0.898457 0.246539 0.363310
-0.898457 0.246539 0.363310
-0.398615 0.824940 0.400724
-0.398615 0.824940 0.400724
-0.398615 0.824940 0.400724
-0.231166 -0.263578 0.936530
-0.231166 -0.263578 0.936530
-0.231166 -0.263578 0.936530
-0.898455 0.246539 0.363314
-0.898455 0.246539 0.363314
-0.898455 0.246539 0.363314
-0.898456 0.246539 0.363312
-0.898456 0.246539 0.363312
-0.898456 0.246539 0.363312
-0.723308 0.263578 -0.638242
-0.723308 0.263578 -0.638242
-0.723308 0.263578 -0.638242
0.090788 0.952559 0.290499
0.090788 0.952559 0.290499
0.090788 0.952559 0.290499
-0.231166 -0.263577 0.936530
-0.231166 -0.263577 0.936530
-0.231166 -0.263577 0.936530
-0.968670 0.152176 -0.196269
-0.968670 0.152176 -0.196269
-0.968670 0.152176 -0.196269
-0.898456 0.246542 0.363310
-0.898456 0.246542 0.363310
-0.898456 0.246542 0.363310
-0.159345 0.920101 0.357802
-0.159345 0.920101 0.357802
-0.159345 0.920101 0.357802
-0.723308 0.263577 -0.638241
-0.723308 0.263577 -0.638241
-0.723308 0.263577 -0.638241
0.334726 0.920102 0.203397
0.334726 0.920102 0.203397
0.334726 0.920102 0.203397
0.739111 0.673561 -0.005509
0.739111 0.673561 -0.005509
0.739111 0.673561 -0.005509
-0.231167 -0.263577 0.936530
-0.231167 -0.263577 0.936530
-0.231167 -0.263577 0.936530
-0.684530 -0.152177 0.712924
-0.684530 -0.152177 0.712924
-0.684530 -0.152177 0.712924
-0.684530 -0.152177 0.712924
-0.684530 -0.152177 0.712924
-0.684530 -0.152177 0.712925
-0.284140 0.304354 -0.909194
-0.284140 0.304354 -0.909194
-0.284140 0.304354 -0.909194
0.945450 0.246541 -0.212938
0.945449 0.246541 -0.212938
0.945450 0.246541 -0.212938
0.739110 0.673562 -0.005510
0.739110 0.673562 -0.005510
0.739110 0.673562 -0.005510
0.871992 0.476280 -0.113078
0.871992 0.476280 -0.113078
0.871992 0.476280 -0.113078
-0.781208 0.476279 0.403574
-0.781208 0.476279 0.403574
-0.781208 0.476279 0.403574
-0.159343 0.920101 0.357804
-0.159343 0.920101 0.357804
-0.159343 0.920101 0.357804
0.954475 -0.000002 -0.298291
0.954475 -0.000002 -0.298291
0.954475 -0.000002 -0.298291
-0.398617 0.824940 0.400722
-0.398617 0.824941 0.400722
-0.398617 0.824940 0.400722
0.871993 0.476279 -0.113077
0.871993 0.476279 -0.113077
0.871993 0.476279 -0.113077
-0.684531 -0.152178 0.712923
-0.684531 -0.152178 0.712923
-0.684531 -0.152178 0.712923
0.739111 0.673561 -0.005508
0.739111 0.673561 -0.005508
0.739111 0.673561 -0.005508
-0.398615 0.824940 0.400724
-0.398615 0.824940 0.400724
-0.398615 0.824940 0.400724
-0.968670 0.152177 -0.196269
-0.968669 0.152177 -0.196269
-0.968670 0.152177 -0.196269
0.090784 0.952560 0.290497
0.090784 0.952560 0.290497
0.090784 0.952560 0.290497
0.945449 0.246541 -0.212939
0.945449 0.246541 -0.212939
0.945449 0.246541 -0.212939
-0.159345 0.920102 0.357801
-0.159345 0.920102 0.357801
-0.159345 0.920102 0.357801
-0.284138 0.304353 -0.909195
-0.284138 0.304353 -0.909195
-0.284138 0.304353 -0.909195
0.334730 0.920100 0.203399
0.334730 0.920100 0.203399
0.334730 0.920100 0.203399
-0.684530 -0.152176 0.712924
-0.684530 -0.152176 0.712924
-0.684530 -0.152176 0.712924
0.871992 0.476280 -0.113077
0.871992 0.476280 -0.113077
0.871992 0.476280 -0.113077
0.945450 0.246539 -0.212940
0.945449 0.246539 -0.212940
0.945449 0.246539 -0.212940
-0.284138 0.304352 -0.909195
-0.284138 0.304352 -0.909195
-0.284138 0.304352 -0.909195
0.334728 0.920102 0.203397
0.334728 0.920102 0.203397
0.334728 0.920102 0.203397
0.945449 0.246541 -0.212941
0.945449 0.246541 -0.212941
0.945449 0.246541 -0.212941
-0.398614 0.824940 0.400725
-0.398614 0.824940 0.400725
-0.398614 0.824940 0.400725
0.945449 0.246542 -0.212939
0.945449 0.246542 -0.212939
0.945449 0.246542 -0.212939
0.954475 -0.000002 -0.298291
0.954475 -0.000002 -0.298291
0.954475 -0.000002 -0.298291
-0.968669 0.152177 -0.196273
-0.968669 0.152177 -0.196273
-0.968669 0.152177 -0.196273
0.334729 0.920102 0.203395
0.334729 0.920102 0.203395
0.334729 0.920102 0.203395
-0.398616 0.824941 0.400722
-0.398616 0.824941 0.400722
-0.398616 0.824941 0.400722
-0.968670 0.152177 -0.196269
-0.968670 0.152177 -0.196269
-0.968670 0.152177 -0.196269
-0.968669 0.152177 -0.196271
-0.968669 0.152177 -0.196271
-0.968669 0.152177 -0.196271
-0.781208 0.476278 0.403574
-0.781208 0.476278 0.403574
-0.781208 0.476278 0.403574
0.954476 0.000001 -0.298288
0.954476 0.000001 -0.298288
0.954476 0.000001 -0.298288
-0.284139 0.304353 -0.909194
-0.284139 0.304353 -0.909194
-0.284139 0.304353 -0.909194
0.555860 0.824941 0.102435
0.555860 0.824941 0.102435
0.555860 0.824941 0.102435
0.739110 0.673562 -0.005509
0.739110 0.673562 -0.005509
0.739110 0.673562 -0.005509
0.739111 0.673561 -0.005511
0.739111 0.673561 -0.005511
0.739111 0.673561 -0.005511
0.090786 0.952560 0.290496
0.090786 0.952560 0.290496
0.090786 0.952560 0.290496
-0.684532 -0.152176 0.712922
-0.684532 -0.152176 0.712922
-0.684532 -0.152176 0.712922
-0.231166 -0.263577 0.936530
-0.231166 -0.263577 0.936530
-0.231166 -0.263577 0.936530
-0.610721 0.673562 0.416335
-0.610721 0.673562 0.416335
-0.610721 0.673562 0.416335
0.954475 0.000002 -0.298291
0.954475 0.000002 -0.298291
0.954475 0.000002 -0.298291
-0.781207 0.476279 0.403577
-0.781207 0.476279 0.403577
-0.781207 0.476279 0.403577
0.954475 0.000001 -0.298290
0.954475 0.000001 -0.298290
0.954475 0.000001 -0.298290
-0.817641 0.305329 0.488096
-0.817641 0.305329 0.488096
-0.817641 0.305329 0.488096
0.522658 0.822870 0.222968
0.522658 0.822870 0.222968
0.522658 0.822870 0.222968
-0.866025 0.409442 -0.286980
-0.866025 0.409441 -0.286981
-0.866025 0.409441 -0.286982
-0.866026 -0.409440 0.286979
-0.866026 -0.409440 0.286980
-0.866026 -0.409440 0.286980
-0.499999 0.497065 0.709173
-0.499999 0.497065 0.709173
-0.500000 0.497065 0.709174
-0.500000 -0.709172 0.497066
-0.500000 -0.709172 0.497066
-0.500000 -0.709172 0.497066
-0.500000 0.709172 -0.497066
-0.500000 0.709172 -0.497066
-0.500000 0.709172 -0.497066
0.000000 0.818882 -0.573961
-0.000000 0.818883 -0.573961
-0.000001 0.818883 -0.573960
-0.528659 0.497408 0.687826
-0.528659 0.497408 0.687826
-0.528659 0.497408 0.687826
-0.369765 -0.038869 0.928312
-0.369765 -0.038869 0.928312
-0.369765 -0.038869 0.928312
0.252403 0.625757 -0.738053
0.252403 0.625757 -0.738052
0.252403 0.625757 -0.738053
0.162333 -0.542584 0.824166
0.803064 0.468392 -0.368371
0.024492 0.848127 0.529226
-0.885197 0.214404 0.412864
0.024492 0.848127 0.529226
0.803064 0.468392 -0.368371
0.955224 -0.076077 0.285937
-0.326176 0.919197 -0.220651
0.188091 0.673671 0.714695
-0.741616 -0.192349 0.642657
0.188091 0.673671 0.714695
-0.326176 0.919197 -0.220651
-0.723309 0.263577 -0.638241
-0.723309 0.263577 -0.638241
-0.723309 0.263578 -0.638241
-0.284138 0.304353 -0.909195
-0.284138 0.304353 -0.909195
-0.284139 0.304353 -0.909194
-0.968669 0.152176 -0.196272
-0.968669 0.152177 -0.196271
-0.968669 0.152177 -0.196271
-0.684531 -0.152177 0.712924
-0.684530 -0.152176 0.712924
-0.684530 -0.152176 0.712924
-0.398614 0.824941 0.400723
-0.398614 0.824941 0.400724
-0.398614 0.824940 0.400725
-0.231166 -0.263577 0.936531
-0.231166 -0.263577 0.936530
-0.231166 -0.263577 0.936531
-0.200760 0.978714 0.042607
-0.200760 0.978714 0.042607
-0.200760 0.978714 0.042607
0.258820 0.781464 -0.567738
0.258820 0.781464 -0.567738
0.258820 0.781464 -0.567738
-0.111789 0.728368 0.676005
-0.111789 0.728368 0.676005
-0.111789 0.728368 0.676005
-0.752193 0.631345 0.188702
-0.752193 0.631345 0.188702
-0.752193 0.631345 0.188702
0.499997 0.866027 -0.000003
0.499997 0.866027 -0.000003
0.499997 0.866027 -0.000003
-0.885197 0.214404 0.412864
0.356299 -0.118465 -0.926832
-0.908680 -0.010925 -0.417350
-0.885197 0.214404 0.412864
-0.908680 -0.010925 -0.417350
0.024492 0.848127 0.529226
0.296074 -0.905043 -0.305349
-0.364964 -0.512301 0.777399
-0.656833 -0.582078 -0.479329
-0.656833 -0.582078 -0.479329
-0.364964 -0.512301 0.777399
-0.563468 0.317575 0.762660
-0.159343 0.920102 0.357802
-0.159343 0.920102 0.357802
-0.159343 0.920102 0.357802
-0.442490 0.881256 0.166102
-0.442490 0.881256 0.166102
-0.442490 0.881257 0.166102
0.789591 0.505187 -0.348328
0.789591 0.505187 -0.348328
0.789591 0.505187 -0.348328
-0.707106 0.572070 -0.415617
-0.707106 0.572070 -0.415617
-0.707106 0.572070 -0.415617
0.066778 0.950124 -0.304638
0.066778 0.950124 -0.304638
0.066778 0.950124 -0.304638
0.111355 0.945823 0.304992
-0.733257 0.191012 0.652570
0.737534 0.060605 0.672585
0.111355 0.945823 0.304992
0.737534 0.060605 0.672585
0.259996 0.512636 -0.818295
0.261102 0.965252 -0.010690
0.261102 0.965252 -0.010690
0.261102 0.965252 -0.010690
0.779657 0.626207 0.000000
0.779657 0.626207 0.000000
0.779657 0.626207 0.000000
-0.866026 0.500000 0.000000
-0.866026 0.500000 0.000000
-0.866026 0.500000 0.000000
0.965925 0.258821 -0.000001
0.965925 0.258821 -0.000001
0.965925 0.258821 -0.000001
-0.866025 0.500001 -0.000003
-0.866025 0.500001 -0.000003
-0.866025 0.500001 -0.000003
0.707107 0.707107 0.000000
0.707107 0.707107 0.000000
0.707107 0.707107 0.000000
0.258821 0.965925 0.000000
0.258821 0.965925 0.000000
0.258821 0.965925 0.000000
-0.258818 0.965926 0.000001
-0.258818 0.965926 0.000001
-0.258818 0.965926 0.000001
-0.258817 0.965926 0.000001
-0.258817 0.965926 0.000001
-0.258817 0.965926 0.000001
0.258822 0.965925 -0.000000
0.258822 0.965925 -0.000000
0.258822 0.965925 -0.000000
-0.866025 0.000001 -0.500000
-0.866025 0.000001 -0.500000
-0.866025 0.000001 -0.500000
-0.000000 -0.000000 -1.000000
-0.000000 -0.000000 -1.000000
-0.000000 -0.000000 -1.000000
-0.500000 0.000000 0.866026
-0.500000 0.000000 0.866026
-0.500000 0.000000 0.866026
-0.866025 -0.000001 0.500000
-0.866025 -0.000001 0.500000
-0.866025 -0.000001 0.500000
-0.866026 0.499999 0.000001
-0.866026 0.499999 0.000001
-0.866026 0.499999 0.000001
0.866025 0.500000 0.000001
0.866025 0.500000 0.000001
0.866025 0.500000 0.000001
0.000000 1.000000 0.000000
0.000000 1.000000 0.000000
0.000000 1.000000 0.000000
-0.499999 -0.000001 0.866026
-0.499999 -0.000001 0.866026
-0.499999 -0.000001 0.866026
-0.866025 -0.000001 0.500000
-0.866025 -0.000001 0.500000
-0.866025 -0.000001 0.500000
-0.000000 -0.000000 -1.000000
-0.000000 -0.000000 -1.000000
-0.000000 -0.000000 -1.000000
0.965925 0.258821 -0.000000
0.965925 0.258821 -0.000000
0.965925 0.258821 -0.000000
-0.499999 0.866026 -0.000001
-0.499999 0.866026 -0.000001
-0.499999 0.866026 -0.000001
-0.500001 0.866025 -0.000000
-0.500001 0.866025 -0.000000
-0.500001 0.866025 -0.000000
1.000000 0.000000 0.000000
1.000000 0.000000 0.000000
1.000000 0.000000 0.000000
0.707108 0.707106 -0.000002
0.707108 0.707106 -0.000002
0.707108 0.707106 -0.000002
-0.707108 0.707106 -0.000003
-0.707108 0.707106 -0.000003
-0.707108 0.707106 -0.000003
0.258818 0.965926 0.000000
0.258818 0.965926 0.000000
0.258818 0.965926 0.000000
0.258819 0.965926 -0.000005
0.258819 0.965926 -0.000005
0.258819 0.965926 -0.000005
-0.707105 0.707109 0.000001
-0.707105 0.707109 0.000001
-0.707105 0.707109 0.000001
-0.500001 0.000001 -0.866025
-0.500001 0.000001 -0.866025
-0.500001 0.000001 -0.866025
-0.866025 0.000000 0.500000
-0.866026 0.000000 0.500000
-0.866025 0.000000 0.500000
0.500000 0.866026 -0.000000
0.500000 0.866026 -0.000000
0.500000 0.866026 -0.000000
0.707107 0.707107 0.000000
0.707107 0.707107 0.000000
0.707107 0.707107 0.000000
0.965925 0.258822 0.000000
0.965925 0.258822 0.000000
0.965925 0.258822 0.000000
-0.965925 0.258821 0.000000
-0.965925 0.258821 0.000000
-0.965925 0.258821 0.000000
-0.258818 0.965926 0.000001
-0.258818 0.965926 0.000001
-0.258818 0.965926 0.000001
0.000000 1.000000 0.000000
0.000000 1.000000 0.000000
0.000000 1.000000 0.000000
1.000000 0.000000 0.000000
1.000000 0.000000 0.000000
1.000000 0.000000 0.000000
0.707107 0.707107 0.000000
0.707107 0.707107 0.000000
0.707107 0.707107 0.000000
0.866025 0.500000 -0.000002
0.866025 0.500000 -0.000002
0.866025 0.500000 -0.000002
-0.866026 0.500000 0.000000
-0.866026 0.500000 0.000000
-0.866026 0.500000 0.000000
0.000000 1.000000 0.000000
0.000000 1.000000 0.000000
0.000000 1.000000 0.000000
0.000000 1.000000 0.000000
0.000000 1.000000 0.000000
0.000000 1.000000 0.000000
0.965926 0.258818 0.000000
0.965926 0.258818 0.000000
0.965926 0.258818 0.000000
-0.965925 0.258821 0.000000
-0.965925 0.258821 0.000000
-0.965925 0.258821 0.000000
-0.500000 0.866026 0.000000
-0.500000 0.866026 0.000000
-0.500000 0.866026 0.000000
-0.258818 0.965926 0.000002
-0.258818 0.965926 0.000002
-0.258818 0.965926 0.000002
1.000000 0.000000 0.000000
1.000000 0.000000 0.000000
1.000000 0.000000 0.000000
0.500000 0.866026 0.000000
0.500000 0.866026 0.000000
0.500000 0.866026 0.000000
-0.500000 -0.000001 0.866025
-0.500000 -0.000001 0.866025
-0.500000 -0.000001 0.866025
-0.866025 -0.000000 -0.500000
-0.866026 -0.000000 -0.500000
-0.866025 -0.000000 -0.500000
0.258821 0.965925 0.000000
0.258821 0.965925 0.000000
0.258821 0.965925 0.000000
0.965926 0.258818 -0.000000
0.965926 0.258818 -0.000000
0.965926 0.258818 -0.000000
-0.866025 0.000002 0.500001
-0.866025 0.000002 0.500001
-0.866025 0.000002 0.500001
-0.965927 0.258816 -0.000001
-0.965927 0.258816 -0.000001
-0.965927 0.258816 -0.000001
-0.965926 0.258818 -0.000001
-0.965926 0.258818 -0.000001
-0.965926 0.258818 -0.000001
1.000000 0.000000 0.000000
1.000000 0.000000 0.000000
1.000000 0.000000 0.000000
0.000000 0.000000 -1.000000
0.000000 0.000000 -1.000000
0.000000 0.000000 -1.000000
-0.000000 -0.000000 -1.000000
-0.000000 -0.000000 -1.000000
-0.000000 -0.000000 -1.000000
-0.500000 -0.000001 0.866026
-0.500000 -0.000001 0.866026
-0.500000 -0.000001 0.866026
-0.500000 -0.000000 -0.866026
-0.500000 -0.000000 -0.866026
-0.500000 -0.000000 -0.866026
0.866026 0.499999 0.000000
0.866026 0.499999 0.000000
0.866026 0.499999 0.000000
-0.499996 0.866027 -0.000001
-0.499996 0.866027 -0.000001
-0.499996 0.866027 -0.000001
-0.499999 -0.000001 -0.866026
-0.499999 -0.000001 -0.866026
-0.499999 -0.000001 -0.866026
-0.866025 0.000001 -0.500000
-0.866025 0.000001 -0.500000
-0.866025 0.000001 -0.500000
-0.500000 0.866025 -0.000002
-0.500000 0.866025 -0.000002
-0.500000 0.866025 -0.000002
0.500000 0.866025 0.000001
0.500000 0.866025 0.000001
0.500000 0.866025 0.000001
-0.866026 0.000001 -0.499999
-0.866026 0.000001 -0.500000
-0.866026 0.000001 -0.500000
-0.500001 -0.000001 -0.866025
-0.500001 -0.000001 -0.866025
-0.500001 -0.000001 -0.866025
0.866023 0.500004 0.000002
0.866023 0.500004 0.000002
0.866023 0.500004 0.000002
-0.965925 0.258822 0.000001
-0.965925 0.258822 0.000001
-0.965925 0.258822 0.000001
1.000000 0.000000 0.000000
1.000000 0.000000 0.000000
1.000000 0.000000 0.000000
0.707107 0.707107 0.000000
0.707107 0.707107 0.000000
0.707107 0.707107 0.000000
-0.965926 0.258818 0.000000
-0.965926 0.258818 0.000000
-0.965926 0.258818 0.000000
0.965926 0.258817 0.000000
0.965926 0.258817 0.000000
0.965926 0.258817 0.000000
-0.866026 -0.000001 0.499999
-0.866026 -0.000001 0.499999
-0.866026 -0.000001 0.499999
-0.866025 -0.000002 -0.500001
-0.866025 -0.000002 -0.500001
-0.866025 -0.000002 -0.500001
-0.500000 -0.000001 -0.866025
-0.500000 -0.000001 -0.866025
-0.500000 -0.000001 -0.866025
1.000000 0.000000 0.000000
1.000000 0.000000 0.000000
1.000000 0.000000 0.000000
-0.866026 0.499999 -0.000000
-0.866026 0.499999 -0.000000
-0.866026 0.499999 -0.000000
-0.499999 -0.000001 0.866026
-0.499999 -0.000001 0.866026
-0.499999 -0.000001 0.866026
-0.000000 -0.000000 -1.000000
-0.000000 -0.000000 -1.000000
-0.000000 -0.000000 -1.000000
0.432355 0.896053 0.100786
0.432355 0.896053 0.100786
0.432355 0.896053 0.100786
0.334726 0.920102 0.203396
0.334726 0.920102 0.203396
0.334726 0.920102 0.203396
-0.709765 0.625628 0.323764
-0.709765 0.625628 0.323764
-0.709765 0.625628 0.323764
-0.532832 0.221491 0.816720
-0.532832 0.221491 0.816720
-0.532832 0.221492 0.816720
0.234662 0.672505 0.701905
0.234662 0.672505 0.701905
0.234662 0.672505 0.701905
-0.234662 -0.672506 0.701904
-0.234662 -0.672506 0.701904
-0.234662 -0.672506 0.701904
-0.717070 0.386926 0.579740
-0.724497 0.372276 0.580099
-0.730289 0.360502 0.580273
-0.308346 0.880043 0.361175
-0.308346 0.880043 0.361175
-0.308346 0.880043 0.361175
0.000001 -0.587767 -0.809030
0.000001 -0.587767 -0.809030
0.000001 -0.587767 -0.809030
-0.500001 -0.509021 -0.700641
-0.500001 -0.509021 -0.700641
-0.500001 -0.509021 -0.700641
-0.866025 -0.293884 -0.404516
-0.866025 -0.293884 -0.404516
-0.866025 -0.293884 -0.404516
-0.500001 0.509021 0.700641
-0.500001 0.509021 0.700641
-0.500001 0.509021 0.700641
-0.866025 0.293884 0.404516
-0.866025 0.293884 0.404516
-0.866025 0.293884 0.404516
-0.500002 0.700640 -0.509021
-0.500002 0.700640 -0.509021
-0.500002 0.700640 -0.509021
-0.741616 -0.192349 0.642657
-0.834132 -0.543885 -0.091716
0.955224 -0.076077 0.285937
-0.834132 -0.543885 -0.091716
-0.741616 -0.192349 0.642657
-0.326176 0.919197 -0.220651
-0.616648 0.658923 0.430774
-0.621006 0.647479 0.441727
-0.624367 0.638212 0.450390
-0.258818 0.965926 0.000000
-0.258818 0.965926 0.000000
-0.258818 0.965926 0.000000
-0.610722 0.673559 0.416337
-0.610722 0.673559 0.416337
-0.610722 0.673559 0.416337
0.000003 -0.904386 0.426716
0.763585 -0.293341 0.575230
-0.119077 0.784327 0.608812
0.000003 -0.904386 0.426716
0.517979 -0.234097 -0.822737
0.763585 -0.293341 0.575230
-0.223298 0.855189 -0.467750
0.858580 0.511286 -0.037790
0.517979 -0.234097 -0.822737
-0.119077 0.784327 0.608812
0.858580 0.511286 -0.037790
-0.223298 0.855189 -0.467750
-0.471890 0.847531 -0.242922
-0.471890 0.847531 -0.242922
-0.471890 0.847531 -0.242922
-0.563468 0.317575 0.762660
-0.029981 0.948277 -0.316027
-0.836432 0.291863 -0.463894
-0.836432 0.291863 -0.463894
-0.656833 -0.582078 -0.479329
-0.563468 0.317575 0.762660
0.789593 0.575194 0.213763
0.789593 0.575194 0.213763
0.789593 0.575194 0.213763
0.252405 0.940058 -0.229310
0.252405 0.940058 -0.229310
0.252405 0.940058 -0.229310
0.700538 0.587234 -0.405467
0.700538 0.587234 -0.405467
0.700537 0.587234 -0.405467
0.258817 0.965926 -0.000001
0.258817 0.965926 -0.000001
0.258817 0.965926 -0.000001
-0.398614 0.824942 0.400722
-0.398614 0.824942 0.400722
-0.398614 0.824942 0.400722
-0.284138 0.304353 -0.909195
-0.284138 0.304353 -0.909195
-0.284138 0.304353 -0.909195
-0.231166 -0.263579 0.936530
-0.231166 -0.263579 0.936530
-0.231166 -0.263579 0.936530
-0.684531 -0.152174 0.712924
-0.684531 -0.152174 0.712924
-0.684531 -0.152174 0.712924
-0.723308 0.263578 -0.638241
-0.723308 0.263578 -0.638241
-0.723308 0.263578 -0.638241
-0.968669 0.152176 -0.196271
-0.968669 0.152176 -0.196271
-0.968669 0.152176 -0.196271
-0.752193 0.399867 0.523748
-0.752193 0.399867 0.523748
-0.752193 0.399867 0.523748
0.162333 -0.542584 0.824166
-0.016120 -0.998538 -0.051602
0.356299 -0.118465 -0.926832
0.162333 -0.542584 0.824166
-0.908680 -0.010925 -0.417350
-0.016120 -0.998538 -0.051602
-0.500000 0.709172 -0.497066
-0.500000 0.709172 -0.497066
-0.500000 0.709172 -0.497066
-0.499999 0.497065 0.709173
-0.499999 0.497066 0.709173
-0.499999 0.497065 0.709173
-0.500000 -0.709172 0.497066
-0.500000 -0.709172 0.497066
-0.500000 -0.709172 0.497066
0.000000 0.818882 -0.573961
0.000001 0.818882 -0.573962
-0.000000 0.818883 -0.573961
-0.866025 0.409442 -0.286980
-0.866026 0.409442 -0.286979
-0.866025 0.409441 -0.286981
-0.866026 -0.409440 0.286979
-0.866027 -0.409440 0.286978
-0.866026 -0.409440 0.286980
0.779657 0.359418 0.512790
0.779657 0.359417 0.512791
0.779657 0.359417 0.512790
0.491874 0.662226 0.565258
0.623570 0.448703 0.640177
0.535432 0.602251 0.592119
0.000001 0.573961 0.818882
0.000001 0.573962 0.818882
0.000001 0.573962 0.818882
-0.866025 -0.409442 0.286982
-0.866026 -0.409440 0.286980
-0.866025 -0.409441 0.286981
-0.500000 -0.709173 0.497066
-0.500002 -0.709172 0.497065
-0.500001 -0.709172 0.497065
-0.500000 0.709173 -0.497065
-0.500001 0.709173 -0.497064
-0.500000 0.709173 -0.497065
-0.500000 0.709173 -0.497065
-0.500000 0.709173 -0.497065
-0.500000 0.709173 -0.497065
-0.866025 0.286981 0.409442
-0.866025 0.286979 0.409442
-0.866025 0.286980 0.409442
-0.866026 -0.409440 0.286980
-0.866026 -0.409440 0.286980
-0.866026 -0.409440 0.286980
0.707107 0.405852 0.579038
0.707106 0.405853 0.579038
0.707107 0.405852 0.579038
-0.000000 0.573960 0.818883
0.000001 0.573960 0.818883
0.000000 0.573960 0.818883
-0.866025 -0.409442 0.286980
-0.866025 -0.409442 0.286979
-0.866025 -0.409442 0.286980
0.707106 0.405851 0.579038
0.707107 0.405853 0.579036
0.707107 0.405852 0.579038
-0.866026 0.286980 0.409440
-0.866026 0.286980 0.409440
-0.866026 0.286980 0.409440
-0.866025 0.409442 -0.286981
-0.866025 0.409442 -0.286979
-0.866025 0.409442 -0.286981
-0.499999 0.709174 -0.497065
-0.499999 0.709173 -0.497066
-0.499999 0.709173 -0.497065
0.707108 0.405851 0.579036
0.707109 0.405853 0.579033
0.707109 0.405852 0.579035
-0.866025 -0.409442 0.286981
-0.866025 -0.409443 0.286980
-0.866025 -0.409442 0.286980
-0.500000 0.497065 0.709173
-0.500001 0.497064 0.709174
-0.500000 0.497065 0.709173
-0.258819 0.554404 0.790980
-0.258819 0.554403 0.790980
-0.258819 0.554403 0.790980
1.000000 0.000000 0.000000
1.000000 0.000000 0.000000
1.000000 0.000000 0.000000
0.258818 0.554403 0.790981
0.258819 0.554402 0.790981
0.258818 0.554403 0.790981
-0.707107 0.405851 0.579038
-0.707109 0.405850 0.579037
-0.707108 0.405850 0.579037
-0.499999 0.497065 0.709173
-0.499999 0.497066 0.709173
-0.499999 0.497066 0.709173
0.707107 0.405852 0.579037
0.707107 0.405852 0.579037
0.707107 0.405852 0.579037
-0.866026 0.286980 0.409441
-0.866026 0.286980 0.409441
-0.866026 0.286980 0.409441
-0.500000 0.497064 0.709174
-0.500002 0.497063 0.709173
-0.500001 0.497064 0.709174
1.000000 0.000000 0.000000
1.000000 0.000000 0.000000
1.000000 0.000000 0.000000
-0.500000 -0.709173 0.497065
-0.499999 -0.709172 0.497066
-0.500000 -0.709173 0.497065
0.499998 0.497064 0.709175
0.499998 0.497064 0.709175
0.499998 0.497064 0.709175
0.866025 0.286982 0.409441
0.866024 0.286983 0.409443
0.866025 0.286982 0.409442
-0.866025 0.409442 -0.286980
-0.866025 0.409442 -0.286979
-0.866025 0.409442 -0.286980
-0.866026 0.409440 -0.286980
-0.866026 0.409441 -0.286979
-0.866026 0.409441 -0.286979
-0.965926 0.148551 0.211942
-0.965925 0.148554 0.211945
-0.965926 0.148552 0.211943
-0.965926 0.148552 0.211943
-0.965926 0.148554 0.211942
-0.965926 0.148553 0.211943
-0.717070 0.386926 0.579740
-0.707106 0.405851 0.579039
-0.724497 0.372276 0.580099
-0.000000 0.573960 0.818883
0.000001 0.573960 0.818883
0.000000 0.573960 0.818883
-0.866026 0.409440 -0.286980
-0.866026 0.409440 -0.286980
-0.866026 0.409440 -0.286980
1.000000 0.000000 0.000000
1.000000 0.000000 0.000000
1.000000 0.000000 0.000000
0.499999 0.497065 0.709174
0.499999 0.497065 0.709174
0.499999 0.497065 0.709174
0.866025 0.286980 0.409442
0.866026 0.286982 0.409440
0.866025 0.286981 0.409441
1.000000 0.000000 0.000000
1.000000 0.000000 0.000000
1.000000 0.000000 0.000000
-0.965926 0.148551 0.211941
-0.965927 0.148550 0.211941
-0.965926 0.148551 0.211941
-0.866025 0.409442 -0.286982
-0.866026 0.409440 -0.286980
-0.866025 0.409441 -0.286981
-0.707107 0.405852 0.579037
-0.707107 0.405852 0.579037
-0.707107 0.405852 0.579037
0.258820 0.554404 0.790979
0.258819 0.554404 0.790979
0.258820 0.554404 0.790979
-0.500000 -0.709173 0.497066
-0.500000 -0.709172 0.497066
-0.500000 -0.709173 0.497066
0.000001 0.573960 0.818883
0.000002 0.573961 0.818883
0.000002 0.573961 0.818883
0.965925 0.148554 0.211944
0.965925 0.148554 0.211944
0.965925 0.148554 0.211944
-0.965926 0.148552 0.211943
-0.965927 0.148550 0.211940
-0.965926 0.148551 0.211942
-0.193589 0.546889 0.814516
-0.188322 0.542329 0.818788
-0.210236 0.561132 0.800582
-0.866026 -0.409440 0.286981
-0.866026 -0.409440 0.286980
-0.866026 -0.409440 0.286980
-0.000000 0.818883 -0.573960
-0.000002 0.818883 -0.573960
-0.000001 0.818883 -0.573960
1.000000 0.000000 0.000000
1.000000 0.000000 0.000000
1.000000 0.000000 0.000000
1.000000 0.000000 0.000000
1.000000 0.000000 0.000000
1.000000 0.000000 0.000000
0.866025 0.286981 0.409442
0.866025 0.286981 0.409441
0.866025 0.286981 0.409442
-0.500000 0.709173 -0.497065
-0.499999 0.709174 -0.497065
-0.499999 0.709173 -0.497065
-0.707107 0.405852 0.579038
-0.707108 0.405851 0.579036
-0.707107 0.405851 0.579037
-0.000000 0.818883 -0.573960
-0.000002 0.818883 -0.573960
-0.000001 0.818883 -0.573960
0.000000 0.818883 -0.573960
-0.000001 0.818882 -0.573963
-0.000000 0.818883 -0.573961
0.866025 0.286981 0.409442
0.866026 0.286980 0.409440
0.866025 0.286981 0.409441
0.965926 0.148551 0.211944
0.965926 0.148551 0.211945
0.965926 0.148551 0.211944
-0.500000 -0.709173 0.497065
-0.499999 -0.709174 0.497065
-0.499999 -0.709173 0.497065
-0.000001 0.818883 -0.573960
-0.000002 0.818884 -0.573959
-0.000001 0.818884 -0.573960
-0.258819 0.554404 0.790980
-0.258819 0.554404 0.790980
-0.258819 0.554404 0.790980
0.965926 0.148552 0.211943
0.965926 0.148552 0.211943
0.965926 0.148552 0.211943
-0.866025 0.286981 0.409442
-0.866026 0.286980 0.409441
-0.866025 0.286981 0.409442
-0.500000 0.709173 -0.497066
-0.500000 0.709172 -0.497066
-0.500000 0.709173 -0.497066
-0.866025 0.286981 0.409442
-0.866025 0.286981 0.409441
-0.866025 0.286981 0.409442
0.258820 0.554404 0.790980
0.258820 0.554404 0.790979
0.258820 0.554404 0.790980
-0.965926 0.148552 0.211943
-0.965926 0.148552 0.211943
-0.965926 0.148552 0.211943
-0.258819 0.554404 0.790980
-0.258819 0.554404 0.790980
-0.258819 0.554404 0.790980
0.258819 0.554404 0.790980
0.258818 0.554403 0.790981
0.258819 0.554404 0.790980
0.707106 0.405853 0.579037
0.707108 0.405852 0.579036
0.707107 0.405852 0.579037
0.965926 0.148552 0.211943
0.965926 0.148554 0.211940
0.965926 0.148553 0.211942
0.258819 0.554403 0.790980
0.258818 0.554404 0.790980
0.258819 0.554403 0.790980
-0.500000 0.497064 0.709174
-0.499999 0.497064 0.709175
-0.499999 0.497064 0.709174
-0.965926 0.148552 0.211942
-0.965926 0.148552 0.211942
-0.965926 0.148552 0.211942
0.965926 0.148552 0.211942
0.965925 0.148553 0.211944
0.965926 0.148552 0.211943
0.258820 0.554402 0.790981
0.258820 0.554402 0.790980
0.258820 0.554403 0.790980
0.965926 0.148552 0.211942
0.965925 0.148553 0.211944
0.965926 0.148552 0.211943
-0.500000 0.497065 0.709173
-0.500000 0.497065 0.709173
-0.500000 0.497065 0.709173
0.000001 0.818882 -0.573961
0.000001 0.818882 -0.573961
0.000001 0.818882 -0.573961
-0.258819 0.554403 0.790980
-0.258818 0.554406 0.790979
-0.258819 0.554404 0.790980
0.500000 0.497065 0.709173
0.499999 0.497065 0.709173
0.500000 0.497065 0.709173
-0.500000 -0.709173 0.497065
-0.500001 -0.709173 0.497064
-0.500000 -0.709173 0.497065
0.460707 0.452165 0.763738
0.417465 0.521555 0.744112
0.447283 0.474622 0.758071
0.434081 0.635236 0.638788
0.499999 0.497066 0.709173
0.381042 0.720624 0.579230
-0.709765 0.093959 0.698144
-0.709765 0.093959 0.698144
-0.709765 0.093959 0.698144
-0.723309 0.263577 -0.638241
-0.723309 0.263577 -0.638241
-0.723309 0.263577 -0.638241
-0.231166 -0.263577 0.936531
-0.231166 -0.263577 0.936531
-0.231166 -0.263577 0.936530
-0.284138 0.304353 -0.909195
-0.284138 0.304352 -0.909195
-0.284138 0.304353 -0.909195
-0.684531 -0.152177 0.712924
-0.684531 -0.152177 0.712924
-0.684530 -0.152176 0.712924
-0.968669 0.152176 -0.196272
-0.968669 0.152176 -0.196272
-0.968669 0.152177 -0.196271
-0.398614 0.824941 0.400723
-0.398614 0.824942 0.400722
-0.398614 0.824941 0.400724
0.801014 0.596498 -0.050652
0.801014 0.596499 -0.050652
0.801014 0.596499 -0.050652
0.484110 0.869285 -0.099907
0.666152 0.744683 0.041097
0.542892 0.837808 -0.057840
-0.707104 0.707110 -0.000002
-0.707104 0.707110 -0.000002
-0.707104 0.707110 -0.000002
0.739111 0.673562 -0.005510
0.739110 0.673562 -0.005510
0.739110 0.673562 -0.005510
-0.159345 0.920102 0.357801
-0.159344 0.920103 0.357799
-0.159345 0.920102 0.357800
0.954475 0.000001 -0.298290
0.954476 0.000002 -0.298289
0.954475 0.000001 -0.298290
-0.898456 0.246540 0.363311
-0.898456 0.246540 0.363311
-0.898456 0.246540 0.363311
-0.398615 0.824940 0.400725
-0.398613 0.824940 0.400726
-0.398614 0.824940 0.400725
-0.781208 0.476279 0.403575
-0.781208 0.476279 0.403576
-0.781208 0.476279 0.403575
-0.898456 0.246540 0.363311
-0.898456 0.246541 0.363311
-0.898456 0.246540 0.363311
0.555860 0.824941 0.102433
0.555862 0.824939 0.102435
0.555861 0.824940 0.102434
0.334728 0.920101 0.203397
0.334728 0.920101 0.203397
0.334728 0.920101 0.203397
0.945450 0.246540 -0.212939
0.945450 0.246540 -0.212939
0.945450 0.246540 -0.212939
-0.781207 0.476279 0.403575
-0.781208 0.476279 0.403575
-0.781208 0.476279 0.403575
-0.723309 0.263578 -0.638241
-0.723309 0.263578 -0.638240
-0.723309 0.263578 -0.638241
-0.898456 0.246540 0.363312
-0.898456 0.246541 0.363311
-0.898456 0.246540 0.363312
-0.898455 0.246542 0.363312
-0.898455 0.246541 0.363312
-0.898455 0.246541 0.363312
-0.231166 -0.263577 0.936530
-0.231166 -0.263577 0.936531
-0.231166 -0.263577 0.936530
-0.781208 0.476279 0.403575
-0.781208 0.476279 0.403575
-0.781208 0.476279 0.403575
0.090785 0.952559 0.290499
0.090784 0.952558 0.290502
0.090785 0.952559 0.290500
-0.610720 0.673563 0.416335
-0.610718 0.673563 0.416337
-0.610719 0.673563 0.416336
-0.968669 0.152178 -0.196271
-0.968669 0.152178 -0.196272
-0.968669 0.152178 -0.196271
-0.284139 0.304353 -0.909194
-0.284139 0.304353 -0.909194
-0.284139 0.304353 -0.909194
0.739112 0.673561 -0.005509
0.739111 0.673561 -0.005509
0.739112 0.673561 -0.005509
0.871992 0.476281 -0.113078
0.871992 0.476281 -0.113078
0.871992 0.476281 -0.113078
-0.398617 0.824940 0.400723
-0.398618 0.824939 0.400723
-0.398617 0.824940 0.400723
-0.616648 0.658923 0.430774
-0.610721 0.673562 0.416334
-0.621006 0.647479 0.441727
-0.231166 -0.263578 0.936530
-0.231165 -0.263578 0.936530
-0.231166 -0.263578 0.936530
-0.284139 0.304353 -0.909194
-0.284139 0.304353 -0.909194
-0.284139 0.304353 -0.909194
0.954475 -0.000000 -0.298289
0.954476 -0.000000 -0.298289
0.954476 -0.000000 -0.298289
-0.968669 0.152177 -0.196271
-0.968669 0.152177 -0.196271
-0.968669 0.152177 -0.196271
0.954476 0.000000 -0.298289
0.954475 -0.000000 -0.298289
0.954476 -0.000000 -0.298289
0.954476 -0.000001 -0.298289
0.954476 -0.000001 -0.298289
0.954476 -0.000001 -0.298289
-0.398616 0.824939 0.400724
-0.398615 0.824940 0.400724
-0.398616 0.824940 0.400724
-0.723309 0.263578 -0.638241
-0.723308 0.263578 -0.638242
-0.723309 0.263578 -0.638241
-0.898455 0.246540 0.363312
-0.898456 0.246540 0.363312
-0.898455 0.246540 0.363312
0.739111 0.673561 -0.005511
0.739111 0.673561 -0.005510
0.739111 0.673561 -0.005511
0.945449 0.246540 -0.212940
0.945449 0.246540 -0.212941
0.945449 0.246540 -0.212941
0.090787 0.952559 0.290498
0.090789 0.952559 0.290497
0.090788 0.952559 0.290498
0.334730 0.920101 0.203397
0.334726 0.920103 0.203395
0.334728 0.920101 0.203397
-0.231167 -0.263577 0.936530
-0.231166 -0.263577 0.936530
-0.231166 -0.263577 0.936530
0.871993 0.476280 -0.113077
0.871992 0.476280 -0.113077
0.871992 0.476280 -0.113077
-0.723309 0.263578 -0.638241
-0.723309 0.263579 -0.638240
-0.723309 0.263578 -0.638240
-0.231166 -0.263578 0.936530
-0.231167 -0.263578 0.936530
-0.231166 -0.263578 0.936530
-0.159345 0.920101 0.357802
-0.159344 0.920102 0.357802
-0.159345 0.920102 0.357802
0.945450 0.246540 -0.212938
0.945450 0.246540 -0.212938
0.945450 0.246540 -0.212938
-0.781207 0.476279 0.403576
-0.781207 0.476279 0.403576
-0.781207 0.476279 0.403576
-0.684531 -0.152176 0.712924
-0.684530 -0.152177 0.712924
-0.684531 -0.152177 0.712924
</float_array>
          <technique_common>
            <accessor source="#SM_Urchin_Group_02_LOD2-Normal0-array" count="2277" stride="3">
              <param name="X" type="float"/>
              <param name="Y" type="float"/>
              <param name="Z" type="float"/>
            </accessor>
          </technique_common>
        </source>
        <source id="SM_Urchin_Group_02_LOD2-UV0">
          <float_array id="SM_Urchin_Group_02_LOD2-UV0-array" count="3648">
0.003557 0.337402
0.079773 0.337402
0.079956 0.337402
0.982910 0.497070
0.685059 0.516846
0.818359 0.511719
0.890625 0.483887
0.994629 0.502930
0.703613 0.517578
0.994629 0.504883
0.891602 0.505615
0.703613 0.517578
0.818359 0.511719
0.816895 0.483887
0.703613 0.517578
0.994629 0.502930
0.814453 0.560547
0.709961 0.483887
0.805664 0.629150
0.982910 0.499023
0.059479 0.416016
0.998047 0.001953
0.887695 0.471680
0.578125 0.001953
0.998047 0.001953
0.887695 0.471680
0.578125 0.001953
0.814453 0.560547
0.812988 0.630127
0.928711 0.601074
0.002167 0.226563
0.324707 0.270508
0.258301 0.011719
0.002167 0.226563
0.324707 0.270508
0.258301 0.011719
0.002167 0.226563
0.258301 0.011719
0.324707 0.270508
0.002167 0.226563
0.258301 0.011719
0.324707 0.270508
0.002167 0.226563
0.258301 0.011719
0.324707 0.270508
0.324707 0.270508
0.002167 0.226563
0.258301 0.011719
0.002167 0.226563
0.324707 0.270508
0.258301 0.011719
0.002167 0.226563
0.258301 0.011719
0.324707 0.270508
0.002167 0.226563
0.258301 0.011719
0.324707 0.270508
0.324707 0.270508
0.002167 0.226563
0.258301 0.011719
0.079773 0.337402
0.324707 0.270508
0.002167 0.226563
0.258301 0.011719
0.002167 0.226563
0.324707 0.270508
0.258301 0.011719
0.002167 0.226563
0.324707 0.270508
0.258301 0.011719
0.258301 0.011719
0.002167 0.226563
0.324707 0.270508
0.324707 0.270508
0.002167 0.226563
0.258301 0.011719
0.324707 0.270508
0.002167 0.226563
0.258301 0.011719
0.324707 0.270508
0.002167 0.226563
0.258301 0.011719
0.998047 0.001953
0.887695 0.471680
0.578125 0.001953
0.324707 0.270508
0.002167 0.226563
0.258301 0.011719
0.578125 0.001953
0.998047 0.001953
0.887695 0.471680
0.998047 0.001953
0.663086 0.471680
0.578125 0.001953
0.578125 0.001953
0.998047 0.001953
0.887695 0.471680
0.998047 0.001953
0.663086 0.471680
0.578125 0.001953
0.578125 0.001953
0.998047 0.001953
0.887695 0.471680
0.324707 0.270508
0.002167 0.226563
0.258301 0.011719
0.324707 0.270508
0.002167 0.226563
0.258301 0.011719
0.324707 0.270508
0.002167 0.226563
0.258301 0.011719
0.324707 0.270508
0.002167 0.226563
0.258301 0.011719
0.324707 0.270508
0.002167 0.226563
0.258301 0.011719
0.324707 0.270508
0.002167 0.226563
0.258301 0.011719
0.578125 0.001953
0.998047 0.001953
0.887695 0.471680
0.663086 0.471680
0.578125 0.001953
0.998047 0.001953
0.998047 0.001953
0.887695 0.471680
0.578125 0.001953
0.998047 0.001953
0.887695 0.471680
0.578125 0.001953
0.998047 0.001953
0.887695 0.471680
0.578125 0.001953
0.998047 0.001953
0.887695 0.471680
0.578125 0.001953
0.998047 0.001953
0.887695 0.471680
0.578125 0.001953
0.998047 0.001953
0.887695 0.471680
0.578125 0.001953
0.998047 0.001953
0.887695 0.471680
0.578125 0.001953
0.998047 0.001953
0.887695 0.471680
0.578125 0.001953
0.998047 0.001953
0.887695 0.471680
0.578125 0.001953
0.998047 0.001953
0.887695 0.471680
0.578125 0.001953
0.998047 0.001953
0.887695 0.471680
0.578125 0.001953
0.998047 0.001953
0.887695 0.471680
0.578125 0.001953
0.998047 0.001953
0.887695 0.471680
0.578125 0.001953
0.998047 0.001953
0.887695 0.471680
0.578125 0.001953
0.998047 0.001953
0.887695 0.471680
0.578125 0.001953
0.998047 0.001953
0.887695 0.471680
0.578125 0.001953
0.998047 0.001953
0.887695 0.471680
0.578125 0.001953
0.998047 0.001953
0.887695 0.471680
0.578125 0.001953
0.998047 0.001953
0.887695 0.471680
0.578125 0.001953
0.998047 0.001953
0.887695 0.471680
0.578125 0.001953
0.998047 0.001953
0.887695 0.471680
0.578125 0.001953
0.998047 0.001953
0.887695 0.471680
0.578125 0.001953
0.998047 0.001953
0.887695 0.471680
0.578125 0.001953
0.998047 0.001953
0.887695 0.471680
0.578125 0.001953
0.998047 0.001953
0.887695 0.471680
0.578125 0.001953
0.998047 0.001953
0.887695 0.471680
0.578125 0.001953
0.998047 0.001953
0.887695 0.471680
0.578125 0.001953
0.998047 0.001953
0.887695 0.471680
0.578125 0.001953
0.998047 0.001953
0.887695 0.471680
0.578125 0.001953
0.998047 0.001953
0.887695 0.471680
0.578125 0.001953
0.998047 0.001953
0.887695 0.471680
0.578125 0.001953
0.998047 0.001953
0.887695 0.471680
0.578125 0.001953
0.998047 0.001953
0.887695 0.471680
0.578125 0.001953
0.998047 0.001953
0.887695 0.471680
0.578125 0.001953
0.998047 0.001953
0.887695 0.471680
0.578125 0.001953
0.998047 0.001953
0.887695 0.471680
0.578125 0.001953
0.998047 0.001953
0.887695 0.471680
0.578125 0.001953
0.998047 0.001953
0.887695 0.471680
0.578125 0.001953
0.998047 0.001953
0.887695 0.471680
0.578125 0.001953
0.998047 0.001953
0.887695 0.471680
0.578125 0.001953
0.998047 0.001953
0.887695 0.471680
0.578125 0.001953
0.998047 0.001953
0.887695 0.471680
0.578125 0.001953
0.998047 0.001953
0.887695 0.471680
0.578125 0.001953
0.998047 0.001953
0.887695 0.471680
0.578125 0.001953
0.998047 0.001953
0.887695 0.471680
0.578125 0.001953
0.998047 0.001953
0.887695 0.471680
0.578125 0.001953
0.998047 0.001953
0.887695 0.471680
0.578125 0.001953
0.998047 0.001953
0.887695 0.471680
0.578125 0.001953
0.998047 0.001953
0.887695 0.471680
0.578125 0.001953
0.998047 0.001953
0.887695 0.471680
0.578125 0.001953
0.998047 0.001953
0.887695 0.471680
0.578125 0.001953
0.998047 0.001953
0.887695 0.471680
0.578125 0.001953
0.998047 0.001953
0.887695 0.471680
0.578125 0.001953
0.998047 0.001953
0.887695 0.471680
0.578125 0.001953
0.998047 0.001953
0.887695 0.471680
0.578125 0.001953
0.998047 0.001953
0.887695 0.471680
0.578125 0.001953
0.998047 0.001953
0.887695 0.471680
0.578125 0.001953
0.998047 0.001953
0.887695 0.471680
0.578125 0.001953
0.998047 0.001953
0.887695 0.471680
0.578125 0.001953
0.998047 0.001953
0.887695 0.471680
0.578125 0.001953
0.998047 0.001953
0.887695 0.471680
0.578125 0.001953
0.998047 0.001953
0.887695 0.471680
0.578125 0.001953
0.998047 0.001953
0.887695 0.471680
0.578125 0.001953
0.998047 0.001953
0.887695 0.471680
0.578125 0.001953
0.998047 0.001953
0.887695 0.471680
0.578125 0.001953
0.998047 0.001953
0.887695 0.471680
0.578125 0.001953
0.998047 0.001953
0.887695 0.471680
0.578125 0.001953
0.998047 0.001953
0.887695 0.471680
0.578125 0.001953
0.998047 0.001953
0.887695 0.471680
0.578125 0.001953
0.998047 0.001953
0.887695 0.471680
0.578125 0.001953
0.998047 0.001953
0.887695 0.471680
0.578125 0.001953
0.998047 0.001953
0.887695 0.471680
0.578125 0.001953
0.998047 0.001953
0.887695 0.471680
0.578125 0.001953
0.998047 0.001953
0.887695 0.471680
0.578125 0.001953
0.998047 0.001953
0.887695 0.471680
0.578125 0.001953
0.998047 0.001953
0.887695 0.471680
0.578125 0.001953
0.998047 0.001953
0.887695 0.471680
0.578125 0.001953
0.998047 0.001953
0.887695 0.471680
0.578125 0.001953
0.998047 0.001953
0.887695 0.471680
0.578125 0.001953
0.998047 0.001953
0.887695 0.471680
0.578125 0.001953
0.998047 0.001953
0.887695 0.471680
0.578125 0.001953
0.998047 0.001953
0.887695 0.471680
0.578125 0.001953
0.663086 0.471680
0.578125 0.001953
0.998047 0.001953
0.998047 0.001953
0.887695 0.471680
0.578125 0.001953
0.663086 0.471680
0.578125 0.001953
0.998047 0.001953
0.998047 0.001953
0.887695 0.471680
0.578125 0.001953
0.814453 0.560547
0.998047 0.001953
0.887695 0.471680
0.578125 0.001953
0.998047 0.001953
0.887695 0.471680
0.578125 0.001953
0.998047 0.001953
0.887695 0.471680
0.578125 0.001953
0.998047 0.001953
0.887695 0.471680
0.578125 0.001953
0.998047 0.001953
0.887695 0.471680
0.578125 0.001953
0.998047 0.001953
0.887695 0.471680
0.578125 0.001953
0.998047 0.001953
0.887695 0.471680
0.578125 0.001953
0.998047 0.001953
0.887695 0.471680
0.578125 0.001953
0.998047 0.001953
0.887695 0.471680
0.578125 0.001953
0.998047 0.001953
0.887695 0.471680
0.578125 0.001953
0.998047 0.001953
0.887695 0.471680
0.578125 0.001953
0.998047 0.001953
0.887695 0.471680
0.578125 0.001953
0.998047 0.001953
0.887695 0.471680
0.578125 0.001953
0.998047 0.001953
0.887695 0.471680
0.578125 0.001953
0.998047 0.001953
0.887695 0.471680
0.578125 0.001953
0.998047 0.001953
0.887695 0.471680
0.578125 0.001953
0.998047 0.001953
0.887695 0.471680
0.578125 0.001953
0.998047 0.001953
0.887695 0.471680
0.578125 0.001953
0.998047 0.001953
0.887695 0.471680
0.578125 0.001953
0.998047 0.001953
0.887695 0.471680
0.578125 0.001953
0.998047 0.001953
0.887695 0.471680
0.578125 0.001953
0.998047 0.001953
0.887695 0.471680
0.578125 0.001953
0.998047 0.001953
0.887695 0.471680
0.578125 0.001953
0.998047 0.001953
0.887695 0.471680
0.578125 0.001953
0.998047 0.001953
0.887695 0.471680
0.578125 0.001953
0.998047 0.001953
0.887695 0.471680
0.578125 0.001953
0.998047 0.001953
0.887695 0.471680
0.578125 0.001953
0.998047 0.001953
0.887695 0.471680
0.578125 0.001953
0.998047 0.001953
0.887695 0.471680
0.578125 0.001953
0.998047 0.001953
0.887695 0.471680
0.578125 0.001953
0.998047 0.001953
0.887695 0.471680
0.578125 0.001953
0.998047 0.001953
0.887695 0.471680
0.578125 0.001953
0.998047 0.001953
0.887695 0.471680
0.578125 0.001953
0.998047 0.001953
0.887695 0.471680
0.578125 0.001953
0.998047 0.001953
0.887695 0.471680
0.578125 0.001953
0.998047 0.001953
0.887695 0.471680
0.578125 0.001953
0.998047 0.001953
0.887695 0.471680
0.578125 0.001953
0.998047 0.001953
0.887695 0.471680
0.578125 0.001953
0.998047 0.001953
0.887695 0.471680
0.578125 0.001953
0.998047 0.001953
0.887695 0.471680
0.578125 0.001953
0.998047 0.001953
0.887695 0.471680
0.578125 0.001953
0.998047 0.001953
0.887695 0.471680
0.578125 0.001953
0.998047 0.001953
0.887695 0.471680
0.578125 0.001953
0.998047 0.001953
0.887695 0.471680
0.578125 0.001953
0.998047 0.001953
0.887695 0.471680
0.578125 0.001953
0.998047 0.001953
0.887695 0.471680
0.578125 0.001953
0.998047 0.001953
0.887695 0.471680
0.578125 0.001953
0.998047 0.001953
0.887695 0.471680
0.578125 0.001953
0.998047 0.001953
0.887695 0.471680
0.578125 0.001953
0.998047 0.001953
0.887695 0.471680
0.578125 0.001953
0.998047 0.001953
0.887695 0.471680
0.578125 0.001953
0.998047 0.001953
0.887695 0.471680
0.578125 0.001953
0.998047 0.001953
0.887695 0.471680
0.578125 0.001953
0.998047 0.001953
0.887695 0.471680
0.578125 0.001953
0.998047 0.001953
0.887695 0.471680
0.578125 0.001953
0.998047 0.001953
0.887695 0.471680
0.578125 0.001953
0.998047 0.001953
0.887695 0.471680
0.578125 0.001953
0.998047 0.001953
0.887695 0.471680
0.578125 0.001953
0.998047 0.001953
0.887695 0.471680
0.578125 0.001953
0.998047 0.001953
0.887695 0.471680
0.578125 0.001953
0.998047 0.001953
0.887695 0.471680
0.578125 0.001953
0.998047 0.001953
0.887695 0.471680
0.578125 0.001953
0.998047 0.001953
0.887695 0.471680
0.578125 0.001953
0.998047 0.001953
0.887695 0.471680
0.578125 0.001953
0.998047 0.001953
0.887695 0.471680
0.578125 0.001953
0.998047 0.001953
0.887695 0.471680
0.578125 0.001953
0.998047 0.001953
0.887695 0.471680
0.578125 0.001953
0.998047 0.001953
0.887695 0.471680
0.578125 0.001953
0.998047 0.001953
0.887695 0.471680
0.578125 0.001953
0.998047 0.001953
0.887695 0.471680
0.578125 0.001953
0.998047 0.001953
0.887695 0.471680
0.578125 0.001953
0.998047 0.001953
0.887695 0.471680
0.578125 0.001953
0.998047 0.001953
0.887695 0.471680
0.578125 0.001953
0.998047 0.001953
0.887695 0.471680
0.578125 0.001953
0.998047 0.001953
0.887695 0.471680
0.578125 0.001953
0.998047 0.001953
0.887695 0.471680
0.578125 0.001953
0.998047 0.001953
0.887695 0.471680
0.578125 0.001953
0.998047 0.001953
0.887695 0.471680
0.578125 0.001953
0.998047 0.001953
0.887695 0.471680
0.578125 0.001953
0.998047 0.001953
0.887695 0.471680
0.578125 0.001953
0.998047 0.001953
0.887695 0.471680
0.578125 0.001953
0.818359 0.511719
0.663086 0.471680
0.578125 0.001953
0.998047 0.001953
0.080566 0.004883
0.002167 0.226563
0.324707 0.270508
0.998047 0.001953
0.887695 0.471680
0.578125 0.001953
0.002167 0.226563
0.080566 0.004883
0.324707 0.270508
0.902832 0.550293
0.998047 0.001953
0.887695 0.471680
0.578125 0.001953
0.663086 0.471680
0.578125 0.001953
0.998047 0.001953
0.578125 0.001953
0.998047 0.001953
0.887695 0.471680
0.663086 0.471680
0.578125 0.001953
0.998047 0.001953
0.998047 0.001953
0.663086 0.471680
0.578125 0.001953
0.079956 0.337402
0.324707 0.270508
0.002167 0.226563
0.258301 0.011719
0.663086 0.471680
0.578125 0.001953
0.998047 0.001953
0.663086 0.471680
0.578125 0.001953
0.998047 0.001953
0.002167 0.226563
0.080566 0.004883
0.324707 0.270508
0.818359 0.511719
0.002167 0.226563
0.080566 0.004883
0.324707 0.270508
0.925781 0.603027
0.578125 0.001953
0.998047 0.001953
0.887695 0.471680
0.663086 0.471680
0.578125 0.001953
0.998047 0.001953
0.003557 0.337402
0.998047 0.001953
0.887695 0.471680
0.578125 0.001953
0.998047 0.001953
0.887695 0.471680
0.578125 0.001953
0.663086 0.471680
0.578125 0.001953
0.998047 0.001953
0.663086 0.471680
0.578125 0.001953
0.998047 0.001953
0.663086 0.471680
0.578125 0.001953
0.998047 0.001953
0.002167 0.226563
0.080566 0.004883
0.324707 0.270508
0.002167 0.226563
0.080566 0.004883
0.324707 0.270508
0.324707 0.270508
0.002167 0.226563
0.080566 0.004883
0.002167 0.226563
0.324707 0.270508
0.080566 0.004883
0.002167 0.226563
0.080566 0.004883
0.324707 0.270508
0.998047 0.001953
0.887695 0.471680
0.578125 0.001953
0.998047 0.001953
0.887695 0.471680
0.578125 0.001953
0.002167 0.226563
0.080566 0.004883
0.324707 0.270508
0.002167 0.226563
0.080566 0.004883
0.324707 0.270508
0.002167 0.226563
0.324707 0.270508
0.080566 0.004883
0.998047 0.001953
0.887695 0.471680
0.578125 0.001953
0.998047 0.001953
0.887695 0.471680
0.578125 0.001953
0.998047 0.001953
0.887695 0.471680
0.578125 0.001953
0.998047 0.001953
0.887695 0.471680
0.578125 0.001953
0.998047 0.001953
0.887695 0.471680
0.578125 0.001953
0.998047 0.001953
0.887695 0.471680
0.578125 0.001953
0.998047 0.001953
0.887695 0.471680
0.578125 0.001953
0.998047 0.001953
0.887695 0.471680
0.578125 0.001953
0.998047 0.001953
0.887695 0.471680
0.578125 0.001953
0.998047 0.001953
0.887695 0.471680
0.578125 0.001953
0.998047 0.001953
0.887695 0.471680
0.578125 0.001953
0.998047 0.001953
0.887695 0.471680
0.578125 0.001953
0.998047 0.001953
0.887695 0.471680
0.578125 0.001953
0.998047 0.001953
0.887695 0.471680
0.578125 0.001953
0.998047 0.001953
0.887695 0.471680
0.578125 0.001953
0.998047 0.001953
0.887695 0.471680
0.578125 0.001953
0.998047 0.001953
0.887695 0.471680
0.578125 0.001953
0.998047 0.001953
0.887695 0.471680
0.578125 0.001953
0.998047 0.001953
0.887695 0.471680
0.578125 0.001953
0.998047 0.001953
0.887695 0.471680
0.578125 0.001953
0.998047 0.001953
0.887695 0.471680
0.578125 0.001953
0.998047 0.001953
0.887695 0.471680
0.578125 0.001953
0.998047 0.001953
0.887695 0.471680
0.578125 0.001953
0.998047 0.001953
0.887695 0.471680
0.578125 0.001953
0.998047 0.001953
0.887695 0.471680
0.578125 0.001953
0.998047 0.001953
0.887695 0.471680
0.578125 0.001953
0.998047 0.001953
0.887695 0.471680
0.578125 0.001953
0.998047 0.001953
0.887695 0.471680
0.578125 0.001953
0.998047 0.001953
0.887695 0.471680
0.578125 0.001953
0.998047 0.001953
0.887695 0.471680
0.578125 0.001953
0.998047 0.001953
0.887695 0.471680
0.578125 0.001953
0.998047 0.001953
0.887695 0.471680
0.578125 0.001953
0.998047 0.001953
0.887695 0.471680
0.578125 0.001953
0.998047 0.001953
0.887695 0.471680
0.578125 0.001953
0.998047 0.001953
0.887695 0.471680
0.578125 0.001953
0.998047 0.001953
0.887695 0.471680
0.578125 0.001953
0.998047 0.001953
0.887695 0.471680
0.578125 0.001953
0.998047 0.001953
0.887695 0.471680
0.578125 0.001953
0.998047 0.001953
0.887695 0.471680
0.578125 0.001953
0.998047 0.001953
0.887695 0.471680
0.578125 0.001953
0.998047 0.001953
0.887695 0.471680
0.578125 0.001953
0.998047 0.001953
0.887695 0.471680
0.578125 0.001953
0.998047 0.001953
0.887695 0.471680
0.578125 0.001953
0.998047 0.001953
0.887695 0.471680
0.578125 0.001953
0.998047 0.001953
0.887695 0.471680
0.578125 0.001953
0.998047 0.001953
0.887695 0.471680
0.578125 0.001953
0.998047 0.001953
0.887695 0.471680
0.578125 0.001953
0.998047 0.001953
0.887695 0.471680
0.578125 0.001953
0.998047 0.001953
0.887695 0.471680
0.578125 0.001953
0.998047 0.001953
0.887695 0.471680
0.578125 0.001953
0.998047 0.001953
0.887695 0.471680
0.578125 0.001953
0.998047 0.001953
0.887695 0.471680
0.578125 0.001953
0.998047 0.001953
0.887695 0.471680
0.578125 0.001953
0.998047 0.001953
0.887695 0.471680
0.578125 0.001953
0.998047 0.001953
0.887695 0.471680
0.578125 0.001953
0.998047 0.001953
0.887695 0.471680
0.578125 0.001953
0.998047 0.001953
0.887695 0.471680
0.578125 0.001953
0.998047 0.001953
0.887695 0.471680
0.578125 0.001953
0.998047 0.001953
0.887695 0.471680
0.578125 0.001953
0.998047 0.001953
0.887695 0.471680
0.578125 0.001953
0.998047 0.001953
0.887695 0.471680
0.578125 0.001953
0.998047 0.001953
0.887695 0.471680
0.578125 0.001953
0.998047 0.001953
0.887695 0.471680
0.578125 0.001953
0.998047 0.001953
0.887695 0.471680
0.578125 0.001953
0.998047 0.001953
0.887695 0.471680
0.578125 0.001953
0.998047 0.001953
0.887695 0.471680
0.578125 0.001953
0.998047 0.001953
0.887695 0.471680
0.578125 0.001953
0.998047 0.001953
0.887695 0.471680
0.578125 0.001953
0.998047 0.001953
0.887695 0.471680
0.578125 0.001953
0.998047 0.001953
0.887695 0.471680
0.578125 0.001953
0.998047 0.001953
0.887695 0.471680
0.578125 0.001953
0.998047 0.001953
0.887695 0.471680
0.578125 0.001953
0.998047 0.001953
0.887695 0.471680
0.578125 0.001953
0.998047 0.001953
0.887695 0.471680
0.578125 0.001953
0.998047 0.001953
0.887695 0.471680
0.578125 0.001953
0.998047 0.001953
0.887695 0.471680
0.578125 0.001953
0.998047 0.001953
0.887695 0.471680
0.578125 0.001953
0.998047 0.001953
0.887695 0.471680
0.578125 0.001953
0.998047 0.001953
0.887695 0.471680
0.578125 0.001953
0.998047 0.001953
0.887695 0.471680
0.578125 0.001953
0.002167 0.226563
0.080566 0.004883
0.324707 0.270508
0.663086 0.471680
0.578125 0.001953
0.998047 0.001953
0.998047 0.001953
0.887695 0.471680
0.578125 0.001953
0.578125 0.001953
0.998047 0.001953
0.887695 0.471680
0.663086 0.471680
0.578125 0.001953
0.998047 0.001953
0.998047 0.001953
0.663086 0.471680
0.578125 0.001953
0.998047 0.001953
0.887695 0.471680
0.578125 0.001953
0.998047 0.001953
0.887695 0.471680
0.578125 0.001953
0.998047 0.001953
0.887695 0.471680
0.578125 0.001953
0.890625 0.483887
0.578125 0.001953
0.998047 0.001953
0.887695 0.471680
0.663086 0.471680
0.578125 0.001953
0.998047 0.001953
0.900879 0.550537
0.902832 0.550293
0.663086 0.471680
0.578125 0.001953
0.998047 0.001953
0.663086 0.471680
0.578125 0.001953
0.998047 0.001953
0.998047 0.001953
0.887695 0.471680
0.578125 0.001953
0.998047 0.001953
0.887695 0.471680
0.578125 0.001953
0.998047 0.001953
0.887695 0.471680
0.578125 0.001953
0.998047 0.001953
0.887695 0.471680
0.578125 0.001953
0.998047 0.001953
0.887695 0.471680
0.578125 0.001953
0.998047 0.001953
0.887695 0.471680
0.578125 0.001953
0.998047 0.001953
0.887695 0.471680
0.578125 0.001953
0.998047 0.001953
0.887695 0.471680
0.578125 0.001953
0.998047 0.001953
0.887695 0.471680
0.578125 0.001953
0.998047 0.001953
0.887695 0.471680
0.578125 0.001953
0.998047 0.001953
0.887695 0.471680
0.578125 0.001953
0.998047 0.001953
0.887695 0.471680
0.578125 0.001953
0.998047 0.001953
0.887695 0.471680
0.578125 0.001953
0.998047 0.001953
0.887695 0.471680
0.578125 0.001953
0.998047 0.001953
0.887695 0.471680
0.578125 0.001953
0.998047 0.001953
0.887695 0.471680
0.578125 0.001953
0.998047 0.001953
0.887695 0.471680
0.578125 0.001953
0.998047 0.001953
0.887695 0.471680
0.578125 0.001953
0.998047 0.001953
0.887695 0.471680
0.578125 0.001953
0.998047 0.001953
0.887695 0.471680
0.578125 0.001953
0.998047 0.001953
0.887695 0.471680
0.578125 0.001953
0.998047 0.001953
0.887695 0.471680
0.578125 0.001953
0.998047 0.001953
0.887695 0.471680
0.578125 0.001953
0.998047 0.001953
0.887695 0.471680
0.578125 0.001953
0.998047 0.001953
0.887695 0.471680
0.578125 0.001953
0.998047 0.001953
0.887695 0.471680
0.578125 0.001953
0.998047 0.001953
0.887695 0.471680
0.578125 0.001953
0.998047 0.001953
0.887695 0.471680
0.578125 0.001953
0.998047 0.001953
0.887695 0.471680
0.578125 0.001953
0.998047 0.001953
0.887695 0.471680
0.578125 0.001953
0.998047 0.001953
0.887695 0.471680
0.578125 0.001953
0.998047 0.001953
0.887695 0.471680
0.578125 0.001953
0.998047 0.001953
0.887695 0.471680
0.578125 0.001953
0.998047 0.001953
0.887695 0.471680
0.578125 0.001953
0.998047 0.001953
0.887695 0.471680
0.578125 0.001953
0.998047 0.001953
0.887695 0.471680
0.578125 0.001953
0.998047 0.001953
0.887695 0.471680
0.578125 0.001953
0.998047 0.001953
0.887695 0.471680
0.578125 0.001953
0.998047 0.001953
0.887695 0.471680
0.578125 0.001953
0.998047 0.001953
0.887695 0.471680
0.578125 0.001953
0.998047 0.001953
0.887695 0.471680
0.578125 0.001953
0.998047 0.001953
0.887695 0.471680
0.578125 0.001953
0.998047 0.001953
0.887695 0.471680
0.578125 0.001953
0.998047 0.001953
0.887695 0.471680
0.578125 0.001953
0.998047 0.001953
0.887695 0.471680
0.578125 0.001953
0.998047 0.001953
0.887695 0.471680
0.578125 0.001953
0.998047 0.001953
0.887695 0.471680
0.578125 0.001953
0.998047 0.001953
0.887695 0.471680
0.578125 0.001953
0.998047 0.001953
0.887695 0.471680
0.578125 0.001953
0.998047 0.001953
0.887695 0.471680
0.578125 0.001953
0.998047 0.001953
0.887695 0.471680
0.578125 0.001953
0.998047 0.001953
0.887695 0.471680
0.578125 0.001953
0.998047 0.001953
0.887695 0.471680
0.578125 0.001953
0.998047 0.001953
0.887695 0.471680
0.578125 0.001953
0.998047 0.001953
0.887695 0.471680
0.578125 0.001953
0.998047 0.001953
0.887695 0.471680
0.578125 0.001953
0.998047 0.001953
0.887695 0.471680
0.578125 0.001953
0.998047 0.001953
0.887695 0.471680
0.578125 0.001953
0.998047 0.001953
0.887695 0.471680
0.578125 0.001953
0.998047 0.001953
0.887695 0.471680
0.578125 0.001953
0.998047 0.001953
0.887695 0.471680
0.578125 0.001953
0.998047 0.001953
0.887695 0.471680
0.578125 0.001953
0.998047 0.001953
0.887695 0.471680
0.578125 0.001953
0.998047 0.001953
0.887695 0.471680
0.578125 0.001953
0.998047 0.001953
0.887695 0.471680
0.578125 0.001953
0.998047 0.001953
0.887695 0.471680
0.578125 0.001953
0.998047 0.001953
0.887695 0.471680
0.578125 0.001953
0.998047 0.001953
0.887695 0.471680
0.578125 0.001953
0.998047 0.001953
0.887695 0.471680
0.578125 0.001953
0.998047 0.001953
0.887695 0.471680
0.578125 0.001953
0.998047 0.001953
0.887695 0.471680
0.578125 0.001953
0.998047 0.001953
0.887695 0.471680
0.578125 0.001953
0.998047 0.001953
0.887695 0.471680
0.578125 0.001953
0.998047 0.001953
0.887695 0.471680
0.578125 0.001953
0.998047 0.001953
0.887695 0.471680
0.578125 0.001953
0.998047 0.001953
0.887695 0.471680
0.578125 0.001953
0.998047 0.001953
0.887695 0.471680
0.578125 0.001953
0.998047 0.001953
0.887695 0.471680
0.578125 0.001953
0.998047 0.001953
0.887695 0.471680
0.578125 0.001953
0.998047 0.001953
0.887695 0.471680
0.578125 0.001953
0.998047 0.001953
0.887695 0.471680
0.578125 0.001953
0.002167 0.226563
0.177856 0.344727
0.258301 0.011719
0.998047 0.001953
0.887695 0.471680
0.578125 0.001953
0.663086 0.471680
0.578125 0.001953
0.998047 0.001953
0.663086 0.471680
0.578125 0.001953
0.998047 0.001953
0.663086 0.471680
0.578125 0.001953
0.998047 0.001953
0.663086 0.471680
0.578125 0.001953
0.998047 0.001953
0.663086 0.471680
0.578125 0.001953
0.998047 0.001953
0.663086 0.471680
0.578125 0.001953
0.998047 0.001953
0.663086 0.471680
0.578125 0.001953
0.998047 0.001953
0.002167 0.226563
0.324707 0.270508
0.080566 0.004883
0.663086 0.471680
0.578125 0.001953
0.998047 0.001953
0.816895 0.483887
0.814453 0.560547
0.663086 0.471680
0.578125 0.001953
0.998047 0.001953
0.663086 0.471680
0.578125 0.001953
0.998047 0.001953
0.663086 0.471680
0.578125 0.001953
0.998047 0.001953
0.663086 0.471680
0.578125 0.001953
0.998047 0.001953
0.663086 0.471680
0.578125 0.001953
0.998047 0.001953
0.663086 0.471680
0.578125 0.001953
0.998047 0.001953
0.578125 0.001953
0.998047 0.001953
0.887695 0.471680
0.998047 0.001953
0.887695 0.471680
0.578125 0.001953
0.998047 0.001953
0.887695 0.471680
0.578125 0.001953
0.663086 0.471680
0.578125 0.001953
0.998047 0.001953
0.998047 0.001953
0.663086 0.471680
0.578125 0.001953
0.900879 0.550537
0.059326 0.416016
0.663086 0.471680
0.578125 0.001953
0.998047 0.001953
0.663086 0.471680
0.578125 0.001953
0.998047 0.001953
0.578125 0.001953
0.998047 0.001953
0.887695 0.471680
0.998047 0.001953
0.887695 0.471680
0.578125 0.001953
0.663086 0.471680
0.578125 0.001953
0.998047 0.001953
0.818359 0.563232
0.663086 0.471680
0.578125 0.001953
0.998047 0.001953
0.998047 0.001953
0.887695 0.471680
0.578125 0.001953
0.998047 0.001953
0.887695 0.471680
0.578125 0.001953
0.998047 0.001953
0.887695 0.471680
0.578125 0.001953
0.998047 0.001953
0.887695 0.471680
0.578125 0.001953
0.998047 0.001953
0.887695 0.471680
0.578125 0.001953
0.998047 0.001953
0.887695 0.471680
0.578125 0.001953
0.998047 0.001953
0.887695 0.471680
0.578125 0.001953
0.998047 0.001953
0.887695 0.471680
0.578125 0.001953
0.998047 0.001953
0.887695 0.471680
0.578125 0.001953
0.998047 0.001953
0.887695 0.471680
0.578125 0.001953
0.998047 0.001953
0.887695 0.471680
0.578125 0.001953
0.998047 0.001953
0.887695 0.471680
0.578125 0.001953
0.998047 0.001953
0.887695 0.471680
0.578125 0.001953
0.998047 0.001953
0.887695 0.471680
0.578125 0.001953
0.998047 0.001953
0.887695 0.471680
0.578125 0.001953
0.998047 0.001953
0.887695 0.471680
0.578125 0.001953
0.998047 0.001953
0.887695 0.471680
0.578125 0.001953
0.998047 0.001953
0.887695 0.471680
0.578125 0.001953
0.998047 0.001953
0.887695 0.471680
0.578125 0.001953
0.998047 0.001953
0.887695 0.471680
0.578125 0.001953
0.998047 0.001953
0.887695 0.471680
0.578125 0.001953
0.998047 0.001953
0.887695 0.471680
0.578125 0.001953
0.998047 0.001953
0.887695 0.471680
0.578125 0.001953
0.998047 0.001953
0.887695 0.471680
0.578125 0.001953
0.998047 0.001953
0.887695 0.471680
0.578125 0.001953
0.998047 0.001953
0.887695 0.471680
0.578125 0.001953
0.998047 0.001953
0.887695 0.471680
0.578125 0.001953
0.998047 0.001953
0.887695 0.471680
0.578125 0.001953
0.998047 0.001953
0.887695 0.471680
0.578125 0.001953
0.998047 0.001953
0.887695 0.471680
0.578125 0.001953
0.998047 0.001953
0.887695 0.471680
0.578125 0.001953
0.998047 0.001953
0.887695 0.471680
0.578125 0.001953
0.998047 0.001953
0.887695 0.471680
0.578125 0.001953
0.998047 0.001953
0.887695 0.471680
0.578125 0.001953
0.998047 0.001953
0.887695 0.471680
0.578125 0.001953
0.998047 0.001953
0.887695 0.471680
0.578125 0.001953
0.998047 0.001953
0.887695 0.471680
0.578125 0.001953
0.998047 0.001953
0.887695 0.471680
0.578125 0.001953
0.998047 0.001953
0.887695 0.471680
0.578125 0.001953
0.998047 0.001953
0.887695 0.471680
0.578125 0.001953
0.998047 0.001953
0.887695 0.471680
0.578125 0.001953
0.998047 0.001953
0.887695 0.471680
0.578125 0.001953
0.998047 0.001953
0.887695 0.471680
0.578125 0.001953
0.998047 0.001953
0.887695 0.471680
0.578125 0.001953
0.998047 0.001953
0.887695 0.471680
0.578125 0.001953
0.998047 0.001953
0.887695 0.471680
0.578125 0.001953
0.998047 0.001953
0.887695 0.471680
0.578125 0.001953
0.998047 0.001953
0.887695 0.471680
0.578125 0.001953
0.998047 0.001953
0.887695 0.471680
0.578125 0.001953
0.998047 0.001953
0.887695 0.471680
0.578125 0.001953
0.998047 0.001953
0.887695 0.471680
0.578125 0.001953
0.998047 0.001953
0.887695 0.471680
0.578125 0.001953
0.998047 0.001953
0.887695 0.471680
0.578125 0.001953
0.998047 0.001953
0.887695 0.471680
0.578125 0.001953
0.998047 0.001953
0.887695 0.471680
0.578125 0.001953
0.998047 0.001953
0.887695 0.471680
0.578125 0.001953
0.998047 0.001953
0.887695 0.471680
0.578125 0.001953
0.998047 0.001953
0.887695 0.471680
0.578125 0.001953
0.998047 0.001953
0.887695 0.471680
0.578125 0.001953
0.998047 0.001953
0.887695 0.471680
0.578125 0.001953
0.998047 0.001953
0.887695 0.471680
0.578125 0.001953
0.998047 0.001953
0.887695 0.471680
0.578125 0.001953
0.998047 0.001953
0.887695 0.471680
0.578125 0.001953
0.998047 0.001953
0.887695 0.471680
0.578125 0.001953
0.998047 0.001953
0.887695 0.471680
0.578125 0.001953
0.998047 0.001953
0.887695 0.471680
0.578125 0.001953
0.998047 0.001953
0.887695 0.471680
0.578125 0.001953
0.998047 0.001953
0.887695 0.471680
0.578125 0.001953
0.998047 0.001953
0.887695 0.471680
0.578125 0.001953
0.998047 0.001953
0.887695 0.471680
0.578125 0.001953
0.998047 0.001953
0.887695 0.471680
0.578125 0.001953
0.998047 0.001953
0.887695 0.471680
0.578125 0.001953
0.998047 0.001953
0.887695 0.471680
0.578125 0.001953
0.998047 0.001953
0.887695 0.471680
0.578125 0.001953
0.998047 0.001953
0.887695 0.471680
0.578125 0.001953
0.998047 0.001953
0.887695 0.471680
0.578125 0.001953
0.998047 0.001953
0.887695 0.471680
0.578125 0.001953
0.998047 0.001953
0.887695 0.471680
0.578125 0.001953
0.998047 0.001953
0.887695 0.471680
0.578125 0.001953
0.998047 0.001953
0.887695 0.471680
0.578125 0.001953
0.998047 0.001953
0.887695 0.471680
0.578125 0.001953
0.998047 0.001953
0.887695 0.471680
0.578125 0.001953
0.998047 0.001953
0.887695 0.471680
0.578125 0.001953
0.663086 0.471680
0.578125 0.001953
0.998047 0.001953
0.663086 0.471680
0.578125 0.001953
0.998047 0.001953
0.324707 0.270508
0.002167 0.226563
0.258301 0.011719
0.002167 0.226563
0.324707 0.270508
0.258301 0.011719
0.887695 0.471680
0.578125 0.001953
0.998047 0.001953
0.998047 0.001953
0.887695 0.471680
0.578125 0.001953
0.663086 0.471680
0.578125 0.001953
0.998047 0.001953
0.663086 0.471680
0.578125 0.001953
0.998047 0.001953
0.663086 0.471680
0.578125 0.001953
0.998047 0.001953
0.663086 0.471680
0.578125 0.001953
0.998047 0.001953
0.663086 0.471680
0.578125 0.001953
0.998047 0.001953
0.663086 0.471680
0.578125 0.001953
0.998047 0.001953
0.891602 0.505615
0.887695 0.471680
0.578125 0.001953
0.998047 0.001953
0.663086 0.471680
0.578125 0.001953
0.998047 0.001953
0.998047 0.001953
0.887695 0.471680
0.578125 0.001953
0.891602 0.505615
0.818359 0.511719
0.663086 0.471680
0.578125 0.001953
0.998047 0.001953
0.003557 0.416016
0.663086 0.471680
0.663086 0.471680
0.578125 0.001953
0.998047 0.001953
0.663086 0.471680
0.998047 0.001953
0.887695 0.471680
0.578125 0.001953
0.663086 0.471680
0.578125 0.001953
0.998047 0.001953
0.663086 0.471680
0.578125 0.001953
0.998047 0.001953
0.663086 0.471680
0.578125 0.001953
0.998047 0.001953
0.663086 0.471680
0.578125 0.001953
0.998047 0.001953
0.663086 0.471680
0.578125 0.001953
0.998047 0.001953
0.663086 0.471680
0.578125 0.001953
0.998047 0.001953
0.663086 0.471680
0.578125 0.001953
0.998047 0.001953
0.928711 0.601074
0.887695 0.471680
0.887695 0.471680
0.887695 0.471680
0.887695 0.471680
0.887695 0.471680
0.887695 0.471680
0.663086 0.471680
0.663086 0.471680
0.663086 0.471680
0.663086 0.471680
0.663086 0.471680
0.663086 0.471680
0.663086 0.471680
0.663086 0.471680
0.663086 0.471680
0.663086 0.471680
0.663086 0.471680
0.663086 0.471680
0.663086 0.471680
0.663086 0.471680
0.663086 0.471680
0.663086 0.471680
0.663086 0.471680
0.663086 0.471680
0.663086 0.471680
0.663086 0.471680
0.663086 0.471680
0.663086 0.471680
0.663086 0.471680
0.663086 0.471680
0.663086 0.471680
0.663086 0.471680
0.663086 0.471680
0.663086 0.471680
0.663086 0.471680
0.663086 0.471680
0.663086 0.471680
0.663086 0.471680
0.663086 0.471680
0.663086 0.471680
0.663086 0.471680
0.663086 0.471680
0.663086 0.471680
0.663086 0.471680
0.663086 0.471680
0.663086 0.471680
0.663086 0.471680
0.663086 0.471680
0.663086 0.471680
0.663086 0.471680
0.663086 0.471680
0.663086 0.471680
0.663086 0.471680
0.663086 0.471680
0.663086 0.471680
0.663086 0.471680
0.663086 0.471680
0.663086 0.471680
0.663086 0.471680
0.663086 0.471680
0.663086 0.471680
0.663086 0.471680
0.663086 0.471680
0.663086 0.471680
0.663086 0.471680
0.663086 0.471680
0.663086 0.471680
0.663086 0.471680
0.663086 0.471680
0.663086 0.471680
0.663086 0.471680
0.663086 0.471680
0.663086 0.471680
0.663086 0.471680
0.663086 0.471680
0.663086 0.471680
0.663086 0.471680
0.663086 0.471680
0.663086 0.471680
0.663086 0.471680
0.663086 0.471680
0.663086 0.471680
0.663086 0.471680
0.663086 0.471680
0.663086 0.471680
0.663086 0.471680
0.663086 0.471680
0.663086 0.471680
0.663086 0.471680
0.663086 0.471680
0.663086 0.471680
0.663086 0.471680
0.663086 0.471680
0.887695 0.471680
0.887695 0.471680
0.887695 0.471680
0.887695 0.471680
0.887695 0.471680
0.887695 0.471680
0.887695 0.471680
0.887695 0.471680
0.663086 0.471680
0.663086 0.471680
0.998047 0.001953
0.887695 0.471680
0.578125 0.001953
0.663086 0.471680
0.663086 0.471680
0.663086 0.471680
0.663086 0.471680
0.663086 0.471680
0.663086 0.471680
0.663086 0.471680
0.663086 0.471680
0.663086 0.471680
0.663086 0.471680
0.663086 0.471680
0.663086 0.471680
0.663086 0.471680
0.663086 0.471680
0.663086 0.471680
0.663086 0.471680
0.663086 0.471680
0.663086 0.471680
0.663086 0.471680
0.663086 0.471680
0.663086 0.471680
0.663086 0.471680
0.663086 0.471680
0.663086 0.471680
0.663086 0.471680
0.663086 0.471680
0.663086 0.471680
0.663086 0.471680
0.663086 0.471680
0.663086 0.471680
0.663086 0.471680
0.663086 0.471680
0.663086 0.471680
0.663086 0.471680
0.663086 0.471680
0.663086 0.471680
0.663086 0.471680
0.663086 0.471680
0.663086 0.471680
0.663086 0.471680
0.663086 0.471680
0.663086 0.471680
0.663086 0.471680
0.663086 0.471680
0.663086 0.471680
</float_array>
          <technique_common>
            <accessor source="#SM_Urchin_Group_02_LOD2-UV0-array" count="1824" stride="2">
              <param name="S" type="float"/>
              <param name="T" type="float"/>
            </accessor>
          </technique_common>
        </source>
        <vertices id="SM_Urchin_Group_02_LOD2-VERTEX">
          <input semantic="POSITION" source="#SM_Urchin_Group_02_LOD2-POSITION"/>
        </vertices>
        <triangles count="759" material="MAT_Urchin">
          <input semantic="VERTEX" offset="0" source="#SM_Urchin_Group_02_LOD2-VERTEX"/>
          <input semantic="NORMAL" offset="1" source="#SM_Urchin_Group_02_LOD2-Normal0"/>
          <input semantic="TEXCOORD" offset="2" set="0" source="#SM_Urchin_Group_02_LOD2-UV0"/>
          <p> 1642 0 1642 1322 1 1322 20 2 20 682 3 682 0 4 1 2 5 0 675 6 675 1287 7 1287 642 8 642 1627 9 1627 4 10 3 642 11 642 8 12 6 1003 13 1003 1338 14 1338 16 15 16 6 16 7 8 17 6 27 18 27 385 19 385 10 20 11 28 21 28 11 22 10 9 23 9 1287 24 1287 675 25 675 1627 26 1627 5 27 5 3 28 4 12 29 12 15 30 13 1286 31 1286 1002 32 1002 14 33 14 1321 34 1321 1672 35 1672 1338 36 1338 1003 37 1003 16 38 16 16 39 16 629 40 629 7 41 8 671 42 671 19 43 18 17 44 19 18 45 17 29 46 29 995 47 995 20 48 20 60 49 60 682 50 682 1 51 2 1642 52 1642 20 53 20 23 54 21 1680 55 1680 21 56 23 26 57 24 1775 58 1775 24 59 26 1637 60 1637 27 61 27 1638 62 1638 385 63 385 27 64 27 9 65 9 28 66 28 1637 67 1637 1638 68 1638 10 69 11 11 70 10 28 71 28 17 72 19 29 73 29 671 74 671 995 75 995 29 76 29 17 77 19 32 78 30 31 79 31 30 80 32 35 81 33 34 82 34 33 83 35 38 84 36 37 85 37 36 86 38 41 87 39 40 88 40 39 89 41 44 90 42 43 91 43 42 92 44 45 93 45 47 94 46 46 95 47 50 96 48 49 97 49 48 98 50 53 99 51 52 100 52 51 101 53 56 102 54 55 103 55 54 104 56 57 105 57 59 106 58 58 107 59 1322 108 1322 60 109 60 20 110 20 60 111 60 0 112 1 682 113 682 61 114 61 63 115 62 62 116 63 66 117 64 65 118 65 64 119 66 69 120 67 68 121 68 67 122 69 70 123 70 72 124 71 71 125 72 73 126 73 75 127 74 74 128 75 76 129 76 78 130 77 77 131 78 79 132 79 81 133 80 80 134 81 84 135 82 83 136 83 82 137 84 85 138 85 87 139 86 86 140 87 88 141 88 90 142 89 1729 143 1729 92 144 91 91 145 92 93 146 93 94 147 94 96 148 95 95 149 96 98 150 97 97 151 98 99 152 99 101 153 100 102 154 101 100 155 102 103 156 103 105 157 104 104 158 105 106 159 106 108 160 107 107 161 108 109 162 109 111 163 110 110 164 111 112 165 112 114 166 113 113 167 114 115 168 115 117 169 116 116 170 117 118 171 118 120 172 119 119 173 120 122 174 121 123 175 122 121 176 123 124 177 124 126 178 125 125 179 126 128 180 127 1679 181 1679 129 182 129 131 183 130 1694 184 1694 132 185 132 134 186 133 1700 187 1700 135 188 135 137 189 136 1695 190 1695 138 191 138 140 192 139 1740 193 1740 141 194 141 143 195 142 1682 196 1682 144 197 144 146 198 145 1702 199 1702 147 200 147 149 201 148 1764 202 1764 150 203 150 152 204 151 1703 205 1703 153 206 153 155 207 154 1696 208 1696 156 209 156 158 210 157 1722 211 1722 159 212 159 161 213 160 1705 214 1705 162 215 162 164 216 163 1718 217 1718 165 218 165 167 219 166 1686 220 1686 168 221 168 170 222 169 1687 223 1687 171 224 171 173 225 172 1690 226 1690 174 227 174 176 228 175 1704 229 1704 177 230 177 179 231 178 1716 232 1716 180 233 180 182 234 181 1710 235 1710 183 236 183 185 237 184 1742 238 1742 186 239 186 188 240 187 1681 241 1681 189 242 189 191 243 190 1717 244 1717 192 245 192 194 246 193 1733 247 1733 195 248 195 197 249 196 1735 250 1735 198 251 198 200 252 199 1752 253 1752 201 254 201 203 255 202 1728 256 1728 204 257 204 206 258 205 1763 259 1763 207 260 207 209 261 208 1707 262 1707 210 263 210 212 264 211 1727 265 1727 213 266 213 215 267 214 1709 268 1709 216 269 216 218 270 217 1692 271 1692 219 272 219 221 273 220 1745 274 1745 222 275 222 224 276 223 1691 277 1691 225 278 225 227 279 226 1753 280 1753 228 281 228 230 282 229 1697 283 1697 231 284 231 233 285 232 1684 286 1684 234 287 234 236 288 235 1751 289 1751 237 290 237 239 291 238 1747 292 1747 240 293 240 242 294 241 1750 295 1750 243 296 243 245 297 244 1689 298 1689 246 299 246 248 300 247 1693 301 1693 249 302 249 251 303 250 1738 304 1738 252 305 252 254 306 253 1755 307 1755 255 308 255 257 309 256 1698 310 1698 258 311 258 260 312 259 1732 313 1732 261 314 261 263 315 262 1711 316 1711 264 317 264 266 318 265 1688 319 1688 267 320 267 269 321 268 1759 322 1759 270 323 270 272 324 271 1749 325 1749 273 326 273 275 327 274 1756 328 1756 276 329 276 278 330 277 1701 331 1701 279 332 279 281 333 280 1715 334 1715 282 335 282 284 336 283 1720 337 1720 285 338 285 287 339 286 1737 340 1737 288 341 288 290 342 289 1731 343 1731 291 344 291 293 345 292 1719 346 1719 294 347 294 296 348 295 1746 349 1746 297 350 297 299 351 298 1699 352 1699 300 353 300 302 354 301 1685 355 1685 303 356 303 305 357 304 1761 358 1761 306 359 306 308 360 307 1734 361 1734 309 362 309 311 363 310 1743 364 1743 312 365 312 314 366 313 1726 367 1726 315 368 315 317 369 316 1706 370 1706 318 371 318 320 372 319 1730 373 1730 321 374 321 323 375 322 1724 376 1724 324 377 324 326 378 325 1721 379 1721 327 380 327 329 381 328 1758 382 1758 330 383 330 332 384 331 1683 385 1683 333 386 333 335 387 334 1708 388 1708 336 389 336 338 390 337 1744 391 1744 339 392 339 341 393 340 1739 394 1739 342 395 342 344 396 343 1762 397 1762 345 398 345 347 399 346 1754 400 1754 348 401 348 350 402 349 1757 403 1757 351 404 351 353 405 352 1741 406 1741 354 407 354 356 408 355 1712 409 1712 357 410 357 359 411 358 1736 412 1736 360 413 360 362 414 361 1713 415 1713 363 416 363 365 417 364 1760 418 1760 366 419 366 368 420 367 1725 421 1725 369 422 369 372 423 370 371 424 371 370 425 372 373 426 373 375 427 374 374 428 375 377 429 376 1765 430 1765 378 431 378 1767 432 1767 379 433 380 381 434 381 383 435 382 1774 436 1774 384 437 384 11 438 10 385 439 385 9 440 9 385 441 385 11 442 10 10 443 11 387 444 386 1807 445 1807 388 446 388 390 447 389 1818 448 1818 391 449 391 393 450 392 392 451 393 394 452 394 396 453 395 395 454 396 397 455 397 399 456 398 398 457 399 400 458 400 402 459 401 1789 460 1789 403 461 403 405 462 404 1806 463 1806 406 464 406 408 465 407 1783 466 1783 409 467 409 411 468 410 410 469 411 412 470 412 414 471 413 1785 472 1785 415 473 415 417 474 416 416 475 417 418 476 418 420 477 419 1794 478 1794 421 479 421 423 480 422 1793 481 1793 424 482 424 426 483 425 1788 484 1788 427 485 427 429 486 428 428 487 429 430 488 430 432 489 431 431 490 432 433 491 433 435 492 434 1812 493 1812 436 494 436 438 495 437 437 496 438 439 497 439 441 498 440 1813 499 1813 442 500 442 444 501 443 443 502 444 445 503 445 447 504 446 1786 505 1786 448 506 448 450 507 449 449 508 450 451 509 451 453 510 452 1779 511 1779 454 512 454 456 513 455 455 514 456 457 515 457 459 516 458 1816 517 1816 460 518 460 462 519 461 1817 520 1817 463 521 463 465 522 464 464 523 465 466 524 466 468 525 467 1820 526 1820 469 527 469 471 528 470 1781 529 1781 472 530 472 474 531 473 1790 532 1790 475 533 475 477 534 476 476 535 477 478 536 478 480 537 479 479 538 480 481 539 481 483 540 482 1815 541 1815 484 542 484 486 543 485 1791 544 1791 487 545 487 489 546 488 1811 547 1811 490 548 490 492 549 491 1797 550 1797 493 551 493 495 552 494 494 553 495 496 554 496 498 555 497 497 556 498 499 557 499 501 558 500 500 559 501 502 560 502 504 561 503 503 562 504 505 563 505 507 564 506 506 565 507 508 566 508 510 567 509 509 568 510 511 569 511 513 570 512 512 571 513 514 572 514 516 573 515 1795 574 1795 517 575 517 519 576 518 1823 577 1823 520 578 520 522 579 521 1780 580 1780 523 581 523 525 582 524 524 583 525 526 584 526 528 585 527 1803 586 1803 529 587 529 531 588 530 530 589 531 532 590 532 534 591 533 533 592 534 535 593 535 537 594 536 536 595 537 538 596 538 540 597 539 1801 598 1801 541 599 541 543 600 542 1805 601 1805 544 602 544 546 603 545 545 604 546 547 605 547 549 606 548 1799 607 1799 550 608 550 552 609 551 551 610 552 553 611 553 555 612 554 554 613 555 556 614 556 558 615 557 1822 616 1822 559 617 559 561 618 560 560 619 561 562 620 562 564 621 563 563 622 564 565 623 565 567 624 566 1821 625 1821 568 626 568 570 627 569 1792 628 1792 571 629 571 573 630 572 572 631 573 574 632 574 576 633 575 1819 634 1819 577 635 577 579 636 578 1809 637 1809 580 638 580 582 639 581 1810 640 1810 583 641 583 585 642 584 584 643 585 586 644 586 588 645 587 587 646 588 589 647 589 591 648 590 590 649 591 592 650 592 594 651 593 1798 652 1798 595 653 595 597 654 596 596 655 597 598 656 598 600 657 599 1800 658 1800 601 659 601 603 660 602 1782 661 1782 604 662 604 606 663 605 605 664 606 607 665 607 609 666 608 1814 667 1814 610 668 610 612 669 611 1804 670 1804 613 671 613 615 672 614 614 673 615 616 674 616 618 675 617 617 676 618 619 677 619 621 678 620 1784 679 1784 622 680 622 624 681 623 1808 682 1808 625 683 625 627 684 626 626 685 627 628 686 628 629 687 629 8 688 6 1338 689 1338 8 690 6 629 691 629 16 692 16 631 693 630 630 694 631 632 695 632 634 696 633 633 697 634 635 698 635 637 699 636 636 700 637 638 701 638 640 702 639 639 703 640 641 704 641 642 705 642 1287 706 1287 5 707 5 1627 708 1627 642 709 642 5 710 5 644 711 643 643 712 644 645 713 645 647 714 646 646 715 647 648 716 648 649 717 649 651 718 650 650 719 651 652 720 652 654 721 653 653 722 654 656 723 655 655 724 656 657 725 657 1 726 2 658 727 658 1642 728 1642 2 729 0 658 730 658 682 731 682 659 732 659 661 733 660 660 734 661 663 735 662 662 736 663 664 737 664 665 738 665 667 739 666 666 740 667 669 741 668 668 742 669 670 743 670 671 744 671 18 745 17 19 746 18 18 747 17 671 748 671 29 749 29 673 750 672 672 751 673 674 752 674 4 753 3 675 754 675 642 755 642 1627 756 1627 675 757 675 4 758 3 677 759 676 678 760 677 676 761 678 1766 762 1766 681 763 680 680 764 681 1 765 2 682 766 682 658 767 658 1 768 2 20 769 20 682 770 682 685 771 683 684 772 684 683 773 685 687 774 686 1748 775 1748 688 776 688 689 777 689 691 778 690 690 779 691 693 780 692 692 781 693 694 782 694 695 783 695 697 784 696 696 785 697 700 786 698 699 787 699 698 788 700 703 789 701 702 790 702 701 791 703 705 792 704 706 793 705 704 794 706 709 795 707 707 796 708 708 797 709 712 798 710 711 799 711 710 800 712 714 801 713 713 802 714 715 803 715 717 804 716 1787 805 1787 718 806 718 721 807 719 720 808 720 719 809 721 724 810 722 723 811 723 722 812 724 727 813 725 726 814 726 725 815 727 729 816 728 728 817 729 730 818 730 732 819 731 731 820 732 733 821 733 735 822 734 734 823 735 736 824 736 738 825 737 737 826 738 739 827 739 741 828 740 740 829 741 742 830 742 744 831 743 743 832 744 745 833 745 747 834 746 746 835 747 748 836 748 750 837 749 749 838 750 751 839 751 753 840 752 752 841 753 754 842 754 756 843 755 755 844 756 757 845 757 759 846 758 758 847 759 760 848 760 762 849 761 761 850 762 763 851 763 765 852 764 764 853 765 766 854 766 768 855 767 767 856 768 769 857 769 771 858 770 770 859 771 772 860 772 774 861 773 773 862 774 775 863 775 777 864 776 776 865 777 778 866 778 780 867 779 779 868 780 781 869 781 783 870 782 782 871 783 784 872 784 786 873 785 785 874 786 787 875 787 789 876 788 788 877 789 790 878 790 792 879 791 791 880 792 793 881 793 795 882 794 794 883 795 796 884 796 798 885 797 797 886 798 799 887 799 801 888 800 800 889 801 802 890 802 804 891 803 803 892 804 805 893 805 807 894 806 806 895 807 808 896 808 810 897 809 809 898 810 811 899 811 813 900 812 812 901 813 814 902 814 816 903 815 815 904 816 817 905 817 819 906 818 818 907 819 820 908 820 822 909 821 821 910 822 823 911 823 825 912 824 824 913 825 826 914 826 828 915 827 827 916 828 829 917 829 831 918 830 830 919 831 832 920 832 834 921 833 833 922 834 835 923 835 837 924 836 836 925 837 838 926 838 840 927 839 839 928 840 841 929 841 843 930 842 842 931 843 844 932 844 846 933 845 845 934 846 847 935 847 849 936 848 848 937 849 850 938 850 852 939 851 851 940 852 853 941 853 855 942 854 854 943 855 856 944 856 858 945 857 857 946 858 859 947 859 861 948 860 860 949 861 862 950 862 864 951 863 863 952 864 865 953 865 867 954 866 866 955 867 868 956 868 870 957 869 869 958 870 871 959 871 873 960 872 872 961 873 874 962 874 876 963 875 875 964 876 877 965 877 879 966 878 878 967 879 880 968 880 882 969 881 881 970 882 883 971 883 885 972 884 884 973 885 886 974 886 888 975 887 887 976 888 889 977 889 891 978 890 890 979 891 892 980 892 894 981 893 893 982 894 895 983 895 897 984 896 896 985 897 898 986 898 900 987 899 899 988 900 901 989 901 903 990 902 902 991 903 904 992 904 906 993 905 905 994 906 907 995 907 909 996 908 908 997 909 910 998 910 912 999 911 911 1000 912 913 1001 913 915 1002 914 914 1003 915 916 1004 916 918 1005 917 917 1006 918 919 1007 919 921 1008 920 920 1009 921 922 1010 922 924 1011 923 923 1012 924 925 1013 925 927 1014 926 926 1015 927 928 1016 928 930 1017 929 929 1018 930 931 1019 931 933 1020 932 932 1021 933 934 1022 934 936 1023 935 935 1024 936 937 1025 937 939 1026 938 938 1027 939 940 1028 940 942 1029 941 941 1030 942 943 1031 943 945 1032 944 944 1033 945 946 1034 946 948 1035 947 947 1036 948 949 1037 949 951 1038 950 950 1039 951 952 1040 952 954 1041 953 953 1042 954 955 1043 955 957 1044 956 956 1045 957 958 1046 958 960 1047 959 959 1048 960 961 1049 961 963 1050 962 962 1051 963 964 1052 964 966 1053 965 965 1054 966 967 1055 967 970 1056 968 969 1057 969 968 1058 970 972 1059 971 971 1060 972 973 1061 973 975 1062 974 974 1063 975 976 1064 976 977 1065 977 979 1066 978 978 1067 979 981 1068 980 980 1069 981 982 1070 982 984 1071 983 983 1072 984 985 1073 985 987 1074 986 1723 1075 1723 988 1076 988 990 1077 989 989 1078 990 991 1079 991 993 1080 992 1796 1081 1796 994 1082 994 19 1083 18 18 1084 17 995 1085 995 17 1086 19 19 1087 18 995 1088 995 997 1089 996 998 1090 997 996 1091 998 1000 1092 999 999 1093 1000 1001 1094 1001 1672 1095 1672 1002 1096 1002 1286 1097 1286 13 1098 15 1321 1099 1321 1002 1100 1002 6 1101 7 16 1102 16 1003 1103 1003 8 1104 6 6 1105 7 1003 1106 1003 1004 1107 1004 1006 1108 1005 1005 1109 1006 1007 1110 1007 1009 1111 1008 1008 1112 1009 1011 1113 1010 1010 1114 1011 1012 1115 1012 1014 1116 1013 1013 1117 1014 1015 1118 1015 1017 1119 1016 1016 1120 1017 1018 1121 1018 1020 1122 1019 1019 1123 1020 1021 1124 1021 1023 1125 1022 1022 1126 1023 1024 1127 1024 1026 1128 1025 1025 1129 1026 1027 1130 1027 1029 1131 1028 1028 1132 1029 1030 1133 1030 1032 1134 1031 1031 1135 1032 1033 1136 1033 1035 1137 1034 1034 1138 1035 1036 1139 1036 1038 1140 1037 1037 1141 1038 1039 1142 1039 1041 1143 1040 1040 1144 1041 1042 1145 1042 1044 1146 1043 1043 1147 1044 1045 1148 1045 1047 1149 1046 1046 1150 1047 1048 1151 1048 1050 1152 1049 1049 1153 1050 1051 1154 1051 1053 1155 1052 1052 1156 1053 1054 1157 1054 1056 1158 1055 1055 1159 1056 1057 1160 1057 1059 1161 1058 1058 1162 1059 1060 1163 1060 1062 1164 1061 1061 1165 1062 1063 1166 1063 1065 1167 1064 1064 1168 1065 1066 1169 1066 1068 1170 1067 1067 1171 1068 1069 1172 1069 1071 1173 1070 1070 1174 1071 1072 1175 1072 1074 1176 1073 1073 1177 1074 1075 1178 1075 1077 1179 1076 1076 1180 1077 1078 1181 1078 1080 1182 1079 1079 1183 1080 1081 1184 1081 1083 1185 1082 1082 1186 1083 1084 1187 1084 1086 1188 1085 1085 1189 1086 1087 1190 1087 1089 1191 1088 1088 1192 1089 1090 1193 1090 1092 1194 1091 1091 1195 1092 1093 1196 1093 1095 1197 1094 1094 1198 1095 1096 1199 1096 1098 1200 1097 1097 1201 1098 1099 1202 1099 1101 1203 1100 1100 1204 1101 1102 1205 1102 1104 1206 1103 1103 1207 1104 1105 1208 1105 1107 1209 1106 1106 1210 1107 1108 1211 1108 1110 1212 1109 1109 1213 1110 1111 1214 1111 1113 1215 1112 1112 1216 1113 1114 1217 1114 1116 1218 1115 1115 1219 1116 1117 1220 1117 1119 1221 1118 1118 1222 1119 1120 1223 1120 1122 1224 1121 1121 1225 1122 1123 1226 1123 1125 1227 1124 1124 1228 1125 1126 1229 1126 1128 1230 1127 1127 1231 1128 1129 1232 1129 1131 1233 1130 1130 1234 1131 1132 1235 1132 1134 1236 1133 1133 1237 1134 1135 1238 1135 1137 1239 1136 1136 1240 1137 1138 1241 1138 1140 1242 1139 1139 1243 1140 1141 1244 1141 1143 1245 1142 1142 1246 1143 1144 1247 1144 1146 1248 1145 1145 1249 1146 1147 1250 1147 1149 1251 1148 1148 1252 1149 1150 1253 1150 1152 1254 1151 1151 1255 1152 1153 1256 1153 1155 1257 1154 1154 1258 1155 1156 1259 1156 1158 1260 1157 1157 1261 1158 1159 1262 1159 1161 1263 1160 1160 1264 1161 1162 1265 1162 1164 1266 1163 1163 1267 1164 1165 1268 1165 1167 1269 1166 1166 1270 1167 1168 1271 1168 1170 1272 1169 1169 1273 1170 1171 1274 1171 1173 1275 1172 1172 1276 1173 1174 1277 1174 1176 1278 1175 1175 1279 1176 1177 1280 1177 1179 1281 1178 1178 1282 1179 1180 1283 1180 1182 1284 1181 1181 1285 1182 1183 1286 1183 1185 1287 1184 1184 1288 1185 1186 1289 1186 1188 1290 1187 1187 1291 1188 1189 1292 1189 1191 1293 1190 1190 1294 1191 1192 1295 1192 1194 1296 1193 1193 1297 1194 1195 1298 1195 1197 1299 1196 1196 1300 1197 1198 1301 1198 1200 1302 1199 1199 1303 1200 1201 1304 1201 1203 1305 1202 1202 1306 1203 1204 1307 1204 1206 1308 1205 1205 1309 1206 1207 1310 1207 1209 1311 1208 1208 1312 1209 1210 1313 1210 1212 1314 1211 1211 1315 1212 1213 1316 1213 1215 1317 1214 1214 1318 1215 1216 1319 1216 1218 1320 1217 1217 1321 1218 1219 1322 1219 1221 1323 1220 1220 1324 1221 1222 1325 1222 1224 1326 1223 1223 1327 1224 1225 1328 1225 1227 1329 1226 1226 1330 1227 1228 1331 1228 1230 1332 1229 1229 1333 1230 1231 1334 1231 1233 1335 1232 1232 1336 1233 1234 1337 1234 1236 1338 1235 1235 1339 1236 1237 1340 1237 1239 1341 1238 1238 1342 1239 1240 1343 1240 1242 1344 1241 1241 1345 1242 1243 1346 1243 1245 1347 1244 1244 1348 1245 1246 1349 1246 1248 1350 1247 1247 1351 1248 1249 1352 1249 1251 1353 1250 1250 1354 1251 1252 1355 1252 1255 1356 1253 1253 1357 1254 1254 1358 1255 1257 1359 1256 1256 1360 1257 1258 1361 1258 1677 1362 1677 1259 1363 1260 1261 1364 1261 1678 1365 1678 1262 1366 1263 1264 1367 1264 1674 1368 1674 1265 1369 1266 1267 1370 1267 1675 1371 1675 1268 1372 1269 1270 1373 1270 1673 1374 1673 1271 1375 1272 1273 1376 1273 1676 1377 1676 1274 1378 1275 1276 1379 1276 1278 1380 1277 1277 1381 1278 1279 1382 1279 1282 1383 1280 1281 1384 1281 1280 1385 1282 1283 1386 1283 1285 1387 1284 1284 1388 1285 1672 1389 1672 1286 1390 1286 14 1391 14 15 1392 13 14 1393 14 1286 1394 1286 5 1395 5 1287 1396 1287 3 1397 4 12 1398 12 3 1399 4 1287 1400 1287 1768 1401 1768 1288 1402 1289 1290 1403 1290 1770 1404 1770 1291 1405 1292 1293 1406 1293 1772 1407 1772 1294 1408 1295 1296 1409 1296 1771 1410 1771 1297 1411 1298 1299 1412 1299 1773 1413 1773 1300 1414 1301 1302 1415 1302 1769 1416 1769 1303 1417 1304 1305 1418 1305 1306 1419 1306 1308 1420 1307 1307 1421 1308 1310 1422 1309 1309 1423 1310 1311 1424 1311 1313 1425 1312 1312 1426 1313 1314 1427 1314 1316 1428 1315 1315 1429 1316 1317 1430 1317 1319 1431 1318 1318 1432 1319 1320 1433 1320 15 1434 13 1002 1435 1002 1321 1436 1321 15 1437 13 1321 1438 1321 14 1439 14 60 1440 60 1322 1441 1322 0 1442 1 0 1443 1 1322 1444 1322 1642 1445 1642 1324 1446 1323 1323 1447 1324 1325 1448 1325 1326 1449 1326 1328 1450 1327 1327 1451 1328 1330 1452 1329 1331 1453 1330 1329 1454 1331 1333 1455 1332 1332 1456 1333 1334 1457 1334 1335 1458 1335 1337 1459 1336 1336 1460 1337 7 1461 8 629 1462 629 1338 1463 1338 7 1464 8 1338 1465 1338 16 1466 16 1339 1467 1339 1341 1468 1340 1340 1469 1341 1343 1470 1342 1342 1471 1343 1344 1472 1344 1346 1473 1345 1345 1474 1346 1347 1475 1347 1349 1476 1348 1348 1477 1349 1350 1478 1350 1352 1479 1351 1351 1480 1352 1353 1481 1353 1355 1482 1354 1354 1483 1355 1356 1484 1356 1358 1485 1357 1357 1486 1358 1359 1487 1359 1361 1488 1360 1360 1489 1361 1362 1490 1362 1364 1491 1363 1363 1492 1364 1365 1493 1365 1367 1494 1366 1366 1495 1367 1368 1496 1368 1370 1497 1369 1369 1498 1370 1371 1499 1371 1373 1500 1372 1372 1501 1373 1374 1502 1374 1376 1503 1375 1375 1504 1376 1377 1505 1377 1379 1506 1378 1378 1507 1379 1380 1508 1380 1382 1509 1381 1381 1510 1382 1383 1511 1383 1385 1512 1384 1384 1513 1385 1386 1514 1386 1388 1515 1387 1387 1516 1388 1389 1517 1389 1391 1518 1390 1390 1519 1391 1392 1520 1392 1394 1521 1393 1393 1522 1394 1395 1523 1395 1397 1524 1396 1396 1525 1397 1398 1526 1398 1400 1527 1399 1399 1528 1400 1401 1529 1401 1403 1530 1402 1402 1531 1403 1404 1532 1404 1406 1533 1405 1405 1534 1406 1407 1535 1407 1409 1536 1408 1408 1537 1409 1410 1538 1410 1412 1539 1411 1411 1540 1412 1413 1541 1413 1415 1542 1414 1414 1543 1415 1416 1544 1416 1418 1545 1417 1417 1546 1418 1419 1547 1419 1421 1548 1420 1420 1549 1421 1422 1550 1422 1424 1551 1423 1423 1552 1424 1425 1553 1425 1427 1554 1426 1426 1555 1427 1428 1556 1428 1430 1557 1429 1429 1558 1430 1431 1559 1431 1433 1560 1432 1432 1561 1433 1434 1562 1434 1436 1563 1435 1435 1564 1436 1437 1565 1437 1439 1566 1438 1438 1567 1439 1440 1568 1440 1442 1569 1441 1441 1570 1442 1443 1571 1443 1445 1572 1444 1444 1573 1445 1446 1574 1446 1448 1575 1447 1447 1576 1448 1449 1577 1449 1451 1578 1450 1450 1579 1451 1452 1580 1452 1454 1581 1453 1453 1582 1454 1455 1583 1455 1457 1584 1456 1456 1585 1457 1458 1586 1458 1460 1587 1459 1459 1588 1460 1461 1589 1461 1463 1590 1462 1462 1591 1463 1464 1592 1464 1466 1593 1465 1465 1594 1466 1467 1595 1467 1469 1596 1468 1468 1597 1469 1470 1598 1470 1472 1599 1471 1471 1600 1472 1473 1601 1473 1475 1602 1474 1474 1603 1475 1476 1604 1476 1478 1605 1477 1477 1606 1478 1479 1607 1479 1481 1608 1480 1480 1609 1481 1482 1610 1482 1484 1611 1483 1483 1612 1484 1485 1613 1485 1487 1614 1486 1486 1615 1487 1488 1616 1488 1490 1617 1489 1489 1618 1490 1491 1619 1491 1493 1620 1492 1492 1621 1493 1494 1622 1494 1496 1623 1495 1495 1624 1496 1497 1625 1497 1499 1626 1498 1498 1627 1499 1500 1628 1500 1502 1629 1501 1501 1630 1502 1503 1631 1503 1505 1632 1504 1504 1633 1505 1506 1634 1506 1508 1635 1507 1507 1636 1508 1509 1637 1509 1511 1638 1510 1510 1639 1511 1512 1640 1512 1514 1641 1513 1513 1642 1514 1515 1643 1515 1517 1644 1516 1516 1645 1517 1518 1646 1518 1520 1647 1519 1519 1648 1520 1521 1649 1521 1523 1650 1522 1522 1651 1523 1524 1652 1524 1526 1653 1525 1525 1654 1526 1527 1655 1527 1529 1656 1528 1528 1657 1529 1530 1658 1530 1532 1659 1531 1531 1660 1532 1533 1661 1533 1535 1662 1534 1534 1663 1535 1536 1664 1536 1538 1665 1537 1537 1666 1538 1539 1667 1539 1541 1668 1540 1540 1669 1541 1542 1670 1542 1544 1671 1543 1543 1672 1544 1545 1673 1545 1547 1674 1546 1546 1675 1547 1548 1676 1548 1550 1677 1549 1549 1678 1550 1551 1679 1551 1553 1680 1552 1552 1681 1553 1554 1682 1554 1556 1683 1555 1555 1684 1556 1557 1685 1557 1559 1686 1558 1558 1687 1559 1560 1688 1560 1562 1689 1561 1561 1690 1562 1563 1691 1563 1565 1692 1564 1564 1693 1565 1566 1694 1566 1568 1695 1567 1567 1696 1568 1569 1697 1569 1571 1698 1570 1570 1699 1571 1572 1700 1572 1574 1701 1573 1573 1702 1574 1575 1703 1575 1577 1704 1576 1576 1705 1577 1578 1706 1578 1580 1707 1579 1579 1708 1580 1581 1709 1581 1583 1710 1582 1582 1711 1583 1584 1712 1584 1586 1713 1585 1585 1714 1586 1587 1715 1587 1589 1716 1588 1588 1717 1589 1590 1718 1590 1592 1719 1591 1591 1720 1592 1593 1721 1593 1595 1722 1594 1594 1723 1595 1596 1724 1596 1598 1725 1597 1597 1726 1598 1599 1727 1599 1601 1728 1600 1600 1729 1601 1602 1730 1602 1604 1731 1603 1603 1732 1604 1605 1733 1605 1607 1734 1606 1606 1735 1607 1608 1736 1608 1610 1737 1609 1609 1738 1610 1611 1739 1611 1613 1740 1612 1612 1741 1613 1614 1742 1614 1616 1743 1615 1615 1744 1616 1617 1745 1617 1619 1746 1618 1618 1747 1619 1620 1748 1620 1622 1749 1621 1621 1750 1622 1623 1751 1623 1625 1752 1624 1624 1753 1625 1626 1754 1626 12 1755 12 1627 1756 1627 5 1757 5 1627 1758 1627 12 1759 12 1287 1760 1287 1629 1761 1628 1628 1762 1629 1630 1763 1630 1632 1764 1631 1631 1765 1632 1633 1766 1633 1635 1767 1634 1634 1768 1635 1636 1769 1636 9 1770 9 1637 1771 1637 28 1772 28 9 1773 9 27 1774 27 1637 1775 1637 10 1776 11 1638 1777 1638 27 1778 27 28 1779 28 1638 1780 1638 10 1781 11 1639 1782 1639 1641 1783 1640 1640 1784 1641 1642 1785 1642 658 1786 658 2 1787 0 2 1788 0 0 1789 1 1642 1790 1642 101 1791 100 100 1792 102 1643 1793 1643 1644 1794 1644 1646 1795 1645 1645 1796 1646 122 1797 121 121 1798 123 1647 1799 1647 1649 1800 1648 1648 1801 1649 1650 1802 1650 1652 1803 1651 1651 1804 1652 1653 1805 1653 1655 1806 1654 1654 1807 1655 1656 1808 1656 1658 1809 1657 1657 1810 1658 1659 1811 1659 1661 1812 1660 1660 1813 1661 1662 1814 1662 1664 1815 1663 1663 1816 1664 1665 1817 1665 1667 1818 1666 1666 1819 1667 1668 1820 1668 1670 1821 1669 1669 1822 1670 1671 1823 1671 1672 1824 1672 13 1825 15 1002 1826 1002 1672 1827 1672 1321 1828 1321 13 1829 15 1673 1830 1673 1272 1831 1271 1271 1832 1272 1674 1833 1674 1266 1834 1265 1265 1835 1266 1675 1836 1675 1269 1837 1268 1268 1838 1269 1676 1839 1676 1275 1840 1274 1274 1841 1275 1677 1842 1677 1260 1843 1259 1259 1844 1260 1678 1845 1678 1263 1846 1262 1262 1847 1263 128 1848 127 127 1849 128 1679 1850 1679 23 1851 21 22 1852 22 1680 1853 1680 188 1854 187 187 1855 188 1681 1856 1681 143 1857 142 142 1858 143 1682 1859 1682 332 1860 331 331 1861 332 1683 1862 1683 233 1863 232 232 1864 233 1684 1865 1684 302 1866 301 301 1867 302 1685 1868 1685 167 1869 166 166 1870 167 1686 1871 1686 170 1872 169 169 1873 170 1687 1874 1687 266 1875 265 265 1876 266 1688 1877 1688 245 1878 244 244 1879 245 1689 1880 1689 173 1881 172 172 1882 173 1690 1883 1690 224 1884 223 223 1885 224 1691 1886 1691 218 1887 217 217 1888 218 1692 1889 1692 248 1890 247 247 1891 248 1693 1892 1693 131 1893 130 130 1894 131 1694 1895 1694 137 1896 136 136 1897 137 1695 1898 1695 155 1899 154 154 1900 155 1696 1901 1696 230 1902 229 229 1903 230 1697 1904 1697 257 1905 256 256 1906 257 1698 1907 1698 299 1908 298 298 1909 299 1699 1910 1699 134 1911 133 133 1912 134 1700 1913 1700 278 1914 277 277 1915 278 1701 1916 1701 146 1917 145 145 1918 146 1702 1919 1702 152 1920 151 151 1921 152 1703 1922 1703 176 1923 175 175 1924 176 1704 1925 1704 161 1926 160 160 1927 161 1705 1928 1705 317 1929 316 316 1930 317 1706 1931 1706 209 1932 208 208 1933 209 1707 1934 1707 335 1935 334 334 1936 335 1708 1937 1708 215 1938 214 214 1939 215 1709 1940 1709 182 1941 181 181 1942 182 1710 1943 1710 263 1944 262 262 1945 263 1711 1946 1711 356 1947 355 355 1948 356 1712 1949 1712 362 1950 361 361 1951 362 1713 1952 1713 1604 1953 1603 1714 1954 1714 1603 1955 1604 281 1956 280 280 1957 281 1715 1958 1715 179 1959 178 178 1960 179 1716 1961 1716 191 1962 190 190 1963 191 1717 1964 1717 164 1965 163 163 1966 164 1718 1967 1718 293 1968 292 292 1969 293 1719 1970 1719 284 1971 283 283 1972 284 1720 1973 1720 326 1974 325 325 1975 326 1721 1976 1721 158 1977 157 157 1978 158 1722 1979 1722 987 1980 986 986 1981 987 1723 1982 1723 323 1983 322 322 1984 323 1724 1985 1724 368 1986 367 367 1987 368 1725 1988 1725 314 1989 313 313 1990 314 1726 1991 1726 212 1992 211 211 1993 212 1727 1994 1727 203 1995 202 202 1996 203 1728 1997 1728 1729 1998 1729 90 1999 89 89 2000 90 320 2001 319 319 2002 320 1730 2003 1730 290 2004 289 289 2005 290 1731 2006 1731 260 2007 259 259 2008 260 1732 2009 1732 194 2010 193 193 2011 194 1733 2012 1733 308 2013 307 307 2014 308 1734 2015 1734 197 2016 196 196 2017 197 1735 2018 1735 359 2019 358 358 2020 359 1736 2021 1736 287 2022 286 286 2023 287 1737 2024 1737 251 2025 250 250 2026 251 1738 2027 1738 341 2028 340 340 2029 341 1739 2030 1739 140 2031 139 139 2032 140 1740 2033 1740 353 2034 352 352 2035 353 1741 2036 1741 185 2037 184 184 2038 185 1742 2039 1742 311 2040 310 310 2041 311 1743 2042 1743 338 2043 337 337 2044 338 1744 2045 1744 221 2046 220 220 2047 221 1745 2048 1745 296 2049 295 295 2050 296 1746 2051 1746 239 2052 238 238 2053 239 1747 2054 1747 687 2055 686 686 2056 687 1748 2057 1748 272 2058 271 271 2059 272 1749 2060 1749 242 2061 241 241 2062 242 1750 2063 1750 236 2064 235 235 2065 236 1751 2066 1751 200 2067 199 199 2068 200 1752 2069 1752 227 2070 226 226 2071 227 1753 2072 1753 347 2073 346 346 2074 347 1754 2075 1754 254 2076 253 253 2077 254 1755 2078 1755 275 2079 274 274 2080 275 1756 2081 1756 350 2082 349 349 2083 350 1757 2084 1757 329 2085 328 328 2086 329 1758 2087 1758 269 2088 268 268 2089 269 1759 2090 1759 365 2091 364 364 2092 365 1760 2093 1760 305 2094 304 304 2095 305 1761 2096 1761 344 2097 343 343 2098 344 1762 2099 1762 206 2100 205 205 2101 206 1763 2102 1763 149 2103 148 148 2104 149 1764 2105 1764 377 2106 376 376 2107 377 1765 2108 1765 1766 2109 1766 679 2110 679 681 2111 680 1767 2112 1767 380 2113 379 379 2114 380 1768 2115 1768 1289 2116 1288 1288 2117 1289 1769 2118 1769 1304 2119 1303 1303 2120 1304 1770 2121 1770 1292 2122 1291 1291 2123 1292 1771 2124 1771 1298 2125 1297 1297 2126 1298 1772 2127 1772 1295 2128 1294 1294 2129 1295 1773 2130 1773 1301 2131 1300 1300 2132 1301 383 2133 382 382 2134 383 1774 2135 1774 26 2136 24 25 2137 25 1775 2138 1775 1777 2139 1776 1776 2140 1777 1778 2141 1778 453 2142 452 452 2143 453 1779 2144 1779 522 2145 521 521 2146 522 1780 2147 1780 471 2148 470 470 2149 471 1781 2150 1781 603 2151 602 602 2152 603 1782 2153 1782 408 2154 407 407 2155 408 1783 2156 1783 621 2157 620 620 2158 621 1784 2159 1784 414 2160 413 413 2161 414 1785 2162 1785 447 2163 446 446 2164 447 1786 2165 1786 717 2166 716 716 2167 717 1787 2168 1787 426 2169 425 425 2170 426 1788 2171 1788 402 2172 401 401 2173 402 1789 2174 1789 474 2175 473 473 2176 474 1790 2177 1790 486 2178 485 485 2179 486 1791 2180 1791 570 2181 569 569 2182 570 1792 2183 1792 423 2184 422 422 2185 423 1793 2186 1793 420 2187 419 419 2188 420 1794 2189 1794 516 2190 515 515 2191 516 1795 2192 1795 993 2193 992 992 2194 993 1796 2195 1796 492 2196 491 491 2197 492 1797 2198 1797 594 2199 593 593 2200 594 1798 2201 1798 549 2202 548 548 2203 549 1799 2204 1799 600 2205 599 599 2206 600 1800 2207 1800 540 2208 539 539 2209 540 1801 2210 1801 1629 2211 1628 1802 2212 1802 1628 2213 1629 528 2214 527 527 2215 528 1803 2216 1803 612 2217 611 611 2218 612 1804 2219 1804 543 2220 542 542 2221 543 1805 2222 1805 405 2223 404 404 2224 405 1806 2225 1806 387 2226 386 386 2227 387 1807 2228 1807 624 2229 623 623 2230 624 1808 2231 1808 579 2232 578 578 2233 579 1809 2234 1809 582 2235 581 581 2236 582 1810 2237 1810 489 2238 488 488 2239 489 1811 2240 1811 435 2241 434 434 2242 435 1812 2243 1812 441 2244 440 440 2245 441 1813 2246 1813 609 2247 608 608 2248 609 1814 2249 1814 483 2250 482 482 2251 483 1815 2252 1815 459 2253 458 458 2254 459 1816 2255 1816 462 2256 461 461 2257 462 1817 2258 1817 390 2259 389 389 2260 390 1818 2261 1818 576 2262 575 575 2263 576 1819 2264 1819 468 2265 467 467 2266 468 1820 2267 1820 567 2268 566 566 2269 567 1821 2270 1821 558 2271 557 557 2272 558 1822 2273 1822 519 2274 518 518 2275 519 1823 2276 1823</p>
        </triangles>
      </mesh>
    </geometry>
  </library_geometries>
  <library_visual_scenes>
    <visual_scene id="SM_Urchin_Group_02" name="SM_Urchin_Group_02">
      <node name="SM_Urchin_Group_02_LOD0" id="SM_Urchin_Group_02_LOD0" layer="urchin" sid="SM_Urchin_Group_02_LOD0">
        <matrix sid="matrix">1.000000 0.000000 0.000000 0.000000 0.000000 0.000000 1.000000 0.000000 0.000000 -1.000000 0.000000 0.000000 0.000000 0.000000 0.000000 1.000000</matrix>
        <instance_geometry url="#SM_Urchin_Group_02_LOD0-lib">
          <bind_material>
            <technique_common>
              <instance_material symbol="MAT_Urchin" target="#MAT_Urchin"/>
            </technique_common>
          </bind_material>
        </instance_geometry>
        <extra>
          <technique profile="FCOLLADA">
            <visibility>1.000000</visibility>
          </technique>
        </extra>
      </node>
      <node name="SM_Urchin_Group_02_LOD1" id="SM_Urchin_Group_02_LOD1" layer="urchin" sid="SM_Urchin_Group_02_LOD1">
        <matrix sid="matrix">1.000000 0.000000 0.000000 0.000000 0.000000 0.000000 1.000000 0.000000 0.000000 -1.000000 0.000000 0.000000 0.000000 0.000000 0.000000 1.000000</matrix>
        <instance_geometry url="#SM_Urchin_Group_02_LOD1-lib">
          <bind_material>
            <technique_common>
              <instance_material symbol="MAT_Urchin" target="#MAT_Urchin"/>
            </technique_common>
          </bind_material>
        </instance_geometry>
        <extra>
          <technique profile="FCOLLADA">
            <visibility>1.000000</visibility>
          </technique>
        </extra>
      </node>
      <node name="SM_Urchin_Group_02_LOD2" id="SM_Urchin_Group_02_LOD2" layer="urchin" sid="SM_Urchin_Group_02_LOD2">
        <matrix sid="matrix">1.000000 0.000000 0.000000 0.000000 0.000000 0.000000 1.000000 0.000000 0.000000 -1.000000 0.000000 0.000000 0.000000 0.000000 0.000000 1.000000</matrix>
        <instance_geometry url="#SM_Urchin_Group_02_LOD2-lib">
          <bind_material>
            <technique_common>
              <instance_material symbol="MAT_Urchin" target="#MAT_Urchin"/>
            </technique_common>
          </bind_material>
        </instance_geometry>
        <extra>
          <technique profile="FCOLLADA">
            <visibility>1.000000</visibility>
          </technique>
        </extra>
      </node>
      <extra>
        <technique profile="MAX3D">
          <frame_rate>30.000000</frame_rate>
        </technique>
        <technique profile="FCOLLADA">
          <start_time>0.000000</start_time>
          <end_time>3.333333</end_time>
        </technique>
      </extra>
    </visual_scene>
  </library_visual_scenes>
  <scene>
    <instance_visual_scene url="#SM_Urchin_Group_02"/>
  </scene>
</COLLADA>
