# 3ds Max Wavefront OBJ Exporter v0.97b - (c)2007 guruware
# File Created: 10.02.2024 08:45:31

mtllib SM_Barnacle_Group_03.mtl

#
# object SM_Barnacle_Group_03_LOD0
#

v  3.4463 0.0386 89.5991
v  2.3661 0.0386 87.2567
v  0.2849 0.0386 85.8533
v  -1.5540 0.0386 86.2966
v  0.2338 0.1974 86.5850
v  -3.2206 0.0386 87.6808
v  -3.7944 0.0386 89.3739
v  -2.9044 0.0386 90.9216
v  -2.2175 0.1948 90.4132
v  -1.3840 0.1974 91.2714
v  0.1612 0.2096 91.6654
v  -1.4319 0.0386 92.8676
v  0.5513 0.0386 92.6051
v  2.2829 0.0386 91.3769
v  1.5812 0.2096 90.8547
v  1.0891 0.8592 90.2236
v  2.1802 0.1974 89.3100
v  1.4852 0.8029 89.0464
v  1.2914 0.1974 87.8087
v  0.8758 0.8029 87.9087
v  0.0533 0.8029 87.0068
v  -1.3421 0.2096 86.8337
v  -2.5436 0.2096 87.9334
v  -2.7020 0.1974 89.5291
v  -1.2149 0.7434 90.7965
v  -0.0216 0.7941 91.0271
v  -1.1224 1.0930 90.3560
v  -1.8099 0.7907 89.9072
v  -2.1551 0.8029 89.2408
v  -1.6142 1.1231 89.5537
v  -2.0278 0.8592 88.1406
v  -1.1274 0.8592 87.1435
v  0.2367 1.2270 88.0344
v  0.5486 1.2270 88.7460
v  0.4262 1.3258 89.5904
v  -0.1777 1.1891 90.5841
v  -0.4136 1.2270 87.3275
v  -1.0813 1.2541 87.4420
v  -0.8179 1.6796 88.8344
v  -1.5699 1.2541 88.0110
v  -1.8988 1.1559 88.9647
v  -1.5965 0.0287 102.6873
v  0.1852 0.0287 104.0851
v  -4.1826 0.0287 103.6205
v  -5.8628 0.0287 105.7023
v  -3.6945 0.1979 104.8120
v  -5.0905 0.1979 105.8234
v  -5.5600 0.0287 107.6955
v  -4.2423 0.0287 109.5917
v  -2.4968 0.0287 110.3556
v  -2.2323 0.1979 109.2097
v  -1.2491 0.1951 108.7760
v  -0.7720 0.0287 109.5518
v  1.4289 0.0287 108.1658
v  1.3312 0.0287 106.0359
v  -0.4334 0.2110 104.7824
v  -2.0190 0.1979 104.0054
v  -1.1486 0.9033 105.2474
v  -3.6263 0.8433 105.2625
v  -4.9703 0.2110 107.5195
v  -4.6217 0.9033 107.3198
v  -3.9123 0.2110 108.8959
v  -2.4885 0.8433 108.6027
v  -0.2617 0.1979 107.9692
v  0.2977 0.2110 106.3644
v  -0.3968 0.8339 106.5002
v  -0.7506 0.7799 107.7463
v  -0.8814 1.2549 106.6256
v  -1.7492 0.8303 108.2970
v  -3.6451 0.9033 108.3671
v  -2.7582 1.2196 108.3053
v  -3.7409 1.3241 107.8689
v  -4.6591 0.8433 106.0536
v  -4.3612 1.2953 106.5787
v  -2.3625 0.8433 104.7193
v  -2.7670 1.2953 105.6865
v  -1.8815 1.4006 105.8935
v  -2.7979 1.7777 107.1456
v  -3.5511 1.2953 105.9527
v  -4.3005 1.3241 107.2981
v  -2.1068 1.1846 108.0569
v  -1.2099 1.1524 107.6079
v  -1.2023 0.0254 94.4276
v  -3.0665 0.0254 92.9547
v  -3.7186 0.1716 93.8563
v  -5.3609 0.0254 92.6706
v  -6.6859 0.0254 93.8017
v  -6.2878 0.1829 94.1543
v  -6.8158 0.1829 95.5585
v  -7.4770 0.0254 95.6336
v  -7.2419 0.0254 97.2631
v  -6.2802 0.1716 96.9349
v  -5.8654 0.0254 98.1628
v  -3.8445 0.0254 99.1464
v  -2.3256 0.0254 98.1036
v  -2.2100 0.1829 96.2367
v  -1.4160 0.0254 96.3728
v  -2.3626 0.1716 94.7184
v  -2.8774 0.7811 95.9238
v  -3.0432 0.7293 94.7919
v  -5.0976 0.1716 93.2926
v  -5.0698 0.7293 93.7144
v  -6.3057 0.7811 95.5136
v  -5.9513 0.7293 96.4700
v  -5.3899 0.7181 96.8733
v  -5.5135 0.1692 97.4588
v  -4.4711 0.1716 97.8158
v  -3.0379 0.1829 97.4947
v  -3.4543 0.7212 97.0468
v  -3.7673 1.0850 96.7482
v  -4.5303 0.6745 97.3553
v  -5.3767 1.0242 96.5013
v  -5.8560 1.0544 96.1364
v  -5.9823 0.7811 94.3191
v  -4.4906 1.1199 94.4817
v  -4.0182 0.7293 94.1118
v  -3.9377 1.1199 94.9359
v  -3.6859 1.2109 95.6803
v  -5.3195 1.1199 94.1725
v  -5.8199 1.1448 94.5450
v  -5.9838 1.1448 95.2161
v  -5.0229 1.5367 95.5785
v  -4.6381 0.9965 96.9550
v  -0.5762 0.0434 84.7570
v  -1.6221 0.0434 82.4888
v  -1.8022 0.1972 84.4772
v  -2.6628 0.1971 83.0233
v  -3.6375 0.0434 81.1299
v  -3.6869 0.1971 81.8384
v  -5.4181 0.0434 81.5592
v  -7.0319 0.0434 82.8996
v  -7.5876 0.0434 84.5390
v  -6.7257 0.0434 86.0377
v  -5.2535 0.1972 86.3764
v  -5.2998 0.0434 87.9220
v  -2.3821 0.2090 85.9729
v  -3.3795 0.0434 87.6678
v  -1.7027 0.0434 86.4786
v  -3.8617 0.7835 82.2469
v  -5.2129 0.2090 82.0792
v  -6.3764 0.2090 83.1441
v  -6.5297 0.1972 84.6893
v  -6.0002 0.7835 84.4100
v  -6.0606 0.1946 85.5454
v  -5.0898 0.7259 85.9165
v  -3.7572 0.2090 86.7579
v  -3.9342 0.7750 86.1398
v  -4.0854 1.1575 85.7109
v  -5.6659 0.7717 85.0555
v  -5.4765 1.0936 84.7131
v  -5.8770 0.8380 83.3448
v  -5.7520 1.1253 84.1427
v  -5.0050 0.8380 82.3792
v  -4.9603 1.2204 82.6683
v  -4.3139 1.1941 82.5574
v  -3.6842 1.1941 83.2420
v  -3.0652 0.7835 83.1201
v  -2.4751 0.7835 84.2219
v  -3.3822 1.1941 83.9310
v  -2.8587 0.8380 85.3618
v  -3.5006 1.2898 84.7486
v  -5.4335 1.2204 83.2193
v  -4.7053 1.6324 84.0166
v  -5.0002 1.0644 85.4900
v  2.8622 0.0482 -36.5049
v  0.5902 0.0482 -35.6850
v  1.0190 0.1969 -34.6381
v  -0.8860 0.0482 -33.8559
v  -0.2076 0.1969 -33.7496
v  -0.6200 0.0482 -32.1047
v  0.8276 0.2083 -31.0502
v  0.5377 0.0482 -30.4389
v  2.0712 0.0482 -29.7677
v  2.3036 0.1969 -30.7744
v  3.1674 0.1944 -31.1555
v  3.5866 0.0482 -30.4739
v  5.5202 0.0482 -31.6916
v  5.4344 0.0482 -33.5628
v  4.5264 0.2083 -33.2742
v  3.8840 0.2083 -34.6642
v  4.4275 0.0482 -35.2768
v  2.4910 0.1969 -35.3468
v  2.1893 0.7639 -34.7197
v  1.0789 0.7639 -34.2424
v  -0.1019 0.2083 -32.2594
v  0.1716 0.7639 -33.5473
v  2.0785 0.7639 -31.3078
v  2.7280 0.7525 -31.5763
v  4.0349 0.1969 -31.8643
v  3.6054 0.7082 -32.0602
v  3.9162 0.7556 -33.1549
v  3.4905 1.1256 -33.0448
v  3.2019 1.0355 -32.1818
v  2.4139 1.0637 -31.7873
v  1.8415 1.0945 -31.5691
v  1.0624 0.8166 -31.5148
v  0.9782 1.1863 -31.9524
v  0.2043 0.8166 -32.4348
v  1.8338 1.1610 -33.8699
v  3.2558 0.8166 -34.2556
v  2.6118 1.2535 -33.6880
v  1.8067 1.5848 -32.5879
v  1.1450 1.1610 -33.6360
v  0.4333 1.1610 -33.0860
v  0.4866 1.1863 -32.4539
v  3.9031 0.0569 -43.0877
v  2.4344 0.0569 -44.2399
v  0.3027 0.0569 -43.4707
v  2.0861 0.1964 -43.1534
v  0.7050 0.1964 -42.4884
v  -1.0823 0.0569 -41.7545
v  -0.4457 0.1964 -41.6548
v  -0.8327 0.0569 -40.1115
v  -0.3466 0.2072 -40.2566
v  0.2535 0.0569 -38.5486
v  1.6923 0.0569 -37.9189
v  1.9104 0.1964 -38.8634
v  3.1141 0.0569 -38.5814
v  2.7208 0.1941 -39.2209
v  3.5347 0.1964 -39.8859
v  4.9283 0.0569 -39.7239
v  3.9958 0.2072 -41.2088
v  4.8478 0.0569 -41.4796
v  3.3932 0.2072 -42.5129
v  2.8037 0.7778 -42.1296
v  0.7613 0.7284 -42.1172
v  0.5255 0.2072 -39.1221
v  1.6991 0.7284 -39.3638
v  2.3085 0.7177 -39.6158
v  3.1317 0.6761 -40.0697
v  3.4234 0.7207 -41.0969
v  2.7531 0.9833 -40.1838
v  1.4768 1.0386 -39.6089
v  0.7458 0.7778 -39.5580
v  -0.0593 0.7778 -40.4212
v  0.2055 1.1248 -40.4392
v  -0.0901 0.7284 -41.4650
v  0.8233 1.1010 -41.5482
v  0.1555 1.1010 -41.0322
v  1.8031 0.7284 -42.5649
v  1.4696 1.1010 -41.7676
v  2.1995 1.1878 -41.5970
v  3.0239 1.0677 -40.9935
v  0.6668 1.1248 -39.9686
v  2.0138 1.0097 -39.8137
v  1.4441 1.4986 -40.5649
v  -3.8335 0.0533 33.3713
v  -1.9984 0.0533 33.9288
v  -0.2425 0.0533 32.3994
v  -0.9931 0.1966 31.6082
v  0.4460 0.0533 30.2406
v  -0.4041 0.0533 28.7597
v  -2.0257 0.0533 27.6665
v  -3.6380 0.0533 27.5984
v  -4.7534 0.0533 28.7617
v  -6.0662 0.0533 30.5306
v  -5.3363 0.0533 32.1823
v  -2.0688 0.1966 32.7586
v  -3.5588 0.2077 32.6311
v  -0.2009 0.1966 30.3818
v  -0.6121 0.7432 30.3323
v  -1.0297 0.7940 29.3440
v  -0.8158 0.2077 29.0795
v  -2.0730 0.2077 28.3170
v  -3.4956 0.1966 28.5842
v  -4.1389 0.1942 29.2280
v  -4.2169 0.6895 30.1938
v  -4.6712 0.1966 30.1676
v  -4.1142 0.7353 31.2861
v  -4.6210 0.2077 31.6062
v  -3.1367 0.7940 32.0448
v  -3.5972 0.7322 29.4529
v  -3.2413 1.0323 29.5329
v  -3.1072 0.7432 28.9850
v  -2.1218 0.7940 28.8165
v  -1.8935 1.1505 29.1804
v  -1.4560 1.1260 30.7515
v  -1.1851 0.7432 31.2734
v  -2.0164 0.7432 32.0897
v  -1.9935 1.1260 31.2021
v  -2.7561 1.2152 31.3100
v  -1.0083 1.1260 30.0090
v  -1.2767 1.1505 29.4596
v  -2.4164 1.5346 30.0405
v  -2.8031 1.0619 29.1371
v  -3.7701 1.0919 31.0385
v  -3.8118 1.0051 30.1623
v  1.3209 0.0287 0.6217
v  -1.4284 0.0287 0.6401
v  -1.3651 0.1979 1.9262
v  -3.7062 0.0287 2.0433
v  -3.0183 0.1979 2.4147
v  -3.4700 0.2109 4.0540
v  -4.0846 0.0287 4.0235
v  -3.4739 0.0287 6.2503
v  -2.0826 0.0287 7.5521
v  -1.4514 0.1979 6.5598
v  -0.1886 0.0287 7.3688
v  0.8198 0.1979 6.0467
v  2.3483 0.0287 6.7952
v  2.9658 0.0287 4.7544
v  1.7195 0.2109 2.9846
v  2.5351 0.0287 2.5332
v  -0.0782 0.8433 2.2825
v  0.4834 0.1979 1.7238
v  -2.6882 0.8433 2.7755
v  -3.0748 0.9032 3.9818
v  -2.5028 0.9032 5.2946
v  -2.9309 0.2109 5.7042
v  -0.3800 0.1951 6.4784
v  0.4331 0.7799 5.6736
v  1.8819 0.2109 4.7199
v  1.1818 0.8339 4.6165
v  0.6832 1.2549 4.5733
v  -0.6919 0.8303 5.8601
v  -1.4908 0.8433 5.9021
v  -1.6461 1.2195 5.5318
v  -2.4272 1.3241 4.7931
v  -2.5822 1.2953 3.3698
v  -1.4509 0.8433 2.3736
v  -1.6099 1.2953 3.0495
v  -0.7820 1.2953 3.0596
v  0.8904 0.9032 3.1848
v  -0.0159 1.4006 3.5499
v  -1.2971 1.7776 4.4252
v  -2.7647 1.3241 4.0684
v  -0.9491 1.1846 5.5146
v  0.0462 1.1524 5.3900
v  0.8163 0.0386 56.9654
v  0.0305 0.1974 57.9994
v  -1.7632 0.0386 56.9826
v  -1.7038 0.1974 58.1893
v  -3.9003 0.0386 58.2991
v  -3.2549 0.1974 58.6476
v  -4.2554 0.0386 60.1571
v  -3.6787 0.2096 60.1857
v  -3.6823 0.0386 62.2464
v  -3.1729 0.2096 61.7340
v  -2.3770 0.0386 63.4678
v  -0.5999 0.0386 63.2957
v  -0.7795 0.1947 62.4603
v  1.7803 0.0386 62.7576
v  1.3427 0.2096 60.8104
v  2.3596 0.0386 60.8428
v  1.9555 0.0386 58.7588
v  1.1904 0.2096 59.1824
v  -0.4964 0.8029 58.5236
v  -2.7713 0.8592 61.3497
v  -1.7848 0.1974 62.5367
v  -0.0167 0.7434 61.7052
v  0.3461 0.1974 62.0553
v  0.6858 0.7941 60.7134
v  0.2179 1.1891 60.6729
v  -0.3797 1.0930 61.4392
v  -1.0722 0.7907 61.8803
v  -1.8217 0.8029 61.9196
v  -1.9674 1.1559 61.5722
v  -2.7003 1.2541 60.8791
v  -3.3079 0.8592 60.1180
v  -2.8458 1.2270 59.5438
v  -2.9452 0.8029 58.9861
v  -1.7843 0.8029 58.6091
v  -1.9334 1.2270 59.2432
v  -1.1566 1.2270 59.2528
v  0.4124 0.8592 59.3702
v  -0.4380 1.3258 59.7127
v  -3.0170 1.2541 60.1992
v  -1.6400 1.6796 60.5340
v  -1.3135 1.1231 61.5561
v  -0.2453 0.1964 52.7077
v  0.8044 0.0570 52.2613
v  -1.1705 0.0570 51.1508
v  -1.6509 0.1964 52.0970
v  -3.3740 0.0570 51.2241
v  -4.4541 0.0570 52.4865
v  -3.0335 0.1964 51.7710
v  -4.9271 0.0570 54.3296
v  -4.4635 0.0570 55.8297
v  -3.0332 0.0570 56.4726
v  -3.6063 0.1964 55.3776
v  -0.9834 0.0570 57.0990
v  -0.4690 0.2072 55.4232
v  0.2925 0.0570 55.8909
v  0.8921 0.0570 54.1254
v  -1.8951 0.7283 52.3822
v  -2.9447 0.7283 52.1641
v  -4.0267 0.2072 52.7595
v  -3.8416 0.7777 54.0426
v  -4.3154 0.2072 54.1607
v  -2.8063 0.1941 55.7572
v  -1.7713 0.1964 55.9386
v  -0.9277 0.7205 55.0632
v  0.1239 0.2072 54.1151
v  -0.5512 0.7777 53.9195
v  -1.8956 0.6760 55.5136
v  -2.0565 0.9830 55.1526
v  -2.8197 1.0095 54.8350
v  -2.7769 0.7176 55.1873
v  -3.3657 0.7283 54.8908
v  -3.3255 1.0383 54.5624
v  -3.1118 1.1007 52.6327
v  -3.7144 0.7777 52.8693
v  -0.8756 0.7283 52.8779
v  -1.2669 1.0675 54.8284
v  -1.3490 1.1875 53.8103
v  -1.6967 1.1007 53.1465
v  -2.2851 1.1007 52.8009
v  -2.6235 1.4983 53.9131
v  -3.5279 1.1245 53.0580
v  -3.5825 1.1245 53.7145
v  1.6242 0.1974 23.5328
v  2.8470 0.0386 23.0954
v  0.6764 0.0386 21.7018
v  -1.8330 0.0386 21.6383
v  -2.6771 0.2096 23.3400
v  -3.1447 0.0386 23.0012
v  -3.8049 0.0386 25.0646
v  -3.0985 0.2096 24.9133
v  -3.3780 0.0386 26.8005
v  -1.7951 0.0386 27.6264
v  -2.3736 0.1974 26.3437
v  -0.3253 0.1974 27.1034
v  0.4930 0.0386 28.4747
v  2.0236 0.0386 27.1867
v  1.1892 0.2096 26.6044
v  1.9502 0.2096 25.1571
v  2.8226 0.0386 25.2200
v  0.8966 0.8029 23.6844
v  0.0674 0.1974 22.7452
v  -0.2292 0.8029 23.0531
v  -1.4825 0.1974 22.2826
v  -1.4077 0.8029 22.7353
v  -2.3295 0.8592 23.4856
v  -2.0676 0.8029 25.8064
v  -1.4896 0.1947 26.8284
v  -1.4182 0.7907 26.1826
v  -0.4382 0.7434 26.6121
v  1.1959 0.8592 24.8898
v  0.6918 0.7941 26.1646
v  -1.4434 1.1231 25.7793
v  -2.0001 1.1559 25.4358
v  -2.5522 0.8592 24.8106
v  -1.6288 1.2270 23.2568
v  -0.7003 1.2270 23.5029
v  -0.0546 1.2270 23.9350
v  0.3219 1.1891 25.8752
v  0.2964 1.3258 24.7127
v  -2.1300 1.2541 23.7125
v  -2.2358 1.2541 24.4550
v  -1.1590 1.6796 24.7446
v  -0.5972 1.0930 26.1911
v  -2.8418 0.0632 38.6356
v  -0.7225 0.0632 38.2185
v  0.8299 0.0632 36.8017
v  0.8318 0.0632 35.2179
v  0.0341 0.0632 33.5887
v  -1.2305 0.0632 32.7878
v  -1.5722 0.1961 33.6462
v  -2.6655 0.0632 33.2069
v  -4.5394 0.0632 34.0214
v  -3.2500 0.1961 34.3751
v  -3.8753 0.2064 35.5548
v  -4.7169 0.0632 35.6869
v  -3.4957 0.2064 36.8702
v  -4.0590 0.0632 37.3382
v  -2.3569 0.1961 37.6623
v  -0.9598 0.1961 37.2352
v  -2.0053 0.7031 37.1488
v  -0.9592 0.7031 36.8772
v  -0.0631 0.7031 36.3857
v  0.2446 0.1961 36.6158
v  0.3529 0.2064 35.2844
v  -0.3049 0.2064 34.0898
v  -0.5753 0.7502 34.4686
v  -2.0559 0.6929 34.2975
v  -2.3873 0.1939 33.8661
v  -2.8969 0.6533 34.6064
v  -3.3198 0.6957 35.5320
v  -2.8851 0.7502 36.5942
v  -2.5567 0.9460 34.7685
v  -1.4454 0.7031 34.1481
v  0.0585 0.7502 35.3981
v  -0.2320 1.0582 35.9426
v  -0.9355 1.0582 36.3323
v  -2.9286 1.0265 35.4922
v  -2.2391 1.1409 36.1797
v  -1.3785 1.4372 35.3164
v  -1.5760 1.0582 36.4458
v  -0.1935 1.0809 35.3767
v  -0.5602 1.0809 34.8668
v  -1.2714 0.9987 34.4111
v  -1.8068 0.9712 34.5265
v  -1.1942 0.0569 -110.3556
v  -0.1933 0.0569 -108.7799
v  -3.4604 0.0569 -110.3405
v  -5.3380 0.0569 -109.1838
v  -3.4083 0.1964 -109.2803
v  -4.7710 0.1964 -108.8777
v  -5.6500 0.0569 -107.5514
v  -5.1465 0.0569 -105.7159
v  -3.9997 0.0569 -104.6428
v  -2.4384 0.0569 -104.7939
v  -2.5962 0.1941 -105.5279
v  -0.3472 0.0569 -105.2668
v  0.1617 0.0569 -106.9490
v  -1.8845 0.1964 -109.4472
v  -0.8656 0.2072 -108.4078
v  -3.4790 0.7284 -108.9115
v  -5.1433 0.2072 -107.5263
v  -4.8176 0.7778 -107.5859
v  -4.3461 0.7778 -106.5037
v  -4.6990 0.2072 -106.1661
v  -3.4794 0.1964 -105.4608
v  -1.6073 0.1964 -105.8838
v  -0.7317 0.2072 -106.9775
v  -1.7199 1.0677 -107.0983
v  -1.5491 0.7778 -108.2428
v  -1.3088 0.7207 -107.0627
v  -1.9260 0.6761 -106.1913
v  -2.8533 0.7177 -106.0375
v  -3.5119 0.7284 -106.0030
v  -4.5620 1.1248 -107.5145
v  -4.4115 1.1010 -108.0903
v  -4.4989 0.7284 -108.5803
v  -2.2962 1.1878 -107.9419
v  -2.9275 1.1010 -108.3460
v  -2.3475 0.7284 -108.9866
v  -3.3522 1.4986 -107.2204
v  -3.6100 1.1010 -108.3544
v  -4.2838 1.1248 -106.9171
v  -3.6399 1.0386 -106.3082
v  -3.0654 1.0097 -106.3223
v  -2.2450 0.9832 -106.4250
v  -1.9014 0.0287 75.6743
v  -1.6043 0.1979 73.4887
v  -0.3344 0.0287 74.0394
v  -1.0076 0.0287 71.3738
v  -2.2415 0.1979 71.7417
v  -2.9133 0.0287 69.4961
v  -4.9267 0.0287 69.6006
v  -3.1100 0.1979 70.2527
v  -6.9437 0.0287 70.7246
v  -7.8763 0.0287 72.3860
v  -6.7622 0.1979 72.7624
v  -7.2468 0.0287 74.1818
v  -5.7224 0.1979 74.8459
v  -6.0850 0.0287 76.5088
v  -4.1807 0.2109 75.5611
v  -3.9559 0.0287 76.6220
v  -2.5342 0.2109 74.9898
v  -2.9263 0.9033 74.2323
v  -2.6965 0.8433 71.7652
v  -4.8097 0.2109 70.2048
v  -3.3817 0.8433 70.6593
v  -6.2839 0.2109 71.1216
v  -5.7841 0.9033 71.4398
v  -6.4277 0.1951 73.7836
v  -4.2472 0.8339 74.8566
v  -4.3241 1.2549 74.3620
v  -5.4523 0.7799 74.3814
v  -5.2691 1.1524 73.9381
v  -5.9016 0.8303 73.3333
v  -5.6274 1.1846 73.0011
v  -6.1328 0.8433 72.5674
v  -5.8102 1.2196 72.3284
v  -4.6455 0.9033 70.5713
v  -5.2789 1.3241 71.3937
v  -3.9337 1.2953 70.9039
v  -3.3908 1.2953 71.7718
v  -2.2808 0.8433 73.0765
v  -3.2033 1.2953 72.5783
v  -3.4968 1.4006 73.4391
v  -4.6523 1.7777 72.4035
v  -4.6556 1.3241 70.8931
v  7.1127 0.0386 -60.1880
v  5.1672 0.0386 -59.3342
v  7.4873 0.0386 -62.7401
v  6.5104 0.0386 -65.0524
v  6.2856 0.1974 -62.8647
v  4.7278 0.0386 -65.6854
v  2.5758 0.0386 -65.4361
v  3.0049 0.2096 -64.8548
v  1.1705 0.0386 -64.3313
v  2.0007 0.1974 -63.6047
v  1.0706 0.0386 -62.5487
v  2.1532 0.1974 -61.4253
v  1.2413 0.0386 -60.1144
v  3.2323 0.2096 -60.2513
v  3.0459 0.0386 -59.2511
v  4.8647 0.2096 -60.1548
v  6.2100 0.1974 -61.1216
v  4.7971 0.8592 -60.9523
v  6.0680 0.1974 -64.4673
v  5.6864 0.8029 -64.2126
v  4.6120 0.2096 -65.1197
v  3.3238 0.8592 -64.3995
v  2.5414 0.7907 -62.8006
v  1.9237 0.1947 -62.5994
v  3.4279 0.7941 -60.8858
v  2.5542 0.7434 -61.7308
v  2.8723 1.0930 -62.0492
v  2.8985 1.1231 -62.9899
v  2.6163 0.8029 -63.5475
v  3.7782 1.2540 -64.2579
v  4.4983 1.2540 -64.4677
v  4.6227 0.8592 -64.7430
v  5.1201 1.2270 -64.1990
v  5.8828 0.8029 -63.0079
v  5.2787 1.2270 -63.2516
v  5.7718 0.8029 -61.7220
v  3.5390 1.1891 -61.3422
v  4.5876 1.3258 -61.8447
v  5.1514 1.2270 -62.4853
v  2.9818 1.1559 -63.6387
v  3.9584 1.6796 -63.1575
v  3.3649 0.0010 -67.5416
v  2.2375 0.1993 -68.7076
v  3.8326 0.0010 -70.7290
v  2.6126 0.0010 -73.6166
v  0.3864 0.0010 -74.4072
v  0.2419 0.2146 -73.7007
v  -2.3011 0.0010 -74.0958
v  -1.7652 0.2146 -73.3699
v  -4.0562 0.0010 -72.7161
v  -4.1809 0.0010 -70.4898
v  -3.1156 0.1960 -70.5532
v  -2.8289 0.1993 -69.0869
v  -3.9677 0.0010 -67.4497
v  -1.7141 0.0010 -66.3716
v  0.5573 0.2146 -67.5002
v  0.9351 0.0010 -66.4753
v  0.4729 1.0258 -68.4961
v  2.3318 0.1993 -70.8845
v  2.0601 0.1993 -72.8860
v  1.5835 0.9555 -72.5678
v  -1.3670 1.0258 -72.8012
v  -2.2505 0.9555 -71.7372
v  -3.0193 0.1993 -71.8086
v  -1.2370 0.9445 -68.4132
v  -1.4812 0.2146 -67.6208
v  -2.3281 0.8812 -69.4684
v  -1.9309 1.3178 -69.8661
v  -2.3440 0.9403 -70.8045
v  -1.8982 1.3554 -71.0409
v  -1.7941 1.3964 -71.8511
v  -0.7995 1.5190 -72.6245
v  0.2552 1.0258 -73.2302
v  0.0998 1.5190 -72.8864
v  1.8288 0.9555 -71.0633
v  0.9153 1.4852 -70.4106
v  1.6903 0.9555 -69.4574
v  0.2113 1.6085 -69.6107
v  -1.0983 1.4379 -68.9831
v  -0.5745 2.0504 -71.2502
v  1.0744 1.4852 -71.3677
v  0.8763 1.4852 -72.5508
v  3.8888 0.0568 -20.8775
v  1.7178 0.0568 -21.5339
v  1.4538 0.1964 -20.5050
v  -0.4196 0.0568 -20.9839
v  0.0318 0.1964 -20.5234
v  -1.2010 0.0568 -19.5157
v  -1.2630 0.0568 -17.6119
v  -0.4843 0.0568 -16.2466
v  1.0530 0.0568 -15.9289
v  0.2552 0.1964 -16.8746
v  3.1922 0.0568 -15.7619
v  2.1703 0.1964 -16.7248
v  4.1767 0.0568 -17.2195
v  3.3310 0.2072 -17.5111
v  4.3793 0.0568 -19.0749
v  2.9599 0.1964 -20.2135
v  2.9242 0.7783 -18.9627
v  2.3811 0.7288 -19.9102
v  0.2040 0.7288 -20.1585
v  -0.2646 0.7783 -18.1281
v  -0.7241 0.2072 -19.3418
v  -0.7019 0.2072 -17.9098
v  1.1195 0.1941 -16.6773
v  1.0245 0.7181 -17.2406
v  1.9565 0.6765 -17.1131
v  3.6264 0.2072 -18.9182
v  2.8045 0.7211 -17.7635
v  2.4221 1.0684 -17.9192
v  0.3527 1.0392 -17.7322
v  0.3847 0.7288 -17.4025
v  -0.0827 1.1255 -18.5049
v  -0.3950 0.7783 -19.3022
v  0.1425 1.1017 -19.6643
v  1.2771 0.7288 -20.1733
v  2.1209 1.1886 -18.8962
v  1.6369 1.1017 -19.4695
v  0.9869 1.1017 -19.6795
v  -0.1718 1.1255 -19.1584
v  0.8977 1.4996 -18.5191
v  0.9061 1.0104 -17.5756
v  1.7208 0.9839 -17.4310
v  1.7234 0.0568 -80.9649
v  -0.4476 0.0568 -81.6212
v  -0.7116 0.1964 -80.5923
v  -2.5850 0.0568 -81.0712
v  -2.1336 0.1964 -80.6107
v  -2.8896 0.2072 -79.4291
v  -3.3665 0.0568 -79.6030
v  -3.4285 0.0568 -77.6992
v  -2.8674 0.2072 -77.9971
v  -2.6497 0.0568 -76.3339
v  -1.1125 0.0568 -76.0162
v  -1.9102 0.1964 -76.9618
v  0.0048 0.1964 -76.8120
v  1.0267 0.0568 -75.8492
v  2.0112 0.0568 -77.3067
v  2.2139 0.0568 -79.1623
v  1.4610 0.2072 -79.0055
v  0.7945 0.1964 -80.3007
v  -1.9615 0.7288 -80.2458
v  -2.4301 0.7783 -78.2154
v  -1.0460 0.1941 -76.7646
v  0.6391 0.7211 -77.8507
v  1.1655 0.2072 -77.5985
v  0.2566 1.0684 -78.0065
v  0.7587 0.7783 -79.0500
v  -0.2089 0.6765 -77.2004
v  -1.1410 0.7181 -77.3279
v  -0.4446 0.9839 -77.5182
v  -1.7808 0.7288 -77.4898
v  -1.8128 1.0392 -77.8194
v  -2.2481 1.1255 -78.5922
v  -2.5605 0.7783 -79.3895
v  -2.3372 1.1255 -79.2457
v  -2.0230 1.1017 -79.7515
v  -0.5286 1.1017 -79.5568
v  -1.1786 1.1017 -79.7667
v  -0.8884 0.7288 -80.2606
v  0.2156 0.7288 -79.9975
v  -0.0446 1.1886 -78.9835
v  -1.2678 1.4996 -78.6064
v  -1.2594 1.0104 -77.6629
v  0.9115 0.0386 -34.5295
v  1.2860 0.0386 -37.0816
v  0.3091 0.0386 -39.3938
v  -1.5892 0.2096 -39.4612
v  -1.4734 0.0386 -40.0269
v  -3.6254 0.0386 -39.7776
v  -5.0308 0.0386 -38.6728
v  -5.1306 0.0386 -36.8902
v  -4.0480 0.1974 -35.7668
v  -4.9599 0.0386 -34.4559
v  -2.9689 0.2096 -34.5929
v  -1.3366 0.2096 -34.4963
v  -3.1553 0.0386 -33.5926
v  -1.0341 0.0386 -33.6756
v  0.0087 0.1974 -35.4631
v  -0.4294 0.8029 -36.0635
v  -0.3184 0.8029 -37.3494
v  0.0843 0.1974 -37.2062
v  -0.1333 0.1974 -38.8089
v  -1.5786 0.8592 -39.0845
v  -2.8775 0.8592 -38.7410
v  -3.1963 0.2096 -39.1963
v  -4.2005 0.1974 -37.9461
v  -3.6470 0.7434 -36.0723
v  -4.2775 0.1947 -36.9409
v  -2.7733 0.7941 -35.2273
v  -1.4042 0.8592 -35.2937
v  -3.6598 0.7907 -37.1421
v  -3.3290 1.0930 -36.3907
v  -3.5849 0.8029 -37.8889
v  -3.3027 1.1231 -37.3315
v  -2.4231 1.2541 -38.5994
v  -0.5149 0.8029 -38.5541
v  -0.9226 1.2270 -37.5931
v  -2.6622 1.1891 -35.6837
v  -1.6136 1.3258 -36.1863
v  -1.0499 1.2270 -36.8268
v  -1.0812 1.2270 -38.5405
v  -1.7030 1.2541 -38.8092
v  -3.2194 1.1559 -37.9802
v  -2.2429 1.6796 -37.4990
v  4.2106 0.0568 -50.1985
v  2.0396 0.0568 -50.8548
v  -0.0978 0.0568 -50.3048
v  0.3536 0.1964 -49.8443
v  -0.8793 0.0568 -48.8367
v  -0.4023 0.2072 -48.6627
v  -0.9413 0.0568 -46.9328
v  -0.1626 0.0568 -45.5675
v  1.3748 0.0568 -45.2498
v  3.5139 0.0568 -45.0828
v  3.6528 0.2072 -46.8321
v  4.4984 0.0568 -46.5404
v  4.7010 0.0568 -48.3959
v  3.9482 0.2072 -48.2391
v  3.2817 0.1964 -49.5344
v  1.7756 0.1964 -49.8259
v  2.7028 0.7288 -49.2311
v  1.5989 0.7288 -49.4942
v  0.5257 0.7288 -49.4794
v  -0.3802 0.2072 -47.2307
v  0.0571 0.7783 -47.4490
v  0.5769 0.1964 -46.1954
v  0.7064 0.7288 -46.7234
v  1.4412 0.1941 -45.9982
v  2.4920 0.1964 -46.0457
v  3.1263 0.7211 -47.0844
v  3.2459 0.7783 -48.2837
v  2.2783 0.6765 -46.4340
v  2.0426 0.9839 -46.7518
v  1.3462 0.7181 -46.5615
v  0.2391 1.1255 -47.8258
v  0.1499 1.1255 -48.4792
v  -0.0733 0.7783 -48.6231
v  1.3086 1.1017 -49.0004
v  1.9586 1.1017 -48.7904
v  2.4426 1.1886 -48.2171
v  2.7438 1.0684 -47.2401
v  1.2194 1.4996 -47.8400
v  0.4642 1.1017 -48.9852
v  0.6744 1.0392 -47.0530
v  1.2278 1.0104 -46.8965
v  1.0460 0.0670 -29.9746
v  -0.6429 0.0670 -31.2129
v  -2.6730 0.0670 -31.3904
v  -3.8044 0.0670 -30.3519
v  -3.8630 0.2058 -28.8002
v  -4.4431 0.0670 -28.7131
v  -4.1843 0.0670 -27.2851
v  -2.9432 0.0670 -26.5363
v  -2.6555 0.1938 -27.1676
v  -0.4736 0.2058 -27.2145
v  -1.1317 0.0670 -25.7339
v  0.1733 0.0670 -26.7008
v  0.9195 0.0670 -28.2543
v  -0.3821 0.7332 -28.6035
v  0.0332 0.1959 -29.6816
v  -0.5640 0.6875 -29.5953
v  -1.1888 0.1959 -30.3980
v  -2.4213 0.1959 -30.8507
v  -3.4425 0.2058 -30.0539
v  -2.3835 0.6875 -30.4801
v  -3.4151 0.7332 -28.8560
v  -3.3475 0.1959 -27.6048
v  -1.7259 0.1959 -26.8862
v  0.2158 0.2058 -28.3490
v  -0.8546 0.6804 -27.5959
v  -1.7927 0.6392 -27.2900
v  -2.5652 0.6776 -27.6873
v  -1.9003 0.9230 -27.6392
v  -2.5654 0.9475 -28.0154
v  -3.0726 0.6875 -28.0248
v  -3.1409 1.0538 -29.1283
v  -2.9992 0.9741 -28.3216
v  -3.1681 0.7332 -29.9185
v  -2.5889 1.0318 -30.0686
v  -1.4445 0.6875 -30.1634
v  -1.3474 1.0318 -29.4400
v  -1.1020 1.1120 -28.7923
v  -1.1398 1.0011 -27.8490
v  -1.8489 1.0318 -29.8225
v  -3.0179 1.0538 -29.7246
v  -2.2830 1.3992 -28.8395
v  -4.0504 0.0386 13.7055
v  -6.0215 0.0386 12.9124
v  -1.9646 0.0386 12.1878
v  -2.7162 0.1974 11.2420
v  -0.9957 0.0386 9.8723
v  -1.7232 0.1974 9.9654
v  -1.7902 0.0386 8.1557
v  -2.2755 0.2096 8.4686
v  -3.4738 0.0386 6.7922
v  -5.2464 0.0386 6.5608
v  -6.5900 0.0386 7.7364
v  -8.2102 0.0386 9.5612
v  -6.7196 0.2096 10.8882
v  -7.5648 0.0386 11.4547
v  -5.6467 0.2096 12.1222
v  -4.0147 0.1974 12.4073
v  -5.1241 0.8592 11.5161
v  -4.7951 0.8029 8.1423
v  -3.5890 0.2096 7.5055
v  -5.1848 0.1974 7.6625
v  -5.9571 0.1947 8.3106
v  -6.1367 0.7434 9.3687
v  -6.6355 0.1974 9.2959
v  -6.1293 0.7941 10.5841
v  -5.6867 1.0930 9.3733
v  -5.3811 0.7907 8.6113
v  -3.6913 0.8592 8.0518
v  -3.4746 1.2541 8.4756
v  -2.5372 0.8592 8.7398
v  -2.1722 0.8029 9.8709
v  -3.1441 1.2270 10.2518
v  -2.8957 0.8029 10.8540
v  -3.8922 0.8029 11.6742
v  -5.7255 1.1891 10.3443
v  -4.6328 1.3258 10.7421
v  -3.7808 1.2270 10.6969
v  -2.5780 1.2270 9.4758
v  -2.8210 1.2541 8.8434
v  -4.4742 1.1559 8.3396
v  -4.1349 1.6796 9.3741
v  -4.9961 1.1231 8.7339
v  -1.9800 0.0273 -4.3382
v  -3.5363 0.0273 -5.4778
v  -3.8587 0.1715 -4.3437
v  -5.7115 0.0273 -4.6101
v  -5.2623 0.1715 -3.6095
v  -7.0830 0.0273 -2.7903
v  -6.7688 0.0273 -1.1019
v  -5.5933 0.0273 0.4750
v  -5.3321 0.1826 -0.1267
v  -4.0857 0.0273 1.0760
v  -3.8930 0.1715 0.0929
v  -2.6401 0.0273 0.3428
v  -0.8057 0.0273 -0.8994
v  -0.9491 0.0273 -2.7099
v  -1.8197 0.1826 -2.4010
v  -2.4869 0.1826 -3.7271
v  -6.4221 0.1715 -2.7090
v  -5.1196 0.7723 -0.5844
v  -6.2717 0.1826 -1.2685
v  -4.1283 0.7212 -0.4166
v  -3.0683 0.1691 -0.3041
v  -2.2505 0.1715 -1.0189
v  -2.4071 0.7132 -2.2657
v  -2.6730 0.6672 -1.1948
v  -3.5076 0.7102 -0.6978
v  -5.9807 0.7723 -1.4483
v  -5.2152 1.1308 -1.0058
v  -6.0483 0.7212 -2.5252
v  -5.1079 1.1062 -2.6425
v  -5.1915 0.7212 -3.2280
v  -4.4479 1.1062 -2.8913
v  -4.1309 0.7212 -3.7262
v  -3.0826 0.7723 -3.3109
v  -3.6882 1.1959 -2.7401
v  -2.8161 1.0719 -2.1452
v  -5.7798 1.1062 -2.0866
v  -4.4329 1.5171 -1.6483
v  -5.7078 1.1308 -1.4759
v  -4.3663 1.0417 -0.6622
v  -3.8188 1.0119 -0.8920
v  -3.0679 0.9845 -1.2997
v  8.2102 0.0569 -50.9721
v  8.0010 0.0569 -53.2287
v  7.2460 0.1964 -51.5821
v  6.9492 0.1964 -53.0859
v  6.6877 0.0569 -55.0003
v  5.0347 0.0569 -55.1713
v  3.2490 0.0569 -54.5124
v  2.2781 0.0569 -53.2778
v  3.1376 0.1964 -52.8296
v  2.5624 0.0569 -51.7353
v  3.2802 0.1941 -51.9553
v  3.7195 0.1964 -51.0005
v  3.2126 0.0569 -49.6923
v  4.8841 0.2072 -50.2219
v  4.9323 0.0569 -49.3293
v  6.2978 0.2072 -50.4778
v  6.7261 0.0569 -49.8399
v  6.5757 0.7284 -53.1247
v  6.4313 0.1964 -54.4091
v  5.0530 0.2072 -54.6643
v  4.1025 0.7778 -53.7824
v  3.6750 0.7284 -52.9083
v  3.7358 0.2072 -54.1051
v  3.9986 0.6761 -51.3444
v  6.0748 0.7778 -51.1446
v  4.9196 0.7207 -50.8042
v  4.9198 1.0677 -51.2168
v  4.2041 0.9833 -51.6822
v  3.7659 0.7177 -52.2552
v  4.5197 1.1248 -53.7557
v  5.0910 1.1248 -54.0841
v  5.1402 0.7778 -54.3449
v  6.1582 0.7284 -54.1125
v  6.0094 1.1010 -53.2076
v  6.0595 1.1010 -52.5269
v  5.7110 1.1878 -51.8632
v  6.7475 0.7284 -52.0038
v  5.6776 1.1010 -53.9835
v  4.9017 1.4986 -52.8536
v  3.9682 1.0386 -53.0620
v  4.0315 1.0097 -52.4908
v  3.6138 -0.0000 12.0842
v  2.6270 0.1994 13.3827
v  0.3745 -0.0000 12.1058
v  -2.3093 -0.0000 13.7592
v  -2.7553 0.0000 16.0924
v  -1.4989 0.1994 14.1967
v  -2.0311 0.2148 16.1283
v  -2.0356 0.0000 18.7161
v  -0.3964 0.0000 20.2500
v  1.8353 0.0000 20.0340
v  4.8244 0.0000 19.3581
v  4.2748 0.2148 16.9129
v  5.5519 0.0000 16.9536
v  5.0444 -0.0000 14.3364
v  4.0835 0.2148 14.8683
v  1.9653 0.9598 14.0410
v  0.3480 0.9598 14.1484
v  0.4490 0.1994 13.6212
v  -1.1100 0.9598 14.6219
v  -1.5655 1.0305 16.0432
v  -0.8915 1.0305 17.5900
v  -1.3960 0.2148 18.0726
v  0.3009 0.9598 18.3057
v  0.3473 0.1994 19.0808
v  1.6097 0.1961 18.9848
v  3.0234 0.1994 18.4762
v  3.4499 0.9488 16.7910
v  2.8624 1.4448 16.7401
v  2.5677 0.8851 18.0366
v  1.2422 0.9445 18.2564
v  0.9391 1.3619 17.8493
v  2.1119 1.3241 17.7025
v  -0.9851 1.4924 15.3222
v  1.1362 1.4924 14.9568
v  3.1065 1.0305 15.1042
v  2.0386 1.6164 15.5343
v  0.5291 2.0607 16.5656
v  0.1606 1.4924 14.9447
v  -1.2001 1.5264 16.1452
v  -0.8024 1.5264 16.9991
v  0.1180 1.4031 17.8695
v  3.5089 0.0386 -89.7766
v  3.2708 0.0386 -92.3451
v  1.7760 0.0386 -94.3615
v  -0.1056 0.0386 -94.5562
v  -0.0847 0.2096 -93.9791
v  -2.1381 0.0386 -93.8062
v  -1.5839 0.2096 -93.3426
v  -3.2431 0.0386 -92.4011
v  -2.9196 0.0386 -90.6452
v  -2.2648 0.1974 -91.8908
v  -1.6026 0.1974 -89.8090
v  -2.1794 0.0386 -88.3199
v  1.3321 0.2096 -89.2140
v  -0.2221 0.0386 -87.9067
v  1.8197 0.0386 -88.4879
v  2.4114 0.1974 -90.4709
v  2.0736 0.1974 -92.1826
v  1.4841 0.1974 -93.6887
v  1.1733 0.8029 -93.3511
v  -1.1667 0.8592 -92.9754
v  -1.6531 0.8029 -91.9805
v  -2.1026 0.1947 -90.8958
v  -1.5497 0.7907 -91.2371
v  -1.2849 0.7434 -90.2004
v  -0.2769 0.2096 -88.9227
v  -0.2366 0.7941 -89.5854
v  -0.2363 1.1891 -90.0551
v  1.0783 0.8592 -89.9730
v  -1.0509 1.0930 -90.5849
v  -1.2474 1.1231 -91.5052
v  0.0146 0.8592 -93.6156
v  0.6262 1.2270 -93.2043
v  1.0039 1.2270 -92.3211
v  1.6484 0.8029 -92.2268
v  1.8440 0.8029 -90.9510
v  0.6642 1.3258 -90.7909
v  1.0609 1.2270 -91.5463
v  -0.0414 1.2540 -93.3187
v  -0.6917 1.2540 -92.9450
v  -1.3195 1.1559 -92.1554
v  -0.2570 1.6796 -91.9182
# 1066 vertices

vn 0.2808 0.9597 -0.0069
vn 0.1223 0.9870 0.1045
vn 0.1321 0.9912 0.0046
vn 0.1241 0.9881 -0.0908
vn 0.2808 0.9597 -0.0069
vn 0.1321 0.9912 0.0046
vn 0.3254 0.9157 -0.2357
vn 0.2808 0.9597 -0.0069
vn 0.1241 0.9881 -0.0908
vn 0.0460 0.9813 -0.1869
vn 0.3254 0.9157 -0.2357
vn 0.1241 0.9881 -0.0908
vn 0.1357 0.9227 -0.3608
vn 0.3254 0.9157 -0.2357
vn 0.0460 0.9813 -0.1869
vn -0.1105 0.9670 -0.2296
vn 0.1357 0.9227 -0.3608
vn 0.0460 0.9813 -0.1869
vn -0.2455 0.8499 -0.4662
vn 0.1357 0.9227 -0.3608
vn -0.1105 0.9670 -0.2296
vn -0.3881 0.8983 -0.2060
vn -0.2455 0.8499 -0.4662
vn -0.1105 0.9670 -0.2296
vn -0.1790 0.9793 -0.0946
vn -0.3881 0.8983 -0.2060
vn -0.1105 0.9670 -0.2296
vn -0.1690 0.9856 0.0069
vn -0.3881 0.8983 -0.2060
vn -0.1790 0.9793 -0.0946
vn -0.3569 0.9318 0.0656
vn -0.3881 0.8983 -0.2060
vn -0.1690 0.9856 0.0069
vn -0.1377 0.9856 0.0984
vn -0.3569 0.9318 0.0656
vn -0.1690 0.9856 0.0069
vn -0.2945 0.9323 0.2098
vn -0.3569 0.9318 0.0656
vn -0.1377 0.9856 0.0984
vn -0.1554 0.9511 0.2670
vn -0.2945 0.9323 0.2098
vn -0.1377 0.9856 0.0984
vn -0.0401 0.9917 0.1221
vn -0.1554 0.9511 0.2670
vn -0.1377 0.9856 0.0984
vn 0.0635 0.9543 0.2922
vn -0.1554 0.9511 0.2670
vn -0.0401 0.9917 0.1221
vn 0.0401 0.9891 0.1419
vn 0.0635 0.9543 0.2922
vn -0.0401 0.9917 0.1221
vn 0.2474 0.9437 0.2197
vn 0.0635 0.9543 0.2922
vn 0.0401 0.9891 0.1419
vn 0.1223 0.9870 0.1045
vn 0.2474 0.9437 0.2197
vn 0.0401 0.9891 0.1419
vn 0.2808 0.9597 -0.0069
vn 0.2474 0.9437 0.2197
vn 0.1223 0.9870 0.1045
vn 0.4758 0.8139 0.3334
vn 0.2474 0.9437 0.2197
vn 0.2808 0.9597 -0.0069
vn 0.6323 0.7691 -0.0931
vn 0.4758 0.8139 0.3334
vn 0.2808 0.9597 -0.0069
vn 0.3254 0.9157 -0.2357
vn 0.6323 0.7691 -0.0931
vn 0.2808 0.9597 -0.0069
vn 0.5966 0.6845 -0.4189
vn 0.6323 0.7691 -0.0931
vn 0.3254 0.9157 -0.2357
vn 0.1357 0.9227 -0.3608
vn 0.5966 0.6845 -0.4189
vn 0.3254 0.9157 -0.2357
vn 0.3042 0.6447 -0.7013
vn 0.5966 0.6845 -0.4189
vn 0.1357 0.9227 -0.3608
vn -0.2455 0.8499 -0.4662
vn 0.3042 0.6447 -0.7013
vn 0.1357 0.9227 -0.3608
vn -0.3647 0.5623 -0.7422
vn 0.3042 0.6447 -0.7013
vn -0.2455 0.8499 -0.4662
vn -0.7065 0.6263 -0.3296
vn -0.3647 0.5623 -0.7422
vn -0.2455 0.8499 -0.4662
vn -0.3881 0.8983 -0.2060
vn -0.7065 0.6263 -0.3296
vn -0.2455 0.8499 -0.4662
vn -0.7205 0.6872 0.0931
vn -0.7065 0.6263 -0.3296
vn -0.3881 0.8983 -0.2060
vn -0.3569 0.9318 0.0656
vn -0.7205 0.6872 0.0931
vn -0.3881 0.8983 -0.2060
vn -0.5897 0.7051 0.3937
vn -0.7205 0.6872 0.0931
vn -0.3569 0.9318 0.0656
vn -0.2945 0.9323 0.2098
vn -0.5897 0.7051 0.3937
vn -0.3569 0.9318 0.0656
vn -0.3567 0.7183 0.5973
vn -0.5897 0.7051 0.3937
vn -0.2945 0.9323 0.2098
vn -0.1554 0.9511 0.2670
vn -0.3567 0.7183 0.5973
vn -0.2945 0.9323 0.2098
vn 0.1261 0.7832 0.6089
vn -0.3567 0.7183 0.5973
vn -0.1554 0.9511 0.2670
vn 0.0635 0.9543 0.2922
vn 0.1261 0.7832 0.6089
vn -0.1554 0.9511 0.2670
vn 0.2474 0.9437 0.2197
vn 0.1261 0.7832 0.6089
vn 0.0635 0.9543 0.2922
vn 0.4758 0.8139 0.3334
vn 0.1261 0.7832 0.6089
vn 0.2474 0.9437 0.2197
vn 0.4758 0.8139 0.3334
vn 0.0968 0.8912 0.4432
vn 0.1261 0.7832 0.6089
vn 0.0968 0.8912 0.4432
vn -0.3567 0.7183 0.5973
vn 0.1261 0.7832 0.6089
vn 0.0968 0.8912 0.4432
vn -0.3234 0.8392 0.4371
vn -0.3567 0.7183 0.5973
vn -0.3234 0.8392 0.4371
vn -0.5897 0.7051 0.3937
vn -0.3567 0.7183 0.5973
vn -0.3234 0.8392 0.4371
vn -0.4878 0.8162 0.3098
vn -0.5897 0.7051 0.3937
vn -0.4878 0.8162 0.3098
vn -0.7205 0.6872 0.0931
vn -0.5897 0.7051 0.3937
vn -0.4878 0.8162 0.3098
vn -0.6166 0.7866 0.0343
vn -0.7205 0.6872 0.0931
vn -0.6166 0.7866 0.0343
vn -0.7065 0.6263 -0.3296
vn -0.7205 0.6872 0.0931
vn -0.6166 0.7866 0.0343
vn -0.5546 0.7698 -0.3159
vn -0.7065 0.6263 -0.3296
vn -0.5546 0.7698 -0.3159
vn -0.3647 0.5623 -0.7422
vn -0.7065 0.6263 -0.3296
vn -0.3018 0.7803 -0.5478
vn -0.3647 0.5623 -0.7422
vn -0.5546 0.7698 -0.3159
vn -0.3018 0.7803 -0.5478
vn 0.1730 0.8396 -0.5150
vn -0.3647 0.5623 -0.7422
vn 0.1730 0.8396 -0.5150
vn 0.3042 0.6447 -0.7013
vn -0.3647 0.5623 -0.7422
vn 0.1730 0.8396 -0.5150
vn 0.3901 0.8769 -0.2808
vn 0.3042 0.6447 -0.7013
vn 0.3901 0.8769 -0.2808
vn 0.5966 0.6845 -0.4189
vn 0.3042 0.6447 -0.7013
vn 0.3901 0.8769 -0.2808
vn 0.4271 0.8982 -0.1045
vn 0.5966 0.6845 -0.4189
vn 0.4271 0.8982 -0.1045
vn 0.6323 0.7691 -0.0931
vn 0.5966 0.6845 -0.4189
vn 0.4271 0.8982 -0.1045
vn 0.3409 0.9251 0.1671
vn 0.6323 0.7691 -0.0931
vn 0.3409 0.9251 0.1671
vn 0.4758 0.8139 0.3334
vn 0.6323 0.7691 -0.0931
vn 0.3409 0.9251 0.1671
vn 0.0968 0.8912 0.4432
vn 0.4758 0.8139 0.3334
vn -0.0538 0.9981 0.0305
vn 0.0968 0.8912 0.4432
vn 0.3409 0.9251 0.1671
vn 0.4271 0.8982 -0.1045
vn -0.0538 0.9981 0.0305
vn 0.3409 0.9251 0.1671
vn 0.3901 0.8769 -0.2808
vn -0.0538 0.9981 0.0305
vn 0.4271 0.8982 -0.1045
vn 0.1730 0.8396 -0.5150
vn -0.0538 0.9981 0.0305
vn 0.3901 0.8769 -0.2808
vn -0.3018 0.7803 -0.5478
vn -0.0538 0.9981 0.0305
vn 0.1730 0.8396 -0.5150
vn -0.5546 0.7698 -0.3159
vn -0.0538 0.9981 0.0305
vn -0.3018 0.7803 -0.5478
vn -0.6166 0.7866 0.0343
vn -0.0538 0.9981 0.0305
vn -0.5546 0.7698 -0.3159
vn -0.4878 0.8162 0.3098
vn -0.0538 0.9981 0.0305
vn -0.6166 0.7866 0.0343
vn -0.3234 0.8392 0.4371
vn -0.0538 0.9981 0.0305
vn -0.4878 0.8162 0.3098
vn -0.3234 0.8392 0.4371
vn 0.0968 0.8912 0.4432
vn -0.0538 0.9981 0.0305
vn 0.0166 0.9596 -0.2808
vn 0.1145 0.9871 -0.1122
vn 0.0166 0.9911 -0.1320
vn -0.0792 0.9881 -0.1320
vn 0.0166 0.9596 -0.2808
vn 0.0166 0.9911 -0.1320
vn -0.2063 0.9163 -0.3433
vn 0.0166 0.9596 -0.2808
vn -0.0792 0.9881 -0.1320
vn -0.1830 0.9812 -0.0618
vn -0.2063 0.9163 -0.3433
vn -0.0792 0.9881 -0.1320
vn -0.3467 0.9230 -0.1671
vn -0.2063 0.9163 -0.3433
vn -0.1830 0.9812 -0.0618
vn -0.2377 0.9671 0.0908
vn -0.3467 0.9230 -0.1671
vn -0.1830 0.9812 -0.0618
vn -0.4860 0.8497 0.2045
vn -0.3467 0.9230 -0.1671
vn -0.2377 0.9671 0.0908
vn -0.2374 0.8979 0.3708
vn -0.4860 0.8497 0.2045
vn -0.2377 0.9671 0.0908
vn -0.1105 0.9793 0.1694
vn -0.2374 0.8979 0.3708
vn -0.2377 0.9671 0.0908
vn -0.0068 0.9855 0.1694
vn -0.2374 0.8979 0.3708
vn -0.1105 0.9793 0.1694
vn 0.0342 0.9320 0.3609
vn -0.2374 0.8979 0.3708
vn -0.0068 0.9855 0.1694
vn 0.0850 0.9857 0.1457
vn 0.0342 0.9320 0.3609
vn -0.0068 0.9855 0.1694
vn 0.1848 0.9319 0.3121
vn 0.0342 0.9320 0.3609
vn 0.0850 0.9857 0.1457
vn 0.2513 0.9516 0.1770
vn 0.1848 0.9319 0.3121
vn 0.0850 0.9857 0.1457
vn 0.1182 0.9916 0.0519
vn 0.2513 0.9516 0.1770
vn 0.0850 0.9857 0.1457
vn 0.2960 0.9543 -0.0404
vn 0.2513 0.9516 0.1770
vn 0.1182 0.9916 0.0519
vn 0.1438 0.9892 -0.0282
vn 0.2960 0.9543 -0.0404
vn 0.1182 0.9916 0.0519
vn 0.2396 0.9437 -0.2281
vn 0.2960 0.9543 -0.0404
vn 0.1438 0.9892 -0.0282
vn 0.1145 0.9871 -0.1122
vn 0.2396 0.9437 -0.2281
vn 0.1438 0.9892 -0.0282
vn 0.0166 0.9596 -0.2808
vn 0.2396 0.9437 -0.2281
vn 0.1145 0.9871 -0.1122
vn 0.3721 0.8135 -0.4470
vn 0.2396 0.9437 -0.2281
vn 0.0166 0.9596 -0.2808
vn -0.0381 0.7687 -0.6384
vn 0.3721 0.8135 -0.4470
vn 0.0166 0.9596 -0.2808
vn -0.2063 0.9163 -0.3433
vn -0.0381 0.7687 -0.6384
vn 0.0166 0.9596 -0.2808
vn -0.3663 0.6847 -0.6301
vn -0.0381 0.7687 -0.6384
vn -0.2063 0.9163 -0.3433
vn -0.3467 0.9230 -0.1671
vn -0.3663 0.6847 -0.6301
vn -0.2063 0.9163 -0.3433
vn -0.6735 0.6442 -0.3624
vn -0.3663 0.6847 -0.6301
vn -0.3467 0.9230 -0.1671
vn -0.4860 0.8497 0.2045
vn -0.6735 0.6442 -0.3624
vn -0.3467 0.9230 -0.1671
vn -0.7710 0.5619 0.2998
vn -0.6735 0.6442 -0.3624
vn -0.4860 0.8497 0.2045
vn -0.3899 0.6263 0.6751
vn -0.7710 0.5619 0.2998
vn -0.4860 0.8497 0.2045
vn -0.2374 0.8979 0.3708
vn -0.3899 0.6263 0.6751
vn -0.4860 0.8497 0.2045
vn 0.0303 0.6868 0.7262
vn -0.3899 0.6263 0.6751
vn -0.2374 0.8979 0.3708
vn 0.0342 0.9320 0.3609
vn 0.0303 0.6868 0.7262
vn -0.2374 0.8979 0.3708
vn 0.3414 0.7054 0.6212
vn 0.0303 0.6868 0.7262
vn 0.0342 0.9320 0.3609
vn 0.1848 0.9319 0.3121
vn 0.3414 0.7054 0.6212
vn 0.0342 0.9320 0.3609
vn 0.5656 0.7179 0.4058
vn 0.3414 0.7054 0.6212
vn 0.1848 0.9319 0.3121
vn 0.2513 0.9516 0.1770
vn 0.5656 0.7179 0.4058
vn 0.1848 0.9319 0.3121
vn 0.6172 0.7834 -0.0732
vn 0.5656 0.7179 0.4058
vn 0.2513 0.9516 0.1770
vn 0.2960 0.9543 -0.0404
vn 0.6172 0.7834 -0.0732
vn 0.2513 0.9516 0.1770
vn 0.2396 0.9437 -0.2281
vn 0.6172 0.7834 -0.0732
vn 0.2960 0.9543 -0.0404
vn 0.3721 0.8135 -0.4470
vn 0.6172 0.7834 -0.0732
vn 0.2396 0.9437 -0.2281
vn 0.3721 0.8135 -0.4470
vn 0.4508 0.8908 -0.0580
vn 0.6172 0.7834 -0.0732
vn 0.4508 0.8908 -0.0580
vn 0.5656 0.7179 0.4058
vn 0.6172 0.7834 -0.0732
vn 0.4508 0.8908 -0.0580
vn 0.4077 0.8398 0.3586
vn 0.5656 0.7179 0.4058
vn 0.4077 0.8398 0.3586
vn 0.3414 0.7054 0.6212
vn 0.5656 0.7179 0.4058
vn 0.4077 0.8398 0.3586
vn 0.2667 0.8157 0.5134
vn 0.3414 0.7054 0.6212
vn 0.2667 0.8157 0.5134
vn 0.0303 0.6868 0.7262
vn 0.3414 0.7054 0.6212
vn 0.2667 0.8157 0.5134
vn -0.0186 0.7871 0.6165
vn 0.0303 0.6868 0.7262
vn -0.0186 0.7871 0.6165
vn -0.3899 0.6263 0.6751
vn 0.0303 0.6868 0.7262
vn -0.0186 0.7871 0.6165
vn -0.3629 0.7699 0.5250
vn -0.3899 0.6263 0.6751
vn -0.3629 0.7699 0.5250
vn -0.7710 0.5619 0.2998
vn -0.3899 0.6263 0.6751
vn -0.5713 0.7802 0.2548
vn -0.7710 0.5619 0.2998
vn -0.3629 0.7699 0.5250
vn -0.5713 0.7802 0.2548
vn -0.4975 0.8396 -0.2182
vn -0.7710 0.5619 0.2998
vn -0.4975 0.8396 -0.2182
vn -0.6735 0.6442 -0.3624
vn -0.7710 0.5619 0.2998
vn -0.4975 0.8396 -0.2182
vn -0.2456 0.8775 -0.4119
vn -0.6735 0.6442 -0.3624
vn -0.2456 0.8775 -0.4119
vn -0.3663 0.6847 -0.6301
vn -0.6735 0.6442 -0.3624
vn -0.2456 0.8775 -0.4119
vn -0.0674 0.8980 -0.4348
vn -0.3663 0.6847 -0.6301
vn -0.0674 0.8980 -0.4348
vn -0.0381 0.7687 -0.6384
vn -0.3663 0.6847 -0.6301
vn -0.0674 0.8980 -0.4348
vn 0.1963 0.9249 -0.3257
vn -0.0381 0.7687 -0.6384
vn 0.1963 0.9249 -0.3257
vn 0.3721 0.8135 -0.4470
vn -0.0381 0.7687 -0.6384
vn 0.1963 0.9249 -0.3257
vn 0.4508 0.8908 -0.0580
vn 0.3721 0.8135 -0.4470
vn 0.0264 0.9980 0.0580
vn 0.4508 0.8908 -0.0580
vn 0.1963 0.9249 -0.3257
vn -0.0674 0.8980 -0.4348
vn 0.0264 0.9980 0.0580
vn 0.1963 0.9249 -0.3257
vn -0.2456 0.8775 -0.4119
vn 0.0264 0.9980 0.0580
vn -0.0674 0.8980 -0.4348
vn -0.4975 0.8396 -0.2182
vn 0.0264 0.9980 0.0580
vn -0.2456 0.8775 -0.4119
vn -0.5713 0.7802 0.2548
vn 0.0264 0.9980 0.0580
vn -0.4975 0.8396 -0.2182
vn -0.3629 0.7699 0.5250
vn 0.0264 0.9980 0.0580
vn -0.5713 0.7802 0.2548
vn -0.0186 0.7871 0.6165
vn 0.0264 0.9980 0.0580
vn -0.3629 0.7699 0.5250
vn 0.2667 0.8157 0.5134
vn 0.0264 0.9980 0.0580
vn -0.0186 0.7871 0.6165
vn 0.4077 0.8398 0.3586
vn 0.0264 0.9980 0.0580
vn 0.2667 0.8157 0.5134
vn 0.4077 0.8398 0.3586
vn 0.4508 0.8908 -0.0580
vn 0.0264 0.9980 0.0580
vn 0.2475 0.9595 -0.1343
vn 0.1555 0.9871 0.0381
vn 0.1204 0.9912 -0.0557
vn 0.0694 0.9880 -0.1381
vn 0.2475 0.9595 -0.1343
vn 0.1204 0.9912 -0.0557
vn 0.1828 0.9160 -0.3571
vn 0.2475 0.9595 -0.1343
vn 0.0694 0.9880 -0.1381
vn -0.0440 0.9811 -0.1885
vn 0.1828 0.9160 -0.3571
vn 0.0694 0.9880 -0.1381
vn -0.0420 0.9231 -0.3822
vn 0.1828 0.9160 -0.3571
vn -0.0440 0.9811 -0.1885
vn -0.2024 0.9669 -0.1556
vn -0.0420 0.9231 -0.3822
vn -0.0440 0.9811 -0.1885
vn -0.4296 0.8504 -0.3037
vn -0.0420 0.9231 -0.3822
vn -0.2024 0.9669 -0.1556
vn -0.4390 0.8985 -0.0069
vn -0.4296 0.8504 -0.3037
vn -0.2024 0.9669 -0.1556
vn -0.2025 0.9793 -0.0046
vn -0.4390 0.8985 -0.0069
vn -0.2024 0.9669 -0.1556
vn -0.1475 0.9856 0.0832
vn -0.4390 0.8985 -0.0069
vn -0.2025 0.9793 -0.0046
vn -0.2885 0.9319 0.2197
vn -0.4390 0.8985 -0.0069
vn -0.1475 0.9856 0.0832
vn -0.0792 0.9856 0.1495
vn -0.2885 0.9319 0.2197
vn -0.1475 0.9856 0.0832
vn -0.1672 0.9319 0.3220
vn -0.2885 0.9319 0.2197
vn -0.0792 0.9856 0.1495
vn -0.0166 0.9512 0.3082
vn -0.1672 0.9319 0.3220
vn -0.0792 0.9856 0.1495
vn 0.0186 0.9916 0.1282
vn -0.0166 0.9512 0.3082
vn -0.0792 0.9856 0.1495
vn 0.1904 0.9539 0.2319
vn -0.0166 0.9512 0.3082
vn 0.0186 0.9916 0.1282
vn 0.0988 0.9892 0.1083
vn 0.1904 0.9539 0.2319
vn 0.0186 0.9916 0.1282
vn 0.3198 0.9437 0.0847
vn 0.1904 0.9539 0.2319
vn 0.0988 0.9892 0.1083
vn 0.1555 0.9871 0.0381
vn 0.3198 0.9437 0.0847
vn 0.0988 0.9892 0.1083
vn 0.2475 0.9595 -0.1343
vn 0.3198 0.9437 0.0847
vn 0.1555 0.9871 0.0381
vn 0.5754 0.8138 0.0809
vn 0.3198 0.9437 0.0847
vn 0.2475 0.9595 -0.1343
vn 0.5208 0.7690 -0.3708
vn 0.5754 0.8138 0.0809
vn 0.2475 0.9595 -0.1343
vn 0.1828 0.9160 -0.3571
vn 0.5208 0.7690 -0.3708
vn 0.2475 0.9595 -0.1343
vn 0.3410 0.6850 -0.6438
vn 0.5208 0.7690 -0.3708
vn 0.1828 0.9160 -0.3571
vn -0.0420 0.9231 -0.3822
vn 0.3410 0.6850 -0.6438
vn 0.1828 0.9160 -0.3571
vn -0.0479 0.6439 -0.7636
vn 0.3410 0.6850 -0.6438
vn -0.0420 0.9231 -0.3822
vn -0.4296 0.8504 -0.3037
vn -0.0479 0.6439 -0.7636
vn -0.0420 0.9231 -0.3822
vn -0.6613 0.5616 -0.4973
vn -0.0479 0.6439 -0.7636
vn -0.4296 0.8504 -0.3037
vn -0.7790 0.6265 0.0267
vn -0.6613 0.5616 -0.4973
vn -0.4296 0.8504 -0.3037
vn -0.4390 0.8985 -0.0069
vn -0.7790 0.6265 0.0267
vn -0.4296 0.8504 -0.3037
vn -0.6013 0.6873 0.4074
vn -0.7790 0.6265 0.0267
vn -0.4390 0.8985 -0.0069
vn -0.2885 0.9319 0.2197
vn -0.6013 0.6873 0.4074
vn -0.4390 0.8985 -0.0069
vn -0.3475 0.7058 0.6173
vn -0.6013 0.6873 0.4074
vn -0.2885 0.9319 0.2197
vn -0.1672 0.9319 0.3220
vn -0.3475 0.7058 0.6173
vn -0.2885 0.9319 0.2197
vn -0.0459 0.7181 0.6944
vn -0.3475 0.7058 0.6173
vn -0.1672 0.9319 0.3220
vn -0.0166 0.9512 0.3082
vn -0.0459 0.7181 0.6944
vn -0.1672 0.9319 0.3220
vn 0.3881 0.7831 0.4860
vn -0.0459 0.7181 0.6944
vn -0.0166 0.9512 0.3082
vn 0.1904 0.9539 0.2319
vn 0.3881 0.7831 0.4860
vn -0.0166 0.9512 0.3082
vn 0.3198 0.9437 0.0847
vn 0.3881 0.7831 0.4860
vn 0.1904 0.9539 0.2319
vn 0.5754 0.8138 0.0809
vn 0.3881 0.7831 0.4860
vn 0.3198 0.9437 0.0847
vn 0.5754 0.8138 0.0809
vn 0.2867 0.8914 0.3510
vn 0.3881 0.7831 0.4860
vn 0.2867 0.8914 0.3510
vn -0.0459 0.7181 0.6944
vn 0.3881 0.7831 0.4860
vn 0.2867 0.8914 0.3510
vn -0.0909 0.8400 0.5349
vn -0.0459 0.7181 0.6944
vn -0.0909 0.8400 0.5349
vn -0.3475 0.7058 0.6173
vn -0.0459 0.7181 0.6944
vn -0.0909 0.8400 0.5349
vn -0.2960 0.8155 0.4973
vn -0.3475 0.7058 0.6173
vn -0.2960 0.8155 0.4973
vn -0.6013 0.6873 0.4074
vn -0.3475 0.7058 0.6173
vn -0.2960 0.8155 0.4973
vn -0.5347 0.7868 0.3082
vn -0.6013 0.6873 0.4074
vn -0.5347 0.7868 0.3082
vn -0.7790 0.6265 0.0267
vn -0.6013 0.6873 0.4074
vn -0.5347 0.7868 0.3082
vn -0.6371 0.7702 -0.0305
vn -0.7790 0.6265 0.0267
vn -0.6371 0.7702 -0.0305
vn -0.6613 0.5616 -0.4973
vn -0.7790 0.6265 0.0267
vn -0.5170 0.7808 -0.3509
vn -0.6613 0.5616 -0.4973
vn -0.6371 0.7702 -0.0305
vn -0.5170 0.7808 -0.3509
vn -0.0792 0.8392 -0.5380
vn -0.6613 0.5616 -0.4973
vn -0.0792 0.8392 -0.5380
vn -0.0479 0.6439 -0.7636
vn -0.6613 0.5616 -0.4973
vn -0.0792 0.8392 -0.5380
vn 0.2200 0.8770 -0.4273
vn -0.0479 0.6439 -0.7636
vn 0.2200 0.8770 -0.4273
vn 0.3410 0.6850 -0.6438
vn -0.0479 0.6439 -0.7636
vn 0.2200 0.8770 -0.4273
vn 0.3333 0.8984 -0.2861
vn 0.3410 0.6850 -0.6438
vn 0.3333 0.8984 -0.2861
vn 0.5208 0.7690 -0.3708
vn 0.3410 0.6850 -0.6438
vn 0.3333 0.8984 -0.2861
vn 0.3800 0.9250 -0.0046
vn 0.5208 0.7690 -0.3708
vn 0.3800 0.9250 -0.0046
vn 0.5754 0.8138 0.0809
vn 0.5208 0.7690 -0.3708
vn 0.3800 0.9250 -0.0046
vn 0.2867 0.8914 0.3510
vn 0.5754 0.8138 0.0809
vn -0.0342 0.9981 0.0519
vn 0.2867 0.8914 0.3510
vn 0.3800 0.9250 -0.0046
vn 0.3333 0.8984 -0.2861
vn -0.0342 0.9981 0.0519
vn 0.3800 0.9250 -0.0046
vn 0.2200 0.8770 -0.4273
vn -0.0342 0.9981 0.0519
vn 0.3333 0.8984 -0.2861
vn -0.0792 0.8392 -0.5380
vn -0.0342 0.9981 0.0519
vn 0.2200 0.8770 -0.4273
vn -0.5170 0.7808 -0.3509
vn -0.0342 0.9981 0.0519
vn -0.0792 0.8392 -0.5380
vn -0.6371 0.7702 -0.0305
vn -0.0342 0.9981 0.0519
vn -0.5170 0.7808 -0.3509
vn -0.5347 0.7868 0.3082
vn -0.0342 0.9981 0.0519
vn -0.6371 0.7702 -0.0305
vn -0.2960 0.8155 0.4973
vn -0.0342 0.9981 0.0519
vn -0.5347 0.7868 0.3082
vn -0.0909 0.8400 0.5349
vn -0.0342 0.9981 0.0519
vn -0.2960 0.8155 0.4973
vn -0.0909 0.8400 0.5349
vn 0.2867 0.8914 0.3510
vn -0.0342 0.9981 0.0519
vn 0.2808 0.9597 -0.0069
vn 0.1223 0.9870 0.1045
vn 0.1321 0.9912 0.0046
vn 0.1241 0.9881 -0.0908
vn 0.2808 0.9597 -0.0069
vn 0.1321 0.9912 0.0046
vn 0.3254 0.9157 -0.2357
vn 0.2808 0.9597 -0.0069
vn 0.1241 0.9881 -0.0908
vn 0.0460 0.9813 -0.1869
vn 0.3254 0.9157 -0.2357
vn 0.1241 0.9881 -0.0908
vn 0.1357 0.9227 -0.3608
vn 0.3254 0.9157 -0.2357
vn 0.0460 0.9813 -0.1869
vn -0.1105 0.9670 -0.2296
vn 0.1357 0.9227 -0.3608
vn 0.0460 0.9813 -0.1869
vn -0.2455 0.8499 -0.4662
vn 0.1357 0.9227 -0.3608
vn -0.1105 0.9670 -0.2296
vn -0.3881 0.8983 -0.2060
vn -0.2455 0.8499 -0.4662
vn -0.1105 0.9670 -0.2296
vn -0.1791 0.9793 -0.0946
vn -0.3881 0.8983 -0.2060
vn -0.1105 0.9670 -0.2296
vn -0.1689 0.9856 0.0069
vn -0.3881 0.8983 -0.2060
vn -0.1791 0.9793 -0.0946
vn -0.3569 0.9318 0.0656
vn -0.3881 0.8983 -0.2060
vn -0.1689 0.9856 0.0069
vn -0.1378 0.9856 0.0984
vn -0.3569 0.9318 0.0656
vn -0.1689 0.9856 0.0069
vn -0.2945 0.9323 0.2098
vn -0.3569 0.9318 0.0656
vn -0.1378 0.9856 0.0984
vn -0.1554 0.9511 0.2670
vn -0.2945 0.9323 0.2098
vn -0.1378 0.9856 0.0984
vn -0.0401 0.9917 0.1221
vn -0.1554 0.9511 0.2670
vn -0.1378 0.9856 0.0984
vn 0.0635 0.9543 0.2922
vn -0.1554 0.9511 0.2670
vn -0.0401 0.9917 0.1221
vn 0.0401 0.9891 0.1419
vn 0.0635 0.9543 0.2922
vn -0.0401 0.9917 0.1221
vn 0.2474 0.9437 0.2197
vn 0.0635 0.9543 0.2922
vn 0.0401 0.9891 0.1419
vn 0.1223 0.9870 0.1045
vn 0.2474 0.9437 0.2197
vn 0.0401 0.9891 0.1419
vn 0.2808 0.9597 -0.0069
vn 0.2474 0.9437 0.2197
vn 0.1223 0.9870 0.1045
vn 0.4758 0.8139 0.3334
vn 0.2474 0.9437 0.2197
vn 0.2808 0.9597 -0.0069
vn 0.6323 0.7691 -0.0931
vn 0.4758 0.8139 0.3334
vn 0.2808 0.9597 -0.0069
vn 0.3254 0.9157 -0.2357
vn 0.6323 0.7691 -0.0931
vn 0.2808 0.9597 -0.0069
vn 0.5966 0.6845 -0.4189
vn 0.6323 0.7691 -0.0931
vn 0.3254 0.9157 -0.2357
vn 0.1357 0.9227 -0.3608
vn 0.5966 0.6845 -0.4189
vn 0.3254 0.9157 -0.2357
vn 0.3042 0.6447 -0.7013
vn 0.5966 0.6845 -0.4189
vn 0.1357 0.9227 -0.3608
vn -0.2455 0.8499 -0.4662
vn 0.3042 0.6447 -0.7013
vn 0.1357 0.9227 -0.3608
vn -0.3648 0.5623 -0.7422
vn 0.3042 0.6447 -0.7013
vn -0.2455 0.8499 -0.4662
vn -0.7065 0.6263 -0.3296
vn -0.3648 0.5623 -0.7422
vn -0.2455 0.8499 -0.4662
vn -0.3881 0.8983 -0.2060
vn -0.7065 0.6263 -0.3296
vn -0.2455 0.8499 -0.4662
vn -0.7205 0.6872 0.0931
vn -0.7065 0.6263 -0.3296
vn -0.3881 0.8983 -0.2060
vn -0.3569 0.9318 0.0656
vn -0.7205 0.6872 0.0931
vn -0.3881 0.8983 -0.2060
vn -0.5897 0.7051 0.3937
vn -0.7205 0.6872 0.0931
vn -0.3569 0.9318 0.0656
vn -0.2945 0.9323 0.2098
vn -0.5897 0.7051 0.3937
vn -0.3569 0.9318 0.0656
vn -0.3567 0.7183 0.5973
vn -0.5897 0.7051 0.3937
vn -0.2945 0.9323 0.2098
vn -0.1554 0.9511 0.2670
vn -0.3567 0.7183 0.5973
vn -0.2945 0.9323 0.2098
vn 0.1261 0.7832 0.6089
vn -0.3567 0.7183 0.5973
vn -0.1554 0.9511 0.2670
vn 0.0635 0.9543 0.2922
vn 0.1261 0.7832 0.6089
vn -0.1554 0.9511 0.2670
vn 0.2474 0.9437 0.2197
vn 0.1261 0.7832 0.6089
vn 0.0635 0.9543 0.2922
vn 0.4758 0.8139 0.3334
vn 0.1261 0.7832 0.6089
vn 0.2474 0.9437 0.2197
vn 0.4758 0.8139 0.3334
vn 0.0968 0.8912 0.4432
vn 0.1261 0.7832 0.6089
vn 0.0968 0.8912 0.4432
vn -0.3567 0.7183 0.5973
vn 0.1261 0.7832 0.6089
vn 0.0968 0.8912 0.4432
vn -0.3234 0.8392 0.4371
vn -0.3567 0.7183 0.5973
vn -0.3234 0.8392 0.4371
vn -0.5897 0.7051 0.3937
vn -0.3567 0.7183 0.5973
vn -0.3234 0.8392 0.4371
vn -0.4878 0.8162 0.3098
vn -0.5897 0.7051 0.3937
vn -0.4878 0.8162 0.3098
vn -0.7205 0.6872 0.0931
vn -0.5897 0.7051 0.3937
vn -0.4878 0.8162 0.3098
vn -0.6166 0.7866 0.0343
vn -0.7205 0.6872 0.0931
vn -0.6166 0.7866 0.0343
vn -0.7065 0.6263 -0.3296
vn -0.7205 0.6872 0.0931
vn -0.6166 0.7866 0.0343
vn -0.5546 0.7698 -0.3159
vn -0.7065 0.6263 -0.3296
vn -0.5546 0.7698 -0.3159
vn -0.3648 0.5623 -0.7422
vn -0.7065 0.6263 -0.3296
vn -0.3018 0.7803 -0.5478
vn -0.3648 0.5623 -0.7422
vn -0.5546 0.7698 -0.3159
vn -0.3018 0.7803 -0.5478
vn 0.1730 0.8396 -0.5150
vn -0.3648 0.5623 -0.7422
vn 0.1730 0.8396 -0.5150
vn 0.3042 0.6447 -0.7013
vn -0.3648 0.5623 -0.7422
vn 0.1730 0.8396 -0.5150
vn 0.3901 0.8769 -0.2808
vn 0.3042 0.6447 -0.7013
vn 0.3901 0.8769 -0.2808
vn 0.5966 0.6845 -0.4189
vn 0.3042 0.6447 -0.7013
vn 0.3901 0.8769 -0.2808
vn 0.4271 0.8982 -0.1045
vn 0.5966 0.6845 -0.4189
vn 0.4271 0.8982 -0.1045
vn 0.6323 0.7691 -0.0931
vn 0.5966 0.6845 -0.4189
vn 0.4271 0.8982 -0.1045
vn 0.3409 0.9251 0.1671
vn 0.6323 0.7691 -0.0931
vn 0.3409 0.9251 0.1671
vn 0.4758 0.8139 0.3334
vn 0.6323 0.7691 -0.0931
vn 0.3409 0.9251 0.1671
vn 0.0968 0.8912 0.4432
vn 0.4758 0.8139 0.3334
vn -0.0537 0.9981 0.0305
vn 0.0968 0.8912 0.4432
vn 0.3409 0.9251 0.1671
vn 0.4271 0.8982 -0.1045
vn -0.0537 0.9981 0.0305
vn 0.3409 0.9251 0.1671
vn 0.3901 0.8769 -0.2808
vn -0.0537 0.9981 0.0305
vn 0.4271 0.8982 -0.1045
vn 0.1730 0.8396 -0.5150
vn -0.0537 0.9981 0.0305
vn 0.3901 0.8769 -0.2808
vn -0.3018 0.7803 -0.5478
vn -0.0537 0.9981 0.0305
vn 0.1730 0.8396 -0.5150
vn -0.5546 0.7698 -0.3159
vn -0.0537 0.9981 0.0305
vn -0.3018 0.7803 -0.5478
vn -0.6166 0.7866 0.0343
vn -0.0537 0.9981 0.0305
vn -0.5546 0.7698 -0.3159
vn -0.4878 0.8162 0.3098
vn -0.0537 0.9981 0.0305
vn -0.6166 0.7866 0.0343
vn -0.3234 0.8392 0.4371
vn -0.0537 0.9981 0.0305
vn -0.4878 0.8162 0.3098
vn -0.3234 0.8392 0.4371
vn 0.0968 0.8912 0.4432
vn -0.0537 0.9981 0.0305
vn 0.0166 0.9596 -0.2807
vn 0.1145 0.9870 -0.1125
vn 0.0166 0.9911 -0.1320
vn -0.0792 0.9881 -0.1320
vn 0.0166 0.9596 -0.2807
vn 0.0166 0.9911 -0.1320
vn -0.2064 0.9164 -0.3430
vn 0.0166 0.9596 -0.2807
vn -0.0792 0.9881 -0.1320
vn -0.1829 0.9812 -0.0614
vn -0.2064 0.9164 -0.3430
vn -0.0792 0.9881 -0.1320
vn -0.3467 0.9230 -0.1671
vn -0.2064 0.9164 -0.3430
vn -0.1829 0.9812 -0.0614
vn -0.2376 0.9671 0.0908
vn -0.3467 0.9230 -0.1671
vn -0.1829 0.9812 -0.0614
vn -0.4860 0.8497 0.2045
vn -0.3467 0.9230 -0.1671
vn -0.2376 0.9671 0.0908
vn -0.2375 0.8981 0.3702
vn -0.4860 0.8497 0.2045
vn -0.2376 0.9671 0.0908
vn -0.1106 0.9793 0.1694
vn -0.2375 0.8981 0.3702
vn -0.2376 0.9671 0.0908
vn -0.0068 0.9856 0.1690
vn -0.2375 0.8981 0.3702
vn -0.1106 0.9793 0.1694
vn 0.0342 0.9320 0.3609
vn -0.2375 0.8981 0.3702
vn -0.0068 0.9856 0.1690
vn 0.0850 0.9857 0.1457
vn 0.0342 0.9320 0.3609
vn -0.0068 0.9856 0.1690
vn 0.1848 0.9319 0.3120
vn 0.0342 0.9320 0.3609
vn 0.0850 0.9857 0.1457
vn 0.2513 0.9516 0.1770
vn 0.1848 0.9319 0.3120
vn 0.0850 0.9857 0.1457
vn 0.1183 0.9916 0.0519
vn 0.2513 0.9516 0.1770
vn 0.0850 0.9857 0.1457
vn 0.2960 0.9543 -0.0401
vn 0.2513 0.9516 0.1770
vn 0.1183 0.9916 0.0519
vn 0.1439 0.9892 -0.0282
vn 0.2960 0.9543 -0.0401
vn 0.1183 0.9916 0.0519
vn 0.2396 0.9438 -0.2277
vn 0.2960 0.9543 -0.0401
vn 0.1439 0.9892 -0.0282
vn 0.1145 0.9870 -0.1125
vn 0.2396 0.9438 -0.2277
vn 0.1439 0.9892 -0.0282
vn 0.0166 0.9596 -0.2807
vn 0.2396 0.9438 -0.2277
vn 0.1145 0.9870 -0.1125
vn 0.3722 0.8138 -0.4463
vn 0.2396 0.9438 -0.2277
vn 0.0166 0.9596 -0.2807
vn -0.0381 0.7690 -0.6381
vn 0.3722 0.8138 -0.4463
vn 0.0166 0.9596 -0.2807
vn -0.2064 0.9164 -0.3430
vn -0.0381 0.7690 -0.6381
vn 0.0166 0.9596 -0.2807
vn -0.3663 0.6847 -0.6301
vn -0.0381 0.7690 -0.6381
vn -0.2064 0.9164 -0.3430
vn -0.3467 0.9230 -0.1671
vn -0.3663 0.6847 -0.6301
vn -0.2064 0.9164 -0.3430
vn -0.6734 0.6441 -0.3628
vn -0.3663 0.6847 -0.6301
vn -0.3467 0.9230 -0.1671
vn -0.4860 0.8497 0.2045
vn -0.6734 0.6441 -0.3628
vn -0.3467 0.9230 -0.1671
vn -0.7709 0.5618 0.3002
vn -0.6734 0.6441 -0.3628
vn -0.4860 0.8497 0.2045
vn -0.3899 0.6263 0.6750
vn -0.7709 0.5618 0.3002
vn -0.4860 0.8497 0.2045
vn -0.2375 0.8981 0.3702
vn -0.3899 0.6263 0.6750
vn -0.4860 0.8497 0.2045
vn 0.0303 0.6869 0.7261
vn -0.3899 0.6263 0.6750
vn -0.2375 0.8981 0.3702
vn 0.0342 0.9320 0.3609
vn 0.0303 0.6869 0.7261
vn -0.2375 0.8981 0.3702
vn 0.3414 0.7054 0.6212
vn 0.0303 0.6869 0.7261
vn 0.0342 0.9320 0.3609
vn 0.1848 0.9319 0.3120
vn 0.3414 0.7054 0.6212
vn 0.0342 0.9320 0.3609
vn 0.5657 0.7182 0.4052
vn 0.3414 0.7054 0.6212
vn 0.1848 0.9319 0.3120
vn 0.2513 0.9516 0.1770
vn 0.5657 0.7182 0.4052
vn 0.1848 0.9319 0.3120
vn 0.6172 0.7834 -0.0732
vn 0.5657 0.7182 0.4052
vn 0.2513 0.9516 0.1770
vn 0.2960 0.9543 -0.0401
vn 0.6172 0.7834 -0.0732
vn 0.2513 0.9516 0.1770
vn 0.2396 0.9438 -0.2277
vn 0.6172 0.7834 -0.0732
vn 0.2960 0.9543 -0.0401
vn 0.3722 0.8138 -0.4463
vn 0.6172 0.7834 -0.0732
vn 0.2396 0.9438 -0.2277
vn 0.3722 0.8138 -0.4463
vn 0.4508 0.8908 -0.0576
vn 0.6172 0.7834 -0.0732
vn 0.4508 0.8908 -0.0576
vn 0.5657 0.7182 0.4052
vn 0.6172 0.7834 -0.0732
vn 0.4508 0.8908 -0.0576
vn 0.4077 0.8398 0.3586
vn 0.5657 0.7182 0.4052
vn 0.4077 0.8398 0.3586
vn 0.3414 0.7054 0.6212
vn 0.5657 0.7182 0.4052
vn 0.4077 0.8398 0.3586
vn 0.2667 0.8159 0.5131
vn 0.3414 0.7054 0.6212
vn 0.2667 0.8159 0.5131
vn 0.0303 0.6869 0.7261
vn 0.3414 0.7054 0.6212
vn 0.2667 0.8159 0.5131
vn -0.0186 0.7869 0.6168
vn 0.0303 0.6869 0.7261
vn -0.0186 0.7869 0.6168
vn -0.3899 0.6263 0.6750
vn 0.0303 0.6869 0.7261
vn -0.0186 0.7869 0.6168
vn -0.3628 0.7697 0.5253
vn -0.3899 0.6263 0.6750
vn -0.3628 0.7697 0.5253
vn -0.7709 0.5618 0.3002
vn -0.3899 0.6263 0.6750
vn -0.5712 0.7802 0.2548
vn -0.7709 0.5618 0.3002
vn -0.3628 0.7697 0.5253
vn -0.5712 0.7802 0.2548
vn -0.4975 0.8397 -0.2178
vn -0.7709 0.5618 0.3002
vn -0.4975 0.8397 -0.2178
vn -0.6734 0.6441 -0.3628
vn -0.7709 0.5618 0.3002
vn -0.4975 0.8397 -0.2178
vn -0.2455 0.8775 -0.4120
vn -0.6734 0.6441 -0.3628
vn -0.2455 0.8775 -0.4120
vn -0.3663 0.6847 -0.6301
vn -0.6734 0.6441 -0.3628
vn -0.2455 0.8775 -0.4120
vn -0.0674 0.8980 -0.4349
vn -0.3663 0.6847 -0.6301
vn -0.0674 0.8980 -0.4349
vn -0.0381 0.7690 -0.6381
vn -0.3663 0.6847 -0.6301
vn -0.0674 0.8980 -0.4349
vn 0.1963 0.9251 -0.3250
vn -0.0381 0.7690 -0.6381
vn 0.1963 0.9251 -0.3250
vn 0.3722 0.8138 -0.4463
vn -0.0381 0.7690 -0.6381
vn 0.1963 0.9251 -0.3250
vn 0.4508 0.8908 -0.0576
vn 0.3722 0.8138 -0.4463
vn 0.0264 0.9980 0.0576
vn 0.4508 0.8908 -0.0576
vn 0.1963 0.9251 -0.3250
vn -0.0674 0.8980 -0.4349
vn 0.0264 0.9980 0.0576
vn 0.1963 0.9251 -0.3250
vn -0.2455 0.8775 -0.4120
vn 0.0264 0.9980 0.0576
vn -0.0674 0.8980 -0.4349
vn -0.4975 0.8397 -0.2178
vn 0.0264 0.9980 0.0576
vn -0.2455 0.8775 -0.4120
vn -0.5712 0.7802 0.2548
vn 0.0264 0.9980 0.0576
vn -0.4975 0.8397 -0.2178
vn -0.3628 0.7697 0.5253
vn 0.0264 0.9980 0.0576
vn -0.5712 0.7802 0.2548
vn -0.0186 0.7869 0.6168
vn 0.0264 0.9980 0.0576
vn -0.3628 0.7697 0.5253
vn 0.2667 0.8159 0.5131
vn 0.0264 0.9980 0.0576
vn -0.0186 0.7869 0.6168
vn 0.4077 0.8398 0.3586
vn 0.0264 0.9980 0.0576
vn 0.2667 0.8159 0.5131
vn 0.4077 0.8398 0.3586
vn 0.4508 0.8908 -0.0576
vn 0.0264 0.9980 0.0576
vn 0.0166 0.9596 -0.2807
vn 0.1144 0.9870 -0.1125
vn 0.0166 0.9911 -0.1320
vn -0.0792 0.9881 -0.1320
vn 0.0166 0.9596 -0.2807
vn 0.0166 0.9911 -0.1320
vn -0.2064 0.9164 -0.3430
vn 0.0166 0.9596 -0.2807
vn -0.0792 0.9881 -0.1320
vn -0.1829 0.9812 -0.0614
vn -0.2064 0.9164 -0.3430
vn -0.0792 0.9881 -0.1320
vn -0.3467 0.9230 -0.1671
vn -0.2064 0.9164 -0.3430
vn -0.1829 0.9812 -0.0614
vn -0.2376 0.9671 0.0908
vn -0.3467 0.9230 -0.1671
vn -0.1829 0.9812 -0.0614
vn -0.4860 0.8497 0.2045
vn -0.3467 0.9230 -0.1671
vn -0.2376 0.9671 0.0908
vn -0.2374 0.8980 0.3704
vn -0.4860 0.8497 0.2045
vn -0.2376 0.9671 0.0908
vn -0.1106 0.9794 0.1690
vn -0.2374 0.8980 0.3704
vn -0.2376 0.9671 0.0908
vn -0.0068 0.9856 0.1690
vn -0.2374 0.8980 0.3704
vn -0.1106 0.9794 0.1690
vn 0.0342 0.9320 0.3609
vn -0.2374 0.8980 0.3704
vn -0.0068 0.9856 0.1690
vn 0.0850 0.9857 0.1457
vn 0.0342 0.9320 0.3609
vn -0.0068 0.9856 0.1690
vn 0.1849 0.9320 0.3117
vn 0.0342 0.9320 0.3609
vn 0.0850 0.9857 0.1457
vn 0.2513 0.9516 0.1770
vn 0.1849 0.9320 0.3117
vn 0.0850 0.9857 0.1457
vn 0.1183 0.9916 0.0519
vn 0.2513 0.9516 0.1770
vn 0.0850 0.9857 0.1457
vn 0.2960 0.9544 -0.0401
vn 0.2513 0.9516 0.1770
vn 0.1183 0.9916 0.0519
vn 0.1439 0.9892 -0.0282
vn 0.2960 0.9544 -0.0401
vn 0.1183 0.9916 0.0519
vn 0.2396 0.9438 -0.2277
vn 0.2960 0.9544 -0.0401
vn 0.1439 0.9892 -0.0282
vn 0.1144 0.9870 -0.1125
vn 0.2396 0.9438 -0.2277
vn 0.1439 0.9892 -0.0282
vn 0.0166 0.9596 -0.2807
vn 0.2396 0.9438 -0.2277
vn 0.1144 0.9870 -0.1125
vn 0.3722 0.8138 -0.4463
vn 0.2396 0.9438 -0.2277
vn 0.0166 0.9596 -0.2807
vn -0.0381 0.7690 -0.6381
vn 0.3722 0.8138 -0.4463
vn 0.0166 0.9596 -0.2807
vn -0.2064 0.9164 -0.3430
vn -0.0381 0.7690 -0.6381
vn 0.0166 0.9596 -0.2807
vn -0.3663 0.6847 -0.6301
vn -0.0381 0.7690 -0.6381
vn -0.2064 0.9164 -0.3430
vn -0.3467 0.9230 -0.1671
vn -0.3663 0.6847 -0.6301
vn -0.2064 0.9164 -0.3430
vn -0.6734 0.6441 -0.3628
vn -0.3663 0.6847 -0.6301
vn -0.3467 0.9230 -0.1671
vn -0.4860 0.8497 0.2045
vn -0.6734 0.6441 -0.3628
vn -0.3467 0.9230 -0.1671
vn -0.7709 0.5618 0.3002
vn -0.6734 0.6441 -0.3628
vn -0.4860 0.8497 0.2045
vn -0.3898 0.6262 0.6752
vn -0.7709 0.5618 0.3002
vn -0.4860 0.8497 0.2045
vn -0.2374 0.8980 0.3704
vn -0.3898 0.6262 0.6752
vn -0.4860 0.8497 0.2045
vn 0.0303 0.6870 0.7260
vn -0.3898 0.6262 0.6752
vn -0.2374 0.8980 0.3704
vn 0.0342 0.9320 0.3609
vn 0.0303 0.6870 0.7260
vn -0.2374 0.8980 0.3704
vn 0.3415 0.7054 0.6211
vn 0.0303 0.6870 0.7260
vn 0.0342 0.9320 0.3609
vn 0.1849 0.9320 0.3117
vn 0.3415 0.7054 0.6211
vn 0.0342 0.9320 0.3609
vn 0.5657 0.7182 0.4052
vn 0.3415 0.7054 0.6211
vn 0.1849 0.9320 0.3117
vn 0.2513 0.9516 0.1770
vn 0.5657 0.7182 0.4052
vn 0.1849 0.9320 0.3117
vn 0.6172 0.7834 -0.0732
vn 0.5657 0.7182 0.4052
vn 0.2513 0.9516 0.1770
vn 0.2960 0.9544 -0.0401
vn 0.6172 0.7834 -0.0732
vn 0.2513 0.9516 0.1770
vn 0.2396 0.9438 -0.2277
vn 0.6172 0.7834 -0.0732
vn 0.2960 0.9544 -0.0401
vn 0.3722 0.8138 -0.4463
vn 0.6172 0.7834 -0.0732
vn 0.2396 0.9438 -0.2277
vn 0.3722 0.8138 -0.4463
vn 0.4508 0.8908 -0.0576
vn 0.6172 0.7834 -0.0732
vn 0.4508 0.8908 -0.0576
vn 0.5657 0.7182 0.4052
vn 0.6172 0.7834 -0.0732
vn 0.4508 0.8908 -0.0576
vn 0.4077 0.8398 0.3586
vn 0.5657 0.7182 0.4052
vn 0.4077 0.8398 0.3586
vn 0.3415 0.7054 0.6211
vn 0.5657 0.7182 0.4052
vn 0.4077 0.8398 0.3586
vn 0.2667 0.8159 0.5130
vn 0.3415 0.7054 0.6211
vn 0.2667 0.8159 0.5130
vn 0.0303 0.6870 0.7260
vn 0.3415 0.7054 0.6211
vn 0.2667 0.8159 0.5130
vn -0.0186 0.7869 0.6168
vn 0.0303 0.6870 0.7260
vn -0.0186 0.7869 0.6168
vn -0.3898 0.6262 0.6752
vn 0.0303 0.6870 0.7260
vn -0.0186 0.7869 0.6168
vn -0.3628 0.7697 0.5253
vn -0.3898 0.6262 0.6752
vn -0.3628 0.7697 0.5253
vn -0.7709 0.5618 0.3002
vn -0.3898 0.6262 0.6752
vn -0.5712 0.7802 0.2548
vn -0.7709 0.5618 0.3002
vn -0.3628 0.7697 0.5253
vn -0.5712 0.7802 0.2548
vn -0.4975 0.8397 -0.2178
vn -0.7709 0.5618 0.3002
vn -0.4975 0.8397 -0.2178
vn -0.6734 0.6441 -0.3628
vn -0.7709 0.5618 0.3002
vn -0.4975 0.8397 -0.2178
vn -0.2455 0.8775 -0.4120
vn -0.6734 0.6441 -0.3628
vn -0.2455 0.8775 -0.4120
vn -0.3663 0.6847 -0.6301
vn -0.6734 0.6441 -0.3628
vn -0.2455 0.8775 -0.4120
vn -0.0674 0.8980 -0.4348
vn -0.3663 0.6847 -0.6301
vn -0.0674 0.8980 -0.4348
vn -0.0381 0.7690 -0.6381
vn -0.3663 0.6847 -0.6301
vn -0.0674 0.8980 -0.4348
vn 0.1963 0.9251 -0.3250
vn -0.0381 0.7690 -0.6381
vn 0.1963 0.9251 -0.3250
vn 0.3722 0.8138 -0.4463
vn -0.0381 0.7690 -0.6381
vn 0.1963 0.9251 -0.3250
vn 0.4508 0.8908 -0.0576
vn 0.3722 0.8138 -0.4463
vn 0.0264 0.9980 0.0576
vn 0.4508 0.8908 -0.0576
vn 0.1963 0.9251 -0.3250
vn -0.0674 0.8980 -0.4348
vn 0.0264 0.9980 0.0576
vn 0.1963 0.9251 -0.3250
vn -0.2455 0.8775 -0.4120
vn 0.0264 0.9980 0.0576
vn -0.0674 0.8980 -0.4348
vn -0.4975 0.8397 -0.2178
vn 0.0264 0.9980 0.0576
vn -0.2455 0.8775 -0.4120
vn -0.5712 0.7802 0.2548
vn 0.0264 0.9980 0.0576
vn -0.4975 0.8397 -0.2178
vn -0.3628 0.7697 0.5253
vn 0.0264 0.9980 0.0576
vn -0.5712 0.7802 0.2548
vn -0.0186 0.7869 0.6168
vn 0.0264 0.9980 0.0576
vn -0.3628 0.7697 0.5253
vn 0.2667 0.8159 0.5130
vn 0.0264 0.9980 0.0576
vn -0.0186 0.7869 0.6168
vn 0.4077 0.8398 0.3586
vn 0.0264 0.9980 0.0576
vn 0.2667 0.8159 0.5130
vn 0.4077 0.8398 0.3586
vn 0.4508 0.8908 -0.0576
vn 0.0264 0.9980 0.0576
vn 0.0870 0.9592 0.2689
vn -0.0675 0.9870 0.1457
vn 0.0323 0.9912 0.1282
vn 0.1222 0.9882 0.0927
vn 0.0870 0.9592 0.2689
vn 0.0323 0.9912 0.1282
vn 0.3159 0.9165 0.2455
vn 0.0870 0.9592 0.2689
vn 0.1222 0.9882 0.0927
vn 0.1927 0.9812 -0.0088
vn 0.3159 0.9165 0.2455
vn 0.1222 0.9882 0.0927
vn 0.3838 0.9229 0.0303
vn 0.3159 0.9165 0.2455
vn 0.1927 0.9812 -0.0088
vn 0.1887 0.9670 -0.1711
vn 0.3838 0.9229 0.0303
vn 0.1927 0.9812 -0.0088
vn 0.3785 0.8498 -0.3668
vn 0.3838 0.9229 0.0303
vn 0.1887 0.9670 -0.1711
vn 0.0889 0.8980 -0.4309
vn 0.3785 0.8498 -0.3668
vn 0.1887 0.9670 -0.1711
vn 0.0421 0.9792 -0.1986
vn 0.0889 0.8980 -0.4309
vn 0.1887 0.9670 -0.1711
vn -0.0537 0.9858 -0.1593
vn 0.0889 0.8980 -0.4309
vn 0.0421 0.9792 -0.1986
vn -0.1633 0.9320 -0.3237
vn 0.0889 0.8980 -0.4309
vn -0.0537 0.9858 -0.1593
vn -0.1319 0.9857 -0.1045
vn -0.1633 0.9320 -0.3237
vn -0.0537 0.9858 -0.1593
vn -0.2846 0.9321 -0.2241
vn -0.1633 0.9320 -0.3237
vn -0.1319 0.9857 -0.1045
vn -0.2983 0.9517 -0.0732
vn -0.2846 0.9321 -0.2241
vn -0.1319 0.9857 -0.1045
vn -0.1299 0.9915 -0.0050
vn -0.2983 0.9517 -0.0732
vn -0.1319 0.9857 -0.1045
vn -0.2627 0.9541 0.1434
vn -0.2983 0.9517 -0.0732
vn -0.1299 0.9915 -0.0050
vn -0.1243 0.9892 0.0771
vn -0.2627 0.9541 0.1434
vn -0.1299 0.9915 -0.0050
vn -0.1418 0.9439 0.2983
vn -0.2627 0.9541 0.1434
vn -0.1243 0.9892 0.0771
vn -0.0675 0.9870 0.1457
vn -0.1418 0.9439 0.2983
vn -0.1243 0.9892 0.0771
vn 0.0870 0.9592 0.2689
vn -0.1418 0.9439 0.2983
vn -0.0675 0.9870 0.1457
vn -0.1866 0.8140 0.5501
vn -0.1418 0.9439 0.2983
vn 0.0870 0.9592 0.2689
vn 0.2667 0.7687 0.5813
vn -0.1866 0.8140 0.5501
vn 0.0870 0.9592 0.2689
vn 0.3159 0.9165 0.2455
vn 0.2667 0.7687 0.5813
vn 0.0870 0.9592 0.2689
vn 0.5696 0.6849 0.4543
vn 0.2667 0.7687 0.5813
vn 0.3159 0.9165 0.2455
vn 0.3838 0.9229 0.0303
vn 0.5696 0.6849 0.4543
vn 0.3159 0.9165 0.2455
vn 0.7584 0.6449 0.0950
vn 0.5696 0.6849 0.4543
vn 0.3838 0.9229 0.0303
vn 0.3785 0.8498 -0.3668
vn 0.7584 0.6449 0.0950
vn 0.3838 0.9229 0.0303
vn 0.6108 0.5619 -0.5579
vn 0.7584 0.6449 0.0950
vn 0.3785 0.8498 -0.3668
vn 0.1182 0.6261 -0.7707
vn 0.6108 0.5619 -0.5579
vn 0.3785 0.8498 -0.3668
vn 0.0889 0.8980 -0.4309
vn 0.1182 0.6261 -0.7707
vn 0.3785 0.8498 -0.3668
vn -0.2904 0.6873 -0.6658
vn 0.1182 0.6261 -0.7707
vn 0.0889 0.8980 -0.4309
vn -0.1633 0.9320 -0.3237
vn -0.2904 0.6873 -0.6658
vn 0.0889 0.8980 -0.4309
vn -0.5432 0.7056 -0.4551
vn -0.2904 0.6873 -0.6658
vn -0.1633 0.9320 -0.3237
vn -0.2846 0.9321 -0.2241
vn -0.5432 0.7056 -0.4551
vn -0.1633 0.9320 -0.3237
vn -0.6736 0.7185 -0.1730
vn -0.5432 0.7056 -0.4551
vn -0.2846 0.9321 -0.2241
vn -0.2983 0.9517 -0.0732
vn -0.6736 0.7185 -0.1730
vn -0.2846 0.9321 -0.2241
vn -0.5486 0.7833 0.2924
vn -0.6736 0.7185 -0.1730
vn -0.2983 0.9517 -0.0732
vn -0.2627 0.9541 0.1434
vn -0.5486 0.7833 0.2924
vn -0.2983 0.9517 -0.0732
vn -0.1418 0.9439 0.2983
vn -0.5486 0.7833 0.2924
vn -0.2627 0.9541 0.1434
vn -0.1866 0.8140 0.5501
vn -0.5486 0.7833 0.2924
vn -0.1418 0.9439 0.2983
vn -0.1866 0.8140 0.5501
vn -0.3981 0.8910 0.2182
vn -0.5486 0.7833 0.2924
vn -0.3981 0.8910 0.2182
vn -0.6736 0.7185 -0.1730
vn -0.5486 0.7833 0.2924
vn -0.3981 0.8910 0.2182
vn -0.5095 0.8400 -0.1867
vn -0.6736 0.7185 -0.1730
vn -0.5095 0.8400 -0.1867
vn -0.5432 0.7056 -0.4551
vn -0.6736 0.7185 -0.1730
vn -0.5095 0.8400 -0.1867
vn -0.4347 0.8156 -0.3819
vn -0.5432 0.7056 -0.4551
vn -0.4347 0.8156 -0.3819
vn -0.2904 0.6873 -0.6658
vn -0.5432 0.7056 -0.4551
vn -0.4347 0.8156 -0.3819
vn -0.2044 0.7873 -0.5818
vn -0.2904 0.6873 -0.6658
vn -0.2044 0.7873 -0.5818
vn 0.1182 0.6261 -0.7707
vn -0.2904 0.6873 -0.6658
vn -0.2044 0.7873 -0.5818
vn 0.1477 0.7698 -0.6210
vn 0.1182 0.6261 -0.7707
vn 0.1477 0.7698 -0.6210
vn 0.6108 0.5619 -0.5579
vn 0.1182 0.6261 -0.7707
vn 0.4404 0.7802 -0.4442
vn 0.6108 0.5619 -0.5579
vn 0.1477 0.7698 -0.6210
vn 0.4404 0.7802 -0.4442
vn 0.5425 0.8397 0.0225
vn 0.6108 0.5619 -0.5579
vn 0.5425 0.8397 0.0225
vn 0.7584 0.6449 0.0950
vn 0.6108 0.5619 -0.5579
vn 0.5425 0.8397 0.0225
vn 0.3784 0.8770 0.2962
vn 0.7584 0.6449 0.0950
vn 0.3784 0.8770 0.2962
vn 0.5696 0.6849 0.4543
vn 0.7584 0.6449 0.0950
vn 0.3784 0.8770 0.2962
vn 0.2199 0.8983 0.3803
vn 0.5696 0.6849 0.4543
vn 0.2199 0.8983 0.3803
vn 0.2667 0.7687 0.5813
vn 0.5696 0.6849 0.4543
vn 0.2199 0.8983 0.3803
vn -0.0654 0.9250 0.3742
vn 0.2667 0.7687 0.5813
vn -0.0654 0.9250 0.3742
vn -0.1866 0.8140 0.5501
vn 0.2667 0.7687 0.5813
vn -0.0654 0.9250 0.3742
vn -0.3981 0.8910 0.2182
vn -0.1866 0.8140 0.5501
vn -0.0440 0.9981 -0.0441
vn -0.3981 0.8910 0.2182
vn -0.0654 0.9250 0.3742
vn 0.2199 0.8983 0.3803
vn -0.0440 0.9981 -0.0441
vn -0.0654 0.9250 0.3742
vn 0.3784 0.8770 0.2962
vn -0.0440 0.9981 -0.0441
vn 0.2199 0.8983 0.3803
vn 0.5425 0.8397 0.0225
vn -0.0440 0.9981 -0.0441
vn 0.3784 0.8770 0.2962
vn 0.4404 0.7802 -0.4442
vn -0.0440 0.9981 -0.0441
vn 0.5425 0.8397 0.0225
vn 0.1477 0.7698 -0.6210
vn -0.0440 0.9981 -0.0441
vn 0.4404 0.7802 -0.4442
vn -0.2044 0.7873 -0.5818
vn -0.0440 0.9981 -0.0441
vn 0.1477 0.7698 -0.6210
vn -0.4347 0.8156 -0.3819
vn -0.0440 0.9981 -0.0441
vn -0.2044 0.7873 -0.5818
vn -0.5095 0.8400 -0.1867
vn -0.0440 0.9981 -0.0441
vn -0.4347 0.8156 -0.3819
vn -0.5095 0.8400 -0.1867
vn -0.3981 0.8910 0.2182
vn -0.0440 0.9981 -0.0441
vn 0.1086 0.9597 -0.2592
vn 0.1457 0.9870 -0.0675
vn 0.0597 0.9912 -0.1184
vn -0.0323 0.9882 -0.1496
vn 0.1086 0.9597 -0.2592
vn 0.0597 0.9912 -0.1184
vn -0.0792 0.9165 -0.3922
vn 0.1086 0.9597 -0.2592
vn -0.0323 0.9882 -0.1496
vn -0.1516 0.9811 -0.1203
vn -0.0792 0.9165 -0.3922
vn -0.0323 0.9882 -0.1496
vn -0.2724 0.9228 -0.2724
vn -0.0792 0.9165 -0.3922
vn -0.1516 0.9811 -0.1203
vn -0.2552 0.9669 0.0069
vn -0.2724 0.9228 -0.2724
vn -0.1516 0.9811 -0.1203
vn -0.5254 0.8502 0.0323
vn -0.2724 0.9228 -0.2724
vn -0.2552 0.9669 0.0069
vn -0.3471 0.8985 0.2689
vn -0.5254 0.8502 0.0323
vn -0.2552 0.9669 0.0069
vn -0.1614 0.9793 0.1223
vn -0.3471 0.8985 0.2689
vn -0.2552 0.9669 0.0069
vn -0.0635 0.9855 0.1572
vn -0.3471 0.8985 0.2689
vn -0.1614 0.9793 0.1223
vn -0.0871 0.9322 0.3512
vn -0.3471 0.8985 0.2689
vn -0.0635 0.9855 0.1572
vn 0.0322 0.9854 0.1670
vn -0.0871 0.9322 0.3512
vn -0.0635 0.9855 0.1572
vn 0.0695 0.9322 0.3551
vn -0.0871 0.9322 0.3512
vn 0.0322 0.9854 0.1670
vn 0.1789 0.9512 0.2513
vn 0.0695 0.9322 0.3551
vn 0.0322 0.9854 0.1670
vn 0.0948 0.9917 0.0870
vn 0.1789 0.9512 0.2513
vn 0.0322 0.9854 0.1670
vn 0.2921 0.9544 0.0616
vn 0.1789 0.9512 0.2513
vn 0.0948 0.9917 0.0870
vn 0.1458 0.9891 0.0225
vn 0.2921 0.9544 0.0616
vn 0.0948 0.9917 0.0870
vn 0.3022 0.9438 -0.1340
vn 0.2921 0.9544 0.0616
vn 0.1458 0.9891 0.0225
vn 0.1457 0.9870 -0.0675
vn 0.3022 0.9438 -0.1340
vn 0.1458 0.9891 0.0225
vn 0.1086 0.9597 -0.2592
vn 0.3022 0.9438 -0.1340
vn 0.1457 0.9870 -0.0675
vn 0.4994 0.8142 -0.2961
vn 0.3022 0.9438 -0.1340
vn 0.1086 0.9597 -0.2592
vn 0.1749 0.7691 -0.6147
vn 0.4994 0.8142 -0.2961
vn 0.1086 0.9597 -0.2592
vn -0.0792 0.9165 -0.3922
vn 0.1749 0.7691 -0.6147
vn 0.1086 0.9597 -0.2592
vn -0.1358 0.6848 -0.7160
vn 0.1749 0.7691 -0.6147
vn -0.0792 0.9165 -0.3922
vn -0.2724 0.9228 -0.2724
vn -0.1358 0.6848 -0.7160
vn -0.0792 0.9165 -0.3922
vn -0.5135 0.6446 -0.5664
vn -0.1358 0.6848 -0.7160
vn -0.2724 0.9228 -0.2724
vn -0.5254 0.8502 0.0323
vn -0.5135 0.6446 -0.5664
vn -0.2724 0.9228 -0.2724
vn -0.8271 0.5615 0.0264
vn -0.5135 0.6446 -0.5664
vn -0.5254 0.8502 0.0323
vn -0.5915 0.6267 0.5074
vn -0.8271 0.5615 0.0264
vn -0.5254 0.8502 0.0323
vn -0.3471 0.8985 0.2689
vn -0.5915 0.6267 0.5074
vn -0.5254 0.8502 0.0323
vn -0.2121 0.6871 0.6949
vn -0.5915 0.6267 0.5074
vn -0.3471 0.8985 0.2689
vn -0.0871 0.9322 0.3512
vn -0.2121 0.6871 0.6949
vn -0.3471 0.8985 0.2689
vn 0.1145 0.7054 0.6995
vn -0.2121 0.6871 0.6949
vn -0.0871 0.9322 0.3512
vn 0.0695 0.9322 0.3551
vn 0.1145 0.7054 0.6995
vn -0.0871 0.9322 0.3512
vn 0.3975 0.7179 0.5714
vn 0.1145 0.7054 0.6995
vn 0.0695 0.9322 0.3551
vn 0.1789 0.9512 0.2513
vn 0.3975 0.7179 0.5714
vn 0.0695 0.9322 0.3551
vn 0.6070 0.7830 0.1359
vn 0.3975 0.7179 0.5714
vn 0.1789 0.9512 0.2513
vn 0.2921 0.9544 0.0616
vn 0.6070 0.7830 0.1359
vn 0.1789 0.9512 0.2513
vn 0.3022 0.9438 -0.1340
vn 0.6070 0.7830 0.1359
vn 0.2921 0.9544 0.0616
vn 0.4994 0.8142 -0.2961
vn 0.6070 0.7830 0.1359
vn 0.3022 0.9438 -0.1340
vn 0.4994 0.8142 -0.2961
vn 0.4448 0.8906 0.0948
vn 0.6070 0.7830 0.1359
vn 0.4448 0.8906 0.0948
vn 0.3975 0.7179 0.5714
vn 0.6070 0.7830 0.1359
vn 0.4448 0.8906 0.0948
vn 0.2649 0.8397 0.4741
vn 0.3975 0.7179 0.5714
vn 0.2649 0.8397 0.4741
vn 0.1145 0.7054 0.6995
vn 0.3975 0.7179 0.5714
vn 0.2649 0.8397 0.4741
vn 0.0811 0.8154 0.5732
vn 0.1145 0.7054 0.6995
vn 0.0811 0.8154 0.5732
vn -0.2121 0.6871 0.6949
vn 0.1145 0.7054 0.6995
vn 0.0811 0.8154 0.5732
vn -0.2238 0.7866 0.5755
vn -0.2121 0.6871 0.6949
vn -0.2238 0.7866 0.5755
vn -0.5915 0.6267 0.5074
vn -0.2121 0.6871 0.6949
vn -0.2238 0.7866 0.5755
vn -0.5173 0.7695 0.3745
vn -0.5915 0.6267 0.5074
vn -0.5173 0.7695 0.3745
vn -0.8271 0.5615 0.0264
vn -0.5915 0.6267 0.5074
vn -0.6226 0.7809 0.0498
vn -0.8271 0.5615 0.0264
vn -0.5173 0.7695 0.3745
vn -0.6226 0.7809 0.0498
vn -0.3977 0.8394 -0.3704
vn -0.8271 0.5615 0.0264
vn -0.3977 0.8394 -0.3704
vn -0.5135 0.6446 -0.5664
vn -0.8271 0.5615 0.0264
vn -0.3977 0.8394 -0.3704
vn -0.0949 0.8773 -0.4704
vn -0.5135 0.6446 -0.5664
vn -0.0949 0.8773 -0.4704
vn -0.1358 0.6848 -0.7160
vn -0.5135 0.6446 -0.5664
vn -0.0949 0.8773 -0.4704
vn 0.0811 0.8978 -0.4328
vn -0.1358 0.6848 -0.7160
vn 0.0811 0.8978 -0.4328
vn 0.1749 0.7691 -0.6147
vn -0.1358 0.6848 -0.7160
vn 0.0811 0.8978 -0.4328
vn 0.2922 0.9254 -0.2414
vn 0.1749 0.7691 -0.6147
vn 0.2922 0.9254 -0.2414
vn 0.4994 0.8142 -0.2961
vn 0.1749 0.7691 -0.6147
vn 0.2922 0.9254 -0.2414
vn 0.4448 0.8906 0.0948
vn 0.4994 0.8142 -0.2961
vn 0.0049 0.9981 0.0616
vn 0.4448 0.8906 0.0948
vn 0.2922 0.9254 -0.2414
vn 0.0811 0.8978 -0.4328
vn 0.0049 0.9981 0.0616
vn 0.2922 0.9254 -0.2414
vn -0.0949 0.8773 -0.4704
vn 0.0049 0.9981 0.0616
vn 0.0811 0.8978 -0.4328
vn -0.3977 0.8394 -0.3704
vn 0.0049 0.9981 0.0616
vn -0.0949 0.8773 -0.4704
vn -0.6226 0.7809 0.0498
vn 0.0049 0.9981 0.0616
vn -0.3977 0.8394 -0.3704
vn -0.5173 0.7695 0.3745
vn 0.0049 0.9981 0.0616
vn -0.6226 0.7809 0.0498
vn -0.2238 0.7866 0.5755
vn 0.0049 0.9981 0.0616
vn -0.5173 0.7695 0.3745
vn 0.0811 0.8154 0.5732
vn 0.0049 0.9981 0.0616
vn -0.2238 0.7866 0.5755
vn 0.2649 0.8397 0.4741
vn 0.0049 0.9981 0.0616
vn 0.0811 0.8154 0.5732
vn 0.2649 0.8397 0.4741
vn 0.4448 0.8906 0.0948
vn 0.0049 0.9981 0.0616
vn 0.1086 0.9596 -0.2594
vn 0.1458 0.9870 -0.0675
vn 0.0597 0.9912 -0.1183
vn -0.0323 0.9882 -0.1495
vn 0.1086 0.9596 -0.2594
vn 0.0597 0.9912 -0.1183
vn -0.0792 0.9163 -0.3925
vn 0.1086 0.9596 -0.2594
vn -0.0323 0.9882 -0.1495
vn -0.1516 0.9811 -0.1202
vn -0.0792 0.9163 -0.3925
vn -0.0323 0.9882 -0.1495
vn -0.2724 0.9228 -0.2724
vn -0.0792 0.9163 -0.3925
vn -0.1516 0.9811 -0.1202
vn -0.2552 0.9669 0.0069
vn -0.2724 0.9228 -0.2724
vn -0.1516 0.9811 -0.1202
vn -0.5254 0.8502 0.0324
vn -0.2724 0.9228 -0.2724
vn -0.2552 0.9669 0.0069
vn -0.3471 0.8985 0.2689
vn -0.5254 0.8502 0.0324
vn -0.2552 0.9669 0.0069
vn -0.1614 0.9793 0.1221
vn -0.3471 0.8985 0.2689
vn -0.2552 0.9669 0.0069
vn -0.0635 0.9855 0.1575
vn -0.3471 0.8985 0.2689
vn -0.1614 0.9793 0.1221
vn -0.0871 0.9322 0.3513
vn -0.3471 0.8985 0.2689
vn -0.0635 0.9855 0.1575
vn 0.0322 0.9854 0.1671
vn -0.0871 0.9322 0.3513
vn -0.0635 0.9855 0.1575
vn 0.0695 0.9322 0.3551
vn -0.0871 0.9322 0.3513
vn 0.0322 0.9854 0.1671
vn 0.1789 0.9512 0.2514
vn 0.0695 0.9322 0.3551
vn 0.0322 0.9854 0.1671
vn 0.0948 0.9917 0.0870
vn 0.1789 0.9512 0.2514
vn 0.0322 0.9854 0.1671
vn 0.2921 0.9544 0.0614
vn 0.1789 0.9512 0.2514
vn 0.0948 0.9917 0.0870
vn 0.1458 0.9891 0.0225
vn 0.2921 0.9544 0.0614
vn 0.0948 0.9917 0.0870
vn 0.3022 0.9438 -0.1339
vn 0.2921 0.9544 0.0614
vn 0.1458 0.9891 0.0225
vn 0.1458 0.9870 -0.0675
vn 0.3022 0.9438 -0.1339
vn 0.1458 0.9891 0.0225
vn 0.1086 0.9596 -0.2594
vn 0.3022 0.9438 -0.1339
vn 0.1458 0.9870 -0.0675
vn 0.4995 0.8142 -0.2960
vn 0.3022 0.9438 -0.1339
vn 0.1086 0.9596 -0.2594
vn 0.1749 0.7690 -0.6149
vn 0.4995 0.8142 -0.2960
vn 0.1086 0.9596 -0.2594
vn -0.0792 0.9163 -0.3925
vn 0.1749 0.7690 -0.6149
vn 0.1086 0.9596 -0.2594
vn -0.1358 0.6848 -0.7160
vn 0.1749 0.7690 -0.6149
vn -0.0792 0.9163 -0.3925
vn -0.2724 0.9228 -0.2724
vn -0.1358 0.6848 -0.7160
vn -0.0792 0.9163 -0.3925
vn -0.5135 0.6445 -0.5665
vn -0.1358 0.6848 -0.7160
vn -0.2724 0.9228 -0.2724
vn -0.5254 0.8502 0.0324
vn -0.5135 0.6445 -0.5665
vn -0.2724 0.9228 -0.2724
vn -0.8271 0.5615 0.0263
vn -0.5135 0.6445 -0.5665
vn -0.5254 0.8502 0.0324
vn -0.5915 0.6267 0.5074
vn -0.8271 0.5615 0.0263
vn -0.5254 0.8502 0.0324
vn -0.3471 0.8985 0.2689
vn -0.5915 0.6267 0.5074
vn -0.5254 0.8502 0.0324
vn -0.2121 0.6870 0.6950
vn -0.5915 0.6267 0.5074
vn -0.3471 0.8985 0.2689
vn -0.0871 0.9322 0.3513
vn -0.2121 0.6870 0.6950
vn -0.3471 0.8985 0.2689
vn 0.1145 0.7054 0.6996
vn -0.2121 0.6870 0.6950
vn -0.0871 0.9322 0.3513
vn 0.0695 0.9322 0.3551
vn 0.1145 0.7054 0.6996
vn -0.0871 0.9322 0.3513
vn 0.3975 0.7179 0.5714
vn 0.1145 0.7054 0.6996
vn 0.0695 0.9322 0.3551
vn 0.1789 0.9512 0.2514
vn 0.3975 0.7179 0.5714
vn 0.0695 0.9322 0.3551
vn 0.6070 0.7830 0.1358
vn 0.3975 0.7179 0.5714
vn 0.1789 0.9512 0.2514
vn 0.2921 0.9544 0.0614
vn 0.6070 0.7830 0.1358
vn 0.1789 0.9512 0.2514
vn 0.3022 0.9438 -0.1339
vn 0.6070 0.7830 0.1358
vn 0.2921 0.9544 0.0614
vn 0.4995 0.8142 -0.2960
vn 0.6070 0.7830 0.1358
vn 0.3022 0.9438 -0.1339
vn 0.4995 0.8142 -0.2960
vn 0.4448 0.8906 0.0950
vn 0.6070 0.7830 0.1358
vn 0.4448 0.8906 0.0950
vn 0.3975 0.7179 0.5714
vn 0.6070 0.7830 0.1358
vn 0.4448 0.8906 0.0950
vn 0.2649 0.8396 0.4742
vn 0.3975 0.7179 0.5714
vn 0.2649 0.8396 0.4742
vn 0.1145 0.7054 0.6996
vn 0.3975 0.7179 0.5714
vn 0.2649 0.8396 0.4742
vn 0.0810 0.8153 0.5733
vn 0.1145 0.7054 0.6996
vn 0.0810 0.8153 0.5733
vn -0.2121 0.6870 0.6950
vn 0.1145 0.7054 0.6996
vn 0.0810 0.8153 0.5733
vn -0.2238 0.7867 0.5753
vn -0.2121 0.6870 0.6950
vn -0.2238 0.7867 0.5753
vn -0.5915 0.6267 0.5074
vn -0.2121 0.6870 0.6950
vn -0.2238 0.7867 0.5753
vn -0.5173 0.7696 0.3742
vn -0.5915 0.6267 0.5074
vn -0.5173 0.7696 0.3742
vn -0.8271 0.5615 0.0263
vn -0.5915 0.6267 0.5074
vn -0.6226 0.7809 0.0500
vn -0.8271 0.5615 0.0263
vn -0.5173 0.7696 0.3742
vn -0.6226 0.7809 0.0500
vn -0.3977 0.8394 -0.3704
vn -0.8271 0.5615 0.0263
vn -0.3977 0.8394 -0.3704
vn -0.5135 0.6445 -0.5665
vn -0.8271 0.5615 0.0263
vn -0.3977 0.8394 -0.3704
vn -0.0949 0.8772 -0.4707
vn -0.5135 0.6445 -0.5665
vn -0.0949 0.8772 -0.4707
vn -0.1358 0.6848 -0.7160
vn -0.5135 0.6445 -0.5665
vn -0.0949 0.8772 -0.4707
vn 0.0811 0.8979 -0.4326
vn -0.1358 0.6848 -0.7160
vn 0.0811 0.8979 -0.4326
vn 0.1749 0.7690 -0.6149
vn -0.1358 0.6848 -0.7160
vn 0.0811 0.8979 -0.4326
vn 0.2922 0.9254 -0.2415
vn 0.1749 0.7690 -0.6149
vn 0.2922 0.9254 -0.2415
vn 0.4995 0.8142 -0.2960
vn 0.1749 0.7690 -0.6149
vn 0.2922 0.9254 -0.2415
vn 0.4448 0.8906 0.0950
vn 0.4995 0.8142 -0.2960
vn 0.0049 0.9981 0.0614
vn 0.4448 0.8906 0.0950
vn 0.2922 0.9254 -0.2415
vn 0.0811 0.8979 -0.4326
vn 0.0049 0.9981 0.0614
vn 0.2922 0.9254 -0.2415
vn -0.0949 0.8772 -0.4707
vn 0.0049 0.9981 0.0614
vn 0.0811 0.8979 -0.4326
vn -0.3977 0.8394 -0.3704
vn 0.0049 0.9981 0.0614
vn -0.0949 0.8772 -0.4707
vn -0.6226 0.7809 0.0500
vn 0.0049 0.9981 0.0614
vn -0.3977 0.8394 -0.3704
vn -0.5173 0.7696 0.3742
vn 0.0049 0.9981 0.0614
vn -0.6226 0.7809 0.0500
vn -0.2238 0.7867 0.5753
vn 0.0049 0.9981 0.0614
vn -0.5173 0.7696 0.3742
vn 0.0810 0.8153 0.5733
vn 0.0049 0.9981 0.0614
vn -0.2238 0.7867 0.5753
vn 0.2649 0.8396 0.4742
vn 0.0049 0.9981 0.0614
vn 0.0810 0.8153 0.5733
vn 0.2649 0.8396 0.4742
vn 0.4448 0.8906 0.0950
vn 0.0049 0.9981 0.0614
vn 0.2240 0.9595 -0.1709
vn 0.1614 0.9868 0.0145
vn 0.1106 0.9912 -0.0732
vn 0.0479 0.9882 -0.1457
vn 0.2240 0.9595 -0.1709
vn 0.1106 0.9912 -0.0732
vn 0.1261 0.9162 -0.3803
vn 0.2240 0.9595 -0.1709
vn 0.0479 0.9882 -0.1457
vn -0.0734 0.9811 -0.1789
vn 0.1261 0.9162 -0.3803
vn 0.0479 0.9882 -0.1457
vn -0.1006 0.9228 -0.3719
vn 0.1261 0.9162 -0.3803
vn -0.0734 0.9811 -0.1789
vn -0.2239 0.9672 -0.1202
vn -0.1006 0.9228 -0.3719
vn -0.0734 0.9811 -0.1789
vn -0.4724 0.8499 -0.2335
vn -0.1006 0.9228 -0.3719
vn -0.2239 0.9672 -0.1202
vn -0.4350 0.8983 0.0614
vn -0.4724 0.8499 -0.2335
vn -0.2239 0.9672 -0.1202
vn -0.2006 0.9793 0.0263
vn -0.4350 0.8983 0.0614
vn -0.2239 0.9672 -0.1202
vn -0.1319 0.9857 0.1045
vn -0.4350 0.8983 0.0614
vn -0.2006 0.9793 0.0263
vn -0.2495 0.9325 0.2613
vn -0.4350 0.8983 0.0614
vn -0.1319 0.9857 0.1045
vn -0.0557 0.9853 0.1614
vn -0.2495 0.9325 0.2613
vn -0.1319 0.9857 0.1045
vn -0.1145 0.9322 0.3433
vn -0.2495 0.9325 0.2613
vn -0.0557 0.9853 0.1614
vn 0.0303 0.9516 0.3060
vn -0.1145 0.9322 0.3433
vn -0.0557 0.9853 0.1614
vn 0.0381 0.9916 0.1240
vn 0.0303 0.9516 0.3060
vn -0.0557 0.9853 0.1614
vn 0.2237 0.9543 0.1984
vn 0.0303 0.9516 0.3060
vn 0.0381 0.9916 0.1240
vn 0.1145 0.9893 0.0908
vn 0.2237 0.9543 0.1984
vn 0.0381 0.9916 0.1240
vn 0.3295 0.9435 0.0343
vn 0.2237 0.9543 0.1984
vn 0.1145 0.9893 0.0908
vn 0.1614 0.9868 0.0145
vn 0.3295 0.9435 0.0343
vn 0.1145 0.9893 0.0908
vn 0.2240 0.9595 -0.1709
vn 0.3295 0.9435 0.0343
vn 0.1614 0.9868 0.0145
vn 0.5812 0.8137 -0.0088
vn 0.3295 0.9435 0.0343
vn 0.2240 0.9595 -0.1709
vn 0.4581 0.7687 -0.4463
vn 0.5812 0.8137 -0.0088
vn 0.2240 0.9595 -0.1709
vn 0.1261 0.9162 -0.3803
vn 0.4581 0.7687 -0.4463
vn 0.2240 0.9595 -0.1709
vn 0.2374 0.6848 -0.6889
vn 0.4581 0.7687 -0.4463
vn 0.1261 0.9162 -0.3803
vn -0.1006 0.9228 -0.3719
vn 0.2374 0.6848 -0.6889
vn 0.1261 0.9162 -0.3803
vn -0.1653 0.6446 -0.7464
vn 0.2374 0.6848 -0.6889
vn -0.1006 0.9228 -0.3719
vn -0.4724 0.8499 -0.2335
vn -0.1653 0.6446 -0.7464
vn -0.1006 0.9228 -0.3719
vn -0.7304 0.5622 -0.3880
vn -0.1653 0.6446 -0.7464
vn -0.4724 0.8499 -0.2335
vn -0.7653 0.6265 0.1476
vn -0.7304 0.5622 -0.3880
vn -0.4724 0.8499 -0.2335
vn -0.4350 0.8983 0.0614
vn -0.7653 0.6265 0.1476
vn -0.4724 0.8499 -0.2335
vn -0.5290 0.6875 0.4975
vn -0.7653 0.6265 0.1476
vn -0.4350 0.8983 0.0614
vn -0.2495 0.9325 0.2613
vn -0.5290 0.6875 0.4975
vn -0.4350 0.8983 0.0614
vn -0.2475 0.7054 0.6642
vn -0.5290 0.6875 0.4975
vn -0.2495 0.9325 0.2613
vn -0.1145 0.9322 0.3433
vn -0.2475 0.7054 0.6642
vn -0.2495 0.9325 0.2613
vn 0.0616 0.7182 0.6931
vn -0.2475 0.7054 0.6642
vn -0.1145 0.9322 0.3433
vn 0.0303 0.9516 0.3060
vn 0.0616 0.7182 0.6931
vn -0.1145 0.9322 0.3433
vn 0.4586 0.7833 0.4196
vn 0.0616 0.7182 0.6931
vn 0.0303 0.9516 0.3060
vn 0.2237 0.9543 0.1984
vn 0.4586 0.7833 0.4196
vn 0.0303 0.9516 0.3060
vn 0.3295 0.9435 0.0343
vn 0.4586 0.7833 0.4196
vn 0.2237 0.9543 0.1984
vn 0.5812 0.8137 -0.0088
vn 0.4586 0.7833 0.4196
vn 0.3295 0.9435 0.0343
vn 0.5812 0.8137 -0.0088
vn 0.3376 0.8914 0.3025
vn 0.4586 0.7833 0.4196
vn 0.3376 0.8914 0.3025
vn 0.0616 0.7182 0.6931
vn 0.4586 0.7833 0.4196
vn 0.3376 0.8914 0.3025
vn -0.0049 0.8400 0.5425
vn 0.0616 0.7182 0.6931
vn -0.0049 0.8400 0.5425
vn -0.2475 0.7054 0.6642
vn 0.0616 0.7182 0.6931
vn -0.0049 0.8400 0.5425
vn -0.2139 0.8154 0.5379
vn -0.2475 0.7054 0.6642
vn -0.2139 0.8154 0.5379
vn -0.5290 0.6875 0.4975
vn -0.2475 0.7054 0.6642
vn -0.2139 0.8154 0.5379
vn -0.4799 0.7869 0.3880
vn -0.5290 0.6875 0.4975
vn -0.4799 0.7869 0.3880
vn -0.7653 0.6265 0.1476
vn -0.5290 0.6875 0.4975
vn -0.4799 0.7869 0.3880
vn -0.6347 0.7696 0.0694
vn -0.7653 0.6265 0.1476
vn -0.6347 0.7696 0.0694
vn -0.7304 0.5622 -0.3880
vn -0.7653 0.6265 0.1476
vn -0.5655 0.7804 -0.2667
vn -0.7304 0.5622 -0.3880
vn -0.6347 0.7696 0.0694
vn -0.5655 0.7804 -0.2667
vn -0.1612 0.8393 -0.5191
vn -0.7304 0.5622 -0.3880
vn -0.1612 0.8393 -0.5191
vn -0.1653 0.6446 -0.7464
vn -0.7304 0.5622 -0.3880
vn -0.1612 0.8393 -0.5191
vn 0.1515 0.8767 -0.4566
vn -0.1653 0.6446 -0.7464
vn 0.1515 0.8767 -0.4566
vn 0.2374 0.6848 -0.6889
vn -0.1653 0.6446 -0.7464
vn 0.1515 0.8767 -0.4566
vn 0.2844 0.8982 -0.3353
vn 0.2374 0.6848 -0.6889
vn 0.2844 0.8982 -0.3353
vn 0.4581 0.7687 -0.4463
vn 0.2374 0.6848 -0.6889
vn 0.2844 0.8982 -0.3353
vn 0.3741 0.9251 -0.0656
vn 0.4581 0.7687 -0.4463
vn 0.3741 0.9251 -0.0656
vn 0.5812 0.8137 -0.0088
vn 0.4581 0.7687 -0.4463
vn 0.3741 0.9251 -0.0656
vn 0.3376 0.8914 0.3025
vn 0.5812 0.8137 -0.0088
vn -0.0264 0.9980 0.0576
vn 0.3376 0.8914 0.3025
vn 0.3741 0.9251 -0.0656
vn 0.2844 0.8982 -0.3353
vn -0.0264 0.9980 0.0576
vn 0.3741 0.9251 -0.0656
vn 0.1515 0.8767 -0.4566
vn -0.0264 0.9980 0.0576
vn 0.2844 0.8982 -0.3353
vn -0.1612 0.8393 -0.5191
vn -0.0264 0.9980 0.0576
vn 0.1515 0.8767 -0.4566
vn -0.5655 0.7804 -0.2667
vn -0.0264 0.9980 0.0576
vn -0.1612 0.8393 -0.5191
vn -0.6347 0.7696 0.0694
vn -0.0264 0.9980 0.0576
vn -0.5655 0.7804 -0.2667
vn -0.4799 0.7869 0.3880
vn -0.0264 0.9980 0.0576
vn -0.6347 0.7696 0.0694
vn -0.2139 0.8154 0.5379
vn -0.0264 0.9980 0.0576
vn -0.4799 0.7869 0.3880
vn -0.0049 0.8400 0.5425
vn -0.0264 0.9980 0.0576
vn -0.2139 0.8154 0.5379
vn -0.0049 0.8400 0.5425
vn 0.3376 0.8914 0.3025
vn -0.0264 0.9980 0.0576
vn 0.2338 0.9595 -0.1574
vn 0.1594 0.9870 0.0225
vn 0.1145 0.9911 -0.0675
vn 0.0557 0.9881 -0.1436
vn 0.2338 0.9595 -0.1574
vn 0.1145 0.9911 -0.0675
vn 0.1476 0.9161 -0.3727
vn 0.2338 0.9595 -0.1574
vn 0.0557 0.9881 -0.1436
vn -0.0616 0.9812 -0.1829
vn 0.1476 0.9161 -0.3727
vn 0.0557 0.9881 -0.1436
vn -0.0791 0.9232 -0.3761
vn 0.1476 0.9161 -0.3727
vn -0.0616 0.9812 -0.1829
vn -0.2180 0.9667 -0.1339
vn -0.0791 0.9232 -0.3761
vn -0.0616 0.9812 -0.1829
vn -0.4570 0.8503 -0.2611
vn -0.0791 0.9232 -0.3761
vn -0.2180 0.9667 -0.1339
vn -0.4387 0.8979 0.0362
vn -0.4570 0.8503 -0.2611
vn -0.2180 0.9667 -0.1339
vn -0.2025 0.9792 0.0147
vn -0.4387 0.8979 0.0362
vn -0.2180 0.9667 -0.1339
vn -0.1378 0.9857 0.0967
vn -0.4387 0.8979 0.0362
vn -0.2025 0.9792 0.0147
vn -0.2650 0.9319 0.2476
vn -0.4387 0.8979 0.0362
vn -0.1378 0.9857 0.0967
vn -0.0635 0.9855 0.1572
vn -0.2650 0.9319 0.2476
vn -0.1378 0.9857 0.0967
vn -0.1360 0.9322 0.3355
vn -0.2650 0.9319 0.2476
vn -0.0635 0.9855 0.1572
vn 0.0127 0.9513 0.3079
vn -0.1360 0.9322 0.3355
vn -0.0635 0.9855 0.1572
vn 0.0322 0.9915 0.1261
vn 0.0127 0.9513 0.3079
vn -0.0635 0.9855 0.1572
vn 0.2119 0.9540 0.2119
vn 0.0127 0.9513 0.3079
vn 0.0322 0.9915 0.1261
vn 0.1106 0.9892 0.0967
vn 0.2119 0.9540 0.2119
vn 0.0322 0.9915 0.1261
vn 0.3258 0.9440 0.0519
vn 0.2119 0.9540 0.2119
vn 0.1106 0.9892 0.0967
vn 0.1594 0.9870 0.0225
vn 0.3258 0.9440 0.0519
vn 0.1106 0.9892 0.0967
vn 0.2338 0.9595 -0.1574
vn 0.3258 0.9440 0.0519
vn 0.1594 0.9870 0.0225
vn 0.5811 0.8135 0.0244
vn 0.3258 0.9440 0.0519
vn 0.2338 0.9595 -0.1574
vn 0.4819 0.7693 -0.4194
vn 0.5811 0.8135 0.0244
vn 0.2338 0.9595 -0.1574
vn 0.1476 0.9161 -0.3727
vn 0.4819 0.7693 -0.4194
vn 0.2338 0.9595 -0.1574
vn 0.2767 0.6853 -0.6736
vn 0.4819 0.7693 -0.4194
vn 0.1476 0.9161 -0.3727
vn -0.0791 0.9232 -0.3761
vn 0.2767 0.6853 -0.6736
vn 0.1476 0.9161 -0.3727
vn -0.1223 0.6449 -0.7544
vn 0.2767 0.6853 -0.6736
vn -0.0791 0.9232 -0.3761
vn -0.4570 0.8503 -0.2611
vn -0.1223 0.6449 -0.7544
vn -0.0791 0.9232 -0.3761
vn -0.7069 0.5622 -0.4292
vn -0.1223 0.6449 -0.7544
vn -0.4570 0.8503 -0.2611
vn -0.7728 0.6263 0.1026
vn -0.7069 0.5622 -0.4292
vn -0.4570 0.8503 -0.2611
vn -0.4387 0.8979 0.0362
vn -0.7728 0.6263 0.1026
vn -0.4570 0.8503 -0.2611
vn -0.5578 0.6868 0.4660
vn -0.7728 0.6263 0.1026
vn -0.4387 0.8979 0.0362
vn -0.2650 0.9319 0.2476
vn -0.5578 0.6868 0.4660
vn -0.4387 0.8979 0.0362
vn -0.2848 0.7056 0.6489
vn -0.5578 0.6868 0.4660
vn -0.2650 0.9319 0.2476
vn -0.1360 0.9322 0.3355
vn -0.2848 0.7056 0.6489
vn -0.2650 0.9319 0.2476
vn 0.0205 0.7185 0.6952
vn -0.2848 0.7056 0.6489
vn -0.1360 0.9322 0.3355
vn 0.0127 0.9513 0.3079
vn 0.0205 0.7185 0.6952
vn -0.1360 0.9322 0.3355
vn 0.4334 0.7836 0.4452
vn 0.0205 0.7185 0.6952
vn 0.0127 0.9513 0.3079
vn 0.2119 0.9540 0.2119
vn 0.4334 0.7836 0.4452
vn 0.0127 0.9513 0.3079
vn 0.3258 0.9440 0.0519
vn 0.4334 0.7836 0.4452
vn 0.2119 0.9540 0.2119
vn 0.5811 0.8135 0.0244
vn 0.4334 0.7836 0.4452
vn 0.3258 0.9440 0.0519
vn 0.5811 0.8135 0.0244
vn 0.3199 0.8911 0.3218
vn 0.4334 0.7836 0.4452
vn 0.3199 0.8911 0.3218
vn 0.0205 0.7185 0.6952
vn 0.4334 0.7836 0.4452
vn 0.3199 0.8911 0.3218
vn -0.0381 0.8402 0.5409
vn 0.0205 0.7185 0.6952
vn -0.0381 0.8402 0.5409
vn -0.2848 0.7056 0.6489
vn 0.0205 0.7185 0.6952
vn -0.0381 0.8402 0.5409
vn -0.2451 0.8155 0.5243
vn -0.2848 0.7056 0.6489
vn -0.2451 0.8155 0.5243
vn -0.5578 0.6868 0.4660
vn -0.2848 0.7056 0.6489
vn -0.2451 0.8155 0.5243
vn -0.5016 0.7871 0.3590
vn -0.5578 0.6868 0.4660
vn -0.5016 0.7871 0.3590
vn -0.7728 0.6263 0.1026
vn -0.5578 0.6868 0.4660
vn -0.5016 0.7871 0.3590
vn -0.6371 0.7701 0.0322
vn -0.7728 0.6263 0.1026
vn -0.6371 0.7701 0.0322
vn -0.7069 0.5622 -0.4292
vn -0.7728 0.6263 0.1026
vn -0.5498 0.7803 -0.2979
vn -0.7069 0.5622 -0.4292
vn -0.6371 0.7701 0.0322
vn -0.5498 0.7803 -0.2979
vn -0.1300 0.8399 -0.5270
vn -0.7069 0.5622 -0.4292
vn -0.1300 0.8399 -0.5270
vn -0.1223 0.6449 -0.7544
vn -0.7069 0.5622 -0.4292
vn -0.1300 0.8399 -0.5270
vn 0.1770 0.8770 -0.4467
vn -0.1223 0.6449 -0.7544
vn 0.1770 0.8770 -0.4467
vn 0.2767 0.6853 -0.6736
vn -0.1223 0.6449 -0.7544
vn 0.1770 0.8770 -0.4467
vn 0.3039 0.8981 -0.3178
vn 0.2767 0.6853 -0.6736
vn 0.3039 0.8981 -0.3178
vn 0.4819 0.7693 -0.4194
vn 0.2767 0.6853 -0.6736
vn 0.3039 0.8981 -0.3178
vn 0.3780 0.9249 -0.0420
vn 0.4819 0.7693 -0.4194
vn 0.3780 0.9249 -0.0420
vn 0.5811 0.8135 0.0244
vn 0.4819 0.7693 -0.4194
vn 0.3780 0.9249 -0.0420
vn 0.3199 0.8911 0.3218
vn 0.5811 0.8135 0.0244
vn -0.0303 0.9980 0.0557
vn 0.3199 0.8911 0.3218
vn 0.3780 0.9249 -0.0420
vn 0.3039 0.8981 -0.3178
vn -0.0303 0.9980 0.0557
vn 0.3780 0.9249 -0.0420
vn 0.1770 0.8770 -0.4467
vn -0.0303 0.9980 0.0557
vn 0.3039 0.8981 -0.3178
vn -0.1300 0.8399 -0.5270
vn -0.0303 0.9980 0.0557
vn 0.1770 0.8770 -0.4467
vn -0.5498 0.7803 -0.2979
vn -0.0303 0.9980 0.0557
vn -0.1300 0.8399 -0.5270
vn -0.6371 0.7701 0.0322
vn -0.0303 0.9980 0.0557
vn -0.5498 0.7803 -0.2979
vn -0.5016 0.7871 0.3590
vn -0.0303 0.9980 0.0557
vn -0.6371 0.7701 0.0322
vn -0.2451 0.8155 0.5243
vn -0.0303 0.9980 0.0557
vn -0.5016 0.7871 0.3590
vn -0.0381 0.8402 0.5409
vn -0.0303 0.9980 0.0557
vn -0.2451 0.8155 0.5243
vn -0.0381 0.8402 0.5409
vn 0.3199 0.8911 0.3218
vn -0.0303 0.9980 0.0557
vn -0.0597 0.9596 0.2750
vn -0.1301 0.9872 0.0927
vn -0.0362 0.9911 0.1282
vn 0.0596 0.9881 0.1419
vn -0.0597 0.9596 0.2750
vn -0.0362 0.9911 0.1282
vn 0.1516 0.9164 0.3704
vn -0.0597 0.9596 0.2750
vn 0.0596 0.9881 0.1419
vn 0.1712 0.9812 0.0889
vn 0.1516 0.9164 0.3704
vn 0.0596 0.9881 0.1419
vn 0.3174 0.9229 0.2178
vn 0.1516 0.9164 0.3704
vn 0.1712 0.9812 0.0889
vn 0.2493 0.9669 -0.0538
vn 0.3174 0.9229 0.2178
vn 0.1712 0.9812 0.0889
vn 0.5114 0.8497 -0.1282
vn 0.3174 0.9229 0.2178
vn 0.2493 0.9669 -0.0538
vn 0.2903 0.8984 -0.3296
vn 0.5114 0.8497 -0.1282
vn 0.2493 0.9669 -0.0538
vn 0.1340 0.9793 -0.1514
vn 0.2903 0.8984 -0.3296
vn 0.2493 0.9669 -0.0538
vn 0.0322 0.9857 -0.1652
vn 0.2903 0.8984 -0.3296
vn 0.1340 0.9793 -0.1514
vn 0.0205 0.9322 -0.3612
vn 0.2903 0.8984 -0.3296
vn 0.0322 0.9857 -0.1652
vn -0.0615 0.9856 -0.1575
vn 0.0205 0.9322 -0.3612
vn 0.0322 0.9857 -0.1652
vn -0.1360 0.9321 -0.3357
vn 0.0205 0.9322 -0.3612
vn -0.0615 0.9856 -0.1575
vn -0.2220 0.9517 -0.2121
vn -0.1360 0.9321 -0.3357
vn -0.0615 0.9856 -0.1575
vn -0.1103 0.9915 -0.0694
vn -0.2220 0.9517 -0.2121
vn -0.0615 0.9856 -0.1575
vn -0.2980 0.9545 -0.0069
vn -0.2220 0.9517 -0.2121
vn -0.1103 0.9915 -0.0694
vn -0.1477 0.9890 0.0050
vn -0.2980 0.9545 -0.0069
vn -0.1103 0.9915 -0.0694
vn -0.2728 0.9434 0.1888
vn -0.2980 0.9545 -0.0069
vn -0.1477 0.9890 0.0050
vn -0.1301 0.9872 0.0927
vn -0.2728 0.9434 0.1888
vn -0.1477 0.9890 0.0050
vn -0.0597 0.9596 0.2750
vn -0.2728 0.9434 0.1888
vn -0.1301 0.9872 0.0927
vn -0.4366 0.8137 0.3838
vn -0.2728 0.9434 0.1888
vn -0.0597 0.9596 0.2750
vn -0.0577 0.7693 0.6363
vn -0.4366 0.8137 0.3838
vn -0.0597 0.9596 0.2750
vn 0.1516 0.9164 0.3704
vn -0.0577 0.7693 0.6363
vn -0.0597 0.9596 0.2750
vn 0.2669 0.6854 0.6775
vn -0.0577 0.7693 0.6363
vn 0.1516 0.9164 0.3704
vn 0.3174 0.9229 0.2178
vn 0.2669 0.6854 0.6775
vn 0.1516 0.9164 0.3704
vn 0.6109 0.6441 0.4604
vn 0.2669 0.6854 0.6775
vn 0.3174 0.9229 0.2178
vn 0.5114 0.8497 -0.1282
vn 0.6109 0.6441 0.4604
vn 0.3174 0.9229 0.2178
vn 0.8076 0.5615 -0.1804
vn 0.6109 0.6441 0.4604
vn 0.5114 0.8497 -0.1282
vn 0.4875 0.6262 -0.6084
vn 0.8076 0.5615 -0.1804
vn 0.5114 0.8497 -0.1282
vn 0.2903 0.8984 -0.3296
vn 0.4875 0.6262 -0.6084
vn 0.5114 0.8497 -0.1282
vn 0.0791 0.6869 -0.7224
vn 0.4875 0.6262 -0.6084
vn 0.2903 0.8984 -0.3296
vn 0.0205 0.9322 -0.3612
vn 0.0791 0.6869 -0.7224
vn 0.2903 0.8984 -0.3296
vn -0.2435 0.7051 -0.6660
vn 0.0791 0.6869 -0.7224
vn 0.0205 0.9322 -0.3612
vn -0.1360 0.9321 -0.3357
vn -0.2435 0.7051 -0.6660
vn 0.0205 0.9322 -0.3612
vn -0.4971 0.7178 -0.4875
vn -0.2435 0.7051 -0.6660
vn -0.1360 0.9321 -0.3357
vn -0.2220 0.9517 -0.2121
vn -0.4971 0.7178 -0.4875
vn -0.1360 0.9321 -0.3357
vn -0.6211 0.7835 -0.0206
vn -0.4971 0.7178 -0.4875
vn -0.2220 0.9517 -0.2121
vn -0.2980 0.9545 -0.0069
vn -0.6211 0.7835 -0.0206
vn -0.2220 0.9517 -0.2121
vn -0.2728 0.9434 0.1888
vn -0.6211 0.7835 -0.0206
vn -0.2980 0.9545 -0.0069
vn -0.4366 0.8137 0.3838
vn -0.6211 0.7835 -0.0206
vn -0.2728 0.9434 0.1888
vn -0.4366 0.8137 0.3838
vn -0.4546 0.8906 -0.0107
vn -0.6211 0.7835 -0.0206
vn -0.4546 0.8906 -0.0107
vn -0.4971 0.7178 -0.4875
vn -0.6211 0.7835 -0.0206
vn -0.4546 0.8906 -0.0107
vn -0.3471 0.8399 -0.4173
vn -0.4971 0.7178 -0.4875
vn -0.3471 0.8399 -0.4173
vn -0.2435 0.7051 -0.6660
vn -0.4971 0.7178 -0.4875
vn -0.3471 0.8399 -0.4173
vn -0.1865 0.8153 -0.5481
vn -0.2435 0.7051 -0.6660
vn -0.1865 0.8153 -0.5481
vn 0.0791 0.6869 -0.7224
vn -0.2435 0.7051 -0.6660
vn -0.1865 0.8153 -0.5481
vn 0.1124 0.7868 -0.6069
vn 0.0791 0.6869 -0.7224
vn 0.1124 0.7868 -0.6069
vn 0.4875 0.6262 -0.6084
vn 0.0791 0.6869 -0.7224
vn 0.1124 0.7868 -0.6069
vn 0.4373 0.7700 -0.4646
vn 0.4875 0.6262 -0.6084
vn 0.4373 0.7700 -0.4646
vn 0.8076 0.5615 -0.1804
vn 0.4875 0.6262 -0.6084
vn 0.6028 0.7806 -0.1652
vn 0.8076 0.5615 -0.1804
vn 0.4373 0.7700 -0.4646
vn 0.6028 0.7806 -0.1652
vn 0.4601 0.8392 0.2899
vn 0.8076 0.5615 -0.1804
vn 0.4601 0.8392 0.2899
vn 0.6109 0.6441 0.4604
vn 0.8076 0.5615 -0.1804
vn 0.4601 0.8392 0.2899
vn 0.1809 0.8772 0.4448
vn 0.6109 0.6441 0.4604
vn 0.1809 0.8772 0.4448
vn 0.2669 0.6854 0.6775
vn 0.6109 0.6441 0.4604
vn 0.1809 0.8772 0.4448
vn 0.0010 0.8984 0.4391
vn 0.2669 0.6854 0.6775
vn 0.0010 0.8984 0.4391
vn -0.0577 0.7693 0.6363
vn 0.2669 0.6854 0.6775
vn 0.0010 0.8984 0.4391
vn -0.2432 0.9250 0.2918
vn -0.0577 0.7693 0.6363
vn -0.2432 0.9250 0.2918
vn -0.4366 0.8137 0.3838
vn -0.0577 0.7693 0.6363
vn -0.2432 0.9250 0.2918
vn -0.4546 0.8906 -0.0107
vn -0.4366 0.8137 0.3838
vn -0.0166 0.9981 -0.0595
vn -0.4546 0.8906 -0.0107
vn -0.2432 0.9250 0.2918
vn 0.0010 0.8984 0.4391
vn -0.0166 0.9981 -0.0595
vn -0.2432 0.9250 0.2918
vn 0.1809 0.8772 0.4448
vn -0.0166 0.9981 -0.0595
vn 0.0010 0.8984 0.4391
vn 0.4601 0.8392 0.2899
vn -0.0166 0.9981 -0.0595
vn 0.1809 0.8772 0.4448
vn 0.6028 0.7806 -0.1652
vn -0.0166 0.9981 -0.0595
vn 0.4601 0.8392 0.2899
vn 0.4373 0.7700 -0.4646
vn -0.0166 0.9981 -0.0595
vn 0.6028 0.7806 -0.1652
vn 0.1124 0.7868 -0.6069
vn -0.0166 0.9981 -0.0595
vn 0.4373 0.7700 -0.4646
vn -0.1865 0.8153 -0.5481
vn -0.0166 0.9981 -0.0595
vn 0.1124 0.7868 -0.6069
vn -0.3471 0.8399 -0.4173
vn -0.0166 0.9981 -0.0595
vn -0.1865 0.8153 -0.5481
vn -0.3471 0.8399 -0.4173
vn -0.4546 0.8906 -0.0107
vn -0.0166 0.9981 -0.0595
vn 0.1086 0.9596 -0.2594
vn 0.1458 0.9870 -0.0671
vn 0.0597 0.9912 -0.1183
vn -0.0323 0.9882 -0.1495
vn 0.1086 0.9596 -0.2594
vn 0.0597 0.9912 -0.1183
vn -0.0792 0.9165 -0.3922
vn 0.1086 0.9596 -0.2594
vn -0.0323 0.9882 -0.1495
vn -0.1516 0.9811 -0.1205
vn -0.0792 0.9165 -0.3922
vn -0.0323 0.9882 -0.1495
vn -0.2725 0.9228 -0.2723
vn -0.0792 0.9165 -0.3922
vn -0.1516 0.9811 -0.1205
vn -0.2552 0.9669 0.0069
vn -0.2725 0.9228 -0.2723
vn -0.1516 0.9811 -0.1205
vn -0.5254 0.8502 0.0320
vn -0.2725 0.9228 -0.2723
vn -0.2552 0.9669 0.0069
vn -0.3471 0.8985 0.2686
vn -0.5254 0.8502 0.0320
vn -0.2552 0.9669 0.0069
vn -0.1614 0.9793 0.1221
vn -0.3471 0.8985 0.2686
vn -0.2552 0.9669 0.0069
vn -0.0635 0.9855 0.1572
vn -0.3471 0.8985 0.2686
vn -0.1614 0.9793 0.1221
vn -0.0871 0.9323 0.3510
vn -0.3471 0.8985 0.2686
vn -0.0635 0.9855 0.1572
vn 0.0322 0.9854 0.1671
vn -0.0871 0.9323 0.3510
vn -0.0635 0.9855 0.1572
vn 0.0695 0.9324 0.3548
vn -0.0871 0.9323 0.3510
vn 0.0322 0.9854 0.1671
vn 0.1789 0.9513 0.2510
vn 0.0695 0.9324 0.3548
vn 0.0322 0.9854 0.1671
vn 0.0948 0.9917 0.0870
vn 0.1789 0.9513 0.2510
vn 0.0322 0.9854 0.1671
vn 0.2921 0.9544 0.0618
vn 0.1789 0.9513 0.2510
vn 0.0948 0.9917 0.0870
vn 0.1458 0.9891 0.0221
vn 0.2921 0.9544 0.0618
vn 0.0948 0.9917 0.0870
vn 0.3022 0.9437 -0.1343
vn 0.2921 0.9544 0.0618
vn 0.1458 0.9891 0.0221
vn 0.1458 0.9870 -0.0671
vn 0.3022 0.9437 -0.1343
vn 0.1458 0.9891 0.0221
vn 0.1086 0.9596 -0.2594
vn 0.3022 0.9437 -0.1343
vn 0.1458 0.9870 -0.0671
vn 0.4995 0.8142 -0.2960
vn 0.3022 0.9437 -0.1343
vn 0.1086 0.9596 -0.2594
vn 0.1749 0.7690 -0.6149
vn 0.4995 0.8142 -0.2960
vn 0.1086 0.9596 -0.2594
vn -0.0792 0.9165 -0.3922
vn 0.1749 0.7690 -0.6149
vn 0.1086 0.9596 -0.2594
vn -0.1358 0.6850 -0.7158
vn 0.1749 0.7690 -0.6149
vn -0.0792 0.9165 -0.3922
vn -0.2725 0.9228 -0.2723
vn -0.1358 0.6850 -0.7158
vn -0.0792 0.9165 -0.3922
vn -0.5136 0.6447 -0.5662
vn -0.1358 0.6850 -0.7158
vn -0.2725 0.9228 -0.2723
vn -0.5254 0.8502 0.0320
vn -0.5136 0.6447 -0.5662
vn -0.2725 0.9228 -0.2723
vn -0.8271 0.5615 0.0267
vn -0.5136 0.6447 -0.5662
vn -0.5254 0.8502 0.0320
vn -0.5915 0.6267 0.5074
vn -0.8271 0.5615 0.0267
vn -0.5254 0.8502 0.0320
vn -0.3471 0.8985 0.2686
vn -0.5915 0.6267 0.5074
vn -0.5254 0.8502 0.0320
vn -0.2121 0.6870 0.6950
vn -0.5915 0.6267 0.5074
vn -0.3471 0.8985 0.2686
vn -0.0871 0.9323 0.3510
vn -0.2121 0.6870 0.6950
vn -0.3471 0.8985 0.2686
vn 0.1145 0.7054 0.6996
vn -0.2121 0.6870 0.6950
vn -0.0871 0.9323 0.3510
vn 0.0695 0.9324 0.3548
vn 0.1145 0.7054 0.6996
vn -0.0871 0.9323 0.3510
vn 0.3975 0.7179 0.5715
vn 0.1145 0.7054 0.6996
vn 0.0695 0.9324 0.3548
vn 0.1789 0.9513 0.2510
vn 0.3975 0.7179 0.5715
vn 0.0695 0.9324 0.3548
vn 0.6070 0.7830 0.1358
vn 0.3975 0.7179 0.5715
vn 0.1789 0.9513 0.2510
vn 0.2921 0.9544 0.0618
vn 0.6070 0.7830 0.1358
vn 0.1789 0.9513 0.2510
vn 0.3022 0.9437 -0.1343
vn 0.6070 0.7830 0.1358
vn 0.2921 0.9544 0.0618
vn 0.4995 0.8142 -0.2960
vn 0.6070 0.7830 0.1358
vn 0.3022 0.9437 -0.1343
vn 0.4995 0.8142 -0.2960
vn 0.4448 0.8906 0.0946
vn 0.6070 0.7830 0.1358
vn 0.4448 0.8906 0.0946
vn 0.3975 0.7179 0.5715
vn 0.6070 0.7830 0.1358
vn 0.4448 0.8906 0.0946
vn 0.2650 0.8398 0.4738
vn 0.3975 0.7179 0.5715
vn 0.2650 0.8398 0.4738
vn 0.1145 0.7054 0.6996
vn 0.3975 0.7179 0.5715
vn 0.2650 0.8398 0.4738
vn 0.0811 0.8155 0.5730
vn 0.1145 0.7054 0.6996
vn 0.0811 0.8155 0.5730
vn -0.2121 0.6870 0.6950
vn 0.1145 0.7054 0.6996
vn 0.0811 0.8155 0.5730
vn -0.2237 0.7863 0.5759
vn -0.2121 0.6870 0.6950
vn -0.2237 0.7863 0.5759
vn -0.5915 0.6267 0.5074
vn -0.2121 0.6870 0.6950
vn -0.2237 0.7863 0.5759
vn -0.5172 0.7695 0.3746
vn -0.5915 0.6267 0.5074
vn -0.5172 0.7695 0.3746
vn -0.8271 0.5615 0.0267
vn -0.5915 0.6267 0.5074
vn -0.6226 0.7810 0.0496
vn -0.8271 0.5615 0.0267
vn -0.5172 0.7695 0.3746
vn -0.6226 0.7810 0.0496
vn -0.3977 0.8393 -0.3708
vn -0.8271 0.5615 0.0267
vn -0.3977 0.8393 -0.3708
vn -0.5136 0.6447 -0.5662
vn -0.8271 0.5615 0.0267
vn -0.3977 0.8393 -0.3708
vn -0.0949 0.8775 -0.4700
vn -0.5136 0.6447 -0.5662
vn -0.0949 0.8775 -0.4700
vn -0.1358 0.6850 -0.7158
vn -0.5136 0.6447 -0.5662
vn -0.0949 0.8775 -0.4700
vn 0.0811 0.8976 -0.4333
vn -0.1358 0.6850 -0.7158
vn 0.0811 0.8976 -0.4333
vn 0.1749 0.7690 -0.6149
vn -0.1358 0.6850 -0.7158
vn 0.0811 0.8976 -0.4333
vn 0.2922 0.9255 -0.2411
vn 0.1749 0.7690 -0.6149
vn 0.2922 0.9255 -0.2411
vn 0.4995 0.8142 -0.2960
vn 0.1749 0.7690 -0.6149
vn 0.2922 0.9255 -0.2411
vn 0.4448 0.8906 0.0946
vn 0.4995 0.8142 -0.2960
vn 0.0049 0.9981 0.0618
vn 0.4448 0.8906 0.0946
vn 0.2922 0.9255 -0.2411
vn 0.0811 0.8976 -0.4333
vn 0.0049 0.9981 0.0618
vn 0.2922 0.9255 -0.2411
vn -0.0949 0.8775 -0.4700
vn 0.0049 0.9981 0.0618
vn 0.0811 0.8976 -0.4333
vn -0.3977 0.8393 -0.3708
vn 0.0049 0.9981 0.0618
vn -0.0949 0.8775 -0.4700
vn -0.6226 0.7810 0.0496
vn 0.0049 0.9981 0.0618
vn -0.3977 0.8393 -0.3708
vn -0.5172 0.7695 0.3746
vn 0.0049 0.9981 0.0618
vn -0.6226 0.7810 0.0496
vn -0.2237 0.7863 0.5759
vn 0.0049 0.9981 0.0618
vn -0.5172 0.7695 0.3746
vn 0.0811 0.8155 0.5730
vn 0.0049 0.9981 0.0618
vn -0.2237 0.7863 0.5759
vn 0.2650 0.8398 0.4738
vn 0.0049 0.9981 0.0618
vn 0.0811 0.8155 0.5730
vn 0.2650 0.8398 0.4738
vn 0.4448 0.8906 0.0946
vn 0.0049 0.9981 0.0618
vn 0.2787 0.9594 0.0443
vn 0.1007 0.9869 0.1259
vn 0.1301 0.9910 0.0305
vn 0.1378 0.9882 -0.0671
vn 0.2787 0.9594 0.0443
vn 0.1301 0.9910 0.0305
vn 0.3627 0.9161 -0.1709
vn 0.2787 0.9594 0.0443
vn 0.1378 0.9882 -0.0671
vn 0.0793 0.9814 -0.1747
vn 0.3627 0.9161 -0.1709
vn 0.1378 0.9882 -0.0671
vn 0.2002 0.9227 -0.3296
vn 0.3627 0.9161 -0.1709
vn 0.0793 0.9814 -0.1747
vn -0.0675 0.9670 -0.2457
vn 0.2002 0.9227 -0.3296
vn 0.0793 0.9814 -0.1747
vn -0.1555 0.8498 -0.5036
vn 0.2002 0.9227 -0.3296
vn -0.0675 0.9670 -0.2457
vn -0.3450 0.8982 -0.2724
vn -0.1555 0.8498 -0.5036
vn -0.0675 0.9670 -0.2457
vn -0.1575 0.9795 -0.1259
vn -0.3450 0.8982 -0.2724
vn -0.0675 0.9670 -0.2457
vn -0.1670 0.9856 -0.0244
vn -0.3450 0.8982 -0.2724
vn -0.1575 0.9795 -0.1259
vn -0.3628 0.9319 -0.0008
vn -0.3450 0.8982 -0.2724
vn -0.1670 0.9856 -0.0244
vn -0.1533 0.9856 0.0717
vn -0.3628 0.9319 -0.0008
vn -0.1670 0.9856 -0.0244
vn -0.3277 0.9322 0.1534
vn -0.3628 0.9319 -0.0008
vn -0.1533 0.9856 0.0717
vn -0.2005 0.9515 0.2335
vn -0.3277 0.9322 0.1534
vn -0.1533 0.9856 0.0717
vn -0.0635 0.9917 0.1122
vn -0.2005 0.9515 0.2335
vn -0.1533 0.9856 0.0717
vn 0.0088 0.9544 0.2983
vn -0.2005 0.9515 0.2335
vn -0.0635 0.9917 0.1122
vn 0.0127 0.9892 0.1457
vn 0.0088 0.9544 0.2983
vn -0.0635 0.9917 0.1122
vn 0.2025 0.9439 0.2609
vn 0.0088 0.9544 0.2983
vn 0.0127 0.9892 0.1457
vn 0.1007 0.9869 0.1259
vn 0.2025 0.9439 0.2609
vn 0.0127 0.9892 0.1457
vn 0.2787 0.9594 0.0443
vn 0.2025 0.9439 0.2609
vn 0.1007 0.9869 0.1259
vn 0.4073 0.8135 0.4151
vn 0.2025 0.9439 0.2609
vn 0.2787 0.9594 0.0443
vn 0.6384 0.7693 0.0244
vn 0.4073 0.8135 0.4151
vn 0.2787 0.9594 0.0443
vn 0.3627 0.9161 -0.1709
vn 0.6384 0.7693 0.0244
vn 0.2787 0.9594 0.0443
vn 0.6632 0.6847 -0.3021
vn 0.6384 0.7693 0.0244
vn 0.3627 0.9161 -0.1709
vn 0.2002 0.9227 -0.3296
vn 0.6632 0.6847 -0.3021
vn 0.3627 0.9161 -0.1709
vn 0.4271 0.6440 -0.6347
vn 0.6632 0.6847 -0.3021
vn 0.2002 0.9227 -0.3296
vn -0.1555 0.8498 -0.5036
vn 0.4271 0.6440 -0.6347
vn 0.2002 0.9227 -0.3296
vn -0.2219 0.5623 -0.7966
vn 0.4271 0.6440 -0.6347
vn -0.1555 0.8498 -0.5036
vn -0.6339 0.6261 -0.4540
vn -0.2219 0.5623 -0.7966
vn -0.1555 0.8498 -0.5036
vn -0.3450 0.8982 -0.2724
vn -0.6339 0.6261 -0.4540
vn -0.1555 0.8498 -0.5036
vn -0.7248 0.6876 -0.0420
vn -0.6339 0.6261 -0.4540
vn -0.3450 0.8982 -0.2724
vn -0.3628 0.9319 -0.0008
vn -0.7248 0.6876 -0.0420
vn -0.3450 0.8982 -0.2724
vn -0.6522 0.7050 0.2785
vn -0.7248 0.6876 -0.0420
vn -0.3628 0.9319 -0.0008
vn -0.3277 0.9322 0.1534
vn -0.6522 0.7050 0.2785
vn -0.3628 0.9319 -0.0008
vn -0.4601 0.7179 0.5225
vn -0.6522 0.7050 0.2785
vn -0.3277 0.9322 0.1534
vn -0.2005 0.9515 0.2335
vn -0.4601 0.7179 0.5225
vn -0.3277 0.9322 0.1534
vn 0.0127 0.7825 0.6225
vn -0.4601 0.7179 0.5225
vn -0.2005 0.9515 0.2335
vn 0.0088 0.9544 0.2983
vn 0.0127 0.7825 0.6225
vn -0.2005 0.9515 0.2335
vn 0.2025 0.9439 0.2609
vn 0.0127 0.7825 0.6225
vn 0.0088 0.9544 0.2983
vn 0.4073 0.8135 0.4151
vn 0.0127 0.7825 0.6225
vn 0.2025 0.9439 0.2609
vn 0.4073 0.8135 0.4151
vn 0.0127 0.8905 0.4547
vn 0.0127 0.7825 0.6225
vn 0.0127 0.8905 0.4547
vn -0.4601 0.7179 0.5225
vn 0.0127 0.7825 0.6225
vn 0.0127 0.8905 0.4547
vn -0.3980 0.8401 0.3685
vn -0.4601 0.7179 0.5225
vn -0.3980 0.8401 0.3685
vn -0.6522 0.7050 0.2785
vn -0.4601 0.7179 0.5225
vn -0.3980 0.8401 0.3685
vn -0.5364 0.8159 0.2159
vn -0.6522 0.7050 0.2785
vn -0.5364 0.8159 0.2159
vn -0.7248 0.6876 -0.0420
vn -0.6522 0.7050 0.2785
vn -0.5364 0.8159 0.2159
vn -0.6113 0.7873 -0.0809
vn -0.7248 0.6876 -0.0420
vn -0.6113 0.7873 -0.0809
vn -0.6339 0.6261 -0.4540
vn -0.7248 0.6876 -0.0420
vn -0.6113 0.7873 -0.0809
vn -0.4865 0.7704 -0.4120
vn -0.6339 0.6261 -0.4540
vn -0.4865 0.7704 -0.4120
vn -0.2219 0.5623 -0.7966
vn -0.6339 0.6261 -0.4540
vn -0.1964 0.7805 -0.5935
vn -0.2219 0.5623 -0.7966
vn -0.4865 0.7704 -0.4120
vn -0.1964 0.7805 -0.5935
vn 0.2650 0.8398 -0.4738
vn -0.2219 0.5623 -0.7966
vn 0.2650 0.8398 -0.4738
vn 0.4271 0.6440 -0.6347
vn -0.2219 0.5623 -0.7966
vn 0.2650 0.8398 -0.4738
vn 0.4350 0.8769 -0.2045
vn 0.4271 0.6440 -0.6347
vn 0.4350 0.8769 -0.2045
vn 0.6632 0.6847 -0.3021
vn 0.4271 0.6440 -0.6347
vn 0.4350 0.8769 -0.2045
vn 0.4389 0.8982 -0.0244
vn 0.6632 0.6847 -0.3021
vn 0.4389 0.8982 -0.0244
vn 0.6384 0.7693 0.0244
vn 0.6632 0.6847 -0.3021
vn 0.4389 0.8982 -0.0244
vn 0.3038 0.9250 0.2281
vn 0.6384 0.7693 0.0244
vn 0.3038 0.9250 0.2281
vn 0.4073 0.8135 0.4151
vn 0.6384 0.7693 0.0244
vn 0.3038 0.9250 0.2281
vn 0.0127 0.8905 0.4547
vn 0.4073 0.8135 0.4151
vn -0.0597 0.9980 0.0206
vn 0.0127 0.8905 0.4547
vn 0.3038 0.9250 0.2281
vn 0.4389 0.8982 -0.0244
vn -0.0597 0.9980 0.0206
vn 0.3038 0.9250 0.2281
vn 0.4350 0.8769 -0.2045
vn -0.0597 0.9980 0.0206
vn 0.4389 0.8982 -0.0244
vn 0.2650 0.8398 -0.4738
vn -0.0597 0.9980 0.0206
vn 0.4350 0.8769 -0.2045
vn -0.1964 0.7805 -0.5935
vn -0.0597 0.9980 0.0206
vn 0.2650 0.8398 -0.4738
vn -0.4865 0.7704 -0.4120
vn -0.0597 0.9980 0.0206
vn -0.1964 0.7805 -0.5935
vn -0.6113 0.7873 -0.0809
vn -0.0597 0.9980 0.0206
vn -0.4865 0.7704 -0.4120
vn -0.5364 0.8159 0.2159
vn -0.0597 0.9980 0.0206
vn -0.6113 0.7873 -0.0809
vn -0.3980 0.8401 0.3685
vn -0.0597 0.9980 0.0206
vn -0.5364 0.8159 0.2159
vn -0.3980 0.8401 0.3685
vn 0.0127 0.8905 0.4547
vn -0.0597 0.9980 0.0206
vn 0.2397 0.9596 0.1476
vn 0.0440 0.9869 0.1553
vn 0.1086 0.9911 0.0771
vn 0.1534 0.9881 -0.0088
vn 0.2397 0.9596 0.1476
vn 0.1086 0.9911 0.0771
vn 0.4000 0.9163 -0.0187
vn 0.2397 0.9596 0.1476
vn 0.1534 0.9881 -0.0088
vn 0.1419 0.9810 -0.1320
vn 0.4000 0.9163 -0.0187
vn 0.1534 0.9881 -0.0088
vn 0.3096 0.9231 -0.2281
vn 0.4000 0.9163 -0.0187
vn 0.1419 0.9810 -0.1320
vn 0.0322 0.9669 -0.2533
vn 0.3096 0.9231 -0.2281
vn 0.1419 0.9810 -0.1320
vn 0.0479 0.8498 -0.5249
vn 0.3096 0.9231 -0.2281
vn 0.0322 0.9669 -0.2533
vn -0.2140 0.8980 -0.3845
vn 0.0479 0.8498 -0.5249
vn 0.0322 0.9669 -0.2533
vn -0.0969 0.9794 -0.1770
vn -0.2140 0.8980 -0.3845
vn 0.0322 0.9669 -0.2533
vn -0.1455 0.9855 -0.0870
vn -0.2140 0.8980 -0.3845
vn -0.0969 0.9794 -0.1770
vn -0.3336 0.9323 -0.1396
vn -0.2140 0.8980 -0.3845
vn -0.1455 0.9855 -0.0870
vn -0.1690 0.9856 0.0069
vn -0.3336 0.9323 -0.1396
vn -0.1455 0.9855 -0.0870
vn -0.3610 0.9324 0.0145
vn -0.3336 0.9323 -0.1396
vn -0.1690 0.9856 0.0069
vn -0.2748 0.9516 0.1377
vn -0.3610 0.9324 0.0145
vn -0.1690 0.9856 0.0069
vn -0.1006 0.9916 0.0813
vn -0.2748 0.9516 0.1377
vn -0.1690 0.9856 0.0069
vn -0.1064 0.9541 0.2800
vn -0.2748 0.9516 0.1377
vn -0.1006 0.9916 0.0813
vn -0.0440 0.9892 0.1396
vn -0.1064 0.9541 0.2800
vn -0.1006 0.9916 0.0813
vn 0.0870 0.9435 0.3197
vn -0.1064 0.9541 0.2800
vn -0.0440 0.9892 0.1396
vn 0.0440 0.9869 0.1553
vn 0.0870 0.9435 0.3197
vn -0.0440 0.9892 0.1396
vn 0.2397 0.9596 0.1476
vn 0.0870 0.9435 0.3197
vn 0.0440 0.9869 0.1553
vn 0.2160 0.8144 0.5387
vn 0.0870 0.9435 0.3197
vn 0.2397 0.9596 0.1476
vn 0.5813 0.7688 0.2667
vn 0.2160 0.8144 0.5387
vn 0.2397 0.9596 0.1476
vn 0.4000 0.9163 -0.0187
vn 0.5813 0.7688 0.2667
vn 0.2397 0.9596 0.1476
vn 0.7281 0.6851 -0.0244
vn 0.5813 0.7688 0.2667
vn 0.4000 0.9163 -0.0187
vn 0.3096 0.9231 -0.2281
vn 0.7281 0.6851 -0.0244
vn 0.4000 0.9163 -0.0187
vn 0.6372 0.6450 -0.4219
vn 0.7281 0.6851 -0.0244
vn 0.3096 0.9231 -0.2281
vn 0.0479 0.8498 -0.5249
vn 0.6372 0.6450 -0.4219
vn 0.3096 0.9231 -0.2281
vn 0.1005 0.5613 -0.8215
vn 0.6372 0.6450 -0.4219
vn 0.0479 0.8498 -0.5249
vn -0.4117 0.6268 -0.6615
vn 0.1005 0.5613 -0.8215
vn 0.0479 0.8498 -0.5249
vn -0.2140 0.8980 -0.3845
vn -0.4117 0.6268 -0.6615
vn 0.0479 0.8498 -0.5249
vn -0.6541 0.6873 -0.3159
vn -0.4117 0.6268 -0.6615
vn -0.2140 0.8980 -0.3845
vn -0.3336 0.9323 -0.1396
vn -0.6541 0.6873 -0.3159
vn -0.2140 0.8980 -0.3845
vn -0.7090 0.7051 0.0069
vn -0.6541 0.6873 -0.3159
vn -0.3336 0.9323 -0.1396
vn -0.3610 0.9324 0.0145
vn -0.7090 0.7051 0.0069
vn -0.3336 0.9323 -0.1396
vn -0.6246 0.7185 0.3059
vn -0.7090 0.7051 0.0069
vn -0.3610 0.9324 0.0145
vn -0.2748 0.9516 0.1377
vn -0.6246 0.7185 0.3059
vn -0.3610 0.9324 0.0145
vn -0.2276 0.7826 0.5795
vn -0.6246 0.7185 0.3059
vn -0.2748 0.9516 0.1377
vn -0.1064 0.9541 0.2800
vn -0.2276 0.7826 0.5795
vn -0.2748 0.9516 0.1377
vn 0.0870 0.9435 0.3197
vn -0.2276 0.7826 0.5795
vn -0.1064 0.9541 0.2800
vn 0.2160 0.8144 0.5387
vn -0.2276 0.7826 0.5795
vn 0.0870 0.9435 0.3197
vn 0.2160 0.8144 0.5387
vn -0.1614 0.8912 0.4238
vn -0.2276 0.7826 0.5795
vn -0.1614 0.8912 0.4238
vn -0.6246 0.7185 0.3059
vn -0.2276 0.7826 0.5795
vn -0.1614 0.8912 0.4238
vn -0.5093 0.8396 0.1888
vn -0.6246 0.7185 0.3059
vn -0.5093 0.8396 0.1888
vn -0.7090 0.7051 0.0069
vn -0.6246 0.7185 0.3059
vn -0.5093 0.8396 0.1888
vn -0.5790 0.8153 -0.0069
vn -0.7090 0.7051 0.0069
vn -0.5790 0.8153 -0.0069
vn -0.6541 0.6873 -0.3159
vn -0.7090 0.7051 0.0069
vn -0.5790 0.8153 -0.0069
vn -0.5347 0.7869 -0.3079
vn -0.6541 0.6873 -0.3159
vn -0.5347 0.7869 -0.3079
vn -0.4117 0.6268 -0.6615
vn -0.6541 0.6873 -0.3159
vn -0.5347 0.7869 -0.3079
vn -0.2924 0.7696 -0.5677
vn -0.4117 0.6268 -0.6615
vn -0.2924 0.7696 -0.5677
vn 0.1005 0.5613 -0.8215
vn -0.4117 0.6268 -0.6615
vn 0.0459 0.7800 -0.6241
vn 0.1005 0.5613 -0.8215
vn -0.2924 0.7696 -0.5677
vn 0.0459 0.7800 -0.6241
vn 0.4269 0.8391 -0.3372
vn 0.1005 0.5613 -0.8215
vn 0.4269 0.8391 -0.3372
vn 0.6372 0.6450 -0.4219
vn 0.1005 0.5613 -0.8215
vn 0.4269 0.8391 -0.3372
vn 0.4800 0.8770 -0.0225
vn 0.6372 0.6450 -0.4219
vn 0.4800 0.8770 -0.0225
vn 0.7281 0.6851 -0.0244
vn 0.6372 0.6450 -0.4219
vn 0.4800 0.8770 -0.0225
vn 0.4153 0.8979 0.1457
vn 0.7281 0.6851 -0.0244
vn 0.4153 0.8979 0.1457
vn 0.5813 0.7688 0.2667
vn 0.7281 0.6851 -0.0244
vn 0.4153 0.8979 0.1457
vn 0.1945 0.9254 0.3254
vn 0.5813 0.7688 0.2667
vn 0.1945 0.9254 0.3254
vn 0.2160 0.8144 0.5387
vn 0.5813 0.7688 0.2667
vn 0.1945 0.9254 0.3254
vn -0.1614 0.8912 0.4238
vn 0.2160 0.8144 0.5387
vn -0.0635 0.9980 -0.0050
vn -0.1614 0.8912 0.4238
vn 0.1945 0.9254 0.3254
vn 0.4153 0.8979 0.1457
vn -0.0635 0.9980 -0.0050
vn 0.1945 0.9254 0.3254
vn 0.4800 0.8770 -0.0225
vn -0.0635 0.9980 -0.0050
vn 0.4153 0.8979 0.1457
vn 0.4269 0.8391 -0.3372
vn -0.0635 0.9980 -0.0050
vn 0.4800 0.8770 -0.0225
vn 0.0459 0.7800 -0.6241
vn -0.0635 0.9980 -0.0050
vn 0.4269 0.8391 -0.3372
vn -0.2924 0.7696 -0.5677
vn -0.0635 0.9980 -0.0050
vn 0.0459 0.7800 -0.6241
vn -0.5347 0.7869 -0.3079
vn -0.0635 0.9980 -0.0050
vn -0.2924 0.7696 -0.5677
vn -0.5790 0.8153 -0.0069
vn -0.0635 0.9980 -0.0050
vn -0.5347 0.7869 -0.3079
vn -0.5093 0.8396 0.1888
vn -0.0635 0.9980 -0.0050
vn -0.5790 0.8153 -0.0069
vn -0.5093 0.8396 0.1888
vn -0.1614 0.8912 0.4238
vn -0.0635 0.9980 -0.0050
vn 0.2397 0.9596 0.1472
vn 0.0440 0.9868 0.1556
vn 0.1086 0.9911 0.0771
vn 0.1534 0.9881 -0.0092
vn 0.2397 0.9596 0.1472
vn 0.1086 0.9911 0.0771
vn 0.4000 0.9163 -0.0183
vn 0.2397 0.9596 0.1472
vn 0.1534 0.9881 -0.0092
vn 0.1418 0.9811 -0.1320
vn 0.4000 0.9163 -0.0183
vn 0.1534 0.9881 -0.0092
vn 0.3096 0.9231 -0.2281
vn 0.4000 0.9163 -0.0183
vn 0.1418 0.9811 -0.1320
vn 0.0323 0.9669 -0.2533
vn 0.3096 0.9231 -0.2281
vn 0.1418 0.9811 -0.1320
vn 0.0479 0.8498 -0.5249
vn 0.3096 0.9231 -0.2281
vn 0.0323 0.9669 -0.2533
vn -0.2140 0.8980 -0.3845
vn 0.0479 0.8498 -0.5249
vn 0.0323 0.9669 -0.2533
vn -0.0969 0.9794 -0.1770
vn -0.2140 0.8980 -0.3845
vn 0.0323 0.9669 -0.2533
vn -0.1456 0.9855 -0.0870
vn -0.2140 0.8980 -0.3845
vn -0.0969 0.9794 -0.1770
vn -0.3336 0.9323 -0.1396
vn -0.2140 0.8980 -0.3845
vn -0.1456 0.9855 -0.0870
vn -0.1689 0.9856 0.0069
vn -0.3336 0.9323 -0.1396
vn -0.1456 0.9855 -0.0870
vn -0.3610 0.9324 0.0145
vn -0.3336 0.9323 -0.1396
vn -0.1689 0.9856 0.0069
vn -0.2748 0.9515 0.1381
vn -0.3610 0.9324 0.0145
vn -0.1689 0.9856 0.0069
vn -0.1006 0.9916 0.0809
vn -0.2748 0.9515 0.1381
vn -0.1689 0.9856 0.0069
vn -0.1064 0.9539 0.2807
vn -0.2748 0.9515 0.1381
vn -0.1006 0.9916 0.0809
vn -0.0440 0.9892 0.1396
vn -0.1064 0.9539 0.2807
vn -0.1006 0.9916 0.0809
vn 0.0870 0.9435 0.3197
vn -0.1064 0.9539 0.2807
vn -0.0440 0.9892 0.1396
vn 0.0440 0.9868 0.1556
vn 0.0870 0.9435 0.3197
vn -0.0440 0.9892 0.1396
vn 0.2397 0.9596 0.1472
vn 0.0870 0.9435 0.3197
vn 0.0440 0.9868 0.1556
vn 0.2179 0.8139 0.5386
vn 0.0870 0.9435 0.3197
vn 0.2397 0.9596 0.1472
vn 0.5812 0.7687 0.2670
vn 0.2179 0.8139 0.5386
vn 0.2397 0.9596 0.1472
vn 0.4000 0.9163 -0.0183
vn 0.5812 0.7687 0.2670
vn 0.2397 0.9596 0.1472
vn 0.7281 0.6851 -0.0244
vn 0.5812 0.7687 0.2670
vn 0.4000 0.9163 -0.0183
vn 0.3096 0.9231 -0.2281
vn 0.7281 0.6851 -0.0244
vn 0.4000 0.9163 -0.0183
vn 0.6372 0.6450 -0.4219
vn 0.7281 0.6851 -0.0244
vn 0.3096 0.9231 -0.2281
vn 0.0479 0.8498 -0.5249
vn 0.6372 0.6450 -0.4219
vn 0.3096 0.9231 -0.2281
vn 0.1005 0.5613 -0.8215
vn 0.6372 0.6450 -0.4219
vn 0.0479 0.8498 -0.5249
vn -0.4117 0.6268 -0.6615
vn 0.1005 0.5613 -0.8215
vn 0.0479 0.8498 -0.5249
vn -0.2140 0.8980 -0.3845
vn -0.4117 0.6268 -0.6615
vn 0.0479 0.8498 -0.5249
vn -0.6541 0.6873 -0.3159
vn -0.4117 0.6268 -0.6615
vn -0.2140 0.8980 -0.3845
vn -0.3336 0.9323 -0.1396
vn -0.6541 0.6873 -0.3159
vn -0.2140 0.8980 -0.3845
vn -0.7090 0.7051 0.0069
vn -0.6541 0.6873 -0.3159
vn -0.3336 0.9323 -0.1396
vn -0.3610 0.9324 0.0145
vn -0.7090 0.7051 0.0069
vn -0.3336 0.9323 -0.1396
vn -0.6246 0.7185 0.3059
vn -0.7090 0.7051 0.0069
vn -0.3610 0.9324 0.0145
vn -0.2748 0.9515 0.1381
vn -0.6246 0.7185 0.3059
vn -0.3610 0.9324 0.0145
vn -0.2276 0.7824 0.5797
vn -0.6246 0.7185 0.3059
vn -0.2748 0.9515 0.1381
vn -0.1064 0.9539 0.2807
vn -0.2276 0.7824 0.5797
vn -0.2748 0.9515 0.1381
vn 0.0870 0.9435 0.3197
vn -0.2276 0.7824 0.5797
vn -0.1064 0.9539 0.2807
vn 0.2179 0.8139 0.5386
vn -0.2276 0.7824 0.5797
vn 0.0870 0.9435 0.3197
vn 0.2179 0.8139 0.5386
vn -0.1614 0.8914 0.4235
vn -0.2276 0.7824 0.5797
vn -0.1614 0.8914 0.4235
vn -0.6246 0.7185 0.3059
vn -0.2276 0.7824 0.5797
vn -0.1614 0.8914 0.4235
vn -0.5093 0.8397 0.1884
vn -0.6246 0.7185 0.3059
vn -0.5093 0.8397 0.1884
vn -0.7090 0.7051 0.0069
vn -0.6246 0.7185 0.3059
vn -0.5093 0.8397 0.1884
vn -0.5790 0.8153 -0.0069
vn -0.7090 0.7051 0.0069
vn -0.5790 0.8153 -0.0069
vn -0.6541 0.6873 -0.3159
vn -0.7090 0.7051 0.0069
vn -0.5790 0.8153 -0.0069
vn -0.5347 0.7868 -0.3082
vn -0.6541 0.6873 -0.3159
vn -0.5347 0.7868 -0.3082
vn -0.4117 0.6268 -0.6615
vn -0.6541 0.6873 -0.3159
vn -0.5347 0.7868 -0.3082
vn -0.2924 0.7696 -0.5677
vn -0.4117 0.6268 -0.6615
vn -0.2924 0.7696 -0.5677
vn 0.1005 0.5613 -0.8215
vn -0.4117 0.6268 -0.6615
vn 0.0459 0.7800 -0.6241
vn 0.1005 0.5613 -0.8215
vn -0.2924 0.7696 -0.5677
vn 0.0459 0.7800 -0.6241
vn 0.4269 0.8391 -0.3372
vn 0.1005 0.5613 -0.8215
vn 0.4269 0.8391 -0.3372
vn 0.6372 0.6450 -0.4219
vn 0.1005 0.5613 -0.8215
vn 0.4269 0.8391 -0.3372
vn 0.4800 0.8770 -0.0221
vn 0.6372 0.6450 -0.4219
vn 0.4800 0.8770 -0.0221
vn 0.7281 0.6851 -0.0244
vn 0.6372 0.6450 -0.4219
vn 0.4800 0.8770 -0.0221
vn 0.4153 0.8980 0.1457
vn 0.7281 0.6851 -0.0244
vn 0.4153 0.8980 0.1457
vn 0.5812 0.7687 0.2670
vn 0.7281 0.6851 -0.0244
vn 0.4153 0.8980 0.1457
vn 0.1944 0.9252 0.3258
vn 0.5812 0.7687 0.2670
vn 0.1944 0.9252 0.3258
vn 0.2179 0.8139 0.5386
vn 0.5812 0.7687 0.2670
vn 0.1944 0.9252 0.3258
vn -0.1614 0.8914 0.4235
vn 0.2179 0.8139 0.5386
vn -0.0635 0.9980 -0.0046
vn -0.1614 0.8914 0.4235
vn 0.1944 0.9252 0.3258
vn 0.4153 0.8980 0.1457
vn -0.0635 0.9980 -0.0046
vn 0.1944 0.9252 0.3258
vn 0.4800 0.8770 -0.0221
vn -0.0635 0.9980 -0.0046
vn 0.4153 0.8980 0.1457
vn 0.4269 0.8391 -0.3372
vn -0.0635 0.9980 -0.0046
vn 0.4800 0.8770 -0.0221
vn 0.0459 0.7800 -0.6241
vn -0.0635 0.9980 -0.0046
vn 0.4269 0.8391 -0.3372
vn -0.2924 0.7696 -0.5677
vn -0.0635 0.9980 -0.0046
vn 0.0459 0.7800 -0.6241
vn -0.5347 0.7868 -0.3082
vn -0.0635 0.9980 -0.0046
vn -0.2924 0.7696 -0.5677
vn -0.5790 0.8153 -0.0069
vn -0.0635 0.9980 -0.0046
vn -0.5347 0.7868 -0.3082
vn -0.5093 0.8397 0.1884
vn -0.0635 0.9980 -0.0046
vn -0.5790 0.8153 -0.0069
vn -0.5093 0.8397 0.1884
vn -0.1614 0.8914 0.4235
vn -0.0635 0.9980 -0.0046
vn 0.1809 0.9594 -0.2163
vn 0.1594 0.9870 -0.0206
vn 0.0930 0.9911 -0.0948
vn 0.0147 0.9880 -0.1535
vn 0.1809 0.9594 -0.2163
vn 0.0930 0.9911 -0.0948
vn 0.0401 0.9157 -0.3998
vn 0.1809 0.9594 -0.2163
vn 0.0147 0.9880 -0.1535
vn -0.1086 0.9812 -0.1595
vn 0.0401 0.9157 -0.3998
vn 0.0147 0.9880 -0.1535
vn -0.1787 0.9230 -0.3409
vn 0.0401 0.9157 -0.3998
vn -0.1086 0.9812 -0.1595
vn -0.2454 0.9669 -0.0694
vn -0.1787 0.9230 -0.3409
vn -0.1086 0.9812 -0.1595
vn -0.5115 0.8500 -0.1261
vn -0.1787 0.9230 -0.3409
vn -0.2454 0.9669 -0.0694
vn -0.4115 0.8984 0.1535
vn -0.5115 0.8500 -0.1261
vn -0.2454 0.9669 -0.0694
vn -0.1907 0.9792 0.0694
vn -0.4115 0.8984 0.1535
vn -0.2454 0.9669 -0.0694
vn -0.1065 0.9855 0.1318
vn -0.4115 0.8984 0.1535
vn -0.1907 0.9792 0.0694
vn -0.1868 0.9322 0.3101
vn -0.4115 0.8984 0.1535
vn -0.1065 0.9855 0.1318
vn -0.0186 0.9855 0.1689
vn -0.1868 0.9322 0.3101
vn -0.1065 0.9855 0.1318
vn -0.0382 0.9325 0.3592
vn -0.1868 0.9322 0.3101
vn -0.0186 0.9855 0.1689
vn 0.0968 0.9514 0.2922
vn -0.0382 0.9325 0.3592
vn -0.0186 0.9855 0.1689
vn 0.0654 0.9915 0.1123
vn 0.0968 0.9514 0.2922
vn -0.0186 0.9855 0.1689
vn 0.2608 0.9544 0.1455
vn 0.0968 0.9514 0.2922
vn 0.0654 0.9915 0.1123
vn 0.1321 0.9892 0.0635
vn 0.2608 0.9544 0.1455
vn 0.0654 0.9915 0.1123
vn 0.3277 0.9440 -0.0381
vn 0.2608 0.9544 0.1455
vn 0.1321 0.9892 0.0635
vn 0.1594 0.9870 -0.0206
vn 0.3277 0.9440 -0.0381
vn 0.1321 0.9892 0.0635
vn 0.1809 0.9594 -0.2163
vn 0.3277 0.9440 -0.0381
vn 0.1594 0.9870 -0.0206
vn 0.5655 0.8135 -0.1356
vn 0.3277 0.9440 -0.0381
vn 0.1809 0.9594 -0.2163
vn 0.3491 0.7695 -0.5348
vn 0.5655 0.8135 -0.1356
vn 0.1809 0.9594 -0.2163
vn 0.0401 0.9157 -0.3998
vn 0.3491 0.7695 -0.5348
vn 0.1809 0.9594 -0.2163
vn 0.0830 0.6848 -0.7240
vn 0.3491 0.7695 -0.5348
vn 0.0401 0.9157 -0.3998
vn -0.1787 0.9230 -0.3409
vn 0.0830 0.6848 -0.7240
vn 0.0401 0.9157 -0.3998
vn -0.3235 0.6441 -0.6931
vn 0.0830 0.6848 -0.7240
vn -0.1787 0.9230 -0.3409
vn -0.5115 0.8500 -0.1261
vn -0.3235 0.6441 -0.6931
vn -0.1787 0.9230 -0.3409
vn -0.7978 0.5615 -0.2197
vn -0.3235 0.6441 -0.6931
vn -0.5115 0.8500 -0.1261
vn -0.7158 0.6259 0.3096
vn -0.7978 0.5615 -0.2197
vn -0.5115 0.8500 -0.1261
vn -0.4115 0.8984 0.1535
vn -0.7158 0.6259 0.3096
vn -0.5115 0.8500 -0.1261
vn -0.4098 0.6875 0.5995
vn -0.7158 0.6259 0.3096
vn -0.4115 0.8984 0.1535
vn -0.1868 0.9322 0.3101
vn -0.4098 0.6875 0.5995
vn -0.4115 0.8984 0.1535
vn -0.0968 0.7047 0.7028
vn -0.4098 0.6875 0.5995
vn -0.1868 0.9322 0.3101
vn -0.0382 0.9325 0.3592
vn -0.0968 0.7047 0.7028
vn -0.1868 0.9322 0.3101
vn 0.2101 0.7182 0.6634
vn -0.0968 0.7047 0.7028
vn -0.0382 0.9325 0.3592
vn 0.0968 0.9514 0.2922
vn 0.2101 0.7182 0.6634
vn -0.0382 0.9325 0.3592
vn 0.5388 0.7833 0.3101
vn 0.2101 0.7182 0.6634
vn 0.0968 0.9514 0.2922
vn 0.2608 0.9544 0.1455
vn 0.5388 0.7833 0.3101
vn 0.0968 0.9514 0.2922
vn 0.3277 0.9440 -0.0381
vn 0.5388 0.7833 0.3101
vn 0.2608 0.9544 0.1455
vn 0.5655 0.8135 -0.1356
vn 0.5388 0.7833 0.3101
vn 0.3277 0.9440 -0.0381
vn 0.5655 0.8135 -0.1356
vn 0.3961 0.8910 0.2220
vn 0.5388 0.7833 0.3101
vn 0.3961 0.8910 0.2220
vn 0.2101 0.7182 0.6634
vn 0.5388 0.7833 0.3101
vn 0.3961 0.8910 0.2220
vn 0.1124 0.8399 0.5310
vn 0.2101 0.7182 0.6634
vn 0.1124 0.8399 0.5310
vn -0.0968 0.7047 0.7028
vn 0.2101 0.7182 0.6634
vn 0.1124 0.8399 0.5310
vn -0.0928 0.8155 0.5713
vn -0.0968 0.7047 0.7028
vn -0.0928 0.8155 0.5713
vn -0.4098 0.6875 0.5995
vn -0.0968 0.7047 0.7028
vn -0.0928 0.8155 0.5713
vn -0.3840 0.7865 0.4837
vn -0.4098 0.6875 0.5995
vn -0.3840 0.7865 0.4837
vn -0.7158 0.6259 0.3096
vn -0.4098 0.6875 0.5995
vn -0.3840 0.7865 0.4837
vn -0.6039 0.7704 0.2045
vn -0.7158 0.6259 0.3096
vn -0.6039 0.7704 0.2045
vn -0.7978 0.5615 -0.2197
vn -0.7158 0.6259 0.3096
vn -0.6103 0.7801 -0.1377
vn -0.7978 0.5615 -0.2197
vn -0.6039 0.7704 0.2045
vn -0.6103 0.7801 -0.1377
vn -0.2706 0.8392 -0.4717
vn -0.7978 0.5615 -0.2197
vn -0.2706 0.8392 -0.4717
vn -0.3235 0.6441 -0.6931
vn -0.7978 0.5615 -0.2197
vn -0.2706 0.8392 -0.4717
vn 0.0479 0.8770 -0.4782
vn -0.3235 0.6441 -0.6931
vn 0.0479 0.8770 -0.4782
vn 0.0830 0.6848 -0.7240
vn -0.3235 0.6441 -0.6931
vn 0.0479 0.8770 -0.4782
vn 0.2062 0.8982 -0.3881
vn 0.0830 0.6848 -0.7240
vn 0.2062 0.8982 -0.3881
vn 0.3491 0.7695 -0.5348
vn 0.0830 0.6848 -0.7240
vn 0.2062 0.8982 -0.3881
vn 0.3508 0.9254 -0.1436
vn 0.3491 0.7695 -0.5348
vn 0.3508 0.9254 -0.1436
vn 0.5655 0.8135 -0.1356
vn 0.3491 0.7695 -0.5348
vn 0.3508 0.9254 -0.1436
vn 0.3961 0.8910 0.2220
vn 0.5655 0.8135 -0.1356
vn -0.0127 0.9980 0.0616
vn 0.3961 0.8910 0.2220
vn 0.3508 0.9254 -0.1436
vn 0.2062 0.8982 -0.3881
vn -0.0127 0.9980 0.0616
vn 0.3508 0.9254 -0.1436
vn 0.0479 0.8770 -0.4782
vn -0.0127 0.9980 0.0616
vn 0.2062 0.8982 -0.3881
vn -0.2706 0.8392 -0.4717
vn -0.0127 0.9980 0.0616
vn 0.0479 0.8770 -0.4782
vn -0.6103 0.7801 -0.1377
vn -0.0127 0.9980 0.0616
vn -0.2706 0.8392 -0.4717
vn -0.6039 0.7704 0.2045
vn -0.0127 0.9980 0.0616
vn -0.6103 0.7801 -0.1377
vn -0.3840 0.7865 0.4837
vn -0.0127 0.9980 0.0616
vn -0.6039 0.7704 0.2045
vn -0.0928 0.8155 0.5713
vn -0.0127 0.9980 0.0616
vn -0.3840 0.7865 0.4837
vn 0.1124 0.8399 0.5310
vn -0.0127 0.9980 0.0616
vn -0.0928 0.8155 0.5713
vn 0.1124 0.8399 0.5310
vn 0.3961 0.8910 0.2220
vn -0.0127 0.9980 0.0616
vn 0.1809 0.9595 -0.2159
vn 0.1595 0.9870 -0.0206
vn 0.0929 0.9912 -0.0946
vn 0.0147 0.9881 -0.1534
vn 0.1809 0.9595 -0.2159
vn 0.0929 0.9912 -0.0946
vn 0.0401 0.9157 -0.3998
vn 0.1809 0.9595 -0.2159
vn 0.0147 0.9881 -0.1534
vn -0.1086 0.9812 -0.1595
vn 0.0401 0.9157 -0.3998
vn 0.0147 0.9881 -0.1534
vn -0.1787 0.9229 -0.3410
vn 0.0401 0.9157 -0.3998
vn -0.1086 0.9812 -0.1595
vn -0.2454 0.9669 -0.0694
vn -0.1787 0.9229 -0.3410
vn -0.1086 0.9812 -0.1595
vn -0.5116 0.8500 -0.1259
vn -0.1787 0.9229 -0.3410
vn -0.2454 0.9669 -0.0694
vn -0.4116 0.8984 0.1534
vn -0.5116 0.8500 -0.1259
vn -0.2454 0.9669 -0.0694
vn -0.1908 0.9792 0.0694
vn -0.4116 0.8984 0.1534
vn -0.2454 0.9669 -0.0694
vn -0.1065 0.9855 0.1320
vn -0.4116 0.8984 0.1534
vn -0.1908 0.9792 0.0694
vn -0.1868 0.9323 0.3098
vn -0.4116 0.8984 0.1534
vn -0.1065 0.9855 0.1320
vn -0.0186 0.9854 0.1694
vn -0.1868 0.9323 0.3098
vn -0.1065 0.9855 0.1320
vn -0.0382 0.9324 0.3593
vn -0.1868 0.9323 0.3098
vn -0.0186 0.9854 0.1694
vn 0.0968 0.9514 0.2922
vn -0.0382 0.9324 0.3593
vn -0.0186 0.9854 0.1694
vn 0.0654 0.9915 0.1122
vn 0.0968 0.9514 0.2922
vn -0.0186 0.9854 0.1694
vn 0.2608 0.9543 0.1457
vn 0.0968 0.9514 0.2922
vn 0.0654 0.9915 0.1122
vn 0.1321 0.9892 0.0633
vn 0.2608 0.9543 0.1457
vn 0.0654 0.9915 0.1122
vn 0.3277 0.9440 -0.0381
vn 0.2608 0.9543 0.1457
vn 0.1321 0.9892 0.0633
vn 0.1595 0.9870 -0.0206
vn 0.3277 0.9440 -0.0381
vn 0.1321 0.9892 0.0633
vn 0.1809 0.9595 -0.2159
vn 0.3277 0.9440 -0.0381
vn 0.1595 0.9870 -0.0206
vn 0.5655 0.8135 -0.1358
vn 0.3277 0.9440 -0.0381
vn 0.1809 0.9595 -0.2159
vn 0.3491 0.7695 -0.5348
vn 0.5655 0.8135 -0.1358
vn 0.1809 0.9595 -0.2159
vn 0.0401 0.9157 -0.3998
vn 0.3491 0.7695 -0.5348
vn 0.1809 0.9595 -0.2159
vn 0.0830 0.6849 -0.7239
vn 0.3491 0.7695 -0.5348
vn 0.0401 0.9157 -0.3998
vn -0.1787 0.9229 -0.3410
vn 0.0830 0.6849 -0.7239
vn 0.0401 0.9157 -0.3998
vn -0.3237 0.6444 -0.6928
vn 0.0830 0.6849 -0.7239
vn -0.1787 0.9229 -0.3410
vn -0.5116 0.8500 -0.1259
vn -0.3237 0.6444 -0.6928
vn -0.1787 0.9229 -0.3410
vn -0.7978 0.5615 -0.2197
vn -0.3237 0.6444 -0.6928
vn -0.5116 0.8500 -0.1259
vn -0.7158 0.6259 0.3097
vn -0.7978 0.5615 -0.2197
vn -0.5116 0.8500 -0.1259
vn -0.4116 0.8984 0.1534
vn -0.7158 0.6259 0.3097
vn -0.5116 0.8500 -0.1259
vn -0.4098 0.6875 0.5995
vn -0.7158 0.6259 0.3097
vn -0.4116 0.8984 0.1534
vn -0.1868 0.9323 0.3098
vn -0.4098 0.6875 0.5995
vn -0.4116 0.8984 0.1534
vn -0.0968 0.7049 0.7027
vn -0.4098 0.6875 0.5995
vn -0.1868 0.9323 0.3098
vn -0.0382 0.9324 0.3593
vn -0.0968 0.7049 0.7027
vn -0.1868 0.9323 0.3098
vn 0.2100 0.7180 0.6636
vn -0.0968 0.7049 0.7027
vn -0.0382 0.9324 0.3593
vn 0.0968 0.9514 0.2922
vn 0.2100 0.7180 0.6636
vn -0.0382 0.9324 0.3593
vn 0.5389 0.7834 0.3098
vn 0.2100 0.7180 0.6636
vn 0.0968 0.9514 0.2922
vn 0.2608 0.9543 0.1457
vn 0.5389 0.7834 0.3098
vn 0.0968 0.9514 0.2922
vn 0.3277 0.9440 -0.0381
vn 0.5389 0.7834 0.3098
vn 0.2608 0.9543 0.1457
vn 0.5655 0.8135 -0.1358
vn 0.5389 0.7834 0.3098
vn 0.3277 0.9440 -0.0381
vn 0.5655 0.8135 -0.1358
vn 0.3961 0.8910 0.2220
vn 0.5389 0.7834 0.3098
vn 0.3961 0.8910 0.2220
vn 0.2100 0.7180 0.6636
vn 0.5389 0.7834 0.3098
vn 0.3961 0.8910 0.2220
vn 0.1124 0.8399 0.5310
vn 0.2100 0.7180 0.6636
vn 0.1124 0.8399 0.5310
vn -0.0968 0.7049 0.7027
vn 0.2100 0.7180 0.6636
vn 0.1124 0.8399 0.5310
vn -0.0928 0.8154 0.5715
vn -0.0968 0.7049 0.7027
vn -0.0928 0.8154 0.5715
vn -0.4098 0.6875 0.5995
vn -0.0968 0.7049 0.7027
vn -0.0928 0.8154 0.5715
vn -0.3840 0.7865 0.4837
vn -0.4098 0.6875 0.5995
vn -0.3840 0.7865 0.4837
vn -0.7158 0.6259 0.3097
vn -0.4098 0.6875 0.5995
vn -0.3840 0.7865 0.4837
vn -0.6039 0.7703 0.2045
vn -0.7158 0.6259 0.3097
vn -0.6039 0.7703 0.2045
vn -0.7978 0.5615 -0.2197
vn -0.7158 0.6259 0.3097
vn -0.6102 0.7801 -0.1381
vn -0.7978 0.5615 -0.2197
vn -0.6039 0.7703 0.2045
vn -0.6102 0.7801 -0.1381
vn -0.2705 0.8390 -0.4722
vn -0.7978 0.5615 -0.2197
vn -0.2705 0.8390 -0.4722
vn -0.3237 0.6444 -0.6928
vn -0.7978 0.5615 -0.2197
vn -0.2705 0.8390 -0.4722
vn 0.0479 0.8769 -0.4784
vn -0.3237 0.6444 -0.6928
vn 0.0479 0.8769 -0.4784
vn 0.0830 0.6849 -0.7239
vn -0.3237 0.6444 -0.6928
vn 0.0479 0.8769 -0.4784
vn 0.2062 0.8982 -0.3883
vn 0.0830 0.6849 -0.7239
vn 0.2062 0.8982 -0.3883
vn 0.3491 0.7695 -0.5348
vn 0.0830 0.6849 -0.7239
vn 0.2062 0.8982 -0.3883
vn 0.3508 0.9254 -0.1434
vn 0.3491 0.7695 -0.5348
vn 0.3508 0.9254 -0.1434
vn 0.5655 0.8135 -0.1358
vn 0.3491 0.7695 -0.5348
vn 0.3508 0.9254 -0.1434
vn 0.3961 0.8910 0.2220
vn 0.5655 0.8135 -0.1358
vn -0.0127 0.9980 0.0618
vn 0.3961 0.8910 0.2220
vn 0.3508 0.9254 -0.1434
vn 0.2062 0.8982 -0.3883
vn -0.0127 0.9980 0.0618
vn 0.3508 0.9254 -0.1434
vn 0.0479 0.8769 -0.4784
vn -0.0127 0.9980 0.0618
vn 0.2062 0.8982 -0.3883
vn -0.2705 0.8390 -0.4722
vn -0.0127 0.9980 0.0618
vn 0.0479 0.8769 -0.4784
vn -0.6102 0.7801 -0.1381
vn -0.0127 0.9980 0.0618
vn -0.2705 0.8390 -0.4722
vn -0.6039 0.7703 0.2045
vn -0.0127 0.9980 0.0618
vn -0.6102 0.7801 -0.1381
vn -0.3840 0.7865 0.4837
vn -0.0127 0.9980 0.0618
vn -0.6039 0.7703 0.2045
vn -0.0928 0.8154 0.5715
vn -0.0127 0.9980 0.0618
vn -0.3840 0.7865 0.4837
vn 0.1124 0.8399 0.5310
vn -0.0127 0.9980 0.0618
vn -0.0928 0.8154 0.5715
vn 0.1124 0.8399 0.5310
vn 0.3961 0.8910 0.2220
vn -0.0127 0.9980 0.0618
vn 0.2396 0.9596 0.1476
vn 0.0440 0.9869 0.1553
vn 0.1086 0.9911 0.0771
vn 0.1534 0.9881 -0.0088
vn 0.2396 0.9596 0.1476
vn 0.1086 0.9911 0.0771
vn 0.4000 0.9163 -0.0187
vn 0.2396 0.9596 0.1476
vn 0.1534 0.9881 -0.0088
vn 0.1418 0.9811 -0.1320
vn 0.4000 0.9163 -0.0187
vn 0.1534 0.9881 -0.0088
vn 0.3097 0.9232 -0.2277
vn 0.4000 0.9163 -0.0187
vn 0.1418 0.9811 -0.1320
vn 0.0323 0.9669 -0.2533
vn 0.3097 0.9232 -0.2277
vn 0.1418 0.9811 -0.1320
vn 0.0479 0.8498 -0.5249
vn 0.3097 0.9232 -0.2277
vn 0.0323 0.9669 -0.2533
vn -0.2140 0.8981 -0.3841
vn 0.0479 0.8498 -0.5249
vn 0.0323 0.9669 -0.2533
vn -0.0969 0.9794 -0.1770
vn -0.2140 0.8981 -0.3841
vn 0.0323 0.9669 -0.2533
vn -0.1456 0.9855 -0.0870
vn -0.2140 0.8981 -0.3841
vn -0.0969 0.9794 -0.1770
vn -0.3336 0.9323 -0.1396
vn -0.2140 0.8981 -0.3841
vn -0.1456 0.9855 -0.0870
vn -0.1689 0.9856 0.0069
vn -0.3336 0.9323 -0.1396
vn -0.1456 0.9855 -0.0870
vn -0.3611 0.9324 0.0145
vn -0.3336 0.9323 -0.1396
vn -0.1689 0.9856 0.0069
vn -0.2748 0.9516 0.1377
vn -0.3611 0.9324 0.0145
vn -0.1689 0.9856 0.0069
vn -0.1006 0.9916 0.0813
vn -0.2748 0.9516 0.1377
vn -0.1689 0.9856 0.0069
vn -0.1064 0.9541 0.2800
vn -0.2748 0.9516 0.1377
vn -0.1006 0.9916 0.0813
vn -0.0440 0.9892 0.1396
vn -0.1064 0.9541 0.2800
vn -0.1006 0.9916 0.0813
vn 0.0870 0.9435 0.3197
vn -0.1064 0.9541 0.2800
vn -0.0440 0.9892 0.1396
vn 0.0440 0.9869 0.1553
vn 0.0870 0.9435 0.3197
vn -0.0440 0.9892 0.1396
vn 0.2396 0.9596 0.1476
vn 0.0870 0.9435 0.3197
vn 0.0440 0.9869 0.1553
vn 0.2179 0.8139 0.5386
vn 0.0870 0.9435 0.3197
vn 0.2396 0.9596 0.1476
vn 0.5812 0.7687 0.2670
vn 0.2179 0.8139 0.5386
vn 0.2396 0.9596 0.1476
vn 0.4000 0.9163 -0.0187
vn 0.5812 0.7687 0.2670
vn 0.2396 0.9596 0.1476
vn 0.7281 0.6851 -0.0244
vn 0.5812 0.7687 0.2670
vn 0.4000 0.9163 -0.0187
vn 0.3097 0.9232 -0.2277
vn 0.7281 0.6851 -0.0244
vn 0.4000 0.9163 -0.0187
vn 0.6373 0.6451 -0.4216
vn 0.7281 0.6851 -0.0244
vn 0.3097 0.9232 -0.2277
vn 0.0479 0.8498 -0.5249
vn 0.6373 0.6451 -0.4216
vn 0.3097 0.9232 -0.2277
vn 0.1006 0.5615 -0.8213
vn 0.6373 0.6451 -0.4216
vn 0.0479 0.8498 -0.5249
vn -0.4115 0.6266 -0.6618
vn 0.1006 0.5615 -0.8213
vn 0.0479 0.8498 -0.5249
vn -0.2140 0.8981 -0.3841
vn -0.4115 0.6266 -0.6618
vn 0.0479 0.8498 -0.5249
vn -0.6541 0.6873 -0.3159
vn -0.4115 0.6266 -0.6618
vn -0.2140 0.8981 -0.3841
vn -0.3336 0.9323 -0.1396
vn -0.6541 0.6873 -0.3159
vn -0.2140 0.8981 -0.3841
vn -0.7090 0.7051 0.0069
vn -0.6541 0.6873 -0.3159
vn -0.3336 0.9323 -0.1396
vn -0.3611 0.9324 0.0145
vn -0.7090 0.7051 0.0069
vn -0.3336 0.9323 -0.1396
vn -0.6246 0.7185 0.3059
vn -0.7090 0.7051 0.0069
vn -0.3611 0.9324 0.0145
vn -0.2748 0.9516 0.1377
vn -0.6246 0.7185 0.3059
vn -0.3611 0.9324 0.0145
vn -0.2276 0.7826 0.5795
vn -0.6246 0.7185 0.3059
vn -0.2748 0.9516 0.1377
vn -0.1064 0.9541 0.2800
vn -0.2276 0.7826 0.5795
vn -0.2748 0.9516 0.1377
vn 0.0870 0.9435 0.3197
vn -0.2276 0.7826 0.5795
vn -0.1064 0.9541 0.2800
vn 0.2179 0.8139 0.5386
vn -0.2276 0.7826 0.5795
vn 0.0870 0.9435 0.3197
vn 0.2179 0.8139 0.5386
vn -0.1614 0.8912 0.4238
vn -0.2276 0.7826 0.5795
vn -0.1614 0.8912 0.4238
vn -0.6246 0.7185 0.3059
vn -0.2276 0.7826 0.5795
vn -0.1614 0.8912 0.4238
vn -0.5093 0.8396 0.1888
vn -0.6246 0.7185 0.3059
vn -0.5093 0.8396 0.1888
vn -0.7090 0.7051 0.0069
vn -0.6246 0.7185 0.3059
vn -0.5093 0.8396 0.1888
vn -0.5790 0.8153 -0.0069
vn -0.7090 0.7051 0.0069
vn -0.5790 0.8153 -0.0069
vn -0.6541 0.6873 -0.3159
vn -0.7090 0.7051 0.0069
vn -0.5790 0.8153 -0.0069
vn -0.5347 0.7870 -0.3078
vn -0.6541 0.6873 -0.3159
vn -0.5347 0.7870 -0.3078
vn -0.4115 0.6266 -0.6618
vn -0.6541 0.6873 -0.3159
vn -0.5347 0.7870 -0.3078
vn -0.2923 0.7694 -0.5680
vn -0.4115 0.6266 -0.6618
vn -0.2923 0.7694 -0.5680
vn 0.1006 0.5615 -0.8213
vn -0.4115 0.6266 -0.6618
vn 0.0459 0.7803 -0.6237
vn 0.1006 0.5615 -0.8213
vn -0.2923 0.7694 -0.5680
vn 0.0459 0.7803 -0.6237
vn 0.4269 0.8392 -0.3369
vn 0.1006 0.5615 -0.8213
vn 0.4269 0.8392 -0.3369
vn 0.6373 0.6451 -0.4216
vn 0.1006 0.5615 -0.8213
vn 0.4269 0.8392 -0.3369
vn 0.4800 0.8770 -0.0225
vn 0.6373 0.6451 -0.4216
vn 0.4800 0.8770 -0.0225
vn 0.7281 0.6851 -0.0244
vn 0.6373 0.6451 -0.4216
vn 0.4800 0.8770 -0.0225
vn 0.4153 0.8980 0.1457
vn 0.7281 0.6851 -0.0244
vn 0.4153 0.8980 0.1457
vn 0.5812 0.7687 0.2670
vn 0.7281 0.6851 -0.0244
vn 0.4153 0.8980 0.1457
vn 0.1945 0.9254 0.3254
vn 0.5812 0.7687 0.2670
vn 0.1945 0.9254 0.3254
vn 0.2179 0.8139 0.5386
vn 0.5812 0.7687 0.2670
vn 0.1945 0.9254 0.3254
vn -0.1614 0.8912 0.4238
vn 0.2179 0.8139 0.5386
vn -0.0635 0.9980 -0.0050
vn -0.1614 0.8912 0.4238
vn 0.1945 0.9254 0.3254
vn 0.4153 0.8980 0.1457
vn -0.0635 0.9980 -0.0050
vn 0.1945 0.9254 0.3254
vn 0.4800 0.8770 -0.0225
vn -0.0635 0.9980 -0.0050
vn 0.4153 0.8980 0.1457
vn 0.4269 0.8392 -0.3369
vn -0.0635 0.9980 -0.0050
vn 0.4800 0.8770 -0.0225
vn 0.0459 0.7803 -0.6237
vn -0.0635 0.9980 -0.0050
vn 0.4269 0.8392 -0.3369
vn -0.2923 0.7694 -0.5680
vn -0.0635 0.9980 -0.0050
vn 0.0459 0.7803 -0.6237
vn -0.5347 0.7870 -0.3078
vn -0.0635 0.9980 -0.0050
vn -0.2923 0.7694 -0.5680
vn -0.5790 0.8153 -0.0069
vn -0.0635 0.9980 -0.0050
vn -0.5347 0.7870 -0.3078
vn -0.5093 0.8396 0.1888
vn -0.0635 0.9980 -0.0050
vn -0.5790 0.8153 -0.0069
vn -0.5093 0.8396 0.1888
vn -0.1614 0.8912 0.4238
vn -0.0635 0.9980 -0.0050
vn 0.1809 0.9595 -0.2159
vn 0.1594 0.9870 -0.0206
vn 0.0929 0.9911 -0.0950
vn 0.0147 0.9881 -0.1534
vn 0.1809 0.9595 -0.2159
vn 0.0929 0.9911 -0.0950
vn 0.0401 0.9157 -0.3998
vn 0.1809 0.9595 -0.2159
vn 0.0147 0.9881 -0.1534
vn -0.1086 0.9812 -0.1595
vn 0.0401 0.9157 -0.3998
vn 0.0147 0.9881 -0.1534
vn -0.1787 0.9230 -0.3407
vn 0.0401 0.9157 -0.3998
vn -0.1086 0.9812 -0.1595
vn -0.2454 0.9669 -0.0694
vn -0.1787 0.9230 -0.3407
vn -0.1086 0.9812 -0.1595
vn -0.5115 0.8499 -0.1263
vn -0.1787 0.9230 -0.3407
vn -0.2454 0.9669 -0.0694
vn -0.4116 0.8984 0.1534
vn -0.5115 0.8499 -0.1263
vn -0.2454 0.9669 -0.0694
vn -0.1907 0.9792 0.0694
vn -0.4116 0.8984 0.1534
vn -0.2454 0.9669 -0.0694
vn -0.1065 0.9855 0.1320
vn -0.4116 0.8984 0.1534
vn -0.1907 0.9792 0.0694
vn -0.1868 0.9322 0.3101
vn -0.4116 0.8984 0.1534
vn -0.1065 0.9855 0.1320
vn -0.0186 0.9854 0.1690
vn -0.1868 0.9322 0.3101
vn -0.1065 0.9855 0.1320
vn -0.0382 0.9326 0.3590
vn -0.1868 0.9322 0.3101
vn -0.0186 0.9854 0.1690
vn 0.0968 0.9514 0.2922
vn -0.0382 0.9326 0.3590
vn -0.0186 0.9854 0.1690
vn 0.0654 0.9915 0.1125
vn 0.0968 0.9514 0.2922
vn -0.0186 0.9854 0.1690
vn 0.2608 0.9543 0.1457
vn 0.0968 0.9514 0.2922
vn 0.0654 0.9915 0.1125
vn 0.1321 0.9892 0.0637
vn 0.2608 0.9543 0.1457
vn 0.0654 0.9915 0.1125
vn 0.3277 0.9440 -0.0381
vn 0.2608 0.9543 0.1457
vn 0.1321 0.9892 0.0637
vn 0.1594 0.9870 -0.0206
vn 0.3277 0.9440 -0.0381
vn 0.1321 0.9892 0.0637
vn 0.1809 0.9595 -0.2159
vn 0.3277 0.9440 -0.0381
vn 0.1594 0.9870 -0.0206
vn 0.5655 0.8135 -0.1358
vn 0.3277 0.9440 -0.0381
vn 0.1809 0.9595 -0.2159
vn 0.3491 0.7695 -0.5348
vn 0.5655 0.8135 -0.1358
vn 0.1809 0.9595 -0.2159
vn 0.0401 0.9157 -0.3998
vn 0.3491 0.7695 -0.5348
vn 0.1809 0.9595 -0.2159
vn 0.0830 0.6848 -0.7240
vn 0.3491 0.7695 -0.5348
vn 0.0401 0.9157 -0.3998
vn -0.1787 0.9230 -0.3407
vn 0.0830 0.6848 -0.7240
vn 0.0401 0.9157 -0.3998
vn -0.3235 0.6441 -0.6931
vn 0.0830 0.6848 -0.7240
vn -0.1787 0.9230 -0.3407
vn -0.5115 0.8499 -0.1263
vn -0.3235 0.6441 -0.6931
vn -0.1787 0.9230 -0.3407
vn -0.7978 0.5615 -0.2197
vn -0.3235 0.6441 -0.6931
vn -0.5115 0.8499 -0.1263
vn -0.7158 0.6260 0.3094
vn -0.7978 0.5615 -0.2197
vn -0.5115 0.8499 -0.1263
vn -0.4116 0.8984 0.1534
vn -0.7158 0.6260 0.3094
vn -0.5115 0.8499 -0.1263
vn -0.4097 0.6874 0.5996
vn -0.7158 0.6260 0.3094
vn -0.4116 0.8984 0.1534
vn -0.1868 0.9322 0.3101
vn -0.4097 0.6874 0.5996
vn -0.4116 0.8984 0.1534
vn -0.0968 0.7049 0.7027
vn -0.4097 0.6874 0.5996
vn -0.1868 0.9322 0.3101
vn -0.0382 0.9326 0.3590
vn -0.0968 0.7049 0.7027
vn -0.1868 0.9322 0.3101
vn 0.2101 0.7182 0.6634
vn -0.0968 0.7049 0.7027
vn -0.0382 0.9326 0.3590
vn 0.0968 0.9514 0.2922
vn 0.2101 0.7182 0.6634
vn -0.0382 0.9326 0.3590
vn 0.5389 0.7834 0.3098
vn 0.2101 0.7182 0.6634
vn 0.0968 0.9514 0.2922
vn 0.2608 0.9543 0.1457
vn 0.5389 0.7834 0.3098
vn 0.0968 0.9514 0.2922
vn 0.3277 0.9440 -0.0381
vn 0.5389 0.7834 0.3098
vn 0.2608 0.9543 0.1457
vn 0.5655 0.8135 -0.1358
vn 0.5389 0.7834 0.3098
vn 0.3277 0.9440 -0.0381
vn 0.5655 0.8135 -0.1358
vn 0.3961 0.8910 0.2220
vn 0.5389 0.7834 0.3098
vn 0.3961 0.8910 0.2220
vn 0.2101 0.7182 0.6634
vn 0.5389 0.7834 0.3098
vn 0.3961 0.8910 0.2220
vn 0.1125 0.8399 0.5310
vn 0.2101 0.7182 0.6634
vn 0.1125 0.8399 0.5310
vn -0.0968 0.7049 0.7027
vn 0.2101 0.7182 0.6634
vn 0.1125 0.8399 0.5310
vn -0.0928 0.8154 0.5714
vn -0.0968 0.7049 0.7027
vn -0.0928 0.8154 0.5714
vn -0.4097 0.6874 0.5996
vn -0.0968 0.7049 0.7027
vn -0.0928 0.8154 0.5714
vn -0.3840 0.7865 0.4837
vn -0.4097 0.6874 0.5996
vn -0.3840 0.7865 0.4837
vn -0.7158 0.6260 0.3094
vn -0.4097 0.6874 0.5996
vn -0.3840 0.7865 0.4837
vn -0.6039 0.7703 0.2048
vn -0.7158 0.6260 0.3094
vn -0.6039 0.7703 0.2048
vn -0.7978 0.5615 -0.2197
vn -0.7158 0.6260 0.3094
vn -0.6103 0.7801 -0.1377
vn -0.7978 0.5615 -0.2197
vn -0.6039 0.7703 0.2048
vn -0.6103 0.7801 -0.1377
vn -0.2706 0.8391 -0.4719
vn -0.7978 0.5615 -0.2197
vn -0.2706 0.8391 -0.4719
vn -0.3235 0.6441 -0.6931
vn -0.7978 0.5615 -0.2197
vn -0.2706 0.8391 -0.4719
vn 0.0479 0.8771 -0.4780
vn -0.3235 0.6441 -0.6931
vn 0.0479 0.8771 -0.4780
vn 0.0830 0.6848 -0.7240
vn -0.3235 0.6441 -0.6931
vn 0.0479 0.8771 -0.4780
vn 0.2062 0.8983 -0.3880
vn 0.0830 0.6848 -0.7240
vn 0.2062 0.8983 -0.3880
vn 0.3491 0.7695 -0.5348
vn 0.0830 0.6848 -0.7240
vn 0.2062 0.8983 -0.3880
vn 0.3508 0.9253 -0.1438
vn 0.3491 0.7695 -0.5348
vn 0.3508 0.9253 -0.1438
vn 0.5655 0.8135 -0.1358
vn 0.3491 0.7695 -0.5348
vn 0.3508 0.9253 -0.1438
vn 0.3961 0.8910 0.2220
vn 0.5655 0.8135 -0.1358
vn -0.0127 0.9980 0.0614
vn 0.3961 0.8910 0.2220
vn 0.3508 0.9253 -0.1438
vn 0.2062 0.8983 -0.3880
vn -0.0127 0.9980 0.0614
vn 0.3508 0.9253 -0.1438
vn 0.0479 0.8771 -0.4780
vn -0.0127 0.9980 0.0614
vn 0.2062 0.8983 -0.3880
vn -0.2706 0.8391 -0.4719
vn -0.0127 0.9980 0.0614
vn 0.0479 0.8771 -0.4780
vn -0.6103 0.7801 -0.1377
vn -0.0127 0.9980 0.0614
vn -0.2706 0.8391 -0.4719
vn -0.6039 0.7703 0.2048
vn -0.0127 0.9980 0.0614
vn -0.6103 0.7801 -0.1377
vn -0.3840 0.7865 0.4837
vn -0.0127 0.9980 0.0614
vn -0.6039 0.7703 0.2048
vn -0.0928 0.8154 0.5714
vn -0.0127 0.9980 0.0614
vn -0.3840 0.7865 0.4837
vn 0.1125 0.8399 0.5310
vn -0.0127 0.9980 0.0614
vn -0.0928 0.8154 0.5714
vn 0.1125 0.8399 0.5310
vn 0.3961 0.8910 0.2220
vn -0.0127 0.9980 0.0614
vn 0.2435 0.9592 -0.1436
vn 0.1575 0.9870 0.0322
vn 0.1184 0.9912 -0.0597
vn 0.0635 0.9881 -0.1398
vn 0.2435 0.9592 -0.1436
vn 0.1184 0.9912 -0.0597
vn 0.1711 0.9161 -0.3626
vn 0.2435 0.9592 -0.1436
vn 0.0635 0.9881 -0.1398
vn -0.0499 0.9811 -0.1869
vn 0.1711 0.9161 -0.3626
vn 0.0635 0.9881 -0.1398
vn -0.0557 0.9233 -0.3801
vn 0.1711 0.9161 -0.3626
vn -0.0499 0.9811 -0.1869
vn -0.2082 0.9669 -0.1476
vn -0.0557 0.9233 -0.3801
vn -0.0499 0.9811 -0.1869
vn -0.4410 0.8498 -0.2886
vn -0.0557 0.9233 -0.3801
vn -0.2082 0.9669 -0.1476
vn -0.4390 0.8985 0.0088
vn -0.4410 0.8498 -0.2886
vn -0.2082 0.9669 -0.1476
vn -0.2025 0.9793 0.0029
vn -0.4390 0.8985 0.0088
vn -0.2082 0.9669 -0.1476
vn -0.1436 0.9856 0.0889
vn -0.4390 0.8985 0.0088
vn -0.2025 0.9793 0.0029
vn -0.2789 0.9324 0.2298
vn -0.4390 0.8985 0.0088
vn -0.1436 0.9856 0.0889
vn -0.0732 0.9855 0.1534
vn -0.2789 0.9324 0.2298
vn -0.1436 0.9856 0.0889
vn -0.1555 0.9319 0.3277
vn -0.2789 0.9324 0.2298
vn -0.0732 0.9855 0.1534
vn -0.0068 0.9514 0.3079
vn -0.1555 0.9319 0.3277
vn -0.0732 0.9855 0.1534
vn 0.0244 0.9915 0.1280
vn -0.0068 0.9514 0.3079
vn -0.0732 0.9855 0.1534
vn 0.1983 0.9543 0.2237
vn -0.0068 0.9514 0.3079
vn 0.0244 0.9915 0.1280
vn 0.1027 0.9892 0.1047
vn 0.1983 0.9543 0.2237
vn 0.0244 0.9915 0.1280
vn 0.3218 0.9440 0.0732
vn 0.1983 0.9543 0.2237
vn 0.1027 0.9892 0.1047
vn 0.1575 0.9870 0.0322
vn 0.3218 0.9440 0.0732
vn 0.1027 0.9892 0.1047
vn 0.2435 0.9592 -0.1436
vn 0.3218 0.9440 0.0732
vn 0.1575 0.9870 0.0322
vn 0.5776 0.8141 0.0597
vn 0.3218 0.9440 0.0732
vn 0.2435 0.9592 -0.1436
vn 0.5074 0.7694 -0.3882
vn 0.5776 0.8141 0.0597
vn 0.2435 0.9592 -0.1436
vn 0.1711 0.9161 -0.3626
vn 0.5074 0.7694 -0.3882
vn 0.2435 0.9592 -0.1436
vn 0.3176 0.6850 -0.6557
vn 0.5074 0.7694 -0.3882
vn 0.1711 0.9161 -0.3626
vn -0.0557 0.9233 -0.3801
vn 0.3176 0.6850 -0.6557
vn 0.1711 0.9161 -0.3626
vn -0.0754 0.6450 -0.7605
vn 0.3176 0.6850 -0.6557
vn -0.0557 0.9233 -0.3801
vn -0.4410 0.8498 -0.2886
vn -0.0754 0.6450 -0.7605
vn -0.0557 0.9233 -0.3801
vn -0.6792 0.5620 -0.4721
vn -0.0754 0.6450 -0.7605
vn -0.4410 0.8498 -0.2886
vn -0.7773 0.6268 0.0538
vn -0.6792 0.5620 -0.4721
vn -0.4410 0.8498 -0.2886
vn -0.4390 0.8985 0.0088
vn -0.7773 0.6268 0.0538
vn -0.4410 0.8498 -0.2886
vn -0.5857 0.6874 0.4293
vn -0.7773 0.6268 0.0538
vn -0.4390 0.8985 0.0088
vn -0.2789 0.9324 0.2298
vn -0.5857 0.6874 0.4293
vn -0.4390 0.8985 0.0088
vn -0.3255 0.7047 0.6304
vn -0.5857 0.6874 0.4293
vn -0.2789 0.9324 0.2298
vn -0.1555 0.9319 0.3277
vn -0.3255 0.7047 0.6304
vn -0.2789 0.9324 0.2298
vn -0.0225 0.7186 0.6951
vn -0.3255 0.7047 0.6304
vn -0.1555 0.9319 0.3277
vn -0.0068 0.9514 0.3079
vn -0.0225 0.7186 0.6951
vn -0.1555 0.9319 0.3277
vn 0.4056 0.7828 0.4719
vn -0.0225 0.7186 0.6951
vn -0.0068 0.9514 0.3079
vn 0.1983 0.9543 0.2237
vn 0.4056 0.7828 0.4719
vn -0.0068 0.9514 0.3079
vn 0.3218 0.9440 0.0732
vn 0.4056 0.7828 0.4719
vn 0.1983 0.9543 0.2237
vn 0.5776 0.8141 0.0597
vn 0.4056 0.7828 0.4719
vn 0.3218 0.9440 0.0732
vn 0.5776 0.8141 0.0597
vn 0.3002 0.8908 0.3412
vn 0.4056 0.7828 0.4719
vn 0.3002 0.8908 0.3412
vn -0.0225 0.7186 0.6951
vn 0.4056 0.7828 0.4719
vn 0.3002 0.8908 0.3412
vn -0.0713 0.8395 0.5386
vn -0.0225 0.7186 0.6951
vn -0.0713 0.8395 0.5386
vn -0.3255 0.7047 0.6304
vn -0.0225 0.7186 0.6951
vn -0.0713 0.8395 0.5386
vn -0.2766 0.8161 0.5073
vn -0.3255 0.7047 0.6304
vn -0.2766 0.8161 0.5073
vn -0.5857 0.6874 0.4293
vn -0.3255 0.7047 0.6304
vn -0.2766 0.8161 0.5073
vn -0.5230 0.7869 0.3275
vn -0.5857 0.6874 0.4293
vn -0.5230 0.7869 0.3275
vn -0.7773 0.6268 0.0538
vn -0.5857 0.6874 0.4293
vn -0.5230 0.7869 0.3275
vn -0.6385 0.7696 -0.0069
vn -0.7773 0.6268 0.0538
vn -0.6385 0.7696 -0.0069
vn -0.6792 0.5620 -0.4721
vn -0.7773 0.6268 0.0538
vn -0.5304 0.7804 -0.3311
vn -0.6792 0.5620 -0.4721
vn -0.6385 0.7696 -0.0069
vn -0.5304 0.7804 -0.3311
vn -0.0967 0.8395 -0.5346
vn -0.6792 0.5620 -0.4721
vn -0.0967 0.8395 -0.5346
vn -0.0754 0.6450 -0.7605
vn -0.6792 0.5620 -0.4721
vn -0.0967 0.8395 -0.5346
vn 0.2043 0.8769 -0.4351
vn -0.0754 0.6450 -0.7605
vn 0.2043 0.8769 -0.4351
vn 0.3176 0.6850 -0.6557
vn -0.0754 0.6450 -0.7605
vn 0.2043 0.8769 -0.4351
vn 0.3235 0.8981 -0.2981
vn 0.3176 0.6850 -0.6557
vn 0.3235 0.8981 -0.2981
vn 0.5074 0.7694 -0.3882
vn 0.3176 0.6850 -0.6557
vn 0.3235 0.8981 -0.2981
vn 0.3799 0.9248 -0.0185
vn 0.5074 0.7694 -0.3882
vn 0.3799 0.9248 -0.0185
vn 0.5776 0.8141 0.0597
vn 0.5074 0.7694 -0.3882
vn 0.3799 0.9248 -0.0185
vn 0.3002 0.8908 0.3412
vn 0.5776 0.8141 0.0597
vn -0.0323 0.9980 0.0538
vn 0.3002 0.8908 0.3412
vn 0.3799 0.9248 -0.0185
vn 0.3235 0.8981 -0.2981
vn -0.0323 0.9980 0.0538
vn 0.3799 0.9248 -0.0185
vn 0.2043 0.8769 -0.4351
vn -0.0323 0.9980 0.0538
vn 0.3235 0.8981 -0.2981
vn -0.0967 0.8395 -0.5346
vn -0.0323 0.9980 0.0538
vn 0.2043 0.8769 -0.4351
vn -0.5304 0.7804 -0.3311
vn -0.0323 0.9980 0.0538
vn -0.0967 0.8395 -0.5346
vn -0.6385 0.7696 -0.0069
vn -0.0323 0.9980 0.0538
vn -0.5304 0.7804 -0.3311
vn -0.5230 0.7869 0.3275
vn -0.0323 0.9980 0.0538
vn -0.6385 0.7696 -0.0069
vn -0.2766 0.8161 0.5073
vn -0.0323 0.9980 0.0538
vn -0.5230 0.7869 0.3275
vn -0.0713 0.8395 0.5386
vn -0.0323 0.9980 0.0538
vn -0.2766 0.8161 0.5073
vn -0.0713 0.8395 0.5386
vn 0.3002 0.8908 0.3412
vn -0.0323 0.9980 0.0538
vn 0.0617 0.9595 0.2748
vn -0.0793 0.9870 0.1399
vn 0.0206 0.9910 0.1321
vn 0.1124 0.9881 0.1046
vn 0.0617 0.9595 0.2748
vn 0.0206 0.9910 0.1321
vn 0.2943 0.9160 0.2728
vn 0.0617 0.9595 0.2748
vn 0.1124 0.9881 0.1046
vn 0.1927 0.9812 0.0088
vn 0.2943 0.9160 0.2728
vn 0.1124 0.9881 0.1046
vn 0.3799 0.9229 0.0634
vn 0.2943 0.9160 0.2728
vn 0.1927 0.9812 0.0088
vn 0.2043 0.9668 -0.1534
vn 0.3799 0.9229 0.0634
vn 0.1927 0.9812 0.0088
vn 0.4081 0.8505 -0.3318
vn 0.3799 0.9229 0.0634
vn 0.2043 0.9668 -0.1534
vn 0.1261 0.8981 -0.4212
vn 0.4081 0.8505 -0.3318
vn 0.2043 0.9668 -0.1534
vn 0.0597 0.9791 -0.1946
vn 0.1261 0.8981 -0.4212
vn 0.2043 0.9668 -0.1534
vn -0.0400 0.9855 -0.1650
vn 0.1261 0.8981 -0.4212
vn 0.0597 0.9791 -0.1946
vn -0.1340 0.9318 -0.3373
vn 0.1261 0.8981 -0.4212
vn -0.0400 0.9855 -0.1650
vn -0.1221 0.9857 -0.1163
vn -0.1340 0.9318 -0.3373
vn -0.0400 0.9855 -0.1650
vn -0.2632 0.9325 -0.2475
vn -0.1340 0.9318 -0.3373
vn -0.1221 0.9857 -0.1163
vn -0.2923 0.9512 -0.0987
vn -0.2632 0.9325 -0.2475
vn -0.1221 0.9857 -0.1163
vn -0.1280 0.9916 -0.0166
vn -0.2923 0.9512 -0.0987
vn -0.1221 0.9857 -0.1163
vn -0.2744 0.9541 0.1202
vn -0.2923 0.9512 -0.0987
vn -0.1280 0.9916 -0.0166
vn -0.1302 0.9892 0.0675
vn -0.2744 0.9541 0.1202
vn -0.1280 0.9916 -0.0166
vn -0.1672 0.9439 0.2847
vn -0.2744 0.9541 0.1202
vn -0.1302 0.9892 0.0675
vn -0.0793 0.9870 0.1399
vn -0.1672 0.9439 0.2847
vn -0.1302 0.9892 0.0675
vn 0.0617 0.9595 0.2748
vn -0.1672 0.9439 0.2847
vn -0.0793 0.9870 0.1399
vn -0.2335 0.8137 0.5323
vn -0.1672 0.9439 0.2847
vn 0.0617 0.9595 0.2748
vn 0.2160 0.7693 0.6012
vn -0.2335 0.8137 0.5323
vn 0.0617 0.9595 0.2748
vn 0.2943 0.9160 0.2728
vn 0.2160 0.7693 0.6012
vn 0.0617 0.9595 0.2748
vn 0.5267 0.6850 0.5033
vn 0.2160 0.7693 0.6012
vn 0.2943 0.9160 0.2728
vn 0.3799 0.9229 0.0634
vn 0.5267 0.6850 0.5033
vn 0.2943 0.9160 0.2728
vn 0.7480 0.6443 0.1594
vn 0.5267 0.6850 0.5033
vn 0.3799 0.9229 0.0634
vn 0.4081 0.8505 -0.3318
vn 0.7480 0.6443 0.1594
vn 0.3799 0.9229 0.0634
vn 0.6560 0.5622 -0.5035
vn 0.7480 0.6443 0.1594
vn 0.4081 0.8505 -0.3318
vn 0.1847 0.6264 -0.7573
vn 0.6560 0.5622 -0.5035
vn 0.4081 0.8505 -0.3318
vn 0.1261 0.8981 -0.4212
vn 0.1847 0.6264 -0.7573
vn 0.4081 0.8505 -0.3318
vn -0.2316 0.6869 -0.6888
vn 0.1847 0.6264 -0.7573
vn 0.1261 0.8981 -0.4212
vn -0.1340 0.9318 -0.3373
vn -0.2316 0.6869 -0.6888
vn 0.1261 0.8981 -0.4212
vn -0.5016 0.7049 -0.5015
vn -0.2316 0.6869 -0.6888
vn -0.1340 0.9318 -0.3373
vn -0.2632 0.9325 -0.2475
vn -0.5016 0.7049 -0.5015
vn -0.1340 0.9318 -0.3373
vn -0.6559 0.7184 -0.2316
vn -0.5016 0.7049 -0.5015
vn -0.2632 0.9325 -0.2475
vn -0.2923 0.9512 -0.0987
vn -0.6559 0.7184 -0.2316
vn -0.2632 0.9325 -0.2475
vn -0.5721 0.7832 0.2435
vn -0.6559 0.7184 -0.2316
vn -0.2923 0.9512 -0.0987
vn -0.2744 0.9541 0.1202
vn -0.5721 0.7832 0.2435
vn -0.2923 0.9512 -0.0987
vn -0.1672 0.9439 0.2847
vn -0.5721 0.7832 0.2435
vn -0.2744 0.9541 0.1202
vn -0.2335 0.8137 0.5323
vn -0.5721 0.7832 0.2435
vn -0.1672 0.9439 0.2847
vn -0.2335 0.8137 0.5323
vn -0.4158 0.8913 0.1810
vn -0.5721 0.7832 0.2435
vn -0.4158 0.8913 0.1810
vn -0.6559 0.7184 -0.2316
vn -0.5721 0.7832 0.2435
vn -0.4158 0.8913 0.1810
vn -0.4916 0.8395 -0.2316
vn -0.6559 0.7184 -0.2316
vn -0.4916 0.8395 -0.2316
vn -0.5016 0.7049 -0.5015
vn -0.6559 0.7184 -0.2316
vn -0.4916 0.8395 -0.2316
vn -0.3994 0.8155 -0.4189
vn -0.5016 0.7049 -0.5015
vn -0.3994 0.8155 -0.4189
vn -0.2316 0.6869 -0.6888
vn -0.5016 0.7049 -0.5015
vn -0.3994 0.8155 -0.4189
vn -0.1535 0.7871 -0.5975
vn -0.2316 0.6869 -0.6888
vn -0.1535 0.7871 -0.5975
vn 0.1847 0.6264 -0.7573
vn -0.2316 0.6869 -0.6888
vn -0.1535 0.7871 -0.5975
vn 0.2025 0.7697 -0.6054
vn 0.1847 0.6264 -0.7573
vn 0.2025 0.7697 -0.6054
vn 0.6560 0.5622 -0.5035
vn 0.1847 0.6264 -0.7573
vn 0.4776 0.7805 -0.4034
vn 0.6560 0.5622 -0.5035
vn 0.2025 0.7697 -0.6054
vn 0.4776 0.7805 -0.4034
vn 0.5386 0.8397 0.0694
vn 0.6560 0.5622 -0.5035
vn 0.5386 0.8397 0.0694
vn 0.7480 0.6443 0.1594
vn 0.6560 0.5622 -0.5035
vn 0.5386 0.8397 0.0694
vn 0.3511 0.8772 0.3276
vn 0.7480 0.6443 0.1594
vn 0.3511 0.8772 0.3276
vn 0.5267 0.6850 0.5033
vn 0.7480 0.6443 0.1594
vn 0.3511 0.8772 0.3276
vn 0.1867 0.8983 0.3979
vn 0.5267 0.6850 0.5033
vn 0.1867 0.8983 0.3979
vn 0.2160 0.7693 0.6012
vn 0.5267 0.6850 0.5033
vn 0.1867 0.8983 0.3979
vn -0.0967 0.9254 0.3665
vn 0.2160 0.7693 0.6012
vn -0.0967 0.9254 0.3665
vn -0.2335 0.8137 0.5323
vn 0.2160 0.7693 0.6012
vn -0.0967 0.9254 0.3665
vn -0.4158 0.8913 0.1810
vn -0.2335 0.8137 0.5323
vn -0.0401 0.9980 -0.0479
vn -0.4158 0.8913 0.1810
vn -0.0967 0.9254 0.3665
vn 0.1867 0.8983 0.3979
vn -0.0401 0.9980 -0.0479
vn -0.0967 0.9254 0.3665
vn 0.3511 0.8772 0.3276
vn -0.0401 0.9980 -0.0479
vn 0.1867 0.8983 0.3979
vn 0.5386 0.8397 0.0694
vn -0.0401 0.9980 -0.0479
vn 0.3511 0.8772 0.3276
vn 0.4776 0.7805 -0.4034
vn -0.0401 0.9980 -0.0479
vn 0.5386 0.8397 0.0694
vn 0.2025 0.7697 -0.6054
vn -0.0401 0.9980 -0.0479
vn 0.4776 0.7805 -0.4034
vn -0.1535 0.7871 -0.5975
vn -0.0401 0.9980 -0.0479
vn 0.2025 0.7697 -0.6054
vn -0.3994 0.8155 -0.4189
vn -0.0401 0.9980 -0.0479
vn -0.1535 0.7871 -0.5975
vn -0.4916 0.8395 -0.2316
vn -0.0401 0.9980 -0.0479
vn -0.3994 0.8155 -0.4189
vn -0.4916 0.8395 -0.2316
vn -0.4158 0.8913 0.1810
vn -0.0401 0.9980 -0.0479
vn 0.0068 0.9598 -0.2808
vn 0.1125 0.9868 -0.1164
vn 0.0127 0.9912 -0.1321
vn -0.0851 0.9881 -0.1281
vn 0.0068 0.9598 -0.2808
vn 0.0127 0.9912 -0.1321
vn -0.2180 0.9158 -0.3372
vn 0.0068 0.9598 -0.2808
vn -0.0851 0.9881 -0.1281
vn -0.1849 0.9812 -0.0558
vn -0.2180 0.9158 -0.3372
vn -0.0851 0.9881 -0.1281
vn -0.3526 0.9228 -0.1553
vn -0.2180 0.9158 -0.3372
vn -0.1849 0.9812 -0.0558
vn -0.2356 0.9668 0.0987
vn -0.3526 0.9228 -0.1553
vn -0.1849 0.9812 -0.0558
vn -0.4784 0.8501 0.2201
vn -0.3526 0.9228 -0.1553
vn -0.2356 0.9668 0.0987
vn -0.2256 0.8978 0.3781
vn -0.4784 0.8501 0.2201
vn -0.2356 0.9668 0.0987
vn -0.1047 0.9793 0.1732
vn -0.2256 0.8978 0.3781
vn -0.2356 0.9668 0.0987
vn -0.0010 0.9856 0.1690
vn -0.2256 0.8978 0.3781
vn -0.1047 0.9793 0.1732
vn 0.0460 0.9322 0.3590
vn -0.2256 0.8978 0.3781
vn -0.0010 0.9856 0.1690
vn 0.0908 0.9855 0.1436
vn 0.0460 0.9322 0.3590
vn -0.0010 0.9856 0.1690
vn 0.1947 0.9325 0.3043
vn 0.0460 0.9322 0.3590
vn 0.0908 0.9855 0.1436
vn 0.2572 0.9514 0.1692
vn 0.1947 0.9325 0.3043
vn 0.0908 0.9855 0.1436
vn 0.1202 0.9916 0.0479
vn 0.2572 0.9514 0.1692
vn 0.0908 0.9855 0.1436
vn 0.2941 0.9545 -0.0498
vn 0.2572 0.9514 0.1692
vn 0.1202 0.9916 0.0479
vn 0.1438 0.9891 -0.0323
vn 0.2941 0.9545 -0.0498
vn 0.1202 0.9916 0.0479
vn 0.2318 0.9438 -0.2357
vn 0.2941 0.9545 -0.0498
vn 0.1438 0.9891 -0.0323
vn 0.1125 0.9868 -0.1164
vn 0.2318 0.9438 -0.2357
vn 0.1438 0.9891 -0.0323
vn 0.0068 0.9598 -0.2808
vn 0.2318 0.9438 -0.2357
vn 0.1125 0.9868 -0.1164
vn 0.3584 0.8135 -0.4580
vn 0.2318 0.9438 -0.2357
vn 0.0068 0.9598 -0.2808
vn -0.0597 0.7692 -0.6362
vn 0.3584 0.8135 -0.4580
vn 0.0068 0.9598 -0.2808
vn -0.2180 0.9158 -0.3372
vn -0.0597 0.7692 -0.6362
vn 0.0068 0.9598 -0.2808
vn -0.3863 0.6855 -0.6171
vn -0.0597 0.7692 -0.6362
vn -0.2180 0.9158 -0.3372
vn -0.3526 0.9228 -0.1553
vn -0.3863 0.6855 -0.6171
vn -0.2180 0.9158 -0.3372
vn -0.6854 0.6443 -0.3393
vn -0.3863 0.6855 -0.6171
vn -0.3526 0.9228 -0.1553
vn -0.4784 0.8501 0.2201
vn -0.6854 0.6443 -0.3393
vn -0.3526 0.9228 -0.1553
vn -0.7608 0.5616 0.3252
vn -0.6854 0.6443 -0.3393
vn -0.4784 0.8501 0.2201
vn -0.3663 0.6260 0.6885
vn -0.7608 0.5616 0.3252
vn -0.4784 0.8501 0.2201
vn -0.2256 0.8978 0.3781
vn -0.3663 0.6260 0.6885
vn -0.4784 0.8501 0.2201
vn 0.0537 0.6873 0.7244
vn -0.3663 0.6260 0.6885
vn -0.2256 0.8978 0.3781
vn 0.0460 0.9322 0.3590
vn 0.0537 0.6873 0.7244
vn -0.2256 0.8978 0.3781
vn 0.3628 0.7051 0.6093
vn 0.0537 0.6873 0.7244
vn 0.0460 0.9322 0.3590
vn 0.1947 0.9325 0.3043
vn 0.3628 0.7051 0.6093
vn 0.0460 0.9322 0.3590
vn 0.5780 0.7188 0.3863
vn 0.3628 0.7051 0.6093
vn 0.1947 0.9325 0.3043
vn 0.2572 0.9514 0.1692
vn 0.5780 0.7188 0.3863
vn 0.1947 0.9325 0.3043
vn 0.6148 0.7829 -0.0948
vn 0.5780 0.7188 0.3863
vn 0.2572 0.9514 0.1692
vn 0.2941 0.9545 -0.0498
vn 0.6148 0.7829 -0.0948
vn 0.2572 0.9514 0.1692
vn 0.2318 0.9438 -0.2357
vn 0.6148 0.7829 -0.0948
vn 0.2941 0.9545 -0.0498
vn 0.3584 0.8135 -0.4580
vn 0.6148 0.7829 -0.0948
vn 0.2318 0.9438 -0.2357
vn 0.3584 0.8135 -0.4580
vn 0.4488 0.8906 -0.0733
vn 0.6148 0.7829 -0.0948
vn 0.4488 0.8906 -0.0733
vn 0.5780 0.7188 0.3863
vn 0.6148 0.7829 -0.0948
vn 0.4488 0.8906 -0.0733
vn 0.4194 0.8397 0.3451
vn 0.5780 0.7188 0.3863
vn 0.4194 0.8397 0.3451
vn 0.3628 0.7051 0.6093
vn 0.5780 0.7188 0.3863
vn 0.4194 0.8397 0.3451
vn 0.2844 0.8160 0.5033
vn 0.3628 0.7051 0.6093
vn 0.2844 0.8160 0.5033
vn 0.0537 0.6873 0.7244
vn 0.3628 0.7051 0.6093
vn 0.2844 0.8160 0.5033
vn 0.0010 0.7870 0.6169
vn 0.0537 0.6873 0.7244
vn 0.0010 0.7870 0.6169
vn -0.3663 0.6260 0.6885
vn 0.0537 0.6873 0.7244
vn 0.0010 0.7870 0.6169
vn -0.3453 0.7697 0.5369
vn -0.3663 0.6260 0.6885
vn -0.3453 0.7697 0.5369
vn -0.7608 0.5616 0.3252
vn -0.3663 0.6260 0.6885
vn -0.5620 0.7809 0.2727
vn -0.7608 0.5616 0.3252
vn -0.3453 0.7697 0.5369
vn -0.5620 0.7809 0.2727
vn -0.5053 0.8394 -0.2003
vn -0.7608 0.5616 0.3252
vn -0.5053 0.8394 -0.2003
vn -0.6854 0.6443 -0.3393
vn -0.7608 0.5616 0.3252
vn -0.5053 0.8394 -0.2003
vn -0.2592 0.8773 -0.4039
vn -0.6854 0.6443 -0.3393
vn -0.2592 0.8773 -0.4039
vn -0.3863 0.6855 -0.6171
vn -0.6854 0.6443 -0.3393
vn -0.2592 0.8773 -0.4039
vn -0.0812 0.8986 -0.4312
vn -0.3863 0.6855 -0.6171
vn -0.0812 0.8986 -0.4312
vn -0.0597 0.7692 -0.6362
vn -0.3863 0.6855 -0.6171
vn -0.0812 0.8986 -0.4312
vn 0.1847 0.9253 -0.3312
vn -0.0597 0.7692 -0.6362
vn 0.1847 0.9253 -0.3312
vn 0.3584 0.8135 -0.4580
vn -0.0597 0.7692 -0.6362
vn 0.1847 0.9253 -0.3312
vn 0.4488 0.8906 -0.0733
vn 0.3584 0.8135 -0.4580
vn 0.0284 0.9980 0.0557
vn 0.4488 0.8906 -0.0733
vn 0.1847 0.9253 -0.3312
vn -0.0812 0.8986 -0.4312
vn 0.0284 0.9980 0.0557
vn 0.1847 0.9253 -0.3312
vn -0.2592 0.8773 -0.4039
vn 0.0284 0.9980 0.0557
vn -0.0812 0.8986 -0.4312
vn -0.5053 0.8394 -0.2003
vn 0.0284 0.9980 0.0557
vn -0.2592 0.8773 -0.4039
vn -0.5620 0.7809 0.2727
vn 0.0284 0.9980 0.0557
vn -0.5053 0.8394 -0.2003
vn -0.3453 0.7697 0.5369
vn 0.0284 0.9980 0.0557
vn -0.5620 0.7809 0.2727
vn 0.0010 0.7870 0.6169
vn 0.0284 0.9980 0.0557
vn -0.3453 0.7697 0.5369
vn 0.2844 0.8160 0.5033
vn 0.0284 0.9980 0.0557
vn 0.0010 0.7870 0.6169
vn 0.4194 0.8397 0.3451
vn 0.0284 0.9980 0.0557
vn 0.2844 0.8160 0.5033
vn 0.4194 0.8397 0.3451
vn 0.4488 0.8906 -0.0733
vn 0.0284 0.9980 0.0557
vn 0.2671 0.9597 0.0870
vn 0.0793 0.9870 0.1396
vn 0.1243 0.9910 0.0500
vn 0.1476 0.9881 -0.0439
vn 0.2671 0.9597 0.0870
vn 0.1243 0.9910 0.0500
vn 0.3843 0.9163 -0.1125
vn 0.2671 0.9597 0.0870
vn 0.1476 0.9881 -0.0439
vn 0.1066 0.9811 -0.1614
vn 0.3843 0.9163 -0.1125
vn 0.1476 0.9881 -0.0439
vn 0.2491 0.9229 -0.2937
vn 0.3843 0.9163 -0.1125
vn 0.1066 0.9811 -0.1614
vn -0.0284 0.9670 -0.2533
vn 0.2491 0.9229 -0.2937
vn 0.1066 0.9811 -0.1614
vn -0.0773 0.8498 -0.5214
vn 0.2491 0.9229 -0.2937
vn -0.0284 0.9670 -0.2533
vn -0.2981 0.8981 -0.3235
vn -0.0773 0.8498 -0.5214
vn -0.0284 0.9670 -0.2533
vn -0.1360 0.9794 -0.1495
vn -0.2981 0.8981 -0.3235
vn -0.0284 0.9670 -0.2533
vn -0.1612 0.9857 -0.0500
vn -0.2981 0.8981 -0.3235
vn -0.1360 0.9794 -0.1495
vn -0.3571 0.9324 -0.0557
vn -0.2981 0.8981 -0.3235
vn -0.1612 0.9857 -0.0500
vn -0.1631 0.9855 0.0458
vn -0.3571 0.9324 -0.0557
vn -0.1612 0.9857 -0.0500
vn -0.3473 0.9323 0.1007
vn -0.3571 0.9324 -0.0557
vn -0.1631 0.9855 0.0458
vn -0.2337 0.9515 0.2003
vn -0.3473 0.9323 0.1007
vn -0.1631 0.9855 0.0458
vn -0.0791 0.9916 0.1026
vn -0.2337 0.9515 0.2003
vn -0.1631 0.9855 0.0458
vn -0.0361 0.9545 0.2960
vn -0.2337 0.9515 0.2003
vn -0.0791 0.9916 0.1026
vn -0.0088 0.9893 0.1457
vn -0.0361 0.9545 0.2960
vn -0.0791 0.9916 0.1026
vn 0.1594 0.9436 0.2903
vn -0.0361 0.9545 0.2960
vn -0.0088 0.9893 0.1457
vn 0.0793 0.9870 0.1396
vn 0.1594 0.9436 0.2903
vn -0.0088 0.9893 0.1457
vn 0.2671 0.9597 0.0870
vn 0.1594 0.9436 0.2903
vn 0.0793 0.9870 0.1396
vn 0.3373 0.8144 0.4723
vn 0.1594 0.9436 0.2903
vn 0.2671 0.9597 0.0870
vn 0.6268 0.7696 0.1221
vn 0.3373 0.8144 0.4723
vn 0.2671 0.9597 0.0870
vn 0.3843 0.9163 -0.1125
vn 0.6268 0.7696 0.1221
vn 0.2671 0.9597 0.0870
vn 0.7021 0.6845 -0.1961
vn 0.6268 0.7696 0.1221
vn 0.3843 0.9163 -0.1125
vn 0.2491 0.9229 -0.2937
vn 0.7021 0.6845 -0.1961
vn 0.3843 0.9163 -0.1125
vn 0.5197 0.6449 -0.5604
vn 0.7021 0.6845 -0.1961
vn 0.2491 0.9229 -0.2937
vn -0.0773 0.8498 -0.5214
vn 0.5197 0.6449 -0.5604
vn 0.2491 0.9229 -0.2937
vn -0.0967 0.5617 -0.8216
vn 0.5197 0.6449 -0.5604
vn -0.0773 0.8498 -0.5214
vn -0.5561 0.6264 -0.5462
vn -0.0967 0.5617 -0.8216
vn -0.0773 0.8498 -0.5214
vn -0.2981 0.8981 -0.3235
vn -0.5561 0.6264 -0.5462
vn -0.0773 0.8498 -0.5214
vn -0.7104 0.6869 -0.1534
vn -0.5561 0.6264 -0.5462
vn -0.2981 0.8981 -0.3235
vn -0.3571 0.9324 -0.0557
vn -0.7104 0.6869 -0.1534
vn -0.2981 0.8981 -0.3235
vn -0.6873 0.7049 0.1751
vn -0.7104 0.6869 -0.1534
vn -0.3571 0.9324 -0.0557
vn -0.3473 0.9323 0.1007
vn -0.6873 0.7049 0.1751
vn -0.3571 0.9324 -0.0557
vn -0.5347 0.7185 0.4448
vn -0.6873 0.7049 0.1751
vn -0.3473 0.9323 0.1007
vn -0.2337 0.9515 0.2003
vn -0.5347 0.7185 0.4448
vn -0.3473 0.9323 0.1007
vn -0.0831 0.7827 0.6168
vn -0.5347 0.7185 0.4448
vn -0.2337 0.9515 0.2003
vn -0.0361 0.9545 0.2960
vn -0.0831 0.7827 0.6168
vn -0.2337 0.9515 0.2003
vn 0.1594 0.9436 0.2903
vn -0.0831 0.7827 0.6168
vn -0.0361 0.9545 0.2960
vn 0.3373 0.8144 0.4723
vn -0.0831 0.7827 0.6168
vn 0.1594 0.9436 0.2903
vn 0.3373 0.8144 0.4723
vn -0.0577 0.8909 0.4506
vn -0.0831 0.7827 0.6168
vn -0.0577 0.8909 0.4506
vn -0.5347 0.7185 0.4448
vn -0.0831 0.7827 0.6168
vn -0.0577 0.8909 0.4506
vn -0.4505 0.8394 0.3040
vn -0.5347 0.7185 0.4448
vn -0.4505 0.8394 0.3040
vn -0.6873 0.7049 0.1751
vn -0.5347 0.7185 0.4448
vn -0.4505 0.8394 0.3040
vn -0.5637 0.8157 0.1301
vn -0.6873 0.7049 0.1751
vn -0.5637 0.8157 0.1301
vn -0.7104 0.6869 -0.1534
vn -0.6873 0.7049 0.1751
vn -0.5637 0.8157 0.1301
vn -0.5917 0.7873 -0.1732
vn -0.7104 0.6869 -0.1534
vn -0.5917 0.7873 -0.1732
vn -0.5561 0.6264 -0.5462
vn -0.7104 0.6869 -0.1534
vn -0.5917 0.7873 -0.1732
vn -0.4178 0.7700 -0.4822
vn -0.5561 0.6264 -0.5462
vn -0.4178 0.7700 -0.4822
vn -0.0967 0.5617 -0.8216
vn -0.5561 0.6264 -0.5462
vn -0.1026 0.7807 -0.6165
vn -0.0967 0.5617 -0.8216
vn -0.4178 0.7700 -0.4822
vn -0.1026 0.7807 -0.6165
vn 0.3353 0.8397 -0.4272
vn -0.0967 0.5617 -0.8216
vn 0.3353 0.8397 -0.4272
vn 0.5197 0.6449 -0.5604
vn -0.0967 0.5617 -0.8216
vn 0.3353 0.8397 -0.4272
vn 0.4607 0.8774 -0.1339
vn 0.5197 0.6449 -0.5604
vn 0.4607 0.8774 -0.1339
vn 0.7021 0.6845 -0.1961
vn 0.5197 0.6449 -0.5604
vn 0.4607 0.8774 -0.1339
vn 0.4370 0.8984 0.0439
vn 0.7021 0.6845 -0.1961
vn 0.4370 0.8984 0.0439
vn 0.6268 0.7696 0.1221
vn 0.7021 0.6845 -0.1961
vn 0.4370 0.8984 0.0439
vn 0.2667 0.9250 0.2705
vn 0.6268 0.7696 0.1221
vn 0.2667 0.9250 0.2705
vn 0.3373 0.8144 0.4723
vn 0.6268 0.7696 0.1221
vn 0.2667 0.9250 0.2705
vn -0.0577 0.8909 0.4506
vn 0.3373 0.8144 0.4723
vn -0.0616 0.9980 0.0107
vn -0.0577 0.8909 0.4506
vn 0.2667 0.9250 0.2705
vn 0.4370 0.8984 0.0439
vn -0.0616 0.9980 0.0107
vn 0.2667 0.9250 0.2705
vn 0.4607 0.8774 -0.1339
vn -0.0616 0.9980 0.0107
vn 0.4370 0.8984 0.0439
vn 0.3353 0.8397 -0.4272
vn -0.0616 0.9980 0.0107
vn 0.4607 0.8774 -0.1339
vn -0.1026 0.7807 -0.6165
vn -0.0616 0.9980 0.0107
vn 0.3353 0.8397 -0.4272
vn -0.4178 0.7700 -0.4822
vn -0.0616 0.9980 0.0107
vn -0.1026 0.7807 -0.6165
vn -0.5917 0.7873 -0.1732
vn -0.0616 0.9980 0.0107
vn -0.4178 0.7700 -0.4822
vn -0.5637 0.8157 0.1301
vn -0.0616 0.9980 0.0107
vn -0.5917 0.7873 -0.1732
vn -0.4505 0.8394 0.3040
vn -0.0616 0.9980 0.0107
vn -0.5637 0.8157 0.1301
vn -0.4505 0.8394 0.3040
vn -0.0577 0.8909 0.4506
vn -0.0616 0.9980 0.0107
vn 0.1086 0.9597 -0.2592
vn 0.1458 0.9870 -0.0675
vn 0.0597 0.9912 -0.1184
vn -0.0323 0.9882 -0.1495
vn 0.1086 0.9597 -0.2592
vn 0.0597 0.9912 -0.1184
vn -0.0792 0.9165 -0.3922
vn 0.1086 0.9597 -0.2592
vn -0.0323 0.9882 -0.1495
vn -0.1516 0.9811 -0.1204
vn -0.0792 0.9165 -0.3922
vn -0.0323 0.9882 -0.1495
vn -0.2724 0.9228 -0.2725
vn -0.0792 0.9165 -0.3922
vn -0.1516 0.9811 -0.1204
vn -0.2552 0.9669 0.0069
vn -0.2724 0.9228 -0.2725
vn -0.1516 0.9811 -0.1204
vn -0.5254 0.8502 0.0322
vn -0.2724 0.9228 -0.2725
vn -0.2552 0.9669 0.0069
vn -0.3471 0.8985 0.2687
vn -0.5254 0.8502 0.0322
vn -0.2552 0.9669 0.0069
vn -0.1614 0.9793 0.1225
vn -0.3471 0.8985 0.2687
vn -0.2552 0.9669 0.0069
vn -0.0635 0.9855 0.1572
vn -0.3471 0.8985 0.2687
vn -0.1614 0.9793 0.1225
vn -0.0871 0.9323 0.3512
vn -0.3471 0.8985 0.2687
vn -0.0635 0.9855 0.1572
vn 0.0322 0.9854 0.1669
vn -0.0871 0.9323 0.3512
vn -0.0635 0.9855 0.1572
vn 0.0695 0.9323 0.3550
vn -0.0871 0.9323 0.3512
vn 0.0322 0.9854 0.1669
vn 0.1789 0.9513 0.2512
vn 0.0695 0.9323 0.3550
vn 0.0322 0.9854 0.1669
vn 0.0947 0.9917 0.0870
vn 0.1789 0.9513 0.2512
vn 0.0322 0.9854 0.1669
vn 0.2921 0.9544 0.0616
vn 0.1789 0.9513 0.2512
vn 0.0947 0.9917 0.0870
vn 0.1458 0.9891 0.0225
vn 0.2921 0.9544 0.0616
vn 0.0947 0.9917 0.0870
vn 0.3022 0.9438 -0.1340
vn 0.2921 0.9544 0.0616
vn 0.1458 0.9891 0.0225
vn 0.1458 0.9870 -0.0675
vn 0.3022 0.9438 -0.1340
vn 0.1458 0.9891 0.0225
vn 0.1086 0.9597 -0.2592
vn 0.3022 0.9438 -0.1340
vn 0.1458 0.9870 -0.0675
vn 0.4994 0.8141 -0.2962
vn 0.3022 0.9438 -0.1340
vn 0.1086 0.9597 -0.2592
vn 0.1749 0.7691 -0.6147
vn 0.4994 0.8141 -0.2962
vn 0.1086 0.9597 -0.2592
vn -0.0792 0.9165 -0.3922
vn 0.1749 0.7691 -0.6147
vn 0.1086 0.9597 -0.2592
vn -0.1358 0.6848 -0.7160
vn 0.1749 0.7691 -0.6147
vn -0.0792 0.9165 -0.3922
vn -0.2724 0.9228 -0.2725
vn -0.1358 0.6848 -0.7160
vn -0.0792 0.9165 -0.3922
vn -0.5135 0.6446 -0.5664
vn -0.1358 0.6848 -0.7160
vn -0.2724 0.9228 -0.2725
vn -0.5254 0.8502 0.0322
vn -0.5135 0.6446 -0.5664
vn -0.2724 0.9228 -0.2725
vn -0.8271 0.5615 0.0263
vn -0.5135 0.6446 -0.5664
vn -0.5254 0.8502 0.0322
vn -0.5915 0.6267 0.5074
vn -0.8271 0.5615 0.0263
vn -0.5254 0.8502 0.0322
vn -0.3471 0.8985 0.2687
vn -0.5915 0.6267 0.5074
vn -0.5254 0.8502 0.0322
vn -0.2121 0.6871 0.6949
vn -0.5915 0.6267 0.5074
vn -0.3471 0.8985 0.2687
vn -0.0871 0.9323 0.3512
vn -0.2121 0.6871 0.6949
vn -0.3471 0.8985 0.2687
vn 0.1145 0.7055 0.6995
vn -0.2121 0.6871 0.6949
vn -0.0871 0.9323 0.3512
vn 0.0695 0.9323 0.3550
vn 0.1145 0.7055 0.6995
vn -0.0871 0.9323 0.3512
vn 0.3976 0.7179 0.5714
vn 0.1145 0.7055 0.6995
vn 0.0695 0.9323 0.3550
vn 0.1789 0.9513 0.2512
vn 0.3976 0.7179 0.5714
vn 0.0695 0.9323 0.3550
vn 0.6070 0.7830 0.1358
vn 0.3976 0.7179 0.5714
vn 0.1789 0.9513 0.2512
vn 0.2921 0.9544 0.0616
vn 0.6070 0.7830 0.1358
vn 0.1789 0.9513 0.2512
vn 0.3022 0.9438 -0.1340
vn 0.6070 0.7830 0.1358
vn 0.2921 0.9544 0.0616
vn 0.4994 0.8141 -0.2962
vn 0.6070 0.7830 0.1358
vn 0.3022 0.9438 -0.1340
vn 0.4994 0.8141 -0.2962
vn 0.4448 0.8906 0.0948
vn 0.6070 0.7830 0.1358
vn 0.4448 0.8906 0.0948
vn 0.3976 0.7179 0.5714
vn 0.6070 0.7830 0.1358
vn 0.4448 0.8906 0.0948
vn 0.2649 0.8396 0.4742
vn 0.3976 0.7179 0.5714
vn 0.2649 0.8396 0.4742
vn 0.1145 0.7055 0.6995
vn 0.3976 0.7179 0.5714
vn 0.2649 0.8396 0.4742
vn 0.0811 0.8154 0.5732
vn 0.1145 0.7055 0.6995
vn 0.0811 0.8154 0.5732
vn -0.2121 0.6871 0.6949
vn 0.1145 0.7055 0.6995
vn 0.0811 0.8154 0.5732
vn -0.2237 0.7865 0.5756
vn -0.2121 0.6871 0.6949
vn -0.2237 0.7865 0.5756
vn -0.5915 0.6267 0.5074
vn -0.2121 0.6871 0.6949
vn -0.2237 0.7865 0.5756
vn -0.5172 0.7695 0.3746
vn -0.5915 0.6267 0.5074
vn -0.5172 0.7695 0.3746
vn -0.8271 0.5615 0.0263
vn -0.5915 0.6267 0.5074
vn -0.6226 0.7810 0.0498
vn -0.8271 0.5615 0.0263
vn -0.5172 0.7695 0.3746
vn -0.6226 0.7810 0.0498
vn -0.3977 0.8394 -0.3704
vn -0.8271 0.5615 0.0263
vn -0.3977 0.8394 -0.3704
vn -0.5135 0.6446 -0.5664
vn -0.8271 0.5615 0.0263
vn -0.3977 0.8394 -0.3704
vn -0.0949 0.8773 -0.4704
vn -0.5135 0.6446 -0.5664
vn -0.0949 0.8773 -0.4704
vn -0.1358 0.6848 -0.7160
vn -0.5135 0.6446 -0.5664
vn -0.0949 0.8773 -0.4704
vn 0.0811 0.8978 -0.4328
vn -0.1358 0.6848 -0.7160
vn 0.0811 0.8978 -0.4328
vn 0.1749 0.7691 -0.6147
vn -0.1358 0.6848 -0.7160
vn 0.0811 0.8978 -0.4328
vn 0.2922 0.9254 -0.2414
vn 0.1749 0.7691 -0.6147
vn 0.2922 0.9254 -0.2414
vn 0.4994 0.8141 -0.2962
vn 0.1749 0.7691 -0.6147
vn 0.2922 0.9254 -0.2414
vn 0.4448 0.8906 0.0948
vn 0.4994 0.8141 -0.2962
vn 0.0049 0.9981 0.0616
vn 0.4448 0.8906 0.0948
vn 0.2922 0.9254 -0.2414
vn 0.0811 0.8978 -0.4328
vn 0.0049 0.9981 0.0616
vn 0.2922 0.9254 -0.2414
vn -0.0949 0.8773 -0.4704
vn 0.0049 0.9981 0.0616
vn 0.0811 0.8978 -0.4328
vn -0.3977 0.8394 -0.3704
vn 0.0049 0.9981 0.0616
vn -0.0949 0.8773 -0.4704
vn -0.6226 0.7810 0.0498
vn 0.0049 0.9981 0.0616
vn -0.3977 0.8394 -0.3704
vn -0.5172 0.7695 0.3746
vn 0.0049 0.9981 0.0616
vn -0.6226 0.7810 0.0498
vn -0.2237 0.7865 0.5756
vn 0.0049 0.9981 0.0616
vn -0.5172 0.7695 0.3746
vn 0.0811 0.8154 0.5732
vn 0.0049 0.9981 0.0616
vn -0.2237 0.7865 0.5756
vn 0.2649 0.8396 0.4742
vn 0.0049 0.9981 0.0616
vn 0.0811 0.8154 0.5732
vn 0.2649 0.8396 0.4742
vn 0.4448 0.8906 0.0948
vn 0.0049 0.9981 0.0616
vn 0.2671 0.9597 0.0870
vn 0.0792 0.9870 0.1396
vn 0.1242 0.9910 0.0496
vn 0.1476 0.9881 -0.0443
vn 0.2671 0.9597 0.0870
vn 0.1242 0.9910 0.0496
vn 0.3843 0.9164 -0.1122
vn 0.2671 0.9597 0.0870
vn 0.1476 0.9881 -0.0443
vn 0.1066 0.9812 -0.1610
vn 0.3843 0.9164 -0.1122
vn 0.1476 0.9881 -0.0443
vn 0.2490 0.9227 -0.2945
vn 0.3843 0.9164 -0.1122
vn 0.1066 0.9812 -0.1610
vn -0.0284 0.9670 -0.2533
vn 0.2490 0.9227 -0.2945
vn 0.1066 0.9812 -0.1610
vn -0.0773 0.8500 -0.5212
vn 0.2490 0.9227 -0.2945
vn -0.0284 0.9670 -0.2533
vn -0.2981 0.8981 -0.3235
vn -0.0773 0.8500 -0.5212
vn -0.0284 0.9670 -0.2533
vn -0.1360 0.9794 -0.1495
vn -0.2981 0.8981 -0.3235
vn -0.0284 0.9670 -0.2533
vn -0.1612 0.9857 -0.0496
vn -0.2981 0.8981 -0.3235
vn -0.1360 0.9794 -0.1495
vn -0.3571 0.9324 -0.0557
vn -0.2981 0.8981 -0.3235
vn -0.1612 0.9857 -0.0496
vn -0.1631 0.9855 0.0458
vn -0.3571 0.9324 -0.0557
vn -0.1612 0.9857 -0.0496
vn -0.3473 0.9323 0.1007
vn -0.3571 0.9324 -0.0557
vn -0.1631 0.9855 0.0458
vn -0.2337 0.9514 0.2007
vn -0.3473 0.9323 0.1007
vn -0.1631 0.9855 0.0458
vn -0.0791 0.9915 0.1030
vn -0.2337 0.9514 0.2007
vn -0.1631 0.9855 0.0458
vn -0.0361 0.9545 0.2960
vn -0.2337 0.9514 0.2007
vn -0.0791 0.9915 0.1030
vn -0.0088 0.9893 0.1457
vn -0.0361 0.9545 0.2960
vn -0.0791 0.9915 0.1030
vn 0.1594 0.9435 0.2907
vn -0.0361 0.9545 0.2960
vn -0.0088 0.9893 0.1457
vn 0.0792 0.9870 0.1396
vn 0.1594 0.9435 0.2907
vn -0.0088 0.9893 0.1457
vn 0.2671 0.9597 0.0870
vn 0.1594 0.9435 0.2907
vn 0.0792 0.9870 0.1396
vn 0.3373 0.8144 0.4723
vn 0.1594 0.9435 0.2907
vn 0.2671 0.9597 0.0870
vn 0.6268 0.7696 0.1221
vn 0.3373 0.8144 0.4723
vn 0.2671 0.9597 0.0870
vn 0.3843 0.9164 -0.1122
vn 0.6268 0.7696 0.1221
vn 0.2671 0.9597 0.0870
vn 0.7020 0.6844 -0.1968
vn 0.6268 0.7696 0.1221
vn 0.3843 0.9164 -0.1122
vn 0.2490 0.9227 -0.2945
vn 0.7020 0.6844 -0.1968
vn 0.3843 0.9164 -0.1122
vn 0.5195 0.6448 -0.5607
vn 0.7020 0.6844 -0.1968
vn 0.2490 0.9227 -0.2945
vn -0.0773 0.8500 -0.5212
vn 0.5195 0.6448 -0.5607
vn 0.2490 0.9227 -0.2945
vn -0.0967 0.5616 -0.8217
vn 0.5195 0.6448 -0.5607
vn -0.0773 0.8500 -0.5212
vn -0.5561 0.6264 -0.5462
vn -0.0967 0.5616 -0.8217
vn -0.0773 0.8500 -0.5212
vn -0.2981 0.8981 -0.3235
vn -0.5561 0.6264 -0.5462
vn -0.0773 0.8500 -0.5212
vn -0.7104 0.6869 -0.1533
vn -0.5561 0.6264 -0.5462
vn -0.2981 0.8981 -0.3235
vn -0.3571 0.9324 -0.0557
vn -0.7104 0.6869 -0.1533
vn -0.2981 0.8981 -0.3235
vn -0.6874 0.7050 0.1747
vn -0.7104 0.6869 -0.1533
vn -0.3571 0.9324 -0.0557
vn -0.3473 0.9323 0.1007
vn -0.6874 0.7050 0.1747
vn -0.3571 0.9324 -0.0557
vn -0.5347 0.7185 0.4448
vn -0.6874 0.7050 0.1747
vn -0.3473 0.9323 0.1007
vn -0.2337 0.9514 0.2007
vn -0.5347 0.7185 0.4448
vn -0.3473 0.9323 0.1007
vn -0.0831 0.7830 0.6165
vn -0.5347 0.7185 0.4448
vn -0.2337 0.9514 0.2007
vn -0.0361 0.9545 0.2960
vn -0.0831 0.7830 0.6165
vn -0.2337 0.9514 0.2007
vn 0.1594 0.9435 0.2907
vn -0.0831 0.7830 0.6165
vn -0.0361 0.9545 0.2960
vn 0.3373 0.8144 0.4723
vn -0.0831 0.7830 0.6165
vn 0.1594 0.9435 0.2907
vn 0.3373 0.8144 0.4723
vn -0.0577 0.8907 0.4509
vn -0.0831 0.7830 0.6165
vn -0.0577 0.8907 0.4509
vn -0.5347 0.7185 0.4448
vn -0.0831 0.7830 0.6165
vn -0.0577 0.8907 0.4509
vn -0.4505 0.8395 0.3036
vn -0.5347 0.7185 0.4448
vn -0.4505 0.8395 0.3036
vn -0.6874 0.7050 0.1747
vn -0.5347 0.7185 0.4448
vn -0.4505 0.8395 0.3036
vn -0.5637 0.8157 0.1297
vn -0.6874 0.7050 0.1747
vn -0.5637 0.8157 0.1297
vn -0.7104 0.6869 -0.1533
vn -0.6874 0.7050 0.1747
vn -0.5637 0.8157 0.1297
vn -0.5917 0.7873 -0.1732
vn -0.7104 0.6869 -0.1533
vn -0.5917 0.7873 -0.1732
vn -0.5561 0.6264 -0.5462
vn -0.7104 0.6869 -0.1533
vn -0.5917 0.7873 -0.1732
vn -0.4178 0.7700 -0.4823
vn -0.5561 0.6264 -0.5462
vn -0.4178 0.7700 -0.4823
vn -0.0967 0.5616 -0.8217
vn -0.5561 0.6264 -0.5462
vn -0.1026 0.7807 -0.6164
vn -0.0967 0.5616 -0.8217
vn -0.4178 0.7700 -0.4823
vn -0.1026 0.7807 -0.6164
vn 0.3353 0.8397 -0.4272
vn -0.0967 0.5616 -0.8217
vn 0.3353 0.8397 -0.4272
vn 0.5195 0.6448 -0.5607
vn -0.0967 0.5616 -0.8217
vn 0.3353 0.8397 -0.4272
vn 0.4607 0.8773 -0.1343
vn 0.5195 0.6448 -0.5607
vn 0.4607 0.8773 -0.1343
vn 0.7020 0.6844 -0.1968
vn 0.5195 0.6448 -0.5607
vn 0.4607 0.8773 -0.1343
vn 0.4370 0.8984 0.0443
vn 0.7020 0.6844 -0.1968
vn 0.4370 0.8984 0.0443
vn 0.6268 0.7696 0.1221
vn 0.7020 0.6844 -0.1968
vn 0.4370 0.8984 0.0443
vn 0.2666 0.9250 0.2708
vn 0.6268 0.7696 0.1221
vn 0.2666 0.9250 0.2708
vn 0.3373 0.8144 0.4723
vn 0.6268 0.7696 0.1221
vn 0.2666 0.9250 0.2708
vn -0.0577 0.8907 0.4509
vn 0.3373 0.8144 0.4723
vn -0.0616 0.9980 0.0107
vn -0.0577 0.8907 0.4509
vn 0.2666 0.9250 0.2708
vn 0.4370 0.8984 0.0443
vn -0.0616 0.9980 0.0107
vn 0.2666 0.9250 0.2708
vn 0.4607 0.8773 -0.1343
vn -0.0616 0.9980 0.0107
vn 0.4370 0.8984 0.0443
vn 0.3353 0.8397 -0.4272
vn -0.0616 0.9980 0.0107
vn 0.4607 0.8773 -0.1343
vn -0.1026 0.7807 -0.6164
vn -0.0616 0.9980 0.0107
vn 0.3353 0.8397 -0.4272
vn -0.4178 0.7700 -0.4823
vn -0.0616 0.9980 0.0107
vn -0.1026 0.7807 -0.6164
vn -0.5917 0.7873 -0.1732
vn -0.0616 0.9980 0.0107
vn -0.4178 0.7700 -0.4823
vn -0.5637 0.8157 0.1297
vn -0.0616 0.9980 0.0107
vn -0.5917 0.7873 -0.1732
vn -0.4505 0.8395 0.3036
vn -0.0616 0.9980 0.0107
vn -0.5637 0.8157 0.1297
vn -0.4505 0.8395 0.3036
vn -0.0577 0.8907 0.4509
vn -0.0616 0.9980 0.0107
# 5460 vertex normals

vt 0.3931 0.2744 0.0000
vt 0.3748 0.2891 0.0000
vt 0.3975 0.2881 0.0000
vt 0.4197 0.2842 0.0000
vt 0.4146 0.2964 0.0000
vt 0.4368 0.3057 0.0000
vt 0.4290 0.3066 0.0000
vt 0.4338 0.3262 0.0000
vt 0.4277 0.3242 0.0000
vt 0.4167 0.3384 0.0000
vt 0.4202 0.3457 0.0000
vt 0.4023 0.3535 0.0000
vt 0.3997 0.3413 0.0000
vt 0.3845 0.3452 0.0000
vt 0.3894 0.3369 0.0000
vt 0.3794 0.3286 0.0000
vt 0.3621 0.3311 0.0000
vt 0.3735 0.3125 0.0000
vt 0.3630 0.3091 0.0000
vt 0.3811 0.2959 0.0000
vt 0.3884 0.3008 0.0000
vt 0.4009 0.2954 0.0000
vt 0.4138 0.3008 0.0000
vt 0.4246 0.3091 0.0000
vt 0.4241 0.3223 0.0000
vt 0.4141 0.3330 0.0000
vt 0.4021 0.3354 0.0000
vt 0.3945 0.3320 0.0000
vt 0.3843 0.3267 0.0000
vt 0.3806 0.3140 0.0000
vt 0.3857 0.3149 0.0000
vt 0.3892 0.3252 0.0000
vt 0.3982 0.3296 0.0000
vt 0.4050 0.3320 0.0000
vt 0.4150 0.3276 0.0000
vt 0.4209 0.3218 0.0000
vt 0.4214 0.3145 0.0000
vt 0.4131 0.3081 0.0000
vt 0.4050 0.3052 0.0000
vt 0.3960 0.3076 0.0000
vt 0.4053 0.3203 0.0000
vt 0.3931 0.2744 0.0000
vt 0.3748 0.2891 0.0000
vt 0.3975 0.2881 0.0000
vt 0.4197 0.2842 0.0000
vt 0.4146 0.2964 0.0000
vt 0.4368 0.3057 0.0000
vt 0.4290 0.3066 0.0000
vt 0.4338 0.3262 0.0000
vt 0.4277 0.3242 0.0000
vt 0.4167 0.3384 0.0000
vt 0.4202 0.3457 0.0000
vt 0.4023 0.3535 0.0000
vt 0.3997 0.3413 0.0000
vt 0.3845 0.3452 0.0000
vt 0.3894 0.3369 0.0000
vt 0.3794 0.3286 0.0000
vt 0.3621 0.3311 0.0000
vt 0.3735 0.3125 0.0000
vt 0.3630 0.3091 0.0000
vt 0.3811 0.2959 0.0000
vt 0.3884 0.3008 0.0000
vt 0.4009 0.2954 0.0000
vt 0.4138 0.3008 0.0000
vt 0.4246 0.3091 0.0000
vt 0.4241 0.3223 0.0000
vt 0.4141 0.3330 0.0000
vt 0.4021 0.3354 0.0000
vt 0.3945 0.3320 0.0000
vt 0.3843 0.3267 0.0000
vt 0.3806 0.3140 0.0000
vt 0.3857 0.3149 0.0000
vt 0.3892 0.3252 0.0000
vt 0.3982 0.3296 0.0000
vt 0.4050 0.3320 0.0000
vt 0.4150 0.3276 0.0000
vt 0.4209 0.3218 0.0000
vt 0.4214 0.3145 0.0000
vt 0.4131 0.3081 0.0000
vt 0.4050 0.3052 0.0000
vt 0.3960 0.3076 0.0000
vt 0.4053 0.3203 0.0000
vt 0.3931 0.2744 0.0000
vt 0.3748 0.2891 0.0000
vt 0.3975 0.2881 0.0000
vt 0.4197 0.2842 0.0000
vt 0.4146 0.2964 0.0000
vt 0.4368 0.3057 0.0000
vt 0.4290 0.3066 0.0000
vt 0.4338 0.3262 0.0000
vt 0.4277 0.3242 0.0000
vt 0.4167 0.3384 0.0000
vt 0.4202 0.3457 0.0000
vt 0.4023 0.3535 0.0000
vt 0.3997 0.3413 0.0000
vt 0.3845 0.3452 0.0000
vt 0.3894 0.3369 0.0000
vt 0.3794 0.3286 0.0000
vt 0.3621 0.3311 0.0000
vt 0.3735 0.3125 0.0000
vt 0.3630 0.3091 0.0000
vt 0.3811 0.2959 0.0000
vt 0.3884 0.3008 0.0000
vt 0.4009 0.2954 0.0000
vt 0.4138 0.3008 0.0000
vt 0.4246 0.3091 0.0000
vt 0.4241 0.3223 0.0000
vt 0.4141 0.3330 0.0000
vt 0.4021 0.3354 0.0000
vt 0.3945 0.3320 0.0000
vt 0.3843 0.3267 0.0000
vt 0.3806 0.3140 0.0000
vt 0.3857 0.3149 0.0000
vt 0.3892 0.3252 0.0000
vt 0.3982 0.3296 0.0000
vt 0.4050 0.3320 0.0000
vt 0.4150 0.3276 0.0000
vt 0.4209 0.3218 0.0000
vt 0.4214 0.3145 0.0000
vt 0.4131 0.3081 0.0000
vt 0.4050 0.3052 0.0000
vt 0.3960 0.3076 0.0000
vt 0.4053 0.3203 0.0000
vt 0.3931 0.2744 0.0000
vt 0.3748 0.2891 0.0000
vt 0.3975 0.2881 0.0000
vt 0.4197 0.2842 0.0000
vt 0.4146 0.2964 0.0000
vt 0.4368 0.3057 0.0000
vt 0.4290 0.3066 0.0000
vt 0.4338 0.3262 0.0000
vt 0.4277 0.3242 0.0000
vt 0.4167 0.3384 0.0000
vt 0.4202 0.3457 0.0000
vt 0.4023 0.3535 0.0000
vt 0.3997 0.3413 0.0000
vt 0.3845 0.3452 0.0000
vt 0.3894 0.3369 0.0000
vt 0.3794 0.3286 0.0000
vt 0.3621 0.3311 0.0000
vt 0.3735 0.3125 0.0000
vt 0.3630 0.3091 0.0000
vt 0.3811 0.2959 0.0000
vt 0.3884 0.3008 0.0000
vt 0.4009 0.2954 0.0000
vt 0.4138 0.3008 0.0000
vt 0.4246 0.3091 0.0000
vt 0.4241 0.3223 0.0000
vt 0.4141 0.3330 0.0000
vt 0.4021 0.3354 0.0000
vt 0.3945 0.3320 0.0000
vt 0.3843 0.3267 0.0000
vt 0.3806 0.3140 0.0000
vt 0.3857 0.3149 0.0000
vt 0.3892 0.3252 0.0000
vt 0.3982 0.3296 0.0000
vt 0.4050 0.3320 0.0000
vt 0.4150 0.3276 0.0000
vt 0.4209 0.3218 0.0000
vt 0.4214 0.3145 0.0000
vt 0.4131 0.3081 0.0000
vt 0.4050 0.3052 0.0000
vt 0.3960 0.3076 0.0000
vt 0.4053 0.3203 0.0000
vt 0.3931 0.2744 0.0000
vt 0.3748 0.2891 0.0000
vt 0.3975 0.2881 0.0000
vt 0.4197 0.2842 0.0000
vt 0.4146 0.2964 0.0000
vt 0.4368 0.3057 0.0000
vt 0.4290 0.3066 0.0000
vt 0.4338 0.3262 0.0000
vt 0.4277 0.3242 0.0000
vt 0.4167 0.3384 0.0000
vt 0.4202 0.3457 0.0000
vt 0.4023 0.3535 0.0000
vt 0.3997 0.3413 0.0000
vt 0.3845 0.3452 0.0000
vt 0.3894 0.3369 0.0000
vt 0.3794 0.3286 0.0000
vt 0.3621 0.3311 0.0000
vt 0.3735 0.3125 0.0000
vt 0.3630 0.3091 0.0000
vt 0.3811 0.2959 0.0000
vt 0.3884 0.3008 0.0000
vt 0.4009 0.2954 0.0000
vt 0.4138 0.3008 0.0000
vt 0.4246 0.3091 0.0000
vt 0.4241 0.3223 0.0000
vt 0.4141 0.3330 0.0000
vt 0.4021 0.3354 0.0000
vt 0.3945 0.3320 0.0000
vt 0.3843 0.3267 0.0000
vt 0.3806 0.3140 0.0000
vt 0.3857 0.3149 0.0000
vt 0.3892 0.3252 0.0000
vt 0.3982 0.3296 0.0000
vt 0.4050 0.3320 0.0000
vt 0.4150 0.3276 0.0000
vt 0.4209 0.3218 0.0000
vt 0.4214 0.3145 0.0000
vt 0.4131 0.3081 0.0000
vt 0.4050 0.3052 0.0000
vt 0.3960 0.3076 0.0000
vt 0.4053 0.3203 0.0000
vt 0.3931 0.2744 0.0000
vt 0.3748 0.2891 0.0000
vt 0.3975 0.2881 0.0000
vt 0.4197 0.2842 0.0000
vt 0.4146 0.2964 0.0000
vt 0.4368 0.3057 0.0000
vt 0.4290 0.3066 0.0000
vt 0.4338 0.3262 0.0000
vt 0.4277 0.3242 0.0000
vt 0.4167 0.3384 0.0000
vt 0.4202 0.3457 0.0000
vt 0.4023 0.3535 0.0000
vt 0.3997 0.3413 0.0000
vt 0.3845 0.3452 0.0000
vt 0.3894 0.3369 0.0000
vt 0.3794 0.3286 0.0000
vt 0.3621 0.3311 0.0000
vt 0.3735 0.3125 0.0000
vt 0.3630 0.3091 0.0000
vt 0.3811 0.2959 0.0000
vt 0.3884 0.3008 0.0000
vt 0.4009 0.2954 0.0000
vt 0.4138 0.3008 0.0000
vt 0.4246 0.3091 0.0000
vt 0.4241 0.3223 0.0000
vt 0.4141 0.3330 0.0000
vt 0.4021 0.3354 0.0000
vt 0.3945 0.3320 0.0000
vt 0.3843 0.3267 0.0000
vt 0.3806 0.3140 0.0000
vt 0.3857 0.3149 0.0000
vt 0.3892 0.3252 0.0000
vt 0.3982 0.3296 0.0000
vt 0.4050 0.3320 0.0000
vt 0.4150 0.3276 0.0000
vt 0.4209 0.3218 0.0000
vt 0.4214 0.3145 0.0000
vt 0.4131 0.3081 0.0000
vt 0.4050 0.3052 0.0000
vt 0.3960 0.3076 0.0000
vt 0.4053 0.3203 0.0000
vt 0.3931 0.2744 0.0000
vt 0.3748 0.2891 0.0000
vt 0.3975 0.2881 0.0000
vt 0.4197 0.2842 0.0000
vt 0.4146 0.2964 0.0000
vt 0.4368 0.3057 0.0000
vt 0.4290 0.3066 0.0000
vt 0.4338 0.3262 0.0000
vt 0.4277 0.3242 0.0000
vt 0.4167 0.3384 0.0000
vt 0.4202 0.3457 0.0000
vt 0.4023 0.3535 0.0000
vt 0.3997 0.3413 0.0000
vt 0.3845 0.3452 0.0000
vt 0.3894 0.3369 0.0000
vt 0.3794 0.3286 0.0000
vt 0.3621 0.3311 0.0000
vt 0.3735 0.3125 0.0000
vt 0.3630 0.3091 0.0000
vt 0.3811 0.2959 0.0000
vt 0.3884 0.3008 0.0000
vt 0.4009 0.2954 0.0000
vt 0.4138 0.3008 0.0000
vt 0.4246 0.3091 0.0000
vt 0.4241 0.3223 0.0000
vt 0.4141 0.3330 0.0000
vt 0.4021 0.3354 0.0000
vt 0.3945 0.3320 0.0000
vt 0.3843 0.3267 0.0000
vt 0.3806 0.3140 0.0000
vt 0.3857 0.3149 0.0000
vt 0.3892 0.3252 0.0000
vt 0.3982 0.3296 0.0000
vt 0.4050 0.3320 0.0000
vt 0.4150 0.3276 0.0000
vt 0.4209 0.3218 0.0000
vt 0.4214 0.3145 0.0000
vt 0.4131 0.3081 0.0000
vt 0.4050 0.3052 0.0000
vt 0.3960 0.3076 0.0000
vt 0.4053 0.3203 0.0000
vt 0.3931 0.2744 0.0000
vt 0.3748 0.2891 0.0000
vt 0.3975 0.2881 0.0000
vt 0.4197 0.2842 0.0000
vt 0.4146 0.2964 0.0000
vt 0.4368 0.3057 0.0000
vt 0.4290 0.3066 0.0000
vt 0.4338 0.3262 0.0000
vt 0.4277 0.3242 0.0000
vt 0.4167 0.3384 0.0000
vt 0.4202 0.3457 0.0000
vt 0.4023 0.3535 0.0000
vt 0.3997 0.3413 0.0000
vt 0.3845 0.3452 0.0000
vt 0.3894 0.3369 0.0000
vt 0.3794 0.3286 0.0000
vt 0.3621 0.3311 0.0000
vt 0.3735 0.3125 0.0000
vt 0.3630 0.3091 0.0000
vt 0.3811 0.2959 0.0000
vt 0.3884 0.3008 0.0000
vt 0.4009 0.2954 0.0000
vt 0.4138 0.3008 0.0000
vt 0.4246 0.3091 0.0000
vt 0.4241 0.3223 0.0000
vt 0.4141 0.3330 0.0000
vt 0.4021 0.3354 0.0000
vt 0.3945 0.3320 0.0000
vt 0.3843 0.3267 0.0000
vt 0.3806 0.3140 0.0000
vt 0.3857 0.3149 0.0000
vt 0.3892 0.3252 0.0000
vt 0.3982 0.3296 0.0000
vt 0.4050 0.3320 0.0000
vt 0.4150 0.3276 0.0000
vt 0.4209 0.3218 0.0000
vt 0.4214 0.3145 0.0000
vt 0.4131 0.3081 0.0000
vt 0.4050 0.3052 0.0000
vt 0.3960 0.3076 0.0000
vt 0.4053 0.3203 0.0000
vt 0.3931 0.2744 0.0000
vt 0.3748 0.2891 0.0000
vt 0.3975 0.2881 0.0000
vt 0.4197 0.2842 0.0000
vt 0.4146 0.2964 0.0000
vt 0.4368 0.3057 0.0000
vt 0.4290 0.3066 0.0000
vt 0.4338 0.3262 0.0000
vt 0.4277 0.3242 0.0000
vt 0.4167 0.3384 0.0000
vt 0.4202 0.3457 0.0000
vt 0.4023 0.3535 0.0000
vt 0.3997 0.3413 0.0000
vt 0.3845 0.3452 0.0000
vt 0.3894 0.3369 0.0000
vt 0.3794 0.3286 0.0000
vt 0.3621 0.3311 0.0000
vt 0.3735 0.3125 0.0000
vt 0.3630 0.3091 0.0000
vt 0.3811 0.2959 0.0000
vt 0.3884 0.3008 0.0000
vt 0.4009 0.2954 0.0000
vt 0.4138 0.3008 0.0000
vt 0.4246 0.3091 0.0000
vt 0.4241 0.3223 0.0000
vt 0.4141 0.3330 0.0000
vt 0.4021 0.3354 0.0000
vt 0.3945 0.3320 0.0000
vt 0.3843 0.3267 0.0000
vt 0.3806 0.3140 0.0000
vt 0.3857 0.3149 0.0000
vt 0.3892 0.3252 0.0000
vt 0.3982 0.3296 0.0000
vt 0.4050 0.3320 0.0000
vt 0.4150 0.3276 0.0000
vt 0.4209 0.3218 0.0000
vt 0.4214 0.3145 0.0000
vt 0.4131 0.3081 0.0000
vt 0.4050 0.3052 0.0000
vt 0.3960 0.3076 0.0000
vt 0.4053 0.3203 0.0000
vt 0.3931 0.2744 0.0000
vt 0.3748 0.2891 0.0000
vt 0.3975 0.2881 0.0000
vt 0.4197 0.2842 0.0000
vt 0.4146 0.2964 0.0000
vt 0.4368 0.3057 0.0000
vt 0.4290 0.3066 0.0000
vt 0.4338 0.3262 0.0000
vt 0.4277 0.3242 0.0000
vt 0.4167 0.3384 0.0000
vt 0.4202 0.3457 0.0000
vt 0.4023 0.3535 0.0000
vt 0.3997 0.3413 0.0000
vt 0.3845 0.3452 0.0000
vt 0.3894 0.3369 0.0000
vt 0.3794 0.3286 0.0000
vt 0.3621 0.3311 0.0000
vt 0.3735 0.3125 0.0000
vt 0.3630 0.3091 0.0000
vt 0.3811 0.2959 0.0000
vt 0.3884 0.3008 0.0000
vt 0.4009 0.2954 0.0000
vt 0.4138 0.3008 0.0000
vt 0.4246 0.3091 0.0000
vt 0.4241 0.3223 0.0000
vt 0.4141 0.3330 0.0000
vt 0.4021 0.3354 0.0000
vt 0.3945 0.3320 0.0000
vt 0.3843 0.3267 0.0000
vt 0.3806 0.3140 0.0000
vt 0.3857 0.3149 0.0000
vt 0.3892 0.3252 0.0000
vt 0.3982 0.3296 0.0000
vt 0.4050 0.3320 0.0000
vt 0.4150 0.3276 0.0000
vt 0.4209 0.3218 0.0000
vt 0.4214 0.3145 0.0000
vt 0.4131 0.3081 0.0000
vt 0.4050 0.3052 0.0000
vt 0.3960 0.3076 0.0000
vt 0.4053 0.3203 0.0000
vt 0.3931 0.2744 0.0000
vt 0.3748 0.2891 0.0000
vt 0.3975 0.2881 0.0000
vt 0.4197 0.2842 0.0000
vt 0.4146 0.2964 0.0000
vt 0.4368 0.3057 0.0000
vt 0.4290 0.3066 0.0000
vt 0.4338 0.3262 0.0000
vt 0.4277 0.3242 0.0000
vt 0.4167 0.3384 0.0000
vt 0.4202 0.3457 0.0000
vt 0.4023 0.3535 0.0000
vt 0.3997 0.3413 0.0000
vt 0.3845 0.3452 0.0000
vt 0.3894 0.3369 0.0000
vt 0.3794 0.3286 0.0000
vt 0.3621 0.3311 0.0000
vt 0.3735 0.3125 0.0000
vt 0.3630 0.3091 0.0000
vt 0.3811 0.2959 0.0000
vt 0.3884 0.3008 0.0000
vt 0.4009 0.2954 0.0000
vt 0.4138 0.3008 0.0000
vt 0.4246 0.3091 0.0000
vt 0.4241 0.3223 0.0000
vt 0.4141 0.3330 0.0000
vt 0.4021 0.3354 0.0000
vt 0.3945 0.3320 0.0000
vt 0.3843 0.3267 0.0000
vt 0.3806 0.3140 0.0000
vt 0.3857 0.3149 0.0000
vt 0.3892 0.3252 0.0000
vt 0.3982 0.3296 0.0000
vt 0.4050 0.3320 0.0000
vt 0.4150 0.3276 0.0000
vt 0.4209 0.3218 0.0000
vt 0.4214 0.3145 0.0000
vt 0.4131 0.3081 0.0000
vt 0.4050 0.3052 0.0000
vt 0.3960 0.3076 0.0000
vt 0.4053 0.3203 0.0000
vt 0.3931 0.2744 0.0000
vt 0.3748 0.2891 0.0000
vt 0.3975 0.2881 0.0000
vt 0.4197 0.2842 0.0000
vt 0.4146 0.2964 0.0000
vt 0.4368 0.3057 0.0000
vt 0.4290 0.3066 0.0000
vt 0.4338 0.3262 0.0000
vt 0.4277 0.3242 0.0000
vt 0.4167 0.3384 0.0000
vt 0.4202 0.3457 0.0000
vt 0.4023 0.3535 0.0000
vt 0.3997 0.3413 0.0000
vt 0.3845 0.3452 0.0000
vt 0.3894 0.3369 0.0000
vt 0.3794 0.3286 0.0000
vt 0.3621 0.3311 0.0000
vt 0.3735 0.3125 0.0000
vt 0.3630 0.3091 0.0000
vt 0.3811 0.2959 0.0000
vt 0.3884 0.3008 0.0000
vt 0.4009 0.2954 0.0000
vt 0.4138 0.3008 0.0000
vt 0.4246 0.3091 0.0000
vt 0.4241 0.3223 0.0000
vt 0.4141 0.3330 0.0000
vt 0.4021 0.3354 0.0000
vt 0.3945 0.3320 0.0000
vt 0.3843 0.3267 0.0000
vt 0.3806 0.3140 0.0000
vt 0.3857 0.3149 0.0000
vt 0.3892 0.3252 0.0000
vt 0.3982 0.3296 0.0000
vt 0.4050 0.3320 0.0000
vt 0.4150 0.3276 0.0000
vt 0.4209 0.3218 0.0000
vt 0.4214 0.3145 0.0000
vt 0.4131 0.3081 0.0000
vt 0.4050 0.3052 0.0000
vt 0.3960 0.3076 0.0000
vt 0.4053 0.3203 0.0000
vt 0.3931 0.2744 0.0000
vt 0.3748 0.2891 0.0000
vt 0.3975 0.2881 0.0000
vt 0.4197 0.2842 0.0000
vt 0.4146 0.2964 0.0000
vt 0.4368 0.3057 0.0000
vt 0.4290 0.3066 0.0000
vt 0.4338 0.3262 0.0000
vt 0.4277 0.3242 0.0000
vt 0.4167 0.3384 0.0000
vt 0.4202 0.3457 0.0000
vt 0.4023 0.3535 0.0000
vt 0.3997 0.3413 0.0000
vt 0.3845 0.3452 0.0000
vt 0.3894 0.3369 0.0000
vt 0.3794 0.3286 0.0000
vt 0.3621 0.3311 0.0000
vt 0.3735 0.3125 0.0000
vt 0.3630 0.3091 0.0000
vt 0.3811 0.2959 0.0000
vt 0.3884 0.3008 0.0000
vt 0.4009 0.2954 0.0000
vt 0.4138 0.3008 0.0000
vt 0.4246 0.3091 0.0000
vt 0.4241 0.3223 0.0000
vt 0.4141 0.3330 0.0000
vt 0.4021 0.3354 0.0000
vt 0.3945 0.3320 0.0000
vt 0.3843 0.3267 0.0000
vt 0.3806 0.3140 0.0000
vt 0.3857 0.3149 0.0000
vt 0.3892 0.3252 0.0000
vt 0.3982 0.3296 0.0000
vt 0.4050 0.3320 0.0000
vt 0.4150 0.3276 0.0000
vt 0.4209 0.3218 0.0000
vt 0.4214 0.3145 0.0000
vt 0.4131 0.3081 0.0000
vt 0.4050 0.3052 0.0000
vt 0.3960 0.3076 0.0000
vt 0.4053 0.3203 0.0000
vt 0.3931 0.2744 0.0000
vt 0.3748 0.2891 0.0000
vt 0.3975 0.2881 0.0000
vt 0.4197 0.2842 0.0000
vt 0.4146 0.2964 0.0000
vt 0.4368 0.3057 0.0000
vt 0.4290 0.3066 0.0000
vt 0.4338 0.3262 0.0000
vt 0.4277 0.3242 0.0000
vt 0.4167 0.3384 0.0000
vt 0.4202 0.3457 0.0000
vt 0.4023 0.3535 0.0000
vt 0.3997 0.3413 0.0000
vt 0.3845 0.3452 0.0000
vt 0.3894 0.3369 0.0000
vt 0.3794 0.3286 0.0000
vt 0.3621 0.3311 0.0000
vt 0.3735 0.3125 0.0000
vt 0.3630 0.3091 0.0000
vt 0.3811 0.2959 0.0000
vt 0.3884 0.3008 0.0000
vt 0.4009 0.2954 0.0000
vt 0.4138 0.3008 0.0000
vt 0.4246 0.3091 0.0000
vt 0.4241 0.3223 0.0000
vt 0.4141 0.3330 0.0000
vt 0.4021 0.3354 0.0000
vt 0.3945 0.3320 0.0000
vt 0.3843 0.3267 0.0000
vt 0.3806 0.3140 0.0000
vt 0.3857 0.3149 0.0000
vt 0.3892 0.3252 0.0000
vt 0.3982 0.3296 0.0000
vt 0.4050 0.3320 0.0000
vt 0.4150 0.3276 0.0000
vt 0.4209 0.3218 0.0000
vt 0.4214 0.3145 0.0000
vt 0.4131 0.3081 0.0000
vt 0.4050 0.3052 0.0000
vt 0.3960 0.3076 0.0000
vt 0.4053 0.3203 0.0000
vt 0.3931 0.2744 0.0000
vt 0.3748 0.2891 0.0000
vt 0.3975 0.2881 0.0000
vt 0.4197 0.2842 0.0000
vt 0.4146 0.2964 0.0000
vt 0.4368 0.3057 0.0000
vt 0.4290 0.3066 0.0000
vt 0.4338 0.3262 0.0000
vt 0.4277 0.3242 0.0000
vt 0.4167 0.3384 0.0000
vt 0.4202 0.3457 0.0000
vt 0.4023 0.3535 0.0000
vt 0.3997 0.3413 0.0000
vt 0.3845 0.3452 0.0000
vt 0.3894 0.3369 0.0000
vt 0.3794 0.3286 0.0000
vt 0.3621 0.3311 0.0000
vt 0.3735 0.3125 0.0000
vt 0.3630 0.3091 0.0000
vt 0.3811 0.2959 0.0000
vt 0.3884 0.3008 0.0000
vt 0.4009 0.2954 0.0000
vt 0.4138 0.3008 0.0000
vt 0.4246 0.3091 0.0000
vt 0.4241 0.3223 0.0000
vt 0.4141 0.3330 0.0000
vt 0.4021 0.3354 0.0000
vt 0.3945 0.3320 0.0000
vt 0.3843 0.3267 0.0000
vt 0.3806 0.3140 0.0000
vt 0.3857 0.3149 0.0000
vt 0.3892 0.3252 0.0000
vt 0.3982 0.3296 0.0000
vt 0.4050 0.3320 0.0000
vt 0.4150 0.3276 0.0000
vt 0.4209 0.3218 0.0000
vt 0.4214 0.3145 0.0000
vt 0.4131 0.3081 0.0000
vt 0.4050 0.3052 0.0000
vt 0.3960 0.3076 0.0000
vt 0.4053 0.3203 0.0000
vt 0.3931 0.2744 0.0000
vt 0.3748 0.2891 0.0000
vt 0.3975 0.2881 0.0000
vt 0.4197 0.2842 0.0000
vt 0.4146 0.2964 0.0000
vt 0.4368 0.3057 0.0000
vt 0.4290 0.3066 0.0000
vt 0.4338 0.3262 0.0000
vt 0.4277 0.3242 0.0000
vt 0.4167 0.3384 0.0000
vt 0.4202 0.3457 0.0000
vt 0.4023 0.3535 0.0000
vt 0.3997 0.3413 0.0000
vt 0.3845 0.3452 0.0000
vt 0.3894 0.3369 0.0000
vt 0.3794 0.3286 0.0000
vt 0.3621 0.3311 0.0000
vt 0.3735 0.3125 0.0000
vt 0.3630 0.3091 0.0000
vt 0.3811 0.2959 0.0000
vt 0.3884 0.3008 0.0000
vt 0.4009 0.2954 0.0000
vt 0.4138 0.3008 0.0000
vt 0.4246 0.3091 0.0000
vt 0.4241 0.3223 0.0000
vt 0.4141 0.3330 0.0000
vt 0.4021 0.3354 0.0000
vt 0.3945 0.3320 0.0000
vt 0.3843 0.3267 0.0000
vt 0.3806 0.3140 0.0000
vt 0.3857 0.3149 0.0000
vt 0.3892 0.3252 0.0000
vt 0.3982 0.3296 0.0000
vt 0.4050 0.3320 0.0000
vt 0.4150 0.3276 0.0000
vt 0.4209 0.3218 0.0000
vt 0.4214 0.3145 0.0000
vt 0.4131 0.3081 0.0000
vt 0.4050 0.3052 0.0000
vt 0.3960 0.3076 0.0000
vt 0.4053 0.3203 0.0000
vt 0.3931 0.2744 0.0000
vt 0.3748 0.2891 0.0000
vt 0.3975 0.2881 0.0000
vt 0.4197 0.2842 0.0000
vt 0.4146 0.2964 0.0000
vt 0.4368 0.3057 0.0000
vt 0.4290 0.3066 0.0000
vt 0.4338 0.3262 0.0000
vt 0.4277 0.3242 0.0000
vt 0.4167 0.3384 0.0000
vt 0.4202 0.3457 0.0000
vt 0.4023 0.3535 0.0000
vt 0.3997 0.3413 0.0000
vt 0.3845 0.3452 0.0000
vt 0.3894 0.3369 0.0000
vt 0.3794 0.3286 0.0000
vt 0.3621 0.3311 0.0000
vt 0.3735 0.3125 0.0000
vt 0.3630 0.3091 0.0000
vt 0.3811 0.2959 0.0000
vt 0.3884 0.3008 0.0000
vt 0.4009 0.2954 0.0000
vt 0.4138 0.3008 0.0000
vt 0.4246 0.3091 0.0000
vt 0.4241 0.3223 0.0000
vt 0.4141 0.3330 0.0000
vt 0.4021 0.3354 0.0000
vt 0.3945 0.3320 0.0000
vt 0.3843 0.3267 0.0000
vt 0.3806 0.3140 0.0000
vt 0.3857 0.3149 0.0000
vt 0.3892 0.3252 0.0000
vt 0.3982 0.3296 0.0000
vt 0.4050 0.3320 0.0000
vt 0.4150 0.3276 0.0000
vt 0.4209 0.3218 0.0000
vt 0.4214 0.3145 0.0000
vt 0.4131 0.3081 0.0000
vt 0.4050 0.3052 0.0000
vt 0.3960 0.3076 0.0000
vt 0.4053 0.3203 0.0000
vt 0.3931 0.2744 0.0000
vt 0.3748 0.2891 0.0000
vt 0.3975 0.2881 0.0000
vt 0.4197 0.2842 0.0000
vt 0.4146 0.2964 0.0000
vt 0.4368 0.3057 0.0000
vt 0.4290 0.3066 0.0000
vt 0.4338 0.3262 0.0000
vt 0.4277 0.3242 0.0000
vt 0.4167 0.3384 0.0000
vt 0.4202 0.3457 0.0000
vt 0.4023 0.3535 0.0000
vt 0.3997 0.3413 0.0000
vt 0.3845 0.3452 0.0000
vt 0.3894 0.3369 0.0000
vt 0.3794 0.3286 0.0000
vt 0.3621 0.3311 0.0000
vt 0.3735 0.3125 0.0000
vt 0.3630 0.3091 0.0000
vt 0.3811 0.2959 0.0000
vt 0.3884 0.3008 0.0000
vt 0.4009 0.2954 0.0000
vt 0.4138 0.3008 0.0000
vt 0.4246 0.3091 0.0000
vt 0.4241 0.3223 0.0000
vt 0.4141 0.3330 0.0000
vt 0.4021 0.3354 0.0000
vt 0.3945 0.3320 0.0000
vt 0.3843 0.3267 0.0000
vt 0.3806 0.3140 0.0000
vt 0.3857 0.3149 0.0000
vt 0.3892 0.3252 0.0000
vt 0.3982 0.3296 0.0000
vt 0.4050 0.3320 0.0000
vt 0.4150 0.3276 0.0000
vt 0.4209 0.3218 0.0000
vt 0.4214 0.3145 0.0000
vt 0.4131 0.3081 0.0000
vt 0.4050 0.3052 0.0000
vt 0.3960 0.3076 0.0000
vt 0.4053 0.3203 0.0000
vt 0.3931 0.2744 0.0000
vt 0.3748 0.2891 0.0000
vt 0.3975 0.2881 0.0000
vt 0.4197 0.2842 0.0000
vt 0.4146 0.2964 0.0000
vt 0.4368 0.3057 0.0000
vt 0.4290 0.3066 0.0000
vt 0.4338 0.3262 0.0000
vt 0.4277 0.3242 0.0000
vt 0.4167 0.3384 0.0000
vt 0.4202 0.3457 0.0000
vt 0.4023 0.3535 0.0000
vt 0.3997 0.3413 0.0000
vt 0.3845 0.3452 0.0000
vt 0.3894 0.3369 0.0000
vt 0.3794 0.3286 0.0000
vt 0.3621 0.3311 0.0000
vt 0.3735 0.3125 0.0000
vt 0.3630 0.3091 0.0000
vt 0.3811 0.2959 0.0000
vt 0.3884 0.3008 0.0000
vt 0.4009 0.2954 0.0000
vt 0.4138 0.3008 0.0000
vt 0.4246 0.3091 0.0000
vt 0.4241 0.3223 0.0000
vt 0.4141 0.3330 0.0000
vt 0.4021 0.3354 0.0000
vt 0.3945 0.3320 0.0000
vt 0.3843 0.3267 0.0000
vt 0.3806 0.3140 0.0000
vt 0.3857 0.3149 0.0000
vt 0.3892 0.3252 0.0000
vt 0.3982 0.3296 0.0000
vt 0.4050 0.3320 0.0000
vt 0.4150 0.3276 0.0000
vt 0.4209 0.3218 0.0000
vt 0.4214 0.3145 0.0000
vt 0.4131 0.3081 0.0000
vt 0.4050 0.3052 0.0000
vt 0.3960 0.3076 0.0000
vt 0.4053 0.3203 0.0000
vt 0.3931 0.2744 0.0000
vt 0.3748 0.2891 0.0000
vt 0.3975 0.2881 0.0000
vt 0.4197 0.2842 0.0000
vt 0.4146 0.2964 0.0000
vt 0.4368 0.3057 0.0000
vt 0.4290 0.3066 0.0000
vt 0.4338 0.3262 0.0000
vt 0.4277 0.3242 0.0000
vt 0.4167 0.3384 0.0000
vt 0.4202 0.3457 0.0000
vt 0.4023 0.3535 0.0000
vt 0.3997 0.3413 0.0000
vt 0.3845 0.3452 0.0000
vt 0.3894 0.3369 0.0000
vt 0.3794 0.3286 0.0000
vt 0.3621 0.3311 0.0000
vt 0.3735 0.3125 0.0000
vt 0.3630 0.3091 0.0000
vt 0.3811 0.2959 0.0000
vt 0.3884 0.3008 0.0000
vt 0.4009 0.2954 0.0000
vt 0.4138 0.3008 0.0000
vt 0.4246 0.3091 0.0000
vt 0.4241 0.3223 0.0000
vt 0.4141 0.3330 0.0000
vt 0.4021 0.3354 0.0000
vt 0.3945 0.3320 0.0000
vt 0.3843 0.3267 0.0000
vt 0.3806 0.3140 0.0000
vt 0.3857 0.3149 0.0000
vt 0.3892 0.3252 0.0000
vt 0.3982 0.3296 0.0000
vt 0.4050 0.3320 0.0000
vt 0.4150 0.3276 0.0000
vt 0.4209 0.3218 0.0000
vt 0.4214 0.3145 0.0000
vt 0.4131 0.3081 0.0000
vt 0.4050 0.3052 0.0000
vt 0.3960 0.3076 0.0000
vt 0.4053 0.3203 0.0000
vt 0.3931 0.2744 0.0000
vt 0.3748 0.2891 0.0000
vt 0.3975 0.2881 0.0000
vt 0.4197 0.2842 0.0000
vt 0.4146 0.2964 0.0000
vt 0.4368 0.3057 0.0000
vt 0.4290 0.3066 0.0000
vt 0.4338 0.3262 0.0000
vt 0.4277 0.3242 0.0000
vt 0.4167 0.3384 0.0000
vt 0.4202 0.3457 0.0000
vt 0.4023 0.3535 0.0000
vt 0.3997 0.3413 0.0000
vt 0.3845 0.3452 0.0000
vt 0.3894 0.3369 0.0000
vt 0.3794 0.3286 0.0000
vt 0.3621 0.3311 0.0000
vt 0.3735 0.3125 0.0000
vt 0.3630 0.3091 0.0000
vt 0.3811 0.2959 0.0000
vt 0.3884 0.3008 0.0000
vt 0.4009 0.2954 0.0000
vt 0.4138 0.3008 0.0000
vt 0.4246 0.3091 0.0000
vt 0.4241 0.3223 0.0000
vt 0.4141 0.3330 0.0000
vt 0.4021 0.3354 0.0000
vt 0.3945 0.3320 0.0000
vt 0.3843 0.3267 0.0000
vt 0.3806 0.3140 0.0000
vt 0.3857 0.3149 0.0000
vt 0.3892 0.3252 0.0000
vt 0.3982 0.3296 0.0000
vt 0.4050 0.3320 0.0000
vt 0.4150 0.3276 0.0000
vt 0.4209 0.3218 0.0000
vt 0.4214 0.3145 0.0000
vt 0.4131 0.3081 0.0000
vt 0.4050 0.3052 0.0000
vt 0.3960 0.3076 0.0000
vt 0.4053 0.3203 0.0000
vt 0.3931 0.2744 0.0000
vt 0.3748 0.2891 0.0000
vt 0.3975 0.2881 0.0000
vt 0.4197 0.2842 0.0000
vt 0.4146 0.2964 0.0000
vt 0.4368 0.3057 0.0000
vt 0.4290 0.3066 0.0000
vt 0.4338 0.3262 0.0000
vt 0.4277 0.3242 0.0000
vt 0.4167 0.3384 0.0000
vt 0.4202 0.3457 0.0000
vt 0.4023 0.3535 0.0000
vt 0.3997 0.3413 0.0000
vt 0.3845 0.3452 0.0000
vt 0.3894 0.3369 0.0000
vt 0.3794 0.3286 0.0000
vt 0.3621 0.3311 0.0000
vt 0.3735 0.3125 0.0000
vt 0.3630 0.3091 0.0000
vt 0.3811 0.2959 0.0000
vt 0.3884 0.3008 0.0000
vt 0.4009 0.2954 0.0000
vt 0.4138 0.3008 0.0000
vt 0.4246 0.3091 0.0000
vt 0.4241 0.3223 0.0000
vt 0.4141 0.3330 0.0000
vt 0.4021 0.3354 0.0000
vt 0.3945 0.3320 0.0000
vt 0.3843 0.3267 0.0000
vt 0.3806 0.3140 0.0000
vt 0.3857 0.3149 0.0000
vt 0.3892 0.3252 0.0000
vt 0.3982 0.3296 0.0000
vt 0.4050 0.3320 0.0000
vt 0.4150 0.3276 0.0000
vt 0.4209 0.3218 0.0000
vt 0.4214 0.3145 0.0000
vt 0.4131 0.3081 0.0000
vt 0.4050 0.3052 0.0000
vt 0.3960 0.3076 0.0000
vt 0.4053 0.3203 0.0000
vt 0.3931 0.2744 0.0000
vt 0.3748 0.2891 0.0000
vt 0.3975 0.2881 0.0000
vt 0.4197 0.2842 0.0000
vt 0.4146 0.2964 0.0000
vt 0.4368 0.3057 0.0000
vt 0.4290 0.3066 0.0000
vt 0.4338 0.3262 0.0000
vt 0.4277 0.3242 0.0000
vt 0.4167 0.3384 0.0000
vt 0.4202 0.3457 0.0000
vt 0.4023 0.3535 0.0000
vt 0.3997 0.3413 0.0000
vt 0.3845 0.3452 0.0000
vt 0.3894 0.3369 0.0000
vt 0.3794 0.3286 0.0000
vt 0.3621 0.3311 0.0000
vt 0.3735 0.3125 0.0000
vt 0.3630 0.3091 0.0000
vt 0.3811 0.2959 0.0000
vt 0.3884 0.3008 0.0000
vt 0.4009 0.2954 0.0000
vt 0.4138 0.3008 0.0000
vt 0.4246 0.3091 0.0000
vt 0.4241 0.3223 0.0000
vt 0.4141 0.3330 0.0000
vt 0.4021 0.3354 0.0000
vt 0.3945 0.3320 0.0000
vt 0.3843 0.3267 0.0000
vt 0.3806 0.3140 0.0000
vt 0.3857 0.3149 0.0000
vt 0.3892 0.3252 0.0000
vt 0.3982 0.3296 0.0000
vt 0.4050 0.3320 0.0000
vt 0.4150 0.3276 0.0000
vt 0.4209 0.3218 0.0000
vt 0.4214 0.3145 0.0000
vt 0.4131 0.3081 0.0000
vt 0.4050 0.3052 0.0000
vt 0.3960 0.3076 0.0000
vt 0.4053 0.3203 0.0000
vt 0.3931 0.2744 0.0000
vt 0.3748 0.2891 0.0000
vt 0.3975 0.2881 0.0000
vt 0.4197 0.2842 0.0000
vt 0.4146 0.2964 0.0000
vt 0.4368 0.3057 0.0000
vt 0.4290 0.3066 0.0000
vt 0.4338 0.3262 0.0000
vt 0.4277 0.3242 0.0000
vt 0.4167 0.3384 0.0000
vt 0.4202 0.3457 0.0000
vt 0.4023 0.3535 0.0000
vt 0.3997 0.3413 0.0000
vt 0.3845 0.3452 0.0000
vt 0.3894 0.3369 0.0000
vt 0.3794 0.3286 0.0000
vt 0.3621 0.3311 0.0000
vt 0.3735 0.3125 0.0000
vt 0.3630 0.3091 0.0000
vt 0.3811 0.2959 0.0000
vt 0.3884 0.3008 0.0000
vt 0.4009 0.2954 0.0000
vt 0.4138 0.3008 0.0000
vt 0.4246 0.3091 0.0000
vt 0.4241 0.3223 0.0000
vt 0.4141 0.3330 0.0000
vt 0.4021 0.3354 0.0000
vt 0.3945 0.3320 0.0000
vt 0.3843 0.3267 0.0000
vt 0.3806 0.3140 0.0000
vt 0.3857 0.3149 0.0000
vt 0.3892 0.3252 0.0000
vt 0.3982 0.3296 0.0000
vt 0.4050 0.3320 0.0000
vt 0.4150 0.3276 0.0000
vt 0.4209 0.3218 0.0000
vt 0.4214 0.3145 0.0000
vt 0.4131 0.3081 0.0000
vt 0.4050 0.3052 0.0000
vt 0.3960 0.3076 0.0000
vt 0.4053 0.3203 0.0000
vt 0.3931 0.2744 0.0000
vt 0.3748 0.2891 0.0000
vt 0.3975 0.2881 0.0000
vt 0.4197 0.2842 0.0000
vt 0.4146 0.2964 0.0000
vt 0.4368 0.3057 0.0000
vt 0.4290 0.3066 0.0000
vt 0.4338 0.3262 0.0000
vt 0.4277 0.3242 0.0000
vt 0.4167 0.3384 0.0000
vt 0.4202 0.3457 0.0000
vt 0.4023 0.3535 0.0000
vt 0.3997 0.3413 0.0000
vt 0.3845 0.3452 0.0000
vt 0.3894 0.3369 0.0000
vt 0.3794 0.3286 0.0000
vt 0.3621 0.3311 0.0000
vt 0.3735 0.3125 0.0000
vt 0.3630 0.3091 0.0000
vt 0.3811 0.2959 0.0000
vt 0.3884 0.3008 0.0000
vt 0.4009 0.2954 0.0000
vt 0.4138 0.3008 0.0000
vt 0.4246 0.3091 0.0000
vt 0.4241 0.3223 0.0000
vt 0.4141 0.3330 0.0000
vt 0.4021 0.3354 0.0000
vt 0.3945 0.3320 0.0000
vt 0.3843 0.3267 0.0000
vt 0.3806 0.3140 0.0000
vt 0.3857 0.3149 0.0000
vt 0.3892 0.3252 0.0000
vt 0.3982 0.3296 0.0000
vt 0.4050 0.3320 0.0000
vt 0.4150 0.3276 0.0000
vt 0.4209 0.3218 0.0000
vt 0.4214 0.3145 0.0000
vt 0.4131 0.3081 0.0000
vt 0.4050 0.3052 0.0000
vt 0.3960 0.3076 0.0000
vt 0.4053 0.3203 0.0000
vt 0.3931 0.2744 0.0000
vt 0.3748 0.2891 0.0000
vt 0.3975 0.2881 0.0000
vt 0.4197 0.2842 0.0000
vt 0.4146 0.2964 0.0000
vt 0.4368 0.3057 0.0000
vt 0.4290 0.3066 0.0000
vt 0.4338 0.3262 0.0000
vt 0.4277 0.3242 0.0000
vt 0.4167 0.3384 0.0000
vt 0.4202 0.3457 0.0000
vt 0.4023 0.3535 0.0000
vt 0.3997 0.3413 0.0000
vt 0.3845 0.3452 0.0000
vt 0.3894 0.3369 0.0000
vt 0.3794 0.3286 0.0000
vt 0.3621 0.3311 0.0000
vt 0.3735 0.3125 0.0000
vt 0.3630 0.3091 0.0000
vt 0.3811 0.2959 0.0000
vt 0.3884 0.3008 0.0000
vt 0.4009 0.2954 0.0000
vt 0.4138 0.3008 0.0000
vt 0.4246 0.3091 0.0000
vt 0.4241 0.3223 0.0000
vt 0.4141 0.3330 0.0000
vt 0.4021 0.3354 0.0000
vt 0.3945 0.3320 0.0000
vt 0.3843 0.3267 0.0000
vt 0.3806 0.3140 0.0000
vt 0.3857 0.3149 0.0000
vt 0.3892 0.3252 0.0000
vt 0.3982 0.3296 0.0000
vt 0.4050 0.3320 0.0000
vt 0.4150 0.3276 0.0000
vt 0.4209 0.3218 0.0000
vt 0.4214 0.3145 0.0000
vt 0.4131 0.3081 0.0000
vt 0.4050 0.3052 0.0000
vt 0.3960 0.3076 0.0000
vt 0.4053 0.3203 0.0000
# 1066 texture coords

o SM_Barnacle_Group_03_LOD0
g SM_Barnacle_Group_03_LOD0
usemtl MAT_Sea_Shells
s 1
f 17/3/1 14/2/2 1/1/3 
f 2/4/4 17/3/5 1/1/6 
f 19/5/7 17/3/8 2/4/9 
f 3/6/10 19/5/11 2/4/12 
f 5/7/13 19/5/14 3/6/15 
f 4/8/16 5/7/17 3/6/18 
f 22/9/19 5/7/20 4/8/21 
f 23/10/22 22/9/23 4/8/24 
f 6/11/25 23/10/26 4/8/27 
f 7/12/28 23/10/29 6/11/30 
f 24/13/31 23/10/32 7/12/33 
f 8/14/34 24/13/35 7/12/36 
f 9/15/37 24/13/38 8/14/39 
f 10/16/40 9/15/41 8/14/42 
f 12/17/43 10/16/44 8/14/45 
f 11/18/46 10/16/47 12/17/48 
f 13/19/49 11/18/50 12/17/51 
f 15/20/52 11/18/53 13/19/54 
f 14/2/55 15/20/56 13/19/57 
f 17/3/58 15/20/59 14/2/60 
f 16/21/61 15/20/62 17/3/63 
f 18/22/64 16/21/65 17/3/66 
f 19/5/67 18/22/68 17/3/69 
f 20/23/70 18/22/71 19/5/72 
f 5/7/73 20/23/74 19/5/75 
f 21/24/76 20/23/77 5/7/78 
f 22/9/79 21/24/80 5/7/81 
f 32/25/82 21/24/83 22/9/84 
f 31/26/85 32/25/86 22/9/87 
f 23/10/88 31/26/89 22/9/90 
f 29/27/91 31/26/92 23/10/93 
f 24/13/94 29/27/95 23/10/96 
f 28/28/97 29/27/98 24/13/99 
f 9/15/100 28/28/101 24/13/102 
f 25/29/103 28/28/104 9/15/105 
f 10/16/106 25/29/107 9/15/108 
f 26/30/109 25/29/110 10/16/111 
f 11/18/112 26/30/113 10/16/114 
f 15/20/115 26/30/116 11/18/117 
f 16/21/118 26/30/119 15/20/120 
f 16/21/121 36/31/122 26/30/123 
f 36/31/124 25/29/125 26/30/126 
f 36/31/127 27/32/128 25/29/129 
f 27/32/130 28/28/131 25/29/132 
f 27/32/133 30/33/134 28/28/135 
f 30/33/136 29/27/137 28/28/138 
f 30/33/139 41/34/140 29/27/141 
f 41/34/142 31/26/143 29/27/144 
f 41/34/145 40/35/146 31/26/147 
f 40/35/148 32/25/149 31/26/150 
f 38/36/151 32/25/152 40/35/153 
f 38/36/154 37/37/155 32/25/156 
f 37/37/157 21/24/158 32/25/159 
f 37/37/160 33/38/161 21/24/162 
f 33/38/163 20/23/164 21/24/165 
f 33/38/166 34/39/167 20/23/168 
f 34/39/169 18/22/170 20/23/171 
f 34/39/172 35/40/173 18/22/174 
f 35/40/175 16/21/176 18/22/177 
f 35/40/178 36/31/179 16/21/180 
f 39/41/181 36/31/182 35/40/183 
f 34/39/184 39/41/185 35/40/186 
f 33/38/187 39/41/188 34/39/189 
f 37/37/190 39/41/191 33/38/192 
f 38/36/193 39/41/194 37/37/195 
f 40/35/196 39/41/197 38/36/198 
f 41/34/199 39/41/200 40/35/201 
f 30/33/202 39/41/203 41/34/204 
f 27/32/205 39/41/206 30/33/207 
f 27/32/208 36/31/209 39/41/210 
f 57/44/211 43/43/212 42/42/213 
f 44/45/214 57/44/215 42/42/216 
f 46/46/217 57/44/218 44/45/219 
f 45/47/220 46/46/221 44/45/222 
f 47/48/223 46/46/224 45/47/225 
f 48/49/226 47/48/227 45/47/228 
f 60/50/229 47/48/230 48/49/231 
f 62/51/232 60/50/233 48/49/234 
f 49/52/235 62/51/236 48/49/237 
f 50/53/238 62/51/239 49/52/240 
f 51/54/241 62/51/242 50/53/243 
f 53/55/244 51/54/245 50/53/246 
f 52/56/247 51/54/248 53/55/249 
f 64/57/250 52/56/251 53/55/252 
f 54/58/253 64/57/254 53/55/255 
f 65/59/256 64/57/257 54/58/258 
f 55/60/259 65/59/260 54/58/261 
f 56/61/262 65/59/263 55/60/264 
f 43/43/265 56/61/266 55/60/267 
f 57/44/268 56/61/269 43/43/270 
f 58/62/271 56/61/272 57/44/273 
f 75/63/274 58/62/275 57/44/276 
f 46/46/277 75/63/278 57/44/279 
f 59/64/280 75/63/281 46/46/282 
f 47/48/283 59/64/284 46/46/285 
f 73/65/286 59/64/287 47/48/288 
f 60/50/289 73/65/290 47/48/291 
f 61/66/292 73/65/293 60/50/294 
f 70/67/295 61/66/296 60/50/297 
f 62/51/298 70/67/299 60/50/300 
f 63/68/301 70/67/302 62/51/303 
f 51/54/304 63/68/305 62/51/306 
f 69/69/307 63/68/308 51/54/309 
f 52/56/310 69/69/311 51/54/312 
f 67/70/313 69/69/314 52/56/315 
f 64/57/316 67/70/317 52/56/318 
f 66/71/319 67/70/320 64/57/321 
f 65/59/322 66/71/323 64/57/324 
f 56/61/325 66/71/326 65/59/327 
f 58/62/328 66/71/329 56/61/330 
f 58/62/331 68/72/332 66/71/333 
f 68/72/334 67/70/335 66/71/336 
f 68/72/337 82/73/338 67/70/339 
f 82/73/340 69/69/341 67/70/342 
f 82/73/343 81/74/344 69/69/345 
f 81/74/346 63/68/347 69/69/348 
f 81/74/349 71/75/350 63/68/351 
f 71/75/352 70/67/353 63/68/354 
f 71/75/355 72/76/356 70/67/357 
f 72/76/358 61/66/359 70/67/360 
f 80/77/361 61/66/362 72/76/363 
f 80/77/364 74/78/365 61/66/366 
f 74/78/367 73/65/368 61/66/369 
f 74/78/370 79/79/371 73/65/372 
f 79/79/373 59/64/374 73/65/375 
f 79/79/376 76/80/377 59/64/378 
f 76/80/379 75/63/380 59/64/381 
f 76/80/382 77/81/383 75/63/384 
f 77/81/385 58/62/386 75/63/387 
f 77/81/388 68/72/389 58/62/390 
f 78/82/391 68/72/392 77/81/393 
f 76/80/394 78/82/395 77/81/396 
f 79/79/397 78/82/398 76/80/399 
f 74/78/400 78/82/401 79/79/402 
f 80/77/403 78/82/404 74/78/405 
f 72/76/406 78/82/407 80/77/408 
f 71/75/409 78/82/410 72/76/411 
f 81/74/412 78/82/413 71/75/414 
f 82/73/415 78/82/416 81/74/417 
f 82/73/418 68/72/419 78/82/420 
f 98/85/421 97/84/422 83/83/423 
f 84/86/424 98/85/425 83/83/426 
f 85/87/427 98/85/428 84/86/429 
f 86/88/430 85/87/431 84/86/432 
f 101/89/433 85/87/434 86/88/435 
f 87/90/436 101/89/437 86/88/438 
f 88/91/439 101/89/440 87/90/441 
f 89/92/442 88/91/443 87/90/444 
f 90/93/445 89/92/446 87/90/447 
f 91/94/448 89/92/449 90/93/450 
f 92/95/451 89/92/452 91/94/453 
f 93/96/454 92/95/455 91/94/456 
f 106/97/457 92/95/458 93/96/459 
f 107/98/460 106/97/461 93/96/462 
f 94/99/463 107/98/464 93/96/465 
f 108/100/466 107/98/467 94/99/468 
f 95/101/469 108/100/470 94/99/471 
f 96/102/472 108/100/473 95/101/474 
f 97/84/475 96/102/476 95/101/477 
f 98/85/478 96/102/479 97/84/480 
f 99/103/481 96/102/482 98/85/483 
f 100/104/484 99/103/485 98/85/486 
f 85/87/487 100/104/488 98/85/489 
f 116/105/490 100/104/491 85/87/492 
f 101/89/493 116/105/494 85/87/495 
f 102/106/496 116/105/497 101/89/498 
f 88/91/499 102/106/500 101/89/501 
f 114/107/502 102/106/503 88/91/504 
f 103/108/505 114/107/506 88/91/507 
f 89/92/508 103/108/509 88/91/510 
f 104/109/511 103/108/512 89/92/513 
f 92/95/514 104/109/515 89/92/516 
f 105/110/517 104/109/518 92/95/519 
f 106/97/520 105/110/521 92/95/522 
f 111/111/523 105/110/524 106/97/525 
f 107/98/526 111/111/527 106/97/528 
f 109/112/529 111/111/530 107/98/531 
f 108/100/532 109/112/533 107/98/534 
f 96/102/535 109/112/536 108/100/537 
f 99/103/538 109/112/539 96/102/540 
f 99/103/541 110/113/542 109/112/543 
f 110/113/544 111/111/545 109/112/546 
f 110/113/547 123/114/548 111/111/549 
f 123/114/550 105/110/551 111/111/552 
f 123/114/553 112/115/554 105/110/555 
f 112/115/556 104/109/557 105/110/558 
f 112/115/559 113/116/560 104/109/561 
f 113/116/562 103/108/563 104/109/564 
f 113/116/565 121/117/566 103/108/567 
f 121/117/568 114/107/569 103/108/570 
f 120/118/571 114/107/572 121/117/573 
f 120/118/574 119/119/575 114/107/576 
f 119/119/577 102/106/578 114/107/579 
f 119/119/580 115/120/581 102/106/582 
f 115/120/583 116/105/584 102/106/585 
f 115/120/586 117/121/587 116/105/588 
f 117/121/589 100/104/590 116/105/591 
f 117/121/592 118/122/593 100/104/594 
f 118/122/595 99/103/596 100/104/597 
f 118/122/598 110/113/599 99/103/600 
f 122/123/601 110/113/602 118/122/603 
f 117/121/604 122/123/605 118/122/606 
f 115/120/607 122/123/608 117/121/609 
f 119/119/610 122/123/611 115/120/612 
f 120/118/613 122/123/614 119/119/615 
f 121/117/616 122/123/617 120/118/618 
f 113/116/619 122/123/620 121/117/621 
f 112/115/622 122/123/623 113/116/624 
f 123/114/625 122/123/626 112/115/627 
f 123/114/628 110/113/629 122/123/630 
f 126/126/631 138/125/632 124/124/633 
f 125/127/634 126/126/635 124/124/636 
f 127/128/637 126/126/638 125/127/639 
f 128/129/640 127/128/641 125/127/642 
f 129/130/643 127/128/644 128/129/645 
f 130/131/646 129/130/647 128/129/648 
f 140/132/649 129/130/650 130/131/651 
f 141/133/652 140/132/653 130/131/654 
f 131/134/655 141/133/656 130/131/657 
f 132/135/658 141/133/659 131/134/660 
f 142/136/661 141/133/662 132/135/663 
f 133/137/664 142/136/665 132/135/666 
f 144/138/667 142/136/668 133/137/669 
f 134/139/670 144/138/671 133/137/672 
f 135/140/673 134/139/674 133/137/675 
f 146/141/676 134/139/677 135/140/678 
f 137/142/679 146/141/680 135/140/681 
f 136/143/682 146/141/683 137/142/684 
f 138/125/685 136/143/686 137/142/687 
f 126/126/688 136/143/689 138/125/690 
f 160/144/691 136/143/692 126/126/693 
f 158/145/694 160/144/695 126/126/696 
f 127/128/697 158/145/698 126/126/699 
f 157/146/700 158/145/701 127/128/702 
f 129/130/703 157/146/704 127/128/705 
f 139/147/706 157/146/707 129/130/708 
f 140/132/709 139/147/710 129/130/711 
f 153/148/712 139/147/713 140/132/714 
f 151/149/715 153/148/716 140/132/717 
f 141/133/718 151/149/719 140/132/720 
f 143/150/721 151/149/722 141/133/723 
f 142/136/724 143/150/725 141/133/726 
f 149/151/727 143/150/728 142/136/729 
f 144/138/730 149/151/731 142/136/732 
f 145/152/733 149/151/734 144/138/735 
f 134/139/736 145/152/737 144/138/738 
f 147/153/739 145/152/740 134/139/741 
f 146/141/742 147/153/743 134/139/744 
f 136/143/745 147/153/746 146/141/747 
f 160/144/748 147/153/749 136/143/750 
f 160/144/751 148/154/752 147/153/753 
f 148/154/754 145/152/755 147/153/756 
f 148/154/757 164/155/758 145/152/759 
f 164/155/760 149/151/761 145/152/762 
f 164/155/763 150/156/764 149/151/765 
f 150/156/766 143/150/767 149/151/768 
f 150/156/769 152/157/770 143/150/771 
f 152/157/772 151/149/773 143/150/774 
f 152/157/775 162/158/776 151/149/777 
f 162/158/778 153/148/779 151/149/780 
f 154/159/781 153/148/782 162/158/783 
f 154/159/784 155/160/785 153/148/786 
f 155/160/787 139/147/788 153/148/789 
f 155/160/790 156/161/791 139/147/792 
f 156/161/793 157/146/794 139/147/795 
f 156/161/796 159/162/797 157/146/798 
f 159/162/799 158/145/800 157/146/801 
f 159/162/802 161/163/803 158/145/804 
f 161/163/805 160/144/806 158/145/807 
f 161/163/808 148/154/809 160/144/810 
f 163/164/811 148/154/812 161/163/813 
f 159/162/814 163/164/815 161/163/816 
f 156/161/817 163/164/818 159/162/819 
f 155/160/820 163/164/821 156/161/822 
f 154/159/823 163/164/824 155/160/825 
f 162/158/826 163/164/827 154/159/828 
f 152/157/829 163/164/830 162/158/831 
f 150/156/832 163/164/833 152/157/834 
f 164/155/835 163/164/836 150/156/837 
f 164/155/838 148/154/839 163/164/840 
f 182/167/841 181/166/842 165/165/843 
f 166/168/844 182/167/845 165/165/846 
f 167/169/847 182/167/848 166/168/849 
f 168/170/850 167/169/851 166/168/852 
f 169/171/853 167/169/854 168/170/855 
f 170/172/856 169/171/857 168/170/858 
f 185/173/859 169/171/860 170/172/861 
f 171/174/862 185/173/863 170/172/864 
f 172/175/865 171/174/866 170/172/867 
f 173/176/868 171/174/869 172/175/870 
f 174/177/871 171/174/872 173/176/873 
f 176/178/874 174/177/875 173/176/876 
f 175/179/877 174/177/878 176/178/879 
f 189/180/880 175/179/881 176/178/882 
f 177/181/883 189/180/884 176/178/885 
f 179/182/886 189/180/887 177/181/888 
f 178/183/889 179/182/890 177/181/891 
f 180/184/892 179/182/893 178/183/894 
f 181/166/895 180/184/896 178/183/897 
f 182/167/898 180/184/899 181/166/900 
f 200/185/901 180/184/902 182/167/903 
f 183/186/904 200/185/905 182/167/906 
f 167/169/907 183/186/908 182/167/909 
f 184/187/910 183/186/911 167/169/912 
f 169/171/913 184/187/914 167/169/915 
f 186/188/916 184/187/917 169/171/918 
f 185/173/919 186/188/920 169/171/921 
f 198/189/922 186/188/923 185/173/924 
f 196/190/925 198/189/926 185/173/927 
f 171/174/928 196/190/929 185/173/930 
f 187/191/931 196/190/932 171/174/933 
f 174/177/934 187/191/935 171/174/936 
f 188/192/937 187/191/938 174/177/939 
f 175/179/940 188/192/941 174/177/942 
f 190/193/943 188/192/944 175/179/945 
f 189/180/946 190/193/947 175/179/948 
f 191/194/949 190/193/950 189/180/951 
f 179/182/952 191/194/953 189/180/954 
f 180/184/955 191/194/956 179/182/957 
f 200/185/958 191/194/959 180/184/960 
f 200/185/961 192/195/962 191/194/963 
f 192/195/964 190/193/965 191/194/966 
f 192/195/967 193/196/968 190/193/969 
f 193/196/970 188/192/971 190/193/972 
f 193/196/973 194/197/974 188/192/975 
f 194/197/976 187/191/977 188/192/978 
f 194/197/979 195/198/980 187/191/981 
f 195/198/982 196/190/983 187/191/984 
f 195/198/985 197/199/986 196/190/987 
f 197/199/988 198/189/989 196/190/990 
f 205/200/991 198/189/992 197/199/993 
f 205/200/994 204/201/995 198/189/996 
f 204/201/997 186/188/998 198/189/999 
f 204/201/1000 203/202/1001 186/188/1002 
f 203/202/1003 184/187/1004 186/188/1005 
f 203/202/1006 199/203/1007 184/187/1008 
f 199/203/1009 183/186/1010 184/187/1011 
f 199/203/1012 201/204/1013 183/186/1014 
f 201/204/1015 200/185/1016 183/186/1017 
f 201/204/1018 192/195/1019 200/185/1020 
f 202/205/1021 192/195/1022 201/204/1023 
f 199/203/1024 202/205/1025 201/204/1026 
f 203/202/1027 202/205/1028 199/203/1029 
f 204/201/1030 202/205/1031 203/202/1032 
f 205/200/1033 202/205/1034 204/201/1035 
f 197/199/1036 202/205/1037 205/200/1038 
f 195/198/1039 202/205/1040 197/199/1041 
f 194/197/1042 202/205/1043 195/198/1044 
f 193/196/1045 202/205/1046 194/197/1047 
f 193/196/1048 192/195/1049 202/205/1050 
f 209/208/1051 206/207/1052 207/206/1053 
f 208/209/1054 209/208/1055 207/206/1056 
f 210/210/1057 209/208/1058 208/209/1059 
f 211/211/1060 210/210/1061 208/209/1062 
f 212/212/1063 210/210/1064 211/211/1065 
f 213/213/1066 212/212/1067 211/211/1068 
f 214/214/1069 212/212/1070 213/213/1071 
f 227/215/1072 214/214/1073 213/213/1074 
f 215/216/1075 227/215/1076 213/213/1077 
f 216/217/1078 227/215/1079 215/216/1080 
f 217/218/1081 227/215/1082 216/217/1083 
f 218/219/1084 217/218/1085 216/217/1086 
f 219/220/1087 217/218/1088 218/219/1089 
f 220/221/1090 219/220/1091 218/219/1092 
f 221/222/1093 220/221/1094 218/219/1095 
f 222/223/1096 220/221/1097 221/222/1098 
f 223/224/1099 222/223/1100 221/222/1101 
f 224/225/1102 222/223/1103 223/224/1104 
f 206/207/1105 224/225/1106 223/224/1107 
f 209/208/1108 224/225/1109 206/207/1110 
f 225/226/1111 224/225/1112 209/208/1113 
f 240/227/1114 225/226/1115 209/208/1116 
f 210/210/1117 240/227/1118 209/208/1119 
f 226/228/1120 240/227/1121 210/210/1122 
f 212/212/1123 226/228/1124 210/210/1125 
f 237/229/1126 226/228/1127 212/212/1128 
f 214/214/1129 237/229/1130 212/212/1131 
f 235/230/1132 237/229/1133 214/214/1134 
f 234/231/1135 235/230/1136 214/214/1137 
f 227/215/1138 234/231/1139 214/214/1140 
f 228/232/1141 234/231/1142 227/215/1143 
f 217/218/1144 228/232/1145 227/215/1146 
f 229/233/1147 228/232/1148 217/218/1149 
f 219/220/1150 229/233/1151 217/218/1152 
f 230/234/1153 229/233/1154 219/220/1155 
f 220/221/1156 230/234/1157 219/220/1158 
f 231/235/1159 230/234/1160 220/221/1161 
f 222/223/1162 231/235/1163 220/221/1164 
f 224/225/1165 231/235/1166 222/223/1167 
f 225/226/1168 231/235/1169 224/225/1170 
f 225/226/1171 243/236/1172 231/235/1173 
f 243/236/1174 230/234/1175 231/235/1176 
f 243/236/1177 232/237/1178 230/234/1179 
f 232/237/1180 229/233/1181 230/234/1182 
f 232/237/1183 245/238/1184 229/233/1185 
f 245/238/1186 228/232/1187 229/233/1188 
f 245/238/1189 233/239/1190 228/232/1191 
f 233/239/1192 234/231/1193 228/232/1194 
f 233/239/1195 244/240/1196 234/231/1197 
f 244/240/1198 235/230/1199 234/231/1200 
f 236/241/1201 235/230/1202 244/240/1203 
f 236/241/1204 239/242/1205 235/230/1206 
f 239/242/1207 237/229/1208 235/230/1209 
f 239/242/1210 238/243/1211 237/229/1212 
f 238/243/1213 226/228/1214 237/229/1215 
f 238/243/1216 241/244/1217 226/228/1218 
f 241/244/1219 240/227/1220 226/228/1221 
f 241/244/1222 242/245/1223 240/227/1224 
f 242/245/1225 225/226/1226 240/227/1227 
f 242/245/1228 243/236/1229 225/226/1230 
f 246/246/1231 243/236/1232 242/245/1233 
f 241/244/1234 246/246/1235 242/245/1236 
f 238/243/1237 246/246/1238 241/244/1239 
f 239/242/1240 246/246/1241 238/243/1242 
f 236/241/1243 246/246/1244 239/242/1245 
f 244/240/1246 246/246/1247 236/241/1248 
f 233/239/1249 246/246/1250 244/240/1251 
f 245/238/1252 246/246/1253 233/239/1254 
f 232/237/1255 246/246/1256 245/238/1257 
f 232/237/1258 243/236/1259 246/246/1260 
f 258/249/1261 247/248/1262 248/247/1263 
f 249/250/1264 258/249/1265 248/247/1266 
f 250/251/1267 258/249/1268 249/250/1269 
f 251/252/1270 250/251/1271 249/250/1272 
f 260/253/1273 250/251/1274 251/252/1275 
f 252/254/1276 260/253/1277 251/252/1278 
f 263/255/1279 260/253/1280 252/254/1281 
f 264/256/1282 263/255/1283 252/254/1284 
f 253/257/1285 264/256/1286 252/254/1287 
f 254/258/1288 264/256/1289 253/257/1290 
f 265/259/1291 264/256/1292 254/258/1293 
f 255/260/1294 265/259/1295 254/258/1296 
f 266/261/1297 265/259/1298 255/260/1299 
f 268/262/1300 266/261/1301 255/260/1302 
f 256/263/1303 268/262/1304 255/260/1305 
f 270/264/1306 268/262/1307 256/263/1308 
f 257/265/1309 270/264/1310 256/263/1311 
f 259/266/1312 270/264/1313 257/265/1314 
f 247/248/1315 259/266/1316 257/265/1317 
f 258/249/1318 259/266/1319 247/248/1320 
f 271/267/1321 259/266/1322 258/249/1323 
f 279/268/1324 271/267/1325 258/249/1326 
f 250/251/1327 279/268/1328 258/249/1329 
f 278/269/1330 279/268/1331 250/251/1332 
f 260/253/1333 278/269/1334 250/251/1335 
f 261/270/1336 278/269/1337 260/253/1338 
f 263/255/1339 261/270/1340 260/253/1341 
f 262/271/1342 261/270/1343 263/255/1344 
f 275/272/1345 262/271/1346 263/255/1347 
f 264/256/1348 275/272/1349 263/255/1350 
f 274/273/1351 275/272/1352 264/256/1353 
f 265/259/1354 274/273/1355 264/256/1356 
f 272/274/1357 274/273/1358 265/259/1359 
f 266/261/1360 272/274/1361 265/259/1362 
f 267/275/1363 272/274/1364 266/261/1365 
f 268/262/1366 267/275/1367 266/261/1368 
f 269/276/1369 267/275/1370 268/262/1371 
f 270/264/1372 269/276/1373 268/262/1374 
f 259/266/1375 269/276/1376 270/264/1377 
f 271/267/1378 269/276/1379 259/266/1380 
f 271/267/1381 286/277/1382 269/276/1383 
f 286/277/1384 267/275/1385 269/276/1386 
f 286/277/1387 287/278/1388 267/275/1389 
f 287/278/1390 272/274/1391 267/275/1392 
f 287/278/1393 273/279/1394 272/274/1395 
f 273/279/1396 274/273/1397 272/274/1398 
f 273/279/1399 285/280/1400 274/273/1401 
f 285/280/1402 275/272/1403 274/273/1404 
f 285/280/1405 276/281/1406 275/272/1407 
f 276/281/1408 262/271/1409 275/272/1410 
f 283/282/1411 262/271/1412 276/281/1413 
f 283/282/1414 282/283/1415 262/271/1416 
f 282/283/1417 261/270/1418 262/271/1419 
f 282/283/1420 277/284/1421 261/270/1422 
f 277/284/1423 278/269/1424 261/270/1425 
f 277/284/1426 280/285/1427 278/269/1428 
f 280/285/1429 279/268/1430 278/269/1431 
f 280/285/1432 281/286/1433 279/268/1434 
f 281/286/1435 271/267/1436 279/268/1437 
f 281/286/1438 286/277/1439 271/267/1440 
f 284/287/1441 286/277/1442 281/286/1443 
f 280/285/1444 284/287/1445 281/286/1446 
f 277/284/1447 284/287/1448 280/285/1449 
f 282/283/1450 284/287/1451 277/284/1452 
f 283/282/1453 284/287/1454 282/283/1455 
f 276/281/1456 284/287/1457 283/282/1458 
f 285/280/1459 284/287/1460 276/281/1461 
f 273/279/1462 284/287/1463 285/280/1464 
f 287/278/1465 284/287/1466 273/279/1467 
f 287/278/1468 286/277/1469 284/287/1470 
f 305/290/1471 303/289/1472 288/288/1473 
f 289/291/1474 305/290/1475 288/288/1476 
f 290/292/1477 305/290/1478 289/291/1479 
f 291/293/1480 290/292/1481 289/291/1482 
f 292/294/1483 290/292/1484 291/293/1485 
f 294/295/1486 292/294/1487 291/293/1488 
f 293/296/1489 292/294/1490 294/295/1491 
f 309/297/1492 293/296/1493 294/295/1494 
f 295/298/1495 309/297/1496 294/295/1497 
f 296/299/1498 309/297/1499 295/298/1500 
f 297/300/1501 309/297/1502 296/299/1503 
f 298/301/1504 297/300/1505 296/299/1506 
f 310/302/1507 297/300/1508 298/301/1509 
f 299/303/1510 310/302/1511 298/301/1512 
f 300/304/1513 299/303/1514 298/301/1515 
f 312/305/1516 299/303/1517 300/304/1518 
f 301/306/1519 312/305/1520 300/304/1521 
f 302/307/1522 312/305/1523 301/306/1524 
f 303/289/1525 302/307/1526 301/306/1527 
f 305/290/1528 302/307/1529 303/289/1530 
f 323/308/1531 302/307/1532 305/290/1533 
f 304/309/1534 323/308/1535 305/290/1536 
f 290/292/1537 304/309/1538 305/290/1539 
f 320/310/1540 304/309/1541 290/292/1542 
f 292/294/1543 320/310/1544 290/292/1545 
f 306/311/1546 320/310/1547 292/294/1548 
f 293/296/1549 306/311/1550 292/294/1551 
f 307/312/1552 306/311/1553 293/296/1554 
f 308/313/1555 307/312/1556 293/296/1557 
f 309/297/1558 308/313/1559 293/296/1560 
f 316/314/1561 308/313/1562 309/297/1563 
f 297/300/1564 316/314/1565 309/297/1566 
f 315/315/1567 316/314/1568 297/300/1569 
f 310/302/1570 315/315/1571 297/300/1572 
f 311/316/1573 315/315/1574 310/302/1575 
f 299/303/1576 311/316/1577 310/302/1578 
f 313/317/1579 311/316/1580 299/303/1581 
f 312/305/1582 313/317/1583 299/303/1584 
f 302/307/1585 313/317/1586 312/305/1587 
f 323/308/1588 313/317/1589 302/307/1590 
f 323/308/1591 314/318/1592 313/317/1593 
f 314/318/1594 311/316/1595 313/317/1596 
f 314/318/1597 328/319/1598 311/316/1599 
f 328/319/1600 315/315/1601 311/316/1602 
f 328/319/1603 327/320/1604 315/315/1605 
f 327/320/1606 316/314/1607 315/315/1608 
f 327/320/1609 317/321/1610 316/314/1611 
f 317/321/1612 308/313/1613 316/314/1614 
f 317/321/1615 318/322/1616 308/313/1617 
f 318/322/1618 307/312/1619 308/313/1620 
f 326/323/1621 307/312/1622 318/322/1623 
f 326/323/1624 319/324/1625 307/312/1626 
f 319/324/1627 306/311/1628 307/312/1629 
f 319/324/1630 321/325/1631 306/311/1632 
f 321/325/1633 320/310/1634 306/311/1635 
f 321/325/1636 322/326/1637 320/310/1638 
f 322/326/1639 304/309/1640 320/310/1641 
f 322/326/1642 324/327/1643 304/309/1644 
f 324/327/1645 323/308/1646 304/309/1647 
f 324/327/1648 314/318/1649 323/308/1650 
f 325/328/1651 314/318/1652 324/327/1653 
f 322/326/1654 325/328/1655 324/327/1656 
f 321/325/1657 325/328/1658 322/326/1659 
f 319/324/1660 325/328/1661 321/325/1662 
f 326/323/1663 325/328/1664 319/324/1665 
f 318/322/1666 325/328/1667 326/323/1668 
f 317/321/1669 325/328/1670 318/322/1671 
f 327/320/1672 325/328/1673 317/321/1674 
f 328/319/1675 325/328/1676 327/320/1677 
f 328/319/1678 314/318/1679 325/328/1680 
f 330/331/1681 345/330/1682 329/329/1683 
f 331/332/1684 330/331/1685 329/329/1686 
f 332/333/1687 330/331/1688 331/332/1689 
f 333/334/1690 332/333/1691 331/332/1692 
f 334/335/1693 332/333/1694 333/334/1695 
f 335/336/1696 334/335/1697 333/334/1698 
f 336/337/1699 334/335/1700 335/336/1701 
f 338/338/1702 336/337/1703 335/336/1704 
f 337/339/1705 338/338/1706 335/336/1707 
f 339/340/1708 338/338/1709 337/339/1710 
f 349/341/1711 338/338/1712 339/340/1713 
f 340/342/1714 349/341/1715 339/340/1716 
f 341/343/1717 349/341/1718 340/342/1719 
f 351/344/1720 341/343/1721 340/342/1722 
f 342/345/1723 351/344/1724 340/342/1725 
f 343/346/1726 351/344/1727 342/345/1728 
f 344/347/1729 343/346/1730 342/345/1731 
f 346/348/1732 343/346/1733 344/347/1734 
f 345/330/1735 346/348/1736 344/347/1737 
f 330/331/1738 346/348/1739 345/330/1740 
f 365/349/1741 346/348/1742 330/331/1743 
f 347/350/1744 365/349/1745 330/331/1746 
f 332/333/1747 347/350/1748 330/331/1749 
f 362/351/1750 347/350/1751 332/333/1752 
f 334/335/1753 362/351/1754 332/333/1755 
f 361/352/1756 362/351/1757 334/335/1758 
f 336/337/1759 361/352/1760 334/335/1761 
f 359/353/1762 361/352/1763 336/337/1764 
f 348/354/1765 359/353/1766 336/337/1767 
f 338/338/1768 348/354/1769 336/337/1770 
f 356/355/1771 348/354/1772 338/338/1773 
f 349/341/1774 356/355/1775 338/338/1776 
f 355/356/1777 356/355/1778 349/341/1779 
f 341/343/1780 355/356/1781 349/341/1782 
f 350/357/1783 355/356/1784 341/343/1785 
f 351/344/1786 350/357/1787 341/343/1788 
f 352/358/1789 350/357/1790 351/344/1791 
f 343/346/1792 352/358/1793 351/344/1794 
f 346/348/1795 352/358/1796 343/346/1797 
f 365/349/1798 352/358/1799 346/348/1800 
f 365/349/1801 353/359/1802 352/358/1803 
f 353/359/1804 350/357/1805 352/358/1806 
f 353/359/1807 354/360/1808 350/357/1809 
f 354/360/1810 355/356/1811 350/357/1812 
f 354/360/1813 369/361/1814 355/356/1815 
f 369/361/1816 356/355/1817 355/356/1818 
f 369/361/1819 357/362/1820 356/355/1821 
f 357/362/1822 348/354/1823 356/355/1824 
f 357/362/1825 358/363/1826 348/354/1827 
f 358/363/1828 359/353/1829 348/354/1830 
f 367/364/1831 359/353/1832 358/363/1833 
f 367/364/1834 360/365/1835 359/353/1836 
f 360/365/1837 361/352/1838 359/353/1839 
f 360/365/1840 363/366/1841 361/352/1842 
f 363/366/1843 362/351/1844 361/352/1845 
f 363/366/1846 364/367/1847 362/351/1848 
f 364/367/1849 347/350/1850 362/351/1851 
f 364/367/1852 366/368/1853 347/350/1854 
f 366/368/1855 365/349/1856 347/350/1857 
f 366/368/1858 353/359/1859 365/349/1860 
f 368/369/1861 353/359/1862 366/368/1863 
f 364/367/1864 368/369/1865 366/368/1866 
f 363/366/1867 368/369/1868 364/367/1869 
f 360/365/1870 368/369/1871 363/366/1872 
f 367/364/1873 368/369/1874 360/365/1875 
f 358/363/1876 368/369/1877 367/364/1878 
f 357/362/1879 368/369/1880 358/363/1881 
f 369/361/1882 368/369/1883 357/362/1884 
f 354/360/1885 368/369/1886 369/361/1887 
f 354/360/1888 353/359/1889 368/369/1890 
f 370/372/1891 384/371/1892 371/370/1893 
f 372/373/1894 370/372/1895 371/370/1896 
f 373/374/1897 370/372/1898 372/373/1899 
f 374/375/1900 373/374/1901 372/373/1902 
f 376/376/1903 373/374/1904 374/375/1905 
f 375/377/1906 376/376/1907 374/375/1908 
f 387/378/1909 376/376/1910 375/377/1911 
f 389/379/1912 387/378/1913 375/377/1914 
f 377/380/1915 389/379/1916 375/377/1917 
f 378/381/1918 389/379/1919 377/380/1920 
f 380/382/1921 389/379/1922 378/381/1923 
f 379/383/1924 380/382/1925 378/381/1926 
f 390/384/1927 380/382/1928 379/383/1929 
f 391/385/1930 390/384/1931 379/383/1932 
f 381/386/1933 391/385/1934 379/383/1935 
f 382/387/1936 391/385/1937 381/386/1938 
f 383/388/1939 382/387/1940 381/386/1941 
f 393/389/1942 382/387/1943 383/388/1944 
f 384/371/1945 393/389/1946 383/388/1947 
f 370/372/1948 393/389/1949 384/371/1950 
f 394/390/1951 393/389/1952 370/372/1953 
f 403/391/1954 394/390/1955 370/372/1956 
f 373/374/1957 403/391/1958 370/372/1959 
f 385/392/1960 403/391/1961 373/374/1962 
f 376/376/1963 385/392/1964 373/374/1965 
f 386/393/1966 385/392/1967 376/376/1968 
f 387/378/1969 386/393/1970 376/376/1971 
f 402/394/1972 386/393/1973 387/378/1974 
f 388/395/1975 402/394/1976 387/378/1977 
f 389/379/1978 388/395/1979 387/378/1980 
f 399/396/1981 388/395/1982 389/379/1983 
f 380/382/1984 399/396/1985 389/379/1986 
f 398/397/1987 399/396/1988 380/382/1989 
f 390/384/1990 398/397/1991 380/382/1992 
f 395/398/1993 398/397/1994 390/384/1995 
f 391/385/1996 395/398/1997 390/384/1998 
f 392/399/1999 395/398/2000 391/385/2001 
f 382/387/2002 392/399/2003 391/385/2004 
f 393/389/2005 392/399/2006 382/387/2007 
f 394/390/2008 392/399/2009 393/389/2010 
f 394/390/2011 404/400/2012 392/399/2013 
f 404/400/2014 395/398/2015 392/399/2016 
f 404/400/2017 396/401/2018 395/398/2019 
f 396/401/2020 398/397/2021 395/398/2022 
f 396/401/2023 397/402/2024 398/397/2025 
f 397/402/2026 399/396/2027 398/397/2028 
f 397/402/2029 400/403/2030 399/396/2031 
f 400/403/2032 388/395/2033 399/396/2034 
f 400/403/2035 410/404/2036 388/395/2037 
f 410/404/2038 402/394/2039 388/395/2040 
f 409/405/2041 402/394/2042 410/404/2043 
f 409/405/2044 401/406/2045 402/394/2046 
f 401/406/2047 386/393/2048 402/394/2049 
f 401/406/2050 407/407/2051 386/393/2052 
f 407/407/2053 385/392/2054 386/393/2055 
f 407/407/2056 406/408/2057 385/392/2058 
f 406/408/2059 403/391/2060 385/392/2061 
f 406/408/2062 405/409/2063 403/391/2064 
f 405/409/2065 394/390/2066 403/391/2067 
f 405/409/2068 404/400/2069 394/390/2070 
f 408/410/2071 404/400/2072 405/409/2073 
f 406/408/2074 408/410/2075 405/409/2076 
f 407/407/2077 408/410/2078 406/408/2079 
f 401/406/2080 408/410/2081 407/407/2082 
f 409/405/2083 408/410/2084 401/406/2085 
f 410/404/2086 408/410/2087 409/405/2088 
f 400/403/2089 408/410/2090 410/404/2091 
f 397/402/2092 408/410/2093 400/403/2094 
f 396/401/2095 408/410/2096 397/402/2097 
f 396/401/2098 404/400/2099 408/410/2100 
f 411/413/2101 427/412/2102 412/411/2103 
f 413/414/2104 411/413/2105 412/411/2106 
f 429/415/2107 411/413/2108 413/414/2109 
f 414/416/2110 429/415/2111 413/414/2112 
f 431/417/2113 429/415/2114 414/416/2115 
f 416/418/2116 431/417/2117 414/416/2118 
f 415/419/2119 431/417/2120 416/418/2121 
f 418/420/2122 415/419/2123 416/418/2124 
f 417/421/2125 418/420/2126 416/418/2127 
f 419/422/2128 418/420/2129 417/421/2130 
f 421/423/2131 418/420/2132 419/422/2133 
f 420/424/2134 421/423/2135 419/422/2136 
f 435/425/2137 421/423/2138 420/424/2139 
f 422/426/2140 435/425/2141 420/424/2142 
f 423/427/2143 422/426/2144 420/424/2145 
f 425/428/2146 422/426/2147 423/427/2148 
f 424/429/2149 425/428/2150 423/427/2151 
f 426/430/2152 425/428/2153 424/429/2154 
f 427/412/2155 426/430/2156 424/429/2157 
f 411/413/2158 426/430/2159 427/412/2160 
f 438/431/2161 426/430/2162 411/413/2163 
f 428/432/2164 438/431/2165 411/413/2166 
f 429/415/2167 428/432/2168 411/413/2169 
f 430/433/2170 428/432/2171 429/415/2172 
f 431/417/2173 430/433/2174 429/415/2175 
f 432/434/2176 430/433/2177 431/417/2178 
f 415/419/2179 432/434/2180 431/417/2181 
f 433/435/2182 432/434/2183 415/419/2184 
f 442/436/2185 433/435/2186 415/419/2187 
f 418/420/2188 442/436/2189 415/419/2190 
f 434/437/2191 442/436/2192 418/420/2193 
f 421/423/2194 434/437/2195 418/420/2196 
f 436/438/2197 434/437/2198 421/423/2199 
f 435/425/2200 436/438/2201 421/423/2202 
f 437/439/2203 436/438/2204 435/425/2205 
f 422/426/2206 437/439/2207 435/425/2208 
f 439/440/2209 437/439/2210 422/426/2211 
f 425/428/2212 439/440/2213 422/426/2214 
f 426/430/2215 439/440/2216 425/428/2217 
f 438/431/2218 439/440/2219 426/430/2220 
f 438/431/2221 446/441/2222 439/440/2223 
f 446/441/2224 437/439/2225 439/440/2226 
f 446/441/2227 451/442/2228 437/439/2229 
f 451/442/2230 436/438/2231 437/439/2232 
f 451/442/2233 440/443/2234 436/438/2235 
f 440/443/2236 434/437/2237 436/438/2238 
f 440/443/2239 441/444/2240 434/437/2241 
f 441/444/2242 442/436/2243 434/437/2244 
f 441/444/2245 449/445/2246 442/436/2247 
f 449/445/2248 433/435/2249 442/436/2250 
f 448/446/2251 433/435/2252 449/445/2253 
f 448/446/2254 443/447/2255 433/435/2256 
f 443/447/2257 432/434/2258 433/435/2259 
f 443/447/2260 444/448/2261 432/434/2262 
f 444/448/2263 430/433/2264 432/434/2265 
f 444/448/2266 445/449/2267 430/433/2268 
f 445/449/2269 428/432/2270 430/433/2271 
f 445/449/2272 447/450/2273 428/432/2274 
f 447/450/2275 438/431/2276 428/432/2277 
f 447/450/2278 446/441/2279 438/431/2280 
f 450/451/2281 446/441/2282 447/450/2283 
f 445/449/2284 450/451/2285 447/450/2286 
f 444/448/2287 450/451/2288 445/449/2289 
f 443/447/2290 450/451/2291 444/448/2292 
f 448/446/2293 450/451/2294 443/447/2295 
f 449/445/2296 450/451/2297 448/446/2298 
f 441/444/2299 450/451/2300 449/445/2301 
f 440/443/2302 450/451/2303 441/444/2304 
f 451/442/2305 450/451/2306 440/443/2307 
f 451/442/2308 446/441/2309 450/451/2310 
f 466/454/2311 465/453/2312 452/452/2313 
f 453/455/2314 466/454/2315 452/452/2316 
f 467/456/2317 466/454/2318 453/455/2319 
f 454/457/2320 467/456/2321 453/455/2322 
f 471/458/2323 467/456/2324 454/457/2325 
f 455/459/2326 471/458/2327 454/457/2328 
f 472/460/2329 471/458/2330 455/459/2331 
f 473/461/2332 472/460/2333 455/459/2334 
f 456/462/2335 473/461/2336 455/459/2337 
f 457/463/2338 473/461/2339 456/462/2340 
f 458/464/2341 473/461/2342 457/463/2343 
f 459/465/2344 458/464/2345 457/463/2346 
f 476/466/2347 458/464/2348 459/465/2349 
f 461/467/2350 476/466/2351 459/465/2352 
f 460/468/2353 461/467/2354 459/465/2355 
f 462/469/2356 461/467/2357 460/468/2358 
f 463/470/2359 462/469/2360 460/468/2361 
f 464/471/2362 462/469/2363 463/470/2364 
f 465/453/2365 464/471/2366 463/470/2367 
f 466/454/2368 464/471/2369 465/453/2370 
f 479/472/2371 464/471/2372 466/454/2373 
f 468/473/2374 479/472/2375 466/454/2376 
f 467/456/2377 468/473/2378 466/454/2379 
f 469/474/2380 468/473/2381 467/456/2382 
f 471/458/2383 469/474/2384 467/456/2385 
f 470/475/2386 469/474/2387 471/458/2388 
f 472/460/2389 470/475/2390 471/458/2391 
f 482/476/2392 470/475/2393 472/460/2394 
f 474/477/2395 482/476/2396 472/460/2397 
f 473/461/2398 474/477/2399 472/460/2400 
f 481/478/2401 474/477/2402 473/461/2403 
f 458/464/2404 481/478/2405 473/461/2406 
f 475/479/2407 481/478/2408 458/464/2409 
f 476/466/2410 475/479/2411 458/464/2412 
f 477/480/2413 475/479/2414 476/466/2415 
f 461/467/2416 477/480/2417 476/466/2418 
f 478/481/2419 477/480/2420 461/467/2421 
f 462/469/2422 478/481/2423 461/467/2424 
f 464/471/2425 478/481/2426 462/469/2427 
f 479/472/2428 478/481/2429 464/471/2430 
f 479/472/2431 485/482/2432 478/481/2433 
f 485/482/2434 477/480/2435 478/481/2436 
f 485/482/2437 480/483/2438 477/480/2439 
f 480/483/2440 475/479/2441 477/480/2442 
f 480/483/2443 492/484/2444 475/479/2445 
f 492/484/2446 481/478/2447 475/479/2448 
f 492/484/2449 491/485/2450 481/478/2451 
f 491/485/2452 474/477/2453 481/478/2454 
f 491/485/2455 490/486/2456 474/477/2457 
f 490/486/2458 482/476/2459 474/477/2460 
f 489/487/2461 482/476/2462 490/486/2463 
f 489/487/2464 483/488/2465 482/476/2466 
f 483/488/2467 470/475/2468 482/476/2469 
f 483/488/2470 484/489/2471 470/475/2472 
f 484/489/2473 469/474/2474 470/475/2475 
f 484/489/2476 488/490/2477 469/474/2478 
f 488/490/2479 468/473/2480 469/474/2481 
f 488/490/2482 486/491/2483 468/473/2484 
f 486/491/2485 479/472/2486 468/473/2487 
f 486/491/2488 485/482/2489 479/472/2490 
f 487/492/2491 485/482/2492 486/491/2493 
f 488/490/2494 487/492/2495 486/491/2496 
f 484/489/2497 487/492/2498 488/490/2499 
f 483/488/2500 487/492/2501 484/489/2502 
f 489/487/2503 487/492/2504 483/488/2505 
f 490/486/2506 487/492/2507 489/487/2508 
f 491/485/2509 487/492/2510 490/486/2511 
f 492/484/2512 487/492/2513 491/485/2514 
f 480/483/2515 487/492/2516 492/484/2517 
f 480/483/2518 485/482/2519 487/492/2520 
f 506/495/2521 494/494/2522 493/493/2523 
f 495/496/2524 506/495/2525 493/493/2526 
f 497/497/2527 506/495/2528 495/496/2529 
f 496/498/2530 497/497/2531 495/496/2532 
f 498/499/2533 497/497/2534 496/498/2535 
f 499/500/2536 498/499/2537 496/498/2538 
f 509/501/2539 498/499/2540 499/500/2541 
f 512/502/2542 509/501/2543 499/500/2544 
f 500/503/2545 512/502/2546 499/500/2547 
f 501/504/2548 512/502/2549 500/503/2550 
f 513/505/2551 512/502/2552 501/504/2553 
f 502/506/2554 513/505/2555 501/504/2556 
f 503/507/2557 513/505/2558 502/506/2559 
f 514/508/2560 503/507/2561 502/506/2562 
f 504/509/2563 514/508/2564 502/506/2565 
f 515/510/2566 514/508/2567 504/509/2568 
f 505/511/2569 515/510/2570 504/509/2571 
f 507/512/2572 515/510/2573 505/511/2574 
f 494/494/2575 507/512/2576 505/511/2577 
f 506/495/2578 507/512/2579 494/494/2580 
f 517/513/2581 507/512/2582 506/495/2583 
f 527/514/2584 517/513/2585 506/495/2586 
f 497/497/2587 527/514/2588 506/495/2589 
f 508/515/2590 527/514/2591 497/497/2592 
f 498/499/2593 508/515/2594 497/497/2595 
f 524/516/2596 508/515/2597 498/499/2598 
f 509/501/2599 524/516/2600 498/499/2601 
f 510/517/2602 524/516/2603 509/501/2604 
f 511/518/2605 510/517/2606 509/501/2607 
f 512/502/2608 511/518/2609 509/501/2610 
f 521/519/2611 511/518/2612 512/502/2613 
f 513/505/2614 521/519/2615 512/502/2616 
f 520/520/2617 521/519/2618 513/505/2619 
f 503/507/2620 520/520/2621 513/505/2622 
f 519/521/2623 520/520/2624 503/507/2625 
f 514/508/2626 519/521/2627 503/507/2628 
f 518/522/2629 519/521/2630 514/508/2631 
f 515/510/2632 518/522/2633 514/508/2634 
f 507/512/2635 518/522/2636 515/510/2637 
f 517/513/2638 518/522/2639 507/512/2640 
f 517/513/2641 516/523/2642 518/522/2643 
f 516/523/2644 519/521/2645 518/522/2646 
f 516/523/2647 533/524/2648 519/521/2649 
f 533/524/2650 520/520/2651 519/521/2652 
f 533/524/2653 532/525/2654 520/520/2655 
f 532/525/2656 521/519/2657 520/520/2658 
f 532/525/2659 531/526/2660 521/519/2661 
f 531/526/2662 511/518/2663 521/519/2664 
f 531/526/2665 530/527/2666 511/518/2667 
f 530/527/2668 510/517/2669 511/518/2670 
f 522/528/2671 510/517/2672 530/527/2673 
f 522/528/2674 523/529/2675 510/517/2676 
f 523/529/2677 524/516/2678 510/517/2679 
f 523/529/2680 529/530/2681 524/516/2682 
f 529/530/2683 508/515/2684 524/516/2685 
f 529/530/2686 526/531/2687 508/515/2688 
f 526/531/2689 527/514/2690 508/515/2691 
f 526/531/2692 525/532/2693 527/514/2694 
f 525/532/2695 517/513/2696 527/514/2697 
f 525/532/2698 516/523/2699 517/513/2700 
f 528/533/2701 516/523/2702 525/532/2703 
f 526/531/2704 528/533/2705 525/532/2706 
f 529/530/2707 528/533/2708 526/531/2709 
f 523/529/2710 528/533/2711 529/530/2712 
f 522/528/2713 528/533/2714 523/529/2715 
f 530/527/2716 528/533/2717 522/528/2718 
f 531/526/2719 528/533/2720 530/527/2721 
f 532/525/2722 528/533/2723 531/526/2724 
f 533/524/2725 528/533/2726 532/525/2727 
f 533/524/2728 516/523/2729 528/533/2730 
f 535/536/2731 534/535/2732 536/534/2733 
f 537/537/2734 535/536/2735 536/534/2736 
f 538/538/2737 535/536/2738 537/537/2739 
f 539/539/2740 538/538/2741 537/537/2742 
f 541/540/2743 538/538/2744 539/539/2745 
f 540/541/2746 541/540/2747 539/539/2748 
f 553/542/2749 541/540/2750 540/541/2751 
f 555/543/2752 553/542/2753 540/541/2754 
f 542/544/2755 555/543/2756 540/541/2757 
f 543/545/2758 555/543/2759 542/544/2760 
f 544/546/2761 555/543/2762 543/545/2763 
f 545/547/2764 544/546/2765 543/545/2766 
f 557/548/2767 544/546/2768 545/547/2769 
f 546/549/2770 557/548/2771 545/547/2772 
f 547/550/2773 546/549/2774 545/547/2775 
f 548/551/2776 546/549/2777 547/550/2778 
f 549/552/2779 548/551/2780 547/550/2781 
f 550/553/2782 548/551/2783 549/552/2784 
f 534/535/2785 550/553/2786 549/552/2787 
f 535/536/2788 550/553/2789 534/535/2790 
f 551/554/2791 550/553/2792 535/536/2793 
f 570/555/2794 551/554/2795 535/536/2796 
f 538/538/2797 570/555/2798 535/536/2799 
f 552/556/2800 570/555/2801 538/538/2802 
f 541/540/2803 552/556/2804 538/538/2805 
f 554/557/2806 552/556/2807 541/540/2808 
f 553/542/2809 554/557/2810 541/540/2811 
f 566/558/2812 554/557/2813 553/542/2814 
f 556/559/2815 566/558/2816 553/542/2817 
f 555/543/2818 556/559/2819 553/542/2820 
f 564/560/2821 556/559/2822 555/543/2823 
f 544/546/2824 564/560/2825 555/543/2826 
f 562/561/2827 564/560/2828 544/546/2829 
f 557/548/2830 562/561/2831 544/546/2832 
f 560/562/2833 562/561/2834 557/548/2835 
f 546/549/2836 560/562/2837 557/548/2838 
f 558/563/2839 560/562/2840 546/549/2841 
f 548/551/2842 558/563/2843 546/549/2844 
f 550/553/2845 558/563/2846 548/551/2847 
f 551/554/2848 558/563/2849 550/553/2850 
f 551/554/2851 559/564/2852 558/563/2853 
f 559/564/2854 560/562/2855 558/563/2856 
f 559/564/2857 561/565/2858 560/562/2859 
f 561/565/2860 562/561/2861 560/562/2862 
f 561/565/2863 563/566/2864 562/561/2865 
f 563/566/2866 564/560/2867 562/561/2868 
f 563/566/2869 565/567/2870 564/560/2871 
f 565/567/2872 556/559/2873 564/560/2874 
f 565/567/2875 567/568/2876 556/559/2877 
f 567/568/2878 566/558/2879 556/559/2880 
f 574/569/2881 566/558/2882 567/568/2883 
f 574/569/2884 568/570/2885 566/558/2886 
f 568/570/2887 554/557/2888 566/558/2889 
f 568/570/2890 569/571/2891 554/557/2892 
f 569/571/2893 552/556/2894 554/557/2895 
f 569/571/2896 571/572/2897 552/556/2898 
f 571/572/2899 570/555/2900 552/556/2901 
f 571/572/2902 572/573/2903 570/555/2904 
f 572/573/2905 551/554/2906 570/555/2907 
f 572/573/2908 559/564/2909 551/554/2910 
f 573/574/2911 559/564/2912 572/573/2913 
f 571/572/2914 573/574/2915 572/573/2916 
f 569/571/2917 573/574/2918 571/572/2919 
f 568/570/2920 573/574/2921 569/571/2922 
f 574/569/2923 573/574/2924 568/570/2925 
f 567/568/2926 573/574/2927 574/569/2928 
f 565/567/2929 573/574/2930 567/568/2931 
f 563/566/2932 573/574/2933 565/567/2934 
f 561/565/2935 573/574/2936 563/566/2937 
f 561/565/2938 559/564/2939 573/574/2940 
f 591/577/2941 576/576/2942 575/575/2943 
f 577/578/2944 591/577/2945 575/575/2946 
f 579/579/2947 591/577/2948 577/578/2949 
f 578/580/2950 579/579/2951 577/578/2952 
f 593/581/2953 579/579/2954 578/580/2955 
f 580/582/2956 593/581/2957 578/580/2958 
f 595/583/2959 593/581/2960 580/582/2961 
f 582/584/2962 595/583/2963 580/582/2964 
f 581/585/2965 582/584/2966 580/582/2967 
f 583/586/2968 582/584/2969 581/585/2970 
f 584/587/2971 582/584/2972 583/586/2973 
f 585/588/2974 584/587/2975 583/586/2976 
f 598/589/2977 584/587/2978 585/588/2979 
f 586/590/2980 598/589/2981 585/588/2982 
f 587/591/2983 586/590/2984 585/588/2985 
f 588/592/2986 586/590/2987 587/591/2988 
f 589/593/2989 588/592/2990 587/591/2991 
f 590/594/2992 588/592/2993 589/593/2994 
f 576/576/2995 590/594/2996 589/593/2997 
f 591/577/2998 590/594/2999 576/576/3000 
f 592/595/3001 590/594/3002 591/577/3003 
f 610/596/3004 592/595/3005 591/577/3006 
f 579/579/3007 610/596/3008 591/577/3009 
f 608/597/3010 610/596/3011 579/579/3012 
f 593/581/3013 608/597/3014 579/579/3015 
f 594/598/3016 608/597/3017 593/581/3018 
f 595/583/3019 594/598/3020 593/581/3021 
f 606/599/3022 594/598/3023 595/583/3024 
f 596/600/3025 606/599/3026 595/583/3027 
f 582/584/3028 596/600/3029 595/583/3030 
f 603/601/3031 596/600/3032 582/584/3033 
f 584/587/3034 603/601/3035 582/584/3036 
f 597/602/3037 603/601/3038 584/587/3039 
f 598/589/3040 597/602/3041 584/587/3042 
f 600/603/3043 597/602/3044 598/589/3045 
f 586/590/3046 600/603/3047 598/589/3048 
f 599/604/3049 600/603/3050 586/590/3051 
f 588/592/3052 599/604/3053 586/590/3054 
f 590/594/3055 599/604/3056 588/592/3057 
f 592/595/3058 599/604/3059 590/594/3060 
f 592/595/3061 611/605/3062 599/604/3063 
f 611/605/3064 600/603/3065 599/604/3066 
f 611/605/3067 601/606/3068 600/603/3069 
f 601/606/3070 597/602/3071 600/603/3072 
f 601/606/3073 602/607/3074 597/602/3075 
f 602/607/3076 603/601/3077 597/602/3078 
f 602/607/3079 614/608/3080 603/601/3081 
f 614/608/3082 596/600/3083 603/601/3084 
f 614/608/3085 604/609/3086 596/600/3087 
f 604/609/3088 606/599/3089 596/600/3090 
f 605/610/3091 606/599/3092 604/609/3093 
f 605/610/3094 607/611/3095 606/599/3096 
f 607/611/3097 594/598/3098 606/599/3099 
f 607/611/3100 609/612/3101 594/598/3102 
f 609/612/3103 608/597/3104 594/598/3105 
f 609/612/3106 613/613/3107 608/597/3108 
f 613/613/3109 610/596/3110 608/597/3111 
f 613/613/3112 612/614/3113 610/596/3114 
f 612/614/3115 592/595/3116 610/596/3117 
f 612/614/3118 611/605/3119 592/595/3120 
f 615/615/3121 611/605/3122 612/614/3123 
f 613/613/3124 615/615/3125 612/614/3126 
f 609/612/3127 615/615/3128 613/613/3129 
f 607/611/3130 615/615/3131 609/612/3132 
f 605/610/3133 615/615/3134 607/611/3135 
f 604/609/3136 615/615/3137 605/610/3138 
f 614/608/3139 615/615/3140 604/609/3141 
f 602/607/3142 615/615/3143 614/608/3144 
f 601/606/3145 615/615/3146 602/607/3147 
f 601/606/3148 611/605/3149 615/615/3150 
f 617/618/3151 631/617/3152 616/616/3153 
f 618/619/3154 617/618/3155 616/616/3156 
f 633/620/3157 617/618/3158 618/619/3159 
f 619/621/3160 633/620/3161 618/619/3162 
f 634/622/3163 633/620/3164 619/621/3165 
f 620/623/3166 634/622/3167 619/621/3168 
f 621/624/3169 634/622/3170 620/623/3171 
f 623/625/3172 621/624/3173 620/623/3174 
f 622/626/3175 623/625/3176 620/623/3177 
f 624/627/3178 623/625/3179 622/626/3180 
f 638/628/3181 623/625/3182 624/627/3183 
f 625/629/3184 638/628/3185 624/627/3186 
f 626/630/3187 638/628/3188 625/629/3189 
f 627/631/3190 626/630/3191 625/629/3192 
f 628/632/3193 627/631/3194 625/629/3195 
f 640/633/3196 627/631/3197 628/632/3198 
f 629/634/3199 640/633/3200 628/632/3201 
f 630/635/3202 640/633/3203 629/634/3204 
f 631/617/3205 630/635/3206 629/634/3207 
f 617/618/3208 630/635/3209 631/617/3210 
f 632/636/3211 630/635/3212 617/618/3213 
f 651/637/3214 632/636/3215 617/618/3216 
f 633/620/3217 651/637/3218 617/618/3219 
f 649/638/3220 651/637/3221 633/620/3222 
f 634/622/3223 649/638/3224 633/620/3225 
f 635/639/3226 649/638/3227 634/622/3228 
f 621/624/3229 635/639/3230 634/622/3231 
f 647/640/3232 635/639/3233 621/624/3234 
f 636/641/3235 647/640/3236 621/624/3237 
f 623/625/3238 636/641/3239 621/624/3240 
f 637/642/3241 636/641/3242 623/625/3243 
f 638/628/3244 637/642/3245 623/625/3246 
f 643/643/3247 637/642/3248 638/628/3249 
f 626/630/3250 643/643/3251 638/628/3252 
f 641/644/3253 643/643/3254 626/630/3255 
f 627/631/3256 641/644/3257 626/630/3258 
f 639/645/3259 641/644/3260 627/631/3261 
f 640/633/3262 639/645/3263 627/631/3264 
f 630/635/3265 639/645/3266 640/633/3267 
f 632/636/3268 639/645/3269 630/635/3270 
f 632/636/3271 653/646/3272 639/645/3273 
f 653/646/3274 641/644/3275 639/645/3276 
f 653/646/3277 642/647/3278 641/644/3279 
f 642/647/3280 643/643/3281 641/644/3282 
f 642/647/3283 644/648/3284 643/643/3285 
f 644/648/3286 637/642/3287 643/643/3288 
f 644/648/3289 645/649/3290 637/642/3291 
f 645/649/3292 636/641/3293 637/642/3294 
f 645/649/3295 646/650/3296 636/641/3297 
f 646/650/3298 647/640/3299 636/641/3300 
f 648/651/3301 647/640/3302 646/650/3303 
f 648/651/3304 656/652/3305 647/640/3306 
f 656/652/3307 635/639/3308 647/640/3309 
f 656/652/3310 655/653/3311 635/639/3312 
f 655/653/3313 649/638/3314 635/639/3315 
f 655/653/3316 650/654/3317 649/638/3318 
f 650/654/3319 651/637/3320 649/638/3321 
f 650/654/3322 652/655/3323 651/637/3324 
f 652/655/3325 632/636/3326 651/637/3327 
f 652/655/3328 653/646/3329 632/636/3330 
f 654/656/3331 653/646/3332 652/655/3333 
f 650/654/3334 654/656/3335 652/655/3336 
f 655/653/3337 654/656/3338 650/654/3339 
f 656/652/3340 654/656/3341 655/653/3342 
f 648/651/3343 654/656/3344 656/652/3345 
f 646/650/3346 654/656/3347 648/651/3348 
f 645/649/3349 654/656/3350 646/650/3351 
f 644/648/3352 654/656/3353 645/649/3354 
f 642/647/3355 654/656/3356 644/648/3357 
f 642/647/3358 653/646/3359 654/656/3360 
f 672/659/3361 671/658/3362 657/657/3363 
f 658/660/3364 672/659/3365 657/657/3366 
f 659/661/3367 672/659/3368 658/660/3369 
f 660/662/3370 659/661/3371 658/660/3372 
f 661/663/3373 659/661/3374 660/662/3375 
f 662/664/3376 661/663/3377 660/662/3378 
f 677/665/3379 661/663/3380 662/664/3381 
f 678/666/3382 677/665/3383 662/664/3384 
f 663/667/3385 678/666/3386 662/664/3387 
f 664/668/3388 678/666/3389 663/667/3390 
f 666/669/3391 678/666/3392 664/668/3393 
f 665/670/3394 666/669/3395 664/668/3396 
f 679/671/3397 666/669/3398 665/670/3399 
f 668/672/3400 679/671/3401 665/670/3402 
f 667/673/3403 668/672/3404 665/670/3405 
f 670/674/3406 668/672/3407 667/673/3408 
f 669/675/3409 670/674/3410 667/673/3411 
f 682/676/3412 670/674/3413 669/675/3414 
f 671/658/3415 682/676/3416 669/675/3417 
f 672/659/3418 682/676/3419 671/658/3420 
f 673/677/3421 682/676/3422 672/659/3423 
f 674/678/3424 673/677/3425 672/659/3426 
f 659/661/3427 674/678/3428 672/659/3429 
f 690/679/3430 674/678/3431 659/661/3432 
f 661/663/3433 690/679/3434 659/661/3435 
f 675/680/3436 690/679/3437 661/663/3438 
f 677/665/3439 675/680/3440 661/663/3441 
f 688/681/3442 675/680/3443 677/665/3444 
f 676/682/3445 688/681/3446 677/665/3447 
f 678/666/3448 676/682/3449 677/665/3450 
f 686/683/3451 676/682/3452 678/666/3453 
f 666/669/3454 686/683/3455 678/666/3456 
f 680/684/3457 686/683/3458 666/669/3459 
f 679/671/3460 680/684/3461 666/669/3462 
f 681/685/3463 680/684/3464 679/671/3465 
f 668/672/3466 681/685/3467 679/671/3468 
f 683/686/3469 681/685/3470 668/672/3471 
f 670/674/3472 683/686/3473 668/672/3474 
f 682/676/3475 683/686/3476 670/674/3477 
f 673/677/3478 683/686/3479 682/676/3480 
f 673/677/3481 684/687/3482 683/686/3483 
f 684/687/3484 681/685/3485 683/686/3486 
f 684/687/3487 697/688/3488 681/685/3489 
f 697/688/3490 680/684/3491 681/685/3492 
f 697/688/3493 696/689/3494 680/684/3495 
f 696/689/3496 686/683/3497 680/684/3498 
f 696/689/3499 685/690/3500 686/683/3501 
f 685/690/3502 676/682/3503 686/683/3504 
f 685/690/3505 687/691/3506 676/682/3507 
f 687/691/3508 688/681/3509 676/682/3510 
f 694/692/3511 688/681/3512 687/691/3513 
f 694/692/3514 689/693/3515 688/681/3516 
f 689/693/3517 675/680/3518 688/681/3519 
f 689/693/3520 693/694/3521 675/680/3522 
f 693/694/3523 690/679/3524 675/680/3525 
f 693/694/3526 692/695/3527 690/679/3528 
f 692/695/3529 674/678/3530 690/679/3531 
f 692/695/3532 691/696/3533 674/678/3534 
f 691/696/3535 673/677/3536 674/678/3537 
f 691/696/3538 684/687/3539 673/677/3540 
f 695/697/3541 684/687/3542 691/696/3543 
f 692/695/3544 695/697/3545 691/696/3546 
f 693/694/3547 695/697/3548 692/695/3549 
f 689/693/3550 695/697/3551 693/694/3552 
f 694/692/3553 695/697/3554 689/693/3555 
f 687/691/3556 695/697/3557 694/692/3558 
f 685/690/3559 695/697/3560 687/691/3561 
f 696/689/3562 695/697/3563 685/690/3564 
f 697/688/3565 695/697/3566 696/689/3567 
f 697/688/3568 684/687/3569 695/697/3570 
f 715/700/3571 713/699/3572 698/698/3573 
f 699/701/3574 715/700/3575 698/698/3576 
f 700/702/3577 715/700/3578 699/701/3579 
f 701/703/3580 700/702/3581 699/701/3582 
f 702/704/3583 700/702/3584 701/703/3585 
f 704/705/3586 702/704/3587 701/703/3588 
f 703/706/3589 702/704/3590 704/705/3591 
f 706/707/3592 703/706/3593 704/705/3594 
f 705/708/3595 706/707/3596 704/705/3597 
f 707/709/3598 706/707/3599 705/708/3600 
f 709/710/3601 706/707/3602 707/709/3603 
f 708/711/3604 709/710/3605 707/709/3606 
f 718/712/3607 709/710/3608 708/711/3609 
f 710/713/3610 718/712/3611 708/711/3612 
f 711/714/3613 710/713/3614 708/711/3615 
f 720/715/3616 710/713/3617 711/714/3618 
f 712/716/3619 720/715/3620 711/714/3621 
f 714/717/3622 720/715/3623 712/716/3624 
f 713/699/3625 714/717/3626 712/716/3627 
f 715/700/3628 714/717/3629 713/699/3630 
f 722/718/3631 714/717/3632 715/700/3633 
f 735/719/3634 722/718/3635 715/700/3636 
f 700/702/3637 735/719/3638 715/700/3639 
f 734/720/3640 735/719/3641 700/702/3642 
f 702/704/3643 734/720/3644 700/702/3645 
f 716/721/3646 734/720/3647 702/704/3648 
f 703/706/3649 716/721/3650 702/704/3651 
f 729/722/3652 716/721/3653 703/706/3654 
f 717/723/3655 729/722/3656 703/706/3657 
f 706/707/3658 717/723/3659 703/706/3660 
f 726/724/3661 717/723/3662 706/707/3663 
f 709/710/3664 726/724/3665 706/707/3666 
f 724/725/3667 726/724/3668 709/710/3669 
f 718/712/3670 724/725/3671 709/710/3672 
f 723/726/3673 724/725/3674 718/712/3675 
f 710/713/3676 723/726/3677 718/712/3678 
f 719/727/3679 723/726/3680 710/713/3681 
f 720/715/3682 719/727/3683 710/713/3684 
f 714/717/3685 719/727/3686 720/715/3687 
f 722/718/3688 719/727/3689 714/717/3690 
f 722/718/3691 721/728/3692 719/727/3693 
f 721/728/3694 723/726/3695 719/727/3696 
f 721/728/3697 725/729/3698 723/726/3699 
f 725/729/3700 724/725/3701 723/726/3702 
f 725/729/3703 738/730/3704 724/725/3705 
f 738/730/3706 726/724/3707 724/725/3708 
f 738/730/3709 727/731/3710 726/724/3711 
f 727/731/3712 717/723/3713 726/724/3714 
f 727/731/3715 728/732/3716 717/723/3717 
f 728/732/3718 729/722/3719 717/723/3720 
f 730/733/3721 729/722/3722 728/732/3723 
f 730/733/3724 731/734/3725 729/722/3726 
f 731/734/3727 716/721/3728 729/722/3729 
f 731/734/3730 733/735/3731 716/721/3732 
f 733/735/3733 734/720/3734 716/721/3735 
f 733/735/3736 732/736/3737 734/720/3738 
f 732/736/3739 735/719/3740 734/720/3741 
f 732/736/3742 736/737/3743 735/719/3744 
f 736/737/3745 722/718/3746 735/719/3747 
f 736/737/3748 721/728/3749 722/718/3750 
f 737/738/3751 721/728/3752 736/737/3753 
f 732/736/3754 737/738/3755 736/737/3756 
f 733/735/3757 737/738/3758 732/736/3759 
f 731/734/3760 737/738/3761 733/735/3762 
f 730/733/3763 737/738/3764 731/734/3765 
f 728/732/3766 737/738/3767 730/733/3768 
f 727/731/3769 737/738/3770 728/732/3771 
f 738/730/3772 737/738/3773 727/731/3774 
f 725/729/3775 737/738/3776 738/730/3777 
f 725/729/3778 721/728/3779 737/738/3780 
f 753/741/3781 752/740/3782 739/739/3783 
f 740/742/3784 753/741/3785 739/739/3786 
f 756/743/3787 753/741/3788 740/742/3789 
f 741/744/3790 756/743/3791 740/742/3792 
f 757/745/3793 756/743/3794 741/744/3795 
f 743/746/3796 757/745/3797 741/744/3798 
f 742/747/3799 757/745/3800 743/746/3801 
f 760/748/3802 742/747/3803 743/746/3804 
f 744/749/3805 760/748/3806 743/746/3807 
f 745/750/3808 760/748/3809 744/749/3810 
f 761/751/3811 760/748/3812 745/750/3813 
f 746/752/3814 761/751/3815 745/750/3816 
f 763/753/3817 761/751/3818 746/752/3819 
f 747/754/3820 763/753/3821 746/752/3822 
f 748/755/3823 747/754/3824 746/752/3825 
f 749/756/3826 747/754/3827 748/755/3828 
f 751/757/3829 749/756/3830 748/755/3831 
f 750/758/3832 749/756/3833 751/757/3834 
f 752/740/3835 750/758/3836 751/757/3837 
f 753/741/3838 750/758/3839 752/740/3840 
f 765/759/3841 750/758/3842 753/741/3843 
f 754/760/3844 765/759/3845 753/741/3846 
f 756/743/3847 754/760/3848 753/741/3849 
f 755/761/3850 754/760/3851 756/743/3852 
f 757/745/3853 755/761/3854 756/743/3855 
f 771/762/3856 755/761/3857 757/745/3858 
f 742/747/3859 771/762/3860 757/745/3861 
f 758/763/3862 771/762/3863 742/747/3864 
f 759/764/3865 758/763/3866 742/747/3867 
f 760/748/3868 759/764/3869 742/747/3870 
f 768/765/3871 759/764/3872 760/748/3873 
f 761/751/3874 768/765/3875 760/748/3876 
f 766/766/3877 768/765/3878 761/751/3879 
f 763/753/3880 766/766/3881 761/751/3882 
f 762/767/3883 766/766/3884 763/753/3885 
f 747/754/3886 762/767/3887 763/753/3888 
f 764/768/3889 762/767/3890 747/754/3891 
f 749/756/3892 764/768/3893 747/754/3894 
f 750/758/3895 764/768/3896 749/756/3897 
f 765/759/3898 764/768/3899 750/758/3900 
f 765/759/3901 773/769/3902 764/768/3903 
f 773/769/3904 762/767/3905 764/768/3906 
f 773/769/3907 767/770/3908 762/767/3909 
f 767/770/3910 766/766/3911 762/767/3912 
f 767/770/3913 769/771/3914 766/766/3915 
f 769/771/3916 768/765/3917 766/766/3918 
f 769/771/3919 778/772/3920 768/765/3921 
f 778/772/3922 759/764/3923 768/765/3924 
f 778/772/3925 770/773/3926 759/764/3927 
f 770/773/3928 758/763/3929 759/764/3930 
f 777/774/3931 758/763/3932 770/773/3933 
f 777/774/3934 776/775/3935 758/763/3936 
f 776/775/3937 771/762/3938 758/763/3939 
f 776/775/3940 772/776/3941 771/762/3942 
f 772/776/3943 755/761/3944 771/762/3945 
f 772/776/3946 775/777/3947 755/761/3948 
f 775/777/3949 754/760/3950 755/761/3951 
f 775/777/3952 774/778/3953 754/760/3954 
f 774/778/3955 765/759/3956 754/760/3957 
f 774/778/3958 773/769/3959 765/759/3960 
f 779/779/3961 773/769/3962 774/778/3963 
f 775/777/3964 779/779/3965 774/778/3966 
f 772/776/3967 779/779/3968 775/777/3969 
f 776/775/3970 779/779/3971 772/776/3972 
f 777/774/3973 779/779/3974 776/775/3975 
f 770/773/3976 779/779/3977 777/774/3978 
f 778/772/3979 779/779/3980 770/773/3981 
f 769/771/3982 779/779/3983 778/772/3984 
f 767/770/3985 779/779/3986 769/771/3987 
f 767/770/3988 773/769/3989 779/779/3990 
f 794/782/3991 792/781/3992 780/780/3993 
f 781/783/3994 794/782/3995 780/780/3996 
f 795/784/3997 794/782/3998 781/783/3999 
f 782/785/4000 795/784/4001 781/783/4002 
f 783/786/4003 795/784/4004 782/785/4005 
f 784/787/4006 783/786/4007 782/785/4008 
f 785/788/4009 783/786/4010 784/787/4011 
f 799/789/4012 785/788/4013 784/787/4014 
f 786/790/4015 799/789/4016 784/787/4017 
f 787/791/4018 799/789/4019 786/790/4020 
f 801/792/4021 799/789/4022 787/791/4023 
f 788/793/4024 801/792/4025 787/791/4026 
f 803/794/4027 801/792/4028 788/793/4029 
f 804/795/4030 803/794/4031 788/793/4032 
f 789/796/4033 804/795/4034 788/793/4035 
f 790/797/4036 804/795/4037 789/796/4038 
f 791/798/4039 790/797/4040 789/796/4041 
f 793/799/4042 790/797/4043 791/798/4044 
f 792/781/4045 793/799/4046 791/798/4047 
f 794/782/4048 793/799/4049 792/781/4050 
f 806/800/4051 793/799/4052 794/782/4053 
f 796/801/4054 806/800/4055 794/782/4056 
f 795/784/4057 796/801/4058 794/782/4059 
f 797/802/4060 796/801/4061 795/784/4062 
f 783/786/4063 797/802/4064 795/784/4065 
f 798/803/4066 797/802/4067 783/786/4068 
f 785/788/4069 798/803/4070 783/786/4071 
f 812/804/4072 798/803/4073 785/788/4074 
f 800/805/4075 812/804/4076 785/788/4077 
f 799/789/4078 800/805/4079 785/788/4080 
f 802/806/4081 800/805/4082 799/789/4083 
f 801/792/4084 802/806/4085 799/789/4086 
f 809/807/4087 802/806/4088 801/792/4089 
f 803/794/4090 809/807/4091 801/792/4092 
f 807/808/4093 809/807/4094 803/794/4095 
f 804/795/4096 807/808/4097 803/794/4098 
f 805/809/4099 807/808/4100 804/795/4101 
f 790/797/4102 805/809/4103 804/795/4104 
f 793/799/4105 805/809/4106 790/797/4107 
f 806/800/4108 805/809/4109 793/799/4110 
f 806/800/4111 816/810/4112 805/809/4113 
f 816/810/4114 807/808/4115 805/809/4116 
f 816/810/4117 808/811/4118 807/808/4119 
f 808/811/4120 809/807/4121 807/808/4122 
f 808/811/4123 820/812/4124 809/807/4125 
f 820/812/4126 802/806/4127 809/807/4128 
f 820/812/4129 819/813/4130 802/806/4131 
f 819/813/4132 800/805/4133 802/806/4134 
f 819/813/4135 810/814/4136 800/805/4137 
f 810/814/4138 812/804/4139 800/805/4140 
f 811/815/4141 812/804/4142 810/814/4143 
f 811/815/4144 818/816/4145 812/804/4146 
f 818/816/4147 798/803/4148 812/804/4149 
f 818/816/4150 813/817/4151 798/803/4152 
f 813/817/4153 797/802/4154 798/803/4155 
f 813/817/4156 814/818/4157 797/802/4158 
f 814/818/4159 796/801/4160 797/802/4161 
f 814/818/4162 815/819/4163 796/801/4164 
f 815/819/4165 806/800/4166 796/801/4167 
f 815/819/4168 816/810/4169 806/800/4170 
f 817/820/4171 816/810/4172 815/819/4173 
f 814/818/4174 817/820/4175 815/819/4176 
f 813/817/4177 817/820/4178 814/818/4179 
f 818/816/4180 817/820/4181 813/817/4182 
f 811/815/4183 817/820/4184 818/816/4185 
f 810/814/4186 817/820/4187 811/815/4188 
f 819/813/4189 817/820/4190 810/814/4191 
f 820/812/4192 817/820/4193 819/813/4194 
f 808/811/4195 817/820/4196 820/812/4197 
f 808/811/4198 816/810/4199 817/820/4200 
f 835/823/4201 833/822/4202 821/821/4203 
f 822/824/4204 835/823/4205 821/821/4206 
f 837/825/4207 835/823/4208 822/824/4209 
f 823/826/4210 837/825/4211 822/824/4212 
f 838/827/4213 837/825/4214 823/826/4215 
f 824/828/4216 838/827/4217 823/826/4218 
f 839/829/4219 838/827/4220 824/828/4221 
f 825/830/4222 839/829/4223 824/828/4224 
f 826/831/4225 825/830/4226 824/828/4227 
f 827/832/4228 825/830/4229 826/831/4230 
f 842/833/4231 825/830/4232 827/832/4233 
f 828/834/4234 842/833/4235 827/832/4236 
f 829/835/4237 842/833/4238 828/834/4239 
f 843/836/4240 829/835/4241 828/834/4242 
f 831/837/4243 843/836/4244 828/834/4245 
f 830/838/4246 843/836/4247 831/837/4248 
f 832/839/4249 830/838/4250 831/837/4251 
f 844/840/4252 830/838/4253 832/839/4254 
f 833/822/4255 844/840/4256 832/839/4257 
f 835/823/4258 844/840/4259 833/822/4260 
f 834/841/4261 844/840/4262 835/823/4263 
f 836/842/4264 834/841/4265 835/823/4266 
f 837/825/4267 836/842/4268 835/823/4269 
f 855/843/4270 836/842/4271 837/825/4272 
f 838/827/4273 855/843/4274 837/825/4275 
f 840/844/4276 855/843/4277 838/827/4278 
f 839/829/4279 840/844/4280 838/827/4281 
f 853/845/4282 840/844/4283 839/829/4284 
f 841/846/4285 853/845/4286 839/829/4287 
f 825/830/4288 841/846/4289 839/829/4290 
f 850/847/4291 841/846/4292 825/830/4293 
f 842/833/4294 850/847/4295 825/830/4296 
f 847/848/4297 850/847/4298 842/833/4299 
f 829/835/4300 847/848/4301 842/833/4302 
f 846/849/4303 847/848/4304 829/835/4305 
f 843/836/4306 846/849/4307 829/835/4308 
f 845/850/4309 846/849/4310 843/836/4311 
f 830/838/4312 845/850/4313 843/836/4314 
f 844/840/4315 845/850/4316 830/838/4317 
f 834/841/4318 845/850/4319 844/840/4320 
f 834/841/4321 858/851/4322 845/850/4323 
f 858/851/4324 846/849/4325 845/850/4326 
f 858/851/4327 848/852/4328 846/849/4329 
f 848/852/4330 847/848/4331 846/849/4332 
f 848/852/4333 849/853/4334 847/848/4335 
f 849/853/4336 850/847/4337 847/848/4338 
f 849/853/4339 852/854/4340 850/847/4341 
f 852/854/4342 841/846/4343 850/847/4344 
f 852/854/4345 851/855/4346 841/846/4347 
f 851/855/4348 853/845/4349 841/846/4350 
f 860/856/4351 853/845/4352 851/855/4353 
f 860/856/4354 854/857/4355 853/845/4356 
f 854/857/4357 840/844/4358 853/845/4359 
f 854/857/4360 859/858/4361 840/844/4362 
f 859/858/4363 855/843/4364 840/844/4365 
f 859/858/4366 856/859/4367 855/843/4368 
f 856/859/4369 836/842/4370 855/843/4371 
f 856/859/4372 857/860/4373 836/842/4374 
f 857/860/4375 834/841/4376 836/842/4377 
f 857/860/4378 858/851/4379 834/841/4380 
f 861/861/4381 858/851/4382 857/860/4383 
f 856/859/4384 861/861/4385 857/860/4386 
f 859/858/4387 861/861/4388 856/859/4389 
f 854/857/4390 861/861/4391 859/858/4392 
f 860/856/4393 861/861/4394 854/857/4395 
f 851/855/4396 861/861/4397 860/856/4398 
f 852/854/4399 861/861/4400 851/855/4401 
f 849/853/4402 861/861/4403 852/854/4404 
f 848/852/4405 861/861/4406 849/853/4407 
f 848/852/4408 858/851/4409 861/861/4410 
f 877/864/4411 863/863/4412 862/862/4413 
f 864/865/4414 877/864/4415 862/862/4416 
f 865/866/4417 877/864/4418 864/865/4419 
f 866/867/4420 865/866/4421 864/865/4422 
f 867/868/4423 865/866/4424 866/867/4425 
f 868/869/4426 867/868/4427 866/867/4428 
f 869/870/4429 867/868/4430 868/869/4431 
f 880/871/4432 869/870/4433 868/869/4434 
f 870/872/4435 880/871/4436 868/869/4437 
f 871/873/4438 880/871/4439 870/872/4440 
f 881/874/4441 880/871/4442 871/873/4443 
f 872/875/4444 881/874/4445 871/873/4446 
f 882/876/4447 881/874/4448 872/875/4449 
f 884/877/4450 882/876/4451 872/875/4452 
f 873/878/4453 884/877/4454 872/875/4455 
f 874/879/4456 884/877/4457 873/878/4458 
f 875/880/4459 874/879/4460 873/878/4461 
f 876/881/4462 874/879/4463 875/880/4464 
f 863/863/4465 876/881/4466 875/880/4467 
f 877/864/4468 876/881/4469 863/863/4470 
f 878/882/4471 876/881/4472 877/864/4473 
f 894/883/4474 878/882/4475 877/864/4476 
f 865/866/4477 894/883/4478 877/864/4479 
f 893/884/4480 894/883/4481 865/866/4482 
f 867/868/4483 893/884/4484 865/866/4485 
f 891/885/4486 893/884/4487 867/868/4488 
f 869/870/4489 891/885/4490 867/868/4491 
f 890/886/4492 891/885/4493 869/870/4494 
f 888/887/4495 890/886/4496 869/870/4497 
f 880/871/4498 888/887/4499 869/870/4500 
f 879/888/4501 888/887/4502 880/871/4503 
f 881/874/4504 879/888/4505 880/871/4506 
f 887/889/4507 879/888/4508 881/874/4509 
f 882/876/4510 887/889/4511 881/874/4512 
f 883/890/4513 887/889/4514 882/876/4515 
f 884/877/4516 883/890/4517 882/876/4518 
f 885/891/4519 883/890/4520 884/877/4521 
f 874/879/4522 885/891/4523 884/877/4524 
f 876/881/4525 885/891/4526 874/879/4527 
f 878/882/4528 885/891/4529 876/881/4530 
f 878/882/4531 895/892/4532 885/891/4533 
f 895/892/4534 883/890/4535 885/891/4536 
f 895/892/4537 886/893/4538 883/890/4539 
f 886/893/4540 887/889/4541 883/890/4542 
f 886/893/4543 902/894/4544 887/889/4545 
f 902/894/4546 879/888/4547 887/889/4548 
f 902/894/4549 900/895/4550 879/888/4551 
f 900/895/4552 888/887/4553 879/888/4554 
f 900/895/4555 889/896/4556 888/887/4557 
f 889/896/4558 890/886/4559 888/887/4560 
f 899/897/4561 890/886/4562 889/896/4563 
f 899/897/4564 898/898/4565 890/886/4566 
f 898/898/4567 891/885/4568 890/886/4569 
f 898/898/4570 892/899/4571 891/885/4572 
f 892/899/4573 893/884/4574 891/885/4575 
f 892/899/4576 897/900/4577 893/884/4578 
f 897/900/4579 894/883/4580 893/884/4581 
f 897/900/4582 896/901/4583 894/883/4584 
f 896/901/4585 878/882/4586 894/883/4587 
f 896/901/4588 895/892/4589 878/882/4590 
f 901/902/4591 895/892/4592 896/901/4593 
f 897/900/4594 901/902/4595 896/901/4596 
f 892/899/4597 901/902/4598 897/900/4599 
f 898/898/4600 901/902/4601 892/899/4602 
f 899/897/4603 901/902/4604 898/898/4605 
f 889/896/4606 901/902/4607 899/897/4608 
f 900/895/4609 901/902/4610 889/896/4611 
f 902/894/4612 901/902/4613 900/895/4614 
f 886/893/4615 901/902/4616 902/894/4617 
f 886/893/4618 895/892/4619 901/902/4620 
f 905/905/4621 903/904/4622 904/903/4623 
f 906/906/4624 905/905/4625 904/903/4626 
f 907/907/4627 905/905/4628 906/906/4629 
f 908/908/4630 907/907/4631 906/906/4632 
f 919/909/4633 907/907/4634 908/908/4635 
f 909/910/4636 919/909/4637 908/908/4638 
f 921/911/4639 919/909/4640 909/910/4641 
f 911/912/4642 921/911/4643 909/910/4644 
f 910/913/4645 911/912/4646 909/910/4647 
f 912/914/4648 911/912/4649 910/913/4650 
f 913/915/4651 911/912/4652 912/914/4653 
f 914/916/4654 913/915/4655 912/914/4656 
f 923/917/4657 913/915/4658 914/916/4659 
f 924/918/4660 923/917/4661 914/916/4662 
f 915/919/4663 924/918/4664 914/916/4665 
f 917/920/4666 924/918/4667 915/919/4668 
f 916/921/4669 917/920/4670 915/919/4671 
f 918/922/4672 917/920/4673 916/921/4674 
f 903/904/4675 918/922/4676 916/921/4677 
f 905/905/4678 918/922/4679 903/904/4680 
f 935/923/4681 918/922/4682 905/905/4683 
f 934/924/4684 935/923/4685 905/905/4686 
f 907/907/4687 934/924/4688 905/905/4689 
f 932/925/4690 934/924/4691 907/907/4692 
f 919/909/4693 932/925/4694 907/907/4695 
f 930/926/4696 932/925/4697 919/909/4698 
f 921/911/4699 930/926/4700 919/909/4701 
f 928/927/4702 930/926/4703 921/911/4704 
f 920/928/4705 928/927/4706 921/911/4707 
f 911/912/4708 920/928/4709 921/911/4710 
f 922/929/4711 920/928/4712 911/912/4713 
f 913/915/4714 922/929/4715 911/912/4716 
f 927/930/4717 922/929/4718 913/915/4719 
f 923/917/4720 927/930/4721 913/915/4722 
f 926/931/4723 927/930/4724 923/917/4725 
f 924/918/4726 926/931/4727 923/917/4728 
f 925/932/4729 926/931/4730 924/918/4731 
f 917/920/4732 925/932/4733 924/918/4734 
f 918/922/4735 925/932/4736 917/920/4737 
f 935/923/4738 925/932/4739 918/922/4740 
f 935/923/4741 937/933/4742 925/932/4743 
f 937/933/4744 926/931/4745 925/932/4746 
f 937/933/4747 943/934/4748 926/931/4749 
f 943/934/4750 927/930/4751 926/931/4752 
f 943/934/4753 942/935/4754 927/930/4755 
f 942/935/4756 922/929/4757 927/930/4758 
f 942/935/4759 941/936/4760 922/929/4761 
f 941/936/4762 920/928/4763 922/929/4764 
f 941/936/4765 929/937/4766 920/928/4767 
f 929/937/4768 928/927/4769 920/928/4770 
f 940/938/4771 928/927/4772 929/937/4773 
f 940/938/4774 938/939/4775 928/927/4776 
f 938/939/4777 930/926/4778 928/927/4779 
f 938/939/4780 931/940/4781 930/926/4782 
f 931/940/4783 932/925/4784 930/926/4785 
f 931/940/4786 933/941/4787 932/925/4788 
f 933/941/4789 934/924/4790 932/925/4791 
f 933/941/4792 936/942/4793 934/924/4794 
f 936/942/4795 935/923/4796 934/924/4797 
f 936/942/4798 937/933/4799 935/923/4800 
f 939/943/4801 937/933/4802 936/942/4803 
f 933/941/4804 939/943/4805 936/942/4806 
f 931/940/4807 939/943/4808 933/941/4809 
f 938/939/4810 939/943/4811 931/940/4812 
f 940/938/4813 939/943/4814 938/939/4815 
f 929/937/4816 939/943/4817 940/938/4818 
f 941/936/4819 939/943/4820 929/937/4821 
f 942/935/4822 939/943/4823 941/936/4824 
f 943/934/4825 939/943/4826 942/935/4827 
f 943/934/4828 937/933/4829 939/943/4830 
f 946/946/4831 960/945/4832 944/944/4833 
f 945/947/4834 946/946/4835 944/944/4836 
f 947/948/4837 946/946/4838 945/947/4839 
f 948/949/4840 947/948/4841 945/947/4842 
f 962/950/4843 947/948/4844 948/949/4845 
f 949/951/4846 962/950/4847 948/949/4848 
f 963/952/4849 962/950/4850 949/951/4851 
f 966/953/4852 963/952/4853 949/951/4854 
f 950/954/4855 966/953/4856 949/951/4857 
f 951/955/4858 966/953/4859 950/954/4860 
f 952/956/4861 966/953/4862 951/955/4863 
f 953/957/4864 952/956/4865 951/955/4866 
f 954/958/4867 952/956/4868 953/957/4869 
f 955/959/4870 954/958/4871 953/957/4872 
f 956/960/4873 955/959/4874 953/957/4875 
f 957/961/4876 955/959/4877 956/960/4878 
f 958/962/4879 957/961/4880 956/960/4881 
f 959/963/4882 957/961/4883 958/962/4884 
f 960/945/4885 959/963/4886 958/962/4887 
f 946/946/4888 959/963/4889 960/945/4890 
f 968/964/4891 959/963/4892 946/946/4893 
f 980/965/4894 968/964/4895 946/946/4896 
f 947/948/4897 980/965/4898 946/946/4899 
f 961/966/4900 980/965/4901 947/948/4902 
f 962/950/4903 961/966/4904 947/948/4905 
f 976/967/4906 961/966/4907 962/950/4908 
f 963/952/4909 976/967/4910 962/950/4911 
f 975/968/4912 976/967/4913 963/952/4914 
f 964/969/4915 975/968/4916 963/952/4917 
f 966/953/4918 964/969/4919 963/952/4920 
f 965/970/4921 964/969/4922 966/953/4923 
f 952/956/4924 965/970/4925 966/953/4926 
f 972/971/4927 965/970/4928 952/956/4929 
f 954/958/4930 972/971/4931 952/956/4932 
f 967/972/4933 972/971/4934 954/958/4935 
f 955/959/4936 967/972/4937 954/958/4938 
f 969/973/4939 967/972/4940 955/959/4941 
f 957/961/4942 969/973/4943 955/959/4944 
f 959/963/4945 969/973/4946 957/961/4947 
f 968/964/4948 969/973/4949 959/963/4950 
f 968/964/4951 970/974/4952 969/973/4953 
f 970/974/4954 967/972/4955 969/973/4956 
f 970/974/4957 971/975/4958 967/972/4959 
f 971/975/4960 972/971/4961 967/972/4962 
f 971/975/4963 984/976/4964 972/971/4965 
f 984/976/4966 965/970/4967 972/971/4968 
f 984/976/4969 983/977/4970 965/970/4971 
f 983/977/4972 964/969/4973 965/970/4974 
f 983/977/4975 973/978/4976 964/969/4977 
f 973/978/4978 975/968/4979 964/969/4980 
f 974/979/4981 975/968/4982 973/978/4983 
f 974/979/4984 981/980/4985 975/968/4986 
f 981/980/4987 976/967/4988 975/968/4989 
f 981/980/4990 977/981/4991 976/967/4992 
f 977/981/4993 961/966/4994 976/967/4995 
f 977/981/4996 978/982/4997 961/966/4998 
f 978/982/4999 980/965/5000 961/966/5001 
f 978/982/5002 979/983/5003 980/965/5004 
f 979/983/5005 968/964/5006 980/965/5007 
f 979/983/5008 970/974/5009 968/964/5010 
f 982/984/5011 970/974/5012 979/983/5013 
f 978/982/5014 982/984/5015 979/983/5016 
f 977/981/5017 982/984/5018 978/982/5019 
f 981/980/5020 982/984/5021 977/981/5022 
f 974/979/5023 982/984/5024 981/980/5025 
f 973/978/5026 982/984/5027 974/979/5028 
f 983/977/5029 982/984/5030 973/978/5031 
f 984/976/5032 982/984/5033 983/977/5034 
f 971/975/5035 982/984/5036 984/976/5037 
f 971/975/5038 970/974/5039 982/984/5040 
f 986/987/5041 998/986/5042 985/985/5043 
f 987/988/5044 986/987/5045 985/985/5046 
f 1002/989/5047 986/987/5048 987/988/5049 
f 988/990/5050 1002/989/5051 987/988/5052 
f 990/991/5053 1002/989/5054 988/990/5055 
f 989/992/5056 990/991/5057 988/990/5058 
f 991/993/5059 990/991/5060 989/992/5061 
f 1006/994/5062 991/993/5063 989/992/5064 
f 992/995/5065 1006/994/5066 989/992/5067 
f 993/996/5068 1006/994/5069 992/995/5070 
f 1008/997/5071 1006/994/5072 993/996/5073 
f 994/998/5074 1008/997/5075 993/996/5076 
f 1009/999/5077 1008/997/5078 994/998/5079 
f 1010/1000/5080 1009/999/5081 994/998/5082 
f 995/1001/5083 1010/1000/5084 994/998/5085 
f 996/1002/5086 1010/1000/5087 995/1001/5088 
f 997/1003/5089 996/1002/5090 995/1001/5091 
f 999/1004/5092 996/1002/5093 997/1003/5094 
f 998/986/5095 999/1004/5096 997/1003/5097 
f 986/987/5098 999/1004/5099 998/986/5100 
f 1019/1005/5101 999/1004/5102 986/987/5103 
f 1000/1006/5104 1019/1005/5105 986/987/5106 
f 1002/989/5107 1000/1006/5108 986/987/5109 
f 1001/1007/5110 1000/1006/5111 1002/989/5112 
f 990/991/5113 1001/1007/5114 1002/989/5115 
f 1003/1008/5116 1001/1007/5117 990/991/5118 
f 991/993/5119 1003/1008/5120 990/991/5121 
f 1004/1009/5122 1003/1008/5123 991/993/5124 
f 1005/1010/5125 1004/1009/5126 991/993/5127 
f 1006/994/5128 1005/1010/5129 991/993/5130 
f 1007/1011/5131 1005/1010/5132 1006/994/5133 
f 1008/997/5134 1007/1011/5135 1006/994/5136 
f 1014/1012/5137 1007/1011/5138 1008/997/5139 
f 1009/999/5140 1014/1012/5141 1008/997/5142 
f 1013/1013/5143 1014/1012/5144 1009/999/5145 
f 1010/1000/5146 1013/1013/5147 1009/999/5148 
f 1011/1014/5149 1013/1013/5150 1010/1000/5151 
f 996/1002/5152 1011/1014/5153 1010/1000/5154 
f 999/1004/5155 1011/1014/5156 996/1002/5157 
f 1019/1005/5158 1011/1014/5159 999/1004/5160 
f 1019/1005/5161 1012/1015/5162 1011/1014/5163 
f 1012/1015/5164 1013/1013/5165 1011/1014/5166 
f 1012/1015/5167 1016/1016/5168 1013/1013/5169 
f 1016/1016/5170 1014/1012/5171 1013/1013/5172 
f 1016/1016/5173 1015/1017/5174 1014/1012/5175 
f 1015/1017/5176 1007/1011/5177 1014/1012/5178 
f 1015/1017/5179 1025/1018/5180 1007/1011/5181 
f 1025/1018/5182 1005/1010/5183 1007/1011/5184 
f 1025/1018/5185 1024/1019/5186 1005/1010/5187 
f 1024/1019/5188 1004/1009/5189 1005/1010/5190 
f 1023/1020/5191 1004/1009/5192 1024/1019/5193 
f 1023/1020/5194 1017/1021/5195 1004/1009/5196 
f 1017/1021/5197 1003/1008/5198 1004/1009/5199 
f 1017/1021/5200 1022/1022/5201 1003/1008/5202 
f 1022/1022/5203 1001/1007/5204 1003/1008/5205 
f 1022/1022/5206 1018/1023/5207 1001/1007/5208 
f 1018/1023/5209 1000/1006/5210 1001/1007/5211 
f 1018/1023/5212 1020/1024/5213 1000/1006/5214 
f 1020/1024/5215 1019/1005/5216 1000/1006/5217 
f 1020/1024/5218 1012/1015/5219 1019/1005/5220 
f 1021/1025/5221 1012/1015/5222 1020/1024/5223 
f 1018/1023/5224 1021/1025/5225 1020/1024/5226 
f 1022/1022/5227 1021/1025/5228 1018/1023/5229 
f 1017/1021/5230 1021/1025/5231 1022/1022/5232 
f 1023/1020/5233 1021/1025/5234 1017/1021/5235 
f 1024/1019/5236 1021/1025/5237 1023/1020/5238 
f 1025/1018/5239 1021/1025/5240 1024/1019/5241 
f 1015/1017/5242 1021/1025/5243 1025/1018/5244 
f 1016/1016/5245 1021/1025/5246 1015/1017/5247 
f 1016/1016/5248 1012/1015/5249 1021/1025/5250 
f 1041/1028/5251 1040/1027/5252 1026/1026/5253 
f 1027/1029/5254 1041/1028/5255 1026/1026/5256 
f 1042/1030/5257 1041/1028/5258 1027/1029/5259 
f 1028/1031/5260 1042/1030/5261 1027/1029/5262 
f 1043/1032/5263 1042/1030/5264 1028/1031/5265 
f 1029/1033/5266 1043/1032/5267 1028/1031/5268 
f 1030/1034/5269 1043/1032/5270 1029/1033/5271 
f 1032/1035/5272 1030/1034/5273 1029/1033/5274 
f 1031/1036/5275 1032/1035/5276 1029/1033/5277 
f 1033/1037/5278 1032/1035/5279 1031/1036/5280 
f 1035/1038/5281 1032/1035/5282 1033/1037/5283 
f 1034/1039/5284 1035/1038/5285 1033/1037/5286 
f 1047/1040/5287 1035/1038/5288 1034/1039/5289 
f 1036/1041/5290 1047/1040/5291 1034/1039/5292 
f 1037/1042/5293 1036/1041/5294 1034/1039/5295 
f 1050/1043/5296 1036/1041/5297 1037/1042/5298 
f 1039/1044/5299 1050/1043/5300 1037/1042/5301 
f 1038/1045/5302 1050/1043/5303 1039/1044/5304 
f 1040/1027/5305 1038/1045/5306 1039/1044/5307 
f 1041/1028/5308 1038/1045/5309 1040/1027/5310 
f 1053/1046/5311 1038/1045/5312 1041/1028/5313 
f 1060/1047/5314 1053/1046/5315 1041/1028/5316 
f 1042/1030/5317 1060/1047/5318 1041/1028/5319 
f 1059/1048/5320 1060/1047/5321 1042/1030/5322 
f 1043/1032/5323 1059/1048/5324 1042/1030/5325 
f 1044/1049/5326 1059/1048/5327 1043/1032/5328 
f 1030/1034/5329 1044/1049/5330 1043/1032/5331 
f 1056/1050/5332 1044/1049/5333 1030/1034/5334 
f 1045/1051/5335 1056/1050/5336 1030/1034/5337 
f 1032/1035/5338 1045/1051/5339 1030/1034/5340 
f 1046/1052/5341 1045/1051/5342 1032/1035/5343 
f 1035/1038/5344 1046/1052/5345 1032/1035/5346 
f 1048/1053/5347 1046/1052/5348 1035/1038/5349 
f 1047/1040/5350 1048/1053/5351 1035/1038/5352 
f 1049/1054/5353 1048/1053/5354 1047/1040/5355 
f 1036/1041/5356 1049/1054/5357 1047/1040/5358 
f 1051/1055/5359 1049/1054/5360 1036/1041/5361 
f 1050/1043/5362 1051/1055/5363 1036/1041/5364 
f 1038/1045/5365 1051/1055/5366 1050/1043/5367 
f 1053/1046/5368 1051/1055/5369 1038/1045/5370 
f 1053/1046/5371 1052/1056/5372 1051/1055/5373 
f 1052/1056/5374 1049/1054/5375 1051/1055/5376 
f 1052/1056/5377 1054/1057/5378 1049/1054/5379 
f 1054/1057/5380 1048/1053/5381 1049/1054/5382 
f 1054/1057/5383 1055/1058/5384 1048/1053/5385 
f 1055/1058/5386 1046/1052/5387 1048/1053/5388 
f 1055/1058/5389 1065/1059/5390 1046/1052/5391 
f 1065/1059/5392 1045/1051/5393 1046/1052/5394 
f 1065/1059/5395 1064/1060/5396 1045/1051/5397 
f 1064/1060/5398 1056/1050/5399 1045/1051/5400 
f 1063/1061/5401 1056/1050/5402 1064/1060/5403 
f 1063/1061/5404 1057/1062/5405 1056/1050/5406 
f 1057/1062/5407 1044/1049/5408 1056/1050/5409 
f 1057/1062/5410 1058/1063/5411 1044/1049/5412 
f 1058/1063/5413 1059/1048/5414 1044/1049/5415 
f 1058/1063/5416 1062/1064/5417 1059/1048/5418 
f 1062/1064/5419 1060/1047/5420 1059/1048/5421 
f 1062/1064/5422 1061/1065/5423 1060/1047/5424 
f 1061/1065/5425 1053/1046/5426 1060/1047/5427 
f 1061/1065/5428 1052/1056/5429 1053/1046/5430 
f 1066/1066/5431 1052/1056/5432 1061/1065/5433 
f 1062/1064/5434 1066/1066/5435 1061/1065/5436 
f 1058/1063/5437 1066/1066/5438 1062/1064/5439 
f 1057/1062/5440 1066/1066/5441 1058/1063/5442 
f 1063/1061/5443 1066/1066/5444 1057/1062/5445 
f 1064/1060/5446 1066/1066/5447 1063/1061/5448 
f 1065/1059/5449 1066/1066/5450 1064/1060/5451 
f 1055/1058/5452 1066/1066/5453 1065/1059/5454 
f 1054/1057/5455 1066/1066/5456 1055/1058/5457 
f 1054/1057/5458 1052/1056/5459 1066/1066/5460 
# 1820 faces

#
# object SM_Barnacle_Group_03_LOD1
#

v  3.6138 -0.0000 12.0842
v  4.8244 0.0000 19.3581
v  0.5291 2.0607 16.5656
v  3.3649 0.0010 -67.5416
v  -3.9677 0.0010 -67.4497
v  -0.5745 2.0504 -71.2502
v  -0.3344 0.0287 74.0394
v  -6.0850 0.0287 76.5088
v  -4.6523 1.7777 72.4035
v  1.3209 0.0287 0.6217
v  2.3483 0.0287 6.7952
v  -1.2971 1.7776 4.4252
v  7.1127 0.0386 -60.1880
v  1.2413 0.0386 -60.1144
v  3.9584 1.6796 -63.1575
v  -4.0504 0.0386 13.7055
v  -8.2102 0.0386 9.5612
v  -4.1349 1.6796 9.3741
v  2.8470 0.0386 23.0954
v  0.4930 0.0386 28.4747
v  -1.1590 1.6796 24.7446
v  0.9115 0.0386 -34.5295
v  -4.9599 0.0386 -34.4559
v  -2.2429 1.6796 -37.4990
v  2.8622 0.0482 -36.5049
v  5.5202 0.0482 -31.6916
v  1.8067 1.5848 -32.5879
v  -3.5363 0.0273 -5.4778
v  -0.8057 0.0273 -0.8994
v  -4.4329 1.5171 -1.6483
v  -1.9984 0.0533 33.9288
v  -6.0662 0.0533 30.5306
v  -2.4164 1.5346 30.0405
v  -2.1794 0.0386 -88.3199
v  1.7760 0.0386 -94.3615
v  3.5089 0.0386 -89.7766
v  3.8888 0.0568 -20.8775
v  3.1922 0.0568 -15.7619
v  0.8977 1.4996 -18.5191
v  4.2106 0.0568 -50.1985
v  3.5139 0.0568 -45.0828
v  1.2194 1.4996 -47.8400
v  2.4344 0.0569 -44.2399
v  4.9283 0.0569 -39.7239
v  1.4441 1.4986 -40.5649
v  8.2102 0.0569 -50.9721
v  3.2126 0.0569 -49.6923
v  4.9017 1.4986 -52.8536
v  0.8044 0.0570 52.2613
v  -0.9834 0.0570 57.0990
v  -2.6235 1.4983 53.9131
v  -2.8418 0.0632 38.6356
v  -4.5394 0.0632 34.0214
v  -1.3785 1.4372 35.3164
v  -3.8445 0.0254 99.1464
v  -5.3609 0.0254 92.6706
v  -1.2023 0.0254 94.4276
v  1.0460 0.0670 -29.9746
v  -1.1317 0.0670 -25.7339
v  -2.2830 1.3992 -28.8395
v  -2.3093 -0.0000 13.7592
v  2.6126 0.0010 -73.6166
v  -5.8628 0.0287 105.7023
v  1.4289 0.0287 108.1658
v  -1.5965 0.0287 102.6873
v  -1.1942 0.0569 -110.3556
v  -3.9997 0.0569 -104.6428
v  -5.3380 0.0569 -109.1838
v  1.7803 0.0386 62.7576
v  -3.9003 0.0386 58.2991
v  0.8163 0.0386 56.9654
v  -1.4319 0.0386 92.8676
v  0.2849 0.0386 85.8533
v  3.4463 0.0386 89.5991
v  -3.7062 0.0287 2.0433
v  -2.9133 0.0287 69.4961
v  -5.2998 0.0434 87.9220
v  -3.6375 0.0434 81.1299
v  -0.5762 0.0434 84.7570
v  -1.8330 0.0386 21.6383
v  -0.9957 0.0386 9.8723
v  0.3091 0.0386 -39.3938
v  6.5104 0.0386 -65.0524
v  -0.3964 0.0000 20.2500
v  -0.2570 1.6796 -91.9182
v  -4.0562 0.0010 -72.7161
v  1.0267 0.0568 -75.8492
v  -2.5850 0.0568 -81.0712
v  1.7234 0.0568 -80.9649
v  -0.8860 0.0482 -33.8559
v  -7.0830 0.0273 -2.7903
v  0.4460 0.0533 30.2406
v  -5.0229 1.5367 95.5785
v  -3.7944 0.0386 89.3739
v  -2.3770 0.0386 63.4678
v  -0.4196 0.0568 -20.9839
v  -0.0978 0.0568 -50.3048
v  -1.0823 0.0569 -41.7545
v  6.6877 0.0569 -55.0003
v  -3.3740 0.0570 51.2241
v  -7.5876 0.0434 84.5390
v  -2.4968 0.0287 110.3556
v  0.8299 0.0632 36.8017
v  -7.8763 0.0287 72.3860
v  -2.0826 0.0287 7.5521
v  -2.6730 0.0670 -31.3904
v  -3.2431 0.0386 -92.4011
v  -2.6497 0.0568 -76.3339
v  -5.2464 0.0386 6.5608
v  -3.3780 0.0386 26.8005
v  -5.0308 0.0386 -38.6728
v  1.1705 0.0386 -64.3313
v  -7.2419 0.0254 97.2631
v  2.0712 0.0482 -29.7677
v  -4.0857 0.0273 1.0760
v  -3.6380 0.0533 27.5984
v  -0.3472 0.0569 -105.2668
v  -0.4843 0.0568 -16.2466
v  -0.1626 0.0568 -45.5675
v  2.2781 0.0569 -53.2778
v  1.6923 0.0569 -37.9189
v  -4.4635 0.0570 55.8297
v  -1.2305 0.0632 32.7878
v  -4.1843 0.0670 -27.2851
v  -3.3522 1.4986 -107.2204
v  -4.3005 1.3241 107.2981
v  -0.1777 1.1891 90.5841
v  0.2179 1.1891 60.6729
v  -4.0854 1.1575 85.7109
v  0.2566 1.0684 -78.0065
v  -1.0813 1.2541 87.4420
v  -3.0170 1.2541 60.1992
v  -1.2099 1.1524 107.6079
v  -4.9603 1.2204 82.6683
v  -1.2001 1.5264 16.1452
v  0.0998 1.5190 -72.8864
v  5.5519 0.0000 16.9536
v  -2.3372 1.1255 -79.2457
v  -1.7141 0.0010 -66.3716
v  -2.7647 1.3241 4.0684
v  -4.6556 1.3241 70.8931
v  0.3745 -0.0000 12.1058
v  3.8326 0.0010 -70.7290
v  -0.0414 1.2540 -93.3187
v  -3.9559 0.0287 76.6220
v  2.9658 0.0287 4.7544
v  -2.1300 1.2541 23.7125
v  -2.8210 1.2541 8.8434
v  -1.7030 1.2541 -38.8092
v  4.4983 1.2540 -64.4677
v  -7.5648 0.0386 11.4547
v  -3.1553 0.0386 -33.5926
v  2.0236 0.0386 27.1867
v  3.0459 0.0386 -59.2511
v  -5.8199 1.1448 94.5450
v  0.4866 1.1863 -32.4539
v  -2.2450 0.9832 -106.4250
v  -5.7078 1.1308 -1.4759
v  -4.1826 0.0287 103.6205
v  -1.2767 1.1505 29.4596
v  -1.4284 0.0287 0.6401
v  -1.0076 0.0287 71.3738
v  5.4344 0.0482 -33.5628
v  0.1499 1.1255 -48.4792
v  -0.1718 1.1255 -19.1584
v  5.0910 1.1248 -54.0841
v  0.2055 1.1248 -40.4392
v  -3.5279 1.1245 53.0580
v  -0.9491 0.0273 -2.7099
v  -5.3363 0.0533 32.1823
v  -1.7632 0.0386 56.9826
v  3.0234 0.1994 18.4762
v  2.3661 0.0386 87.2567
v  1.2860 0.0386 -37.0816
v  -1.9646 0.0386 12.1878
v  0.6764 0.0386 21.7018
v  7.4873 0.0386 -62.7401
v  3.2708 0.0386 -92.3451
v  -2.8289 0.1993 -69.0869
v  4.1767 0.0568 -17.2195
v  4.4984 0.0568 -46.5404
v  4.9323 0.0569 -49.3293
v  4.8478 0.0569 -41.4796
v  0.2925 0.0570 55.8909
v  -0.1935 1.0809 35.3767
v  -1.6221 0.0434 82.4888
v  -3.0179 1.0538 -29.7246
v  2.6270 0.1994 13.3827
v  2.2375 0.1993 -68.7076
v  -4.7169 0.0632 35.6869
v  0.5902 0.0482 -35.6850
v  -3.0665 0.0254 92.9547
v  0.1733 0.0670 -26.7008
v  -5.7115 0.0273 -4.6101
v  -0.2425 0.0533 32.3994
v  -4.4115 1.1010 -108.0903
v  -2.7020 0.1974 89.5291
v  -1.7848 0.1974 62.5367
v  -2.2648 0.1974 -91.8908
v  -0.4476 0.0568 -81.6212
v  2.0396 0.0568 -50.8548
v  1.7178 0.0568 -21.5339
v  0.3027 0.0569 -43.4707
v  8.0010 0.0569 -53.2287
v  -1.1705 0.0570 51.1508
v  -3.4604 0.0569 -110.3405
v  -6.5297 0.1972 84.6893
v  -2.7979 1.7777 107.1456
v  0.8198 0.1979 6.0467
v  -5.7224 0.1979 74.8459
v  -0.7225 0.0632 38.2185
v  -6.2802 0.1716 96.9349
v  -0.6429 0.0670 -31.2129
v  0.4834 0.1979 1.7238
v  -1.6043 0.1979 73.4887
v  -2.0190 0.1979 104.0054
v  -0.2769 0.2096 -88.9227
v  -6.6355 0.1974 9.2959
v  -4.0480 0.1974 -35.7668
v  2.1532 0.1974 -61.4253
v  -0.3253 0.1974 27.1034
v  -1.9102 0.1964 -76.9618
v  -2.2323 0.1979 109.2097
v  2.4114 0.1974 -90.4709
v  2.1802 0.1974 89.3100
v  1.6242 0.1974 23.5328
v  -4.0147 0.1974 12.4073
v  0.0087 0.1974 -35.4631
v  6.2100 0.1974 -61.1216
v  0.0305 0.1974 57.9994
v  4.0349 0.1969 -31.8643
v  -3.0379 0.1829 97.4947
v  -1.8022 0.1972 84.4772
v  -2.2505 0.1715 -1.0189
v  -4.6712 0.1966 30.1676
v  2.4910 0.1969 -35.3468
v  1.3312 0.0287 106.0359
v  2.1703 0.1964 -16.7248
v  2.4920 0.1964 -46.0457
v  3.5347 0.1964 -39.8859
v  3.7195 0.1964 -51.0005
v  -1.7713 0.1964 55.9386
v  -2.3626 0.1716 94.7184
v  -3.8587 0.1715 -4.3437
v  -2.0688 0.1966 32.7586
v  -1.8845 0.1964 -109.4472
v  0.7945 0.1964 -80.3007
v  -3.2500 0.1961 34.3751
v  2.9599 0.1964 -20.2135
v  3.2817 0.1964 -49.5344
v  2.0861 0.1964 -43.1534
v  7.2460 0.1964 -51.5821
v  -0.2453 0.1964 52.7077
v  0.5513 0.0386 92.6051
v  -2.0356 0.0000 18.7161
v  2.3596 0.0386 60.8428
v  -2.3011 0.0010 -74.0958
v  -2.7553 0.0000 16.0924
v  5.0444 -0.0000 14.3364
v  -1.7259 0.1959 -26.8862
v  0.3864 0.0010 -74.4072
v  0.9351 0.0010 -66.4753
v  -3.3795 0.0434 87.6678
v  -2.3569 0.1961 37.6623
v  0.1180 1.4031 17.8695
v  -1.7941 1.3964 -71.8511
v  0.0332 0.1959 -29.6816
v  -1.6400 1.6796 60.5340
v  -0.8179 1.6796 88.8344
v  2.0112 0.0568 -77.3067
v  -0.9851 1.4924 15.3222
v  2.8624 1.4448 16.7401
v  0.1617 0.0569 -106.9490
v  0.8763 1.4852 -72.5508
v  -1.0983 1.4379 -68.9831
v  -1.0509 1.0930 -90.5849
v  -4.7053 1.6324 84.0166
v  -4.2423 0.0287 109.5917
v  -3.4794 0.1964 -105.4608
v  -6.9437 0.0287 70.7246
v  -3.4739 0.0287 6.2503
v  -4.0846 0.0287 4.0235
v  -5.5600 0.0287 107.6955
v  -4.9267 0.0287 69.6006
v  2.5351 0.0287 2.5332
v  -1.9014 0.0287 75.6743
v  0.1852 0.0287 104.0851
v  -3.6254 0.0386 -39.7776
v  -1.6461 1.2195 5.5318
v  -3.2206 0.0386 87.6808
v  -3.4738 0.0386 6.7922
v  -5.8102 1.2196 72.3284
v  -3.8049 0.0386 25.0646
v  2.5758 0.0386 -65.4361
v  -3.6823 0.0386 62.2464
v  -2.1381 0.0386 -93.8062
v  -4.6381 0.9965 96.9550
v  -1.5540 0.0386 86.2966
v  -3.1447 0.0386 23.0012
v  -1.4734 0.0386 -40.0269
v  -1.7902 0.0386 8.1557
v  -4.2554 0.0386 60.1571
v  -0.1056 0.0386 -94.5562
v  4.7278 0.0386 -65.6854
v  2.2829 0.0386 91.3769
v  1.9555 0.0386 58.7588
v  -1.0341 0.0386 -33.6756
v  2.8226 0.0386 25.2200
v  -6.0215 0.0386 12.9124
v  5.1672 0.0386 -59.3342
v  1.8197 0.0386 -88.4879
v  -1.2678 1.4996 -78.6064
v  -7.0319 0.0434 82.8996
v  -5.4181 0.0434 81.5592
v  -1.7027 0.0434 86.4786
v  -4.4742 1.1559 8.3396
v  -3.2194 1.1559 -37.9802
v  -2.0001 1.1559 25.4358
v  2.9818 1.1559 -63.6387
v  -2.5822 1.2953 3.3698
v  -3.9337 1.2953 70.9039
v  0.5377 0.0482 -30.4389
v  -4.3241 1.2549 74.3620
v  0.6832 1.2549 4.5733
v  -4.3612 1.2953 106.5787
v  -7.4770 0.0254 95.6336
v  -0.6200 0.0482 -32.1047
v  4.4275 0.0482 -35.2768
v  -5.5933 0.0273 0.4750
v  -6.6859 0.0254 93.8017
v  -2.0257 0.0533 27.6665
v  -1.4160 0.0254 96.3728
v  -4.2838 1.1248 -106.9171
v  -6.7688 0.0273 -1.1019
v  -1.9800 0.0273 -4.3382
v  -0.4041 0.0533 28.7597
v  -3.8335 0.0533 33.3713
v  -2.8458 1.2270 59.5438
v  -1.6288 1.2270 23.2568
v  -2.5780 1.2270 9.4758
v  -1.2630 0.0568 -17.6119
v  -0.9413 0.0568 -46.9328
v  -1.0812 1.2270 -38.5405
v  3.2490 0.0569 -54.5124
v  1.8415 1.0945 -31.5691
v  -2.6622 1.1891 -35.6837
v  0.3219 1.1891 25.8752
v  -5.7255 1.1891 10.3443
v  3.5390 1.1891 -61.3422
v  -4.9271 0.0570 54.3296
v  -3.4285 0.0568 -77.6992
v  0.2535 0.0569 -38.5486
v  5.1201 1.2270 -64.1990
v  -5.1465 0.0569 -105.7159
v  0.6262 1.2270 -93.2043
v  -0.4136 1.2270 87.3275
v  -5.6500 0.0569 -107.5514
v  -0.8793 0.0568 -48.8367
v  -1.2010 0.0568 -19.5157
v  -0.8327 0.0569 -40.1115
v  -3.3665 0.0568 -79.6030
v  -4.4541 0.0570 52.4865
v  5.0347 0.0569 -55.1713
v  2.2139 0.0568 -79.1623
v  4.3793 0.0568 -19.0749
v  4.7010 0.0568 -48.3959
v  3.9031 0.0569 -43.0877
v  6.7261 0.0569 -49.8399
v  0.8921 0.0570 54.1254
v  -0.1933 0.0569 -108.7799
v  -4.3663 1.0417 -0.6622
v  -4.3139 1.1941 82.5574
v  -2.8031 1.0619 29.1371
v  0.0341 0.0632 33.5887
v  0.6744 1.0392 -47.0530
v  0.3527 1.0392 -17.7322
v  -3.3255 1.0383 54.5624
v  3.9682 1.0386 -53.0620
v  1.4768 1.0386 -39.6089
v  0.4333 1.1610 -33.0860
v  3.4905 1.1256 -33.0448
v  0.8318 0.0632 35.2179
v  -4.0590 0.0632 37.3382
v  -4.4431 0.0670 -28.7131
v  -5.3195 1.1199 94.1725
v  -0.2221 0.0386 -87.9067
v  -5.7798 1.1062 -2.0866
v  -2.8161 1.0719 -2.1452
v  -3.8044 0.0670 -30.3519
v  0.9195 0.0670 -28.2543
v  -1.0083 1.1260 30.0090
v  -3.7701 1.0919 31.0385
v  -1.2714 0.9987 34.4111
v  -2.0230 1.1017 -79.7515
v  0.1425 1.1017 -19.6643
v  0.4642 1.1017 -48.9852
v  4.9198 1.0677 -51.2168
v  0.1555 1.1010 -41.0322
v  5.6776 1.1010 -53.9835
v  2.4221 1.0684 -17.9192
v  2.7438 1.0684 -47.2401
v  -3.1118 1.1007 52.6327
v  3.0239 1.0677 -40.9935
v  -1.2669 1.0675 54.8284
v  0.3473 0.1994 19.0808
v  -3.0193 0.1993 -71.8086
v  -2.9992 0.9741 -28.3216
v  -2.3256 0.0254 98.1036
v  -0.2320 1.0582 35.9426
v  -2.9286 1.0265 35.4922
v  -2.5889 1.0318 -30.0686
v  -1.1398 1.0011 -27.8490
v  4.0835 0.2148 14.8683
v  0.5573 0.2146 -67.5002
v  -6.7622 0.1979 72.7624
v  -1.4514 0.1979 6.5598
v  -0.8814 1.2549 106.6256
v  0.2977 0.2110 106.3644
v  -4.2005 0.1974 -37.9461
v  -5.1848 0.1974 7.6625
v  2.0007 0.1974 -63.6047
v  -2.3736 0.1974 26.3437
v  0.1612 0.2096 91.6654
v  1.3427 0.2096 60.8104
v  2.3036 0.1969 -30.7744
v  1.7195 0.2109 2.9846
v  -2.5342 0.2109 74.9898
v  -0.4334 0.2110 104.7824
v  -3.7572 0.2090 86.7579
v  -3.8930 0.1715 0.0929
v  -3.4956 0.1966 28.5842
v  1.9653 0.9598 14.0410
v  1.6903 0.9555 -69.4574
v  0.2552 0.1964 -16.8746
v  1.5812 0.2096 90.8547
v  3.1376 0.1964 -52.8296
v  1.9104 0.1964 -38.8634
v  0.5769 0.1964 -46.1954
v  1.9502 0.2096 25.1571
v  1.1904 0.2096 59.1824
v  -5.6467 0.2096 12.1222
v  -1.3366 0.2096 -34.4963
v  -3.6063 0.1964 55.3776
v  4.8647 0.2096 -60.1548
v  1.3321 0.2096 -89.2140
v  -1.7199 1.0677 -107.0983
v  -2.3821 0.2090 85.9729
v  -0.7317 0.2072 -106.9775
v  1.1655 0.2072 -77.5985
v  -1.5722 0.1961 33.6462
v  -0.8024 1.5264 16.9991
v  -0.7995 1.5190 -72.6245
v  3.8840 0.2083 -34.6642
v  -3.3475 0.1959 -27.6048
v  -2.2100 0.1829 96.2367
v  -2.4869 0.1826 -3.7271
v  -3.5588 0.2077 32.6311
v  -1.9674 1.1559 61.5722
v  -1.3195 1.1559 -92.1554
v  -1.8988 1.1559 88.9647
v  -0.8656 0.2072 -108.4078
v  1.4610 0.2072 -79.0055
v  3.9482 0.2072 -48.2391
v  3.6264 0.2072 -18.9182
v  3.3932 0.2072 -42.5129
v  0.1239 0.2072 54.1151
v  6.2978 0.2072 -50.4778
v  -2.0311 0.2148 16.1283
v  0.2419 0.2146 -73.7007
v  -5.7520 1.1253 84.1427
v  -2.2808 0.8433 73.0765
v  -0.0782 0.8433 2.2825
v  -2.3625 0.8433 104.7193
v  -1.3960 0.2148 18.0726
v  -1.7652 0.2146 -73.3699
v  4.2748 0.2148 16.9129
v  -1.4812 0.2146 -67.6208
v  -1.4989 0.1994 14.1967
v  -3.4957 0.2064 36.8702
v  2.0601 0.1993 -72.8860
v  -5.8560 1.0544 96.1364
v  -1.1224 1.0930 90.3560
v  -0.3797 1.0930 61.4392
v  0.2158 0.2058 -28.3490
v  1.4852 0.8029 89.0464
v  0.8966 0.8029 23.6844
v  -3.8922 0.8029 11.6742
v  -0.4294 0.8029 -36.0635
v  5.7718 0.8029 -61.7220
v  1.8440 0.8029 -90.9510
v  -0.4964 0.8029 58.5236
v  -2.4272 1.3241 4.7931
v  -3.7409 1.3241 107.8689
v  -5.2789 1.3241 71.3937
v  -1.8128 1.0392 -77.8194
v  -5.0002 1.0644 85.4900
v  -4.5620 1.1248 -107.5145
v  -2.4751 0.7835 84.2219
v  2.1119 1.3241 17.7025
v  -1.9309 1.3178 -69.8661
v  -2.7582 1.2196 108.3053
v  2.1893 0.7639 -34.7197
v  -0.6917 1.2540 -92.9450
v  -2.7003 1.2541 60.8791
v  -2.2358 1.2541 24.4550
v  -3.4746 1.2541 8.4756
v  -2.4231 1.2541 -38.5994
v  3.7782 1.2540 -64.2579
v  -1.5699 1.2541 88.0110
v  -3.4700 0.2109 4.0540
v  -4.9703 0.2110 107.5195
v  -4.8097 0.2109 70.2048
v  -3.0432 0.7293 94.7919
v  -5.4335 1.2204 83.2193
v  -4.1309 0.7212 -3.7262
v  -2.0164 0.7432 32.0897
v  -3.9123 0.2110 108.8959
v  -2.9309 0.2109 5.7042
v  -0.2363 1.1891 -90.0551
v  -6.2839 0.2109 71.1216
v  1.8819 0.2109 4.7199
v  -4.1807 0.2109 75.5611
v  -0.4446 0.9839 -77.5182
v  -3.0183 0.1979 2.4147
v  -3.1100 0.1979 70.2527
v  -5.0905 0.1979 105.8234
v  -2.3475 0.7284 -108.9866
v  2.7028 0.7288 -49.2311
v  2.3811 0.7288 -19.9102
v  6.7475 0.7284 -52.0038
v  -0.8756 0.7283 52.8779
v  0.2156 0.7288 -79.9975
v  1.8031 0.7284 -42.5649
v  0.9782 1.1863 -31.9524
v  -1.3421 0.2096 86.8337
v  -0.0847 0.2096 -93.9791
v  4.6120 0.2096 -65.1197
v  -3.6787 0.2096 60.1857
v  -2.6771 0.2096 23.3400
v  -2.2755 0.2096 8.4686
v  -1.5892 0.2096 -39.4612
v  -5.9838 1.1448 95.2161
v  3.0049 0.2096 -64.8548
v  -5.2152 1.1308 -1.0058
v  -1.5839 0.2096 -93.3426
v  -3.1963 0.2096 -39.1963
v  -3.5890 0.2096 7.5055
v  -3.0985 0.2096 24.9133
v  -2.5436 0.2096 87.9334
v  -3.1729 0.2096 61.7340
v  -1.8935 1.1505 29.1804
v  -2.0053 0.7031 37.1488
v  1.1892 0.2096 26.6044
v  -6.7196 0.2096 10.8882
v  -2.9689 0.2096 -34.5929
v  3.2323 0.2096 -60.2513
v  -5.2129 0.2090 82.0792
v  1.4841 0.1974 -93.6887
v  -1.4825 0.1974 22.2826
v  -1.7232 0.1974 9.9654
v  0.2338 0.1974 86.5850
v  -3.2549 0.1974 58.6476
v  -0.1333 0.1974 -38.8089
v  6.0680 0.1974 -64.4673
v  -3.7673 1.0850 96.7482
v  -0.2617 0.1979 107.9692
v  0.0462 1.1524 5.3900
v  -2.2481 1.1255 -78.5922
v  -0.0827 1.1255 -18.5049
v  -5.2691 1.1524 73.9381
v  0.2391 1.1255 -47.8258
v  -3.5825 1.1245 53.7145
v  0.6668 1.1248 -39.9686
v  -3.6869 0.1971 81.8384
v  4.5197 1.1248 -53.7557
v  -6.3764 0.2090 83.1441
v  -0.5640 0.6875 -29.5953
v  -0.1019 0.2083 -32.2594
v  0.1606 1.4924 14.9447
v  1.0744 1.4852 -71.3677
v  -6.2878 0.1829 94.1543
v  2.0386 1.6164 15.5343
v  0.8276 0.2083 -31.0502
v  0.2113 1.6085 -69.6107
v  -6.2717 0.1826 -1.2685
v  4.5264 0.2083 -33.2742
v  -0.8158 0.2077 29.0795
v  -0.5602 1.0809 34.8668
v  -0.2076 0.1969 -33.7496
v  -6.8158 0.1829 95.5585
v  -1.6026 0.1974 -89.8090
v  -1.3840 0.1974 91.2714
v  0.3461 0.1974 62.0553
v  -5.6867 1.0930 9.3733
v  2.8723 1.0930 -62.0492
v  -0.5972 1.0930 26.1911
v  -3.3290 1.0930 -36.3907
v  -5.3321 0.1826 -0.1267
v  -5.0976 0.1716 93.2926
v  -2.0730 0.2077 28.3170
v  -0.4023 0.2072 -48.6627
v  -4.0267 0.2072 52.7595
v  -1.8197 0.1826 -2.4010
v  -0.7241 0.2072 -19.3418
v  -0.3466 0.2072 -40.2566
v  5.0530 0.2072 -54.6643
v  -2.8896 0.2072 -79.4291
v  -5.1433 0.2072 -107.5263
v  -4.6210 0.2077 31.6062
v  -3.1409 1.0538 -29.1283
v  -6.4221 0.1715 -2.7090
v  -0.2009 0.1966 30.3818
v  -5.2535 0.1972 86.3764
v  -4.6990 0.2072 -106.1661
v  3.7358 0.2072 -54.1051
v  0.5255 0.2072 -39.1221
v  -2.8674 0.2072 -77.9971
v  -0.7019 0.2072 -17.9098
v  -0.3802 0.2072 -47.2307
v  -4.3154 0.2072 54.1607
v  4.8841 0.2072 -50.2219
v  -0.4690 0.2072 55.4232
v  3.3310 0.2072 -17.5111
v  -4.7710 0.1964 -108.8777
v  3.9958 0.2072 -41.2088
v  3.6528 0.2072 -46.8321
v  0.3536 0.1964 -49.8443
v  -2.1336 0.1964 -80.6107
v  0.0318 0.1964 -20.5234
v  -0.4457 0.1964 -41.6548
v  -3.0335 0.1964 51.7710
v  6.4313 0.1964 -54.4091
v  0.3529 0.2064 35.2844
v  3.2019 1.0355 -32.1818
v  -0.3049 0.2064 34.0898
v  -4.4711 0.1716 97.8158
v  -3.4425 0.2058 -30.0539
v  -3.8753 0.2064 35.5548
v  -3.0679 0.9845 -1.2997
v  0.2446 0.1961 36.6158
v  -3.8118 1.0051 30.1623
v  -3.8630 0.2058 -28.8002
v  -1.6073 0.1964 -105.8838
v  0.0048 0.1964 -76.8120
v  -0.4736 0.2058 -27.2145
v  -2.0565 0.9830 55.1526
v  -1.6099 1.2953 3.0495
v  -3.3908 1.2953 71.7718
v  4.2041 0.9833 -51.6822
v  -3.5511 1.2953 105.9527
v  1.7208 0.9839 -17.4310
v  2.0426 0.9839 -46.7518
v  -2.4213 0.1959 -30.8507
v  2.7531 0.9833 -40.1838
v  -0.0159 1.4006 3.5499
v  -3.4968 1.4006 73.4391
v  -1.8815 1.4006 105.8935
v  -2.5567 0.9460 34.7685
v  -1.9334 1.2270 59.2432
v  -0.7003 1.2270 23.5029
v  5.2787 1.2270 -63.2516
v  -3.1441 1.2270 10.2518
v  -0.9226 1.2270 -37.5931
v  1.0039 1.2270 -92.3211
v  0.2367 1.2270 88.0344
v  -4.6328 1.3258 10.7421
v  0.2964 1.3258 24.7127
v  0.4262 1.3258 89.5904
v  -1.6136 1.3258 -36.1863
v  -0.4380 1.3258 59.7127
v  4.5876 1.3258 -61.8447
v  0.6642 1.3258 -90.7909
v  -1.9003 0.9230 -27.6392
v  -3.5006 1.2898 84.7486
v  -3.6842 1.1941 83.2420
v  1.1450 1.1610 -33.6360
v  -3.6399 1.0386 -106.3082
v  0.3480 0.9598 14.1484
v  -4.4906 1.1199 94.4817
v  2.6118 1.2535 -33.6880
v  1.8288 0.9555 -71.0633
v  -5.1079 1.1062 -2.6425
v  -3.6859 1.2109 95.6803
v  -1.4560 1.1260 30.7515
v  1.8353 0.0000 20.0340
v  -3.6882 1.1959 -2.7401
v  -4.1809 0.0010 -70.4898
v  -3.6100 1.1010 -108.3544
v  -2.7561 1.2152 31.3100
v  0.8233 1.1010 -41.5482
v  6.0094 1.1010 -53.2076
v  0.9869 1.1017 -19.6795
v  -2.2851 1.1007 52.8009
v  1.3086 1.1017 -49.0004
v  -1.1786 1.1017 -79.7667
v  2.4426 1.1886 -48.2171
v  -2.2962 1.1878 -107.9419
v  -0.0446 1.1886 -78.9835
v  2.1209 1.1886 -18.8962
v  2.1995 1.1878 -41.5970
v  5.7110 1.1878 -51.8632
v  -1.3490 1.1875 53.8103
v  -0.9355 1.0582 36.3323
v  -2.2391 1.1409 36.1797
v  -1.8489 1.0318 -29.8225
v  -1.1020 1.1120 -28.7923
v  -0.7720 0.0287 109.5518
v  -3.6263 0.8433 105.2625
v  -2.6965 0.8433 71.7652
v  -1.4509 0.8433 2.3736
v  3.1065 1.0305 15.1042
v  0.4729 1.0258 -68.4961
v  -7.2468 0.0287 74.1818
v  -0.1886 0.0287 7.3688
v  -0.2292 0.8029 23.0531
v  -2.8957 0.8029 10.8540
v  -0.3184 0.8029 -37.3494
v  5.8828 0.8029 -63.0079
v  1.6484 0.8029 -92.2268
v  -1.7843 0.8029 58.6091
v  0.8758 0.8029 87.9087
v  -1.7951 0.0386 27.6264
v  -6.5900 0.0386 7.7364
v  -5.1306 0.0386 -36.8902
v  -2.9196 0.0386 -90.6452
v  -3.0652 0.7835 83.1201
v  -2.9044 0.0386 90.9216
v  1.0706 0.0386 -62.5487
v  -0.5999 0.0386 63.2957
v  0.4490 0.1994 13.6212
v  -6.7257 0.0434 86.0377
v  2.3318 0.1993 -70.8845
v  1.0789 0.7639 -34.2424
v  -4.0182 0.7293 94.1118
v  -5.1915 0.7212 -3.2280
v  3.5866 0.0482 -30.4739
v  -1.1851 0.7432 31.2734
v  -2.9263 0.9033 74.2323
v  0.8904 0.9032 3.1848
v  -3.4790 0.7284 -108.9115
v  -1.8951 0.7283 52.3822
v  -1.1486 0.9033 105.2474
v  6.5757 0.7284 -53.1247
v  1.2771 0.7288 -20.1733
v  0.7613 0.7284 -42.1172
v  -2.6401 0.0273 0.3428
# 746 vertices

vn -0.3736 0.8832 0.2835
vn -0.5125 0.7827 0.3531
vn -0.5508 0.8345 0.0174
vn 0.2384 0.9378 -0.2524
vn 0.4732 0.8667 0.1581
vn 0.4903 0.8187 -0.2988
vn -0.2235 0.8832 -0.4123
vn -0.2712 0.7827 -0.5601
vn 0.0664 0.8345 -0.5471
vn 0.2133 0.9378 0.2740
vn -0.2281 0.8667 0.4437
vn 0.2209 0.8187 0.5300
vn -0.3644 0.8832 -0.2953
vn -0.4651 0.7827 -0.4135
vn -0.1482 0.8345 -0.5308
vn 0.3019 0.9378 0.1714
vn -0.0408 0.8667 0.4972
vn 0.4071 0.8187 0.4049
vn -0.3736 0.8832 0.2835
vn -0.5125 0.7827 0.3531
vn -0.5508 0.8345 0.0174
vn 0.2384 0.9378 -0.2524
vn 0.4732 0.8667 0.1581
vn 0.4903 0.8187 -0.2988
vn -0.2235 0.8832 -0.4123
vn -0.2712 0.7827 -0.5601
vn 0.0664 0.8345 -0.5471
vn 0.2203 0.9232 0.3149
vn -0.2115 0.8679 0.4495
vn 0.1109 0.9336 0.3408
vn 0.1383 0.8832 -0.4482
vn 0.2105 0.7827 -0.5856
vn 0.4374 0.8345 -0.3352
vn -0.0709 0.9232 0.3777
vn -0.4691 0.8679 0.1633
vn -0.1659 0.9336 0.3177
vn -0.4678 0.8832 0.0336
vn -0.6221 0.7827 0.0161
vn -0.4710 0.8345 -0.2861
vn 0.3777 0.9232 -0.0708
vn 0.3223 0.8679 0.3780
vn 0.3562 0.9336 0.0395
vn -0.2235 0.8832 -0.4123
vn -0.2712 0.7827 -0.5601
vn 0.0664 0.8345 -0.5471
vn 0.2203 0.9232 0.3149
vn -0.2115 0.8679 0.4495
vn 0.1109 0.9336 0.3408
vn -0.2579 0.8832 0.3918
vn -0.3656 0.7827 0.5037
vn -0.5135 0.8345 0.1999
vn 0.1735 0.9232 -0.3429
vn 0.4961 0.8679 -0.0259
vn 0.2480 0.9336 -0.2588
vn -0.2447 0.8832 0.4001
vn -0.3486 0.7827 0.5155
vn -0.5066 0.8345 0.2169
vn 0.1620 0.9232 -0.3485
vn 0.4949 0.8679 -0.0424
vn 0.2392 0.9336 -0.2669
vn 0.0986 0.8832 -0.4585
vn 0.1585 0.7827 -0.6018
vn 0.4064 0.8345 -0.3722
vn -0.0376 0.9232 0.3825
vn -0.4531 0.8679 0.2037
vn -0.1375 0.9336 0.3310
vn 0.1882 0.9336 0.3050
vn -0.1128 0.8629 0.4927
vn -0.0601 0.9344 0.3510
vn -0.4408 0.8832 0.1603
vn -0.5940 0.7827 0.1857
vn -0.5313 0.8345 -0.1463
vn 0.3440 0.9232 -0.1715
vn 0.4134 0.8679 0.2754
vn 0.3534 0.9336 -0.0595
vn -0.4408 0.8832 0.1603
vn -0.5940 0.7827 0.1857
vn -0.5313 0.8345 -0.1463
vn 0.3439 0.9232 -0.1715
vn 0.4134 0.8679 0.2754
vn 0.3534 0.9336 -0.0595
vn -0.2579 0.8832 0.3918
vn -0.3656 0.7827 0.5037
vn -0.5135 0.8345 0.1999
vn 0.1735 0.9232 -0.3429
vn 0.4961 0.8679 -0.0259
vn 0.2480 0.9336 -0.2588
vn -0.3145 0.8832 -0.3480
vn -0.3957 0.7827 -0.4803
vn -0.0645 0.8345 -0.5473
vn 0.2884 0.9232 0.2541
vn -0.0995 0.8679 0.4867
vn 0.1882 0.9336 0.3050
vn -0.4650 0.8832 0.0609
vn -0.6201 0.7827 0.0525
vn -0.4869 0.8345 -0.2580
vn 0.3730 0.9232 -0.0928
vn 0.3438 0.8679 0.3585
vn 0.3579 0.9336 0.0186
vn 0.3142 0.8832 -0.3482
vn 0.4376 0.7827 -0.4425
vn 0.5379 0.8345 -0.1199
vn -0.2234 0.9232 0.3127
vn -0.4943 0.8679 -0.0495
vn -0.2843 0.9336 0.2182
vn 0.3506 0.9336 0.0741
vn 0.2789 0.8629 0.4215
vn 0.2127 0.9344 0.2857
vn -0.4690 0.8832 0.0046
vn -0.6219 0.7827 -0.0224
vn -0.4524 0.8345 -0.3147
vn 0.3814 0.9232 -0.0473
vn 0.2982 0.8679 0.3972
vn 0.3531 0.9336 0.0614
vn -0.4787 0.7997 -0.3623
vn -0.1456 0.6910 -0.7081
vn -0.3026 0.8936 -0.3315
vn 0.4308 0.7997 -0.4181
vn 0.7219 0.6910 -0.0364
vn 0.3736 0.8936 -0.2488
vn 0.1407 0.9378 -0.3174
vn 0.4988 0.8667 -0.0085
vn 0.3627 0.8187 -0.4451
vn -0.0756 0.8876 -0.4544
vn 0.2778 0.9232 -0.2656
vn 0.1700 0.7976 -0.5787
vn -0.0756 0.8876 -0.4544
vn 0.2778 0.9232 -0.2656
vn 0.1700 0.7976 -0.5788
vn 0.3827 0.8876 -0.2564
vn 0.3566 0.9232 0.1435
vn 0.5973 0.7976 -0.0840
vn -0.4787 0.7997 -0.3623
vn -0.1551 0.6398 -0.7527
vn -0.2900 0.8905 -0.3507
vn 0.2378 0.7997 -0.5513
vn 0.6941 0.6398 -0.3301
vn 0.2715 0.8905 -0.3652
vn 0.3827 0.8876 -0.2564
vn 0.3565 0.9232 0.1435
vn 0.5973 0.7976 -0.0840
vn -0.2033 0.7997 -0.5649
vn 0.2809 0.6398 -0.7154
vn -0.0515 0.8905 -0.4521
vn 0.6001 0.7997 0.0153
vn 0.5649 0.6398 0.5212
vn 0.4400 0.8905 0.1159
vn 0.4308 0.7997 -0.4181
vn 0.7676 0.6398 -0.0391
vn 0.3906 0.8905 -0.2334
vn 0.4308 0.7997 -0.4182
vn 0.7676 0.6398 -0.0391
vn 0.3906 0.8905 -0.2334
vn -0.0463 0.9147 0.4015
vn -0.1723 0.7882 0.5909
vn -0.3736 0.8832 0.2835
vn -0.3145 0.8832 -0.3480
vn -0.3957 0.7827 -0.4803
vn -0.0645 0.8345 -0.5473
vn 0.3200 0.7997 -0.5080
vn 0.7367 0.6398 -0.2191
vn 0.3245 0.8905 -0.3190
vn -0.3898 0.9147 -0.1067
vn -0.5579 0.7882 -0.2600
vn -0.2235 0.8832 -0.4123
vn 0.0429 0.7811 -0.6230
vn 0.3439 0.9232 -0.1715
vn 0.2957 0.7795 -0.5523
vn -0.5720 0.7997 -0.1821
vn -0.3970 0.6398 -0.6581
vn -0.3902 0.8905 -0.2341
vn -0.5778 0.7997 -0.1630
vn -0.4187 0.6398 -0.6445
vn -0.3978 0.8905 -0.2209
vn 0.5992 0.7997 -0.0372
vn 0.6083 0.6398 0.4698
vn 0.4485 0.8905 0.0770
vn -0.4688 0.8832 -0.0123
vn -0.6207 0.7827 -0.0448
vn -0.4408 0.8345 -0.3307
vn -0.1471 0.7997 -0.5820
vn 0.3495 0.6398 -0.6845
vn -0.0071 0.8905 -0.4550
vn -0.6093 0.7882 0.0869
vn -0.0832 0.9965 0.0108
vn -0.5331 0.7827 -0.3211
vn -0.1723 0.7882 0.5909
vn -0.0245 0.9965 0.0802
vn -0.5125 0.7827 0.3531
vn -0.3501 0.7998 -0.4877
vn 0.0744 0.6398 -0.7649
vn -0.1733 0.8905 -0.4208
vn -0.3256 0.7939 -0.5135
vn 0.2957 0.7795 -0.5523
vn -0.1536 0.8997 -0.4085
vn -0.5721 0.7997 -0.1821
vn -0.3970 0.6398 -0.6581
vn -0.3902 0.8905 -0.2341
vn 0.3200 0.7997 -0.5080
vn 0.7367 0.6398 -0.2191
vn 0.3245 0.8905 -0.3190
vn -0.2360 0.7997 -0.5520
vn 0.2386 0.6398 -0.7306
vn -0.0779 0.8905 -0.4483
vn -0.6093 0.7882 0.0869
vn -0.0832 0.9965 0.0108
vn -0.5331 0.7827 -0.3211
vn 0.0344 0.7882 0.6145
vn -0.3656 0.7827 0.5037
vn -0.2578 0.8832 0.3918
vn 0.5284 0.7939 0.3010
vn -0.0023 0.7795 0.6264
vn 0.3272 0.8997 0.2888
vn -0.4010 0.9147 0.0507
vn -0.6149 0.7882 -0.0265
vn -0.3644 0.8832 -0.2953
vn -0.0463 0.9147 0.4015
vn -0.1723 0.7882 0.5909
vn -0.3736 0.8832 0.2835
vn -0.1363 0.7939 -0.5926
vn 0.4625 0.7795 -0.4225
vn -0.0090 0.8997 -0.4364
vn -0.3061 0.9253 0.2239
vn -0.5066 0.8029 0.3141
vn -0.4040 0.9147 -0.0117
vn -0.3393 0.7882 0.5135
vn -0.0471 0.9965 0.0694
vn -0.5940 0.7827 0.1857
vn -0.1964 0.9147 -0.3532
vn -0.2045 0.7882 -0.5805
vn 0.1383 0.8832 -0.4482
vn -0.2580 0.9147 0.3111
vn -0.4669 0.7882 0.4010
vn -0.4678 0.8832 0.0336
vn -0.3898 0.9147 -0.1067
vn -0.5579 0.7882 -0.2600
vn -0.2235 0.8832 -0.4123
vn -0.3898 0.9147 -0.1067
vn -0.5579 0.7882 -0.2600
vn -0.2235 0.8832 -0.4123
vn -0.0544 0.9236 0.3795
vn -0.1220 0.8029 0.5835
vn -0.2864 0.9110 0.2966
vn 0.0901 0.9147 0.3940
vn 0.0344 0.7882 0.6145
vn -0.2579 0.8832 0.3918
vn 0.1031 0.9147 0.3908
vn 0.0548 0.7882 0.6130
vn -0.2447 0.8832 0.4001
vn -0.2387 0.9110 -0.3362
vn -0.2544 0.7882 -0.5604
vn 0.0986 0.8832 -0.4585
vn 0.3200 0.9336 -0.1614
vn 0.4764 0.8679 0.1408
vn 0.3489 0.9330 0.0881
vn -0.1579 0.9110 0.3809
vn -0.3393 0.7882 0.5135
vn -0.4408 0.8832 0.1603
vn -0.1579 0.9110 0.3809
vn -0.3393 0.7882 0.5135
vn -0.4408 0.8832 0.1603
vn -0.4123 0.9110 -0.0028
vn -0.6035 0.7882 -0.1210
vn -0.3145 0.8832 -0.3480
vn 0.1008 0.9110 0.3998
vn 0.0344 0.7882 0.6145
vn -0.2579 0.8832 0.3918
vn -0.2367 0.9110 0.3376
vn -0.4426 0.7882 0.4276
vn -0.4650 0.8832 0.0609
vn -0.0391 0.9110 -0.4105
vn 0.0590 0.7882 -0.6126
vn 0.3142 0.8832 -0.3482
vn -0.2756 0.9110 0.3067
vn -0.4908 0.7882 0.3714
vn -0.4690 0.8832 0.0046
vn 0.1950 0.9207 0.3380
vn -0.0437 0.9144 0.4024
vn -0.0426 0.9867 0.1566
vn -0.3572 0.8907 0.2813
vn -0.5094 0.7770 0.3699
vn -0.5508 0.8345 0.0174
vn -0.2578 0.8832 0.3918
vn -0.3656 0.7827 0.5037
vn -0.5135 0.8345 0.1999
vn -0.5720 0.7997 -0.1821
vn -0.3970 0.6398 -0.6581
vn -0.3902 0.8905 -0.2341
vn -0.2211 0.9225 0.3165
vn -0.3792 0.8058 0.4548
vn -0.3848 0.9147 0.1235
vn 0.2791 0.9336 0.2249
vn 0.0683 0.8679 0.4920
vn 0.0637 0.9330 0.3542
vn 0.1970 0.9225 0.3320
vn 0.2577 0.8058 0.5331
vn -0.0463 0.9147 0.4015
vn 0.3200 0.9336 -0.1614
vn 0.4764 0.8679 0.1408
vn 0.3489 0.9330 0.0881
vn -0.2211 0.9225 0.3165
vn -0.3792 0.8058 0.4548
vn -0.3848 0.9147 0.1235
vn 0.2791 0.9336 0.2249
vn 0.0683 0.8679 0.4920
vn 0.0637 0.9330 0.3542
vn 0.0863 0.9207 0.3806
vn 0.0885 0.8058 0.5855
vn -0.1579 0.9110 0.3809
vn 0.3534 0.9336 -0.0595
vn 0.4134 0.8679 0.2754
vn 0.3073 0.9330 0.1874
vn -0.4124 0.8832 -0.2233
vn -0.5331 0.7827 -0.3211
vn -0.2432 0.8345 -0.4945
vn 0.1325 0.7997 -0.5855
vn 0.6216 0.6398 -0.4520
vn 0.1997 0.8905 -0.4089
vn -0.3736 0.8832 0.2835
vn -0.5125 0.7827 0.3531
vn -0.5508 0.8345 0.0174
vn -0.4787 0.7997 -0.3623
vn -0.1551 0.6398 -0.7527
vn -0.2900 0.8905 -0.3507
vn 0.2964 0.9225 0.2474
vn 0.0901 0.9147 0.3940
vn 0.0817 0.9869 0.1393
vn 0.2720 0.9234 -0.2707
vn 0.4988 0.8667 -0.0085
vn 0.3584 0.9330 -0.0331
vn -0.4124 0.8832 -0.2233
vn -0.5331 0.7827 -0.3211
vn -0.2432 0.8345 -0.4945
vn 0.1324 0.7997 -0.5855
vn 0.6216 0.6398 -0.4520
vn 0.1998 0.8905 -0.4089
vn -0.1723 0.7882 0.5909
vn -0.5125 0.7827 0.3531
vn -0.3736 0.8832 0.2835
vn -0.0756 0.8876 -0.4544
vn 0.2384 0.9378 -0.2524
vn 0.1327 0.7864 -0.6032
vn -0.5579 0.7882 -0.2600
vn -0.2712 0.7827 -0.5601
vn -0.2235 0.8832 -0.4123
vn 0.4606 0.8876 -0.0057
vn 0.2133 0.9378 0.2740
vn 0.5761 0.7864 0.2227
vn 0.4732 0.8667 0.1581
vn 0.2577 0.8058 0.5331
vn 0.1970 0.9225 0.3320
vn -0.4408 0.8832 0.1603
vn -0.5940 0.7827 0.1857
vn -0.5313 0.8345 -0.1463
vn -0.3256 0.7939 -0.5135
vn 0.2957 0.7795 -0.5523
vn -0.1536 0.8997 -0.4085
vn -0.2281 0.8667 0.4437
vn -0.5660 0.8058 0.1738
vn -0.3580 0.9225 0.1443
vn -0.1723 0.7882 0.5909
vn -0.5125 0.7827 0.3531
vn -0.3736 0.8832 0.2835
vn -0.0756 0.8876 -0.4544
vn 0.2384 0.9378 -0.2524
vn 0.1419 0.7934 -0.5919
vn -0.6149 0.7882 -0.0265
vn -0.4651 0.7827 -0.4135
vn -0.3644 0.8832 -0.2953
vn 0.4233 0.8876 -0.1817
vn 0.3019 0.9378 0.1714
vn 0.6087 0.7934 -0.0033
vn 0.2384 0.9378 -0.2524
vn 0.4903 0.8187 -0.2988
vn 0.1327 0.7864 -0.6032
vn 0.2133 0.9378 0.2740
vn 0.2209 0.8187 0.5300
vn 0.5761 0.7864 0.2227
vn 0.4462 0.8876 -0.1142
vn 0.2884 0.9232 0.2541
vn 0.5912 0.7976 0.1198
vn -0.6035 0.7882 -0.1210
vn -0.0820 0.9965 -0.0176
vn -0.3957 0.7827 -0.4803
vn -0.0408 0.8667 0.4972
vn -0.4563 0.8058 0.3774
vn -0.2754 0.9225 0.2705
vn 0.4732 0.8667 0.1581
vn 0.2577 0.8058 0.5331
vn 0.1970 0.9225 0.3320
vn -0.4669 0.7882 0.4010
vn -0.6221 0.7827 0.0161
vn -0.4678 0.8832 0.0336
vn 0.1847 0.8876 -0.4220
vn 0.3777 0.9232 -0.0708
vn 0.4583 0.7976 -0.3921
vn -0.2045 0.7882 -0.5805
vn 0.2105 0.7827 -0.5856
vn 0.1383 0.8832 -0.4482
vn 0.3263 0.8876 0.3251
vn -0.0709 0.9232 0.3777
vn 0.1993 0.7976 0.5693
vn -0.5579 0.7882 -0.2600
vn -0.2712 0.7827 -0.5601
vn -0.2235 0.8832 -0.4123
vn 0.4606 0.8876 -0.0057
vn 0.2203 0.9232 0.3149
vn 0.5462 0.7976 0.2559
vn -0.5579 0.7882 -0.2600
vn -0.2712 0.7827 -0.5601
vn -0.2235 0.8832 -0.4123
vn 0.4606 0.8876 -0.0057
vn 0.2203 0.9232 0.3149
vn 0.5462 0.7976 0.2559
vn -0.4691 0.8679 0.1633
vn -0.5202 0.8058 -0.2829
vn -0.3536 0.9225 -0.1549
vn -0.2115 0.8679 0.4495
vn -0.5661 0.8058 0.1738
vn -0.3580 0.9225 0.1443
vn 0.3223 0.8679 0.3780
vn -0.0751 0.8058 0.5874
vn -0.0161 0.9225 0.3857
vn -0.2115 0.8679 0.4495
vn -0.5661 0.8058 0.1738
vn -0.3580 0.9225 0.1443
vn 0.2251 0.8876 -0.4019
vn 0.3829 0.9232 -0.0336
vn 0.4945 0.7976 -0.3454
vn -0.5039 0.7882 0.3535
vn -0.0693 0.9965 0.0473
vn -0.6207 0.7827 -0.0448
vn 0.0344 0.7882 0.6145
vn -0.3656 0.7827 0.5037
vn -0.2579 0.8832 0.3918
vn -0.2227 0.8876 -0.4032
vn 0.1735 0.9232 -0.3429
vn -0.0325 0.7976 -0.6023
vn -0.0437 0.9144 0.4024
vn -0.5094 0.7770 0.3699
vn -0.3572 0.8907 0.2813
vn 0.2778 0.9232 -0.2656
vn 0.4764 0.8679 0.1408
vn 0.3200 0.9336 -0.1614
vn 0.0548 0.7882 0.6130
vn -0.3486 0.7827 0.5155
vn -0.2447 0.8832 0.4001
vn -0.2359 0.8876 -0.3956
vn 0.1620 0.9232 -0.3485
vn -0.0525 0.7976 -0.6009
vn 0.1407 0.9378 -0.3174
vn 0.3627 0.8187 -0.4451
vn -0.0634 0.7934 -0.6054
vn -0.2544 0.7882 -0.5604
vn 0.1585 0.7827 -0.6018
vn 0.0986 0.8832 -0.4585
vn 0.3535 0.8876 0.2953
vn -0.0376 0.9232 0.3825
vn 0.2483 0.7976 0.5497
vn 0.2384 0.9378 -0.2524
vn 0.4903 0.8187 -0.2988
vn 0.1419 0.7934 -0.5919
vn 0.3019 0.9378 0.1714
vn 0.4071 0.8187 0.4049
vn 0.6087 0.7934 -0.0033
vn 0.4961 0.8679 -0.0259
vn 0.4206 0.8058 0.4168
vn 0.2964 0.9225 0.2474
vn -0.3393 0.7882 0.5135
vn -0.5940 0.7827 0.1857
vn -0.4408 0.8832 0.1603
vn 0.0429 0.7810 -0.6231
vn 0.3439 0.9232 -0.1715
vn 0.2957 0.7795 -0.5523
vn -0.3393 0.7882 0.5135
vn -0.5940 0.7827 0.1857
vn -0.4408 0.8832 0.1603
vn 0.0622 0.8876 -0.4564
vn 0.3440 0.9232 -0.1715
vn 0.3336 0.7976 -0.5026
vn -0.6035 0.7882 -0.1210
vn -0.3957 0.7827 -0.4803
vn -0.3145 0.8832 -0.3480
vn 0.4462 0.8876 -0.1143
vn 0.2884 0.9232 0.2541
vn 0.5912 0.7976 0.1198
vn 0.0344 0.7882 0.6145
vn -0.3656 0.7827 0.5037
vn -0.2579 0.8832 0.3918
vn -0.2226 0.8876 -0.4032
vn 0.1735 0.9232 -0.3429
vn -0.0325 0.7976 -0.6023
vn -0.4426 0.7882 0.4276
vn -0.6201 0.7827 0.0525
vn -0.4650 0.8832 0.0609
vn 0.1597 0.8876 -0.4321
vn 0.3730 0.9232 -0.0928
vn 0.4346 0.7976 -0.4183
vn 0.4949 0.8679 -0.0424
vn 0.4342 0.8058 0.4026
vn 0.3044 0.9225 0.2374
vn -0.4531 0.8679 0.2037
vn -0.5429 0.8058 -0.2363
vn -0.3682 0.9207 -0.1293
vn 0.2778 0.9232 -0.2656
vn 0.3200 0.9336 -0.1614
vn 0.1700 0.7976 -0.5788
vn 0.3489 0.9330 0.0881
vn 0.1970 0.9225 0.3320
vn 0.0844 0.9921 0.0923
vn 0.0844 0.9921 0.0923
vn 0.1970 0.9225 0.3320
vn 0.0307 0.9869 0.1586
vn 0.3566 0.9232 0.1435
vn 0.2791 0.9336 0.2249
vn 0.5973 0.7976 -0.0840
vn 0.2203 0.9232 0.3149
vn 0.1109 0.9336 0.3408
vn 0.5462 0.7976 0.2559
vn -0.0709 0.9232 0.3777
vn -0.1659 0.9336 0.3177
vn 0.1993 0.7976 0.5693
vn 0.3777 0.9232 -0.0708
vn 0.3562 0.9336 0.0395
vn 0.4583 0.7976 -0.3921
vn 0.2203 0.9232 0.3149
vn 0.1109 0.9336 0.3408
vn 0.5462 0.7976 0.2559
vn 0.2884 0.9232 0.2541
vn 0.1882 0.9336 0.3050
vn 0.5912 0.7976 0.1198
vn -0.1401 0.9330 0.3315
vn -0.3580 0.9225 0.1443
vn -0.1040 0.9921 0.0694
vn -0.1040 0.9921 0.0694
vn -0.3580 0.9225 0.1443
vn -0.1614 0.9869 0.0062
vn 0.4134 0.8679 0.2754
vn 0.0885 0.8058 0.5855
vn 0.0863 0.9207 0.3806
vn 0.4134 0.8679 0.2754
vn 0.0885 0.8058 0.5855
vn 0.0863 0.9207 0.3806
vn -0.0995 0.8679 0.4867
vn -0.5091 0.8058 0.3024
vn -0.3201 0.9207 0.2232
vn 0.4961 0.8679 -0.0259
vn 0.4206 0.8058 0.4168
vn 0.2964 0.9207 0.2538
vn 0.3438 0.8679 0.3585
vn -0.0406 0.8058 0.5907
vn 0.0017 0.9207 0.3902
vn 0.0590 0.7882 -0.6126
vn 0.4376 0.7827 -0.4425
vn 0.3142 0.8832 -0.3482
vn 0.2542 0.7810 0.5705
vn -0.2234 0.9232 0.3127
vn -0.0023 0.7795 0.6264
vn 0.3565 0.9232 0.1435
vn 0.2791 0.9336 0.2249
vn 0.5973 0.7976 -0.0840
vn -0.4908 0.7882 0.3714
vn -0.6219 0.7827 -0.0224
vn -0.4690 0.8832 0.0046
vn 0.2477 0.7810 -0.5733
vn 0.3814 0.9232 -0.0473
vn 0.4625 0.7795 -0.4225
vn -0.1563 0.9806 -0.1180
vn -0.1015 0.8569 -0.5053
vn -0.0378 0.9904 -0.1330
vn -0.0378 0.9904 -0.1330
vn 0.1303 0.9373 -0.3233
vn 0.0619 0.9925 -0.1054
vn 0.1404 0.9806 -0.1365
vn 0.5149 0.8569 -0.0237
vn 0.1372 0.9904 -0.0171
vn 0.1372 0.9904 -0.0171
vn 0.2998 0.9373 0.1778
vn 0.0948 0.9925 0.0772
vn -0.4943 0.8679 -0.0495
vn -0.3526 0.8058 -0.4757
vn -0.2546 0.9207 -0.2957
vn 0.1735 0.9232 -0.3429
vn 0.2480 0.9336 -0.2588
vn -0.0325 0.7976 -0.6023
vn 0.3829 0.9232 -0.0336
vn 0.3506 0.9336 0.0741
vn 0.4945 0.7976 -0.3454
vn 0.2982 0.8679 0.3972
vn -0.1113 0.8058 0.5816
vn -0.0452 0.9207 0.3876
vn 0.1620 0.9232 -0.3485
vn 0.2392 0.9336 -0.2669
vn -0.0525 0.7976 -0.6009
vn -0.0376 0.9232 0.3825
vn -0.1375 0.9336 0.3310
vn 0.2483 0.7976 0.5497
vn -0.5094 0.7770 0.3699
vn -0.6472 0.7610 0.0444
vn -0.5508 0.8345 0.0174
vn -0.4787 0.7997 -0.3623
vn -0.1551 0.6398 -0.7527
vn -0.2900 0.8905 -0.3507
vn -0.6093 0.7882 0.0869
vn -0.5331 0.7827 -0.3211
vn -0.4124 0.8832 -0.2233
vn -0.2211 0.9225 0.3165
vn -0.3848 0.9147 0.1235
vn -0.1318 0.9869 0.0934
vn -0.1723 0.7882 0.5909
vn -0.5125 0.7827 0.3531
vn -0.3736 0.8832 0.2835
vn 0.1970 0.9225 0.3320
vn -0.0463 0.9147 0.4015
vn 0.0307 0.9869 0.1586
vn -0.6035 0.7882 -0.1210
vn -0.3957 0.7827 -0.4803
vn -0.3145 0.8832 -0.3480
vn -0.3061 0.9253 0.2239
vn -0.4040 0.9147 -0.0117
vn -0.1554 0.9869 0.0441
vn 0.3439 0.9232 -0.1715
vn 0.3534 0.9336 -0.0595
vn 0.2957 0.7795 -0.5523
vn 0.3439 0.9232 -0.1715
vn 0.3534 0.9336 -0.0595
vn 0.2957 0.7795 -0.5523
vn 0.3440 0.9232 -0.1715
vn 0.3534 0.9336 -0.0595
vn 0.3336 0.7976 -0.5026
vn 0.1735 0.9232 -0.3429
vn 0.2480 0.9336 -0.2588
vn -0.0325 0.7976 -0.6023
vn 0.2884 0.9232 0.2541
vn 0.1882 0.9336 0.3050
vn 0.5912 0.7976 0.1198
vn 0.3730 0.9232 -0.0928
vn 0.3579 0.9336 0.0186
vn 0.4346 0.7976 -0.4183
vn 0.2778 0.9232 -0.2656
vn 0.3200 0.9336 -0.1614
vn 0.1700 0.7976 -0.5787
vn -0.6093 0.7882 0.0869
vn -0.5331 0.7827 -0.3211
vn -0.4124 0.8832 -0.2233
vn -0.2211 0.9225 0.3165
vn -0.3848 0.9147 0.1235
vn -0.1318 0.9869 0.0934
vn -0.2226 0.8876 -0.4032
vn 0.1407 0.9378 -0.3174
vn -0.0634 0.7934 -0.6054
vn 0.0344 0.7882 0.6145
vn 0.0036 0.9965 0.0838
vn -0.3656 0.7827 0.5037
vn 0.3489 0.9330 0.0882
vn 0.1970 0.9225 0.3320
vn 0.0844 0.9921 0.0923
vn 0.0844 0.9921 0.0923
vn 0.1970 0.9225 0.3320
vn 0.0307 0.9869 0.1586
vn -0.0024 0.9330 0.3599
vn -0.2754 0.9225 0.2705
vn -0.0695 0.9921 0.1040
vn -0.0695 0.9921 0.1040
vn -0.2754 0.9225 0.2705
vn -0.1467 0.9869 0.0676
vn -0.2234 0.9232 0.3127
vn -0.2843 0.9336 0.2182
vn -0.0023 0.7795 0.6264
vn -0.5039 0.7882 0.3535
vn -0.6207 0.7827 -0.0448
vn -0.4688 0.8832 -0.0123
vn -0.0544 0.9236 0.3795
vn -0.2864 0.9110 0.2966
vn -0.1311 0.9867 0.0956
vn 0.3814 0.9232 -0.0473
vn 0.3531 0.9336 0.0614
vn 0.4625 0.7795 -0.4225
vn -0.1448 0.9823 -0.1189
vn 0.1248 0.9377 -0.3244
vn -0.0368 0.9952 -0.0904
vn -0.0368 0.9952 -0.0904
vn 0.1248 0.9377 -0.3244
vn 0.0619 0.9925 -0.1054
vn 0.0809 0.9823 -0.1689
vn 0.3448 0.9377 0.0439
vn 0.0790 0.9952 -0.0573
vn 0.0790 0.9952 -0.0573
vn 0.3448 0.9377 0.0439
vn 0.1171 0.9925 0.0350
vn -0.1761 0.9823 -0.0638
vn 0.0096 0.9377 -0.3474
vn -0.0649 0.9952 -0.0730
vn -0.0649 0.9952 -0.0730
vn 0.0096 0.9377 -0.3474
vn 0.0233 0.9925 -0.1200
vn 0.1882 0.9336 0.3050
vn -0.0601 0.9344 0.3510
vn 0.0017 0.9853 0.1709
vn -0.0847 0.9921 0.0920
vn -0.3061 0.9253 0.2239
vn -0.1554 0.9869 0.0441
vn -0.3349 0.9330 0.1318
vn -0.3536 0.9225 -0.1549
vn -0.1224 0.9921 -0.0258
vn -0.1224 0.9921 -0.0258
vn -0.3536 0.9225 -0.1549
vn -0.1174 0.9869 -0.1110
vn -0.1401 0.9330 0.3315
vn -0.3580 0.9225 0.1443
vn -0.1040 0.9921 0.0694
vn -0.1040 0.9921 0.0694
vn -0.3580 0.9225 0.1443
vn -0.1614 0.9869 0.0062
vn -0.1401 0.9330 0.3315
vn -0.3580 0.9225 0.1443
vn -0.1040 0.9921 0.0694
vn -0.1040 0.9921 0.0694
vn -0.3580 0.9225 0.1443
vn -0.1614 0.9869 0.0062
vn 0.2443 0.9330 0.2643
vn -0.0161 0.9225 0.3857
vn 0.0204 0.9921 0.1234
vn 0.0204 0.9921 0.1234
vn -0.0161 0.9225 0.3857
vn -0.0609 0.9869 0.1496
vn -0.3393 0.7882 0.5135
vn -0.5940 0.7827 0.1857
vn -0.4408 0.8832 0.1603
vn 0.0863 0.9207 0.3806
vn -0.1579 0.9110 0.3809
vn -0.0870 0.9867 0.1370
vn 0.4206 0.8058 0.4168
vn 0.0036 0.9965 0.0838
vn 0.0344 0.7882 0.6145
vn 0.2964 0.9225 0.2474
vn 0.4206 0.8058 0.4168
vn 0.0901 0.9147 0.3940
vn 0.1060 0.9823 -0.1544
vn 0.3230 0.9412 0.0990
vn 0.0869 0.9952 -0.0444
vn 0.0869 0.9952 -0.0444
vn 0.3230 0.9412 0.0990
vn 0.1103 0.9925 0.0526
vn 0.0485 0.9823 -0.1809
vn 0.3376 0.9412 -0.0143
vn 0.0672 0.9952 -0.0709
vn 0.0672 0.9952 -0.0709
vn 0.3376 0.9412 -0.0143
vn 0.1215 0.9925 0.0129
vn -0.0564 0.9823 -0.1786
vn 0.2769 0.9412 -0.1936
vn 0.0185 0.9952 -0.0959
vn 0.0185 0.9952 -0.0959
vn 0.2769 0.9412 -0.1936
vn 0.1094 0.9925 -0.0545
vn 0.1869 0.9823 0.0122
vn 0.0801 0.9412 0.3282
vn 0.0826 0.9952 0.0520
vn 0.0826 0.9952 0.0520
vn 0.0801 0.9412 0.3282
vn 0.0111 0.9925 0.1217
vn 0.1395 0.9823 -0.1250
vn 0.2906 0.9412 0.1724
vn 0.0950 0.9952 -0.0227
vn 0.0950 0.9952 -0.0227
vn 0.2906 0.9412 0.1724
vn 0.0948 0.9925 0.0772
vn 0.1394 0.9823 -0.1250
vn 0.2906 0.9412 0.1724
vn 0.0950 0.9952 -0.0227
vn 0.0950 0.9952 -0.0227
vn 0.2906 0.9412 0.1724
vn 0.0948 0.9925 0.0772
vn -0.1447 0.9823 -0.1188
vn 0.1263 0.9412 -0.3134
vn -0.0368 0.9952 -0.0904
vn -0.0368 0.9952 -0.0904
vn 0.1263 0.9412 -0.3134
vn 0.0619 0.9925 -0.1054
vn 0.3584 0.9330 -0.0331
vn 0.2964 0.9225 0.2474
vn 0.1103 0.9921 0.0589
vn 0.1103 0.9921 0.0589
vn 0.2964 0.9225 0.2474
vn 0.0818 0.9869 0.1393
vn 0.3506 0.9336 0.0741
vn 0.2127 0.9344 0.2857
vn 0.1249 0.9853 0.1166
vn 0.0062 0.9920 0.1262
vn -0.0544 0.9236 0.3795
vn -0.1311 0.9867 0.0956
vn 0.0485 0.9823 -0.1809
vn 0.3376 0.9412 -0.0143
vn 0.0672 0.9952 -0.0709
vn 0.0672 0.9952 -0.0709
vn 0.3376 0.9412 -0.0143
vn 0.1215 0.9925 0.0129
vn 0.3571 0.9330 -0.0450
vn 0.3044 0.9225 0.2374
vn 0.1122 0.9921 0.0552
vn 0.1122 0.9921 0.0552
vn 0.3044 0.9225 0.2374
vn 0.0863 0.9869 0.1365
vn -0.3221 0.9330 0.1606
vn -0.3682 0.9207 -0.1293
vn -0.1252 0.9920 -0.0172
vn -0.1252 0.9920 -0.0172
vn -0.3682 0.9207 -0.1293
vn -0.0698 0.9867 -0.1465
vn -0.1761 0.9823 -0.0638
vn 0.0147 0.9412 -0.3376
vn -0.0649 0.9952 -0.0730
vn -0.0649 0.9952 -0.0730
vn 0.0147 0.9412 -0.3376
vn 0.0233 0.9925 -0.1200
vn 0.1103 0.9921 0.0589
vn 0.2964 0.9225 0.2474
vn 0.0817 0.9869 0.1393
vn 0.3073 0.9330 0.1874
vn 0.0863 0.9207 0.3806
vn 0.0520 0.9920 0.1152
vn 0.0520 0.9920 0.1152
vn 0.0863 0.9207 0.3806
vn -0.0870 0.9867 0.1370
vn 0.3072 0.9330 0.1874
vn 0.0863 0.9207 0.3806
vn 0.0520 0.9920 0.1152
vn 0.0520 0.9920 0.1152
vn 0.0863 0.9207 0.3806
vn -0.0870 0.9867 0.1370
vn 0.3584 0.9330 -0.0331
vn 0.2964 0.9207 0.2538
vn 0.1105 0.9920 0.0613
vn 0.1105 0.9920 0.0613
vn 0.2964 0.9207 0.2538
vn 0.0120 0.9867 0.1618
vn -0.0579 0.9330 0.3552
vn -0.3201 0.9207 0.2232
vn -0.0871 0.9920 0.0916
vn -0.0871 0.9920 0.0916
vn -0.3201 0.9207 0.2232
vn -0.1597 0.9867 -0.0290
vn 0.2593 0.9330 0.2496
vn 0.0017 0.9207 0.3902
vn 0.0258 0.9920 0.1237
vn 0.0258 0.9920 0.1237
vn 0.0017 0.9207 0.3902
vn -0.1146 0.9867 0.1149
vn -0.0387 0.9823 -0.1833
vn 0.2945 0.9412 -0.1656
vn 0.0278 0.9952 -0.0936
vn 0.0278 0.9952 -0.0936
vn 0.2945 0.9412 -0.1656
vn 0.1142 0.9925 -0.0435
vn -0.1781 0.9823 -0.0580
vn 0.0035 0.9412 -0.3379
vn -0.0672 0.9952 -0.0708
vn -0.0672 0.9952 -0.0708
vn 0.0035 0.9412 -0.3379
vn 0.0193 0.9925 -0.1207
vn 0.1873 0.9823 -0.0042
vn 0.1085 0.9412 0.3200
vn 0.0869 0.9952 0.0446
vn 0.0869 0.9952 0.0446
vn 0.1085 0.9412 0.3200
vn 0.0217 0.9925 0.1203
vn -0.1448 0.9823 -0.1189
vn 0.1263 0.9412 -0.3134
vn -0.0368 0.9952 -0.0904
vn -0.0368 0.9952 -0.0904
vn 0.1263 0.9412 -0.3134
vn 0.0619 0.9925 -0.1054
vn -0.1031 0.9823 -0.1564
vn 0.2041 0.9436 -0.2608
vn -0.0084 0.9952 -0.0973
vn -0.0084 0.9952 -0.0973
vn 0.2041 0.9436 -0.2608
vn 0.0903 0.9925 -0.0824
vn -0.3593 0.9330 -0.0215
vn -0.2546 0.9207 -0.2957
vn -0.1000 0.9920 -0.0773
vn -0.1000 0.9920 -0.0773
vn -0.2546 0.9207 -0.2957
vn 0.0126 0.9867 -0.1618
vn -0.1031 0.9823 -0.1564
vn 0.2133 0.9412 -0.2620
vn -0.0084 0.9952 -0.0973
vn -0.0084 0.9952 -0.0973
vn 0.2133 0.9412 -0.2620
vn 0.0903 0.9925 -0.0824
vn -0.1031 0.9823 -0.1563
vn 0.2041 0.9436 -0.2608
vn -0.0084 0.9952 -0.0973
vn -0.0084 0.9952 -0.0973
vn 0.2041 0.9436 -0.2608
vn 0.0903 0.9925 -0.0824
vn -0.1761 0.9823 -0.0638
vn 0.0147 0.9412 -0.3376
vn -0.0649 0.9952 -0.0730
vn -0.0649 0.9952 -0.0730
vn 0.0147 0.9412 -0.3376
vn 0.0233 0.9925 -0.1200
vn 0.1060 0.9823 -0.1544
vn 0.3230 0.9412 0.0990
vn 0.0869 0.9952 -0.0444
vn 0.0869 0.9952 -0.0444
vn 0.3230 0.9412 0.0990
vn 0.1103 0.9925 0.0526
vn -0.0668 0.9823 -0.1750
vn 0.2651 0.9412 -0.2095
vn 0.0129 0.9952 -0.0968
vn 0.0129 0.9952 -0.0968
vn 0.2651 0.9412 -0.2095
vn 0.1060 0.9925 -0.0608
vn -0.0492 0.9921 0.1150
vn -0.2211 0.9225 0.3165
vn -0.1318 0.9869 0.0934
vn -0.0463 0.9147 0.4015
vn -0.3736 0.8832 0.2835
vn -0.0484 0.9867 0.1552
vn 0.0844 0.9921 0.0923
vn 0.1970 0.9225 0.3320
vn 0.0307 0.9869 0.1586
vn -0.3898 0.9147 -0.1067
vn -0.2235 0.8832 -0.4123
vn -0.1461 0.9867 -0.0714
vn -0.5508 0.8345 0.0174
vn -0.4787 0.7997 -0.3623
vn -0.3026 0.8936 -0.3315
vn 0.1303 0.9373 -0.3233
vn 0.1589 0.9841 -0.0796
vn 0.0619 0.9925 -0.1054
vn 0.2274 0.9330 0.2789
vn -0.0452 0.9207 0.3876
vn 0.0108 0.9920 0.1259
vn 0.0108 0.9920 0.1259
vn -0.0452 0.9207 0.3876
vn -0.1276 0.9867 0.1003
vn 0.0664 0.8345 -0.5471
vn 0.4308 0.7997 -0.4181
vn 0.3736 0.8936 -0.2488
vn 0.2998 0.9373 0.1778
vn 0.0545 0.9841 0.1692
vn 0.0948 0.9925 0.0772
vn -0.0492 0.9921 0.1150
vn -0.2211 0.9225 0.3165
vn -0.1318 0.9869 0.0934
vn 0.1644 0.9823 0.0898
vn -0.0580 0.9436 0.3260
vn 0.0531 0.9952 0.0820
vn 0.0531 0.9952 0.0820
vn -0.0580 0.9436 0.3260
vn -0.0412 0.9925 0.1151
vn 0.2577 0.8058 0.5331
vn 0.4732 0.8667 0.1581
vn -0.0245 0.9965 0.0802
vn -0.1723 0.7882 0.5909
vn -0.0245 0.9965 0.0802
vn -0.5125 0.7827 0.3531
vn -0.5660 0.8058 0.1738
vn -0.2281 0.8667 0.4437
vn -0.0756 0.9965 -0.0364
vn -0.5579 0.7882 -0.2600
vn -0.0756 0.9965 -0.0364
vn -0.2712 0.7827 -0.5601
vn -0.0452 0.9823 -0.1817
vn 0.2792 0.9436 -0.1781
vn 0.0244 0.9952 -0.0946
vn 0.0244 0.9952 -0.0946
vn 0.2792 0.9436 -0.1781
vn 0.1125 0.9925 -0.0476
vn 0.2577 0.8058 0.5331
vn -0.0245 0.9965 0.0802
vn -0.1723 0.7882 0.5909
vn 0.2778 0.9232 -0.2656
vn 0.4764 0.8679 0.1408
vn 0.3200 0.9336 -0.1614
vn -0.3792 0.8058 0.4548
vn -0.0832 0.9965 0.0108
vn -0.6093 0.7882 0.0869
vn 0.3566 0.9232 0.1435
vn 0.0683 0.8679 0.4920
vn 0.2791 0.9336 0.2249
vn 0.0520 0.9920 0.1152
vn 0.0863 0.9207 0.3806
vn -0.0870 0.9867 0.1370
vn -0.6472 0.7610 0.0444
vn -0.4787 0.7997 -0.3623
vn -0.5508 0.8345 0.0174
vn -0.6472 0.7610 0.0444
vn -0.0245 0.9965 0.0802
vn -0.4787 0.7997 -0.3623
vn 0.3466 0.9234 -0.1647
vn 0.4732 0.8667 0.1581
vn 0.3489 0.9330 0.0881
vn 0.3489 0.9330 0.0881
vn 0.4732 0.8667 0.1581
vn 0.1970 0.9225 0.3320
vn 0.0838 0.9920 0.0946
vn 0.1950 0.9207 0.3380
vn -0.0426 0.9867 0.1566
vn 0.0543 0.7610 -0.6464
vn 0.4308 0.7997 -0.4181
vn 0.0664 0.8345 -0.5471
vn 0.0543 0.7610 -0.6464
vn -0.0756 0.9965 -0.0364
vn 0.4308 0.7997 -0.4181
vn 0.1101 0.9234 0.3676
vn -0.2281 0.8667 0.4437
vn -0.1401 0.9330 0.3315
vn -0.1401 0.9330 0.3315
vn -0.2281 0.8667 0.4437
vn -0.3580 0.9225 0.1443
vn 0.2884 0.9232 0.2541
vn -0.1128 0.8629 0.4927
vn 0.1882 0.9336 0.3050
vn -0.5066 0.8029 0.3141
vn -0.0820 0.9965 -0.0176
vn -0.6035 0.7882 -0.1210
vn -0.3792 0.8058 0.4548
vn -0.0832 0.9965 0.0108
vn -0.6093 0.7882 0.0869
vn 0.3565 0.9232 0.1435
vn 0.0683 0.8679 0.4920
vn 0.2791 0.9336 0.2249
vn 0.0901 0.9147 0.3940
vn -0.2578 0.8832 0.3918
vn 0.0061 0.9867 0.1625
vn 0.1950 0.9207 0.3380
vn 0.2577 0.8058 0.5331
vn -0.0437 0.9144 0.4024
vn 0.2577 0.8058 0.5331
vn -0.2200 0.7638 0.6068
vn -0.0437 0.9144 0.4024
vn -0.4010 0.9147 0.0507
vn -0.3644 0.8832 -0.2953
vn -0.1623 0.9867 -0.0100
vn -0.0463 0.9147 0.4015
vn -0.3736 0.8832 0.2835
vn -0.0484 0.9867 0.1552
vn -0.5508 0.8345 0.0174
vn -0.4787 0.7997 -0.3623
vn -0.2900 0.8905 -0.3507
vn -0.5135 0.8345 0.1999
vn -0.5720 0.7997 -0.1821
vn -0.3902 0.8905 -0.2341
vn -0.1482 0.8345 -0.5308
vn 0.2378 0.7997 -0.5513
vn 0.2715 0.8905 -0.3652
vn 0.1248 0.9377 -0.3244
vn 0.1589 0.9841 -0.0796
vn 0.0619 0.9925 -0.1054
vn 0.3448 0.9377 0.0439
vn 0.1152 0.9841 0.1354
vn 0.1171 0.9925 0.0350
vn 0.0096 0.9377 -0.3474
vn 0.1234 0.9841 -0.1280
vn 0.0233 0.9925 -0.1200
vn -0.3898 0.9147 -0.1067
vn -0.2235 0.8832 -0.4123
vn -0.1461 0.9867 -0.0714
vn 0.2577 0.8058 0.5331
vn 0.4732 0.8667 0.1581
vn -0.0245 0.9965 0.0802
vn -0.1723 0.7882 0.5909
vn -0.0245 0.9965 0.0802
vn -0.5125 0.7827 0.3531
vn -0.3848 0.9147 0.1235
vn -0.4124 0.8832 -0.2233
vn -0.1614 0.9867 0.0200
vn -0.1964 0.9147 -0.3532
vn 0.1383 0.8832 -0.4482
vn -0.0512 0.9867 -0.1543
vn -0.4563 0.8058 0.3774
vn -0.0408 0.8667 0.4972
vn -0.0838 0.9965 -0.0047
vn -0.6149 0.7882 -0.0265
vn -0.0838 0.9965 -0.0047
vn -0.4651 0.7827 -0.4135
vn -0.2580 0.9147 0.3111
vn -0.4678 0.8832 0.0336
vn -0.1253 0.9867 0.1037
vn -0.3898 0.9147 -0.1067
vn -0.2235 0.8832 -0.4123
vn -0.1461 0.9867 -0.0714
vn -0.0463 0.9147 0.4015
vn -0.3736 0.8832 0.2835
vn -0.0484 0.9867 0.1552
vn -0.4040 0.9147 -0.0117
vn -0.3145 0.8832 -0.3480
vn -0.1588 0.9867 -0.0349
vn 0.3829 0.9232 -0.0336
vn 0.2789 0.8629 0.4215
vn 0.3506 0.9336 0.0741
vn -0.1220 0.8029 0.5835
vn -0.0693 0.9965 0.0473
vn -0.5039 0.7882 0.3535
vn -0.2432 0.8345 -0.4945
vn 0.1325 0.7997 -0.5855
vn 0.1997 0.8905 -0.4089
vn -0.4710 0.8345 -0.2861
vn -0.2033 0.7997 -0.5649
vn -0.0515 0.8905 -0.4521
vn 0.0664 0.8345 -0.5471
vn 0.4308 0.7997 -0.4181
vn 0.3906 0.8905 -0.2334
vn 0.4374 0.8345 -0.3352
vn 0.6001 0.7997 0.0153
vn 0.4400 0.8905 0.1159
vn -0.5508 0.8345 0.0174
vn -0.4787 0.7997 -0.3623
vn -0.2900 0.8905 -0.3507
vn -0.0645 0.8345 -0.5473
vn 0.3200 0.7997 -0.5080
vn 0.3245 0.8905 -0.3190
vn 0.0664 0.8345 -0.5471
vn 0.4308 0.7997 -0.4182
vn 0.3906 0.8905 -0.2334
vn 0.3376 0.9412 -0.0143
vn 0.1381 0.9841 0.1119
vn 0.1215 0.9925 0.0129
vn 0.1263 0.9412 -0.3134
vn 0.1589 0.9841 -0.0796
vn 0.0619 0.9925 -0.1054
vn 0.2906 0.9412 0.1724
vn 0.0545 0.9841 0.1692
vn 0.0948 0.9925 0.0772
vn 0.2769 0.9412 -0.1936
vn 0.1766 0.9841 0.0201
vn 0.1094 0.9925 -0.0545
vn 0.0801 0.9412 0.3282
vn -0.0828 0.9841 0.1573
vn 0.0111 0.9925 0.1217
vn 0.2906 0.9412 0.1724
vn 0.0545 0.9841 0.1692
vn 0.0948 0.9925 0.0772
vn 0.3230 0.9412 0.0990
vn 0.0929 0.9841 0.1515
vn 0.1103 0.9925 0.0526
vn 0.0885 0.8058 0.5855
vn -0.0471 0.9965 0.0694
vn -0.3393 0.7882 0.5135
vn 0.3439 0.9232 -0.1715
vn 0.4134 0.8679 0.2754
vn 0.3534 0.9336 -0.0595
vn -0.3848 0.9147 0.1235
vn -0.4124 0.8832 -0.2233
vn -0.1614 0.9867 0.0200
vn -0.2432 0.8345 -0.4945
vn 0.1324 0.7997 -0.5855
vn 0.1998 0.8905 -0.4089
vn 0.3376 0.9412 -0.0143
vn 0.1381 0.9841 0.1119
vn 0.1215 0.9925 0.0129
vn -0.5202 0.8058 -0.2829
vn -0.4691 0.8679 0.1633
vn -0.0268 0.9965 -0.0795
vn -0.2045 0.7882 -0.5805
vn -0.0268 0.9965 -0.0795
vn 0.2105 0.7827 -0.5856
vn -0.5661 0.8058 0.1738
vn -0.2115 0.8679 0.4495
vn -0.0756 0.9965 -0.0364
vn -0.5579 0.7882 -0.2600
vn -0.0756 0.9965 -0.0364
vn -0.2712 0.7827 -0.5601
vn -0.0751 0.8058 0.5874
vn 0.3223 0.8679 0.3780
vn -0.0643 0.9965 0.0538
vn -0.4669 0.7882 0.4010
vn -0.0643 0.9965 0.0538
vn -0.6221 0.7827 0.0161
vn -0.5661 0.8058 0.1738
vn -0.2115 0.8679 0.4495
vn -0.0756 0.9965 -0.0364
vn -0.5579 0.7882 -0.2600
vn -0.0756 0.9965 -0.0364
vn -0.2712 0.7827 -0.5601
vn -0.6472 0.7610 0.0444
vn -0.4787 0.7997 -0.3623
vn -0.5508 0.8345 0.0174
vn -0.6472 0.7610 0.0444
vn -0.0245 0.9965 0.0802
vn -0.4787 0.7997 -0.3623
vn -0.1974 0.7610 -0.6179
vn 0.2378 0.7997 -0.5513
vn -0.1482 0.8345 -0.5308
vn -0.1974 0.7610 -0.6179
vn -0.0838 0.9965 -0.0047
vn 0.2378 0.7997 -0.5513
vn 0.0901 0.9147 0.3940
vn -0.2579 0.8832 0.3918
vn 0.0061 0.9867 0.1625
vn 0.2425 0.9234 0.2974
vn -0.0408 0.8667 0.4972
vn -0.0024 0.9330 0.3599
vn -0.0024 0.9330 0.3599
vn -0.0408 0.8667 0.4972
vn -0.2754 0.9225 0.2705
vn 0.3466 0.9234 -0.1647
vn 0.4732 0.8667 0.1581
vn 0.3489 0.9330 0.0882
vn 0.3489 0.9330 0.0882
vn 0.4732 0.8667 0.1581
vn 0.1970 0.9225 0.3320
vn -0.5954 0.7611 0.2575
vn -0.5720 0.7997 -0.1821
vn -0.5135 0.8345 0.1999
vn -0.5954 0.7611 0.2575
vn 0.0036 0.9965 0.0838
vn -0.5720 0.7997 -0.1821
vn -0.2864 0.9110 0.2966
vn -0.4688 0.8832 -0.0123
vn -0.1311 0.9867 0.0956
vn -0.5135 0.8345 0.1999
vn -0.5720 0.7997 -0.1821
vn -0.3902 0.8905 -0.2341
vn 0.0147 0.9412 -0.3376
vn 0.1234 0.9841 -0.1280
vn 0.0233 0.9925 -0.1200
vn 0.1031 0.9147 0.3908
vn -0.2447 0.8832 0.4001
vn 0.0115 0.9867 0.1622
vn -0.4408 0.8345 -0.3307
vn -0.1471 0.7997 -0.5820
vn -0.0071 0.8905 -0.4550
vn -0.2387 0.9110 -0.3362
vn 0.0986 0.8832 -0.4585
vn -0.0698 0.9867 -0.1465
vn 0.2945 0.9412 -0.1656
vn 0.1738 0.9841 0.0373
vn 0.1142 0.9925 -0.0435
vn 0.2577 0.8058 0.5331
vn -0.0245 0.9965 0.0802
vn -0.2200 0.7638 0.6068
vn -0.5094 0.7770 0.3699
vn -0.0245 0.9965 0.0802
vn -0.6472 0.7610 0.0444
vn -0.5066 0.8345 0.2169
vn -0.5778 0.7997 -0.1630
vn -0.3978 0.8905 -0.2209
vn 0.0035 0.9412 -0.3379
vn 0.1190 0.9841 -0.1320
vn 0.0193 0.9925 -0.1207
vn 0.4064 0.8345 -0.3722
vn 0.5992 0.7997 -0.0372
vn 0.4485 0.8905 0.0770
vn 0.1085 0.9412 0.3200
vn -0.0687 0.9841 0.1640
vn 0.0217 0.9925 0.1203
vn -0.6472 0.7610 0.0444
vn -0.4787 0.7997 -0.3623
vn -0.5508 0.8345 0.0174
vn -0.6472 0.7610 0.0444
vn -0.0245 0.9965 0.0802
vn -0.4787 0.7997 -0.3623
vn -0.5665 0.7611 -0.3161
vn -0.2033 0.7997 -0.5649
vn -0.4710 0.8345 -0.2861
vn -0.5665 0.7611 -0.3161
vn -0.0643 0.9965 0.0538
vn -0.2033 0.7997 -0.5649
vn 0.4999 0.7611 -0.4134
vn 0.6001 0.7997 0.0153
vn 0.4374 0.8345 -0.3352
vn 0.4999 0.7611 -0.4134
vn -0.0268 0.9965 -0.0795
vn 0.6001 0.7997 0.0153
vn -0.1579 0.9110 0.3809
vn -0.4408 0.8832 0.1603
vn -0.0870 0.9867 0.1370
vn -0.1579 0.9110 0.3809
vn -0.4408 0.8832 0.1603
vn -0.0870 0.9867 0.1370
vn 0.0543 0.7611 -0.6464
vn 0.4308 0.7997 -0.4181
vn 0.0664 0.8345 -0.5471
vn 0.0543 0.7611 -0.6464
vn -0.0756 0.9965 -0.0364
vn 0.4308 0.7997 -0.4181
vn -0.4123 0.9110 -0.0028
vn -0.3145 0.8832 -0.3480
vn -0.1597 0.9867 -0.0290
vn 0.4206 0.8058 0.4168
vn 0.4961 0.8679 -0.0259
vn 0.0036 0.9965 0.0838
vn 0.0344 0.7882 0.6145
vn 0.0036 0.9965 0.0838
vn -0.3656 0.7827 0.5037
vn 0.1109 0.9336 0.3408
vn -0.2115 0.8679 0.4495
vn -0.1401 0.9330 0.3315
vn -0.1401 0.9330 0.3315
vn -0.2115 0.8679 0.4495
vn -0.3580 0.9225 0.1443
vn 0.3562 0.9336 0.0395
vn 0.3223 0.8679 0.3780
vn 0.2443 0.9330 0.2643
vn 0.2443 0.9330 0.2643
vn 0.3223 0.8679 0.3780
vn -0.0161 0.9225 0.3857
vn -0.1659 0.9336 0.3177
vn -0.4691 0.8679 0.1633
vn -0.3349 0.9330 0.1318
vn -0.3349 0.9330 0.1318
vn -0.4691 0.8679 0.1633
vn -0.3536 0.9225 -0.1549
vn 0.1109 0.9336 0.3408
vn -0.2115 0.8679 0.4495
vn -0.1401 0.9330 0.3315
vn -0.1401 0.9330 0.3315
vn -0.2115 0.8679 0.4495
vn -0.3580 0.9225 0.1443
vn -0.2367 0.9110 0.3376
vn -0.4650 0.8832 0.0609
vn -0.1146 0.9867 0.1149
vn -0.1579 0.9110 0.3809
vn -0.4408 0.8832 0.1603
vn -0.0870 0.9867 0.1370
vn 0.1008 0.9110 0.3998
vn -0.2579 0.8832 0.3918
vn 0.0120 0.9867 0.1618
vn 0.0543 0.7610 -0.6464
vn 0.4308 0.7997 -0.4182
vn 0.0664 0.8345 -0.5471
vn 0.0543 0.7610 -0.6464
vn -0.0756 0.9965 -0.0364
vn 0.4308 0.7997 -0.4182
vn -0.0437 0.9144 0.4024
vn -0.3572 0.8907 0.2813
vn -0.0426 0.9867 0.1566
vn -0.0997 0.7610 -0.6410
vn 0.3200 0.7997 -0.5080
vn -0.0645 0.8345 -0.5473
vn -0.0997 0.7610 -0.6410
vn -0.0820 0.9965 -0.0176
vn 0.3200 0.7997 -0.5080
vn -0.3075 0.7611 -0.5712
vn 0.1325 0.7997 -0.5855
vn -0.2432 0.8345 -0.4945
vn -0.3075 0.7611 -0.5712
vn -0.0832 0.9965 0.0108
vn 0.1325 0.7997 -0.5855
vn -0.5508 0.8345 0.0174
vn -0.4787 0.7997 -0.3623
vn -0.2900 0.8905 -0.3507
vn -0.5313 0.8345 -0.1463
vn -0.3256 0.7939 -0.5135
vn -0.1536 0.8997 -0.4085
vn -0.5313 0.8345 -0.1463
vn -0.3501 0.7998 -0.4877
vn -0.1733 0.8905 -0.4208
vn -0.5135 0.8345 0.1999
vn -0.5721 0.7997 -0.1821
vn -0.3902 0.8905 -0.2341
vn -0.5313 0.8345 -0.1463
vn -0.3256 0.7939 -0.5135
vn -0.1536 0.8997 -0.4085
vn -0.4869 0.8345 -0.2580
vn -0.2360 0.7997 -0.5520
vn -0.0779 0.8905 -0.4483
vn -0.0645 0.8345 -0.5473
vn 0.3200 0.7997 -0.5080
vn 0.3245 0.8905 -0.3190
vn 0.2041 0.9436 -0.2608
vn 0.1754 0.9841 -0.0290
vn 0.0903 0.9925 -0.0824
vn 0.2133 0.9412 -0.2620
vn 0.1754 0.9841 -0.0290
vn 0.0903 0.9925 -0.0824
vn 0.2041 0.9436 -0.2608
vn 0.1754 0.9841 -0.0290
vn 0.0903 0.9925 -0.0824
vn 0.0147 0.9412 -0.3376
vn 0.1234 0.9841 -0.1280
vn 0.0233 0.9925 -0.1200
vn 0.3230 0.9412 0.0990
vn 0.0929 0.9841 0.1515
vn 0.1103 0.9925 0.0526
vn 0.2651 0.9412 -0.2095
vn 0.1775 0.9841 0.0097
vn 0.1060 0.9925 -0.0608
vn 0.1263 0.9412 -0.3134
vn 0.1589 0.9841 -0.0796
vn 0.0619 0.9925 -0.1054
vn 0.4342 0.8058 0.4026
vn 0.4949 0.8679 -0.0424
vn 0.0064 0.9965 0.0836
vn 0.0548 0.7882 0.6130
vn 0.0064 0.9965 0.0836
vn -0.3486 0.7827 0.5155
vn -0.3076 0.7611 -0.5711
vn 0.1324 0.7997 -0.5855
vn -0.2432 0.8345 -0.4945
vn -0.3076 0.7611 -0.5711
vn -0.0832 0.9965 0.0108
vn 0.1324 0.7997 -0.5855
vn -0.5429 0.8058 -0.2363
vn -0.4531 0.8679 0.2037
vn -0.0337 0.9965 -0.0768
vn -0.2544 0.7882 -0.5604
vn -0.0337 0.9965 -0.0768
vn 0.1585 0.7827 -0.6018
vn -0.0391 0.9110 -0.4105
vn 0.3142 0.8832 -0.3482
vn 0.0126 0.9867 -0.1618
vn 0.0885 0.8058 0.5855
vn 0.4134 0.8679 0.2754
vn -0.0472 0.9965 0.0694
vn -0.3393 0.7882 0.5135
vn -0.0472 0.9965 0.0694
vn -0.5940 0.7827 0.1857
vn 0.0885 0.8058 0.5855
vn 0.4134 0.8679 0.2754
vn -0.0471 0.9965 0.0694
vn -0.3393 0.7882 0.5135
vn -0.0471 0.9965 0.0694
vn -0.5940 0.7827 0.1857
vn -0.0406 0.8058 0.5907
vn 0.3438 0.8679 0.3585
vn -0.0611 0.9965 0.0575
vn -0.4426 0.7882 0.4276
vn -0.0611 0.9965 0.0575
vn -0.6201 0.7827 0.0525
vn -0.5091 0.8058 0.3024
vn -0.0995 0.8679 0.4867
vn -0.0820 0.9965 -0.0176
vn -0.6035 0.7882 -0.1210
vn -0.0820 0.9965 -0.0176
vn -0.3957 0.7827 -0.4803
vn 0.4206 0.8058 0.4168
vn 0.4961 0.8679 -0.0259
vn 0.0036 0.9965 0.0838
vn 0.0344 0.7882 0.6145
vn 0.0036 0.9965 0.0838
vn -0.3656 0.7827 0.5037
vn -0.5954 0.7611 0.2574
vn -0.5720 0.7997 -0.1821
vn -0.5135 0.8345 0.1999
vn -0.5954 0.7611 0.2574
vn 0.0036 0.9965 0.0838
vn -0.5720 0.7997 -0.1821
vn 0.2480 0.9336 -0.2588
vn 0.4961 0.8679 -0.0259
vn 0.3584 0.9330 -0.0331
vn 0.3584 0.9330 -0.0331
vn 0.4961 0.8679 -0.0259
vn 0.2964 0.9225 0.2474
vn 0.5379 0.8345 -0.1199
vn 0.5284 0.7939 0.3010
vn 0.3272 0.8997 0.2888
vn -0.0580 0.9436 0.3260
vn -0.1413 0.9841 0.1078
vn -0.0412 0.9925 0.1151
vn -0.2756 0.9110 0.3067
vn -0.4690 0.8832 0.0046
vn -0.1276 0.9867 0.1003
vn -0.5329 0.7611 -0.3699
vn -0.1471 0.7997 -0.5820
vn -0.4408 0.8345 -0.3307
vn -0.5329 0.7611 -0.3699
vn -0.0693 0.9965 0.0473
vn -0.1471 0.7997 -0.5820
vn 0.0017 0.9853 0.1709
vn -0.0601 0.9344 0.3510
vn -0.0847 0.9921 0.0920
vn -0.5865 0.7611 0.2771
vn -0.5778 0.7997 -0.1630
vn -0.5066 0.8345 0.2169
vn -0.5865 0.7611 0.2771
vn 0.0064 0.9965 0.0836
vn -0.5778 0.7997 -0.1630
vn 0.2392 0.9336 -0.2669
vn 0.4949 0.8679 -0.0424
vn 0.3571 0.9330 -0.0450
vn 0.3571 0.9330 -0.0450
vn 0.4949 0.8679 -0.0424
vn 0.3044 0.9225 0.2374
vn -0.4524 0.8345 -0.3147
vn -0.1363 0.7939 -0.5926
vn -0.0090 0.8997 -0.4364
vn 0.2792 0.9436 -0.1781
vn 0.1750 0.9841 0.0310
vn 0.1125 0.9925 -0.0476
vn 0.4619 0.7610 -0.4555
vn 0.5992 0.7997 -0.0372
vn 0.4064 0.8345 -0.3722
vn 0.4619 0.7610 -0.4555
vn -0.0337 0.9965 -0.0768
vn 0.5992 0.7997 -0.0372
vn -0.1375 0.9336 0.3310
vn -0.4531 0.8679 0.2037
vn -0.3221 0.9330 0.1606
vn -0.3221 0.9330 0.1606
vn -0.4531 0.8679 0.2037
vn -0.3682 0.9207 -0.1293
vn -0.3526 0.8058 -0.4757
vn -0.4943 0.8679 -0.0495
vn 0.0091 0.9965 -0.0834
vn 0.0590 0.7882 -0.6126
vn 0.0091 0.9965 -0.0834
vn 0.4376 0.7827 -0.4425
vn -0.6313 0.7611 -0.1490
vn -0.3256 0.7939 -0.5135
vn -0.5313 0.8345 -0.1463
vn -0.6313 0.7611 -0.1490
vn -0.0471 0.9965 0.0694
vn -0.3256 0.7939 -0.5135
vn -0.6313 0.7611 -0.1490
vn -0.3501 0.7998 -0.4877
vn -0.5313 0.8345 -0.1463
vn -0.6313 0.7611 -0.1490
vn -0.0471 0.9965 0.0694
vn -0.3501 0.7998 -0.4877
vn -0.6314 0.7610 -0.1490
vn -0.3256 0.7939 -0.5135
vn -0.5313 0.8345 -0.1463
vn -0.6314 0.7610 -0.1490
vn -0.0472 0.9965 0.0694
vn -0.3256 0.7939 -0.5135
vn 0.1882 0.9336 0.3050
vn -0.0995 0.8679 0.4867
vn -0.0579 0.9330 0.3552
vn -0.0579 0.9330 0.3552
vn -0.0995 0.8679 0.4867
vn -0.3201 0.9207 0.2232
vn -0.5954 0.7610 0.2575
vn -0.5721 0.7997 -0.1821
vn -0.5135 0.8345 0.1999
vn -0.5954 0.7610 0.2575
vn 0.0036 0.9965 0.0838
vn -0.5721 0.7997 -0.1821
vn -0.0997 0.7610 -0.6410
vn 0.3200 0.7997 -0.5080
vn -0.0645 0.8345 -0.5473
vn -0.0997 0.7610 -0.6410
vn -0.0820 0.9965 -0.0176
vn 0.3200 0.7997 -0.5080
vn 0.3534 0.9336 -0.0595
vn 0.4134 0.8679 0.2754
vn 0.3073 0.9330 0.1874
vn 0.3073 0.9330 0.1874
vn 0.4134 0.8679 0.2754
vn 0.0863 0.9207 0.3806
vn 0.3534 0.9336 -0.0595
vn 0.4134 0.8679 0.2754
vn 0.3072 0.9330 0.1874
vn 0.3072 0.9330 0.1874
vn 0.4134 0.8679 0.2754
vn 0.0863 0.9207 0.3806
vn -0.5840 0.7610 -0.2824
vn -0.2360 0.7997 -0.5520
vn -0.4869 0.8345 -0.2580
vn -0.5840 0.7610 -0.2824
vn -0.0611 0.9965 0.0575
vn -0.2360 0.7997 -0.5520
vn 0.2480 0.9336 -0.2588
vn 0.4961 0.8679 -0.0259
vn 0.3584 0.9330 -0.0331
vn 0.3584 0.9330 -0.0331
vn 0.4961 0.8679 -0.0259
vn 0.2964 0.9207 0.2538
vn 0.3579 0.9336 0.0186
vn 0.3438 0.8679 0.3585
vn 0.2593 0.9330 0.2496
vn 0.2593 0.9330 0.2496
vn 0.3438 0.8679 0.3585
vn 0.0017 0.9207 0.3902
vn 0.1970 0.9225 0.3320
vn 0.2577 0.8058 0.5331
vn -0.0463 0.9147 0.4015
vn 0.1970 0.9225 0.3320
vn -0.0463 0.9147 0.4015
vn 0.0307 0.9869 0.1586
vn -0.3580 0.9225 0.1443
vn -0.5660 0.8058 0.1738
vn -0.3898 0.9147 -0.1067
vn -0.3580 0.9225 0.1443
vn -0.3898 0.9147 -0.1067
vn -0.1614 0.9869 0.0062
vn -0.1113 0.8058 0.5816
vn 0.2982 0.8679 0.3972
vn -0.0675 0.9965 0.0497
vn -0.4908 0.7882 0.3714
vn -0.0675 0.9965 0.0497
vn -0.6219 0.7827 -0.0224
vn 0.1249 0.9853 0.1166
vn 0.2127 0.9344 0.2857
vn 0.0062 0.9920 0.1262
vn 0.6275 0.7610 -0.1643
vn 0.5284 0.7939 0.3010
vn 0.5379 0.8345 -0.1199
vn 0.6275 0.7610 -0.1643
vn 0.0091 0.9965 -0.0834
vn 0.5284 0.7939 0.3010
vn -0.2843 0.9336 0.2182
vn -0.4943 0.8679 -0.0495
vn -0.3593 0.9330 -0.0215
vn -0.3593 0.9330 -0.0215
vn -0.4943 0.8679 -0.0495
vn -0.2546 0.9207 -0.2957
vn -0.5459 0.7610 -0.3505
vn -0.1363 0.7939 -0.5926
vn -0.4524 0.8345 -0.3147
vn -0.5459 0.7610 -0.3505
vn -0.0675 0.9965 0.0497
vn -0.1363 0.7939 -0.5926
vn 0.3531 0.9336 0.0614
vn 0.2982 0.8679 0.3972
vn 0.2274 0.9330 0.2789
vn 0.2274 0.9330 0.2789
vn 0.2982 0.8679 0.3972
vn -0.0452 0.9207 0.3876
vn 0.1303 0.9373 -0.3233
vn 0.3466 0.9234 -0.1647
vn 0.1589 0.9841 -0.0796
vn 0.1589 0.9841 -0.0796
vn 0.3466 0.9234 -0.1647
vn 0.1704 0.9853 0.0129
vn 0.2998 0.9373 0.1778
vn 0.1101 0.9234 0.3676
vn 0.0545 0.9841 0.1692
vn 0.0545 0.9841 0.1692
vn 0.1101 0.9234 0.3676
vn -0.0386 0.9853 0.1665
vn -0.2754 0.9225 0.2705
vn -0.4563 0.8058 0.3774
vn -0.4010 0.9147 0.0507
vn -0.2754 0.9225 0.2705
vn -0.4010 0.9147 0.0507
vn -0.1467 0.9869 0.0676
vn 0.1970 0.9225 0.3320
vn 0.2577 0.8058 0.5331
vn -0.0463 0.9147 0.4015
vn 0.1970 0.9225 0.3320
vn -0.0463 0.9147 0.4015
vn 0.0307 0.9869 0.1586
vn 0.4988 0.8667 -0.0085
vn 0.4206 0.8058 0.4168
vn 0.2964 0.9225 0.2474
vn 0.4206 0.8058 0.4168
vn 0.4988 0.8667 -0.0085
vn 0.0036 0.9965 0.0838
vn 0.2720 0.9234 -0.2707
vn 0.3584 0.9330 -0.0331
vn 0.1650 0.9853 -0.0446
vn 0.1650 0.9853 -0.0446
vn 0.3584 0.9330 -0.0331
vn 0.1103 0.9921 0.0589
vn -0.3580 0.9225 0.1443
vn -0.5661 0.8058 0.1738
vn -0.3898 0.9147 -0.1067
vn -0.3580 0.9225 0.1443
vn -0.3898 0.9147 -0.1067
vn -0.1614 0.9869 0.0062
vn -0.3536 0.9225 -0.1549
vn -0.5202 0.8058 -0.2829
vn -0.1964 0.9147 -0.3532
vn -0.3536 0.9225 -0.1549
vn -0.1964 0.9147 -0.3532
vn -0.1174 0.9869 -0.1110
vn -0.3580 0.9225 0.1443
vn -0.5661 0.8058 0.1738
vn -0.3898 0.9147 -0.1067
vn -0.3580 0.9225 0.1443
vn -0.3898 0.9147 -0.1067
vn -0.1614 0.9869 0.0062
vn -0.0161 0.9225 0.3857
vn -0.0751 0.8058 0.5874
vn -0.2580 0.9147 0.3111
vn -0.0161 0.9225 0.3857
vn -0.2580 0.9147 0.3111
vn -0.0609 0.9869 0.1496
vn 0.2791 0.9336 0.2249
vn 0.0637 0.9330 0.3542
vn 0.0586 0.9853 0.1605
vn 0.0586 0.9853 0.1605
vn 0.0637 0.9330 0.3542
vn -0.0492 0.9921 0.1150
vn 0.3200 0.9336 -0.1614
vn 0.3489 0.9330 0.0881
vn 0.1704 0.9853 0.0129
vn 0.1704 0.9853 0.0129
vn 0.3489 0.9330 0.0881
vn 0.0844 0.9921 0.0923
vn 0.2964 0.9225 0.2474
vn 0.4206 0.8058 0.4168
vn 0.0901 0.9147 0.3940
vn 0.2964 0.9225 0.2474
vn 0.0901 0.9147 0.3940
vn 0.0818 0.9869 0.1393
vn 0.1248 0.9377 -0.3244
vn 0.3466 0.9234 -0.1647
vn 0.1589 0.9841 -0.0796
vn 0.1589 0.9841 -0.0796
vn 0.3466 0.9234 -0.1647
vn 0.1704 0.9853 0.0129
vn 0.3448 0.9377 0.0439
vn 0.2425 0.9234 0.2974
vn 0.1152 0.9841 0.1354
vn 0.1152 0.9841 0.1354
vn 0.2425 0.9234 0.2974
vn 0.0281 0.9853 0.1686
vn 0.0096 0.9377 -0.3474
vn 0.2720 0.9234 -0.2707
vn 0.1234 0.9841 -0.1280
vn 0.1234 0.9841 -0.1280
vn 0.2720 0.9234 -0.2707
vn 0.1650 0.9853 -0.0446
vn 0.2791 0.9336 0.2249
vn 0.0637 0.9330 0.3542
vn 0.0586 0.9853 0.1605
vn 0.0586 0.9853 0.1605
vn 0.0637 0.9330 0.3542
vn -0.0492 0.9921 0.1150
vn 0.3044 0.9225 0.2374
vn 0.4342 0.8058 0.4026
vn 0.1031 0.9147 0.3908
vn 0.3044 0.9225 0.2374
vn 0.1031 0.9147 0.3908
vn 0.0863 0.9869 0.1365
vn -0.3682 0.9207 -0.1293
vn -0.5429 0.8058 -0.2363
vn -0.2387 0.9110 -0.3362
vn -0.3682 0.9207 -0.1293
vn -0.2387 0.9110 -0.3362
vn -0.0698 0.9867 -0.1465
vn -0.3026 0.8936 -0.3315
vn -0.1456 0.6910 -0.7081
vn -0.1015 0.8569 -0.5053
vn 0.1327 0.7864 -0.6032
vn 0.4903 0.8187 -0.2988
vn 0.1303 0.9373 -0.3233
vn 0.3736 0.8936 -0.2488
vn 0.7219 0.6910 -0.0364
vn 0.5149 0.8569 -0.0237
vn 0.5761 0.7864 0.2227
vn 0.2209 0.8187 0.5300
vn 0.2998 0.9373 0.1778
vn 0.0863 0.9207 0.3806
vn 0.0885 0.8058 0.5855
vn -0.1579 0.9110 0.3809
vn 0.0863 0.9207 0.3806
vn -0.1579 0.9110 0.3809
vn -0.0870 0.9867 0.1370
vn 0.3376 0.9412 -0.0143
vn 0.2791 0.9336 0.2249
vn 0.1381 0.9841 0.1119
vn 0.1381 0.9841 0.1119
vn 0.2791 0.9336 0.2249
vn 0.0586 0.9853 0.1605
vn -0.3201 0.9207 0.2232
vn -0.5091 0.8058 0.3024
vn -0.4123 0.9110 -0.0028
vn -0.3201 0.9207 0.2232
vn -0.4123 0.9110 -0.0028
vn -0.1597 0.9867 -0.0290
vn 0.2964 0.9207 0.2538
vn 0.4206 0.8058 0.4168
vn 0.1008 0.9110 0.3998
vn 0.2964 0.9207 0.2538
vn 0.1008 0.9110 0.3998
vn 0.0120 0.9867 0.1618
vn 0.0863 0.9207 0.3806
vn 0.0885 0.8058 0.5855
vn -0.1579 0.9110 0.3809
vn 0.0863 0.9207 0.3806
vn -0.1579 0.9110 0.3809
vn -0.0870 0.9867 0.1370
vn 0.2769 0.9412 -0.1936
vn 0.3562 0.9336 0.0395
vn 0.1766 0.9841 0.0201
vn 0.1766 0.9841 0.0201
vn 0.3562 0.9336 0.0395
vn 0.1357 0.9853 0.1038
vn 0.1263 0.9412 -0.3134
vn 0.3200 0.9336 -0.1614
vn 0.1589 0.9841 -0.0796
vn 0.1589 0.9841 -0.0796
vn 0.3200 0.9336 -0.1614
vn 0.1704 0.9853 0.0129
vn 0.0801 0.9412 0.3282
vn -0.1659 0.9336 0.3177
vn -0.0828 0.9841 0.1573
vn -0.0828 0.9841 0.1573
vn -0.1659 0.9336 0.3177
vn -0.1460 0.9853 0.0888
vn 0.2906 0.9412 0.1724
vn 0.1109 0.9336 0.3408
vn 0.0545 0.9841 0.1692
vn 0.0545 0.9841 0.1692
vn 0.1109 0.9336 0.3408
vn -0.0386 0.9853 0.1665
vn 0.0017 0.9207 0.3902
vn -0.0406 0.8058 0.5907
vn -0.2367 0.9110 0.3376
vn 0.0017 0.9207 0.3902
vn -0.2367 0.9110 0.3376
vn -0.1146 0.9867 0.1149
vn 0.2906 0.9412 0.1724
vn 0.1109 0.9336 0.3408
vn 0.0545 0.9841 0.1692
vn 0.0545 0.9841 0.1692
vn 0.1109 0.9336 0.3408
vn -0.0386 0.9853 0.1665
vn 0.3230 0.9412 0.0990
vn 0.1882 0.9336 0.3050
vn 0.0929 0.9841 0.1515
vn 0.0929 0.9841 0.1515
vn 0.1882 0.9336 0.3050
vn 0.0017 0.9853 0.1709
vn 0.4764 0.8679 0.1408
vn 0.2577 0.8058 0.5331
vn 0.1950 0.9207 0.3380
vn 0.2577 0.8058 0.5331
vn 0.4764 0.8679 0.1408
vn -0.0245 0.9965 0.0802
vn 0.3376 0.9412 -0.0143
vn 0.2791 0.9336 0.2249
vn 0.1381 0.9841 0.1119
vn 0.1381 0.9841 0.1119
vn 0.2791 0.9336 0.2249
vn 0.0586 0.9853 0.1605
vn 0.3200 0.9336 -0.1614
vn 0.3489 0.9330 0.0881
vn 0.1704 0.9853 0.0129
vn 0.1704 0.9853 0.0129
vn 0.3489 0.9330 0.0881
vn 0.0838 0.9920 0.0946
vn 0.3534 0.9336 -0.0595
vn 0.3073 0.9330 0.1874
vn 0.1590 0.9853 0.0627
vn 0.1590 0.9853 0.0627
vn 0.3073 0.9330 0.1874
vn 0.0520 0.9920 0.1152
vn -0.2546 0.9207 -0.2957
vn -0.3526 0.8058 -0.4757
vn -0.0391 0.9110 -0.4105
vn -0.2546 0.9207 -0.2957
vn -0.0391 0.9110 -0.4105
vn 0.0126 0.9867 -0.1618
vn -0.5125 0.7827 0.3531
vn -0.6472 0.7610 0.0444
vn -0.5508 0.8345 0.0174
vn -0.5125 0.7827 0.3531
vn -0.0245 0.9965 0.0802
vn -0.6472 0.7610 0.0444
vn -0.2712 0.7827 -0.5601
vn 0.0543 0.7610 -0.6464
vn 0.0664 0.8345 -0.5471
vn -0.2712 0.7827 -0.5601
vn -0.0756 0.9965 -0.0364
vn 0.0543 0.7610 -0.6464
vn 0.0147 0.9412 -0.3376
vn 0.2480 0.9336 -0.2588
vn 0.1234 0.9841 -0.1280
vn 0.1234 0.9841 -0.1280
vn 0.2480 0.9336 -0.2588
vn 0.1650 0.9853 -0.0446
vn -0.0452 0.9207 0.3876
vn -0.1113 0.8058 0.5816
vn -0.2756 0.9110 0.3067
vn -0.0452 0.9207 0.3876
vn -0.2756 0.9110 0.3067
vn -0.1276 0.9867 0.1003
vn 0.2945 0.9412 -0.1656
vn 0.3506 0.9336 0.0741
vn 0.1738 0.9841 0.0373
vn 0.1738 0.9841 0.0373
vn 0.3506 0.9336 0.0741
vn 0.1249 0.9853 0.1166
vn 0.0035 0.9412 -0.3379
vn 0.2392 0.9336 -0.2669
vn 0.1190 0.9841 -0.1320
vn 0.1190 0.9841 -0.1320
vn 0.2392 0.9336 -0.2669
vn 0.1634 0.9853 -0.0501
vn 0.1085 0.9412 0.3200
vn -0.1375 0.9336 0.3310
vn -0.0687 0.9841 0.1640
vn -0.0687 0.9841 0.1640
vn -0.1375 0.9336 0.3310
vn -0.1376 0.9853 0.1013
vn 0.2577 0.8058 0.5331
vn -0.1723 0.7882 0.5909
vn -0.0463 0.9147 0.4015
vn -0.0463 0.9147 0.4015
vn -0.1723 0.7882 0.5909
vn -0.3736 0.8832 0.2835
vn -0.5066 0.8029 0.3141
vn -0.6035 0.7882 -0.1210
vn -0.4040 0.9147 -0.0117
vn -0.4040 0.9147 -0.0117
vn -0.6035 0.7882 -0.1210
vn -0.3145 0.8832 -0.3480
vn -0.3792 0.8058 0.4548
vn -0.6093 0.7882 0.0869
vn -0.3848 0.9147 0.1235
vn -0.3848 0.9147 0.1235
vn -0.6093 0.7882 0.0869
vn -0.4124 0.8832 -0.2233
vn 0.1263 0.9412 -0.3134
vn 0.3200 0.9336 -0.1614
vn 0.1589 0.9841 -0.0796
vn 0.1589 0.9841 -0.0796
vn 0.3200 0.9336 -0.1614
vn 0.1704 0.9853 0.0129
vn 0.2041 0.9436 -0.2608
vn 0.3534 0.9336 -0.0595
vn 0.1754 0.9841 -0.0290
vn 0.1754 0.9841 -0.0290
vn 0.3534 0.9336 -0.0595
vn 0.1590 0.9853 0.0627
vn 0.2041 0.9436 -0.2608
vn 0.3534 0.9336 -0.0595
vn 0.1754 0.9841 -0.0290
vn 0.1754 0.9841 -0.0290
vn 0.3534 0.9336 -0.0595
vn 0.1590 0.9853 0.0627
vn 0.2133 0.9412 -0.2620
vn 0.3534 0.9336 -0.0595
vn 0.1754 0.9841 -0.0290
vn 0.1754 0.9841 -0.0290
vn 0.3534 0.9336 -0.0595
vn 0.1590 0.9853 0.0627
vn 0.0147 0.9412 -0.3376
vn 0.2480 0.9336 -0.2588
vn 0.1234 0.9841 -0.1280
vn 0.1234 0.9841 -0.1280
vn 0.2480 0.9336 -0.2588
vn 0.1650 0.9853 -0.0446
vn 0.2651 0.9412 -0.2095
vn 0.3579 0.9336 0.0186
vn 0.1775 0.9841 0.0097
vn 0.1775 0.9841 0.0097
vn 0.3579 0.9336 0.0186
vn 0.1416 0.9853 0.0957
vn 0.3230 0.9412 0.0990
vn 0.1882 0.9336 0.3050
vn 0.0929 0.9841 0.1515
vn 0.0929 0.9841 0.1515
vn 0.1882 0.9336 0.3050
vn 0.0017 0.9853 0.1709
vn -0.3736 0.8832 0.2835
vn -0.5508 0.8345 0.0174
vn -0.2705 0.9627 0.0024
vn -0.5508 0.8345 0.0174
vn -0.3026 0.8936 -0.3315
vn -0.2705 0.9627 0.0024
vn -0.2235 0.8832 -0.4123
vn 0.0664 0.8345 -0.5471
vn 0.0387 0.9627 -0.2678
vn 0.0664 0.8345 -0.5471
vn 0.3736 0.8936 -0.2488
vn 0.0387 0.9627 -0.2678
vn -0.3792 0.8058 0.4548
vn -0.6093 0.7882 0.0869
vn -0.3848 0.9147 0.1235
vn -0.3848 0.9147 0.1235
vn -0.6093 0.7882 0.0869
vn -0.4124 0.8832 -0.2233
vn 0.2715 0.8905 -0.3652
vn 0.6941 0.6398 -0.3301
vn 0.3448 0.9377 0.0439
vn 0.6087 0.7934 -0.0033
vn 0.4071 0.8187 0.4049
vn 0.3448 0.9377 0.0439
vn -0.2900 0.8905 -0.3507
vn -0.1551 0.6398 -0.7527
vn 0.1248 0.9377 -0.3244
vn 0.1419 0.7934 -0.5919
vn 0.4903 0.8187 -0.2988
vn 0.1248 0.9377 -0.3244
vn -0.3902 0.8905 -0.2341
vn -0.3970 0.6398 -0.6581
vn 0.0096 0.9377 -0.3474
vn -0.0634 0.7934 -0.6054
vn 0.3627 0.8187 -0.4451
vn 0.0096 0.9377 -0.3474
vn -0.0484 0.9867 0.1552
vn -0.3736 0.8832 0.2835
vn -0.1973 0.9719 0.1282
vn -0.1973 0.9719 0.1282
vn -0.3736 0.8832 0.2835
vn -0.2705 0.9627 0.0024
vn -0.1461 0.9867 -0.0714
vn -0.2235 0.8832 -0.4123
vn -0.0968 0.9719 -0.2145
vn -0.0968 0.9719 -0.2145
vn -0.2235 0.8832 -0.4123
vn 0.0387 0.9627 -0.2678
vn 0.3466 0.9234 -0.1647
vn 0.3489 0.9330 0.0881
vn 0.1704 0.9853 0.0129
vn 0.1704 0.9853 0.0129
vn 0.3489 0.9330 0.0881
vn 0.0844 0.9921 0.0923
vn 0.1101 0.9234 0.3676
vn -0.1401 0.9330 0.3315
vn -0.0386 0.9853 0.1665
vn -0.0386 0.9853 0.1665
vn -0.1401 0.9330 0.3315
vn -0.1040 0.9921 0.0694
vn -0.2705 0.9627 0.0024
vn -0.3026 0.8936 -0.3315
vn -0.1563 0.9806 -0.1180
vn -0.3026 0.8936 -0.3315
vn -0.1015 0.8569 -0.5053
vn -0.1563 0.9806 -0.1180
vn -0.0580 0.9436 0.3260
vn -0.2843 0.9336 0.2182
vn -0.1413 0.9841 0.1078
vn -0.1413 0.9841 0.1078
vn -0.2843 0.9336 0.2182
vn -0.1698 0.9853 0.0191
vn 0.0387 0.9627 -0.2678
vn 0.3736 0.8936 -0.2488
vn 0.1404 0.9806 -0.1365
vn 0.3736 0.8936 -0.2488
vn 0.5149 0.8569 -0.0237
vn 0.1404 0.9806 -0.1365
vn -0.1220 0.8029 0.5835
vn -0.5039 0.7882 0.3535
vn -0.2864 0.9110 0.2966
vn -0.2864 0.9110 0.2966
vn -0.5039 0.7882 0.3535
vn -0.4688 0.8832 -0.0123
vn 0.0683 0.8679 0.4920
vn -0.3792 0.8058 0.4548
vn -0.2211 0.9225 0.3165
vn -0.3792 0.8058 0.4548
vn 0.0683 0.8679 0.4920
vn -0.0832 0.9965 0.0108
vn 0.4764 0.8679 0.1408
vn 0.2577 0.8058 0.5331
vn 0.1970 0.9225 0.3320
vn 0.2577 0.8058 0.5331
vn 0.4764 0.8679 0.1408
vn -0.0245 0.9965 0.0802
vn 0.2792 0.9436 -0.1781
vn 0.3531 0.9336 0.0614
vn 0.1750 0.9841 0.0310
vn 0.1750 0.9841 0.0310
vn 0.3531 0.9336 0.0614
vn 0.1290 0.9853 0.1120
vn 0.1997 0.8905 -0.4089
vn 0.6216 0.6398 -0.4520
vn 0.3376 0.9412 -0.0143
vn 0.5973 0.7976 -0.0840
vn 0.2791 0.9336 0.2249
vn 0.3376 0.9412 -0.0143
vn -0.0515 0.8905 -0.4521
vn 0.2809 0.6398 -0.7154
vn 0.2769 0.9412 -0.1936
vn 0.4583 0.7976 -0.3921
vn 0.3562 0.9336 0.0395
vn 0.2769 0.9412 -0.1936
vn 0.4400 0.8905 0.1159
vn 0.5649 0.6398 0.5212
vn 0.0801 0.9412 0.3282
vn 0.1993 0.7976 0.5693
vn -0.1659 0.9336 0.3177
vn 0.0801 0.9412 0.3282
vn 0.3906 0.8905 -0.2334
vn 0.7676 0.6398 -0.0391
vn 0.2906 0.9412 0.1724
vn 0.5462 0.7976 0.2559
vn 0.1109 0.9336 0.3408
vn 0.2906 0.9412 0.1724
vn 0.3906 0.8905 -0.2334
vn 0.7676 0.6398 -0.0391
vn 0.2906 0.9412 0.1724
vn 0.5462 0.7976 0.2559
vn 0.1109 0.9336 0.3408
vn 0.2906 0.9412 0.1724
vn 0.3245 0.8905 -0.3190
vn 0.7367 0.6398 -0.2191
vn 0.3230 0.9412 0.0990
vn 0.5912 0.7976 0.1198
vn 0.1882 0.9336 0.3050
vn 0.3230 0.9412 0.0990
vn -0.2900 0.8905 -0.3507
vn -0.1551 0.6398 -0.7527
vn 0.1263 0.9412 -0.3134
vn 0.1700 0.7976 -0.5788
vn 0.3200 0.9336 -0.1614
vn 0.1263 0.9412 -0.3134
vn -0.5125 0.7827 0.3531
vn -0.6472 0.7610 0.0444
vn -0.5508 0.8345 0.0174
vn -0.5125 0.7827 0.3531
vn -0.0245 0.9965 0.0802
vn -0.6472 0.7610 0.0444
vn -0.3656 0.7827 0.5037
vn -0.5954 0.7611 0.2575
vn -0.5135 0.8345 0.1999
vn -0.3656 0.7827 0.5037
vn 0.0036 0.9965 0.0838
vn -0.5954 0.7611 0.2575
vn -0.4651 0.7827 -0.4135
vn -0.1974 0.7610 -0.6179
vn -0.1482 0.8345 -0.5308
vn -0.4651 0.7827 -0.4135
vn -0.0838 0.9965 -0.0047
vn -0.1974 0.7610 -0.6179
vn 0.0885 0.8058 0.5855
vn -0.3393 0.7882 0.5135
vn -0.1579 0.9110 0.3809
vn -0.1579 0.9110 0.3809
vn -0.3393 0.7882 0.5135
vn -0.4408 0.8832 0.1603
vn 0.0683 0.8679 0.4920
vn -0.3792 0.8058 0.4548
vn -0.2211 0.9225 0.3165
vn -0.3792 0.8058 0.4548
vn 0.0683 0.8679 0.4920
vn -0.0832 0.9965 0.0108
vn -0.6472 0.7610 0.0444
vn -0.4787 0.7997 -0.3623
vn -0.5508 0.8345 0.0174
vn -0.6472 0.7610 0.0444
vn -0.0245 0.9965 0.0802
vn -0.4787 0.7997 -0.3623
vn 0.1998 0.8905 -0.4089
vn 0.6216 0.6398 -0.4520
vn 0.3376 0.9412 -0.0143
vn 0.5973 0.7976 -0.0840
vn 0.2791 0.9336 0.2249
vn 0.3376 0.9412 -0.0143
vn 0.2577 0.8058 0.5331
vn -0.1723 0.7882 0.5909
vn -0.0463 0.9147 0.4015
vn 0.2577 0.8058 0.5331
vn -0.0245 0.9965 0.0802
vn -0.1723 0.7882 0.5909
vn -0.5660 0.8058 0.1738
vn -0.5579 0.7882 -0.2600
vn -0.3898 0.9147 -0.1067
vn -0.5660 0.8058 0.1738
vn -0.0756 0.9965 -0.0364
vn -0.5579 0.7882 -0.2600
vn 0.4206 0.8058 0.4168
vn 0.0344 0.7882 0.6145
vn 0.0901 0.9147 0.3940
vn 0.0901 0.9147 0.3940
vn 0.0344 0.7882 0.6145
vn -0.2578 0.8832 0.3918
vn -0.3902 0.8905 -0.2341
vn -0.3970 0.6398 -0.6581
vn 0.0147 0.9412 -0.3376
vn -0.0325 0.7976 -0.6023
vn 0.2480 0.9336 -0.2588
vn 0.0147 0.9412 -0.3376
vn -0.3957 0.7827 -0.4803
vn -0.0997 0.7610 -0.6410
vn -0.0645 0.8345 -0.5473
vn -0.3957 0.7827 -0.4803
vn -0.0820 0.9965 -0.0176
vn -0.0997 0.7610 -0.6410
vn -0.5125 0.7827 0.3531
vn -0.6472 0.7610 0.0444
vn -0.5508 0.8345 0.0174
vn -0.5125 0.7827 0.3531
vn -0.0245 0.9965 0.0802
vn -0.6472 0.7610 0.0444
vn -0.6221 0.7827 0.0161
vn -0.5665 0.7611 -0.3161
vn -0.4710 0.8345 -0.2861
vn -0.6221 0.7827 0.0161
vn -0.0643 0.9965 0.0538
vn -0.5665 0.7611 -0.3161
vn 0.2105 0.7827 -0.5856
vn 0.4999 0.7611 -0.4134
vn 0.4374 0.8345 -0.3352
vn 0.2105 0.7827 -0.5856
vn -0.0268 0.9965 -0.0795
vn 0.4999 0.7611 -0.4134
vn -0.2712 0.7827 -0.5601
vn 0.0543 0.7611 -0.6464
vn 0.0664 0.8345 -0.5471
vn -0.2712 0.7827 -0.5601
vn -0.0756 0.9965 -0.0364
vn 0.0543 0.7611 -0.6464
vn -0.2712 0.7827 -0.5601
vn 0.0543 0.7610 -0.6464
vn 0.0664 0.8345 -0.5471
vn -0.2712 0.7827 -0.5601
vn -0.0756 0.9965 -0.0364
vn 0.0543 0.7610 -0.6464
vn -0.5331 0.7827 -0.3211
vn -0.3075 0.7611 -0.5712
vn -0.2432 0.8345 -0.4945
vn -0.5331 0.7827 -0.3211
vn -0.0832 0.9965 0.0108
vn -0.3075 0.7611 -0.5712
vn -0.3736 0.8832 0.2835
vn -0.5508 0.8345 0.0174
vn -0.2706 0.9627 0.0024
vn -0.5508 0.8345 0.0174
vn -0.2900 0.8905 -0.3507
vn -0.2706 0.9627 0.0024
vn -0.2578 0.8832 0.3918
vn -0.5135 0.8345 0.1999
vn -0.2543 0.9627 0.0924
vn -0.5135 0.8345 0.1999
vn -0.3902 0.8905 -0.2341
vn -0.2543 0.9627 0.0924
vn -0.3644 0.8832 -0.2953
vn -0.1482 0.8345 -0.5308
vn -0.0668 0.9627 -0.2622
vn -0.1482 0.8345 -0.5308
vn 0.2715 0.8905 -0.3652
vn -0.0668 0.9627 -0.2622
vn -0.0071 0.8905 -0.4550
vn 0.3495 0.6398 -0.6845
vn 0.2945 0.9412 -0.1656
vn 0.4945 0.7976 -0.3454
vn 0.3506 0.9336 0.0741
vn 0.2945 0.9412 -0.1656
vn -0.5331 0.7827 -0.3211
vn -0.3076 0.7611 -0.5711
vn -0.2432 0.8345 -0.4945
vn -0.5331 0.7827 -0.3211
vn -0.0832 0.9965 0.0108
vn -0.3076 0.7611 -0.5711
vn -0.3978 0.8905 -0.2209
vn -0.4187 0.6398 -0.6445
vn 0.0035 0.9412 -0.3379
vn -0.0525 0.7976 -0.6009
vn 0.2392 0.9336 -0.2669
vn 0.0035 0.9412 -0.3379
vn 0.4485 0.8905 0.0770
vn 0.6083 0.6398 0.4698
vn 0.1085 0.9412 0.3200
vn 0.2483 0.7976 0.5497
vn -0.1375 0.9336 0.3310
vn 0.1085 0.9412 0.3200
vn 0.0061 0.9867 0.1625
vn -0.2578 0.8832 0.3918
vn -0.1433 0.9719 0.1866
vn -0.1433 0.9719 0.1866
vn -0.2578 0.8832 0.3918
vn -0.2543 0.9627 0.0924
vn -0.0484 0.9867 0.1552
vn -0.3736 0.8832 0.2835
vn -0.1973 0.9719 0.1282
vn -0.1973 0.9719 0.1282
vn -0.3736 0.8832 0.2835
vn -0.2706 0.9627 0.0024
vn -0.1128 0.8629 0.4927
vn -0.5066 0.8029 0.3141
vn -0.0601 0.9344 0.3510
vn -0.5066 0.8029 0.3141
vn -0.1128 0.8629 0.4927
vn -0.0820 0.9965 -0.0176
vn -0.1623 0.9867 -0.0100
vn -0.3644 0.8832 -0.2953
vn -0.1716 0.9719 -0.1610
vn -0.1716 0.9719 -0.1610
vn -0.3644 0.8832 -0.2953
vn -0.0668 0.9627 -0.2622
vn 0.3466 0.9234 -0.1647
vn 0.3489 0.9330 0.0882
vn 0.1704 0.9853 0.0129
vn 0.1704 0.9853 0.0129
vn 0.3489 0.9330 0.0882
vn 0.0844 0.9921 0.0923
vn 0.2425 0.9234 0.2974
vn -0.0024 0.9330 0.3599
vn 0.0281 0.9853 0.1686
vn 0.0281 0.9853 0.1686
vn -0.0024 0.9330 0.3599
vn -0.0695 0.9921 0.1040
vn 0.4134 0.8679 0.2754
vn 0.0885 0.8058 0.5855
vn 0.0863 0.9207 0.3806
vn 0.0885 0.8058 0.5855
vn 0.4134 0.8679 0.2754
vn -0.0471 0.9965 0.0694
vn -0.2706 0.9627 0.0024
vn -0.2900 0.8905 -0.3507
vn -0.1448 0.9823 -0.1189
vn -0.2900 0.8905 -0.3507
vn 0.1248 0.9377 -0.3244
vn -0.1448 0.9823 -0.1189
vn -0.0668 0.9627 -0.2622
vn 0.2715 0.8905 -0.3652
vn 0.0809 0.9823 -0.1689
vn 0.2715 0.8905 -0.3652
vn 0.3448 0.9377 0.0439
vn 0.0809 0.9823 -0.1689
vn -0.2543 0.9627 0.0924
vn -0.3902 0.8905 -0.2341
vn -0.1761 0.9823 -0.0638
vn -0.3902 0.8905 -0.2341
vn 0.0096 0.9377 -0.3474
vn -0.1761 0.9823 -0.0638
vn -0.2900 0.8905 -0.3507
vn -0.1551 0.6398 -0.7527
vn 0.1263 0.9412 -0.3134
vn 0.1700 0.7976 -0.5787
vn 0.3200 0.9336 -0.1614
vn 0.1263 0.9412 -0.3134
vn -0.1536 0.8997 -0.4085
vn 0.2957 0.7795 -0.5523
vn 0.2041 0.9436 -0.2608
vn 0.2957 0.7795 -0.5523
vn 0.3534 0.9336 -0.0595
vn 0.2041 0.9436 -0.2608
vn -0.1733 0.8905 -0.4208
vn 0.0744 0.6398 -0.7649
vn 0.2133 0.9412 -0.2620
vn 0.3336 0.7976 -0.5026
vn 0.3534 0.9336 -0.0595
vn 0.2133 0.9412 -0.2620
vn 0.3245 0.8905 -0.3190
vn 0.7367 0.6398 -0.2191
vn 0.3230 0.9412 0.0990
vn 0.5912 0.7976 0.1198
vn 0.1882 0.9336 0.3050
vn 0.3230 0.9412 0.0990
vn -0.0779 0.8905 -0.4483
vn 0.2386 0.6398 -0.7306
vn 0.2651 0.9412 -0.2095
vn 0.4346 0.7976 -0.4183
vn 0.3579 0.9336 0.0186
vn 0.2651 0.9412 -0.2095
vn -0.1536 0.8997 -0.4085
vn 0.2957 0.7795 -0.5523
vn 0.2041 0.9436 -0.2608
vn 0.2957 0.7795 -0.5523
vn 0.3534 0.9336 -0.0595
vn 0.2041 0.9436 -0.2608
vn -0.3902 0.8905 -0.2341
vn -0.3970 0.6398 -0.6581
vn 0.0147 0.9412 -0.3376
vn -0.0325 0.7976 -0.6023
vn 0.2480 0.9336 -0.2588
vn 0.0147 0.9412 -0.3376
vn -0.3656 0.7827 0.5037
vn -0.5954 0.7611 0.2574
vn -0.5135 0.8345 0.1999
vn -0.3656 0.7827 0.5037
vn 0.0036 0.9965 0.0838
vn -0.5954 0.7611 0.2574
vn -0.4124 0.8832 -0.2233
vn -0.2432 0.8345 -0.4945
vn -0.1138 0.9627 -0.2455
vn -0.2432 0.8345 -0.4945
vn 0.1997 0.8905 -0.4089
vn -0.1138 0.9627 -0.2455
vn -0.3145 0.8832 -0.3480
vn -0.0645 0.8345 -0.5473
vn -0.0255 0.9627 -0.2693
vn -0.0645 0.8345 -0.5473
vn 0.3245 0.8905 -0.3190
vn -0.0255 0.9627 -0.2693
vn -0.2235 0.8832 -0.4123
vn 0.0664 0.8345 -0.5471
vn 0.0387 0.9627 -0.2678
vn 0.0664 0.8345 -0.5471
vn 0.3906 0.8905 -0.2334
vn 0.0387 0.9627 -0.2678
vn -0.3736 0.8832 0.2835
vn -0.5508 0.8345 0.0174
vn -0.2705 0.9627 0.0024
vn -0.5508 0.8345 0.0174
vn -0.2900 0.8905 -0.3507
vn -0.2705 0.9627 0.0024
vn -0.4678 0.8832 0.0336
vn -0.4710 0.8345 -0.2861
vn -0.2280 0.9627 -0.1457
vn -0.4710 0.8345 -0.2861
vn -0.0515 0.8905 -0.4521
vn -0.2280 0.9627 -0.1457
vn 0.1383 0.8832 -0.4482
vn 0.4374 0.8345 -0.3352
vn 0.2185 0.9627 -0.1596
vn 0.4374 0.8345 -0.3352
vn 0.4400 0.8905 0.1159
vn 0.2185 0.9627 -0.1596
vn -0.2235 0.8832 -0.4123
vn 0.0664 0.8345 -0.5471
vn 0.0387 0.9627 -0.2678
vn 0.0664 0.8345 -0.5471
vn 0.3906 0.8905 -0.2334
vn 0.0387 0.9627 -0.2678
vn -0.6207 0.7827 -0.0448
vn -0.5329 0.7611 -0.3699
vn -0.4408 0.8345 -0.3307
vn -0.6207 0.7827 -0.0448
vn -0.0693 0.9965 0.0473
vn -0.5329 0.7611 -0.3699
vn -0.1461 0.9867 -0.0714
vn -0.2235 0.8832 -0.4123
vn -0.0968 0.9719 -0.2145
vn -0.0968 0.9719 -0.2145
vn -0.2235 0.8832 -0.4123
vn 0.0387 0.9627 -0.2678
vn -0.3486 0.7827 0.5155
vn -0.5865 0.7611 0.2771
vn -0.5066 0.8345 0.2169
vn -0.3486 0.7827 0.5155
vn 0.0064 0.9965 0.0836
vn -0.5865 0.7611 0.2771
vn -0.1588 0.9867 -0.0349
vn -0.3145 0.8832 -0.3480
vn -0.1447 0.9719 -0.1856
vn -0.1447 0.9719 -0.1856
vn -0.3145 0.8832 -0.3480
vn -0.0255 0.9627 -0.2693
vn -0.1461 0.9867 -0.0714
vn -0.2235 0.8832 -0.4123
vn -0.0968 0.9719 -0.2145
vn -0.0968 0.9719 -0.2145
vn -0.2235 0.8832 -0.4123
vn 0.0387 0.9627 -0.2678
vn -0.0512 0.9867 -0.1543
vn 0.1383 0.8832 -0.4482
vn 0.0856 0.9719 -0.2192
vn 0.0856 0.9719 -0.2192
vn 0.1383 0.8832 -0.4482
vn 0.2185 0.9627 -0.1596
vn -0.1253 0.9867 0.1037
vn -0.4678 0.8832 0.0336
vn -0.2353 0.9719 -0.0002
vn -0.2353 0.9719 -0.0002
vn -0.4678 0.8832 0.0336
vn -0.2280 0.9627 -0.1457
vn -0.1614 0.9867 0.0200
vn -0.4124 0.8832 -0.2233
vn -0.1982 0.9719 -0.1268
vn -0.1982 0.9719 -0.1268
vn -0.4124 0.8832 -0.2233
vn -0.1138 0.9627 -0.2455
vn -0.0484 0.9867 0.1552
vn -0.3736 0.8832 0.2835
vn -0.1973 0.9719 0.1282
vn -0.1973 0.9719 0.1282
vn -0.3736 0.8832 0.2835
vn -0.2705 0.9627 0.0024
vn 0.1585 0.7827 -0.6018
vn 0.4619 0.7610 -0.4555
vn 0.4064 0.8345 -0.3722
vn 0.1585 0.7827 -0.6018
vn -0.0337 0.9965 -0.0768
vn 0.4619 0.7610 -0.4555
vn 0.3272 0.8997 0.2888
vn -0.0023 0.7795 0.6264
vn -0.0580 0.9436 0.3260
vn -0.0023 0.7795 0.6264
vn -0.2843 0.9336 0.2182
vn -0.0580 0.9436 0.3260
vn 0.3562 0.9336 0.0395
vn 0.2443 0.9330 0.2643
vn 0.1357 0.9853 0.1038
vn 0.1357 0.9853 0.1038
vn 0.2443 0.9330 0.2643
vn 0.0204 0.9921 0.1234
vn -0.1659 0.9336 0.3177
vn -0.3349 0.9330 0.1318
vn -0.1460 0.9853 0.0888
vn -0.1460 0.9853 0.0888
vn -0.3349 0.9330 0.1318
vn -0.1224 0.9921 -0.0258
vn 0.1109 0.9336 0.3408
vn -0.1401 0.9330 0.3315
vn -0.0386 0.9853 0.1665
vn -0.0386 0.9853 0.1665
vn -0.1401 0.9330 0.3315
vn -0.1040 0.9921 0.0694
vn 0.1109 0.9336 0.3408
vn -0.1401 0.9330 0.3315
vn -0.0386 0.9853 0.1665
vn -0.0386 0.9853 0.1665
vn -0.1401 0.9330 0.3315
vn -0.1040 0.9921 0.0694
vn -0.4124 0.8832 -0.2233
vn -0.2432 0.8345 -0.4945
vn -0.1138 0.9627 -0.2455
vn -0.2432 0.8345 -0.4945
vn 0.1998 0.8905 -0.4089
vn -0.1138 0.9627 -0.2455
vn -0.0255 0.9627 -0.2693
vn 0.3245 0.8905 -0.3190
vn 0.1060 0.9823 -0.1544
vn 0.3245 0.8905 -0.3190
vn 0.3230 0.9412 0.0990
vn 0.1060 0.9823 -0.1544
vn -0.2280 0.9627 -0.1457
vn -0.0515 0.8905 -0.4521
vn -0.0564 0.9823 -0.1786
vn -0.0515 0.8905 -0.4521
vn 0.2769 0.9412 -0.1936
vn -0.0564 0.9823 -0.1786
vn 0.2185 0.9627 -0.1596
vn 0.4400 0.8905 0.1159
vn 0.1869 0.9823 0.0122
vn 0.4400 0.8905 0.1159
vn 0.0801 0.9412 0.3282
vn 0.1869 0.9823 0.0122
vn -0.1138 0.9627 -0.2455
vn 0.1997 0.8905 -0.4089
vn 0.0485 0.9823 -0.1809
vn 0.1997 0.8905 -0.4089
vn 0.3376 0.9412 -0.0143
vn 0.0485 0.9823 -0.1809
vn -0.2705 0.9627 0.0024
vn -0.2900 0.8905 -0.3507
vn -0.1447 0.9823 -0.1188
vn -0.2900 0.8905 -0.3507
vn 0.1263 0.9412 -0.3134
vn -0.1447 0.9823 -0.1188
vn 0.0387 0.9627 -0.2678
vn 0.3906 0.8905 -0.2334
vn 0.1395 0.9823 -0.1250
vn 0.3906 0.8905 -0.2334
vn 0.2906 0.9412 0.1724
vn 0.1395 0.9823 -0.1250
vn 0.0387 0.9627 -0.2678
vn 0.3906 0.8905 -0.2334
vn 0.1394 0.9823 -0.1250
vn 0.3906 0.8905 -0.2334
vn 0.2906 0.9412 0.1724
vn 0.1394 0.9823 -0.1250
vn 0.2789 0.8629 0.4215
vn -0.1220 0.8029 0.5835
vn 0.2127 0.9344 0.2857
vn -0.1220 0.8029 0.5835
vn 0.2789 0.8629 0.4215
vn -0.0693 0.9965 0.0473
vn 0.3584 0.9330 -0.0331
vn 0.4988 0.8667 -0.0085
vn 0.2964 0.9225 0.2474
vn 0.3584 0.9330 -0.0331
vn 0.2964 0.9225 0.2474
vn 0.1103 0.9921 0.0589
vn 0.2577 0.8058 0.5331
vn -0.1723 0.7882 0.5909
vn -0.0463 0.9147 0.4015
vn 0.2577 0.8058 0.5331
vn -0.0245 0.9965 0.0802
vn -0.1723 0.7882 0.5909
vn -0.5940 0.7827 0.1857
vn -0.6313 0.7611 -0.1490
vn -0.5313 0.8345 -0.1463
vn -0.5940 0.7827 0.1857
vn -0.0471 0.9965 0.0694
vn -0.6313 0.7611 -0.1490
vn -0.5940 0.7827 0.1857
vn -0.6313 0.7611 -0.1490
vn -0.5313 0.8345 -0.1463
vn -0.5940 0.7827 0.1857
vn -0.0471 0.9965 0.0694
vn -0.6313 0.7611 -0.1490
vn -0.4563 0.8058 0.3774
vn -0.6149 0.7882 -0.0265
vn -0.4010 0.9147 0.0507
vn -0.4563 0.8058 0.3774
vn -0.0838 0.9965 -0.0047
vn -0.6149 0.7882 -0.0265
vn -0.5940 0.7827 0.1857
vn -0.6314 0.7610 -0.1490
vn -0.5313 0.8345 -0.1463
vn -0.5940 0.7827 0.1857
vn -0.0472 0.9965 0.0694
vn -0.6314 0.7610 -0.1490
vn -0.6201 0.7827 0.0525
vn -0.5840 0.7610 -0.2824
vn -0.4869 0.8345 -0.2580
vn -0.6201 0.7827 0.0525
vn -0.0611 0.9965 0.0575
vn -0.5840 0.7610 -0.2824
vn -0.3656 0.7827 0.5037
vn -0.5954 0.7610 0.2575
vn -0.5135 0.8345 0.1999
vn -0.3656 0.7827 0.5037
vn 0.0036 0.9965 0.0838
vn -0.5954 0.7610 0.2575
vn -0.1138 0.9627 -0.2455
vn 0.1998 0.8905 -0.4089
vn 0.0485 0.9823 -0.1809
vn 0.1998 0.8905 -0.4089
vn 0.3376 0.9412 -0.0143
vn 0.0485 0.9823 -0.1809
vn -0.3957 0.7827 -0.4803
vn -0.0997 0.7610 -0.6410
vn -0.0645 0.8345 -0.5473
vn -0.3957 0.7827 -0.4803
vn -0.0820 0.9965 -0.0176
vn -0.0997 0.7610 -0.6410
vn -0.1614 0.9867 0.0200
vn -0.4124 0.8832 -0.2233
vn -0.1982 0.9719 -0.1268
vn -0.1982 0.9719 -0.1268
vn -0.4124 0.8832 -0.2233
vn -0.1138 0.9627 -0.2455
vn -0.0090 0.8997 -0.4364
vn 0.4625 0.7795 -0.4225
vn 0.2792 0.9436 -0.1781
vn 0.4625 0.7795 -0.4225
vn 0.3531 0.9336 0.0614
vn 0.2792 0.9436 -0.1781
vn -0.2579 0.8832 0.3918
vn -0.5135 0.8345 0.1999
vn -0.2543 0.9627 0.0924
vn -0.5135 0.8345 0.1999
vn -0.3902 0.8905 -0.2341
vn -0.2543 0.9627 0.0924
vn -0.0756 0.8876 -0.4544
vn -0.1456 0.6910 -0.7081
vn -0.4787 0.7997 -0.3623
vn -0.4787 0.7997 -0.3623
vn -0.0245 0.9965 0.0802
vn -0.0756 0.8876 -0.4544
vn 0.4606 0.8876 -0.0057
vn 0.7219 0.6910 -0.0364
vn 0.4308 0.7997 -0.4181
vn 0.4308 0.7997 -0.4181
vn -0.0756 0.9965 -0.0364
vn 0.4606 0.8876 -0.0057
vn -0.4688 0.8832 -0.0123
vn -0.4408 0.8345 -0.3307
vn -0.2126 0.9627 -0.1673
vn -0.4408 0.8345 -0.3307
vn -0.0071 0.8905 -0.4550
vn -0.2126 0.9627 -0.1673
vn -0.0756 0.8876 -0.4544
vn -0.0245 0.9965 0.0802
vn 0.2384 0.9378 -0.2524
vn -0.0245 0.9965 0.0802
vn 0.4732 0.8667 0.1581
vn 0.2384 0.9378 -0.2524
vn 0.0061 0.9867 0.1625
vn -0.2579 0.8832 0.3918
vn -0.1433 0.9719 0.1866
vn -0.1433 0.9719 0.1866
vn -0.2579 0.8832 0.3918
vn -0.2543 0.9627 0.0924
vn 0.4606 0.8876 -0.0057
vn -0.0756 0.9965 -0.0364
vn 0.2133 0.9378 0.2740
vn -0.0756 0.9965 -0.0364
vn -0.2281 0.8667 0.4437
vn 0.2133 0.9378 0.2740
vn -0.2447 0.8832 0.4001
vn -0.5066 0.8345 0.2169
vn -0.2511 0.9627 0.1008
vn -0.5066 0.8345 0.2169
vn -0.3978 0.8905 -0.2209
vn -0.2511 0.9627 0.1008
vn 0.2480 0.9336 -0.2588
vn 0.3584 0.9330 -0.0331
vn 0.1650 0.9853 -0.0446
vn 0.1650 0.9853 -0.0446
vn 0.3584 0.9330 -0.0331
vn 0.1103 0.9921 0.0589
vn 0.0986 0.8832 -0.4585
vn 0.4064 0.8345 -0.3722
vn 0.2036 0.9627 -0.1781
vn 0.4064 0.8345 -0.3722
vn 0.4485 0.8905 0.0770
vn 0.2036 0.9627 -0.1781
vn 0.4376 0.7827 -0.4425
vn 0.6275 0.7610 -0.1643
vn 0.5379 0.8345 -0.1199
vn 0.4376 0.7827 -0.4425
vn 0.0091 0.9965 -0.0834
vn 0.6275 0.7610 -0.1643
vn -0.2543 0.9627 0.0924
vn -0.3902 0.8905 -0.2341
vn -0.1761 0.9823 -0.0638
vn -0.3902 0.8905 -0.2341
vn 0.0147 0.9412 -0.3376
vn -0.1761 0.9823 -0.0638
vn -0.1311 0.9867 0.0956
vn -0.4688 0.8832 -0.0123
vn -0.2342 0.9719 -0.0233
vn -0.2342 0.9719 -0.0233
vn -0.4688 0.8832 -0.0123
vn -0.2126 0.9627 -0.1673
vn -0.0601 0.9344 0.3510
vn -0.5066 0.8029 0.3141
vn -0.3061 0.9253 0.2239
vn -0.0601 0.9344 0.3510
vn -0.3061 0.9253 0.2239
vn -0.0847 0.9921 0.0920
vn 0.0637 0.9330 0.3542
vn 0.0683 0.8679 0.4920
vn -0.2211 0.9225 0.3165
vn 0.0637 0.9330 0.3542
vn -0.2211 0.9225 0.3165
vn -0.0492 0.9921 0.1150
vn 0.3489 0.9330 0.0881
vn 0.4764 0.8679 0.1408
vn 0.1970 0.9225 0.3320
vn 0.3489 0.9330 0.0881
vn 0.1970 0.9225 0.3320
vn 0.0844 0.9921 0.0923
vn -0.5202 0.8058 -0.2829
vn -0.2045 0.7882 -0.5805
vn -0.1964 0.9147 -0.3532
vn -0.5202 0.8058 -0.2829
vn -0.0268 0.9965 -0.0795
vn -0.2045 0.7882 -0.5805
vn -0.5661 0.8058 0.1738
vn -0.5579 0.7882 -0.2600
vn -0.3898 0.9147 -0.1067
vn -0.5661 0.8058 0.1738
vn -0.0756 0.9965 -0.0364
vn -0.5579 0.7882 -0.2600
vn -0.0751 0.8058 0.5874
vn -0.4669 0.7882 0.4010
vn -0.2580 0.9147 0.3111
vn -0.0751 0.8058 0.5874
vn -0.0643 0.9965 0.0538
vn -0.4669 0.7882 0.4010
vn -0.5661 0.8058 0.1738
vn -0.5579 0.7882 -0.2600
vn -0.3898 0.9147 -0.1067
vn -0.5661 0.8058 0.1738
vn -0.0756 0.9965 -0.0364
vn -0.5579 0.7882 -0.2600
vn 0.0115 0.9867 0.1622
vn -0.2447 0.8832 0.4001
vn -0.1370 0.9719 0.1913
vn -0.1370 0.9719 0.1913
vn -0.2447 0.8832 0.4001
vn -0.2511 0.9627 0.1008
vn -0.2126 0.9627 -0.1673
vn -0.0071 0.8905 -0.4550
vn -0.0387 0.9823 -0.1833
vn -0.0071 0.8905 -0.4550
vn 0.2945 0.9412 -0.1656
vn -0.0387 0.9823 -0.1833
vn -0.0698 0.9867 -0.1465
vn 0.0986 0.8832 -0.4585
vn 0.0660 0.9719 -0.2259
vn 0.0660 0.9719 -0.2259
vn 0.0986 0.8832 -0.4585
vn 0.2036 0.9627 -0.1781
vn -0.4408 0.8832 0.1603
vn -0.5313 0.8345 -0.1463
vn -0.2591 0.9627 -0.0778
vn -0.5313 0.8345 -0.1463
vn -0.1536 0.8997 -0.4085
vn -0.2591 0.9627 -0.0778
vn -0.4650 0.8832 0.0609
vn -0.4869 0.8345 -0.2580
vn -0.2361 0.9627 -0.1321
vn -0.4869 0.8345 -0.2580
vn -0.0779 0.8905 -0.4483
vn -0.2361 0.9627 -0.1321
vn 0.2392 0.9336 -0.2669
vn 0.3571 0.9330 -0.0450
vn 0.1634 0.9853 -0.0501
vn 0.1634 0.9853 -0.0501
vn 0.3571 0.9330 -0.0450
vn 0.1122 0.9921 0.0552
vn -0.4408 0.8832 0.1603
vn -0.5313 0.8345 -0.1463
vn -0.2592 0.9627 -0.0778
vn -0.5313 0.8345 -0.1463
vn -0.1733 0.8905 -0.4208
vn -0.2592 0.9627 -0.0778
vn -0.2579 0.8832 0.3918
vn -0.5135 0.8345 0.1999
vn -0.2543 0.9627 0.0924
vn -0.5135 0.8345 0.1999
vn -0.3902 0.8905 -0.2341
vn -0.2543 0.9627 0.0924
vn -0.3145 0.8832 -0.3480
vn -0.0645 0.8345 -0.5473
vn -0.0255 0.9627 -0.2694
vn -0.0645 0.8345 -0.5473
vn 0.3245 0.8905 -0.3190
vn -0.0255 0.9627 -0.2694
vn -0.4408 0.8832 0.1603
vn -0.5313 0.8345 -0.1463
vn -0.2591 0.9627 -0.0778
vn -0.5313 0.8345 -0.1463
vn -0.1536 0.8997 -0.4085
vn -0.2591 0.9627 -0.0778
vn -0.3572 0.8907 0.2813
vn -0.5508 0.8345 0.0174
vn -0.2706 0.9627 0.0024
vn -0.5508 0.8345 0.0174
vn -0.2900 0.8905 -0.3507
vn -0.2706 0.9627 0.0024
vn -0.1375 0.9336 0.3310
vn -0.3221 0.9330 0.1606
vn -0.1376 0.9853 0.1013
vn -0.1376 0.9853 0.1013
vn -0.3221 0.9330 0.1606
vn -0.1252 0.9920 -0.0172
vn -0.6219 0.7827 -0.0224
vn -0.5459 0.7610 -0.3505
vn -0.4524 0.8345 -0.3147
vn -0.6219 0.7827 -0.0224
vn -0.0675 0.9965 0.0497
vn -0.5459 0.7610 -0.3505
vn -0.2511 0.9627 0.1008
vn -0.3978 0.8905 -0.2209
vn -0.1781 0.9823 -0.0580
vn -0.3978 0.8905 -0.2209
vn 0.0035 0.9412 -0.3379
vn -0.1781 0.9823 -0.0580
vn 0.2036 0.9627 -0.1781
vn 0.4485 0.8905 0.0770
vn 0.1873 0.9823 -0.0042
vn 0.4485 0.8905 0.0770
vn 0.1085 0.9412 0.3200
vn 0.1873 0.9823 -0.0042
vn 0.0637 0.9330 0.3542
vn 0.0683 0.8679 0.4920
vn -0.2211 0.9225 0.3165
vn 0.0637 0.9330 0.3542
vn -0.2211 0.9225 0.3165
vn -0.0492 0.9921 0.1150
vn -0.0426 0.9867 0.1566
vn -0.3572 0.8907 0.2813
vn -0.1973 0.9719 0.1282
vn -0.1973 0.9719 0.1282
vn -0.3572 0.8907 0.2813
vn -0.2706 0.9627 0.0024
vn -0.1597 0.9867 -0.0290
vn -0.3145 0.8832 -0.3480
vn -0.1447 0.9719 -0.1856
vn -0.1447 0.9719 -0.1856
vn -0.3145 0.8832 -0.3480
vn -0.0255 0.9627 -0.2694
vn 0.0120 0.9867 0.1618
vn -0.2579 0.8832 0.3918
vn -0.1433 0.9719 0.1866
vn -0.1433 0.9719 0.1866
vn -0.2579 0.8832 0.3918
vn -0.2543 0.9627 0.0924
vn -0.0870 0.9867 0.1370
vn -0.4408 0.8832 0.1603
vn -0.2264 0.9719 0.0641
vn -0.2264 0.9719 0.0641
vn -0.4408 0.8832 0.1603
vn -0.2591 0.9627 -0.0778
vn -0.0870 0.9867 0.1370
vn -0.4408 0.8832 0.1603
vn -0.2264 0.9719 0.0641
vn -0.2264 0.9719 0.0641
vn -0.4408 0.8832 0.1603
vn -0.2592 0.9627 -0.0778
vn -0.0870 0.9867 0.1370
vn -0.4408 0.8832 0.1603
vn -0.2264 0.9719 0.0641
vn -0.2264 0.9719 0.0641
vn -0.4408 0.8832 0.1603
vn -0.2591 0.9627 -0.0778
vn -0.1146 0.9867 0.1149
vn -0.4650 0.8832 0.0609
vn -0.2349 0.9719 0.0135
vn -0.2349 0.9719 0.0135
vn -0.4650 0.8832 0.0609
vn -0.2361 0.9627 -0.1321
vn 0.1882 0.9336 0.3050
vn -0.0579 0.9330 0.3552
vn 0.0017 0.9853 0.1709
vn 0.0017 0.9853 0.1709
vn -0.0579 0.9330 0.3552
vn -0.0871 0.9920 0.0916
vn 0.3579 0.9336 0.0186
vn 0.2593 0.9330 0.2496
vn 0.1416 0.9853 0.0957
vn 0.1416 0.9853 0.0957
vn 0.2593 0.9330 0.2496
vn 0.0258 0.9920 0.1237
vn 0.3534 0.9336 -0.0595
vn 0.3073 0.9330 0.1874
vn 0.1590 0.9853 0.0627
vn 0.1590 0.9853 0.0627
vn 0.3073 0.9330 0.1874
vn 0.0520 0.9920 0.1152
vn -0.2706 0.9627 0.0024
vn -0.2900 0.8905 -0.3507
vn -0.1448 0.9823 -0.1189
vn -0.2900 0.8905 -0.3507
vn 0.1263 0.9412 -0.3134
vn -0.1448 0.9823 -0.1189
vn 0.2480 0.9336 -0.2588
vn 0.3584 0.9330 -0.0331
vn 0.1650 0.9853 -0.0446
vn 0.1650 0.9853 -0.0446
vn 0.3584 0.9330 -0.0331
vn 0.1105 0.9920 0.0613
vn 0.3534 0.9336 -0.0595
vn 0.3072 0.9330 0.1874
vn 0.1590 0.9853 0.0627
vn 0.1590 0.9853 0.0627
vn 0.3072 0.9330 0.1874
vn 0.0520 0.9920 0.1152
vn -0.2591 0.9627 -0.0778
vn -0.1536 0.8997 -0.4085
vn -0.1031 0.9823 -0.1563
vn -0.1536 0.8997 -0.4085
vn 0.2041 0.9436 -0.2608
vn -0.1031 0.9823 -0.1563
vn -0.2591 0.9627 -0.0778
vn -0.1536 0.8997 -0.4085
vn -0.1031 0.9823 -0.1564
vn -0.1536 0.8997 -0.4085
vn 0.2041 0.9436 -0.2608
vn -0.1031 0.9823 -0.1564
vn -0.2592 0.9627 -0.0778
vn -0.1733 0.8905 -0.4208
vn -0.1031 0.9823 -0.1564
vn -0.1733 0.8905 -0.4208
vn 0.2133 0.9412 -0.2620
vn -0.1031 0.9823 -0.1564
vn -0.2543 0.9627 0.0924
vn -0.3902 0.8905 -0.2341
vn -0.1761 0.9823 -0.0638
vn -0.3902 0.8905 -0.2341
vn 0.0147 0.9412 -0.3376
vn -0.1761 0.9823 -0.0638
vn -0.2361 0.9627 -0.1321
vn -0.0779 0.8905 -0.4483
vn -0.0668 0.9823 -0.1750
vn -0.0779 0.8905 -0.4483
vn 0.2651 0.9412 -0.2095
vn -0.0668 0.9823 -0.1750
vn -0.0255 0.9627 -0.2694
vn 0.3245 0.8905 -0.3190
vn 0.1060 0.9823 -0.1544
vn 0.3245 0.8905 -0.3190
vn 0.3230 0.9412 0.0990
vn 0.1060 0.9823 -0.1544
vn 0.3142 0.8832 -0.3482
vn 0.5379 0.8345 -0.1199
vn 0.2654 0.9627 -0.0528
vn 0.5379 0.8345 -0.1199
vn 0.3272 0.8997 0.2888
vn 0.2654 0.9627 -0.0528
vn 0.4206 0.8058 0.4168
vn 0.0344 0.7882 0.6145
vn 0.0901 0.9147 0.3940
vn 0.4206 0.8058 0.4168
vn 0.0036 0.9965 0.0838
vn 0.0344 0.7882 0.6145
vn 0.0126 0.9867 -0.1618
vn 0.3142 0.8832 -0.3482
vn 0.1699 0.9719 -0.1628
vn 0.1699 0.9719 -0.1628
vn 0.3142 0.8832 -0.3482
vn 0.2654 0.9627 -0.0528
vn 0.2127 0.9344 0.2857
vn -0.1220 0.8029 0.5835
vn -0.0544 0.9236 0.3795
vn 0.2127 0.9344 0.2857
vn -0.0544 0.9236 0.3795
vn 0.0062 0.9920 0.1262
vn -0.4690 0.8832 0.0046
vn -0.4524 0.8345 -0.3147
vn -0.2185 0.9627 -0.1595
vn -0.4524 0.8345 -0.3147
vn -0.0090 0.8997 -0.4364
vn -0.2185 0.9627 -0.1595
vn -0.2843 0.9336 0.2182
vn -0.3593 0.9330 -0.0215
vn -0.1698 0.9853 0.0191
vn -0.1698 0.9853 0.0191
vn -0.3593 0.9330 -0.0215
vn -0.1000 0.9920 -0.0773
vn 0.4342 0.8058 0.4026
vn 0.0548 0.7882 0.6130
vn 0.1031 0.9147 0.3908
vn 0.4342 0.8058 0.4026
vn 0.0064 0.9965 0.0836
vn 0.0548 0.7882 0.6130
vn 0.2654 0.9627 -0.0528
vn 0.3272 0.8997 0.2888
vn 0.1644 0.9823 0.0898
vn 0.3272 0.8997 0.2888
vn -0.0580 0.9436 0.3260
vn 0.1644 0.9823 0.0898
vn -0.5429 0.8058 -0.2363
vn -0.2544 0.7882 -0.5604
vn -0.2387 0.9110 -0.3362
vn -0.5429 0.8058 -0.2363
vn -0.0337 0.9965 -0.0768
vn -0.2544 0.7882 -0.5604
vn -0.1276 0.9867 0.1003
vn -0.4690 0.8832 0.0046
vn -0.2349 0.9719 -0.0148
vn -0.2349 0.9719 -0.0148
vn -0.4690 0.8832 0.0046
vn -0.2185 0.9627 -0.1595
vn 0.3489 0.9330 0.0881
vn 0.4764 0.8679 0.1408
vn 0.1950 0.9207 0.3380
vn 0.3489 0.9330 0.0881
vn 0.1950 0.9207 0.3380
vn 0.0838 0.9920 0.0946
vn 0.3073 0.9330 0.1874
vn 0.4134 0.8679 0.2754
vn 0.0863 0.9207 0.3806
vn 0.3073 0.9330 0.1874
vn 0.0863 0.9207 0.3806
vn 0.0520 0.9920 0.1152
vn 0.3531 0.9336 0.0614
vn 0.2274 0.9330 0.2789
vn 0.1290 0.9853 0.1120
vn 0.1290 0.9853 0.1120
vn 0.2274 0.9330 0.2789
vn 0.0108 0.9920 0.1259
vn -0.0406 0.8058 0.5907
vn -0.4426 0.7882 0.4276
vn -0.2367 0.9110 0.3376
vn -0.0406 0.8058 0.5907
vn -0.0611 0.9965 0.0575
vn -0.4426 0.7882 0.4276
vn -0.0756 0.8876 -0.4544
vn -0.1551 0.6398 -0.7527
vn -0.4787 0.7997 -0.3623
vn -0.4787 0.7997 -0.3623
vn -0.0245 0.9965 0.0802
vn -0.0756 0.8876 -0.4544
vn 0.4233 0.8876 -0.1817
vn 0.6941 0.6398 -0.3301
vn 0.2378 0.7997 -0.5513
vn 0.2378 0.7997 -0.5513
vn -0.0838 0.9965 -0.0047
vn 0.4233 0.8876 -0.1817
vn -0.5091 0.8058 0.3024
vn -0.6035 0.7882 -0.1210
vn -0.4123 0.9110 -0.0028
vn -0.5091 0.8058 0.3024
vn -0.0820 0.9965 -0.0176
vn -0.6035 0.7882 -0.1210
vn -0.2226 0.8876 -0.4032
vn -0.3970 0.6398 -0.6581
vn -0.5720 0.7997 -0.1821
vn -0.5720 0.7997 -0.1821
vn 0.0036 0.9965 0.0838
vn -0.2226 0.8876 -0.4032
vn 0.0885 0.8058 0.5855
vn -0.3393 0.7882 0.5135
vn -0.1579 0.9110 0.3809
vn 0.0885 0.8058 0.5855
vn -0.0471 0.9965 0.0694
vn -0.3393 0.7882 0.5135
vn 0.0885 0.8058 0.5855
vn -0.3393 0.7882 0.5135
vn -0.1579 0.9110 0.3809
vn 0.0885 0.8058 0.5855
vn -0.0472 0.9965 0.0694
vn -0.3393 0.7882 0.5135
vn -0.2185 0.9627 -0.1595
vn -0.0090 0.8997 -0.4364
vn -0.0452 0.9823 -0.1817
vn -0.0090 0.8997 -0.4364
vn 0.2792 0.9436 -0.1781
vn -0.0452 0.9823 -0.1817
vn 0.4206 0.8058 0.4168
vn 0.0344 0.7882 0.6145
vn 0.1008 0.9110 0.3998
vn 0.4206 0.8058 0.4168
vn 0.0036 0.9965 0.0838
vn 0.0344 0.7882 0.6145
vn -0.0756 0.8876 -0.4544
vn -0.0245 0.9965 0.0802
vn 0.2384 0.9378 -0.2524
vn -0.0245 0.9965 0.0802
vn 0.4732 0.8667 0.1581
vn 0.2384 0.9378 -0.2524
vn 0.4233 0.8876 -0.1817
vn -0.0838 0.9965 -0.0047
vn 0.3019 0.9378 0.1714
vn -0.0838 0.9965 -0.0047
vn -0.0408 0.8667 0.4972
vn 0.3019 0.9378 0.1714
vn -0.2226 0.8876 -0.4032
vn 0.0036 0.9965 0.0838
vn 0.1407 0.9378 -0.3174
vn 0.0036 0.9965 0.0838
vn 0.4988 0.8667 -0.0085
vn 0.1407 0.9378 -0.3174
vn -0.3526 0.8058 -0.4757
vn 0.0590 0.7882 -0.6126
vn -0.0391 0.9110 -0.4105
vn -0.3526 0.8058 -0.4757
vn 0.0091 0.9965 -0.0834
vn 0.0590 0.7882 -0.6126
vn -0.0756 0.8876 -0.4544
vn -0.1551 0.6398 -0.7527
vn -0.4787 0.7997 -0.3623
vn -0.4787 0.7997 -0.3623
vn -0.0245 0.9965 0.0802
vn -0.0756 0.8876 -0.4544
vn 0.1847 0.8876 -0.4220
vn 0.2809 0.6398 -0.7154
vn -0.2033 0.7997 -0.5649
vn -0.2033 0.7997 -0.5649
vn -0.0643 0.9965 0.0538
vn 0.1847 0.8876 -0.4220
vn 0.4606 0.8876 -0.0057
vn 0.7676 0.6398 -0.0391
vn 0.4308 0.7997 -0.4182
vn 0.4308 0.7997 -0.4182
vn -0.0756 0.9965 -0.0364
vn 0.4606 0.8876 -0.0057
vn 0.3263 0.8876 0.3251
vn 0.5649 0.6398 0.5212
vn 0.6001 0.7997 0.0153
vn 0.6001 0.7997 0.0153
vn -0.0268 0.9965 -0.0795
vn 0.3263 0.8876 0.3251
vn 0.4606 0.8876 -0.0057
vn 0.7676 0.6398 -0.0391
vn 0.4308 0.7997 -0.4181
vn 0.4308 0.7997 -0.4181
vn -0.0756 0.9965 -0.0364
vn 0.4606 0.8876 -0.0057
vn 0.4462 0.8876 -0.1142
vn 0.7367 0.6398 -0.2191
vn 0.3200 0.7997 -0.5080
vn 0.3200 0.7997 -0.5080
vn -0.0820 0.9965 -0.0176
vn 0.4462 0.8876 -0.1142
vn 0.3827 0.8876 -0.2564
vn 0.6216 0.6398 -0.4520
vn 0.1325 0.7997 -0.5855
vn 0.1325 0.7997 -0.5855
vn -0.0832 0.9965 0.0108
vn 0.3827 0.8876 -0.2564
vn 0.3263 0.8876 0.3251
vn -0.0268 0.9965 -0.0795
vn -0.0709 0.9232 0.3777
vn -0.0268 0.9965 -0.0795
vn -0.4691 0.8679 0.1633
vn -0.0709 0.9232 0.3777
vn 0.1847 0.8876 -0.4220
vn -0.0643 0.9965 0.0538
vn 0.3777 0.9232 -0.0708
vn -0.0643 0.9965 0.0538
vn 0.3223 0.8679 0.3780
vn 0.3777 0.9232 -0.0708
vn 0.3827 0.8876 -0.2564
vn -0.0832 0.9965 0.0108
vn 0.3566 0.9232 0.1435
vn -0.0832 0.9965 0.0108
vn 0.0683 0.8679 0.4920
vn 0.3566 0.9232 0.1435
vn 0.4606 0.8876 -0.0057
vn -0.0756 0.9965 -0.0364
vn 0.2203 0.9232 0.3149
vn -0.0756 0.9965 -0.0364
vn -0.2115 0.8679 0.4495
vn 0.2203 0.9232 0.3149
vn -0.0756 0.8876 -0.4544
vn -0.0245 0.9965 0.0802
vn 0.2778 0.9232 -0.2656
vn -0.0245 0.9965 0.0802
vn 0.4764 0.8679 0.1408
vn 0.2778 0.9232 -0.2656
vn 0.4606 0.8876 -0.0057
vn -0.0756 0.9965 -0.0364
vn 0.2203 0.9232 0.3149
vn -0.0756 0.9965 -0.0364
vn -0.2115 0.8679 0.4495
vn 0.2203 0.9232 0.3149
vn 0.4462 0.8876 -0.1142
vn -0.0820 0.9965 -0.0176
vn 0.2884 0.9232 0.2541
vn -0.0820 0.9965 -0.0176
vn -0.1128 0.8629 0.4927
vn 0.2884 0.9232 0.2541
vn -0.1113 0.8058 0.5816
vn -0.4908 0.7882 0.3714
vn -0.2756 0.9110 0.3067
vn -0.1113 0.8058 0.5816
vn -0.0675 0.9965 0.0497
vn -0.4908 0.7882 0.3714
vn 0.3827 0.8876 -0.2564
vn -0.0832 0.9965 0.0108
vn 0.3565 0.9232 0.1435
vn -0.0832 0.9965 0.0108
vn 0.0683 0.8679 0.4920
vn 0.3565 0.9232 0.1435
vn 0.3827 0.8876 -0.2564
vn 0.6216 0.6398 -0.4520
vn 0.1324 0.7997 -0.5855
vn 0.1324 0.7997 -0.5855
vn -0.0832 0.9965 0.0108
vn 0.3827 0.8876 -0.2564
vn -0.2227 0.8876 -0.4032
vn -0.3970 0.6398 -0.6581
vn -0.5720 0.7997 -0.1821
vn -0.5720 0.7997 -0.1821
vn 0.0036 0.9965 0.0838
vn -0.2227 0.8876 -0.4032
vn -0.2200 0.7638 0.6068
vn -0.5094 0.7770 0.3699
vn -0.0437 0.9144 0.4024
vn -0.2200 0.7638 0.6068
vn -0.0245 0.9965 0.0802
vn -0.5094 0.7770 0.3699
vn -0.0756 0.8876 -0.4544
vn 0.1327 0.7864 -0.6032
vn -0.1456 0.6910 -0.7081
vn -0.1456 0.6910 -0.7081
vn 0.1327 0.7864 -0.6032
vn -0.1015 0.8569 -0.5053
vn 0.2251 0.8876 -0.4019
vn 0.3495 0.6398 -0.6845
vn -0.1471 0.7997 -0.5820
vn -0.1471 0.7997 -0.5820
vn -0.0693 0.9965 0.0473
vn 0.2251 0.8876 -0.4019
vn -0.2227 0.8876 -0.4032
vn 0.0036 0.9965 0.0838
vn 0.1735 0.9232 -0.3429
vn 0.0036 0.9965 0.0838
vn 0.4961 0.8679 -0.0259
vn 0.1735 0.9232 -0.3429
vn 0.4606 0.8876 -0.0057
vn 0.5761 0.7864 0.2227
vn 0.7219 0.6910 -0.0364
vn 0.7219 0.6910 -0.0364
vn 0.5761 0.7864 0.2227
vn 0.5149 0.8569 -0.0237
vn -0.2359 0.8876 -0.3956
vn -0.4187 0.6398 -0.6445
vn -0.5778 0.7997 -0.1630
vn -0.5778 0.7997 -0.1630
vn 0.0064 0.9965 0.0836
vn -0.2359 0.8876 -0.3956
vn 0.2251 0.8876 -0.4019
vn -0.0693 0.9965 0.0473
vn 0.3829 0.9232 -0.0336
vn -0.0693 0.9965 0.0473
vn 0.2789 0.8629 0.4215
vn 0.3829 0.9232 -0.0336
vn 0.3535 0.8876 0.2953
vn 0.6083 0.6398 0.4698
vn 0.5992 0.7997 -0.0372
vn 0.5992 0.7997 -0.0372
vn -0.0337 0.9965 -0.0768
vn 0.3535 0.8876 0.2953
vn 0.0307 0.9869 0.1586
vn -0.0463 0.9147 0.4015
vn -0.0484 0.9867 0.1552
vn -0.2359 0.8876 -0.3956
vn 0.0064 0.9965 0.0836
vn 0.1620 0.9232 -0.3485
vn 0.0064 0.9965 0.0836
vn 0.4949 0.8679 -0.0424
vn 0.1620 0.9232 -0.3485
vn -0.1614 0.9869 0.0062
vn -0.3898 0.9147 -0.1067
vn -0.1461 0.9867 -0.0714
vn -0.0756 0.8876 -0.4544
vn -0.1551 0.6398 -0.7527
vn -0.4787 0.7997 -0.3623
vn -0.4787 0.7997 -0.3623
vn -0.0245 0.9965 0.0802
vn -0.0756 0.8876 -0.4544
vn 0.3535 0.8876 0.2953
vn -0.0337 0.9965 -0.0768
vn -0.0376 0.9232 0.3825
vn -0.0337 0.9965 -0.0768
vn -0.4531 0.8679 0.2037
vn -0.0376 0.9232 0.3825
vn -0.2226 0.8876 -0.4032
vn -0.3970 0.6398 -0.6581
vn -0.5721 0.7997 -0.1821
vn -0.5721 0.7997 -0.1821
vn 0.0036 0.9965 0.0838
vn -0.2226 0.8876 -0.4032
vn 0.4462 0.8876 -0.1143
vn 0.7367 0.6398 -0.2191
vn 0.3200 0.7997 -0.5080
vn 0.3200 0.7997 -0.5080
vn -0.0820 0.9965 -0.0176
vn 0.4462 0.8876 -0.1143
vn 0.0622 0.8876 -0.4564
vn 0.0744 0.6398 -0.7649
vn -0.3501 0.7998 -0.4877
vn -0.3501 0.7998 -0.4877
vn -0.0471 0.9965 0.0694
vn 0.0622 0.8876 -0.4564
vn 0.1597 0.8876 -0.4321
vn 0.2386 0.6398 -0.7306
vn -0.2360 0.7997 -0.5520
vn -0.2360 0.7997 -0.5520
vn -0.0611 0.9965 0.0575
vn 0.1597 0.8876 -0.4321
vn 0.0429 0.7810 -0.6231
vn 0.2957 0.7795 -0.5523
vn -0.3256 0.7939 -0.5135
vn -0.3256 0.7939 -0.5135
vn -0.0472 0.9965 0.0694
vn 0.0429 0.7810 -0.6231
vn 0.0429 0.7811 -0.6230
vn 0.2957 0.7795 -0.5523
vn -0.3256 0.7939 -0.5135
vn -0.3256 0.7939 -0.5135
vn -0.0471 0.9965 0.0694
vn 0.0429 0.7811 -0.6230
vn 0.0429 0.7810 -0.6231
vn -0.0472 0.9965 0.0694
vn 0.3439 0.9232 -0.1715
vn -0.0472 0.9965 0.0694
vn 0.4134 0.8679 0.2754
vn 0.3439 0.9232 -0.1715
vn -0.0756 0.8876 -0.4544
vn -0.0245 0.9965 0.0802
vn 0.2778 0.9232 -0.2656
vn -0.0245 0.9965 0.0802
vn 0.4764 0.8679 0.1408
vn 0.2778 0.9232 -0.2656
vn 0.0429 0.7811 -0.6230
vn -0.0471 0.9965 0.0694
vn 0.3439 0.9232 -0.1715
vn -0.0471 0.9965 0.0694
vn 0.4134 0.8679 0.2754
vn 0.3439 0.9232 -0.1715
vn 0.0622 0.8876 -0.4564
vn -0.0471 0.9965 0.0694
vn 0.3440 0.9232 -0.1715
vn -0.0471 0.9965 0.0694
vn 0.4134 0.8679 0.2754
vn 0.3440 0.9232 -0.1715
vn -0.2226 0.8876 -0.4032
vn 0.0036 0.9965 0.0838
vn 0.1735 0.9232 -0.3429
vn 0.0036 0.9965 0.0838
vn 0.4961 0.8679 -0.0259
vn 0.1735 0.9232 -0.3429
vn 0.4462 0.8876 -0.1143
vn -0.0820 0.9965 -0.0176
vn 0.2884 0.9232 0.2541
vn -0.0820 0.9965 -0.0176
vn -0.0995 0.8679 0.4867
vn 0.2884 0.9232 0.2541
vn 0.1597 0.8876 -0.4321
vn -0.0611 0.9965 0.0575
vn 0.3730 0.9232 -0.0928
vn -0.0611 0.9965 0.0575
vn 0.3438 0.8679 0.3585
vn 0.3730 0.9232 -0.0928
vn 0.2542 0.7810 0.5705
vn -0.0023 0.7795 0.6264
vn 0.5284 0.7939 0.3010
vn 0.5284 0.7939 0.3010
vn 0.0091 0.9965 -0.0834
vn 0.2542 0.7810 0.5705
vn 0.2542 0.7810 0.5705
vn 0.0091 0.9965 -0.0834
vn -0.2234 0.9232 0.3127
vn 0.0091 0.9965 -0.0834
vn -0.4943 0.8679 -0.0495
vn -0.2234 0.9232 0.3127
vn 0.2477 0.7810 -0.5733
vn 0.4625 0.7795 -0.4225
vn -0.1363 0.7939 -0.5926
vn -0.1363 0.7939 -0.5926
vn -0.0675 0.9965 0.0497
vn 0.2477 0.7810 -0.5733
vn 0.2477 0.7810 -0.5733
vn -0.0675 0.9965 0.0497
vn 0.3814 0.9232 -0.0473
vn -0.0675 0.9965 0.0497
vn 0.2982 0.8679 0.3972
vn 0.3814 0.9232 -0.0473
vn 0.0817 0.9869 0.1393
vn 0.0901 0.9147 0.3940
vn 0.0061 0.9867 0.1625
vn -0.2226 0.8876 -0.4032
vn -0.0634 0.7934 -0.6054
vn -0.3970 0.6398 -0.6581
vn -0.3970 0.6398 -0.6581
vn -0.0634 0.7934 -0.6054
vn 0.0096 0.9377 -0.3474
vn 0.4233 0.8876 -0.1817
vn 0.6087 0.7934 -0.0033
vn 0.6941 0.6398 -0.3301
vn 0.6941 0.6398 -0.3301
vn 0.6087 0.7934 -0.0033
vn 0.3448 0.9377 0.0439
vn -0.0756 0.8876 -0.4544
vn 0.1419 0.7934 -0.5919
vn -0.1551 0.6398 -0.7527
vn -0.1551 0.6398 -0.7527
vn 0.1419 0.7934 -0.5919
vn 0.1248 0.9377 -0.3244
vn 0.4903 0.8187 -0.2988
vn 0.4732 0.8667 0.1581
vn 0.3466 0.9234 -0.1647
vn 0.4903 0.8187 -0.2988
vn 0.3466 0.9234 -0.1647
vn 0.1303 0.9373 -0.3233
vn 0.2209 0.8187 0.5300
vn -0.2281 0.8667 0.4437
vn 0.1101 0.9234 0.3676
vn 0.2209 0.8187 0.5300
vn 0.1101 0.9234 0.3676
vn 0.2998 0.9373 0.1778
vn -0.1467 0.9869 0.0676
vn -0.4010 0.9147 0.0507
vn -0.1623 0.9867 -0.0100
vn 0.0307 0.9869 0.1586
vn -0.0463 0.9147 0.4015
vn -0.0484 0.9867 0.1552
vn 0.1847 0.8876 -0.4220
vn 0.4583 0.7976 -0.3921
vn 0.2809 0.6398 -0.7154
vn 0.2809 0.6398 -0.7154
vn 0.4583 0.7976 -0.3921
vn 0.2769 0.9412 -0.1936
vn 0.3263 0.8876 0.3251
vn 0.1993 0.7976 0.5693
vn 0.5649 0.6398 0.5212
vn 0.5649 0.6398 0.5212
vn 0.1993 0.7976 0.5693
vn 0.0801 0.9412 0.3282
vn 0.4606 0.8876 -0.0057
vn 0.5462 0.7976 0.2559
vn 0.7676 0.6398 -0.0391
vn 0.7676 0.6398 -0.0391
vn 0.5462 0.7976 0.2559
vn 0.2906 0.9412 0.1724
vn 0.4606 0.8876 -0.0057
vn 0.5462 0.7976 0.2559
vn 0.7676 0.6398 -0.0391
vn 0.7676 0.6398 -0.0391
vn 0.5462 0.7976 0.2559
vn 0.2906 0.9412 0.1724
vn 0.4462 0.8876 -0.1142
vn 0.5912 0.7976 0.1198
vn 0.7367 0.6398 -0.2191
vn 0.7367 0.6398 -0.2191
vn 0.5912 0.7976 0.1198
vn 0.3230 0.9412 0.0990
vn -0.0756 0.8876 -0.4544
vn 0.1700 0.7976 -0.5788
vn -0.1551 0.6398 -0.7527
vn -0.1551 0.6398 -0.7527
vn 0.1700 0.7976 -0.5788
vn 0.1263 0.9412 -0.3134
vn 0.3827 0.8876 -0.2564
vn 0.5973 0.7976 -0.0840
vn 0.6216 0.6398 -0.4520
vn 0.6216 0.6398 -0.4520
vn 0.5973 0.7976 -0.0840
vn 0.3376 0.9412 -0.0143
vn -0.0609 0.9869 0.1496
vn -0.2580 0.9147 0.3111
vn -0.1253 0.9867 0.1037
vn -0.1174 0.9869 -0.1110
vn -0.1964 0.9147 -0.3532
vn -0.0512 0.9867 -0.1543
vn -0.1614 0.9869 0.0062
vn -0.3898 0.9147 -0.1067
vn -0.1461 0.9867 -0.0714
vn -0.1554 0.9869 0.0441
vn -0.4040 0.9147 -0.0117
vn -0.1588 0.9867 -0.0349
vn 0.3827 0.8876 -0.2564
vn 0.5973 0.7976 -0.0840
vn 0.6216 0.6398 -0.4520
vn 0.6216 0.6398 -0.4520
vn 0.5973 0.7976 -0.0840
vn 0.3376 0.9412 -0.0143
vn -0.1318 0.9869 0.0934
vn -0.3848 0.9147 0.1235
vn -0.1614 0.9867 0.0200
vn -0.1614 0.9869 0.0062
vn -0.3898 0.9147 -0.1067
vn -0.1461 0.9867 -0.0714
vn 0.0307 0.9869 0.1586
vn -0.0463 0.9147 0.4015
vn -0.0484 0.9867 0.1552
vn -0.1015 0.8569 -0.5053
vn 0.1327 0.7864 -0.6032
vn 0.1303 0.9373 -0.3233
vn -0.1015 0.8569 -0.5053
vn 0.1303 0.9373 -0.3233
vn -0.0378 0.9904 -0.1330
vn -0.1318 0.9869 0.0934
vn -0.3848 0.9147 0.1235
vn -0.1614 0.9867 0.0200
vn 0.5149 0.8569 -0.0237
vn 0.5761 0.7864 0.2227
vn 0.2998 0.9373 0.1778
vn 0.5149 0.8569 -0.0237
vn 0.2998 0.9373 0.1778
vn 0.1372 0.9904 -0.0171
vn -0.2227 0.8876 -0.4032
vn -0.0325 0.7976 -0.6023
vn -0.3970 0.6398 -0.6581
vn -0.3970 0.6398 -0.6581
vn -0.0325 0.7976 -0.6023
vn 0.0147 0.9412 -0.3376
vn 0.2251 0.8876 -0.4019
vn 0.4945 0.7976 -0.3454
vn 0.3495 0.6398 -0.6845
vn 0.3495 0.6398 -0.6845
vn 0.4945 0.7976 -0.3454
vn 0.2945 0.9412 -0.1656
vn -0.2359 0.8876 -0.3956
vn -0.0525 0.7976 -0.6009
vn -0.4187 0.6398 -0.6445
vn -0.4187 0.6398 -0.6445
vn -0.0525 0.7976 -0.6009
vn 0.0035 0.9412 -0.3379
vn 0.0818 0.9869 0.1393
vn 0.0901 0.9147 0.3940
vn 0.0061 0.9867 0.1625
vn 0.3535 0.8876 0.2953
vn 0.2483 0.7976 0.5497
vn 0.6083 0.6398 0.4698
vn 0.6083 0.6398 0.4698
vn 0.2483 0.7976 0.5497
vn 0.1085 0.9412 0.3200
vn 0.4071 0.8187 0.4049
vn -0.0408 0.8667 0.4972
vn 0.2425 0.9234 0.2974
vn 0.4071 0.8187 0.4049
vn 0.2425 0.9234 0.2974
vn 0.3448 0.9377 0.0439
vn 0.4903 0.8187 -0.2988
vn 0.4732 0.8667 0.1581
vn 0.3466 0.9234 -0.1647
vn 0.4903 0.8187 -0.2988
vn 0.3466 0.9234 -0.1647
vn 0.1248 0.9377 -0.3244
vn -0.0756 0.8876 -0.4544
vn 0.1700 0.7976 -0.5787
vn -0.1551 0.6398 -0.7527
vn -0.1551 0.6398 -0.7527
vn 0.1700 0.7976 -0.5787
vn 0.1263 0.9412 -0.3134
vn 0.1597 0.8876 -0.4321
vn 0.4346 0.7976 -0.4183
vn 0.2386 0.6398 -0.7306
vn 0.2386 0.6398 -0.7306
vn 0.4346 0.7976 -0.4183
vn 0.2651 0.9412 -0.2095
vn 0.3627 0.8187 -0.4451
vn 0.4988 0.8667 -0.0085
vn 0.2720 0.9234 -0.2707
vn 0.3627 0.8187 -0.4451
vn 0.2720 0.9234 -0.2707
vn 0.0096 0.9377 -0.3474
vn 0.4462 0.8876 -0.1143
vn 0.5912 0.7976 0.1198
vn 0.7367 0.6398 -0.2191
vn 0.7367 0.6398 -0.2191
vn 0.5912 0.7976 0.1198
vn 0.3230 0.9412 0.0990
vn 0.0622 0.8876 -0.4564
vn 0.3336 0.7976 -0.5026
vn 0.0744 0.6398 -0.7649
vn 0.0744 0.6398 -0.7649
vn 0.3336 0.7976 -0.5026
vn 0.2133 0.9412 -0.2620
vn -0.2226 0.8876 -0.4032
vn -0.0325 0.7976 -0.6023
vn -0.3970 0.6398 -0.6581
vn -0.3970 0.6398 -0.6581
vn -0.0325 0.7976 -0.6023
vn 0.0147 0.9412 -0.3376
vn 0.0863 0.9869 0.1365
vn 0.1031 0.9147 0.3908
vn 0.0115 0.9867 0.1622
# 3573 vertex normals

vt 0.3621 0.3311 0.0000
vt 0.4053 0.3203 0.0000
vt 0.3931 0.2744 0.0000
vt 0.3621 0.3311 0.0000
vt 0.4053 0.3203 0.0000
vt 0.3931 0.2744 0.0000
vt 0.3621 0.3311 0.0000
vt 0.4053 0.3203 0.0000
vt 0.3931 0.2744 0.0000
vt 0.3621 0.3311 0.0000
vt 0.4053 0.3203 0.0000
vt 0.3931 0.2744 0.0000
vt 0.3621 0.3311 0.0000
vt 0.4053 0.3203 0.0000
vt 0.3931 0.2744 0.0000
vt 0.3621 0.3311 0.0000
vt 0.4053 0.3203 0.0000
vt 0.3931 0.2744 0.0000
vt 0.3621 0.3311 0.0000
vt 0.4053 0.3203 0.0000
vt 0.3931 0.2744 0.0000
vt 0.3621 0.3311 0.0000
vt 0.4053 0.3203 0.0000
vt 0.3931 0.2744 0.0000
vt 0.3621 0.3311 0.0000
vt 0.4053 0.3203 0.0000
vt 0.3931 0.2744 0.0000
vt 0.3621 0.3311 0.0000
vt 0.4053 0.3203 0.0000
vt 0.3931 0.2744 0.0000
vt 0.3621 0.3311 0.0000
vt 0.4053 0.3203 0.0000
vt 0.3931 0.2744 0.0000
vt 0.3931 0.2744 0.0000
vt 0.4368 0.3057 0.0000
vt 0.3621 0.3311 0.0000
vt 0.3621 0.3311 0.0000
vt 0.4053 0.3203 0.0000
vt 0.3931 0.2744 0.0000
vt 0.3621 0.3311 0.0000
vt 0.4053 0.3203 0.0000
vt 0.3931 0.2744 0.0000
vt 0.3621 0.3311 0.0000
vt 0.4053 0.3203 0.0000
vt 0.3931 0.2744 0.0000
vt 0.3621 0.3311 0.0000
vt 0.4053 0.3203 0.0000
vt 0.3931 0.2744 0.0000
vt 0.3621 0.3311 0.0000
vt 0.4053 0.3203 0.0000
vt 0.3931 0.2744 0.0000
vt 0.3621 0.3311 0.0000
vt 0.4053 0.3203 0.0000
vt 0.3931 0.2744 0.0000
vt 0.3931 0.2744 0.0000
vt 0.4368 0.3057 0.0000
vt 0.3621 0.3311 0.0000
vt 0.3621 0.3311 0.0000
vt 0.4053 0.3203 0.0000
vt 0.3931 0.2744 0.0000
vt 0.4368 0.3057 0.0000
vt 0.4368 0.3057 0.0000
vt 0.4368 0.3057 0.0000
vt 0.3621 0.3311 0.0000
vt 0.3931 0.2744 0.0000
vt 0.4368 0.3057 0.0000
vt 0.4023 0.3535 0.0000
vt 0.3931 0.2744 0.0000
vt 0.4368 0.3057 0.0000
vt 0.3621 0.3311 0.0000
vt 0.3931 0.2744 0.0000
vt 0.4368 0.3057 0.0000
vt 0.3621 0.3311 0.0000
vt 0.3931 0.2744 0.0000
vt 0.4368 0.3057 0.0000
vt 0.4368 0.3057 0.0000
vt 0.4368 0.3057 0.0000
vt 0.3621 0.3311 0.0000
vt 0.3931 0.2744 0.0000
vt 0.4368 0.3057 0.0000
vt 0.4368 0.3057 0.0000
vt 0.4368 0.3057 0.0000
vt 0.4368 0.3057 0.0000
vt 0.4023 0.3535 0.0000
vt 0.4053 0.3203 0.0000
vt 0.4023 0.3535 0.0000
vt 0.4368 0.3057 0.0000
vt 0.3621 0.3311 0.0000
vt 0.3931 0.2744 0.0000
vt 0.4368 0.3057 0.0000
vt 0.4368 0.3057 0.0000
vt 0.4368 0.3057 0.0000
vt 0.4053 0.3203 0.0000
vt 0.4023 0.3535 0.0000
vt 0.4023 0.3535 0.0000
vt 0.4368 0.3057 0.0000
vt 0.4368 0.3057 0.0000
vt 0.4368 0.3057 0.0000
vt 0.4368 0.3057 0.0000
vt 0.4368 0.3057 0.0000
vt 0.4023 0.3535 0.0000
vt 0.4023 0.3535 0.0000
vt 0.4368 0.3057 0.0000
vt 0.4023 0.3535 0.0000
vt 0.4023 0.3535 0.0000
vt 0.4368 0.3057 0.0000
vt 0.4023 0.3535 0.0000
vt 0.4023 0.3535 0.0000
vt 0.4023 0.3535 0.0000
vt 0.4023 0.3535 0.0000
vt 0.4023 0.3535 0.0000
vt 0.4023 0.3535 0.0000
vt 0.4023 0.3535 0.0000
vt 0.4023 0.3535 0.0000
vt 0.4023 0.3535 0.0000
vt 0.4023 0.3535 0.0000
vt 0.3621 0.3311 0.0000
vt 0.4023 0.3535 0.0000
vt 0.4023 0.3535 0.0000
vt 0.4023 0.3535 0.0000
vt 0.4023 0.3535 0.0000
vt 0.4023 0.3535 0.0000
vt 0.4023 0.3535 0.0000
vt 0.4023 0.3535 0.0000
vt 0.4053 0.3203 0.0000
vt 0.4209 0.3218 0.0000
vt 0.3857 0.3149 0.0000
vt 0.3857 0.3149 0.0000
vt 0.3857 0.3149 0.0000
vt 0.3857 0.3149 0.0000
vt 0.4209 0.3218 0.0000
vt 0.4209 0.3218 0.0000
vt 0.3892 0.3252 0.0000
vt 0.4209 0.3218 0.0000
vt 0.4209 0.3218 0.0000
vt 0.4209 0.3218 0.0000
vt 0.3630 0.3091 0.0000
vt 0.4209 0.3218 0.0000
vt 0.3630 0.3091 0.0000
vt 0.4209 0.3218 0.0000
vt 0.4209 0.3218 0.0000
vt 0.4197 0.2842 0.0000
vt 0.4197 0.2842 0.0000
vt 0.4209 0.3218 0.0000
vt 0.3630 0.3091 0.0000
vt 0.3630 0.3091 0.0000
vt 0.4209 0.3218 0.0000
vt 0.4209 0.3218 0.0000
vt 0.4209 0.3218 0.0000
vt 0.4209 0.3218 0.0000
vt 0.3630 0.3091 0.0000
vt 0.3630 0.3091 0.0000
vt 0.3630 0.3091 0.0000
vt 0.3630 0.3091 0.0000
vt 0.4209 0.3218 0.0000
vt 0.4209 0.3218 0.0000
vt 0.3892 0.3252 0.0000
vt 0.4209 0.3218 0.0000
vt 0.4197 0.2842 0.0000
vt 0.4209 0.3218 0.0000
vt 0.4197 0.2842 0.0000
vt 0.4197 0.2842 0.0000
vt 0.3630 0.3091 0.0000
vt 0.4209 0.3218 0.0000
vt 0.4209 0.3218 0.0000
vt 0.4209 0.3218 0.0000
vt 0.4209 0.3218 0.0000
vt 0.4209 0.3218 0.0000
vt 0.3630 0.3091 0.0000
vt 0.3630 0.3091 0.0000
vt 0.4197 0.2842 0.0000
vt 0.3794 0.3286 0.0000
vt 0.4197 0.2842 0.0000
vt 0.4197 0.2842 0.0000
vt 0.4197 0.2842 0.0000
vt 0.4197 0.2842 0.0000
vt 0.4197 0.2842 0.0000
vt 0.4197 0.2842 0.0000
vt 0.3794 0.3286 0.0000
vt 0.3630 0.3091 0.0000
vt 0.3630 0.3091 0.0000
vt 0.3630 0.3091 0.0000
vt 0.3630 0.3091 0.0000
vt 0.3630 0.3091 0.0000
vt 0.4209 0.3218 0.0000
vt 0.4197 0.2842 0.0000
vt 0.4209 0.3218 0.0000
vt 0.3975 0.2881 0.0000
vt 0.3975 0.2881 0.0000
vt 0.3630 0.3091 0.0000
vt 0.4197 0.2842 0.0000
vt 0.4197 0.2842 0.0000
vt 0.3630 0.3091 0.0000
vt 0.4197 0.2842 0.0000
vt 0.4197 0.2842 0.0000
vt 0.4214 0.3145 0.0000
vt 0.3997 0.3413 0.0000
vt 0.3997 0.3413 0.0000
vt 0.3997 0.3413 0.0000
vt 0.4197 0.2842 0.0000
vt 0.4197 0.2842 0.0000
vt 0.4197 0.2842 0.0000
vt 0.4197 0.2842 0.0000
vt 0.4197 0.2842 0.0000
vt 0.4197 0.2842 0.0000
vt 0.4197 0.2842 0.0000
vt 0.3997 0.3413 0.0000
vt 0.4053 0.3203 0.0000
vt 0.3794 0.3286 0.0000
vt 0.3794 0.3286 0.0000
vt 0.4197 0.2842 0.0000
vt 0.3997 0.3413 0.0000
vt 0.4197 0.2842 0.0000
vt 0.3975 0.2881 0.0000
vt 0.3975 0.2881 0.0000
vt 0.3975 0.2881 0.0000
vt 0.3735 0.3125 0.0000
vt 0.3794 0.3286 0.0000
vt 0.3794 0.3286 0.0000
vt 0.3794 0.3286 0.0000
vt 0.3794 0.3286 0.0000
vt 0.3997 0.3413 0.0000
vt 0.3997 0.3413 0.0000
vt 0.3975 0.2881 0.0000
vt 0.3975 0.2881 0.0000
vt 0.3975 0.2881 0.0000
vt 0.3975 0.2881 0.0000
vt 0.3975 0.2881 0.0000
vt 0.3975 0.2881 0.0000
vt 0.3975 0.2881 0.0000
vt 0.3794 0.3286 0.0000
vt 0.3735 0.3125 0.0000
vt 0.3975 0.2881 0.0000
vt 0.3794 0.3286 0.0000
vt 0.3794 0.3286 0.0000
vt 0.3975 0.2881 0.0000
vt 0.3630 0.3091 0.0000
vt 0.3794 0.3286 0.0000
vt 0.3794 0.3286 0.0000
vt 0.3794 0.3286 0.0000
vt 0.3794 0.3286 0.0000
vt 0.3794 0.3286 0.0000
vt 0.3975 0.2881 0.0000
vt 0.3975 0.2881 0.0000
vt 0.3975 0.2881 0.0000
vt 0.3975 0.2881 0.0000
vt 0.3975 0.2881 0.0000
vt 0.3794 0.3286 0.0000
vt 0.3975 0.2881 0.0000
vt 0.3975 0.2881 0.0000
vt 0.3975 0.2881 0.0000
vt 0.3975 0.2881 0.0000
vt 0.3975 0.2881 0.0000
vt 0.3630 0.3091 0.0000
vt 0.4202 0.3457 0.0000
vt 0.3630 0.3091 0.0000
vt 0.4202 0.3457 0.0000
vt 0.4338 0.3262 0.0000
vt 0.3748 0.2891 0.0000
vt 0.3794 0.3286 0.0000
vt 0.4338 0.3262 0.0000
vt 0.3748 0.2891 0.0000
vt 0.3630 0.3091 0.0000
vt 0.3975 0.2881 0.0000
vt 0.4050 0.3320 0.0000
vt 0.4050 0.3320 0.0000
vt 0.3975 0.2881 0.0000
vt 0.4053 0.3203 0.0000
vt 0.4053 0.3203 0.0000
vt 0.3630 0.3091 0.0000
vt 0.4214 0.3145 0.0000
vt 0.3857 0.3149 0.0000
vt 0.3630 0.3091 0.0000
vt 0.4214 0.3145 0.0000
vt 0.3857 0.3149 0.0000
vt 0.3892 0.3252 0.0000
vt 0.4053 0.3203 0.0000
vt 0.4202 0.3457 0.0000
vt 0.3997 0.3413 0.0000
vt 0.4202 0.3457 0.0000
vt 0.4202 0.3457 0.0000
vt 0.4338 0.3262 0.0000
vt 0.4338 0.3262 0.0000
vt 0.4338 0.3262 0.0000
vt 0.3748 0.2891 0.0000
vt 0.3748 0.2891 0.0000
vt 0.3748 0.2891 0.0000
vt 0.4202 0.3457 0.0000
vt 0.4050 0.3320 0.0000
vt 0.4202 0.3457 0.0000
vt 0.4202 0.3457 0.0000
vt 0.4050 0.3320 0.0000
vt 0.4202 0.3457 0.0000
vt 0.4202 0.3457 0.0000
vt 0.4202 0.3457 0.0000
vt 0.4202 0.3457 0.0000
vt 0.3892 0.3252 0.0000
vt 0.4338 0.3262 0.0000
vt 0.4338 0.3262 0.0000
vt 0.4338 0.3262 0.0000
vt 0.4338 0.3262 0.0000
vt 0.4338 0.3262 0.0000
vt 0.4338 0.3262 0.0000
vt 0.4338 0.3262 0.0000
vt 0.3748 0.2891 0.0000
vt 0.3748 0.2891 0.0000
vt 0.3748 0.2891 0.0000
vt 0.3748 0.2891 0.0000
vt 0.3748 0.2891 0.0000
vt 0.3748 0.2891 0.0000
vt 0.3748 0.2891 0.0000
vt 0.4053 0.3203 0.0000
vt 0.4202 0.3457 0.0000
vt 0.4338 0.3262 0.0000
vt 0.3748 0.2891 0.0000
vt 0.4050 0.3320 0.0000
vt 0.4050 0.3320 0.0000
vt 0.4050 0.3320 0.0000
vt 0.4050 0.3320 0.0000
vt 0.4214 0.3145 0.0000
vt 0.4214 0.3145 0.0000
vt 0.4202 0.3457 0.0000
vt 0.3857 0.3149 0.0000
vt 0.3857 0.3149 0.0000
vt 0.4214 0.3145 0.0000
vt 0.4202 0.3457 0.0000
vt 0.4338 0.3262 0.0000
vt 0.3748 0.2891 0.0000
vt 0.4202 0.3457 0.0000
vt 0.4338 0.3262 0.0000
vt 0.4202 0.3457 0.0000
vt 0.3748 0.2891 0.0000
vt 0.4150 0.3276 0.0000
vt 0.4338 0.3262 0.0000
vt 0.3748 0.2891 0.0000
vt 0.4338 0.3262 0.0000
vt 0.3748 0.2891 0.0000
vt 0.4214 0.3145 0.0000
vt 0.4214 0.3145 0.0000
vt 0.4214 0.3145 0.0000
vt 0.4202 0.3457 0.0000
vt 0.4202 0.3457 0.0000
vt 0.4214 0.3145 0.0000
vt 0.4202 0.3457 0.0000
vt 0.4050 0.3320 0.0000
vt 0.3857 0.3149 0.0000
vt 0.3857 0.3149 0.0000
vt 0.3857 0.3149 0.0000
vt 0.3857 0.3149 0.0000
vt 0.4202 0.3457 0.0000
vt 0.4202 0.3457 0.0000
vt 0.4202 0.3457 0.0000
vt 0.4214 0.3145 0.0000
vt 0.4202 0.3457 0.0000
vt 0.4214 0.3145 0.0000
vt 0.4214 0.3145 0.0000
vt 0.4338 0.3262 0.0000
vt 0.4338 0.3262 0.0000
vt 0.4338 0.3262 0.0000
vt 0.4338 0.3262 0.0000
vt 0.4338 0.3262 0.0000
vt 0.4338 0.3262 0.0000
vt 0.4338 0.3262 0.0000
vt 0.3748 0.2891 0.0000
vt 0.3748 0.2891 0.0000
vt 0.3748 0.2891 0.0000
vt 0.3748 0.2891 0.0000
vt 0.3748 0.2891 0.0000
vt 0.3748 0.2891 0.0000
vt 0.3748 0.2891 0.0000
vt 0.4050 0.3320 0.0000
vt 0.4214 0.3145 0.0000
vt 0.4050 0.3320 0.0000
vt 0.4202 0.3457 0.0000
vt 0.4050 0.3320 0.0000
vt 0.4050 0.3320 0.0000
vt 0.4050 0.3320 0.0000
vt 0.4050 0.3320 0.0000
vt 0.4050 0.3320 0.0000
vt 0.4214 0.3145 0.0000
vt 0.3857 0.3149 0.0000
vt 0.4338 0.3262 0.0000
vt 0.3748 0.2891 0.0000
vt 0.4202 0.3457 0.0000
vt 0.4214 0.3145 0.0000
vt 0.3630 0.3091 0.0000
vt 0.4214 0.3145 0.0000
vt 0.3857 0.3149 0.0000
vt 0.4338 0.3262 0.0000
vt 0.3748 0.2891 0.0000
vt 0.4214 0.3145 0.0000
vt 0.3857 0.3149 0.0000
vt 0.4050 0.3320 0.0000
vt 0.4214 0.3145 0.0000
vt 0.4214 0.3145 0.0000
vt 0.4214 0.3145 0.0000
vt 0.3857 0.3149 0.0000
vt 0.4214 0.3145 0.0000
vt 0.4214 0.3145 0.0000
vt 0.3857 0.3149 0.0000
vt 0.3857 0.3149 0.0000
vt 0.4214 0.3145 0.0000
vt 0.3857 0.3149 0.0000
vt 0.3857 0.3149 0.0000
vt 0.3997 0.3413 0.0000
vt 0.3997 0.3413 0.0000
vt 0.4050 0.3320 0.0000
vt 0.3630 0.3091 0.0000
vt 0.4214 0.3145 0.0000
vt 0.3857 0.3149 0.0000
vt 0.4214 0.3145 0.0000
vt 0.3857 0.3149 0.0000
vt 0.3811 0.2959 0.0000
vt 0.3811 0.2959 0.0000
vt 0.3997 0.3413 0.0000
vt 0.3997 0.3413 0.0000
vt 0.3857 0.3149 0.0000
vt 0.3735 0.3125 0.0000
vt 0.3997 0.3413 0.0000
vt 0.3997 0.3413 0.0000
vt 0.3997 0.3413 0.0000
vt 0.3997 0.3413 0.0000
vt 0.3735 0.3125 0.0000
vt 0.3735 0.3125 0.0000
vt 0.3997 0.3413 0.0000
vt 0.3811 0.2959 0.0000
vt 0.3811 0.2959 0.0000
vt 0.3811 0.2959 0.0000
vt 0.3735 0.3125 0.0000
vt 0.3997 0.3413 0.0000
vt 0.3997 0.3413 0.0000
vt 0.4009 0.2954 0.0000
vt 0.4009 0.2954 0.0000
vt 0.3997 0.3413 0.0000
vt 0.3811 0.2959 0.0000
vt 0.3997 0.3413 0.0000
vt 0.3997 0.3413 0.0000
vt 0.3997 0.3413 0.0000
vt 0.3811 0.2959 0.0000
vt 0.3811 0.2959 0.0000
vt 0.3811 0.2959 0.0000
vt 0.3811 0.2959 0.0000
vt 0.3997 0.3413 0.0000
vt 0.3811 0.2959 0.0000
vt 0.3811 0.2959 0.0000
vt 0.3857 0.3149 0.0000
vt 0.3811 0.2959 0.0000
vt 0.3735 0.3125 0.0000
vt 0.3735 0.3125 0.0000
vt 0.3997 0.3413 0.0000
vt 0.4150 0.3276 0.0000
vt 0.4150 0.3276 0.0000
vt 0.3811 0.2959 0.0000
vt 0.3997 0.3413 0.0000
vt 0.3811 0.2959 0.0000
vt 0.3811 0.2959 0.0000
vt 0.3811 0.2959 0.0000
vt 0.4050 0.3320 0.0000
vt 0.4050 0.3320 0.0000
vt 0.4050 0.3320 0.0000
vt 0.3811 0.2959 0.0000
vt 0.3811 0.2959 0.0000
vt 0.3811 0.2959 0.0000
vt 0.3811 0.2959 0.0000
vt 0.3811 0.2959 0.0000
vt 0.3811 0.2959 0.0000
vt 0.3811 0.2959 0.0000
vt 0.4277 0.3242 0.0000
vt 0.4277 0.3242 0.0000
vt 0.4050 0.3320 0.0000
vt 0.4009 0.2954 0.0000
vt 0.4009 0.2954 0.0000
vt 0.4009 0.2954 0.0000
vt 0.4167 0.3384 0.0000
vt 0.4167 0.3384 0.0000
vt 0.3735 0.3125 0.0000
vt 0.3735 0.3125 0.0000
vt 0.4290 0.3066 0.0000
vt 0.3811 0.2959 0.0000
vt 0.4290 0.3066 0.0000
vt 0.4050 0.3320 0.0000
vt 0.3892 0.3252 0.0000
vt 0.3892 0.3252 0.0000
vt 0.3811 0.2959 0.0000
vt 0.4009 0.2954 0.0000
vt 0.4009 0.2954 0.0000
vt 0.4009 0.2954 0.0000
vt 0.4009 0.2954 0.0000
vt 0.4009 0.2954 0.0000
vt 0.4009 0.2954 0.0000
vt 0.4009 0.2954 0.0000
vt 0.4150 0.3276 0.0000
vt 0.4150 0.3276 0.0000
vt 0.4150 0.3276 0.0000
vt 0.4050 0.3320 0.0000
vt 0.3892 0.3252 0.0000
vt 0.4209 0.3218 0.0000
vt 0.4009 0.2954 0.0000
vt 0.3892 0.3252 0.0000
vt 0.3892 0.3252 0.0000
vt 0.4050 0.3320 0.0000
vt 0.4009 0.2954 0.0000
vt 0.4150 0.3276 0.0000
vt 0.4150 0.3276 0.0000
vt 0.4150 0.3276 0.0000
vt 0.4150 0.3276 0.0000
vt 0.4150 0.3276 0.0000
vt 0.4150 0.3276 0.0000
vt 0.4150 0.3276 0.0000
vt 0.4277 0.3242 0.0000
vt 0.4277 0.3242 0.0000
vt 0.4277 0.3242 0.0000
vt 0.4009 0.2954 0.0000
vt 0.4150 0.3276 0.0000
vt 0.4009 0.2954 0.0000
vt 0.4009 0.2954 0.0000
vt 0.4167 0.3384 0.0000
vt 0.4167 0.3384 0.0000
vt 0.3857 0.3149 0.0000
vt 0.4167 0.3384 0.0000
vt 0.3735 0.3125 0.0000
vt 0.3735 0.3125 0.0000
vt 0.3892 0.3252 0.0000
vt 0.4290 0.3066 0.0000
vt 0.4290 0.3066 0.0000
vt 0.4290 0.3066 0.0000
vt 0.4009 0.2954 0.0000
vt 0.4009 0.2954 0.0000
vt 0.4009 0.2954 0.0000
vt 0.4009 0.2954 0.0000
vt 0.4009 0.2954 0.0000
vt 0.4009 0.2954 0.0000
vt 0.4009 0.2954 0.0000
vt 0.4150 0.3276 0.0000
vt 0.4277 0.3242 0.0000
vt 0.4277 0.3242 0.0000
vt 0.4277 0.3242 0.0000
vt 0.4277 0.3242 0.0000
vt 0.4277 0.3242 0.0000
vt 0.4277 0.3242 0.0000
vt 0.4277 0.3242 0.0000
vt 0.4150 0.3276 0.0000
vt 0.4167 0.3384 0.0000
vt 0.4150 0.3276 0.0000
vt 0.4167 0.3384 0.0000
vt 0.4167 0.3384 0.0000
vt 0.4167 0.3384 0.0000
vt 0.4167 0.3384 0.0000
vt 0.4167 0.3384 0.0000
vt 0.4167 0.3384 0.0000
vt 0.4150 0.3276 0.0000
vt 0.4009 0.2954 0.0000
vt 0.3735 0.3125 0.0000
vt 0.3735 0.3125 0.0000
vt 0.3735 0.3125 0.0000
vt 0.3735 0.3125 0.0000
vt 0.4277 0.3242 0.0000
vt 0.4290 0.3066 0.0000
vt 0.4290 0.3066 0.0000
vt 0.4290 0.3066 0.0000
vt 0.4290 0.3066 0.0000
vt 0.4290 0.3066 0.0000
vt 0.4290 0.3066 0.0000
vt 0.4290 0.3066 0.0000
vt 0.3857 0.3149 0.0000
vt 0.3794 0.3286 0.0000
vt 0.3892 0.3252 0.0000
vt 0.4150 0.3276 0.0000
vt 0.4150 0.3276 0.0000
vt 0.3892 0.3252 0.0000
vt 0.4150 0.3276 0.0000
vt 0.4150 0.3276 0.0000
vt 0.4150 0.3276 0.0000
vt 0.4290 0.3066 0.0000
vt 0.4150 0.3276 0.0000
vt 0.4167 0.3384 0.0000
vt 0.4009 0.2954 0.0000
vt 0.4277 0.3242 0.0000
vt 0.4131 0.3081 0.0000
vt 0.4131 0.3081 0.0000
vt 0.4277 0.3242 0.0000
vt 0.3960 0.3076 0.0000
vt 0.4167 0.3384 0.0000
vt 0.3960 0.3076 0.0000
vt 0.4277 0.3242 0.0000
vt 0.3735 0.3125 0.0000
vt 0.4277 0.3242 0.0000
vt 0.4150 0.3276 0.0000
vt 0.4290 0.3066 0.0000
vt 0.4167 0.3384 0.0000
vt 0.3794 0.3286 0.0000
vt 0.3794 0.3286 0.0000
vt 0.3794 0.3286 0.0000
vt 0.3892 0.3252 0.0000
vt 0.3892 0.3252 0.0000
vt 0.3892 0.3252 0.0000
vt 0.3892 0.3252 0.0000
vt 0.4167 0.3384 0.0000
vt 0.4290 0.3066 0.0000
vt 0.4167 0.3384 0.0000
vt 0.4277 0.3242 0.0000
vt 0.4277 0.3242 0.0000
vt 0.3735 0.3125 0.0000
vt 0.4277 0.3242 0.0000
vt 0.4277 0.3242 0.0000
vt 0.4277 0.3242 0.0000
vt 0.4277 0.3242 0.0000
vt 0.4277 0.3242 0.0000
vt 0.3735 0.3125 0.0000
vt 0.4150 0.3276 0.0000
vt 0.4290 0.3066 0.0000
vt 0.4290 0.3066 0.0000
vt 0.3794 0.3286 0.0000
vt 0.4167 0.3384 0.0000
vt 0.4167 0.3384 0.0000
vt 0.4167 0.3384 0.0000
vt 0.4167 0.3384 0.0000
vt 0.4167 0.3384 0.0000
vt 0.4167 0.3384 0.0000
vt 0.4167 0.3384 0.0000
vt 0.3735 0.3125 0.0000
vt 0.3735 0.3125 0.0000
vt 0.3735 0.3125 0.0000
vt 0.4290 0.3066 0.0000
vt 0.3735 0.3125 0.0000
vt 0.3735 0.3125 0.0000
vt 0.4290 0.3066 0.0000
vt 0.4290 0.3066 0.0000
vt 0.4290 0.3066 0.0000
vt 0.4290 0.3066 0.0000
vt 0.4290 0.3066 0.0000
vt 0.4290 0.3066 0.0000
vt 0.4277 0.3242 0.0000
vt 0.3892 0.3252 0.0000
vt 0.4167 0.3384 0.0000
vt 0.3794 0.3286 0.0000
vt 0.4277 0.3242 0.0000
vt 0.3735 0.3125 0.0000
vt 0.3892 0.3252 0.0000
vt 0.4290 0.3066 0.0000
vt 0.3892 0.3252 0.0000
vt 0.4167 0.3384 0.0000
vt 0.3794 0.3286 0.0000
vt 0.3794 0.3286 0.0000
vt 0.3735 0.3125 0.0000
vt 0.3892 0.3252 0.0000
vt 0.4131 0.3081 0.0000
vt 0.4131 0.3081 0.0000
vt 0.3892 0.3252 0.0000
vt 0.4131 0.3081 0.0000
vt 0.3892 0.3252 0.0000
vt 0.3892 0.3252 0.0000
vt 0.4290 0.3066 0.0000
vt 0.3892 0.3252 0.0000
vt 0.3960 0.3076 0.0000
vt 0.3960 0.3076 0.0000
vt 0.3960 0.3076 0.0000
vt 0.3892 0.3252 0.0000
vt 0.4131 0.3081 0.0000
vt 0.4131 0.3081 0.0000
vt 0.4131 0.3081 0.0000
vt 0.4131 0.3081 0.0000
vt 0.4131 0.3081 0.0000
vt 0.4131 0.3081 0.0000
vt 0.4131 0.3081 0.0000
vt 0.3960 0.3076 0.0000
vt 0.3960 0.3076 0.0000
vt 0.3960 0.3076 0.0000
vt 0.3960 0.3076 0.0000
vt 0.3960 0.3076 0.0000
vt 0.3960 0.3076 0.0000
vt 0.3960 0.3076 0.0000
vt 0.3892 0.3252 0.0000
vt 0.3960 0.3076 0.0000
vt 0.4131 0.3081 0.0000
vt 0.4131 0.3081 0.0000
vt 0.4050 0.3320 0.0000
vt 0.4138 0.3008 0.0000
vt 0.4131 0.3081 0.0000
vt 0.3960 0.3076 0.0000
vt 0.4138 0.3008 0.0000
vt 0.4131 0.3081 0.0000
vt 0.3960 0.3076 0.0000
vt 0.4131 0.3081 0.0000
vt 0.3845 0.3452 0.0000
vt 0.3960 0.3076 0.0000
vt 0.3845 0.3452 0.0000
vt 0.4131 0.3081 0.0000
vt 0.3960 0.3076 0.0000
vt 0.4131 0.3081 0.0000
vt 0.4131 0.3081 0.0000
vt 0.4131 0.3081 0.0000
vt 0.4131 0.3081 0.0000
vt 0.4131 0.3081 0.0000
vt 0.4131 0.3081 0.0000
vt 0.3960 0.3076 0.0000
vt 0.3960 0.3076 0.0000
vt 0.3960 0.3076 0.0000
vt 0.3960 0.3076 0.0000
vt 0.3960 0.3076 0.0000
vt 0.3960 0.3076 0.0000
vt 0.3960 0.3076 0.0000
vt 0.4131 0.3081 0.0000
vt 0.3960 0.3076 0.0000
vt 0.4131 0.3081 0.0000
vt 0.3960 0.3076 0.0000
vt 0.3845 0.3452 0.0000
vt 0.4138 0.3008 0.0000
vt 0.4138 0.3008 0.0000
vt 0.4138 0.3008 0.0000
vt 0.3884 0.3008 0.0000
vt 0.3884 0.3008 0.0000
vt 0.3845 0.3452 0.0000
vt 0.3845 0.3452 0.0000
vt 0.4138 0.3008 0.0000
vt 0.4138 0.3008 0.0000
vt 0.4138 0.3008 0.0000
vt 0.4138 0.3008 0.0000
vt 0.4138 0.3008 0.0000
vt 0.4138 0.3008 0.0000
vt 0.4138 0.3008 0.0000
vt 0.3845 0.3452 0.0000
vt 0.3845 0.3452 0.0000
vt 0.3845 0.3452 0.0000
vt 0.3845 0.3452 0.0000
vt 0.4138 0.3008 0.0000
vt 0.3845 0.3452 0.0000
vt 0.3845 0.3452 0.0000
vt 0.3845 0.3452 0.0000
vt 0.4146 0.2964 0.0000
vt 0.3845 0.3452 0.0000
vt 0.4146 0.2964 0.0000
vt 0.4138 0.3008 0.0000
vt 0.4138 0.3008 0.0000
vt 0.4138 0.3008 0.0000
vt 0.3845 0.3452 0.0000
vt 0.4138 0.3008 0.0000
vt 0.3884 0.3008 0.0000
vt 0.3884 0.3008 0.0000
vt 0.4138 0.3008 0.0000
vt 0.4138 0.3008 0.0000
vt 0.3884 0.3008 0.0000
vt 0.4138 0.3008 0.0000
vt 0.4138 0.3008 0.0000
vt 0.4138 0.3008 0.0000
vt 0.3845 0.3452 0.0000
# 746 texture coords

o SM_Barnacle_Group_03_LOD1
g SM_Barnacle_Group_03_LOD1
usemtl MAT_Sea_Shells
s 1
f 1540/1540/5461 1517/1517/5462 1534/1534/5463 
f 1648/1648/5464 1338/1338/5465 1777/1777/5466 
f 1541/1541/5467 1518/1518/5468 1535/1535/5469 
f 1650/1650/5470 1341/1341/5471 1778/1778/5472 
f 1586/1586/5473 1560/1560/5474 1578/1578/5475 
f 1722/1722/5476 1389/1389/5477 1804/1804/5478 
f 1584/1584/5479 1558/1558/5480 1576/1576/5481 
f 1721/1721/5482 1390/1390/5483 1805/1805/5484 
f 1609/1609/5485 1574/1574/5486 1603/1603/5487 
f 1737/1737/5488 1415/1415/5489 1510/1510/5490 
f 1613/1613/5491 1572/1572/5492 1606/1606/5493 
f 1732/1732/5494 1414/1414/5495 1507/1507/5496 
f 1614/1614/5497 1571/1571/5498 1605/1605/5499 
f 1733/1733/5500 1413/1413/5501 1505/1505/5502 
f 1612/1612/5503 1573/1573/5504 1607/1607/5505 
f 1735/1735/5506 1412/1412/5507 1508/1508/5508 
f 1649/1649/5509 1600/1600/5510 1644/1644/5511 
f 1746/1746/5512 1447/1447/5513 1519/1519/5514 
f 1664/1664/5515 1610/1610/5516 1651/1651/5517 
f 1752/1752/5518 1454/1454/5519 1522/1522/5520 
f 1666/1666/5521 1617/1617/5522 1653/1653/5523 
f 1755/1755/5524 1458/1458/5525 1523/1523/5526 
f 1511/1511/5527 1585/1585/5528 1283/1283/5529 
f 1684/1684/5530 1635/1635/5531 1670/1670/5532 
f 1765/1765/5533 1466/1466/5534 1530/1530/5535 
f 1685/1685/5536 1637/1637/5537 1667/1667/5538 
f 1762/1762/5539 1467/1467/5540 1529/1529/5541 
f 1682/1682/5542 1639/1639/5543 1671/1671/5544 
f 1766/1766/5545 1469/1469/5546 1531/1531/5547 
f 1681/1681/5548 1641/1641/5549 1672/1672/5550 
f 1767/1767/5551 1463/1463/5552 1533/1533/5553 
f 1686/1686/5554 1638/1638/5555 1668/1668/5556 
f 1768/1768/5557 1470/1470/5558 1532/1532/5559 
f 1701/1701/5560 1654/1654/5561 1699/1699/5562 
f 1770/1770/5563 1476/1476/5564 1545/1545/5565 
f 1521/1521/5566 1631/1631/5567 1298/1298/5568 
f 1708/1708/5569 1676/1676/5570 1703/1703/5571 
f 1772/1772/5572 1478/1478/5573 1550/1550/5574 
f 1337/1337/5575 1744/1744/5576 1544/1544/5577 
f 1340/1340/5578 1747/1747/5579 1546/1546/5580 
f 1723/1723/5581 1483/1483/5582 1808/1808/5583 
f 1754/1754/5584 1763/1763/5585 1593/1593/5586 
f 1725/1725/5587 1736/1736/5588 1557/1557/5589 
f 1731/1731/5590 1734/1734/5591 1551/1551/5592 
f 1386/1386/5593 1776/1776/5594 1590/1590/5595 
f 1387/1387/5596 1775/1775/5597 1591/1591/5598 
f 1741/1741/5599 1740/1740/5600 1564/1564/5601 
f 1405/1405/5602 1781/1781/5603 1625/1625/5604 
f 1406/1406/5605 1782/1782/5606 1626/1626/5607 
f 1409/1409/5608 1783/1783/5609 1629/1629/5610 
f 1419/1419/5611 1784/1784/5612 1630/1630/5613 
f 1471/1471/5614 1331/1331/5615 1540/1540/5616 
f 1611/1611/5617 1569/1569/5618 1602/1602/5619 
f 1421/1421/5620 1785/1785/5621 1624/1624/5622 
f 1472/1472/5623 1332/1332/5624 1541/1541/5625 
f 1761/1761/5626 1764/1764/5627 1598/1598/5628 
f 1446/1446/5629 1799/1799/5630 1655/1655/5631 
f 1453/1453/5632 1801/1801/5633 1677/1677/5634 
f 1457/1457/5635 1803/1803/5636 1678/1678/5637 
f 1656/1656/5638 1608/1608/5639 1647/1647/5640 
f 1451/1451/5641 1800/1800/5642 1665/1665/5643 
f 1526/1526/5644 1335/1335/5645 1575/1575/5646 
f 1524/1524/5647 1334/1334/5648 1570/1570/5649 
f 1461/1461/5650 1810/1810/5651 1695/1695/5652 
f 1462/1462/5653 1594/1594/5654 1693/1693/5655 
f 1464/1464/5656 1811/1811/5657 1696/1696/5658 
f 1465/1465/5659 1809/1809/5660 1698/1698/5661 
f 1468/1468/5662 1807/1807/5663 1697/1697/5664 
f 1536/1536/5665 1343/1343/5666 1580/1580/5667 
f 1567/1567/5668 1559/1559/5669 1583/1583/5670 
f 1475/1475/5671 1618/1618/5672 1706/1706/5673 
f 1481/1481/5674 1358/1358/5675 1586/1586/5676 
f 1482/1482/5677 1355/1355/5678 1584/1584/5679 
f 1477/1477/5680 1643/1643/5681 1719/1719/5682 
f 1657/1657/5683 1342/1342/5684 1265/1265/5685 
f 1561/1561/5686 1378/1378/5687 1634/1634/5688 
f 1486/1486/5689 1382/1382/5690 1613/1613/5691 
f 1488/1488/5692 1384/1384/5693 1614/1614/5694 
f 1485/1485/5695 1383/1383/5696 1612/1612/5697 
f 1487/1487/5698 1385/1385/5699 1609/1609/5700 
f 1702/1702/5701 1363/1363/5702 1278/1278/5703 
f 1491/1491/5704 1411/1411/5705 1649/1649/5706 
f 1496/1496/5707 1437/1437/5708 1664/1664/5709 
f 1497/1497/5710 1439/1439/5711 1666/1666/5712 
f 1527/1527/5713 1512/1512/5714 1514/1514/5715 
f 1500/1500/5716 1442/1442/5717 1684/1684/5718 
f 1504/1504/5719 1441/1441/5720 1685/1685/5721 
f 1502/1502/5722 1444/1444/5723 1681/1681/5724 
f 1503/1503/5725 1445/1445/5726 1682/1682/5727 
f 1509/1509/5728 1443/1443/5729 1686/1686/5730 
f 1516/1516/5731 1459/1459/5732 1701/1701/5733 
f 1520/1520/5734 1473/1473/5735 1708/1708/5736 
f 1709/1709/5737 1345/1345/5738 1133/1133/5739 
f 1680/1680/5740 1399/1399/5741 1674/1674/5742 
f 1583/1583/5743 1559/1559/5744 1577/1577/5745 
f 1391/1391/5746 1774/1774/5747 1592/1592/5748 
f 1658/1658/5749 1548/1548/5750 1263/1263/5751 
f 1501/1501/5752 1193/1193/5753 1489/1489/5754 
f 1659/1659/5755 1549/1549/5756 1264/1264/5757 
f 1506/1506/5758 1194/1194/5759 1490/1490/5760 
f 1679/1679/5761 1562/1562/5762 1273/1273/5763 
f 1513/1513/5764 1195/1195/5765 1495/1495/5766 
f 1710/1710/5767 1589/1589/5768 1288/1288/5769 
f 1528/1528/5770 1196/1196/5771 1515/1515/5772 
f 1615/1615/5773 1575/1575/5774 1601/1601/5775 
f 1422/1422/5776 1787/1787/5777 1627/1627/5778 
f 1616/1616/5779 1570/1570/5780 1604/1604/5781 
f 1404/1404/5782 1786/1786/5783 1628/1628/5784 
f 1632/1632/5785 1289/1289/5786 1773/1773/5787 
f 1494/1494/5788 1483/1483/5789 1484/1484/5790 
f 1642/1642/5791 1580/1580/5792 1623/1623/5793 
f 1438/1438/5794 1792/1792/5795 1640/1640/5796 
f 1331/1331/5797 1517/1517/5798 1540/1540/5799 
f 1645/1645/5800 1648/1648/5801 1498/1498/5802 
f 1332/1332/5803 1518/1518/5804 1541/1541/5805 
f 1646/1646/5806 1650/1650/5807 1499/1499/5808 
f 1338/1338/5809 1565/1565/5810 1238/1238/5811 
f 1683/1683/5812 1634/1634/5813 1673/1673/5814 
f 1460/1460/5815 1598/1598/5816 1694/1694/5817 
f 1341/1341/5818 1566/1566/5819 1245/1245/5820 
f 1355/1355/5821 1558/1558/5822 1584/1584/5823 
f 1713/1713/5824 1721/1721/5825 1538/1538/5826 
f 1358/1358/5827 1560/1560/5828 1586/1586/5829 
f 1714/1714/5830 1722/1722/5831 1537/1537/5832 
f 1648/1648/5833 1777/1777/5834 1498/1498/5835 
f 1650/1650/5836 1778/1778/5837 1499/1499/5838 
f 1730/1730/5839 1738/1738/5840 1556/1556/5841 
f 1525/1525/5842 1151/1151/5843 1569/1569/5844 
f 1389/1389/5845 1636/1636/5846 1276/1276/5847 
f 1390/1390/5848 1633/1633/5849 1275/1275/5850 
f 1384/1384/5851 1571/1571/5852 1614/1614/5853 
f 1726/1726/5854 1733/1733/5855 1552/1552/5856 
f 1382/1382/5857 1572/1572/5858 1613/1613/5859 
f 1728/1728/5860 1732/1732/5861 1553/1553/5862 
f 1383/1383/5863 1573/1573/5864 1612/1612/5865 
f 1729/1729/5866 1735/1735/5867 1554/1554/5868 
f 1385/1385/5869 1574/1574/5870 1609/1609/5871 
f 1727/1727/5872 1737/1737/5873 1555/1555/5874 
f 1414/1414/5875 1660/1660/5876 1284/1284/5877 
f 1412/1412/5878 1663/1663/5879 1285/1285/5880 
f 1413/1413/5881 1662/1662/5882 1287/1287/5883 
f 1415/1415/5884 1661/1661/5885 1286/1286/5886 
f 1745/1745/5887 1749/1749/5888 1579/1579/5889 
f 1547/1547/5890 1159/1159/5891 1608/1608/5892 
f 1411/1411/5893 1600/1600/5894 1649/1649/5895 
f 1742/1742/5896 1746/1746/5897 1568/1568/5898 
f 1345/1345/5899 1399/1399/5900 1680/1680/5901 
f 1763/1763/5902 1512/1512/5903 1527/1527/5904 
f 1437/1437/5905 1610/1610/5906 1664/1664/5907 
f 1748/1748/5908 1752/1752/5909 1581/1581/5910 
f 1723/1723/5911 1808/1808/5912 1539/1539/5913 
f 1439/1439/5914 1617/1617/5915 1666/1666/5916 
f 1750/1750/5917 1755/1755/5918 1582/1582/5919 
f 1721/1721/5920 1805/1805/5921 1538/1538/5922 
f 1722/1722/5923 1804/1804/5924 1537/1537/5925 
f 1447/1447/5926 1700/1700/5927 1297/1297/5928 
f 1441/1441/5929 1637/1637/5930 1685/1685/5931 
f 1760/1760/5932 1762/1762/5933 1594/1594/5934 
f 1442/1442/5935 1635/1635/5936 1684/1684/5937 
f 1758/1758/5938 1765/1765/5939 1595/1595/5940 
f 1444/1444/5941 1641/1641/5942 1681/1681/5943 
f 1757/1757/5944 1767/1767/5945 1596/1596/5946 
f 1445/1445/5947 1639/1639/5948 1682/1682/5949 
f 1756/1756/5950 1766/1766/5951 1599/1599/5952 
f 1443/1443/5953 1638/1638/5954 1686/1686/5955 
f 1759/1759/5956 1768/1768/5957 1597/1597/5958 
f 1454/1454/5959 1705/1705/5960 1300/1300/5961 
f 1458/1458/5962 1707/1707/5963 1301/1301/5964 
f 1736/1736/5965 1506/1506/5966 1557/1557/5967 
f 1542/1542/5968 1238/1238/5969 1068/1067/5970 
f 1068/1067/5971 1238/1238/5972 1751/1751/5973 
f 1734/1734/5974 1501/1501/5975 1551/1551/5976 
f 1735/1735/5977 1508/1508/5978 1554/1554/5979 
f 1732/1732/5980 1507/1507/5981 1553/1553/5982 
f 1733/1733/5983 1505/1505/5984 1552/1552/5985 
f 1737/1737/5986 1510/1510/5987 1555/1555/5988 
f 1738/1738/5989 1511/1511/5990 1556/1556/5991 
f 1543/1543/5992 1245/1245/5993 1071/1070/5994 
f 1071/1070/5995 1245/1245/5996 1753/1753/5997 
f 1466/1466/5998 1717/1717/5999 1304/1304/6000 
f 1467/1467/6001 1718/1718/6002 1305/1305/6003 
f 1463/1463/6004 1715/1715/6005 1307/1307/6006 
f 1469/1469/6007 1720/1720/6008 1306/1306/6009 
f 1470/1470/6010 1712/1712/6011 1308/1308/6012 
f 1459/1459/6013 1654/1654/6014 1701/1701/6015 
f 1769/1769/6016 1770/1770/6017 1618/1618/6018 
f 1740/1740/6019 1513/1513/6020 1564/1564/6021 
f 1473/1473/6022 1676/1676/6023 1708/1708/6024 
f 1771/1771/6025 1772/1772/6026 1643/1643/6027 
f 1127/1127/6028 1796/1796/6029 1208/1208/6030 
f 1208/1208/6031 1254/1254/6032 1067/1069/6033 
f 1128/1128/6034 1798/1798/6035 1209/1209/6036 
f 1209/1209/6037 1255/1255/6038 1070/1072/6039 
f 1476/1476/6040 1724/1724/6041 1314/1314/6042 
f 1746/1746/6043 1519/1519/6044 1568/1568/6045 
f 1749/1749/6046 1521/1521/6047 1579/1579/6048 
f 1478/1478/6049 1739/1739/6050 1326/1326/6051 
f 1752/1752/6052 1522/1522/6053 1581/1581/6054 
f 1755/1755/6055 1523/1523/6056 1582/1582/6057 
f 1399/1399/6058 1563/1563/6059 1674/1674/6060 
f 1262/1262/6061 1806/1806/6062 1690/1690/6063 
f 1526/1526/6064 1575/1575/6065 1615/1615/6066 
f 1658/1658/6067 1263/1263/6068 1793/1793/6069 
f 1524/1524/6070 1570/1570/6071 1616/1616/6072 
f 1659/1659/6073 1264/1264/6074 1795/1795/6075 
f 1525/1525/6076 1569/1569/6077 1611/1611/6078 
f 1657/1657/6079 1265/1265/6080 1791/1791/6081 
f 1764/1764/6082 1528/1528/6083 1598/1598/6084 
f 1762/1762/6085 1529/1529/6086 1594/1594/6087 
f 1765/1765/6088 1530/1530/6089 1595/1595/6090 
f 1766/1766/6091 1531/1531/6092 1599/1599/6093 
f 1767/1767/6094 1533/1533/6095 1596/1596/6096 
f 1768/1768/6097 1532/1532/6098 1597/1597/6099 
f 1763/1763/6100 1527/1527/6101 1593/1593/6102 
f 1536/1536/6103 1580/1580/6104 1642/1642/6105 
f 1679/1679/6106 1273/1273/6107 1797/1797/6108 
f 1716/1716/6109 1723/1723/6110 1539/1539/6111 
f 1567/1567/6112 1274/1274/6113 1559/1559/6114 
f 1587/1587/6115 1275/1275/6116 1077/1076/6117 
f 1077/1076/6118 1275/1275/6119 1780/1780/6120 
f 1588/1588/6121 1276/1276/6122 1074/1073/6123 
f 1074/1073/6124 1276/1276/6125 1779/1779/6126 
f 1770/1770/6127 1545/1545/6128 1618/1618/6129 
f 1547/1547/6130 1608/1608/6131 1656/1656/6132 
f 1702/1702/6133 1278/1278/6134 1179/1179/6135 
f 1772/1772/6136 1550/1550/6137 1643/1643/6138 
f 1141/1141/6139 1280/1280/6140 1227/1227/6141 
f 1227/1227/6142 1280/1280/6143 1076/1078/6144 
f 1142/1142/6145 1281/1281/6146 1228/1228/6147 
f 1228/1228/6148 1281/1281/6149 1073/1075/6150 
f 1129/1129/6151 1282/1282/6152 1225/1225/6153 
f 1225/1225/6154 1282/1282/6155 1131/1131/6156 
f 1511/1511/6157 1283/1283/6158 1452/1452/6159 
f 1100/1102/6160 1657/1657/6161 1791/1791/6162 
f 1620/1620/6163 1284/1284/6164 1083/1082/6165 
f 1083/1082/6166 1284/1284/6167 1789/1789/6168 
f 1621/1621/6169 1285/1285/6170 1089/1088/6171 
f 1089/1088/6172 1285/1285/6173 1790/1790/6174 
f 1622/1622/6175 1286/1286/6176 1080/1079/6177 
f 1080/1079/6178 1286/1286/6179 1794/1794/6180 
f 1619/1619/6181 1287/1287/6182 1086/1085/6183 
f 1086/1085/6184 1287/1287/6185 1788/1788/6186 
f 1561/1561/6187 1634/1634/6188 1683/1683/6189 
f 1710/1710/6190 1288/1288/6191 1174/1174/6192 
f 1199/1199/6193 1274/1274/6194 1567/1567/6195 
f 1632/1632/6196 1199/1199/6197 1289/1289/6198 
f 1101/1101/6199 1290/1290/6200 1244/1244/6201 
f 1244/1244/6202 1290/1290/6203 1102/1100/6204 
f 1139/1138/6205 1291/1291/6206 1239/1239/6207 
f 1239/1239/6208 1291/1291/6209 1140/1140/6210 
f 1146/1146/6211 1292/1292/6212 1242/1242/6213 
f 1242/1242/6214 1292/1292/6215 1085/1087/6216 
f 1147/1147/6217 1293/1293/6218 1241/1241/6219 
f 1241/1241/6220 1293/1293/6221 1082/1084/6222 
f 1148/1148/6223 1294/1294/6224 1240/1240/6225 
f 1240/1240/6226 1294/1294/6227 1088/1090/6228 
f 1149/1149/6229 1295/1295/6230 1243/1243/6231 
f 1243/1243/6232 1295/1295/6233 1079/1081/6234 
f 1136/1135/6235 1296/1296/6236 1237/1237/6237 
f 1237/1237/6238 1296/1296/6239 1137/1137/6240 
f 1652/1652/6241 1297/1297/6242 1092/1091/6243 
f 1092/1091/6244 1297/1297/6245 1802/1802/6246 
f 1521/1521/6247 1298/1298/6248 1474/1474/6249 
f 1121/1123/6250 1702/1702/6251 1179/1179/6252 
f 1144/1143/6253 1299/1299/6254 1252/1252/6255 
f 1252/1252/6256 1299/1299/6257 1145/1145/6258 
f 1669/1669/6259 1300/1300/6260 1095/1094/6261 
f 1095/1094/6262 1300/1300/6263 1812/1812/6264 
f 1675/1675/6265 1301/1301/6266 1098/1097/6267 
f 1098/1097/6268 1301/1301/6269 1182/1182/6270 
f 1156/1156/6271 1302/1302/6272 1257/1257/6273 
f 1257/1257/6274 1302/1302/6275 1091/1093/6276 
f 1130/1130/6277 1632/1632/6278 1773/1773/6279 
f 1689/1689/6280 1304/1304/6281 1104/1103/6282 
f 1104/1103/6283 1304/1304/6284 1184/1184/6285 
f 1692/1692/6286 1305/1305/6287 1107/1106/6288 
f 1107/1106/6289 1305/1305/6290 1185/1185/6291 
f 1691/1691/6292 1306/1306/6293 1110/1109/6294 
f 1110/1109/6295 1306/1306/6296 1187/1187/6297 
f 1687/1687/6298 1307/1307/6299 1113/1112/6300 
f 1113/1112/6301 1307/1307/6302 1186/1186/6303 
f 1688/1688/6304 1308/1308/6305 1116/1115/6306 
f 1116/1115/6307 1308/1308/6308 1188/1188/6309 
f 1122/1122/6310 1309/1309/6311 1258/1258/6312 
f 1258/1258/6313 1309/1309/6314 1123/1121/6315 
f 1157/1157/6316 1310/1310/6317 1260/1260/6318 
f 1260/1260/6319 1310/1310/6320 1094/1096/6321 
f 1158/1158/6322 1311/1311/6323 1261/1261/6324 
f 1261/1261/6325 1311/1311/6326 1097/1099/6327 
f 1134/1132/6328 1312/1312/6329 1272/1272/6330 
f 1272/1272/6331 1312/1312/6332 1132/1134/6333 
f 1154/1153/6334 1313/1313/6335 1266/1266/6336 
f 1266/1266/6337 1313/1313/6338 1155/1155/6339 
f 1704/1704/6340 1314/1314/6341 1119/1118/6342 
f 1119/1118/6343 1314/1314/6344 1189/1189/6345 
f 1162/1162/6346 1315/1315/6347 1268/1268/6348 
f 1268/1268/6349 1315/1315/6350 1103/1105/6351 
f 1163/1163/6352 1316/1316/6353 1267/1267/6354 
f 1267/1267/6355 1316/1316/6356 1106/1108/6357 
f 1164/1164/6358 1317/1317/6359 1269/1269/6360 
f 1269/1269/6361 1317/1317/6362 1109/1111/6363 
f 1165/1165/6364 1318/1318/6365 1270/1270/6366 
f 1270/1270/6367 1318/1318/6368 1112/1114/6369 
f 1166/1166/6370 1319/1319/6371 1271/1271/6372 
f 1271/1271/6373 1319/1319/6374 1115/1117/6375 
f 1138/1139/6376 1658/1658/6377 1793/1793/6378 
f 1471/1471/6379 1540/1540/6380 1150/1150/6381 
f 1135/1136/6382 1659/1659/6383 1795/1795/6384 
f 1472/1472/6385 1541/1541/6386 1152/1152/6387 
f 1534/1534/6388 1337/1337/6389 1544/1544/6390 
f 1254/1254/6391 1325/1325/6392 1067/1069/6393 
f 1711/1711/6394 1326/1326/6395 1125/1124/6396 
f 1125/1124/6397 1326/1326/6398 1190/1190/6399 
f 1535/1535/6400 1340/1340/6401 1546/1546/6402 
f 1255/1255/6403 1328/1328/6404 1070/1072/6405 
f 1143/1144/6406 1679/1679/6407 1797/1797/6408 
f 1169/1169/6409 1330/1330/6410 1277/1277/6411 
f 1277/1277/6412 1330/1330/6413 1118/1120/6414 
f 1565/1565/6415 1338/1338/6416 1069/1068/6417 
f 1331/1331/6418 1069/1068/6419 1517/1517/6420 
f 1566/1566/6421 1341/1341/6422 1072/1071/6423 
f 1332/1332/6424 1072/1071/6425 1518/1518/6426 
f 1172/1172/6427 1333/1333/6428 1279/1279/6429 
f 1279/1279/6430 1333/1333/6431 1124/1126/6432 
f 1549/1549/6433 1334/1334/6434 1524/1524/6435 
f 1736/1736/6436 1194/1194/6437 1506/1506/6438 
f 1548/1548/6439 1335/1335/6440 1526/1526/6441 
f 1734/1734/6442 1193/1193/6443 1501/1501/6444 
f 1153/1154/6445 1710/1710/6446 1174/1174/6447 
f 1201/1201/6448 1337/1337/6449 1534/1534/6450 
f 1201/1201/6451 1069/1068/6452 1337/1337/6453 
f 1479/1479/6454 1338/1338/6455 1542/1542/6456 
f 1542/1542/6457 1338/1338/6458 1238/1238/6459 
f 1183/1183/6460 1709/1709/6461 1133/1133/6462 
f 1202/1202/6463 1340/1340/6464 1535/1535/6465 
f 1202/1202/6466 1072/1071/6467 1340/1340/6468 
f 1480/1480/6469 1341/1341/6470 1543/1543/6471 
f 1543/1543/6472 1341/1341/6473 1245/1245/6474 
f 1738/1738/6475 1585/1585/6476 1511/1511/6477 
f 1342/1342/6478 1151/1151/6479 1525/1525/6480 
f 1562/1562/6481 1343/1343/6482 1536/1536/6483 
f 1740/1740/6484 1195/1195/6485 1513/1513/6486 
f 1289/1289/6487 1583/1583/6488 1168/1168/6489 
f 1709/1709/6490 1223/1223/6491 1345/1345/6492 
f 1223/1223/6493 1743/1743/6494 1345/1345/6495 
f 1481/1481/6496 1586/1586/6497 1170/1170/6498 
f 1482/1482/6499 1584/1584/6500 1171/1171/6501 
f 1576/1576/6502 1386/1386/6503 1590/1590/6504 
f 1577/1577/6505 1391/1391/6506 1592/1592/6507 
f 1578/1578/6508 1387/1387/6509 1591/1591/6510 
f 1280/1280/6511 1351/1351/6512 1076/1078/6513 
f 1281/1281/6514 1352/1352/6515 1073/1075/6516 
f 1282/1282/6517 1353/1353/6518 1131/1131/6519 
f 1485/1485/6520 1612/1612/6521 1177/1177/6522 
f 1633/1633/6523 1390/1390/6524 1078/1077/6525 
f 1355/1355/6526 1078/1077/6527 1558/1558/6528 
f 1263/1263/6529 1615/1615/6530 1160/1160/6531 
f 1486/1486/6532 1613/1613/6533 1175/1175/6534 
f 1636/1636/6535 1389/1389/6536 1075/1074/6537 
f 1358/1358/6538 1075/1074/6539 1560/1560/6540 
f 1488/1488/6541 1614/1614/6542 1176/1176/6543 
f 1487/1487/6544 1609/1609/6545 1178/1178/6546 
f 1264/1264/6547 1616/1616/6548 1161/1161/6549 
f 1265/1265/6550 1611/1611/6551 1173/1173/6552 
f 1749/1749/6553 1631/1631/6554 1521/1521/6555 
f 1363/1363/6556 1159/1159/6557 1547/1547/6558 
f 1601/1601/6559 1422/1422/6560 1627/1627/6561 
f 1605/1605/6562 1405/1405/6563 1625/1625/6564 
f 1607/1607/6565 1409/1409/6566 1629/1629/6567 
f 1606/1606/6568 1406/1406/6569 1626/1626/6570 
f 1604/1604/6571 1404/1404/6572 1628/1628/6573 
f 1602/1602/6574 1421/1421/6575 1624/1624/6576 
f 1603/1603/6577 1419/1419/6578 1630/1630/6579 
f 1291/1291/6580 1371/1371/6581 1140/1140/6582 
f 1296/1296/6583 1372/1372/6584 1137/1137/6585 
f 1294/1294/6586 1373/1373/6587 1088/1090/6588 
f 1292/1292/6589 1374/1374/6590 1085/1087/6591 
f 1293/1293/6592 1375/1375/6593 1082/1084/6594 
f 1295/1295/6595 1376/1376/6596 1079/1081/6597 
f 1290/1290/6598 1377/1377/6599 1102/1100/6600 
f 1589/1589/6601 1378/1378/6602 1561/1561/6603 
f 1764/1764/6604 1196/1196/6605 1528/1528/6606 
f 1273/1273/6607 1642/1642/6608 1167/1167/6609 
f 1623/1623/6610 1438/1438/6611 1640/1640/6612 
f 1299/1299/6613 1381/1381/6614 1145/1145/6615 
f 1660/1660/6616 1414/1414/6617 1084/1083/6618 
f 1382/1382/6619 1084/1083/6620 1572/1572/6621 
f 1663/1663/6622 1412/1412/6623 1090/1089/6624 
f 1383/1383/6625 1090/1089/6626 1573/1573/6627 
f 1662/1662/6628 1413/1413/6629 1087/1086/6630 
f 1384/1384/6631 1087/1086/6632 1571/1571/6633 
f 1661/1661/6634 1415/1415/6635 1081/1080/6636 
f 1385/1385/6637 1081/1080/6638 1574/1574/6639 
f 1206/1206/6640 1386/1386/6641 1576/1576/6642 
f 1206/1206/6643 1078/1077/6644 1386/1386/6645 
f 1207/1207/6646 1387/1387/6647 1578/1578/6648 
f 1207/1207/6649 1075/1074/6650 1387/1387/6651 
f 1491/1491/6652 1649/1649/6653 1180/1180/6654 
f 1493/1493/6655 1389/1389/6656 1588/1588/6657 
f 1588/1588/6658 1389/1389/6659 1276/1276/6660 
f 1492/1492/6661 1390/1390/6662 1587/1587/6663 
f 1587/1587/6664 1390/1390/6665 1275/1275/6666 
f 1192/1192/6667 1391/1391/6668 1577/1577/6669 
f 1192/1192/6670 1274/1274/6671 1391/1391/6672 
f 1278/1278/6673 1656/1656/6674 1179/1179/6675 
f 1644/1644/6676 1446/1446/6677 1655/1655/6678 
f 1302/1302/6679 1394/1394/6680 1091/1093/6681 
f 1496/1496/6682 1664/1664/6683 1181/1181/6684 
f 1647/1647/6685 1451/1451/6686 1665/1665/6687 
f 1497/1497/6688 1666/1666/6689 1182/1182/6690 
f 1309/1309/6691 1398/1398/6692 1123/1121/6693 
f 1223/1223/6694 1191/1191/6695 1743/1743/6696 
f 1399/1399/6697 1191/1191/6698 1563/1563/6699 
f 1651/1651/6700 1453/1453/6701 1677/1677/6702 
f 1310/1310/6703 1401/1401/6704 1094/1096/6705 
f 1653/1653/6706 1457/1457/6707 1678/1678/6708 
f 1311/1311/6709 1403/1403/6710 1097/1099/6711 
f 1198/1198/6712 1404/1404/6713 1604/1604/6714 
f 1198/1198/6715 1334/1334/6716 1404/1404/6717 
f 1213/1213/6718 1405/1405/6719 1605/1605/6720 
f 1213/1213/6721 1087/1086/6722 1405/1405/6723 
f 1214/1214/6724 1406/1406/6725 1606/1606/6726 
f 1214/1214/6727 1084/1083/6728 1406/1406/6729 
f 1500/1500/6730 1684/1684/6731 1184/1184/6732 
f 1504/1504/6733 1685/1685/6734 1185/1185/6735 
f 1215/1215/6736 1409/1409/6737 1607/1607/6738 
f 1215/1215/6739 1090/1089/6740 1409/1409/6741 
f 1502/1502/6742 1681/1681/6743 1186/1186/6744 
f 1700/1700/6745 1447/1447/6746 1093/1092/6747 
f 1411/1411/6748 1093/1092/6749 1600/1600/6750 
f 1508/1508/6751 1412/1412/6752 1621/1621/6753 
f 1621/1621/6754 1412/1412/6755 1285/1285/6756 
f 1505/1505/6757 1413/1413/6758 1619/1619/6759 
f 1619/1619/6760 1413/1413/6761 1287/1287/6762 
f 1507/1507/6763 1414/1414/6764 1620/1620/6765 
f 1620/1620/6766 1414/1414/6767 1284/1284/6768 
f 1510/1510/6769 1415/1415/6770 1622/1622/6771 
f 1622/1622/6772 1415/1415/6773 1286/1286/6774 
f 1509/1509/6775 1686/1686/6776 1188/1188/6777 
f 1288/1288/6778 1683/1683/6779 1174/1174/6780 
f 1503/1503/6781 1682/1682/6782 1187/1187/6783 
f 1216/1216/6784 1419/1419/6785 1603/1603/6786 
f 1216/1216/6787 1081/1080/6788 1419/1419/6789 
f 1345/1345/6790 1680/1680/6791 1133/1133/6792 
f 1210/1210/6793 1421/1421/6794 1602/1602/6795 
f 1210/1210/6796 1151/1151/6797 1421/1421/6798 
f 1197/1197/6799 1422/1422/6800 1601/1601/6801 
f 1197/1197/6802 1335/1335/6803 1422/1422/6804 
f 1674/1674/6805 1262/1262/6806 1690/1690/6807 
f 1667/1667/6808 1462/1462/6809 1693/1693/6810 
f 1670/1670/6811 1461/1461/6812 1695/1695/6813 
f 1671/1671/6814 1464/1464/6815 1696/1696/6816 
f 1673/1673/6817 1460/1460/6818 1694/1694/6819 
f 1668/1668/6820 1468/1468/6821 1697/1697/6822 
f 1672/1672/6823 1465/1465/6824 1698/1698/6825 
f 1313/1313/6826 1430/1430/6827 1155/1155/6828 
f 1315/1315/6829 1431/1431/6830 1103/1105/6831 
f 1316/1316/6832 1432/1432/6833 1106/1108/6834 
f 1317/1317/6835 1433/1433/6836 1109/1111/6837 
f 1318/1318/6838 1434/1434/6839 1112/1114/6840 
f 1319/1319/6841 1435/1435/6842 1115/1117/6843 
f 1312/1312/6844 1436/1436/6845 1132/1134/6846 
f 1705/1705/6847 1454/1454/6848 1096/1095/6849 
f 1437/1437/6850 1096/1095/6851 1610/1610/6852 
f 1200/1200/6853 1438/1438/6854 1623/1623/6855 
f 1200/1200/6856 1343/1343/6857 1438/1438/6858 
f 1707/1707/6859 1458/1458/6860 1099/1098/6861 
f 1439/1439/6862 1099/1098/6863 1617/1617/6864 
f 1516/1516/6865 1701/1701/6866 1189/1189/6867 
f 1718/1718/6868 1467/1467/6869 1108/1107/6870 
f 1441/1441/6871 1108/1107/6872 1637/1637/6873 
f 1717/1717/6874 1466/1466/6875 1105/1104/6876 
f 1442/1442/6877 1105/1104/6878 1635/1635/6879 
f 1712/1712/6880 1470/1470/6881 1117/1116/6882 
f 1443/1443/6883 1117/1116/6884 1638/1638/6885 
f 1715/1715/6886 1463/1463/6887 1114/1113/6888 
f 1444/1444/6889 1114/1113/6890 1641/1641/6891 
f 1720/1720/6892 1469/1469/6893 1111/1110/6894 
f 1445/1445/6895 1111/1110/6896 1639/1639/6897 
f 1222/1222/6898 1446/1446/6899 1644/1644/6900 
f 1222/1222/6901 1093/1092/6902 1446/1446/6903 
f 1519/1519/6904 1447/1447/6905 1652/1652/6906 
f 1652/1652/6907 1447/1447/6908 1297/1297/6909 
f 1699/1699/6910 1475/1475/6911 1706/1706/6912 
f 1330/1330/6913 1449/1449/6914 1118/1120/6915 
f 1520/1520/6916 1708/1708/6917 1190/1190/6918 
f 1221/1221/6919 1451/1451/6920 1647/1647/6921 
f 1221/1221/6922 1159/1159/6923 1451/1451/6924 
f 1452/1452/6925 1283/1283/6926 1100/1102/6927 
f 1224/1224/6928 1453/1453/6929 1651/1651/6930 
f 1224/1224/6931 1096/1095/6932 1453/1453/6933 
f 1522/1522/6934 1454/1454/6935 1669/1669/6936 
f 1669/1669/6937 1454/1454/6938 1300/1300/6939 
f 1703/1703/6940 1477/1477/6941 1719/1719/6942 
f 1333/1333/6943 1456/1456/6944 1124/1126/6945 
f 1226/1226/6946 1457/1457/6947 1653/1653/6948 
f 1226/1226/6949 1099/1098/6950 1457/1457/6951 
f 1523/1523/6952 1458/1458/6953 1675/1675/6954 
f 1675/1675/6955 1458/1458/6956 1301/1301/6957 
f 1724/1724/6958 1476/1476/6959 1120/1119/6960 
f 1459/1459/6961 1120/1119/6962 1654/1654/6963 
f 1204/1204/6964 1460/1460/6965 1673/1673/6966 
f 1204/1204/6967 1378/1378/6968 1460/1460/6969 
f 1231/1231/6970 1461/1461/6971 1670/1670/6972 
f 1231/1231/6973 1105/1104/6974 1461/1461/6975 
f 1230/1230/6976 1462/1462/6977 1667/1667/6978 
f 1230/1230/6979 1108/1107/6980 1462/1462/6981 
f 1533/1533/6982 1463/1463/6983 1687/1687/6984 
f 1687/1687/6985 1463/1463/6986 1307/1307/6987 
f 1233/1233/6988 1464/1464/6989 1671/1671/6990 
f 1233/1233/6991 1111/1110/6992 1464/1464/6993 
f 1232/1232/6994 1465/1465/6995 1672/1672/6996 
f 1232/1232/6997 1114/1113/6998 1465/1465/6999 
f 1530/1530/7000 1466/1466/7001 1689/1689/7002 
f 1689/1689/7003 1466/1466/7004 1304/1304/7005 
f 1529/1529/7006 1467/1467/7007 1692/1692/7008 
f 1692/1692/7009 1467/1467/7010 1305/1305/7011 
f 1234/1234/7012 1468/1468/7013 1668/1668/7014 
f 1234/1234/7015 1117/1116/7016 1468/1468/7017 
f 1531/1531/7018 1469/1469/7019 1691/1691/7020 
f 1691/1691/7021 1469/1469/7022 1306/1306/7023 
f 1532/1532/7024 1470/1470/7025 1688/1688/7026 
f 1688/1688/7027 1470/1470/7028 1308/1308/7029 
f 1238/1238/7030 1565/1565/7031 1471/1471/7032 
f 1238/1238/7033 1471/1471/7034 1751/1751/7035 
f 1245/1245/7036 1566/1566/7037 1472/1472/7038 
f 1245/1245/7039 1472/1472/7040 1753/1753/7041 
f 1739/1739/7042 1478/1478/7043 1126/1125/7044 
f 1473/1473/7045 1126/1125/7046 1676/1676/7047 
f 1474/1474/7048 1298/1298/7049 1121/1123/7050 
f 1251/1251/7051 1475/1475/7052 1699/1699/7053 
f 1251/1251/7054 1120/1119/7055 1475/1475/7056 
f 1545/1545/7057 1476/1476/7058 1704/1704/7059 
f 1704/1704/7060 1476/1476/7061 1314/1314/7062 
f 1253/1253/7063 1477/1477/7064 1703/1703/7065 
f 1253/1253/7066 1126/1125/7067 1477/1477/7068 
f 1550/1550/7069 1478/1478/7070 1711/1711/7071 
f 1711/1711/7072 1478/1478/7073 1326/1326/7074 
f 1254/1254/7075 1479/1479/7076 1325/1325/7077 
f 1325/1325/7078 1479/1479/7079 1203/1203/7080 
f 1255/1255/7081 1480/1480/7082 1328/1328/7083 
f 1328/1328/7084 1480/1480/7085 1205/1205/7086 
f 1276/1276/7087 1636/1636/7088 1481/1481/7089 
f 1276/1276/7090 1481/1481/7091 1779/1779/7092 
f 1275/1275/7093 1633/1633/7094 1482/1482/7095 
f 1275/1275/7096 1482/1482/7097 1780/1780/7098 
f 1483/1483/7099 1199/1199/7100 1632/1632/7101 
f 1199/1199/7102 1483/1483/7103 1274/1274/7104 
f 1494/1494/7105 1484/1484/7106 1303/1303/7107 
f 1303/1303/7108 1484/1484/7109 1130/1130/7110 
f 1285/1285/7111 1663/1663/7112 1485/1485/7113 
f 1285/1285/7114 1485/1485/7115 1790/1790/7116 
f 1284/1284/7117 1660/1660/7118 1486/1486/7119 
f 1284/1284/7120 1486/1486/7121 1789/1789/7122 
f 1286/1286/7123 1661/1661/7124 1487/1487/7125 
f 1286/1286/7126 1487/1487/7127 1794/1794/7128 
f 1287/1287/7129 1662/1662/7130 1488/1488/7131 
f 1287/1287/7132 1488/1488/7133 1788/1788/7134 
f 1501/1501/7135 1489/1489/7136 1320/1320/7137 
f 1320/1320/7138 1489/1489/7139 1138/1139/7140 
f 1506/1506/7141 1490/1490/7142 1322/1322/7143 
f 1322/1322/7144 1490/1490/7145 1135/1136/7146 
f 1297/1297/7147 1700/1700/7148 1491/1491/7149 
f 1297/1297/7150 1491/1491/7151 1802/1802/7152 
f 1280/1280/7153 1492/1492/7154 1351/1351/7155 
f 1351/1351/7156 1492/1492/7157 1212/1212/7158 
f 1281/1281/7159 1493/1493/7160 1352/1352/7161 
f 1352/1352/7162 1493/1493/7163 1211/1211/7164 
f 1282/1282/7165 1494/1494/7166 1353/1353/7167 
f 1353/1353/7168 1494/1494/7169 1303/1303/7170 
f 1513/1513/7171 1495/1495/7172 1329/1329/7173 
f 1329/1329/7174 1495/1495/7175 1143/1144/7176 
f 1300/1300/7177 1705/1705/7178 1496/1496/7179 
f 1300/1300/7180 1496/1496/7181 1812/1812/7182 
f 1301/1301/7183 1707/1707/7184 1497/1497/7185 
f 1301/1301/7186 1497/1497/7187 1182/1182/7188 
f 1544/1544/7189 1744/1744/7190 1796/1796/7191 
f 1498/1498/7192 1777/1777/7193 1254/1254/7194 
f 1546/1546/7195 1747/1747/7196 1798/1798/7197 
f 1499/1499/7198 1778/1778/7199 1255/1255/7200 
f 1304/1304/7201 1717/1717/7202 1500/1500/7203 
f 1304/1304/7204 1500/1500/7205 1184/1184/7206 
f 1291/1291/7207 1501/1501/7208 1371/1371/7209 
f 1371/1371/7210 1501/1501/7211 1320/1320/7212 
f 1307/1307/7213 1715/1715/7214 1502/1502/7215 
f 1307/1307/7216 1502/1502/7217 1186/1186/7218 
f 1306/1306/7219 1720/1720/7220 1503/1503/7221 
f 1306/1306/7222 1503/1503/7223 1187/1187/7224 
f 1305/1305/7225 1718/1718/7226 1504/1504/7227 
f 1305/1305/7228 1504/1504/7229 1185/1185/7230 
f 1292/1292/7231 1505/1505/7232 1374/1374/7233 
f 1374/1374/7234 1505/1505/7235 1219/1219/7236 
f 1296/1296/7237 1506/1506/7238 1372/1372/7239 
f 1372/1372/7240 1506/1506/7241 1322/1322/7242 
f 1293/1293/7243 1507/1507/7244 1375/1375/7245 
f 1375/1375/7246 1507/1507/7247 1217/1217/7248 
f 1294/1294/7249 1508/1508/7250 1373/1373/7251 
f 1373/1373/7252 1508/1508/7253 1218/1218/7254 
f 1308/1308/7255 1712/1712/7256 1509/1509/7257 
f 1308/1308/7258 1509/1509/7259 1188/1188/7260 
f 1295/1295/7261 1510/1510/7262 1376/1376/7263 
f 1376/1376/7264 1510/1510/7265 1220/1220/7266 
f 1290/1290/7267 1511/1511/7268 1377/1377/7269 
f 1377/1377/7270 1511/1511/7271 1452/1452/7272 
f 1512/1512/7273 1223/1223/7274 1709/1709/7275 
f 1223/1223/7276 1512/1512/7277 1191/1191/7278 
f 1299/1299/7279 1513/1513/7280 1381/1381/7281 
f 1381/1381/7282 1513/1513/7283 1329/1329/7284 
f 1527/1527/7285 1514/1514/7286 1339/1339/7287 
f 1339/1339/7288 1514/1514/7289 1183/1183/7290 
f 1528/1528/7291 1515/1515/7292 1336/1336/7293 
f 1336/1336/7294 1515/1515/7295 1153/1154/7296 
f 1314/1314/7297 1724/1724/7298 1516/1516/7299 
f 1314/1314/7300 1516/1516/7301 1189/1189/7302 
f 1517/1517/7303 1201/1201/7304 1534/1534/7305 
f 1517/1517/7306 1069/1068/7307 1201/1201/7308 
f 1518/1518/7309 1202/1202/7310 1535/1535/7311 
f 1518/1518/7312 1072/1071/7313 1202/1202/7314 
f 1302/1302/7315 1519/1519/7316 1394/1394/7317 
f 1394/1394/7318 1519/1519/7319 1229/1229/7320 
f 1326/1326/7321 1739/1739/7322 1520/1520/7323 
f 1326/1326/7324 1520/1520/7325 1190/1190/7326 
f 1309/1309/7327 1521/1521/7328 1398/1398/7329 
f 1398/1398/7330 1521/1521/7331 1474/1474/7332 
f 1310/1310/7333 1522/1522/7334 1401/1401/7335 
f 1401/1401/7336 1522/1522/7337 1235/1235/7338 
f 1311/1311/7339 1523/1523/7340 1403/1403/7341 
f 1403/1403/7342 1523/1523/7343 1236/1236/7344 
f 1549/1549/7345 1524/1524/7346 1264/1264/7347 
f 1264/1264/7348 1524/1524/7349 1616/1616/7350 
f 1342/1342/7351 1525/1525/7352 1265/1265/7353 
f 1265/1265/7354 1525/1525/7355 1611/1611/7356 
f 1548/1548/7357 1526/1526/7358 1263/1263/7359 
f 1263/1263/7360 1526/1526/7361 1615/1615/7362 
f 1312/1312/7363 1527/1527/7364 1436/1436/7365 
f 1436/1436/7366 1527/1527/7367 1339/1339/7368 
f 1313/1313/7369 1528/1528/7370 1430/1430/7371 
f 1430/1430/7372 1528/1528/7373 1336/1336/7374 
f 1316/1316/7375 1529/1529/7376 1432/1432/7377 
f 1432/1432/7378 1529/1529/7379 1247/1247/7380 
f 1315/1315/7381 1530/1530/7382 1431/1431/7383 
f 1431/1431/7384 1530/1530/7385 1246/1246/7386 
f 1317/1317/7387 1531/1531/7388 1433/1433/7389 
f 1433/1433/7390 1531/1531/7391 1249/1249/7392 
f 1319/1319/7393 1532/1532/7394 1435/1435/7395 
f 1435/1435/7396 1532/1532/7397 1250/1250/7398 
f 1318/1318/7399 1533/1533/7400 1434/1434/7401 
f 1434/1434/7402 1533/1533/7403 1248/1248/7404 
f 1540/1540/7405 1534/1534/7406 1324/1324/7407 
f 1534/1534/7408 1544/1544/7409 1324/1324/7410 
f 1541/1541/7411 1535/1535/7412 1327/1327/7413 
f 1535/1535/7414 1546/1546/7415 1327/1327/7416 
f 1562/1562/7417 1536/1536/7418 1273/1273/7419 
f 1273/1273/7420 1536/1536/7421 1642/1642/7422 
f 1591/1591/7423 1775/1775/7424 1281/1281/7425 
f 1537/1537/7426 1804/1804/7427 1281/1281/7428 
f 1590/1590/7429 1776/1776/7430 1280/1280/7431 
f 1538/1538/7432 1805/1805/7433 1280/1280/7434 
f 1592/1592/7435 1774/1774/7436 1282/1282/7437 
f 1539/1539/7438 1808/1808/7439 1282/1282/7440 
f 1150/1150/7441 1540/1540/7442 1321/1321/7443 
f 1321/1321/7444 1540/1540/7445 1324/1324/7446 
f 1152/1152/7447 1541/1541/7448 1323/1323/7449 
f 1323/1323/7450 1541/1541/7451 1327/1327/7452 
f 1479/1479/7453 1542/1542/7454 1203/1203/7455 
f 1203/1203/7456 1542/1542/7457 1068/1067/7458 
f 1480/1480/7459 1543/1543/7460 1205/1205/7461 
f 1205/1205/7462 1543/1543/7463 1071/1070/7464 
f 1324/1324/7465 1544/1544/7466 1127/1127/7467 
f 1544/1544/7468 1796/1796/7469 1127/1127/7470 
f 1330/1330/7471 1545/1545/7472 1449/1449/7473 
f 1449/1449/7474 1545/1545/7475 1256/1256/7476 
f 1327/1327/7477 1546/1546/7478 1128/1128/7479 
f 1546/1546/7480 1798/1798/7481 1128/1128/7482 
f 1363/1363/7483 1547/1547/7484 1278/1278/7485 
f 1278/1278/7486 1547/1547/7487 1656/1656/7488 
f 1193/1193/7489 1548/1548/7490 1658/1658/7491 
f 1548/1548/7492 1193/1193/7493 1335/1335/7494 
f 1194/1194/7495 1549/1549/7496 1659/1659/7497 
f 1549/1549/7498 1194/1194/7499 1334/1334/7500 
f 1333/1333/7501 1550/1550/7502 1456/1456/7503 
f 1456/1456/7504 1550/1550/7505 1259/1259/7506 
f 1627/1627/7507 1787/1787/7508 1291/1291/7509 
f 1551/1551/7510 1501/1501/7511 1291/1291/7512 
f 1625/1625/7513 1781/1781/7514 1292/1292/7515 
f 1552/1552/7516 1505/1505/7517 1292/1292/7518 
f 1626/1626/7519 1782/1782/7520 1293/1293/7521 
f 1553/1553/7522 1507/1507/7523 1293/1293/7524 
f 1629/1629/7525 1783/1783/7526 1294/1294/7527 
f 1554/1554/7528 1508/1508/7529 1294/1294/7530 
f 1630/1630/7531 1784/1784/7532 1295/1295/7533 
f 1555/1555/7534 1510/1510/7535 1295/1295/7536 
f 1624/1624/7537 1785/1785/7538 1290/1290/7539 
f 1556/1556/7540 1511/1511/7541 1290/1290/7542 
f 1628/1628/7543 1786/1786/7544 1296/1296/7545 
f 1557/1557/7546 1506/1506/7547 1296/1296/7548 
f 1558/1558/7549 1206/1206/7550 1576/1576/7551 
f 1558/1558/7552 1078/1077/7553 1206/1206/7554 
f 1559/1559/7555 1192/1192/7556 1577/1577/7557 
f 1559/1559/7558 1274/1274/7559 1192/1192/7560 
f 1560/1560/7561 1207/1207/7562 1578/1578/7563 
f 1560/1560/7564 1075/1074/7565 1207/1207/7566 
f 1589/1589/7567 1561/1561/7568 1288/1288/7569 
f 1288/1288/7570 1561/1561/7571 1683/1683/7572 
f 1195/1195/7573 1562/1562/7574 1679/1679/7575 
f 1562/1562/7576 1195/1195/7577 1343/1343/7578 
f 1563/1563/7579 1262/1262/7580 1674/1674/7581 
f 1563/1563/7582 1191/1191/7583 1262/1262/7584 
f 1640/1640/7585 1792/1792/7586 1299/1299/7587 
f 1564/1564/7588 1513/1513/7589 1299/1299/7590 
f 1565/1565/7591 1331/1331/7592 1471/1471/7593 
f 1565/1565/7594 1069/1068/7595 1331/1331/7596 
f 1566/1566/7597 1332/1332/7598 1472/1472/7599 
f 1566/1566/7600 1072/1071/7601 1332/1332/7602 
f 1199/1199/7603 1567/1567/7604 1289/1289/7605 
f 1289/1289/7606 1567/1567/7607 1583/1583/7608 
f 1655/1655/7609 1799/1799/7610 1302/1302/7611 
f 1568/1568/7612 1519/1519/7613 1302/1302/7614 
f 1569/1569/7615 1210/1210/7616 1602/1602/7617 
f 1569/1569/7618 1151/1151/7619 1210/1210/7620 
f 1570/1570/7621 1198/1198/7622 1604/1604/7623 
f 1570/1570/7624 1334/1334/7625 1198/1198/7626 
f 1571/1571/7627 1213/1213/7628 1605/1605/7629 
f 1571/1571/7630 1087/1086/7631 1213/1213/7632 
f 1572/1572/7633 1214/1214/7634 1606/1606/7635 
f 1572/1572/7636 1084/1083/7637 1214/1214/7638 
f 1573/1573/7639 1215/1215/7640 1607/1607/7641 
f 1573/1573/7642 1090/1089/7643 1215/1215/7644 
f 1574/1574/7645 1216/1216/7646 1603/1603/7647 
f 1574/1574/7648 1081/1080/7649 1216/1216/7650 
f 1575/1575/7651 1197/1197/7652 1601/1601/7653 
f 1575/1575/7654 1335/1335/7655 1197/1197/7656 
f 1584/1584/7657 1576/1576/7658 1348/1348/7659 
f 1576/1576/7660 1590/1590/7661 1348/1348/7662 
f 1583/1583/7663 1577/1577/7664 1349/1349/7665 
f 1577/1577/7666 1592/1592/7667 1349/1349/7668 
f 1586/1586/7669 1578/1578/7670 1350/1350/7671 
f 1578/1578/7672 1591/1591/7673 1350/1350/7674 
f 1665/1665/7675 1800/1800/7676 1309/1309/7677 
f 1579/1579/7678 1521/1521/7679 1309/1309/7680 
f 1580/1580/7681 1200/1200/7682 1623/1623/7683 
f 1580/1580/7684 1343/1343/7685 1200/1200/7686 
f 1677/1677/7687 1801/1801/7688 1310/1310/7689 
f 1581/1581/7690 1522/1522/7691 1310/1310/7692 
f 1678/1678/7693 1803/1803/7694 1311/1311/7695 
f 1582/1582/7696 1523/1523/7697 1311/1311/7698 
f 1168/1168/7699 1583/1583/7700 1344/1344/7701 
f 1344/1344/7702 1583/1583/7703 1349/1349/7704 
f 1171/1171/7705 1584/1584/7706 1347/1347/7707 
f 1347/1347/7708 1584/1584/7709 1348/1348/7710 
f 1585/1585/7711 1342/1342/7712 1283/1283/7713 
f 1342/1342/7714 1585/1585/7715 1151/1151/7716 
f 1170/1170/7717 1586/1586/7718 1346/1346/7719 
f 1346/1346/7720 1586/1586/7721 1350/1350/7722 
f 1492/1492/7723 1587/1587/7724 1212/1212/7725 
f 1212/1212/7726 1587/1587/7727 1077/1076/7728 
f 1493/1493/7729 1588/1588/7730 1211/1211/7731 
f 1211/1211/7732 1588/1588/7733 1074/1073/7734 
f 1196/1196/7735 1589/1589/7736 1710/1710/7737 
f 1589/1589/7738 1196/1196/7739 1378/1378/7740 
f 1348/1348/7741 1590/1590/7742 1141/1141/7743 
f 1590/1590/7744 1280/1280/7745 1141/1141/7746 
f 1350/1350/7747 1591/1591/7748 1142/1142/7749 
f 1591/1591/7750 1281/1281/7751 1142/1142/7752 
f 1349/1349/7753 1592/1592/7754 1129/1129/7755 
f 1592/1592/7756 1282/1282/7757 1129/1129/7758 
f 1690/1690/7759 1806/1806/7760 1312/1312/7761 
f 1593/1593/7762 1527/1527/7763 1312/1312/7764 
f 1693/1693/7765 1594/1594/7766 1316/1316/7767 
f 1594/1594/7768 1529/1529/7769 1316/1316/7770 
f 1695/1695/7771 1810/1810/7772 1315/1315/7773 
f 1595/1595/7774 1530/1530/7775 1315/1315/7776 
f 1698/1698/7777 1809/1809/7778 1318/1318/7779 
f 1596/1596/7780 1533/1533/7781 1318/1318/7782 
f 1697/1697/7783 1807/1807/7784 1319/1319/7785 
f 1597/1597/7786 1532/1532/7787 1319/1319/7788 
f 1694/1694/7789 1598/1598/7790 1313/1313/7791 
f 1598/1598/7792 1528/1528/7793 1313/1313/7794 
f 1696/1696/7795 1811/1811/7796 1317/1317/7797 
f 1599/1599/7798 1531/1531/7799 1317/1317/7800 
f 1600/1600/7801 1222/1222/7802 1644/1644/7803 
f 1600/1600/7804 1093/1092/7805 1222/1222/7806 
f 1615/1615/7807 1601/1601/7808 1364/1364/7809 
f 1601/1601/7810 1627/1627/7811 1364/1364/7812 
f 1611/1611/7813 1602/1602/7814 1369/1369/7815 
f 1602/1602/7816 1624/1624/7817 1369/1369/7818 
f 1609/1609/7819 1603/1603/7820 1370/1370/7821 
f 1603/1603/7822 1630/1630/7823 1370/1370/7824 
f 1616/1616/7825 1604/1604/7826 1368/1368/7827 
f 1604/1604/7828 1628/1628/7829 1368/1368/7830 
f 1614/1614/7831 1605/1605/7832 1365/1365/7833 
f 1605/1605/7834 1625/1625/7835 1365/1365/7836 
f 1613/1613/7837 1606/1606/7838 1367/1367/7839 
f 1606/1606/7840 1626/1626/7841 1367/1367/7842 
f 1612/1612/7843 1607/1607/7844 1366/1366/7845 
f 1607/1607/7846 1629/1629/7847 1366/1366/7848 
f 1608/1608/7849 1221/1221/7850 1647/1647/7851 
f 1608/1608/7852 1159/1159/7853 1221/1221/7854 
f 1178/1178/7855 1609/1609/7856 1360/1360/7857 
f 1360/1360/7858 1609/1609/7859 1370/1370/7860 
f 1610/1610/7861 1224/1224/7862 1651/1651/7863 
f 1610/1610/7864 1096/1095/7865 1224/1224/7866 
f 1173/1173/7867 1611/1611/7868 1362/1362/7869 
f 1362/1362/7870 1611/1611/7871 1369/1369/7872 
f 1177/1177/7873 1612/1612/7874 1354/1354/7875 
f 1354/1354/7876 1612/1612/7877 1366/1366/7878 
f 1175/1175/7879 1613/1613/7880 1357/1357/7881 
f 1357/1357/7882 1613/1613/7883 1367/1367/7884 
f 1176/1176/7885 1614/1614/7886 1359/1359/7887 
f 1359/1359/7888 1614/1614/7889 1365/1365/7890 
f 1160/1160/7891 1615/1615/7892 1356/1356/7893 
f 1356/1356/7894 1615/1615/7895 1364/1364/7896 
f 1161/1161/7897 1616/1616/7898 1361/1361/7899 
f 1361/1361/7900 1616/1616/7901 1368/1368/7902 
f 1617/1617/7903 1226/1226/7904 1653/1653/7905 
f 1617/1617/7906 1099/1098/7907 1226/1226/7908 
f 1706/1706/7909 1618/1618/7910 1330/1330/7911 
f 1618/1618/7912 1545/1545/7913 1330/1330/7914 
f 1505/1505/7915 1619/1619/7916 1219/1219/7917 
f 1219/1219/7918 1619/1619/7919 1086/1085/7920 
f 1507/1507/7921 1620/1620/7922 1217/1217/7923 
f 1217/1217/7924 1620/1620/7925 1083/1082/7926 
f 1508/1508/7927 1621/1621/7928 1218/1218/7929 
f 1218/1218/7930 1621/1621/7931 1089/1088/7932 
f 1510/1510/7933 1622/1622/7934 1220/1220/7935 
f 1220/1220/7936 1622/1622/7937 1080/1079/7938 
f 1642/1642/7939 1623/1623/7940 1380/1380/7941 
f 1623/1623/7942 1640/1640/7943 1380/1380/7944 
f 1369/1369/7945 1624/1624/7946 1101/1101/7947 
f 1624/1624/7948 1290/1290/7949 1101/1101/7950 
f 1365/1365/7951 1625/1625/7952 1146/1146/7953 
f 1625/1625/7954 1292/1292/7955 1146/1146/7956 
f 1367/1367/7957 1626/1626/7958 1147/1147/7959 
f 1626/1626/7960 1293/1293/7961 1147/1147/7962 
f 1364/1364/7963 1627/1627/7964 1139/1138/7965 
f 1627/1627/7966 1291/1291/7967 1139/1138/7968 
f 1368/1368/7969 1628/1628/7970 1136/1135/7971 
f 1628/1628/7972 1296/1296/7973 1136/1135/7974 
f 1366/1366/7975 1629/1629/7976 1148/1148/7977 
f 1629/1629/7978 1294/1294/7979 1148/1148/7980 
f 1370/1370/7981 1630/1630/7982 1149/1149/7983 
f 1630/1630/7984 1295/1295/7985 1149/1149/7986 
f 1631/1631/7987 1363/1363/7988 1298/1298/7989 
f 1363/1363/7990 1631/1631/7991 1159/1159/7992 
f 1484/1484/7993 1483/1483/7994 1632/1632/7995 
f 1484/1484/7996 1632/1632/7997 1130/1130/7998 
f 1633/1633/7999 1355/1355/8000 1482/1482/8001 
f 1633/1633/8002 1078/1077/8003 1355/1355/8004 
f 1634/1634/8005 1204/1204/8006 1673/1673/8007 
f 1634/1634/8008 1378/1378/8009 1204/1204/8010 
f 1635/1635/8011 1231/1231/8012 1670/1670/8013 
f 1635/1635/8014 1105/1104/8015 1231/1231/8016 
f 1636/1636/8017 1358/1358/8018 1481/1481/8019 
f 1636/1636/8020 1075/1074/8021 1358/1358/8022 
f 1637/1637/8023 1230/1230/8024 1667/1667/8025 
f 1637/1637/8026 1108/1107/8027 1230/1230/8028 
f 1638/1638/8029 1234/1234/8030 1668/1668/8031 
f 1638/1638/8032 1117/1116/8033 1234/1234/8034 
f 1639/1639/8035 1233/1233/8036 1671/1671/8037 
f 1639/1639/8038 1111/1110/8039 1233/1233/8040 
f 1380/1380/8041 1640/1640/8042 1144/1143/8043 
f 1640/1640/8044 1299/1299/8045 1144/1143/8046 
f 1641/1641/8047 1232/1232/8048 1672/1672/8049 
f 1641/1641/8050 1114/1113/8051 1232/1232/8052 
f 1167/1167/8053 1642/1642/8054 1379/1379/8055 
f 1379/1379/8056 1642/1642/8057 1380/1380/8058 
f 1719/1719/8059 1643/1643/8060 1333/1333/8061 
f 1643/1643/8062 1550/1550/8063 1333/1333/8064 
f 1649/1649/8065 1644/1644/8066 1393/1393/8067 
f 1644/1644/8068 1655/1655/8069 1393/1393/8070 
f 1645/1645/8071 1744/1744/8072 1337/1337/8073 
f 1337/1337/8074 1069/1068/8075 1645/1645/8076 
f 1646/1646/8077 1747/1747/8078 1340/1340/8079 
f 1340/1340/8080 1072/1071/8081 1646/1646/8082 
f 1656/1656/8083 1647/1647/8084 1396/1396/8085 
f 1647/1647/8086 1665/1665/8087 1396/1396/8088 
f 1645/1645/8089 1069/1068/8090 1648/1648/8091 
f 1069/1068/8092 1338/1338/8093 1648/1648/8094 
f 1180/1180/8095 1649/1649/8096 1388/1388/8097 
f 1388/1388/8098 1649/1649/8099 1393/1393/8100 
f 1646/1646/8101 1072/1071/8102 1650/1650/8103 
f 1072/1071/8104 1341/1341/8105 1650/1650/8106 
f 1664/1664/8107 1651/1651/8108 1400/1400/8109 
f 1651/1651/8110 1677/1677/8111 1400/1400/8112 
f 1519/1519/8113 1652/1652/8114 1229/1229/8115 
f 1229/1229/8116 1652/1652/8117 1092/1091/8118 
f 1666/1666/8119 1653/1653/8120 1402/1402/8121 
f 1653/1653/8122 1678/1678/8123 1402/1402/8124 
f 1654/1654/8125 1251/1251/8126 1699/1699/8127 
f 1654/1654/8128 1120/1119/8129 1251/1251/8130 
f 1393/1393/8131 1655/1655/8132 1156/1156/8133 
f 1655/1655/8134 1302/1302/8135 1156/1156/8136 
f 1179/1179/8137 1656/1656/8138 1392/1392/8139 
f 1392/1392/8140 1656/1656/8141 1396/1396/8142 
f 1283/1283/8143 1342/1342/8144 1657/1657/8145 
f 1283/1283/8146 1657/1657/8147 1100/1102/8148 
f 1489/1489/8149 1193/1193/8150 1658/1658/8151 
f 1489/1489/8152 1658/1658/8153 1138/1139/8154 
f 1490/1490/8155 1194/1194/8156 1659/1659/8157 
f 1490/1490/8158 1659/1659/8159 1135/1136/8160 
f 1660/1660/8161 1382/1382/8162 1486/1486/8163 
f 1660/1660/8164 1084/1083/8165 1382/1382/8166 
f 1661/1661/8167 1385/1385/8168 1487/1487/8169 
f 1661/1661/8170 1081/1080/8171 1385/1385/8172 
f 1662/1662/8173 1384/1384/8174 1488/1488/8175 
f 1662/1662/8176 1087/1086/8177 1384/1384/8178 
f 1663/1663/8179 1383/1383/8180 1485/1485/8181 
f 1663/1663/8182 1090/1089/8183 1383/1383/8184 
f 1181/1181/8185 1664/1664/8186 1395/1395/8187 
f 1395/1395/8188 1664/1664/8189 1400/1400/8190 
f 1396/1396/8191 1665/1665/8192 1122/1122/8193 
f 1665/1665/8194 1309/1309/8195 1122/1122/8196 
f 1182/1182/8197 1666/1666/8198 1397/1397/8199 
f 1397/1397/8200 1666/1666/8201 1402/1402/8202 
f 1685/1685/8203 1667/1667/8204 1424/1424/8205 
f 1667/1667/8206 1693/1693/8207 1424/1424/8208 
f 1686/1686/8209 1668/1668/8210 1428/1428/8211 
f 1668/1668/8212 1697/1697/8213 1428/1428/8214 
f 1522/1522/8215 1669/1669/8216 1235/1235/8217 
f 1235/1235/8218 1669/1669/8219 1095/1094/8220 
f 1684/1684/8221 1670/1670/8222 1425/1425/8223 
f 1670/1670/8224 1695/1695/8225 1425/1425/8226 
f 1682/1682/8227 1671/1671/8228 1426/1426/8229 
f 1671/1671/8230 1696/1696/8231 1426/1426/8232 
f 1681/1681/8233 1672/1672/8234 1429/1429/8235 
f 1672/1672/8236 1698/1698/8237 1429/1429/8238 
f 1683/1683/8239 1673/1673/8240 1427/1427/8241 
f 1673/1673/8242 1694/1694/8243 1427/1427/8244 
f 1680/1680/8245 1674/1674/8246 1423/1423/8247 
f 1674/1674/8248 1690/1690/8249 1423/1423/8250 
f 1523/1523/8251 1675/1675/8252 1236/1236/8253 
f 1236/1236/8254 1675/1675/8255 1098/1097/8256 
f 1676/1676/8257 1253/1253/8258 1703/1703/8259 
f 1676/1676/8260 1126/1125/8261 1253/1253/8262 
f 1400/1400/8263 1677/1677/8264 1157/1157/8265 
f 1677/1677/8266 1310/1310/8267 1157/1157/8268 
f 1402/1402/8269 1678/1678/8270 1158/1158/8271 
f 1678/1678/8272 1311/1311/8273 1158/1158/8274 
f 1495/1495/8275 1195/1195/8276 1679/1679/8277 
f 1495/1495/8278 1679/1679/8279 1143/1144/8280 
f 1133/1133/8281 1680/1680/8282 1420/1420/8283 
f 1420/1420/8284 1680/1680/8285 1423/1423/8286 
f 1186/1186/8287 1681/1681/8288 1410/1410/8289 
f 1410/1410/8290 1681/1681/8291 1429/1429/8292 
f 1187/1187/8293 1682/1682/8294 1418/1418/8295 
f 1418/1418/8296 1682/1682/8297 1426/1426/8298 
f 1174/1174/8299 1683/1683/8300 1417/1417/8301 
f 1417/1417/8302 1683/1683/8303 1427/1427/8304 
f 1184/1184/8305 1684/1684/8306 1407/1407/8307 
f 1407/1407/8308 1684/1684/8309 1425/1425/8310 
f 1185/1185/8311 1685/1685/8312 1408/1408/8313 
f 1408/1408/8314 1685/1685/8315 1424/1424/8316 
f 1188/1188/8317 1686/1686/8318 1416/1416/8319 
f 1416/1416/8320 1686/1686/8321 1428/1428/8322 
f 1533/1533/8323 1687/1687/8324 1248/1248/8325 
f 1248/1248/8326 1687/1687/8327 1113/1112/8328 
f 1532/1532/8329 1688/1688/8330 1250/1250/8331 
f 1250/1250/8332 1688/1688/8333 1116/1115/8334 
f 1530/1530/8335 1689/1689/8336 1246/1246/8337 
f 1246/1246/8338 1689/1689/8339 1104/1103/8340 
f 1423/1423/8341 1690/1690/8342 1134/1132/8343 
f 1690/1690/8344 1312/1312/8345 1134/1132/8346 
f 1531/1531/8347 1691/1691/8348 1249/1249/8349 
f 1249/1249/8350 1691/1691/8351 1110/1109/8352 
f 1529/1529/8353 1692/1692/8354 1247/1247/8355 
f 1247/1247/8356 1692/1692/8357 1107/1106/8358 
f 1424/1424/8359 1693/1693/8360 1163/1163/8361 
f 1693/1693/8362 1316/1316/8363 1163/1163/8364 
f 1427/1427/8365 1694/1694/8366 1154/1153/8367 
f 1694/1694/8368 1313/1313/8369 1154/1153/8370 
f 1425/1425/8371 1695/1695/8372 1162/1162/8373 
f 1695/1695/8374 1315/1315/8375 1162/1162/8376 
f 1426/1426/8377 1696/1696/8378 1164/1164/8379 
f 1696/1696/8380 1317/1317/8381 1164/1164/8382 
f 1428/1428/8383 1697/1697/8384 1166/1166/8385 
f 1697/1697/8386 1319/1319/8387 1166/1166/8388 
f 1429/1429/8389 1698/1698/8390 1165/1165/8391 
f 1698/1698/8392 1318/1318/8393 1165/1165/8394 
f 1701/1701/8395 1699/1699/8396 1448/1448/8397 
f 1699/1699/8398 1706/1706/8399 1448/1448/8400 
f 1700/1700/8401 1411/1411/8402 1491/1491/8403 
f 1700/1700/8404 1093/1092/8405 1411/1411/8406 
f 1189/1189/8407 1701/1701/8408 1440/1440/8409 
f 1440/1440/8410 1701/1701/8411 1448/1448/8412 
f 1298/1298/8413 1363/1363/8414 1702/1702/8415 
f 1298/1298/8416 1702/1702/8417 1121/1123/8418 
f 1708/1708/8419 1703/1703/8420 1455/1455/8421 
f 1703/1703/8422 1719/1719/8423 1455/1455/8424 
f 1545/1545/8425 1704/1704/8426 1256/1256/8427 
f 1256/1256/8428 1704/1704/8429 1119/1118/8430 
f 1705/1705/8431 1437/1437/8432 1496/1496/8433 
f 1705/1705/8434 1096/1095/8435 1437/1437/8436 
f 1448/1448/8437 1706/1706/8438 1169/1169/8439 
f 1706/1706/8440 1330/1330/8441 1169/1169/8442 
f 1707/1707/8443 1439/1439/8444 1497/1497/8445 
f 1707/1707/8446 1099/1098/8447 1439/1439/8448 
f 1190/1190/8449 1708/1708/8450 1450/1450/8451 
f 1450/1450/8452 1708/1708/8453 1455/1455/8454 
f 1514/1514/8455 1512/1512/8456 1709/1709/8457 
f 1514/1514/8458 1709/1709/8459 1183/1183/8460 
f 1515/1515/8461 1196/1196/8462 1710/1710/8463 
f 1515/1515/8464 1710/1710/8465 1153/1154/8466 
f 1550/1550/8467 1711/1711/8468 1259/1259/8469 
f 1259/1259/8470 1711/1711/8471 1125/1124/8472 
f 1712/1712/8473 1443/1443/8474 1509/1509/8475 
f 1712/1712/8476 1117/1116/8477 1443/1443/8478 
f 1713/1713/8479 1776/1776/8480 1386/1386/8481 
f 1386/1386/8482 1078/1077/8483 1713/1713/8484 
f 1714/1714/8485 1775/1775/8486 1387/1387/8487 
f 1387/1387/8488 1075/1074/8489 1714/1714/8490 
f 1715/1715/8491 1444/1444/8492 1502/1502/8493 
f 1715/1715/8494 1114/1113/8495 1444/1444/8496 
f 1716/1716/8497 1774/1774/8498 1391/1391/8499 
f 1391/1391/8500 1274/1274/8501 1716/1716/8502 
f 1717/1717/8503 1442/1442/8504 1500/1500/8505 
f 1717/1717/8506 1105/1104/8507 1442/1442/8508 
f 1718/1718/8509 1441/1441/8510 1504/1504/8511 
f 1718/1718/8512 1108/1107/8513 1441/1441/8514 
f 1455/1455/8515 1719/1719/8516 1172/1172/8517 
f 1719/1719/8518 1333/1333/8519 1172/1172/8520 
f 1720/1720/8521 1445/1445/8522 1503/1503/8523 
f 1720/1720/8524 1111/1110/8525 1445/1445/8526 
f 1713/1713/8527 1078/1077/8528 1721/1721/8529 
f 1078/1077/8530 1390/1390/8531 1721/1721/8532 
f 1714/1714/8533 1075/1074/8534 1722/1722/8535 
f 1075/1074/8536 1389/1389/8537 1722/1722/8538 
f 1716/1716/8539 1274/1274/8540 1723/1723/8541 
f 1274/1274/8542 1483/1483/8543 1723/1723/8544 
f 1724/1724/8545 1459/1459/8546 1516/1516/8547 
f 1724/1724/8548 1120/1119/8549 1459/1459/8550 
f 1725/1725/8551 1786/1786/8552 1404/1404/8553 
f 1404/1404/8554 1334/1334/8555 1725/1725/8556 
f 1726/1726/8557 1781/1781/8558 1405/1405/8559 
f 1405/1405/8560 1087/1086/8561 1726/1726/8562 
f 1727/1727/8563 1784/1784/8564 1419/1419/8565 
f 1419/1419/8566 1081/1080/8567 1727/1727/8568 
f 1728/1728/8569 1782/1782/8570 1406/1406/8571 
f 1406/1406/8572 1084/1083/8573 1728/1728/8574 
f 1729/1729/8575 1783/1783/8576 1409/1409/8577 
f 1409/1409/8578 1090/1089/8579 1729/1729/8580 
f 1730/1730/8581 1785/1785/8582 1421/1421/8583 
f 1421/1421/8584 1151/1151/8585 1730/1730/8586 
f 1731/1731/8587 1787/1787/8588 1422/1422/8589 
f 1422/1422/8590 1335/1335/8591 1731/1731/8592 
f 1728/1728/8593 1084/1083/8594 1732/1732/8595 
f 1084/1083/8596 1414/1414/8597 1732/1732/8598 
f 1726/1726/8599 1087/1086/8600 1733/1733/8601 
f 1087/1086/8602 1413/1413/8603 1733/1733/8604 
f 1731/1731/8605 1335/1335/8606 1734/1734/8607 
f 1335/1335/8608 1193/1193/8609 1734/1734/8610 
f 1729/1729/8611 1090/1089/8612 1735/1735/8613 
f 1090/1089/8614 1412/1412/8615 1735/1735/8616 
f 1725/1725/8617 1334/1334/8618 1736/1736/8619 
f 1334/1334/8620 1194/1194/8621 1736/1736/8622 
f 1727/1727/8623 1081/1080/8624 1737/1737/8625 
f 1081/1080/8626 1415/1415/8627 1737/1737/8628 
f 1730/1730/8629 1151/1151/8630 1738/1738/8631 
f 1151/1151/8632 1585/1585/8633 1738/1738/8634 
f 1739/1739/8635 1473/1473/8636 1520/1520/8637 
f 1739/1739/8638 1126/1125/8639 1473/1473/8640 
f 1741/1741/8641 1343/1343/8642 1740/1740/8643 
f 1343/1343/8644 1195/1195/8645 1740/1740/8646 
f 1741/1741/8647 1792/1792/8648 1438/1438/8649 
f 1438/1438/8650 1343/1343/8651 1741/1741/8652 
f 1742/1742/8653 1799/1799/8654 1446/1446/8655 
f 1446/1446/8656 1093/1092/8657 1742/1742/8658 
f 1743/1743/8659 1399/1399/8660 1345/1345/8661 
f 1743/1743/8662 1191/1191/8663 1399/1399/8664 
f 1645/1645/8665 1498/1498/8666 1744/1744/8667 
f 1744/1744/8668 1498/1498/8669 1796/1796/8670 
f 1745/1745/8671 1800/1800/8672 1451/1451/8673 
f 1451/1451/8674 1159/1159/8675 1745/1745/8676 
f 1742/1742/8677 1093/1092/8678 1746/1746/8679 
f 1093/1092/8680 1447/1447/8681 1746/1746/8682 
f 1646/1646/8683 1499/1499/8684 1747/1747/8685 
f 1747/1747/8686 1499/1499/8687 1798/1798/8688 
f 1748/1748/8689 1801/1801/8690 1453/1453/8691 
f 1453/1453/8692 1096/1095/8693 1748/1748/8694 
f 1745/1745/8695 1159/1159/8696 1749/1749/8697 
f 1159/1159/8698 1631/1631/8699 1749/1749/8700 
f 1750/1750/8701 1803/1803/8702 1457/1457/8703 
f 1457/1457/8704 1099/1098/8705 1750/1750/8706 
f 1751/1751/8707 1471/1471/8708 1150/1150/8709 
f 1748/1748/8710 1096/1095/8711 1752/1752/8712 
f 1096/1095/8713 1454/1454/8714 1752/1752/8715 
f 1753/1753/8716 1472/1472/8717 1152/1152/8718 
f 1754/1754/8719 1806/1806/8720 1262/1262/8721 
f 1262/1262/8722 1191/1191/8723 1754/1754/8724 
f 1750/1750/8725 1099/1098/8726 1755/1755/8727 
f 1099/1098/8728 1458/1458/8729 1755/1755/8730 
f 1756/1756/8731 1811/1811/8732 1464/1464/8733 
f 1464/1464/8734 1111/1110/8735 1756/1756/8736 
f 1757/1757/8737 1809/1809/8738 1465/1465/8739 
f 1465/1465/8740 1114/1113/8741 1757/1757/8742 
f 1758/1758/8743 1810/1810/8744 1461/1461/8745 
f 1461/1461/8746 1105/1104/8747 1758/1758/8748 
f 1759/1759/8749 1807/1807/8750 1468/1468/8751 
f 1468/1468/8752 1117/1116/8753 1759/1759/8754 
f 1760/1760/8755 1594/1594/8756 1462/1462/8757 
f 1462/1462/8758 1108/1107/8759 1760/1760/8760 
f 1761/1761/8761 1598/1598/8762 1460/1460/8763 
f 1460/1460/8764 1378/1378/8765 1761/1761/8766 
f 1760/1760/8767 1108/1107/8768 1762/1762/8769 
f 1108/1107/8770 1467/1467/8771 1762/1762/8772 
f 1754/1754/8773 1191/1191/8774 1763/1763/8775 
f 1191/1191/8776 1512/1512/8777 1763/1763/8778 
f 1761/1761/8779 1378/1378/8780 1764/1764/8781 
f 1378/1378/8782 1196/1196/8783 1764/1764/8784 
f 1758/1758/8785 1105/1104/8786 1765/1765/8787 
f 1105/1104/8788 1466/1466/8789 1765/1765/8790 
f 1756/1756/8791 1111/1110/8792 1766/1766/8793 
f 1111/1110/8794 1469/1469/8795 1766/1766/8796 
f 1757/1757/8797 1114/1113/8798 1767/1767/8799 
f 1114/1113/8800 1463/1463/8801 1767/1767/8802 
f 1759/1759/8803 1117/1116/8804 1768/1768/8805 
f 1117/1116/8806 1470/1470/8807 1768/1768/8808 
f 1769/1769/8809 1618/1618/8810 1475/1475/8811 
f 1475/1475/8812 1120/1119/8813 1769/1769/8814 
f 1769/1769/8815 1120/1119/8816 1770/1770/8817 
f 1120/1119/8818 1476/1476/8819 1770/1770/8820 
f 1771/1771/8821 1643/1643/8822 1477/1477/8823 
f 1477/1477/8824 1126/1125/8825 1771/1771/8826 
f 1771/1771/8827 1126/1125/8828 1772/1772/8829 
f 1126/1125/8830 1478/1478/8831 1772/1772/8832 
f 1773/1773/8833 1289/1289/8834 1168/1168/8835 
f 1716/1716/8836 1539/1539/8837 1774/1774/8838 
f 1774/1774/8839 1539/1539/8840 1282/1282/8841 
f 1714/1714/8842 1537/1537/8843 1775/1775/8844 
f 1775/1775/8845 1537/1537/8846 1281/1281/8847 
f 1713/1713/8848 1538/1538/8849 1776/1776/8850 
f 1776/1776/8851 1538/1538/8852 1280/1280/8853 
f 1777/1777/8854 1338/1338/8855 1479/1479/8856 
f 1777/1777/8857 1479/1479/8858 1254/1254/8859 
f 1778/1778/8860 1341/1341/8861 1480/1480/8862 
f 1778/1778/8863 1480/1480/8864 1255/1255/8865 
f 1779/1779/8866 1481/1481/8867 1170/1170/8868 
f 1780/1780/8869 1482/1482/8870 1171/1171/8871 
f 1726/1726/8872 1552/1552/8873 1781/1781/8874 
f 1781/1781/8875 1552/1552/8876 1292/1292/8877 
f 1728/1728/8878 1553/1553/8879 1782/1782/8880 
f 1782/1782/8881 1553/1553/8882 1293/1293/8883 
f 1729/1729/8884 1554/1554/8885 1783/1783/8886 
f 1783/1783/8887 1554/1554/8888 1294/1294/8889 
f 1727/1727/8890 1555/1555/8891 1784/1784/8892 
f 1784/1784/8893 1555/1555/8894 1295/1295/8895 
f 1730/1730/8896 1556/1556/8897 1785/1785/8898 
f 1785/1785/8899 1556/1556/8900 1290/1290/8901 
f 1725/1725/8902 1557/1557/8903 1786/1786/8904 
f 1786/1786/8905 1557/1557/8906 1296/1296/8907 
f 1731/1731/8908 1551/1551/8909 1787/1787/8910 
f 1787/1787/8911 1551/1551/8912 1291/1291/8913 
f 1788/1788/8914 1488/1488/8915 1176/1176/8916 
f 1789/1789/8917 1486/1486/8918 1175/1175/8919 
f 1790/1790/8920 1485/1485/8921 1177/1177/8922 
f 1791/1791/8923 1265/1265/8924 1173/1173/8925 
f 1741/1741/8926 1564/1564/8927 1792/1792/8928 
f 1792/1792/8929 1564/1564/8930 1299/1299/8931 
f 1793/1793/8932 1263/1263/8933 1160/1160/8934 
f 1794/1794/8935 1487/1487/8936 1178/1178/8937 
f 1795/1795/8938 1264/1264/8939 1161/1161/8940 
f 1796/1796/8941 1498/1498/8942 1254/1254/8943 
f 1796/1796/8944 1254/1254/8945 1208/1208/8946 
f 1797/1797/8947 1273/1273/8948 1167/1167/8949 
f 1798/1798/8950 1499/1499/8951 1255/1255/8952 
f 1798/1798/8953 1255/1255/8954 1209/1209/8955 
f 1742/1742/8956 1568/1568/8957 1799/1799/8958 
f 1799/1799/8959 1568/1568/8960 1302/1302/8961 
f 1745/1745/8962 1579/1579/8963 1800/1800/8964 
f 1800/1800/8965 1579/1579/8966 1309/1309/8967 
f 1748/1748/8968 1581/1581/8969 1801/1801/8970 
f 1801/1801/8971 1581/1581/8972 1310/1310/8973 
f 1802/1802/8974 1491/1491/8975 1180/1180/8976 
f 1750/1750/8977 1582/1582/8978 1803/1803/8979 
f 1803/1803/8980 1582/1582/8981 1311/1311/8982 
f 1804/1804/8983 1389/1389/8984 1493/1493/8985 
f 1804/1804/8986 1493/1493/8987 1281/1281/8988 
f 1805/1805/8989 1390/1390/8990 1492/1492/8991 
f 1805/1805/8992 1492/1492/8993 1280/1280/8994 
f 1754/1754/8995 1593/1593/8996 1806/1806/8997 
f 1806/1806/8998 1593/1593/8999 1312/1312/9000 
f 1759/1759/9001 1597/1597/9002 1807/1807/9003 
f 1807/1807/9004 1597/1597/9005 1319/1319/9006 
f 1808/1808/9007 1483/1483/9008 1494/1494/9009 
f 1808/1808/9010 1494/1494/9011 1282/1282/9012 
f 1757/1757/9013 1596/1596/9014 1809/1809/9015 
f 1809/1809/9016 1596/1596/9017 1318/1318/9018 
f 1758/1758/9019 1595/1595/9020 1810/1810/9021 
f 1810/1810/9022 1595/1595/9023 1315/1315/9024 
f 1756/1756/9025 1599/1599/9026 1811/1811/9027 
f 1811/1811/9028 1599/1599/9029 1317/1317/9030 
f 1812/1812/9031 1496/1496/9032 1181/1181/9033 
# 1191 faces

#
# object SM_Barnacle_Group_03_LOD2
#

v  4.8244 0.0000 19.3581
v  -0.3348 0.0000 20.2440
v  3.6138 -0.0000 12.0842
v  -3.9677 0.0010 -67.4497
v  -4.0597 0.0010 -72.6546
v  3.3649 0.0010 -67.5416
v  0.5291 2.0607 16.5656
v  -0.5745 2.0504 -71.2502
v  -7.8589 0.0287 72.4356
v  -6.0850 0.0287 76.5088
v  -0.3344 0.0287 74.0394
v  -2.0303 0.0287 7.5470
v  2.3483 0.0287 6.7952
v  1.3209 0.0287 0.6217
v  -2.4492 0.0287 110.3334
v  1.4289 0.0287 108.1658
v  -5.8628 0.0287 105.7023
v  -5.0336 0.0386 -38.6236
v  0.9115 0.0386 -34.5295
v  0.3091 0.0386 -39.3938
v  -5.2835 0.0386 6.5932
v  -4.0504 0.0386 13.7055
v  -0.9957 0.0386 9.8723
v  1.1677 0.0386 -64.2820
v  7.1127 0.0386 -60.1880
v  6.5104 0.0386 -65.0524
v  -2.3279 0.0386 63.4630
v  1.7803 0.0386 62.7576
v  -3.9003 0.0386 58.2991
v  -3.2342 0.0386 -92.3526
v  -2.1794 0.0386 -88.3199
v  1.7760 0.0386 -94.3615
v  -3.7698 0.0386 89.4166
v  -1.4319 0.0386 92.8676
v  0.2849 0.0386 85.8533
v  -3.3343 0.0386 26.8233
v  2.8470 0.0386 23.0954
v  -1.8330 0.0386 21.6383
v  -4.7724 1.4757 95.5976
v  -3.8445 0.0254 99.1464
v  -5.3609 0.0254 92.6706
v  -0.3472 0.0569 -105.2668
v  -1.0347 0.0569 -110.1046
v  -3.9997 0.0569 -104.6428
v  -2.4800 1.4748 30.2784
v  -6.0662 0.0533 30.5306
v  -2.2906 0.0533 33.8400
v  -7.5638 0.0434 84.5803
v  -5.2998 0.0434 87.9220
v  -3.6375 0.0434 81.1299
v  -7.2419 0.0254 97.2631
v  -3.6380 0.0533 27.5984
v  1.1268 1.4414 -18.5897
v  3.1922 0.0568 -15.7619
v  3.9670 0.0568 -20.5904
v  5.0533 1.4404 -52.6680
v  3.2126 0.0569 -49.6923
v  7.9738 0.0569 -50.7917
v  1.5856 1.4404 -40.7582
v  4.9283 0.0569 -39.7239
v  2.6684 0.0569 -44.0564
v  -2.3847 1.4400 53.8939
v  -0.9834 0.0570 57.0990
v  0.8183 0.0570 52.5582
v  2.1131 0.0482 -29.7872
v  2.8622 0.0482 -36.5049
v  -0.8860 0.0482 -33.8559
v  -2.5850 0.0568 -81.0712
v  -2.6497 0.0568 -76.3339
v  1.0267 0.0568 -75.8492
v  3.5139 0.0568 -45.0828
v  -0.1626 0.0568 -45.5675
v  4.2887 0.0568 -49.9113
v  -0.4843 0.0568 -16.2466
v  2.2781 0.0569 -53.2778
v  1.6923 0.0569 -37.9189
v  -4.4635 0.0570 55.8297
v  -4.0459 0.0273 1.0557
v  -3.2884 0.0273 -5.2963
v  -7.0830 0.0273 -2.7903
v  -4.5394 0.0632 34.0214
v  -1.2305 0.0632 32.7878
v  -3.0357 0.0632 38.4289
v  -1.1317 0.0670 -25.7339
v  -4.1843 0.0670 -27.2851
v  1.0259 0.0670 -29.7007
v  -2.3077 1.1255 -79.0290
v  1.4486 1.4414 -47.9106
v  -0.5318 1.1531 90.4986
v  -4.1349 1.6796 9.3741
v  3.9584 1.6796 -63.1575
v  -1.1590 1.6796 24.7446
v  -0.0061 1.1531 60.9602
v  -2.2429 1.6796 -37.4990
v  -0.2570 1.6796 -91.9182
v  -4.4283 1.1226 85.6281
v  -1.5397 1.3817 35.4781
v  1.9576 1.5227 -32.7940
v  -2.0617 1.3454 -28.8307
v  -4.2934 1.4569 -1.8529
v  -3.7062 0.0287 2.0433
v  -1.5965 0.0287 102.6873
v  -2.9133 0.0287 69.4961
v  -2.3093 -0.0000 13.7592
v  2.6126 0.0010 -73.6166
v  -3.1544 1.4404 -107.3555
v  -4.6523 1.7777 72.4035
v  -1.2971 1.7776 4.4252
v  -4.1150 1.3241 107.4874
v  -8.2102 0.0386 9.5612
v  1.2413 0.0386 -60.1144
v  3.4463 0.0386 89.5991
v  0.4930 0.0386 28.4747
v  -4.9599 0.0386 -34.4559
v  0.8163 0.0386 56.9654
v  3.5089 0.0386 -89.7766
v  -0.5762 0.0434 84.7570
v  -5.3380 0.0569 -109.1838
v  5.5202 0.0482 -31.6916
v  -0.8057 0.0273 -0.8994
v  -1.2023 0.0254 94.4276
v  0.4460 0.0533 30.2406
v  1.8015 0.0568 -80.6777
v  -0.0978 0.0568 -50.3048
v  -0.4196 0.0568 -20.9839
v  6.6877 0.0569 -55.0003
v  -1.0823 0.0569 -41.7545
v  -3.3740 0.0570 51.2241
v  -2.9120 1.2541 60.4246
v  -1.9417 1.2541 -38.7396
v  -1.2433 1.2541 87.6307
v  4.2596 1.2540 -64.3981
v  -0.2570 1.2540 -93.1948
v  -3.0378 1.2541 8.7214
v  -2.1651 1.2541 23.9587
v  -5.1172 1.2204 82.8510
v  0.8299 0.0632 36.8017
v  -2.0356 0.0000 18.7161
v  -2.3011 0.0010 -74.0958
v  0.6496 1.1863 -32.2876
v  -2.6730 0.0670 -31.3904
v  -5.5445 1.1308 -1.3200
v  -6.9437 0.0287 70.7246
v  -3.4739 0.0287 6.2503
v  -4.2423 0.0287 109.5917
v  -3.6254 0.0386 -39.7776
v  -3.4738 0.0386 6.7922
v  2.5758 0.0386 -65.4361
v  -3.2206 0.0386 87.6808
v  -3.6823 0.0386 62.2464
v  -3.8049 0.0386 25.0646
v  -2.1381 0.0386 -93.8062
v  -7.0319 0.0434 82.8996
v  0.5377 0.0482 -30.4389
v  2.6244 1.4066 17.0453
v  -5.5933 0.0273 0.4750
v  -1.3622 1.3998 -69.2630
v  2.4279 0.3131 13.4921
v  2.1600 0.3124 -68.9199
v  -3.5200 0.4093 -105.6750
v  -7.4770 0.0254 95.6336
v  -4.6238 1.2224 74.2276
v  -0.9856 1.2224 106.9371
v  0.4812 1.2224 4.8322
v  -2.0257 0.0533 27.6665
v  -0.9851 1.4924 15.3222
v  0.8763 1.4852 -72.5508
v  -3.4285 0.0568 -77.6992
v  -0.9413 0.0568 -46.9328
v  -1.2630 0.0568 -17.6119
v  3.2490 0.0569 -54.5124
v  0.2535 0.0569 -38.5486
v  -4.9271 0.0570 54.3296
v  -5.8742 1.1448 94.7675
v  -1.4812 1.1505 29.3670
v  0.0341 0.0632 33.5887
v  -3.7622 0.1772 97.6570
v  -0.1422 1.1255 -18.9417
v  0.3584 1.1248 -40.2831
v  4.9016 1.1248 -53.9752
v  -3.5460 1.1245 53.2757
v  5.5519 0.0000 16.9536
v  -1.7141 0.0010 -66.3716
v  -4.4431 0.0670 -28.7131
v  -2.5822 1.2953 3.3698
v  -3.9337 1.2953 70.9039
v  -4.3612 1.2953 106.5787
v  -4.6467 0.2020 30.8701
v  -0.0063 1.0367 -77.8234
v  3.0589 0.2017 -46.4297
v  2.7371 0.2017 -17.1088
v  3.7599 0.2017 -40.5319
v  4.2882 0.2017 -50.6203
v  -1.9167 1.0361 -106.8460
v  -1.1353 0.2017 55.6869
v  0.4192 0.2716 1.7876
v  -2.0583 0.2716 104.0869
v  -1.6816 0.2716 73.4416
v  -3.5554 0.2011 34.9512
v  -1.1143 0.2008 -27.0465
v  0.1795 1.1255 -48.2626
v  -1.0386 1.4414 -78.6770
v  1.3312 0.0287 106.0359
v  2.9658 0.0287 4.7544
v  -3.9559 0.0287 76.6220
v  -0.2221 0.0386 -87.9067
v  2.3596 0.0386 60.8428
v  0.5513 0.0386 92.6051
v  -7.5648 0.0386 11.4547
v  2.0236 0.0386 27.1867
v  3.0459 0.0386 -59.2511
v  -3.1553 0.0386 -33.5926
v  -0.3150 1.0809 35.2077
v  -3.4604 0.0569 -110.3405
v  -4.2315 1.0494 -108.2207
v  -3.3795 0.0434 87.6678
v  -3.0587 1.0538 -29.5269
v  5.4344 0.0482 -33.5628
v  0.1180 1.4031 17.8695
v  -1.7941 1.3964 -71.8511
v  3.0234 0.1994 18.4762
v  -0.9491 0.0273 -2.7099
v  -2.8289 0.1993 -69.0869
v  2.4698 1.3798 15.3607
v  0.3170 1.3732 -69.1607
v  -0.1938 1.1683 87.4529
v  -0.9655 1.1683 -38.3154
v  -1.3761 1.1683 23.2443
v  0.7917 1.1683 -93.0129
v  -2.6579 1.1683 9.7158
v  -2.6409 1.1683 59.3953
v  5.2357 1.1683 -63.9740
v  0.3745 -0.0000 12.1058
v  3.8326 0.0010 -70.7290
v  -2.3341 0.3957 109.0346
v  -1.4891 0.3957 6.3607
v  -6.5779 0.3957 72.6784
v  -0.5440 1.1528 -90.2552
v  -5.7110 1.1531 9.9803
v  -0.8179 1.6796 88.8344
v  -1.6400 1.6796 60.5340
v  -0.0226 1.1531 25.9936
v  3.2891 1.1531 -61.6072
v  -2.9122 1.1531 -35.9487
v  -4.1010 1.1373 82.6788
v  1.3474 0.2044 5.3875
v  -4.9565 0.2044 75.2012
v  0.0162 0.2044 107.1720
v  -4.4796 1.5682 84.1537
v  -2.3256 0.0254 98.1036
v  0.5679 1.1060 -33.2810
v  -4.0021 0.2600 12.3315
v  -0.0366 0.2600 -35.5252
v  -0.0240 0.2600 58.0536
v  1.5490 0.2600 23.5485
v  2.3527 0.2600 -90.5205
v  2.1083 0.2600 89.2828
v  6.1647 0.2600 -61.1837
v  -4.4198 1.1248 -107.2091
v  -5.0868 1.0658 94.1837
v  -5.0472 0.3830 7.7936
v  -1.8202 0.3830 62.3500
v  -4.0105 0.3830 -37.9527
v  -2.5465 0.3830 89.4198
v  -2.3013 0.3830 26.1679
v  -2.0818 0.3830 -91.9420
v  2.1907 0.3830 -63.6112
v  -5.3363 0.0533 32.1823
v  3.3823 1.0918 -32.7213
v  -5.6557 1.0529 -2.2800
v  -1.0612 1.0731 30.2311
v  -1.8718 0.2578 84.4508
v  2.0112 0.0568 -77.3067
v  4.4984 0.0568 -46.5404
v  4.1767 0.0568 -17.2195
v  4.9323 0.0569 -49.3293
v  4.8478 0.0569 -41.4796
v  0.1617 0.0569 -106.9490
v  0.2925 0.0570 55.8909
v  -6.3791 0.3769 84.5834
v  -2.9105 1.0391 -1.8283
v  -0.9354 0.2035 -89.3630
v  -2.7553 0.0000 16.0924
v  0.3532 1.0501 -19.7357
v  0.2818 1.0494 -41.2151
v  5.8230 1.0494 -53.8154
v  -2.8909 1.0492 52.6087
v  0.3864 0.0010 -74.4072
v  0.4271 0.2035 26.8555
v  0.8412 0.2035 61.4368
v  2.6893 0.2035 -60.8421
v  -6.6773 0.2035 10.0870
v  -3.5119 0.2035 -35.1836
v  -0.6163 0.2035 91.4671
v  2.4598 0.2555 -35.2819
v  2.2142 0.3707 -30.9283
v  -1.0076 0.0287 71.3738
v  -1.4284 0.0287 0.6401
v  -4.1826 0.0287 103.6205
v  -6.1665 0.4082 96.7209
v  -2.4330 0.2293 94.7260
v  -4.7169 0.0632 35.6869
v  -4.5101 0.2030 86.5659
v  0.3499 1.1998 3.4025
v  -1.5856 1.1998 105.6327
v  -3.2665 1.1998 73.7593
v  -3.8869 0.2283 -4.2798
v  -3.3100 0.4285 28.7324
v  -2.0633 0.2532 32.6895
v  -3.9846 0.3400 -0.0533
v  0.1733 0.0670 -26.7008
v  -1.0683 1.5264 16.4283
v  4.2791 0.2026 -32.5648
v  0.2814 0.4223 -17.1044
v  -1.8841 0.4223 -77.1917
v  0.6031 0.4223 -46.4253
v  -0.1984 1.5190 -72.7996
v  2.9001 0.2515 -20.1821
v  1.7942 0.4221 -39.0632
v  3.3602 0.4221 -52.8918
v  -3.5311 0.4221 55.1591
v  2.0569 0.2514 -43.0925
v  -1.9324 0.2514 -109.3996
v  7.1944 0.2514 -51.6257
v  -0.3105 0.2514 52.7253
v  -4.0963 1.0516 96.8263
v  2.3661 0.0386 87.2567
v  0.6764 0.0386 21.7018
v  1.2860 0.0386 -37.0816
v  3.2708 0.0386 -92.3451
v  7.4873 0.0386 -62.7401
v  -1.7632 0.0386 56.9826
v  -1.9646 0.0386 12.1878
v  -3.7857 1.0593 30.7101
v  -2.0365 0.1770 -1.7055
v  -1.6221 0.0434 82.4888
v  -1.4916 0.4112 33.8512
v  2.4809 1.0367 -47.0571
v  0.5716 0.2017 -77.1961
v  2.1592 1.0367 -17.7362
v  3.2324 0.2418 -49.5085
v  0.7452 0.2418 -80.2749
v  4.6515 1.0361 -51.3913
v  2.9224 1.0361 -40.6900
v  -1.1797 0.2017 -106.4179
v  -1.5629 1.0359 54.9499
v  0.5902 0.0482 -35.6850
v  -3.2541 0.4044 -27.7969
v  -4.9267 0.0287 69.6006
v  -4.0846 0.0287 4.0235
v  -5.5600 0.0287 107.6955
v  -3.0665 0.0254 92.9547
v  -2.7892 0.9963 35.2209
v  -2.3269 0.2393 37.6185
v  -5.7115 0.0273 -4.6101
v  -0.2425 0.0533 32.3994
v  -0.0177 0.2378 -29.6743
v  -1.4249 0.9718 -27.7703
v  1.7178 0.0568 -21.5339
v  8.0010 0.0569 -53.2287
v  0.3027 0.0569 -43.4707
v  -1.1705 0.0570 51.1508
v  -4.2554 0.0386 60.1571
v  -1.4734 0.0386 -40.0269
v  4.7278 0.0386 -65.6854
v  -0.1056 0.0386 -94.5562
v  -1.5540 0.0386 86.2966
v  -3.1447 0.0386 23.0012
v  -1.7902 0.0386 8.1557
v  -2.6528 1.3241 4.3086
v  -4.8623 1.3241 71.0591
v  -2.7979 1.7777 107.1456
v  -0.4476 0.0568 -81.6212
v  2.0396 0.0568 -50.8548
v  -5.4181 0.0434 81.5592
v  -5.6500 0.0569 -107.5514
v  -0.7225 0.0632 38.2185
v  -0.6200 0.0482 -32.1047
v  -6.6859 0.0254 93.8017
v  -0.6429 0.0670 -31.2129
v  -6.7688 0.0273 -1.1019
v  4.0835 0.2148 14.8683
v  -0.4041 0.0533 28.7597
v  0.5573 0.2146 -67.5002
v  -0.8793 0.0568 -48.8367
v  -3.3665 0.0568 -79.6030
v  -1.2010 0.0568 -19.5157
v  5.0347 0.0569 -55.1713
v  -0.8327 0.0569 -40.1115
v  -4.4541 0.0570 52.4865
v  0.8318 0.0632 35.2179
v  -1.3960 0.2148 18.0726
v  -1.7652 0.2146 -73.3699
v  -2.0311 0.2148 16.1283
v  0.2419 0.2146 -73.7007
v  -3.8044 0.0670 -30.3519
v  5.0444 -0.0000 14.3364
v  0.9351 0.0010 -66.4753
v  -1.4989 0.1994 14.1967
v  -5.1465 0.0569 -105.7159
v  2.0601 0.1993 -72.8860
v  0.5087 1.1017 -48.9860
v  -1.9786 1.1017 -79.7523
v  1.7195 0.2109 2.9846
v  -0.4334 0.2110 104.7824
v  -2.5342 0.2109 74.9898
v  -0.2691 1.0582 35.9631
v  -2.5499 1.0318 -30.0557
v  -2.9309 0.2109 5.7042
v  -3.9123 0.2110 108.8959
v  -6.2839 0.2109 71.1216
v  -4.8097 0.2109 70.2048
v  -3.4700 0.2109 4.0540
v  -4.9703 0.2110 107.5195
v  0.3473 0.1994 19.0808
v  2.5351 0.0287 2.5332
v  0.1852 0.0287 104.0851
v  -1.9014 0.0287 75.6743
v  -5.0905 0.1979 105.8234
v  -3.1100 0.1979 70.2527
v  -3.0183 0.1979 2.4147
v  -3.0193 0.1993 -71.8086
v  -3.1729 0.2096 61.7340
v  -1.5839 0.2096 -93.3426
v  -3.1963 0.2096 -39.1963
v  -2.5436 0.2096 87.9334
v  3.0049 0.2096 -64.8548
v  -3.5890 0.2096 7.5055
v  -3.0985 0.2096 24.9133
v  -3.6787 0.2096 60.1857
v  -0.0847 0.2096 -93.9791
v  -1.3421 0.2096 86.8337
v  4.6120 0.2096 -65.1197
v  -1.5892 0.2096 -39.4612
v  -2.6771 0.2096 23.3400
v  -2.2755 0.2096 8.4686
v  1.3321 0.2096 -89.2140
v  1.1904 0.2096 59.1824
v  -1.3366 0.2096 -34.4963
v  4.8647 0.2096 -60.1548
v  1.9502 0.2096 25.1571
v  1.5812 0.2096 90.8547
v  -5.6467 0.2096 12.1222
v  0.2746 1.1685 14.4605
v  1.5331 1.1631 -71.1827
v  -6.3764 0.2090 83.1441
v  -5.2129 0.2090 82.0792
v  -1.0341 0.0386 -33.6756
v  2.2829 0.0386 91.3769
v  1.8197 0.0386 -88.4879
v  2.8226 0.0386 25.2200
v  5.1672 0.0386 -59.3342
v  1.9555 0.0386 58.7588
v  -6.0215 0.0386 12.9124
v  -2.3821 0.2090 85.9729
v  0.2338 0.1974 86.5850
v  -3.2549 0.1974 58.6476
v  -1.4825 0.1974 22.2826
v  6.0680 0.1974 -64.4673
v  -1.7232 0.1974 9.9654
v  1.4841 0.1974 -93.6887
v  -0.1333 0.1974 -38.8089
v  0.8276 0.2083 -31.0502
v  -0.1019 0.2083 -32.2594
v  -1.7027 0.0434 86.4786
v  -3.6869 0.1971 81.8384
v  -1.5009 0.9855 2.5862
v  -3.6026 0.9855 105.4796
v  -2.9150 0.9855 71.7673
v  3.8840 0.2083 -34.6642
v  4.2748 0.2148 16.9129
v  -6.8158 0.1829 95.5585
v  -1.4812 0.2146 -67.6208
v  -6.2878 0.1829 94.1543
v  -2.2100 0.1829 96.2367
v  -5.3321 0.1826 -0.1267
v  -2.0730 0.2077 28.3170
v  -6.2717 0.1826 -1.2685
v  -2.4869 0.1826 -3.7271
v  4.4275 0.0482 -35.2768
v  -0.2076 0.1969 -33.7496
v  -0.8158 0.2077 29.0795
v  -3.5588 0.2077 32.6311
v  0.6642 1.3258 -90.7909
v  0.4262 1.3258 89.5904
v  -4.6328 1.3258 10.7421
v  0.2964 1.3258 24.7127
v  -0.4380 1.3258 59.7127
v  4.5876 1.3258 -61.8447
v  -1.6136 1.3258 -36.1863
v  -1.4160 0.0254 96.3728
v  -5.0976 0.1716 93.2926
v  -2.8674 0.2072 -77.9971
v  -0.3802 0.2072 -47.2307
v  -0.7019 0.2072 -17.9098
v  0.5255 0.2072 -39.1221
v  3.7358 0.2072 -54.1051
v  -4.3154 0.2072 54.1607
v  -0.4023 0.2072 -48.6627
v  -2.8896 0.2072 -79.4291
v  -0.7241 0.2072 -19.3418
v  -0.3466 0.2072 -40.2566
# 502 vertices

vn -0.0104 0.9972 0.0736
vn 0.3956 0.8738 0.2826
vn 0.3432 0.8972 -0.2778
vn -0.0712 0.9972 -0.0215
vn -0.3394 0.8738 0.3482
vn 0.2225 0.8972 0.3814
vn -0.5483 0.8362 0.0126
vn -0.4735 0.8139 -0.3368
vn -0.2870 0.8974 -0.3351
vn 0.3956 0.8738 0.2826
vn -0.0104 0.9972 0.0736
vn -0.1512 0.7983 0.5830
vn -0.3394 0.8738 0.3482
vn -0.0712 0.9972 -0.0215
vn -0.5533 0.7983 -0.2379
vn 0.0708 0.8362 -0.5439
vn 0.4048 0.8139 -0.4169
vn 0.3747 0.8974 -0.2328
vn -0.1449 0.9894 0.0020
vn -0.2181 0.8408 0.4954
vn 0.3475 0.8993 0.2656
vn -0.0326 0.9894 0.1412
vn 0.4292 0.8408 0.3298
vn 0.3408 0.8993 -0.2742
vn 0.0163 0.9894 0.1440
vn 0.5145 0.8408 0.1680
vn 0.2300 0.8993 -0.3720
vn -0.4293 0.8990 -0.0868
vn -0.1344 0.9881 -0.0746
vn -0.0418 0.8086 -0.5868
vn -0.2383 0.8990 -0.3675
vn -0.0407 0.9881 -0.1482
vn 0.3900 0.8086 -0.4404
vn -0.4293 0.8990 -0.0868
vn -0.1344 0.9881 -0.0746
vn -0.0418 0.8086 -0.5868
vn -0.0206 0.8990 0.4375
vn -0.0533 0.9881 0.1442
vn -0.5737 0.8086 0.1304
vn -0.4379 0.8989 0.0173
vn -0.1481 0.9881 -0.0408
vn -0.1791 0.8086 -0.5604
vn -0.4070 0.8990 0.1618
vn -0.1533 0.9881 0.0110
vn -0.3556 0.8086 -0.4687
vn -0.2561 0.8990 0.3553
vn -0.1234 0.9881 0.0917
vn -0.5519 0.8086 -0.2039
vn 0.0108 0.9982 0.0596
vn 0.2795 0.9566 0.0819
vn 0.2400 0.9607 -0.1393
vn -0.4110 0.8488 -0.3325
vn -0.0113 0.8273 -0.5616
vn -0.0080 0.9108 -0.4127
vn 0.3419 0.8984 0.2755
vn 0.0588 0.9977 0.0337
vn 0.0123 0.8914 0.4530
vn 0.3793 0.8426 -0.3823
vn 0.4883 0.8689 0.0806
vn 0.4360 0.8999 -0.0008
vn -0.0606 0.9982 -0.0004
vn -0.1596 0.9402 0.3011
vn 0.1008 0.9557 0.2765
vn -0.3945 0.9052 0.1580
vn -0.0218 0.9980 0.0588
vn -0.3462 0.8322 -0.4331
vn 0.1324 0.8645 0.4849
vn 0.0108 0.9982 0.0596
vn -0.2981 0.8953 0.3311
vn -0.5003 0.8648 0.0424
vn -0.0606 0.9982 -0.0004
vn -0.2701 0.8953 -0.3541
vn -0.5255 0.8426 -0.1180
vn -0.1914 0.8689 -0.4564
vn -0.2325 0.8999 -0.3689
vn 0.0417 0.9978 0.0515
vn 0.2636 0.9584 0.1098
vn 0.1925 0.9593 -0.2063
vn -0.1038 0.7891 -0.6055
vn 0.3686 0.8772 -0.3075
vn 0.3045 0.8783 -0.3686
vn -0.0320 0.9978 0.0580
vn -0.0025 0.9584 0.2855
vn 0.2637 0.9593 0.1007
vn -0.4920 0.8426 0.2191
vn -0.4261 0.8689 -0.2519
vn -0.4067 0.8999 -0.1571
vn 0.0642 0.9978 0.0164
vn 0.2770 0.9584 -0.0693
vn 0.0312 0.9593 -0.2805
vn -0.5571 0.7891 -0.2588
vn -0.0434 0.8772 -0.4781
vn -0.1302 0.8783 -0.4600
vn 0.0295 0.9978 0.0593
vn 0.2335 0.9584 0.1643
vn 0.2327 0.9593 -0.1597
vn 0.1236 0.9052 0.4065
vn 0.0567 0.9980 0.0268
vn -0.4611 0.8322 0.3079
vn 0.0458 0.9976 0.0513
vn 0.2633 0.9585 0.1092
vn 0.1887 0.9608 -0.2031
vn 0.0458 0.9976 0.0513
vn 0.2633 0.9585 0.1092
vn 0.1887 0.9608 -0.2031
vn 0.2454 0.8983 0.3646
vn 0.0417 0.9978 0.0515
vn -0.1564 0.8954 0.4170
vn -0.2454 0.8983 0.3646
vn -0.0320 0.9978 0.0580
vn -0.4452 0.8953 0.0122
vn 0.4145 0.8983 0.1459
vn 0.0642 0.9978 0.0164
vn 0.1236 0.8953 0.4279
vn 0.1605 0.8983 0.4091
vn 0.0295 0.9978 0.0593
vn -0.2431 0.8953 0.3732
vn 0.1371 0.9052 0.4022
vn 0.0576 0.9980 0.0248
vn -0.4506 0.8322 0.3230
vn -0.0646 0.9976 -0.0238
vn -0.2838 0.9585 0.0269
vn -0.0715 0.9608 0.2679
vn 0.0262 0.9976 0.0636
vn 0.2120 0.9585 0.1906
vn 0.2456 0.9608 -0.1288
vn -0.5488 0.8295 -0.1038
vn -0.2580 0.8701 -0.4200
vn -0.2331 0.8911 -0.3893
vn 0.2454 0.8983 0.3646
vn 0.0458 0.9976 0.0513
vn -0.1564 0.8953 0.4170
vn -0.5488 0.8295 -0.1038
vn -0.2580 0.8701 -0.4200
vn -0.2331 0.8911 -0.3893
vn 0.2454 0.8983 0.3646
vn 0.0458 0.9976 0.0513
vn -0.1564 0.8954 0.4170
vn 0.2462 0.8161 -0.5228
vn 0.3691 0.9194 0.1359
vn 0.3105 0.9501 -0.0294
vn -0.0767 0.9433 0.3230
vn -0.1405 0.8339 0.5337
vn -0.4070 0.8990 0.1618
vn -0.3317 0.9433 -0.0120
vn -0.5508 0.8339 -0.0334
vn -0.2383 0.8990 -0.3675
vn 0.5609 0.8161 0.1391
vn -0.0610 0.9194 0.3886
vn 0.0896 0.9501 0.2987
vn -0.2406 0.9433 0.2287
vn -0.4092 0.8339 0.3703
vn -0.4293 0.8990 -0.0868
vn 0.4918 0.8161 -0.3035
vn 0.2350 0.9194 0.3154
vn 0.2761 0.9501 0.1450
vn -0.0737 0.8161 -0.5731
vn 0.3843 0.9194 -0.0840
vn 0.2459 0.9501 -0.1918
vn 0.1091 0.9433 0.3135
vn 0.1686 0.8339 0.5255
vn -0.2561 0.8990 0.3553
vn -0.3746 0.8161 -0.4400
vn 0.2761 0.9194 -0.2801
vn 0.1014 0.9501 -0.2949
vn 0.2625 0.9433 0.2031
vn 0.4281 0.8339 0.3483
vn -0.0206 0.8990 0.4375
vn 0.4918 0.8161 -0.3034
vn 0.2350 0.9194 0.3154
vn 0.2761 0.9501 0.1450
vn -0.2406 0.9433 0.2287
vn -0.4092 0.8339 0.3703
vn -0.4293 0.8990 -0.0868
vn 0.4063 0.8161 -0.4109
vn 0.3025 0.9194 0.2513
vn 0.3025 0.9501 0.0757
vn -0.1786 0.9434 0.2795
vn -0.3118 0.8336 0.4558
vn -0.4379 0.8989 0.0173
vn -0.0767 0.9433 0.3229
vn -0.1009 0.8656 0.4905
vn -0.3945 0.9052 0.1580
vn 0.2443 0.8273 -0.5058
vn -0.0218 0.9980 0.0588
vn 0.2770 0.9607 -0.0155
vn 0.6607 0.7374 -0.1401
vn 0.3738 0.8849 0.2777
vn 0.4069 0.8669 0.2880
vn -0.3876 0.8983 -0.2070
vn -0.0646 0.9976 -0.0238
vn -0.0914 0.8923 -0.4422
vn -0.4830 0.8273 -0.2867
vn 0.0567 0.9980 0.0268
vn 0.0083 0.9607 -0.2773
vn 0.3152 0.9433 0.1040
vn 0.4801 0.8656 0.1425
vn 0.1236 0.9052 0.4065
vn 0.1102 0.8983 0.4254
vn 0.0262 0.9976 0.0636
vn -0.2635 0.8923 0.3666
vn -0.5505 0.7374 -0.3914
vn -0.0488 0.8849 -0.4631
vn -0.0636 0.8669 -0.4944
vn 0.3185 0.9433 0.0935
vn 0.4845 0.8656 0.1265
vn 0.1371 0.9052 0.4022
vn -0.4342 0.8689 -0.2376
vn 0.0576 0.9980 0.0248
vn -0.0037 0.9557 -0.2943
vn -0.0833 0.7597 -0.6449
vn -0.0326 0.9894 0.1412
vn 0.3408 0.8993 -0.2742
vn -0.2934 0.7597 -0.5803
vn 0.0163 0.9894 0.1440
vn 0.2300 0.8993 -0.3720
vn 0.6065 0.7597 -0.2346
vn -0.1449 0.9894 0.0020
vn 0.3475 0.8993 0.2656
vn -0.2870 0.8974 -0.3351
vn -0.0802 0.7710 -0.6317
vn 0.1049 0.9419 -0.3192
vn 0.3747 0.8974 -0.2328
vn 0.6366 0.7710 0.0166
vn 0.2996 0.9419 0.1521
vn 0.0588 0.9977 0.0337
vn 0.2843 0.9584 0.0269
vn 0.1229 0.9593 -0.2541
vn -0.3412 0.8783 -0.3349
vn -0.2806 0.8810 -0.3808
vn 0.1229 0.9593 -0.2541
vn -0.3281 0.7996 -0.5030
vn 0.2142 0.8150 -0.5385
vn -0.1429 0.8362 -0.5295
vn -0.2181 0.8408 0.4954
vn -0.1449 0.9894 0.0020
vn -0.4286 0.8995 0.0851
vn -0.5667 0.7996 0.1988
vn -0.4719 0.8150 -0.3364
vn -0.5483 0.8362 0.0126
vn 0.4292 0.8408 0.3298
vn -0.0326 0.9894 0.1412
vn -0.0196 0.8995 0.4365
vn -0.4681 0.7996 0.3762
vn -0.5570 0.8150 -0.1599
vn -0.5128 0.8362 0.1945
vn 0.5145 0.8408 0.1680
vn 0.0163 0.9894 0.1440
vn 0.1270 0.8995 0.4181
vn -0.0610 0.9194 0.3886
vn -0.1808 0.9453 0.2714
vn 0.0896 0.9501 0.2987
vn 0.2350 0.9194 0.3154
vn 0.0675 0.9453 0.3190
vn 0.2761 0.9501 0.1450
vn 0.3691 0.9194 0.1359
vn 0.2308 0.9453 0.2304
vn 0.3105 0.9501 -0.0294
vn 0.3843 0.9194 -0.0840
vn 0.3185 0.9453 0.0701
vn 0.2459 0.9501 -0.1918
vn 0.2350 0.9194 0.3154
vn 0.0675 0.9453 0.3190
vn 0.2761 0.9501 0.1450
vn 0.2761 0.9194 -0.2801
vn 0.3051 0.9453 -0.1151
vn 0.1014 0.9501 -0.2949
vn 0.3025 0.9194 0.2513
vn 0.1409 0.9453 0.2941
vn 0.3025 0.9501 0.0757
vn -0.0218 0.9980 0.0588
vn 0.2123 0.9566 0.1996
vn 0.2770 0.9607 -0.0155
vn -0.4185 0.8945 0.1574
vn -0.2806 0.8810 -0.3808
vn -0.6451 0.7641 -0.0025
vn 0.0567 0.9980 0.0268
vn 0.2170 0.9566 -0.1944
vn 0.0083 0.9607 -0.2773
vn 0.0576 0.9980 0.0248
vn 0.2501 0.9401 -0.2316
vn -0.0037 0.9557 -0.2943
vn -0.0080 0.9108 -0.4127
vn -0.0113 0.8273 -0.5616
vn 0.2400 0.9607 -0.1393
vn 0.4360 0.8999 -0.0008
vn 0.4883 0.8689 0.0806
vn 0.1008 0.9557 0.2765
vn -0.2580 0.8701 -0.4200
vn 0.1887 0.9608 -0.2031
vn -0.2331 0.8911 -0.3893
vn -0.2580 0.8701 -0.4200
vn 0.1887 0.9608 -0.2031
vn -0.2331 0.8911 -0.3893
vn -0.2325 0.8999 -0.3689
vn -0.1914 0.8689 -0.4564
vn 0.1925 0.9593 -0.2063
vn 0.3045 0.8783 -0.3686
vn 0.3686 0.8772 -0.3075
vn 0.2637 0.9593 0.1007
vn -0.4067 0.8999 -0.1571
vn -0.4261 0.8689 -0.2519
vn 0.0312 0.9593 -0.2805
vn -0.1302 0.8783 -0.4600
vn -0.0434 0.8772 -0.4781
vn 0.2327 0.9593 -0.1597
vn -0.2642 0.9109 -0.3171
vn -0.3746 0.8161 -0.4400
vn 0.1014 0.9501 -0.2949
vn -0.5286 0.8488 -0.0026
vn -0.3746 0.8161 -0.4400
vn -0.2642 0.9109 -0.3171
vn 0.3535 0.9109 -0.2130
vn 0.4918 0.8161 -0.3034
vn 0.2761 0.9501 0.1450
vn 0.0828 0.8489 -0.5221
vn 0.4918 0.8161 -0.3034
vn 0.3535 0.9109 -0.2130
vn -0.2158 0.8489 -0.4826
vn 0.2462 0.8161 -0.5228
vn 0.1798 0.9109 -0.3715
vn 0.1798 0.9109 -0.3715
vn 0.2462 0.8161 -0.5228
vn 0.3105 0.9501 -0.0294
vn 0.0828 0.8488 -0.5221
vn 0.4918 0.8161 -0.3035
vn 0.3535 0.9108 -0.2130
vn 0.3535 0.9108 -0.2130
vn 0.4918 0.8161 -0.3035
vn 0.2761 0.9501 0.1450
vn -0.0427 0.8488 -0.5269
vn 0.4063 0.8161 -0.4109
vn 0.2933 0.9109 -0.2904
vn 0.2933 0.9109 -0.2904
vn 0.4063 0.8161 -0.4109
vn 0.3025 0.9501 0.0757
vn 0.3995 0.9108 0.1036
vn 0.5609 0.8161 0.1391
vn 0.0896 0.9501 0.2987
vn 0.4310 0.8488 -0.3061
vn 0.5609 0.8161 0.1391
vn 0.3995 0.9108 0.1036
vn -0.0483 0.9109 -0.4099
vn -0.0737 0.8161 -0.5731
vn 0.2459 0.9501 -0.1918
vn -0.4415 0.8488 -0.2907
vn -0.0737 0.8161 -0.5731
vn -0.0483 0.9109 -0.4099
vn -0.2158 0.8488 -0.4826
vn 0.2443 0.8273 -0.5058
vn 0.1798 0.9108 -0.3715
vn 0.1798 0.9108 -0.3715
vn 0.2443 0.8273 -0.5058
vn 0.2770 0.9607 -0.0155
vn 0.3738 0.8849 0.2777
vn -0.0715 0.9608 0.2679
vn 0.4069 0.8669 0.2880
vn -0.1512 0.7983 0.5830
vn -0.5894 0.7926 0.1563
vn -0.3670 0.8864 0.2820
vn -0.5533 0.7983 -0.2379
vn -0.0650 0.7926 -0.6063
vn -0.2230 0.8864 -0.4056
vn -0.3548 0.9109 -0.2110
vn -0.4830 0.8273 -0.2867
vn 0.0083 0.9607 -0.2773
vn -0.4993 0.8488 0.1737
vn -0.4830 0.8273 -0.2867
vn -0.3548 0.9109 -0.2110
vn -0.0488 0.8849 -0.4631
vn 0.2456 0.9608 -0.1288
vn -0.0636 0.8669 -0.4944
vn -0.4117 0.8999 -0.1435
vn -0.4342 0.8689 -0.2376
vn -0.0037 0.9557 -0.2943
vn -0.4844 0.8426 0.2354
vn -0.4342 0.8689 -0.2376
vn -0.4117 0.8999 -0.1435
vn -0.4286 0.8995 0.0851
vn -0.3281 0.7996 -0.5030
vn -0.3379 0.9020 -0.2687
vn -0.0196 0.8995 0.4365
vn -0.5667 0.7996 0.1988
vn -0.3415 0.9020 0.2641
vn 0.1270 0.8995 0.4181
vn -0.4681 0.7996 0.3762
vn -0.2340 0.9020 0.3628
vn -0.4293 0.8990 -0.0868
vn -0.0418 0.8086 -0.5868
vn -0.2092 0.9020 -0.3776
vn -0.2383 0.8990 -0.3675
vn 0.3900 0.8086 -0.4404
vn 0.1235 0.9020 -0.4137
vn -0.4293 0.8990 -0.0868
vn -0.0418 0.8086 -0.5868
vn -0.2092 0.9020 -0.3776
vn -0.4070 0.8990 0.1618
vn -0.3556 0.8086 -0.4687
vn -0.3815 0.9020 -0.2021
vn -0.0206 0.8990 0.4375
vn -0.5737 0.8086 0.1304
vn -0.3415 0.9020 0.2641
vn -0.2561 0.8990 0.3553
vn -0.5519 0.8086 -0.2039
vn -0.4303 0.9020 0.0349
vn -0.4379 0.8989 0.0173
vn -0.1791 0.8086 -0.5604
vn -0.2924 0.9020 -0.3176
vn -0.3945 0.9052 0.1580
vn -0.3462 0.8322 -0.4331
vn -0.3815 0.9020 -0.2021
vn 0.1236 0.9052 0.4065
vn -0.4611 0.8322 0.3079
vn -0.2340 0.9020 0.3628
vn 0.1612 0.9349 0.3163
vn 0.3956 0.8738 0.2826
vn -0.0222 0.9200 0.3914
vn 0.3432 0.8972 -0.2778
vn 0.3956 0.8738 0.2826
vn 0.3130 0.9395 -0.1390
vn 0.1371 0.9052 0.4022
vn -0.4506 0.8322 0.3230
vn -0.2218 0.9020 0.3704
vn 0.2225 0.8972 0.3814
vn -0.3394 0.8738 0.3482
vn 0.0899 0.9395 0.3305
vn -0.3371 0.9349 0.1114
vn -0.3394 0.8738 0.3482
vn -0.3835 0.9199 -0.0814
vn 0.1049 0.9419 -0.3192
vn 0.3130 0.9395 -0.1390
vn 0.1728 0.9821 -0.0753
vn -0.0555 0.9885 -0.1410
vn 0.1049 0.9419 -0.3192
vn 0.0875 0.9855 -0.1455
vn 0.2996 0.9419 0.1521
vn 0.0899 0.9395 0.3305
vn 0.0482 0.9821 0.1822
vn 0.1478 0.9885 -0.0335
vn 0.2996 0.9419 0.1521
vn 0.1305 0.9855 0.1086
vn -0.3693 0.8654 0.3387
vn -0.4185 0.8945 0.1574
vn -0.6451 0.7641 -0.0025
vn 0.2128 0.8793 0.4261
vn 0.0123 0.8914 0.4530
vn -0.0597 0.9639 0.2595
vn -0.2981 0.8953 0.3311
vn -0.5042 0.8316 -0.2328
vn -0.4357 0.9000 -0.0157
vn 0.3475 0.8993 0.2656
vn -0.2181 0.8408 0.4954
vn 0.1877 0.9423 0.2773
vn -0.1374 0.9428 0.3038
vn -0.2181 0.8408 0.4954
vn -0.4286 0.8995 0.0851
vn 0.3158 0.9428 0.1068
vn 0.5145 0.8408 0.1680
vn 0.1270 0.8995 0.4181
vn 0.2300 0.8993 -0.3720
vn 0.5145 0.8408 0.1680
vn 0.2574 0.9423 -0.2142
vn 0.3408 0.8993 -0.2742
vn 0.4292 0.8408 0.3298
vn 0.3140 0.9423 -0.1162
vn 0.2622 0.9428 0.2059
vn 0.4292 0.8408 0.3298
vn -0.0196 0.8995 0.4365
vn -0.2701 0.8953 -0.3541
vn 0.3218 0.8316 -0.4526
vn 0.0958 0.9000 -0.4253
vn -0.0802 0.7710 -0.6317
vn -0.0104 0.9972 0.0736
vn 0.3432 0.8972 -0.2778
vn -0.5894 0.7926 0.1563
vn -0.4735 0.8139 -0.3368
vn -0.5483 0.8362 0.0126
vn -0.0650 0.7926 -0.6063
vn 0.4048 0.8139 -0.4169
vn 0.0708 0.8362 -0.5439
vn 0.6366 0.7710 0.0166
vn -0.0712 0.9972 -0.0215
vn 0.2225 0.8972 0.3814
vn -0.1564 0.8953 0.4170
vn -0.5639 0.8256 0.0199
vn -0.4112 0.9000 0.1450
vn -0.1564 0.8954 0.4170
vn -0.5639 0.8256 0.0199
vn -0.4112 0.9000 0.1450
vn -0.1564 0.8954 0.4170
vn -0.5544 0.8316 -0.0319
vn -0.4112 0.9000 0.1450
vn -0.4452 0.8953 0.0122
vn -0.1964 0.8710 -0.4502
vn -0.3150 0.8946 -0.3170
vn 0.1236 0.8953 0.4279
vn -0.4638 0.8316 0.3054
vn -0.2432 0.8999 0.3618
vn -0.2431 0.8953 0.3732
vn -0.4820 0.8710 -0.0944
vn -0.4399 0.8946 0.0789
vn -0.2981 0.8953 0.3311
vn 0.0108 0.9982 0.0596
vn -0.5042 0.8316 -0.2328
vn -0.0113 0.8273 -0.5616
vn 0.0108 0.9982 0.0596
vn 0.2400 0.9607 -0.1393
vn -0.2701 0.8953 -0.3541
vn -0.0606 0.9982 -0.0004
vn 0.3218 0.8316 -0.4526
vn 0.4883 0.8689 0.0806
vn -0.0606 0.9982 -0.0004
vn 0.1008 0.9557 0.2765
vn -0.0914 0.8923 -0.4422
vn 0.3930 0.8864 -0.2448
vn 0.2968 0.8683 -0.3975
vn 0.0025 0.9948 0.1015
vn 0.0775 0.9434 0.3224
vn -0.2054 0.9669 0.1513
vn 0.0108 0.9982 0.0596
vn 0.1324 0.8645 0.4849
vn 0.2795 0.9566 0.0819
vn -0.1564 0.8954 0.4170
vn 0.0417 0.9978 0.0515
vn -0.5544 0.8316 -0.0319
vn -0.1914 0.8689 -0.4564
vn 0.0417 0.9978 0.0515
vn 0.1925 0.9593 -0.2063
vn -0.4261 0.8689 -0.2519
vn 0.0642 0.9978 0.0164
vn 0.0312 0.9593 -0.2805
vn 0.1236 0.8953 0.4279
vn 0.0642 0.9978 0.0164
vn -0.4638 0.8316 0.3054
vn 0.3686 0.8772 -0.3075
vn -0.0320 0.9978 0.0580
vn 0.2637 0.9593 0.1007
vn -0.4452 0.8953 0.0122
vn -0.0320 0.9978 0.0580
vn -0.1964 0.8710 -0.4502
vn -0.0434 0.8772 -0.4781
vn 0.0295 0.9978 0.0593
vn 0.2327 0.9593 -0.1597
vn -0.2431 0.8953 0.3732
vn 0.0295 0.9978 0.0593
vn -0.4820 0.8710 -0.0944
vn 0.0838 0.9920 0.0946
vn 0.1612 0.9349 0.3163
vn -0.0412 0.9865 0.1587
vn -0.1062 0.9920 0.0685
vn -0.3371 0.9349 0.1114
vn -0.1506 0.9865 -0.0648
vn -0.2635 0.8923 0.3666
vn -0.4462 0.8864 -0.1234
vn -0.4935 0.8683 0.0507
vn -0.5483 0.8362 0.0126
vn -0.4719 0.8150 -0.3364
vn -0.2868 0.8958 -0.3396
vn -0.2868 0.8958 -0.3396
vn -0.0833 0.7597 -0.6449
vn 0.1099 0.9458 -0.3056
vn 0.2615 0.8958 -0.3594
vn 0.6065 0.7597 -0.2346
vn 0.3230 0.9458 0.0339
vn -0.1429 0.8362 -0.5295
vn 0.2142 0.8150 -0.5385
vn 0.2615 0.8958 -0.3594
vn -0.3835 0.8958 -0.2247
vn -0.2934 0.7597 -0.5803
vn 0.0018 0.9458 -0.3248
vn -0.5128 0.8362 0.1945
vn -0.5570 0.8150 -0.1599
vn -0.3835 0.8958 -0.2247
vn -0.1004 0.9948 -0.0162
vn -0.3315 0.9433 0.0154
vn -0.1108 0.9669 -0.2300
vn -0.0606 0.9982 -0.0004
vn -0.5003 0.8648 0.0424
vn -0.1596 0.9402 0.3011
vn 0.0397 0.9948 0.0936
vn 0.0772 0.8793 0.4699
vn -0.1359 0.9669 0.2161
vn 0.0458 0.9976 0.0513
vn 0.2454 0.8983 0.3646
vn 0.2633 0.9585 0.1092
vn 0.0397 0.9948 0.0936
vn 0.0772 0.8793 0.4699
vn -0.1359 0.9669 0.2161
vn 0.0458 0.9976 0.0513
vn 0.2454 0.8983 0.3646
vn 0.2633 0.9585 0.1092
vn 0.0417 0.9978 0.0515
vn 0.2454 0.8983 0.3646
vn 0.2636 0.9584 0.1098
vn 0.0397 0.9948 0.0936
vn 0.0772 0.8793 0.4699
vn -0.1359 0.9669 0.2161
vn 0.0642 0.9978 0.0164
vn 0.4145 0.8983 0.1459
vn 0.2770 0.9584 -0.0693
vn 0.0877 0.9948 0.0514
vn 0.3425 0.8793 0.3308
vn 0.0200 0.9669 0.2545
vn -0.0320 0.9978 0.0580
vn -0.2454 0.8983 0.3646
vn -0.0025 0.9584 0.2855
vn -0.0718 0.9948 0.0720
vn -0.4062 0.8793 0.2485
vn -0.2513 0.9669 -0.0445
vn 0.0656 0.9948 0.0777
vn 0.2128 0.8793 0.4261
vn -0.0597 0.9639 0.2595
vn 0.0588 0.9977 0.0337
vn 0.3419 0.8984 0.2755
vn 0.2843 0.9584 0.0269
vn 0.0184 0.9948 0.1000
vn -0.0265 0.8793 0.4755
vn -0.1795 0.9669 0.1815
vn 0.0295 0.9978 0.0593
vn 0.1605 0.8983 0.4091
vn 0.2335 0.9584 0.1643
vn -0.0511 0.9905 -0.1275
vn 0.1099 0.9458 -0.3056
vn 0.0832 0.9865 -0.1412
vn 0.1099 0.9458 -0.3056
vn 0.3140 0.9423 -0.1162
vn 0.1721 0.9822 -0.0755
vn 0.0018 0.9458 -0.3248
vn 0.2574 0.9423 -0.2142
vn 0.1371 0.9822 -0.1285
vn -0.0906 0.9905 -0.1032
vn 0.0018 0.9458 -0.3248
vn 0.0315 0.9865 -0.1609
vn 0.3230 0.9458 0.0339
vn 0.1877 0.9423 0.2773
vn 0.1144 0.9822 0.1491
vn 0.1117 0.9905 -0.0800
vn 0.3230 0.9458 0.0339
vn 0.1570 0.9865 0.0472
vn -0.0789 0.9948 -0.0641
vn -0.2885 0.8793 -0.3789
vn 0.0098 0.9622 -0.2720
vn -0.0646 0.9976 -0.0238
vn -0.3876 0.8983 -0.2070
vn -0.2838 0.9585 0.0269
vn 0.0262 0.9976 0.0636
vn 0.1102 0.8983 0.4254
vn 0.2120 0.9585 0.1906
vn 0.0063 0.9948 0.1015
vn -0.0835 0.8793 0.4688
vn -0.2068 0.9622 0.1770
vn -0.2580 0.8701 -0.4200
vn 0.0458 0.9976 0.0513
vn 0.1887 0.9608 -0.2031
vn -0.1564 0.8954 0.4170
vn 0.0458 0.9976 0.0513
vn -0.5639 0.8256 0.0199
vn -0.1564 0.8953 0.4170
vn 0.0458 0.9976 0.0513
vn -0.5639 0.8256 0.0199
vn -0.2580 0.8701 -0.4200
vn 0.0458 0.9976 0.0513
vn 0.1887 0.9608 -0.2031
vn 0.0875 0.9948 0.0515
vn 0.3158 0.9428 0.1068
vn 0.0225 0.9720 0.2337
vn 0.0654 0.9948 0.0777
vn 0.2622 0.9428 0.2059
vn -0.0567 0.9720 0.2279
vn -0.0598 0.9948 0.0820
vn -0.1374 0.9428 0.3038
vn -0.2348 0.9720 -0.0007
vn -0.0718 0.9948 0.0717
vn -0.1786 0.9434 0.2795
vn -0.2318 0.9721 -0.0368
vn 0.0654 0.9948 0.0777
vn 0.2625 0.9433 0.2031
vn -0.0566 0.9720 0.2279
vn -0.0438 0.9948 0.0916
vn -0.0767 0.9433 0.3230
vn -0.2309 0.9720 0.0424
vn -0.0984 0.9948 -0.0250
vn -0.3317 0.9433 -0.0120
vn -0.0868 0.9720 -0.2182
vn 0.0124 0.9948 0.1008
vn 0.1091 0.9433 0.3135
vn -0.1718 0.9720 0.1600
vn -0.0867 0.9948 0.0529
vn -0.2406 0.9433 0.2287
vn -0.2166 0.9720 -0.0906
vn -0.0867 0.9948 0.0529
vn -0.2406 0.9433 0.2287
vn -0.2166 0.9720 -0.0906
vn 0.3738 0.8849 0.2777
vn -0.0646 0.9976 -0.0238
vn -0.0715 0.9608 0.2679
vn -0.0914 0.8923 -0.4422
vn -0.0646 0.9976 -0.0238
vn 0.3930 0.8864 -0.2448
vn -0.3412 0.8783 -0.3349
vn 0.1229 0.9593 -0.2541
vn -0.0472 0.9906 -0.1282
vn -0.2806 0.8810 -0.3808
vn 0.0588 0.9977 0.0337
vn 0.1229 0.9593 -0.2541
vn -0.4185 0.8945 0.1574
vn 0.0588 0.9977 0.0337
vn -0.2806 0.8810 -0.3808
vn -0.0438 0.9948 0.0916
vn -0.0767 0.9433 0.3229
vn -0.2309 0.9720 0.0424
vn -0.0488 0.8849 -0.4631
vn 0.0262 0.9976 0.0636
vn 0.2456 0.9608 -0.1288
vn -0.2635 0.8923 0.3666
vn 0.0262 0.9976 0.0636
vn -0.4462 0.8864 -0.1234
vn 0.0875 0.9948 0.0515
vn 0.3152 0.9433 0.1040
vn 0.0225 0.9720 0.2337
vn -0.0222 0.9200 0.3914
vn -0.3670 0.8864 0.2820
vn -0.0412 0.9865 0.1587
vn 0.1612 0.9349 0.3163
vn -0.0222 0.9200 0.3914
vn -0.0412 0.9865 0.1587
vn -0.3835 0.9199 -0.0814
vn -0.2230 0.8864 -0.4056
vn -0.1506 0.9865 -0.0648
vn -0.3371 0.9349 0.1114
vn -0.3835 0.9199 -0.0814
vn -0.1506 0.9865 -0.0648
vn 0.3130 0.9395 -0.1390
vn 0.3956 0.8738 0.2826
vn 0.3259 0.9425 0.0739
vn 0.1704 0.9853 0.0129
vn 0.3259 0.9425 0.0739
vn 0.0838 0.9920 0.0946
vn 0.0892 0.9948 0.0485
vn 0.3185 0.9433 0.0935
vn 0.0302 0.9720 0.2328
vn -0.0386 0.9853 0.1665
vn -0.1225 0.9425 0.3109
vn -0.1062 0.9920 0.0685
vn 0.0899 0.9395 0.3305
vn -0.3394 0.8738 0.3482
vn -0.1225 0.9425 0.3109
vn -0.0802 0.7710 -0.6317
vn 0.3432 0.8972 -0.2778
vn 0.1049 0.9419 -0.3192
vn 0.3432 0.8972 -0.2778
vn 0.3130 0.9395 -0.1390
vn 0.1049 0.9419 -0.3192
vn 0.2225 0.8972 0.3814
vn 0.0899 0.9395 0.3305
vn 0.2996 0.9419 0.1521
vn 0.6366 0.7710 0.0166
vn 0.2225 0.8972 0.3814
vn 0.2996 0.9419 0.1521
vn -0.3556 0.8086 -0.4687
vn -0.1533 0.9881 0.0110
vn 0.2462 0.8161 -0.5228
vn -0.3556 0.8086 -0.4687
vn 0.2462 0.8161 -0.5228
vn -0.2158 0.8489 -0.4826
vn -0.0418 0.8086 -0.5868
vn -0.1344 0.9881 -0.0746
vn 0.4918 0.8161 -0.3034
vn -0.0418 0.8086 -0.5868
vn 0.4918 0.8161 -0.3034
vn 0.0828 0.8489 -0.5221
vn -0.5519 0.8086 -0.2039
vn -0.1234 0.9881 0.0917
vn -0.0737 0.8161 -0.5731
vn -0.5519 0.8086 -0.2039
vn -0.0737 0.8161 -0.5731
vn -0.4415 0.8488 -0.2907
vn -0.1791 0.8086 -0.5604
vn -0.1481 0.9881 -0.0408
vn 0.4063 0.8161 -0.4109
vn -0.1791 0.8086 -0.5604
vn 0.4063 0.8161 -0.4109
vn -0.0427 0.8488 -0.5269
vn 0.3900 0.8086 -0.4404
vn -0.0407 0.9881 -0.1482
vn 0.5609 0.8161 0.1391
vn 0.3900 0.8086 -0.4404
vn 0.5609 0.8161 0.1391
vn 0.4310 0.8488 -0.3061
vn -0.5737 0.8086 0.1304
vn -0.0533 0.9881 0.1442
vn -0.3746 0.8161 -0.4400
vn -0.5737 0.8086 0.1304
vn -0.3746 0.8161 -0.4400
vn -0.5286 0.8488 -0.0026
vn -0.0418 0.8086 -0.5868
vn 0.4918 0.8161 -0.3035
vn 0.0828 0.8488 -0.5221
vn -0.0418 0.8086 -0.5868
vn -0.1344 0.9881 -0.0746
vn 0.4918 0.8161 -0.3035
vn -0.1542 0.9810 -0.1182
vn 0.1049 0.9419 -0.3192
vn -0.0555 0.9885 -0.1410
vn 0.1402 0.9810 -0.1344
vn 0.2996 0.9419 0.1521
vn 0.1478 0.9885 -0.0335
vn 0.1270 0.8995 0.4181
vn -0.2340 0.9020 0.3628
vn 0.0225 0.9720 0.2337
vn 0.3158 0.9428 0.1068
vn 0.1270 0.8995 0.4181
vn 0.0225 0.9720 0.2337
vn -0.0196 0.8995 0.4365
vn -0.3415 0.9020 0.2641
vn -0.0567 0.9720 0.2279
vn 0.2622 0.9428 0.2059
vn -0.0196 0.8995 0.4365
vn -0.0567 0.9720 0.2279
vn -0.4286 0.8995 0.0851
vn -0.3379 0.9020 -0.2687
vn -0.2348 0.9720 -0.0007
vn -0.1374 0.9428 0.3038
vn -0.4286 0.8995 0.0851
vn -0.2348 0.9720 -0.0007
vn -0.3118 0.8336 0.4558
vn -0.1481 0.9881 -0.0408
vn -0.4379 0.8989 0.0173
vn 0.3025 0.9194 0.2513
vn -0.3118 0.8336 0.4558
vn 0.1409 0.9453 0.2941
vn -0.0610 0.9194 0.3886
vn -0.5508 0.8339 -0.0334
vn -0.1808 0.9453 0.2714
vn -0.5508 0.8339 -0.0334
vn -0.0407 0.9881 -0.1482
vn -0.2383 0.8990 -0.3675
vn 0.3691 0.9194 0.1359
vn -0.1405 0.8339 0.5337
vn 0.2308 0.9453 0.2304
vn -0.1405 0.8339 0.5337
vn -0.1533 0.9881 0.0110
vn -0.4070 0.8990 0.1618
vn 0.2761 0.9194 -0.2801
vn 0.4281 0.8339 0.3483
vn 0.3051 0.9453 -0.1151
vn 0.4281 0.8339 0.3483
vn -0.0533 0.9881 0.1442
vn -0.0206 0.8990 0.4375
vn 0.1686 0.8339 0.5255
vn -0.1234 0.9881 0.0917
vn -0.2561 0.8990 0.3553
vn 0.3843 0.9194 -0.0840
vn 0.1686 0.8339 0.5255
vn 0.3185 0.9453 0.0701
vn 0.2350 0.9194 0.3154
vn -0.4092 0.8339 0.3703
vn 0.0675 0.9453 0.3190
vn -0.4092 0.8339 0.3703
vn -0.1344 0.9881 -0.0746
vn -0.4293 0.8990 -0.0868
vn -0.4092 0.8339 0.3703
vn -0.1344 0.9881 -0.0746
vn -0.4293 0.8990 -0.0868
vn 0.2350 0.9194 0.3154
vn -0.4092 0.8339 0.3703
vn 0.0675 0.9453 0.3190
vn -0.3462 0.8322 -0.4331
vn -0.0218 0.9980 0.0588
vn 0.2443 0.8273 -0.5058
vn -0.3462 0.8322 -0.4331
vn 0.2443 0.8273 -0.5058
vn -0.2158 0.8488 -0.4826
vn 0.1313 0.9912 0.0167
vn 0.2622 0.9428 0.2059
vn 0.0654 0.9948 0.0777
vn 0.3140 0.9423 -0.1162
vn 0.4292 0.8408 0.3298
vn 0.2622 0.9428 0.2059
vn 0.0151 0.9912 0.1315
vn -0.1374 0.9428 0.3038
vn -0.0598 0.9948 0.0820
vn 0.1877 0.9423 0.2773
vn -0.2181 0.8408 0.4954
vn -0.1374 0.9428 0.3038
vn 0.1294 0.9912 -0.0280
vn 0.3158 0.9428 0.1068
vn 0.0875 0.9948 0.0515
vn 0.2574 0.9423 -0.2142
vn 0.5145 0.8408 0.1680
vn 0.3158 0.9428 0.1068
vn -0.1009 0.8656 0.4905
vn -0.0218 0.9980 0.0588
vn -0.3945 0.9052 0.1580
vn -0.0218 0.9980 0.0588
vn -0.1009 0.8656 0.4905
vn 0.2123 0.9566 0.1996
vn 0.0920 0.9912 0.0951
vn 0.0775 0.9434 0.3224
vn 0.0025 0.9948 0.1015
vn -0.4611 0.8322 0.3079
vn -0.4830 0.8273 -0.2867
vn -0.4993 0.8488 0.1737
vn -0.4611 0.8322 0.3079
vn 0.0567 0.9980 0.0268
vn -0.4830 0.8273 -0.2867
vn 0.0896 0.9501 0.2987
vn -0.1808 0.9453 0.2714
vn -0.0946 0.9824 0.1613
vn 0.1128 0.9910 0.0718
vn 0.0896 0.9501 0.2987
vn 0.0144 0.9871 0.1596
vn 0.2761 0.9501 0.1450
vn 0.0675 0.9453 0.3190
vn 0.0491 0.9824 0.1804
vn 0.1302 0.9910 -0.0303
vn 0.2761 0.9501 0.1450
vn 0.1241 0.9871 0.1014
vn 0.1014 0.9501 -0.2949
vn 0.3051 0.9453 -0.1151
vn 0.1708 0.9824 -0.0759
vn -0.0498 0.9910 -0.1241
vn 0.1014 0.9501 -0.2949
vn 0.0813 0.9871 -0.1380
vn 0.0260 0.9910 -0.1311
vn 0.2459 0.9501 -0.1918
vn 0.1435 0.9871 -0.0712
vn 0.2459 0.9501 -0.1918
vn 0.3185 0.9453 0.0701
vn 0.1846 0.9824 0.0297
vn 0.3025 0.9501 0.0757
vn 0.1409 0.9453 0.2941
vn 0.0903 0.9824 0.1637
vn 0.1194 0.9910 -0.0602
vn 0.3025 0.9501 0.0757
vn 0.1445 0.9871 0.0692
vn 0.0925 0.9910 -0.0965
vn 0.3105 0.9501 -0.0294
vn 0.1593 0.9871 0.0171
vn 0.3105 0.9501 -0.0294
vn 0.2308 0.9453 0.2304
vn 0.1396 0.9824 0.1243
vn 0.1302 0.9910 -0.0303
vn 0.2761 0.9501 0.1450
vn 0.1241 0.9871 0.1014
vn 0.2761 0.9501 0.1450
vn 0.0675 0.9453 0.3190
vn 0.0491 0.9824 0.1804
vn 0.0123 0.8914 0.4530
vn -0.4185 0.8945 0.1574
vn -0.3693 0.8654 0.3387
vn 0.0123 0.8914 0.4530
vn 0.0588 0.9977 0.0337
vn -0.4185 0.8945 0.1574
vn -0.5042 0.8316 -0.2328
vn -0.0113 0.8273 -0.5616
vn -0.4110 0.8488 -0.3325
vn -0.5042 0.8316 -0.2328
vn 0.0108 0.9982 0.0596
vn -0.0113 0.8273 -0.5616
vn -0.3317 0.9433 -0.0120
vn -0.2383 0.8990 -0.3675
vn -0.0868 0.9720 -0.2182
vn -0.2383 0.8990 -0.3675
vn 0.1235 0.9020 -0.4137
vn -0.0868 0.9720 -0.2182
vn -0.0206 0.8990 0.4375
vn -0.3415 0.9020 0.2641
vn -0.0566 0.9720 0.2279
vn 0.2625 0.9433 0.2031
vn -0.0206 0.8990 0.4375
vn -0.0566 0.9720 0.2279
vn -0.4293 0.8990 -0.0868
vn -0.2092 0.9020 -0.3776
vn -0.2166 0.9720 -0.0906
vn -0.2406 0.9433 0.2287
vn -0.4293 0.8990 -0.0868
vn -0.2166 0.9720 -0.0906
vn -0.4070 0.8990 0.1618
vn -0.3815 0.9020 -0.2021
vn -0.2309 0.9720 0.0424
vn -0.0767 0.9433 0.3230
vn -0.4070 0.8990 0.1618
vn -0.2309 0.9720 0.0424
vn 0.1091 0.9433 0.3135
vn -0.2561 0.8990 0.3553
vn -0.1718 0.9720 0.1600
vn -0.2561 0.8990 0.3553
vn -0.4303 0.9020 0.0349
vn -0.1718 0.9720 0.1600
vn -0.1786 0.9434 0.2795
vn -0.4379 0.8989 0.0173
vn -0.2318 0.9721 -0.0368
vn -0.4379 0.8989 0.0173
vn -0.2924 0.9020 -0.3176
vn -0.2318 0.9721 -0.0368
vn -0.2406 0.9433 0.2287
vn -0.4293 0.8990 -0.0868
vn -0.2166 0.9720 -0.0906
vn -0.4293 0.8990 -0.0868
vn -0.2092 0.9020 -0.3776
vn -0.2166 0.9720 -0.0906
vn -0.1125 0.9904 0.0803
vn -0.3315 0.9433 0.0154
vn -0.1004 0.9948 -0.0162
vn 0.0567 0.9980 0.0268
vn 0.4801 0.8656 0.1425
vn 0.2170 0.9566 -0.1944
vn 0.4801 0.8656 0.1425
vn 0.0567 0.9980 0.0268
vn 0.1236 0.9052 0.4065
vn -0.4506 0.8322 0.3230
vn 0.0576 0.9980 0.0248
vn -0.4342 0.8689 -0.2376
vn -0.4506 0.8322 0.3230
vn -0.4342 0.8689 -0.2376
vn -0.4844 0.8426 0.2354
vn 0.3218 0.8316 -0.4526
vn -0.0606 0.9982 -0.0004
vn 0.4883 0.8689 0.0806
vn 0.3218 0.8316 -0.4526
vn 0.4883 0.8689 0.0806
vn 0.3793 0.8426 -0.3823
vn 0.0925 0.9910 -0.0965
vn 0.2770 0.9607 -0.0155
vn 0.1593 0.9871 0.0171
vn 0.2770 0.9607 -0.0155
vn 0.2123 0.9566 0.1996
vn 0.1396 0.9824 0.1243
vn 0.2633 0.9585 0.1092
vn 0.0772 0.8793 0.4699
vn 0.0397 0.9948 0.0936
vn 0.2633 0.9585 0.1092
vn 0.0772 0.8793 0.4699
vn 0.0397 0.9948 0.0936
vn 0.2636 0.9584 0.1098
vn 0.0772 0.8793 0.4699
vn 0.0397 0.9948 0.0936
vn -0.0025 0.9584 0.2855
vn -0.4062 0.8793 0.2485
vn -0.0718 0.9948 0.0720
vn 0.2770 0.9584 -0.0693
vn 0.3425 0.8793 0.3308
vn 0.0877 0.9948 0.0514
vn 0.2843 0.9584 0.0269
vn 0.2128 0.8793 0.4261
vn 0.0656 0.9948 0.0777
vn 0.2335 0.9584 0.1643
vn -0.0265 0.8793 0.4755
vn 0.0184 0.9948 0.1000
vn -0.3945 0.9052 0.1580
vn -0.3815 0.9020 -0.2021
vn -0.2309 0.9720 0.0424
vn -0.0767 0.9433 0.3229
vn -0.3945 0.9052 0.1580
vn -0.2309 0.9720 0.0424
vn 0.4845 0.8656 0.1265
vn 0.0576 0.9980 0.0248
vn 0.1371 0.9052 0.4022
vn 0.0576 0.9980 0.0248
vn 0.4845 0.8656 0.1265
vn 0.2501 0.9401 -0.2316
vn 0.1409 0.9453 0.2941
vn -0.3118 0.8336 0.4558
vn -0.1786 0.9434 0.2795
vn -0.0053 0.9912 0.1326
vn -0.1786 0.9434 0.2795
vn -0.0718 0.9948 0.0717
vn -0.3670 0.8864 0.2820
vn -0.5894 0.7926 0.1563
vn -0.5483 0.8362 0.0126
vn -0.5544 0.8316 -0.0319
vn 0.0417 0.9978 0.0515
vn -0.1914 0.8689 -0.4564
vn -0.5544 0.8316 -0.0319
vn -0.1914 0.8689 -0.4564
vn -0.5255 0.8426 -0.1180
vn -0.4638 0.8316 0.3054
vn 0.0642 0.9978 0.0164
vn -0.4261 0.8689 -0.2519
vn -0.4638 0.8316 0.3054
vn -0.4261 0.8689 -0.2519
vn -0.4920 0.8426 0.2191
vn -0.1964 0.8710 -0.4502
vn 0.3686 0.8772 -0.3075
vn -0.1038 0.7891 -0.6055
vn -0.1964 0.8710 -0.4502
vn -0.0320 0.9978 0.0580
vn 0.3686 0.8772 -0.3075
vn -0.4820 0.8710 -0.0944
vn -0.0434 0.8772 -0.4781
vn -0.5571 0.7891 -0.2588
vn -0.4820 0.8710 -0.0944
vn 0.0295 0.9978 0.0593
vn -0.0434 0.8772 -0.4781
vn -0.2230 0.8864 -0.4056
vn -0.0650 0.7926 -0.6063
vn 0.0708 0.8362 -0.5439
vn 0.1009 0.9912 0.0857
vn 0.1091 0.9433 0.3135
vn 0.0124 0.9948 0.1008
vn 0.3185 0.9453 0.0701
vn 0.1686 0.8339 0.5255
vn 0.1091 0.9433 0.3135
vn 0.1313 0.9912 0.0167
vn 0.2625 0.9433 0.2031
vn 0.0654 0.9948 0.0777
vn 0.3051 0.9453 -0.1151
vn 0.4281 0.8339 0.3483
vn 0.2625 0.9433 0.2031
vn -0.0364 0.9912 0.1273
vn -0.2406 0.9433 0.2287
vn -0.0867 0.9948 0.0529
vn 0.0675 0.9453 0.3190
vn -0.4092 0.8339 0.3703
vn -0.2406 0.9433 0.2287
vn -0.1808 0.9453 0.2714
vn -0.5508 0.8339 -0.0334
vn -0.3317 0.9433 -0.0120
vn -0.1164 0.9912 0.0630
vn -0.3317 0.9433 -0.0120
vn -0.0984 0.9948 -0.0250
vn -0.0364 0.9912 0.1273
vn -0.2406 0.9433 0.2287
vn -0.0867 0.9948 0.0529
vn 0.0675 0.9453 0.3190
vn -0.4092 0.8339 0.3703
vn -0.2406 0.9433 0.2287
vn 0.0390 0.9912 0.1265
vn -0.0767 0.9433 0.3230
vn -0.0438 0.9948 0.0916
vn 0.2308 0.9453 0.2304
vn -0.1405 0.8339 0.5337
vn -0.0767 0.9433 0.3230
vn -0.0883 0.9910 -0.1004
vn 0.0083 0.9607 -0.2773
vn 0.0307 0.9871 -0.1572
vn 0.0083 0.9607 -0.2773
vn 0.2170 0.9566 -0.1944
vn 0.1358 0.9824 -0.1285
vn 0.1236 0.9052 0.4065
vn -0.2340 0.9020 0.3628
vn 0.0225 0.9720 0.2337
vn 0.3152 0.9433 0.1040
vn 0.1236 0.9052 0.4065
vn 0.0225 0.9720 0.2337
vn 0.0788 0.9813 -0.1754
vn 0.3230 0.9458 0.0339
vn 0.1117 0.9905 -0.0800
vn -0.1515 0.9813 -0.1184
vn 0.1099 0.9458 -0.3056
vn -0.0511 0.9905 -0.1275
vn -0.1823 0.9813 -0.0611
vn 0.0018 0.9458 -0.3248
vn -0.0906 0.9905 -0.1032
vn 0.0775 0.9434 0.3224
vn -0.2981 0.8953 0.3311
vn -0.2054 0.9669 0.1513
vn -0.2981 0.8953 0.3311
vn -0.4357 0.9000 -0.0157
vn -0.2054 0.9669 0.1513
vn 0.0387 0.9910 -0.1279
vn 0.2400 0.9607 -0.1393
vn 0.1498 0.9871 -0.0569
vn 0.2400 0.9607 -0.1393
vn 0.2795 0.9566 0.0819
vn 0.1808 0.9824 0.0476
vn -0.2838 0.9585 0.0269
vn -0.2885 0.8793 -0.3789
vn -0.0789 0.9948 -0.0641
vn 0.0390 0.9912 0.1265
vn -0.0767 0.9433 0.3229
vn -0.0438 0.9948 0.0916
vn 0.2123 0.9566 0.1996
vn -0.1009 0.8656 0.4905
vn -0.0767 0.9433 0.3229
vn 0.3408 0.8993 -0.2742
vn 0.3140 0.9423 -0.1162
vn 0.1099 0.9458 -0.3056
vn -0.0833 0.7597 -0.6449
vn 0.3408 0.8993 -0.2742
vn 0.1099 0.9458 -0.3056
vn 0.2300 0.8993 -0.3720
vn 0.2574 0.9423 -0.2142
vn 0.0018 0.9458 -0.3248
vn -0.2934 0.7597 -0.5803
vn 0.2300 0.8993 -0.3720
vn 0.0018 0.9458 -0.3248
vn 0.6065 0.7597 -0.2346
vn 0.3475 0.8993 0.2656
vn 0.3230 0.9458 0.0339
vn 0.3475 0.8993 0.2656
vn 0.1877 0.9423 0.2773
vn 0.3230 0.9458 0.0339
vn -0.0037 0.9557 -0.2943
vn 0.2501 0.9401 -0.2316
vn 0.0508 0.9811 -0.1869
vn -0.0906 0.9906 -0.1022
vn -0.0037 0.9557 -0.2943
vn 0.0508 0.9811 -0.1869
vn -0.2701 0.8953 -0.3541
vn 0.0958 0.9000 -0.4253
vn -0.1108 0.9669 -0.2300
vn -0.3315 0.9433 0.0154
vn -0.2701 0.8953 -0.3541
vn -0.1108 0.9669 -0.2300
vn 0.1193 0.9906 0.0665
vn 0.1008 0.9557 0.2765
vn 0.0139 0.9811 0.1932
vn 0.1008 0.9557 0.2765
vn -0.1596 0.9402 0.3011
vn 0.0139 0.9811 0.1932
vn 0.3185 0.9433 0.0935
vn 0.1371 0.9052 0.4022
vn 0.0302 0.9720 0.2328
vn 0.1371 0.9052 0.4022
vn -0.2218 0.9020 0.3704
vn 0.0302 0.9720 0.2328
vn 0.2120 0.9585 0.1906
vn -0.0835 0.8793 0.4688
vn 0.0063 0.9948 0.1015
vn -0.1512 0.7983 0.5830
vn -0.0104 0.9972 0.0736
vn -0.5894 0.7926 0.1563
vn -0.5894 0.7926 0.1563
vn -0.0104 0.9972 0.0736
vn -0.4735 0.8139 -0.3368
vn 0.1294 0.9912 -0.0280
vn 0.3152 0.9433 0.1040
vn 0.0875 0.9948 0.0515
vn 0.2170 0.9566 -0.1944
vn 0.4801 0.8656 0.1425
vn 0.3152 0.9433 0.1040
vn 0.0772 0.8793 0.4699
vn -0.1564 0.8954 0.4170
vn -0.1359 0.9669 0.2161
vn -0.1564 0.8954 0.4170
vn -0.4112 0.9000 0.1450
vn -0.1359 0.9669 0.2161
vn -0.1564 0.8953 0.4170
vn -0.4112 0.9000 0.1450
vn -0.1359 0.9669 0.2161
vn 0.0772 0.8793 0.4699
vn -0.1564 0.8953 0.4170
vn -0.1359 0.9669 0.2161
vn 0.0772 0.8793 0.4699
vn -0.1564 0.8954 0.4170
vn -0.1359 0.9669 0.2161
vn -0.1564 0.8954 0.4170
vn -0.4112 0.9000 0.1450
vn -0.1359 0.9669 0.2161
vn -0.5533 0.7983 -0.2379
vn -0.0712 0.9972 -0.0215
vn -0.0650 0.7926 -0.6063
vn -0.0650 0.7926 -0.6063
vn -0.0712 0.9972 -0.0215
vn 0.4048 0.8139 -0.4169
vn -0.0072 0.9906 -0.1364
vn 0.1925 0.9593 -0.2063
vn 0.1449 0.9852 -0.0911
vn 0.1925 0.9593 -0.2063
vn 0.2636 0.9584 0.1098
vn 0.1449 0.9852 -0.0911
vn 0.3425 0.8793 0.3308
vn 0.1236 0.8953 0.4279
vn 0.0200 0.9669 0.2545
vn 0.1236 0.8953 0.4279
vn -0.2432 0.8999 0.3618
vn 0.0200 0.9669 0.2545
vn -0.4062 0.8793 0.2485
vn -0.4452 0.8953 0.0122
vn -0.2513 0.9669 -0.0445
vn -0.4452 0.8953 0.0122
vn -0.3150 0.8946 -0.3170
vn -0.2513 0.9669 -0.0445
vn -0.0265 0.8793 0.4755
vn -0.2431 0.8953 0.3732
vn -0.1795 0.9669 0.1815
vn -0.2431 0.8953 0.3732
vn -0.4399 0.8946 0.0789
vn -0.1795 0.9669 0.1815
vn 0.0312 0.9593 -0.2805
vn 0.2770 0.9584 -0.0693
vn 0.0618 0.9852 -0.1596
vn -0.0872 0.9906 -0.1051
vn 0.0312 0.9593 -0.2805
vn 0.0618 0.9852 -0.1596
vn -0.0472 0.9906 -0.1282
vn 0.1229 0.9593 -0.2541
vn 0.1115 0.9852 -0.1299
vn 0.1229 0.9593 -0.2541
vn 0.2843 0.9584 0.0269
vn 0.1115 0.9852 -0.1299
vn 0.1237 0.9906 -0.0580
vn 0.2637 0.9593 0.1007
vn 0.1390 0.9852 0.0999
vn 0.2637 0.9593 0.1007
vn -0.0025 0.9584 0.2855
vn 0.1390 0.9852 0.0999
vn 0.0226 0.9906 -0.1347
vn 0.2327 0.9593 -0.1597
vn 0.1612 0.9852 -0.0575
vn 0.2327 0.9593 -0.1597
vn 0.2335 0.9584 0.1643
vn 0.1612 0.9852 -0.0575
vn 0.0775 0.9434 0.3224
vn 0.1324 0.8645 0.4849
vn -0.2981 0.8953 0.3311
vn 0.2795 0.9566 0.0819
vn 0.1324 0.8645 0.4849
vn 0.0775 0.9434 0.3224
vn 0.0456 0.9814 -0.1863
vn 0.3105 0.9501 -0.0294
vn 0.0925 0.9910 -0.0965
vn -0.0618 0.9814 -0.1816
vn 0.2459 0.9501 -0.1918
vn 0.0260 0.9910 -0.1311
vn 0.1399 0.9814 -0.1312
vn 0.2761 0.9501 0.1450
vn 0.1302 0.9910 -0.0303
vn 0.1050 0.9814 -0.1605
vn 0.3025 0.9501 0.0757
vn 0.1194 0.9910 -0.0602
vn 0.1399 0.9814 -0.1312
vn 0.2761 0.9501 0.1450
vn 0.1302 0.9910 -0.0303
vn -0.1509 0.9814 -0.1184
vn 0.1014 0.9501 -0.2949
vn -0.0498 0.9910 -0.1241
vn 0.1916 0.9814 0.0083
vn 0.0896 0.9501 0.2987
vn 0.1128 0.9910 0.0718
vn -0.3315 0.9433 0.0154
vn -0.5003 0.8648 0.0424
vn -0.2701 0.8953 -0.3541
vn -0.1596 0.9402 0.3011
vn -0.5003 0.8648 0.0424
vn -0.3315 0.9433 0.0154
vn 0.2501 0.9401 -0.2316
vn 0.4845 0.8656 0.1265
vn 0.3185 0.9433 0.0935
vn 0.1331 0.9903 -0.0388
vn 0.3185 0.9433 0.0935
vn 0.0892 0.9948 0.0485
vn 0.0456 0.9814 -0.1863
vn 0.2770 0.9607 -0.0155
vn 0.0925 0.9910 -0.0965
vn -0.0914 0.8923 -0.4422
vn 0.2968 0.8683 -0.3975
vn 0.0098 0.9622 -0.2720
vn -0.2885 0.8793 -0.3789
vn -0.0914 0.8923 -0.4422
vn 0.0098 0.9622 -0.2720
vn 0.2633 0.9585 0.1092
vn 0.2454 0.8983 0.3646
vn 0.0772 0.8793 0.4699
vn 0.0772 0.8793 0.4699
vn 0.2454 0.8983 0.3646
vn -0.1564 0.8954 0.4170
vn 0.2633 0.9585 0.1092
vn 0.2454 0.8983 0.3646
vn 0.0772 0.8793 0.4699
vn 0.0772 0.8793 0.4699
vn 0.2454 0.8983 0.3646
vn -0.1564 0.8953 0.4170
vn 0.0772 0.8793 0.4699
vn 0.2454 0.8983 0.3646
vn -0.1564 0.8954 0.4170
vn 0.2636 0.9584 0.1098
vn 0.2454 0.8983 0.3646
vn 0.0772 0.8793 0.4699
vn -0.0070 0.9915 -0.1300
vn 0.1887 0.9608 -0.2031
vn 0.1393 0.9864 -0.0875
vn 0.1887 0.9608 -0.2031
vn 0.2633 0.9585 0.1092
vn 0.1393 0.9864 -0.0875
vn 0.1887 0.9608 -0.2031
vn 0.2633 0.9585 0.1092
vn 0.1393 0.9864 -0.0875
vn -0.0070 0.9915 -0.1300
vn 0.1887 0.9608 -0.2031
vn 0.1393 0.9864 -0.0875
vn -0.4062 0.8793 0.2485
vn -0.2454 0.8983 0.3646
vn -0.4452 0.8953 0.0122
vn -0.0025 0.9584 0.2855
vn -0.2454 0.8983 0.3646
vn -0.4062 0.8793 0.2485
vn 0.3425 0.8793 0.3308
vn 0.4145 0.8983 0.1459
vn 0.1236 0.8953 0.4279
vn 0.2770 0.9584 -0.0693
vn 0.4145 0.8983 0.1459
vn 0.3425 0.8793 0.3308
vn 0.2128 0.8793 0.4261
vn 0.3419 0.8984 0.2755
vn 0.0123 0.8914 0.4530
vn 0.2843 0.9584 0.0269
vn 0.3419 0.8984 0.2755
vn 0.2128 0.8793 0.4261
vn -0.0265 0.8793 0.4755
vn 0.1605 0.8983 0.4091
vn -0.2431 0.8953 0.3732
vn 0.2335 0.9584 0.1643
vn 0.1605 0.8983 0.4091
vn -0.0265 0.8793 0.4755
vn -0.1817 0.9814 -0.0614
vn 0.0083 0.9607 -0.2773
vn -0.0883 0.9910 -0.1004
vn -0.2635 0.8923 0.3666
vn -0.4935 0.8683 0.0507
vn -0.2068 0.9622 0.1770
vn -0.0835 0.8793 0.4688
vn -0.2635 0.8923 0.3666
vn -0.2068 0.9622 0.1770
vn -0.3379 0.9020 -0.2687
vn -0.3281 0.7996 -0.5030
vn -0.1429 0.8362 -0.5295
vn -0.3415 0.9020 0.2641
vn -0.5667 0.7996 0.1988
vn -0.5483 0.8362 0.0126
vn -0.2340 0.9020 0.3628
vn -0.4681 0.7996 0.3762
vn -0.5128 0.8362 0.1945
vn -0.0437 0.9814 -0.1867
vn 0.2400 0.9607 -0.1393
vn 0.0387 0.9910 -0.1279
vn -0.2885 0.8793 -0.3789
vn -0.3876 0.8983 -0.2070
vn -0.0914 0.8923 -0.4422
vn -0.2838 0.9585 0.0269
vn -0.3876 0.8983 -0.2070
vn -0.2885 0.8793 -0.3789
vn 0.0671 0.9915 0.1116
vn -0.0715 0.9608 0.2679
vn -0.0820 0.9864 0.1426
vn -0.0715 0.9608 0.2679
vn -0.2838 0.9585 0.0269
vn -0.0820 0.9864 0.1426
vn -0.4117 0.8999 -0.1435
vn -0.0037 0.9557 -0.2943
vn -0.0906 0.9906 -0.1022
vn 0.4360 0.8999 -0.0008
vn 0.1008 0.9557 0.2765
vn 0.1193 0.9906 0.0665
vn 0.2456 0.9608 -0.1288
vn 0.2120 0.9585 0.1906
vn 0.1605 0.9864 -0.0362
vn 0.0367 0.9915 -0.1249
vn 0.2456 0.9608 -0.1288
vn 0.1605 0.9864 -0.0362
vn 0.2120 0.9585 0.1906
vn 0.1102 0.8983 0.4254
vn -0.0835 0.8793 0.4688
vn -0.0835 0.8793 0.4688
vn 0.1102 0.8983 0.4254
vn -0.2635 0.8923 0.3666
vn -0.2325 0.8999 -0.3689
vn 0.1925 0.9593 -0.2063
vn -0.0072 0.9906 -0.1364
vn 0.3045 0.8783 -0.3686
vn 0.2637 0.9593 0.1007
vn 0.1237 0.9906 -0.0580
vn -0.4067 0.8999 -0.1571
vn 0.0312 0.9593 -0.2805
vn -0.0872 0.9906 -0.1051
vn -0.1302 0.8783 -0.4600
vn 0.2327 0.9593 -0.1597
vn 0.0226 0.9906 -0.1347
vn -0.3415 0.9020 0.2641
vn -0.5737 0.8086 0.1304
vn -0.5286 0.8488 -0.0026
vn -0.2092 0.9020 -0.3776
vn -0.0418 0.8086 -0.5868
vn 0.0828 0.8489 -0.5221
vn -0.2092 0.9020 -0.3776
vn -0.0418 0.8086 -0.5868
vn 0.0828 0.8488 -0.5221
vn -0.2924 0.9020 -0.3176
vn -0.1791 0.8086 -0.5604
vn -0.0427 0.8488 -0.5269
vn -0.3815 0.9020 -0.2021
vn -0.3556 0.8086 -0.4687
vn -0.2158 0.8489 -0.4826
vn -0.4303 0.9020 0.0349
vn -0.5519 0.8086 -0.2039
vn -0.4415 0.8488 -0.2907
vn 0.1235 0.9020 -0.4137
vn 0.3900 0.8086 -0.4404
vn 0.4310 0.8488 -0.3061
vn -0.5667 0.7996 0.1988
vn -0.0326 0.9894 0.1412
vn -0.4719 0.8150 -0.3364
vn -0.0196 0.8995 0.4365
vn -0.0326 0.9894 0.1412
vn -0.5667 0.7996 0.1988
vn -0.4286 0.8995 0.0851
vn -0.1449 0.9894 0.0020
vn -0.3281 0.7996 -0.5030
vn -0.3281 0.7996 -0.5030
vn -0.1449 0.9894 0.0020
vn 0.2142 0.8150 -0.5385
vn -0.4681 0.7996 0.3762
vn 0.0163 0.9894 0.1440
vn -0.5570 0.8150 -0.1599
vn 0.1270 0.8995 0.4181
vn 0.0163 0.9894 0.1440
vn -0.4681 0.7996 0.3762
vn -0.2331 0.8911 -0.3893
vn 0.1887 0.9608 -0.2031
vn -0.0070 0.9915 -0.1300
vn -0.2331 0.8911 -0.3893
vn 0.1887 0.9608 -0.2031
vn -0.0070 0.9915 -0.1300
vn -0.3815 0.9020 -0.2021
vn -0.3462 0.8322 -0.4331
vn -0.2158 0.8488 -0.4826
vn -0.6451 0.7641 -0.0025
vn -0.2806 0.8810 -0.3808
vn -0.3412 0.8783 -0.3349
vn 0.4069 0.8669 0.2880
vn -0.0715 0.9608 0.2679
vn 0.0671 0.9915 0.1116
vn -0.2340 0.9020 0.3628
vn -0.4611 0.8322 0.3079
vn -0.4993 0.8488 0.1737
vn -0.4357 0.9000 -0.0157
vn -0.5042 0.8316 -0.2328
vn -0.4110 0.8488 -0.3325
vn -0.0636 0.8669 -0.4944
vn 0.2456 0.9608 -0.1288
vn 0.0367 0.9915 -0.1249
vn -0.2218 0.9020 0.3704
vn -0.4506 0.8322 0.3230
vn -0.4844 0.8426 0.2354
vn 0.1728 0.9821 -0.0753
vn 0.3130 0.9395 -0.1390
vn 0.1704 0.9853 0.0129
vn 0.3130 0.9395 -0.1390
vn 0.3259 0.9425 0.0739
vn 0.1704 0.9853 0.0129
vn 0.0958 0.9000 -0.4253
vn 0.3218 0.8316 -0.4526
vn 0.3793 0.8426 -0.3823
vn 0.0482 0.9821 0.1822
vn 0.0899 0.9395 0.3305
vn -0.0386 0.9853 0.1665
vn 0.0899 0.9395 0.3305
vn -0.1225 0.9425 0.3109
vn -0.0386 0.9853 0.1665
vn -0.4112 0.9000 0.1450
vn -0.5639 0.8256 0.0199
vn -0.5488 0.8295 -0.1038
vn -0.4112 0.9000 0.1450
vn -0.5639 0.8256 0.0199
vn -0.5488 0.8295 -0.1038
vn -0.4112 0.9000 0.1450
vn -0.5544 0.8316 -0.0319
vn -0.5255 0.8426 -0.1180
vn -0.3150 0.8946 -0.3170
vn -0.1964 0.8710 -0.4502
vn -0.1038 0.7891 -0.6055
vn -0.2432 0.8999 0.3618
vn -0.4638 0.8316 0.3054
vn -0.4920 0.8426 0.2191
vn -0.4399 0.8946 0.0789
vn -0.4820 0.8710 -0.0944
vn -0.5571 0.7891 -0.2588
vn 0.2968 0.8683 -0.3975
vn 0.3930 0.8864 -0.2448
vn 0.6607 0.7374 -0.1401
vn -0.1957 0.9720 0.1299
vn -0.3670 0.8864 0.2820
vn -0.2705 0.9627 0.0024
vn -0.0412 0.9865 0.1587
vn -0.3670 0.8864 0.2820
vn -0.1957 0.9720 0.1299
vn -0.1506 0.9865 -0.0648
vn -0.2230 0.8864 -0.4056
vn -0.0987 0.9720 -0.2131
vn -0.0987 0.9720 -0.2131
vn -0.2230 0.8864 -0.4056
vn 0.0387 0.9627 -0.2678
vn -0.5483 0.8362 0.0126
vn -0.2870 0.8974 -0.3351
vn -0.2705 0.9627 0.0024
vn -0.3670 0.8864 0.2820
vn -0.5483 0.8362 0.0126
vn -0.2705 0.9627 0.0024
vn -0.2230 0.8864 -0.4056
vn 0.0708 0.8362 -0.5439
vn 0.0387 0.9627 -0.2678
vn 0.0708 0.8362 -0.5439
vn 0.3747 0.8974 -0.2328
vn 0.0387 0.9627 -0.2678
vn -0.4935 0.8683 0.0507
vn -0.4462 0.8864 -0.1234
vn -0.5505 0.7374 -0.3914
vn 0.1049 0.9419 -0.3192
vn 0.1728 0.9821 -0.0753
vn 0.0875 0.9855 -0.1455
vn 0.2996 0.9419 0.1521
vn 0.0482 0.9821 0.1822
vn 0.1305 0.9855 0.1086
vn -0.2870 0.8974 -0.3351
vn 0.1049 0.9419 -0.3192
vn -0.1542 0.9810 -0.1182
vn -0.2705 0.9627 0.0024
vn -0.2870 0.8974 -0.3351
vn -0.1542 0.9810 -0.1182
vn 0.0123 0.8914 0.4530
vn -0.3693 0.8654 0.3387
vn -0.0597 0.9639 0.2595
vn 0.3747 0.8974 -0.2328
vn 0.2996 0.9419 0.1521
vn 0.1402 0.9810 -0.1344
vn 0.0387 0.9627 -0.2678
vn 0.3747 0.8974 -0.2328
vn 0.1402 0.9810 -0.1344
vn -0.5639 0.8256 0.0199
vn 0.0458 0.9976 0.0513
vn -0.2580 0.8701 -0.4200
vn -0.5639 0.8256 0.0199
vn -0.2580 0.8701 -0.4200
vn -0.5488 0.8295 -0.1038
vn -0.5639 0.8256 0.0199
vn 0.0458 0.9976 0.0513
vn -0.2580 0.8701 -0.4200
vn -0.5639 0.8256 0.0199
vn -0.2580 0.8701 -0.4200
vn -0.5488 0.8295 -0.1038
vn 0.1721 0.9822 -0.0755
vn 0.3140 0.9423 -0.1162
vn 0.1313 0.9912 0.0167
vn 0.3140 0.9423 -0.1162
vn 0.2622 0.9428 0.2059
vn 0.1313 0.9912 0.0167
vn 0.2574 0.9423 -0.2142
vn 0.3158 0.9428 0.1068
vn 0.1294 0.9912 -0.0280
vn 0.1371 0.9822 -0.1285
vn 0.2574 0.9423 -0.2142
vn 0.1294 0.9912 -0.0280
vn 0.1144 0.9822 0.1491
vn 0.1877 0.9423 0.2773
vn 0.0151 0.9912 0.1315
vn 0.1877 0.9423 0.2773
vn -0.1374 0.9428 0.3038
vn 0.0151 0.9912 0.1315
vn 0.3930 0.8864 -0.2448
vn 0.3738 0.8849 0.2777
vn 0.6607 0.7374 -0.1401
vn 0.3930 0.8864 -0.2448
vn -0.0646 0.9976 -0.0238
vn 0.3738 0.8849 0.2777
vn -0.4462 0.8864 -0.1234
vn 0.0262 0.9976 0.0636
vn -0.0488 0.8849 -0.4631
vn -0.4462 0.8864 -0.1234
vn -0.0488 0.8849 -0.4631
vn -0.5505 0.7374 -0.3914
vn -0.1957 0.9720 0.1299
vn -0.3415 0.9020 0.2641
vn -0.2706 0.9627 0.0024
vn -0.0567 0.9720 0.2279
vn -0.3415 0.9020 0.2641
vn -0.1957 0.9720 0.1299
vn -0.1412 0.9720 0.1877
vn -0.2340 0.9020 0.3628
vn -0.2543 0.9627 0.0924
vn 0.0225 0.9720 0.2337
vn -0.2340 0.9020 0.3628
vn -0.1412 0.9720 0.1877
vn -0.1728 0.9720 -0.1591
vn -0.3379 0.9020 -0.2687
vn -0.0668 0.9627 -0.2622
vn -0.2348 0.9720 -0.0007
vn -0.3379 0.9020 -0.2687
vn -0.1728 0.9720 -0.1591
vn -0.1429 0.8362 -0.5295
vn 0.2615 0.8958 -0.3594
vn -0.0668 0.9627 -0.2622
vn -0.3379 0.9020 -0.2687
vn -0.1429 0.8362 -0.5295
vn -0.0668 0.9627 -0.2622
vn -0.3415 0.9020 0.2641
vn -0.5483 0.8362 0.0126
vn -0.2706 0.9627 0.0024
vn -0.5483 0.8362 0.0126
vn -0.2868 0.8958 -0.3396
vn -0.2706 0.9627 0.0024
vn -0.5128 0.8362 0.1945
vn -0.3835 0.8958 -0.2247
vn -0.2543 0.9627 0.0924
vn -0.2340 0.9020 0.3628
vn -0.5128 0.8362 0.1945
vn -0.2543 0.9627 0.0924
vn 0.3956 0.8738 0.2826
vn -0.1512 0.7983 0.5830
vn -0.0222 0.9200 0.3914
vn -0.0222 0.9200 0.3914
vn -0.1512 0.7983 0.5830
vn -0.3670 0.8864 0.2820
vn 0.1099 0.9458 -0.3056
vn 0.1721 0.9822 -0.0755
vn 0.0832 0.9865 -0.1412
vn 0.0018 0.9458 -0.3248
vn 0.1371 0.9822 -0.1285
vn 0.0315 0.9865 -0.1609
vn 0.3230 0.9458 0.0339
vn 0.1144 0.9822 0.1491
vn 0.1570 0.9865 0.0472
vn -0.3835 0.8958 -0.2247
vn 0.0018 0.9458 -0.3248
vn -0.1823 0.9813 -0.0611
vn -0.2543 0.9627 0.0924
vn -0.3835 0.8958 -0.2247
vn -0.1823 0.9813 -0.0611
vn 0.2615 0.8958 -0.3594
vn 0.3230 0.9458 0.0339
vn 0.0788 0.9813 -0.1754
vn -0.0668 0.9627 -0.2622
vn 0.2615 0.8958 -0.3594
vn 0.0788 0.9813 -0.1754
vn -0.2868 0.8958 -0.3396
vn 0.1099 0.9458 -0.3056
vn -0.1515 0.9813 -0.1184
vn -0.2706 0.9627 0.0024
vn -0.2868 0.8958 -0.3396
vn -0.1515 0.9813 -0.1184
vn -0.3394 0.8738 0.3482
vn -0.5533 0.7983 -0.2379
vn -0.3835 0.9199 -0.0814
vn -0.3835 0.9199 -0.0814
vn -0.5533 0.7983 -0.2379
vn -0.2230 0.8864 -0.4056
vn -0.1957 0.9720 0.1299
vn -0.3415 0.9020 0.2641
vn -0.2705 0.9627 0.0024
vn -0.0566 0.9720 0.2279
vn -0.3415 0.9020 0.2641
vn -0.1957 0.9720 0.1299
vn -0.1462 0.9720 -0.1838
vn -0.2924 0.9020 -0.3176
vn -0.0255 0.9627 -0.2693
vn -0.2318 0.9721 -0.0368
vn -0.2924 0.9020 -0.3176
vn -0.1462 0.9720 -0.1838
vn -0.0987 0.9720 -0.2131
vn -0.2092 0.9020 -0.3776
vn 0.0387 0.9627 -0.2678
vn -0.2166 0.9720 -0.0906
vn -0.2092 0.9020 -0.3776
vn -0.0987 0.9720 -0.2131
vn -0.1991 0.9720 -0.1246
vn -0.3815 0.9020 -0.2021
vn -0.1138 0.9627 -0.2455
vn -0.2309 0.9720 0.0424
vn -0.3815 0.9020 -0.2021
vn -0.1991 0.9720 -0.1246
vn -0.0987 0.9720 -0.2131
vn -0.2092 0.9020 -0.3776
vn 0.0387 0.9627 -0.2678
vn -0.2166 0.9720 -0.0906
vn -0.2092 0.9020 -0.3776
vn -0.0987 0.9720 -0.2131
vn 0.0833 0.9720 -0.2196
vn 0.1235 0.9020 -0.4137
vn 0.2185 0.9627 -0.1596
vn -0.0868 0.9720 -0.2182
vn 0.1235 0.9020 -0.4137
vn 0.0833 0.9720 -0.2196
vn -0.2349 0.9720 0.0020
vn -0.4303 0.9020 0.0349
vn -0.2280 0.9627 -0.1457
vn -0.1718 0.9720 0.1600
vn -0.4303 0.9020 0.0349
vn -0.2349 0.9720 0.0020
vn -0.5286 0.8488 -0.0026
vn -0.2642 0.9109 -0.3171
vn -0.2705 0.9627 0.0024
vn -0.3415 0.9020 0.2641
vn -0.5286 0.8488 -0.0026
vn -0.2705 0.9627 0.0024
vn -0.0427 0.8488 -0.5269
vn 0.2933 0.9109 -0.2904
vn -0.0255 0.9627 -0.2693
vn -0.2924 0.9020 -0.3176
vn -0.0427 0.8488 -0.5269
vn -0.0255 0.9627 -0.2693
vn -0.3815 0.9020 -0.2021
vn -0.2158 0.8489 -0.4826
vn -0.1138 0.9627 -0.2455
vn -0.2158 0.8489 -0.4826
vn 0.1798 0.9109 -0.3715
vn -0.1138 0.9627 -0.2455
vn 0.0828 0.8488 -0.5221
vn 0.3535 0.9108 -0.2130
vn 0.0387 0.9627 -0.2678
vn -0.2092 0.9020 -0.3776
vn 0.0828 0.8488 -0.5221
vn 0.0387 0.9627 -0.2678
vn 0.0828 0.8489 -0.5221
vn 0.3535 0.9109 -0.2130
vn 0.0387 0.9627 -0.2678
vn -0.2092 0.9020 -0.3776
vn 0.0828 0.8489 -0.5221
vn 0.0387 0.9627 -0.2678
vn -0.4415 0.8488 -0.2907
vn -0.0483 0.9109 -0.4099
vn -0.2280 0.9627 -0.1457
vn -0.4303 0.9020 0.0349
vn -0.4415 0.8488 -0.2907
vn -0.2280 0.9627 -0.1457
vn 0.4310 0.8488 -0.3061
vn 0.3995 0.9108 0.1036
vn 0.2185 0.9627 -0.1596
vn 0.1235 0.9020 -0.4137
vn 0.4310 0.8488 -0.3061
vn 0.2185 0.9627 -0.1596
vn 0.1409 0.9453 0.2941
vn -0.1786 0.9434 0.2795
vn -0.0053 0.9912 0.1326
vn 0.0903 0.9824 0.1637
vn 0.1409 0.9453 0.2941
vn -0.0053 0.9912 0.1326
vn 0.1708 0.9824 -0.0759
vn 0.3051 0.9453 -0.1151
vn 0.1313 0.9912 0.0167
vn 0.3051 0.9453 -0.1151
vn 0.2625 0.9433 0.2031
vn 0.1313 0.9912 0.0167
vn 0.0491 0.9824 0.1804
vn 0.0675 0.9453 0.3190
vn -0.0364 0.9912 0.1273
vn 0.0675 0.9453 0.3190
vn -0.2406 0.9433 0.2287
vn -0.0364 0.9912 0.1273
vn 0.0675 0.9453 0.3190
vn -0.2406 0.9433 0.2287
vn -0.0364 0.9912 0.1273
vn 0.0491 0.9824 0.1804
vn 0.0675 0.9453 0.3190
vn -0.0364 0.9912 0.1273
vn 0.1846 0.9824 0.0297
vn 0.3185 0.9453 0.0701
vn 0.1009 0.9912 0.0857
vn 0.3185 0.9453 0.0701
vn 0.1091 0.9433 0.3135
vn 0.1009 0.9912 0.0857
vn 0.2308 0.9453 0.2304
vn -0.0767 0.9433 0.3230
vn 0.0390 0.9912 0.1265
vn 0.1396 0.9824 0.1243
vn 0.2308 0.9453 0.2304
vn 0.0390 0.9912 0.1265
vn -0.1808 0.9453 0.2714
vn -0.3317 0.9433 -0.0120
vn -0.1164 0.9912 0.0630
vn -0.0946 0.9824 0.1613
vn -0.1808 0.9453 0.2714
vn -0.1164 0.9912 0.0630
vn -0.4735 0.8139 -0.3368
vn -0.0104 0.9972 0.0736
vn -0.0802 0.7710 -0.6317
vn -0.4735 0.8139 -0.3368
vn -0.0802 0.7710 -0.6317
vn -0.2870 0.8974 -0.3351
vn 0.4048 0.8139 -0.4169
vn -0.0712 0.9972 -0.0215
vn 0.6366 0.7710 0.0166
vn 0.4048 0.8139 -0.4169
vn 0.6366 0.7710 0.0166
vn 0.3747 0.8974 -0.2328
vn -0.2309 0.9720 0.0424
vn -0.3815 0.9020 -0.2021
vn -0.1991 0.9720 -0.1246
vn -0.1991 0.9720 -0.1246
vn -0.3815 0.9020 -0.2021
vn -0.1138 0.9627 -0.2455
vn -0.3815 0.9020 -0.2021
vn -0.2158 0.8488 -0.4826
vn -0.1138 0.9627 -0.2455
vn -0.2158 0.8488 -0.4826
vn 0.1798 0.9108 -0.3715
vn -0.1138 0.9627 -0.2455
vn 0.2761 0.9501 0.1450
vn 0.0491 0.9824 0.1804
vn 0.1241 0.9871 0.1014
vn 0.3105 0.9501 -0.0294
vn 0.1396 0.9824 0.1243
vn 0.1593 0.9871 0.0171
vn 0.3025 0.9501 0.0757
vn 0.0903 0.9824 0.1637
vn 0.1445 0.9871 0.0692
vn 0.2459 0.9501 -0.1918
vn 0.1846 0.9824 0.0297
vn 0.1435 0.9871 -0.0712
vn 0.2761 0.9501 0.1450
vn 0.0491 0.9824 0.1804
vn 0.1241 0.9871 0.1014
vn 0.1014 0.9501 -0.2949
vn 0.1708 0.9824 -0.0759
vn 0.0813 0.9871 -0.1380
vn 0.0896 0.9501 0.2987
vn -0.0946 0.9824 0.1613
vn 0.0144 0.9871 0.1596
vn 0.2123 0.9566 0.1996
vn -0.0767 0.9433 0.3229
vn 0.0390 0.9912 0.1265
vn 0.1396 0.9824 0.1243
vn 0.2123 0.9566 0.1996
vn 0.0390 0.9912 0.1265
vn 0.1798 0.9109 -0.3715
vn 0.3105 0.9501 -0.0294
vn 0.0456 0.9814 -0.1863
vn -0.1138 0.9627 -0.2455
vn 0.1798 0.9109 -0.3715
vn 0.0456 0.9814 -0.1863
vn -0.2642 0.9109 -0.3171
vn 0.1014 0.9501 -0.2949
vn -0.1509 0.9814 -0.1184
vn -0.2705 0.9627 0.0024
vn -0.2642 0.9109 -0.3171
vn -0.1509 0.9814 -0.1184
vn -0.0483 0.9109 -0.4099
vn 0.2459 0.9501 -0.1918
vn -0.0618 0.9814 -0.1816
vn -0.2280 0.9627 -0.1457
vn -0.0483 0.9109 -0.4099
vn -0.0618 0.9814 -0.1816
vn 0.3535 0.9108 -0.2130
vn 0.2761 0.9501 0.1450
vn 0.1399 0.9814 -0.1312
vn 0.0387 0.9627 -0.2678
vn 0.3535 0.9108 -0.2130
vn 0.1399 0.9814 -0.1312
vn 0.3995 0.9108 0.1036
vn 0.0896 0.9501 0.2987
vn 0.1916 0.9814 0.0083
vn 0.2185 0.9627 -0.1596
vn 0.3995 0.9108 0.1036
vn 0.1916 0.9814 0.0083
vn 0.2933 0.9109 -0.2904
vn 0.3025 0.9501 0.0757
vn 0.1050 0.9814 -0.1605
vn -0.0255 0.9627 -0.2693
vn 0.2933 0.9109 -0.2904
vn 0.1050 0.9814 -0.1605
vn 0.3535 0.9109 -0.2130
vn 0.2761 0.9501 0.1450
vn 0.1399 0.9814 -0.1312
vn 0.0387 0.9627 -0.2678
vn 0.3535 0.9109 -0.2130
vn 0.1399 0.9814 -0.1312
vn -0.1412 0.9720 0.1877
vn -0.2340 0.9020 0.3628
vn -0.2543 0.9627 0.0924
vn 0.0225 0.9720 0.2337
vn -0.2340 0.9020 0.3628
vn -0.1412 0.9720 0.1877
vn -0.4993 0.8488 0.1737
vn -0.3548 0.9109 -0.2110
vn -0.2543 0.9627 0.0924
vn -0.2340 0.9020 0.3628
vn -0.4993 0.8488 0.1737
vn -0.2543 0.9627 0.0924
vn 0.2770 0.9607 -0.0155
vn 0.1396 0.9824 0.1243
vn 0.1593 0.9871 0.0171
vn 0.1798 0.9108 -0.3715
vn 0.2770 0.9607 -0.0155
vn 0.0456 0.9814 -0.1863
vn -0.1138 0.9627 -0.2455
vn 0.1798 0.9108 -0.3715
vn 0.0456 0.9814 -0.1863
vn -0.4719 0.8150 -0.3364
vn -0.0833 0.7597 -0.6449
vn -0.2868 0.8958 -0.3396
vn -0.4719 0.8150 -0.3364
vn -0.0326 0.9894 0.1412
vn -0.0833 0.7597 -0.6449
vn -0.5570 0.8150 -0.1599
vn 0.0163 0.9894 0.1440
vn -0.2934 0.7597 -0.5803
vn -0.5570 0.8150 -0.1599
vn -0.2934 0.7597 -0.5803
vn -0.3835 0.8958 -0.2247
vn 0.2142 0.8150 -0.5385
vn -0.1449 0.9894 0.0020
vn 0.6065 0.7597 -0.2346
vn 0.2142 0.8150 -0.5385
vn 0.6065 0.7597 -0.2346
vn 0.2615 0.8958 -0.3594
vn 0.1358 0.9824 -0.1285
vn 0.2170 0.9566 -0.1944
vn 0.1294 0.9912 -0.0280
vn 0.2170 0.9566 -0.1944
vn 0.3152 0.9433 0.1040
vn 0.1294 0.9912 -0.0280
vn 0.3259 0.9425 0.0739
vn 0.1612 0.9349 0.3163
vn 0.0838 0.9920 0.0946
vn 0.3259 0.9425 0.0739
vn 0.3956 0.8738 0.2826
vn 0.1612 0.9349 0.3163
vn -0.2342 0.9719 -0.0233
vn -0.4357 0.9000 -0.0157
vn -0.2126 0.9627 -0.1673
vn -0.2054 0.9669 0.1513
vn -0.4357 0.9000 -0.0157
vn -0.2342 0.9719 -0.0233
vn -0.1225 0.9425 0.3109
vn -0.3394 0.8738 0.3482
vn -0.3371 0.9349 0.1114
vn -0.1225 0.9425 0.3109
vn -0.3371 0.9349 0.1114
vn -0.1062 0.9920 0.0685
vn -0.4110 0.8488 -0.3325
vn -0.0080 0.9108 -0.4127
vn -0.2126 0.9627 -0.1673
vn -0.4357 0.9000 -0.0157
vn -0.4110 0.8488 -0.3325
vn -0.2126 0.9627 -0.1673
vn 0.1808 0.9824 0.0476
vn 0.2795 0.9566 0.0819
vn 0.0920 0.9912 0.0951
vn 0.2795 0.9566 0.0819
vn 0.0775 0.9434 0.3224
vn 0.0920 0.9912 0.0951
vn 0.0302 0.9720 0.2328
vn -0.2218 0.9020 0.3704
vn -0.1349 0.9720 0.1922
vn -0.1349 0.9720 0.1922
vn -0.2218 0.9020 0.3704
vn -0.2569 0.9597 0.1137
vn 0.0660 0.9719 -0.2259
vn 0.0958 0.9000 -0.4253
vn 0.2048 0.9597 -0.1923
vn -0.1108 0.9669 -0.2300
vn 0.0958 0.9000 -0.4253
vn 0.0660 0.9719 -0.2259
vn -0.4844 0.8426 0.2354
vn -0.4117 0.8999 -0.1435
vn -0.2569 0.9597 0.1137
vn -0.2218 0.9020 0.3704
vn -0.4844 0.8426 0.2354
vn -0.2569 0.9597 0.1137
vn 0.2501 0.9401 -0.2316
vn 0.3185 0.9433 0.0935
vn 0.1331 0.9903 -0.0388
vn 0.0508 0.9811 -0.1869
vn 0.2501 0.9401 -0.2316
vn 0.1331 0.9903 -0.0388
vn 0.0083 0.9607 -0.2773
vn 0.1358 0.9824 -0.1285
vn 0.0307 0.9871 -0.1572
vn -0.2543 0.9627 0.0924
vn -0.3548 0.9109 -0.2110
vn -0.1817 0.9814 -0.0614
vn -0.3548 0.9109 -0.2110
vn 0.0083 0.9607 -0.2773
vn -0.1817 0.9814 -0.0614
vn 0.3793 0.8426 -0.3823
vn 0.4360 0.8999 -0.0008
vn 0.2048 0.9597 -0.1923
vn 0.0958 0.9000 -0.4253
vn 0.3793 0.8426 -0.3823
vn 0.2048 0.9597 -0.1923
vn -0.1596 0.9402 0.3011
vn -0.3315 0.9433 0.0154
vn -0.1125 0.9904 0.0803
vn 0.0139 0.9811 0.1932
vn -0.1596 0.9402 0.3011
vn -0.1125 0.9904 0.0803
vn -0.1481 0.9881 -0.0408
vn -0.3118 0.8336 0.4558
vn 0.3025 0.9194 0.2513
vn 0.4063 0.8161 -0.4109
vn -0.1481 0.9881 -0.0408
vn 0.3025 0.9194 0.2513
vn -0.1533 0.9881 0.0110
vn -0.1405 0.8339 0.5337
vn 0.3691 0.9194 0.1359
vn 0.2462 0.8161 -0.5228
vn -0.1533 0.9881 0.0110
vn 0.3691 0.9194 0.1359
vn -0.0407 0.9881 -0.1482
vn -0.5508 0.8339 -0.0334
vn -0.0610 0.9194 0.3886
vn 0.5609 0.8161 0.1391
vn -0.0407 0.9881 -0.1482
vn -0.0610 0.9194 0.3886
vn -0.1234 0.9881 0.0917
vn 0.1686 0.8339 0.5255
vn 0.3843 0.9194 -0.0840
vn -0.0737 0.8161 -0.5731
vn -0.1234 0.9881 0.0917
vn 0.3843 0.9194 -0.0840
vn -0.0533 0.9881 0.1442
vn 0.4281 0.8339 0.3483
vn 0.2761 0.9194 -0.2801
vn -0.3746 0.8161 -0.4400
vn -0.0533 0.9881 0.1442
vn 0.2761 0.9194 -0.2801
vn 0.4918 0.8161 -0.3035
vn -0.1344 0.9881 -0.0746
vn 0.2350 0.9194 0.3154
vn -0.1344 0.9881 -0.0746
vn -0.4092 0.8339 0.3703
vn 0.2350 0.9194 0.3154
vn -0.1344 0.9881 -0.0746
vn -0.4092 0.8339 0.3703
vn 0.2350 0.9194 0.3154
vn 0.4918 0.8161 -0.3034
vn -0.1344 0.9881 -0.0746
vn 0.2350 0.9194 0.3154
vn 0.2400 0.9607 -0.1393
vn 0.1808 0.9824 0.0476
vn 0.1498 0.9871 -0.0569
vn -0.0080 0.9108 -0.4127
vn 0.2400 0.9607 -0.1393
vn -0.0437 0.9814 -0.1867
vn -0.2126 0.9627 -0.1673
vn -0.0080 0.9108 -0.4127
vn -0.0437 0.9814 -0.1867
vn -0.1359 0.9669 0.2161
vn -0.4112 0.9000 0.1450
vn -0.2264 0.9719 0.0641
vn -0.2264 0.9719 0.0641
vn -0.4112 0.9000 0.1450
vn -0.2717 0.9597 -0.0712
vn -0.2264 0.9719 0.0641
vn -0.4112 0.9000 0.1450
vn -0.2717 0.9597 -0.0712
vn -0.1359 0.9669 0.2161
vn -0.4112 0.9000 0.1450
vn -0.2264 0.9719 0.0641
vn -0.2264 0.9719 0.0641
vn -0.4112 0.9000 0.1450
vn -0.2717 0.9597 -0.0712
vn -0.1359 0.9669 0.2161
vn -0.4112 0.9000 0.1450
vn -0.2264 0.9719 0.0641
vn -0.1433 0.9719 0.1866
vn -0.2432 0.8999 0.3618
vn -0.2605 0.9597 0.1051
vn 0.0200 0.9669 0.2545
vn -0.2432 0.8999 0.3618
vn -0.1433 0.9719 0.1866
vn -0.1447 0.9719 -0.1856
vn -0.3150 0.8946 -0.3170
vn -0.1038 0.7891 -0.6055
vn -0.2513 0.9669 -0.0445
vn -0.3150 0.8946 -0.3170
vn -0.1447 0.9719 -0.1856
vn -0.2349 0.9719 0.0135
vn -0.4399 0.8946 0.0789
vn -0.5571 0.7891 -0.2588
vn -0.1795 0.9669 0.1815
vn -0.4399 0.8946 0.0789
vn -0.2349 0.9719 0.0135
vn -0.5488 0.8295 -0.1038
vn -0.2331 0.8911 -0.3893
vn -0.2717 0.9597 -0.0712
vn -0.4112 0.9000 0.1450
vn -0.5488 0.8295 -0.1038
vn -0.2717 0.9597 -0.0712
vn -0.5488 0.8295 -0.1038
vn -0.2331 0.8911 -0.3893
vn -0.2717 0.9597 -0.0712
vn -0.4112 0.9000 0.1450
vn -0.5488 0.8295 -0.1038
vn -0.2717 0.9597 -0.0712
vn -0.5255 0.8426 -0.1180
vn -0.2325 0.8999 -0.3689
vn -0.2717 0.9597 -0.0712
vn -0.4112 0.9000 0.1450
vn -0.5255 0.8426 -0.1180
vn -0.2717 0.9597 -0.0712
vn -0.4920 0.8426 0.2191
vn -0.4067 0.8999 -0.1571
vn -0.2605 0.9597 0.1051
vn -0.2432 0.8999 0.3618
vn -0.4920 0.8426 0.2191
vn -0.2605 0.9597 0.1051
# 2187 vertex normals

vt 0.3621 0.3311 0.0000
vt 0.4053 0.3203 0.0000
vt 0.3931 0.2744 0.0000
vt 0.3621 0.3311 0.0000
vt 0.4053 0.3203 0.0000
vt 0.3931 0.2744 0.0000
vt 0.3621 0.3311 0.0000
vt 0.4053 0.3203 0.0000
vt 0.3931 0.2744 0.0000
vt 0.3621 0.3311 0.0000
vt 0.4053 0.3203 0.0000
vt 0.3931 0.2744 0.0000
vt 0.3621 0.3311 0.0000
vt 0.4053 0.3203 0.0000
vt 0.3931 0.2744 0.0000
vt 0.3621 0.3311 0.0000
vt 0.4053 0.3203 0.0000
vt 0.3931 0.2744 0.0000
vt 0.3621 0.3311 0.0000
vt 0.4053 0.3203 0.0000
vt 0.3931 0.2744 0.0000
vt 0.3621 0.3311 0.0000
vt 0.4053 0.3203 0.0000
vt 0.3931 0.2744 0.0000
vt 0.3621 0.3311 0.0000
vt 0.4035 0.3179 0.0000
vt 0.3931 0.2744 0.0000
vt 0.3621 0.3311 0.0000
vt 0.4035 0.3179 0.0000
vt 0.3901 0.2767 0.0000
vt 0.3621 0.3311 0.0000
vt 0.4035 0.3179 0.0000
vt 0.3901 0.2767 0.0000
vt 0.3931 0.2744 0.0000
vt 0.4368 0.3057 0.0000
vt 0.3621 0.3311 0.0000
vt 0.3621 0.3311 0.0000
vt 0.4035 0.3179 0.0000
vt 0.3901 0.2767 0.0000
vt 0.3621 0.3311 0.0000
vt 0.4035 0.3179 0.0000
vt 0.3901 0.2767 0.0000
vt 0.3621 0.3311 0.0000
vt 0.4035 0.3179 0.0000
vt 0.3901 0.2767 0.0000
vt 0.3621 0.3311 0.0000
vt 0.4035 0.3179 0.0000
vt 0.3901 0.2767 0.0000
vt 0.3621 0.3311 0.0000
vt 0.4035 0.3179 0.0000
vt 0.3901 0.2767 0.0000
vt 0.3621 0.3311 0.0000
vt 0.4035 0.3179 0.0000
vt 0.3901 0.2767 0.0000
vt 0.3931 0.2744 0.0000
vt 0.4368 0.3057 0.0000
vt 0.3621 0.3311 0.0000
vt 0.3621 0.3311 0.0000
vt 0.4035 0.3179 0.0000
vt 0.3901 0.2767 0.0000
vt 0.4368 0.3057 0.0000
vt 0.4368 0.3057 0.0000
vt 0.4368 0.3057 0.0000
vt 0.3621 0.3311 0.0000
vt 0.3931 0.2744 0.0000
vt 0.4368 0.3057 0.0000
vt 0.4023 0.3535 0.0000
vt 0.3901 0.2767 0.0000
vt 0.4368 0.3057 0.0000
vt 0.3621 0.3311 0.0000
vt 0.3931 0.2744 0.0000
vt 0.4368 0.3057 0.0000
vt 0.3621 0.3311 0.0000
vt 0.3931 0.2744 0.0000
vt 0.4368 0.3057 0.0000
vt 0.4368 0.3057 0.0000
vt 0.4368 0.3057 0.0000
vt 0.3621 0.3311 0.0000
vt 0.3931 0.2744 0.0000
vt 0.4368 0.3057 0.0000
vt 0.4368 0.3057 0.0000
vt 0.4368 0.3057 0.0000
vt 0.4368 0.3057 0.0000
vt 0.4019 0.3533 0.0000
vt 0.4053 0.3203 0.0000
vt 0.4019 0.3533 0.0000
vt 0.4368 0.3057 0.0000
vt 0.3621 0.3311 0.0000
vt 0.3901 0.2767 0.0000
vt 0.4368 0.3057 0.0000
vt 0.4368 0.3057 0.0000
vt 0.4368 0.3057 0.0000
vt 0.4035 0.3179 0.0000
vt 0.4019 0.3533 0.0000
vt 0.4019 0.3533 0.0000
vt 0.4368 0.3057 0.0000
vt 0.4368 0.3057 0.0000
vt 0.4368 0.3057 0.0000
vt 0.4368 0.3057 0.0000
vt 0.4368 0.3057 0.0000
vt 0.4019 0.3533 0.0000
vt 0.4019 0.3533 0.0000
vt 0.4368 0.3057 0.0000
vt 0.4019 0.3533 0.0000
vt 0.4019 0.3533 0.0000
vt 0.4368 0.3057 0.0000
vt 0.4019 0.3533 0.0000
vt 0.4023 0.3535 0.0000
vt 0.4019 0.3533 0.0000
vt 0.4019 0.3533 0.0000
vt 0.4019 0.3533 0.0000
vt 0.4019 0.3533 0.0000
vt 0.4023 0.3535 0.0000
vt 0.4019 0.3533 0.0000
vt 0.4019 0.3533 0.0000
vt 0.4023 0.3535 0.0000
vt 0.3621 0.3311 0.0000
vt 0.4023 0.3535 0.0000
vt 0.4023 0.3535 0.0000
vt 0.4023 0.3535 0.0000
vt 0.4023 0.3535 0.0000
vt 0.4023 0.3535 0.0000
vt 0.4023 0.3535 0.0000
vt 0.4023 0.3535 0.0000
vt 0.4035 0.3179 0.0000
vt 0.4190 0.3237 0.0000
vt 0.3870 0.3188 0.0000
vt 0.3870 0.3188 0.0000
vt 0.3870 0.3188 0.0000
vt 0.3870 0.3188 0.0000
vt 0.4190 0.3237 0.0000
vt 0.4190 0.3237 0.0000
vt 0.3868 0.3182 0.0000
vt 0.4190 0.3237 0.0000
vt 0.4190 0.3237 0.0000
vt 0.4190 0.3237 0.0000
vt 0.3630 0.3091 0.0000
vt 0.4190 0.3237 0.0000
vt 0.3630 0.3091 0.0000
vt 0.4190 0.3237 0.0000
vt 0.4190 0.3237 0.0000
vt 0.4197 0.2842 0.0000
vt 0.4197 0.2842 0.0000
vt 0.4190 0.3237 0.0000
vt 0.3630 0.3091 0.0000
vt 0.3630 0.3091 0.0000
vt 0.4190 0.3237 0.0000
vt 0.4190 0.3237 0.0000
vt 0.4190 0.3237 0.0000
vt 0.4190 0.3237 0.0000
vt 0.3630 0.3091 0.0000
vt 0.3630 0.3091 0.0000
vt 0.3630 0.3091 0.0000
vt 0.3630 0.3091 0.0000
vt 0.4190 0.3237 0.0000
vt 0.4190 0.3237 0.0000
vt 0.3870 0.3188 0.0000
vt 0.4190 0.3237 0.0000
vt 0.4197 0.2842 0.0000
vt 0.4190 0.3237 0.0000
vt 0.4197 0.2842 0.0000
vt 0.4197 0.2842 0.0000
vt 0.3630 0.3091 0.0000
vt 0.4190 0.3237 0.0000
vt 0.4190 0.3237 0.0000
vt 0.4190 0.3237 0.0000
vt 0.4190 0.3237 0.0000
vt 0.4190 0.3237 0.0000
vt 0.3630 0.3091 0.0000
vt 0.3630 0.3091 0.0000
vt 0.4197 0.2842 0.0000
vt 0.3794 0.3286 0.0000
vt 0.4197 0.2842 0.0000
vt 0.4197 0.2842 0.0000
vt 0.4197 0.2842 0.0000
vt 0.4197 0.2842 0.0000
vt 0.4197 0.2842 0.0000
vt 0.4197 0.2842 0.0000
vt 0.3794 0.3286 0.0000
vt 0.3630 0.3091 0.0000
vt 0.3630 0.3091 0.0000
vt 0.3630 0.3091 0.0000
vt 0.3630 0.3091 0.0000
vt 0.3630 0.3091 0.0000
vt 0.4190 0.3237 0.0000
vt 0.4197 0.2842 0.0000
vt 0.4190 0.3237 0.0000
vt 0.3988 0.2896 0.0000
vt 0.3988 0.2896 0.0000
vt 0.3630 0.3091 0.0000
vt 0.4197 0.2842 0.0000
vt 0.4197 0.2842 0.0000
vt 0.3630 0.3091 0.0000
vt 0.4197 0.2842 0.0000
vt 0.4197 0.2842 0.0000
vt 0.4198 0.3122 0.0000
vt 0.4007 0.3395 0.0000
vt 0.4007 0.3395 0.0000
vt 0.4007 0.3395 0.0000
vt 0.4197 0.2842 0.0000
vt 0.4197 0.2842 0.0000
vt 0.4197 0.2842 0.0000
vt 0.4197 0.2842 0.0000
vt 0.4197 0.2842 0.0000
vt 0.4197 0.2842 0.0000
vt 0.4197 0.2842 0.0000
vt 0.4007 0.3395 0.0000
vt 0.4053 0.3203 0.0000
vt 0.3765 0.3206 0.0000
vt 0.3765 0.3206 0.0000
vt 0.4197 0.2842 0.0000
vt 0.4011 0.3388 0.0000
vt 0.4197 0.2842 0.0000
vt 0.3979 0.2889 0.0000
vt 0.3979 0.2889 0.0000
vt 0.3979 0.2889 0.0000
vt 0.3764 0.3205 0.0000
vt 0.3765 0.3206 0.0000
vt 0.3765 0.3206 0.0000
vt 0.3765 0.3206 0.0000
vt 0.3765 0.3206 0.0000
vt 0.4011 0.3388 0.0000
vt 0.4007 0.3395 0.0000
vt 0.3978 0.2888 0.0000
vt 0.3978 0.2888 0.0000
vt 0.3978 0.2888 0.0000
vt 0.3978 0.2888 0.0000
vt 0.3978 0.2888 0.0000
vt 0.3978 0.2888 0.0000
vt 0.3978 0.2888 0.0000
vt 0.3765 0.3206 0.0000
vt 0.3765 0.3206 0.0000
vt 0.3978 0.2888 0.0000
vt 0.3765 0.3206 0.0000
vt 0.3765 0.3207 0.0000
vt 0.3978 0.2888 0.0000
vt 0.3630 0.3091 0.0000
vt 0.3765 0.3207 0.0000
vt 0.3765 0.3207 0.0000
vt 0.3765 0.3207 0.0000
vt 0.3765 0.3207 0.0000
vt 0.3765 0.3207 0.0000
vt 0.3978 0.2888 0.0000
vt 0.3978 0.2888 0.0000
vt 0.3978 0.2888 0.0000
vt 0.3978 0.2888 0.0000
vt 0.3978 0.2887 0.0000
vt 0.3765 0.3207 0.0000
vt 0.3978 0.2888 0.0000
vt 0.3978 0.2887 0.0000
vt 0.3978 0.2888 0.0000
vt 0.3978 0.2888 0.0000
vt 0.3978 0.2888 0.0000
vt 0.3630 0.3091 0.0000
vt 0.4202 0.3457 0.0000
vt 0.3630 0.3091 0.0000
vt 0.4202 0.3457 0.0000
vt 0.4338 0.3262 0.0000
vt 0.3748 0.2891 0.0000
vt 0.3765 0.3207 0.0000
vt 0.4338 0.3262 0.0000
vt 0.3748 0.2891 0.0000
vt 0.3630 0.3091 0.0000
vt 0.3978 0.2887 0.0000
vt 0.4050 0.3320 0.0000
vt 0.4050 0.3320 0.0000
vt 0.3978 0.2887 0.0000
vt 0.4053 0.3203 0.0000
vt 0.4053 0.3203 0.0000
vt 0.3630 0.3091 0.0000
vt 0.4214 0.3145 0.0000
vt 0.3868 0.3182 0.0000
vt 0.3630 0.3091 0.0000
vt 0.4214 0.3145 0.0000
vt 0.3868 0.3182 0.0000
vt 0.3870 0.3188 0.0000
vt 0.4035 0.3179 0.0000
vt 0.4202 0.3457 0.0000
vt 0.4010 0.3390 0.0000
vt 0.4202 0.3457 0.0000
vt 0.4202 0.3457 0.0000
vt 0.4338 0.3262 0.0000
vt 0.4338 0.3262 0.0000
vt 0.4338 0.3262 0.0000
vt 0.3748 0.2891 0.0000
vt 0.3748 0.2891 0.0000
vt 0.3748 0.2891 0.0000
vt 0.4202 0.3457 0.0000
vt 0.4007 0.3395 0.0000
vt 0.4202 0.3457 0.0000
vt 0.4202 0.3457 0.0000
vt 0.4007 0.3395 0.0000
vt 0.4202 0.3457 0.0000
vt 0.4202 0.3457 0.0000
vt 0.4202 0.3457 0.0000
vt 0.4202 0.3457 0.0000
vt 0.3870 0.3188 0.0000
vt 0.4338 0.3262 0.0000
vt 0.4338 0.3262 0.0000
vt 0.4338 0.3262 0.0000
vt 0.4338 0.3262 0.0000
vt 0.4338 0.3262 0.0000
vt 0.4338 0.3262 0.0000
vt 0.4338 0.3262 0.0000
vt 0.3748 0.2891 0.0000
vt 0.3748 0.2891 0.0000
vt 0.3748 0.2891 0.0000
vt 0.3748 0.2891 0.0000
vt 0.3748 0.2891 0.0000
vt 0.3748 0.2891 0.0000
vt 0.3748 0.2891 0.0000
vt 0.4035 0.3179 0.0000
vt 0.4202 0.3457 0.0000
vt 0.4338 0.3262 0.0000
vt 0.3748 0.2891 0.0000
vt 0.4007 0.3395 0.0000
vt 0.4007 0.3395 0.0000
vt 0.4007 0.3395 0.0000
vt 0.4007 0.3395 0.0000
vt 0.4214 0.3145 0.0000
vt 0.4214 0.3145 0.0000
vt 0.4202 0.3457 0.0000
vt 0.3868 0.3182 0.0000
vt 0.3868 0.3182 0.0000
vt 0.4214 0.3145 0.0000
vt 0.4202 0.3457 0.0000
vt 0.4338 0.3262 0.0000
vt 0.3748 0.2891 0.0000
vt 0.4202 0.3457 0.0000
vt 0.4338 0.3262 0.0000
vt 0.4202 0.3457 0.0000
vt 0.3748 0.2891 0.0000
vt 0.4179 0.3248 0.0000
vt 0.4338 0.3262 0.0000
vt 0.4338 0.3262 0.0000
vt 0.4198 0.3122 0.0000
vt 0.4198 0.3122 0.0000
vt 0.4198 0.3122 0.0000
vt 0.4202 0.3457 0.0000
vt 0.4202 0.3457 0.0000
vt 0.4198 0.3122 0.0000
vt 0.4202 0.3457 0.0000
vt 0.4007 0.3395 0.0000
vt 0.3870 0.3188 0.0000
vt 0.3870 0.3188 0.0000
vt 0.3870 0.3188 0.0000
vt 0.3870 0.3188 0.0000
vt 0.4202 0.3457 0.0000
vt 0.4202 0.3457 0.0000
vt 0.4202 0.3457 0.0000
vt 0.4198 0.3122 0.0000
vt 0.4202 0.3457 0.0000
vt 0.4198 0.3122 0.0000
vt 0.4198 0.3122 0.0000
vt 0.4338 0.3262 0.0000
vt 0.4338 0.3262 0.0000
vt 0.4338 0.3262 0.0000
vt 0.4338 0.3262 0.0000
vt 0.4338 0.3262 0.0000
vt 0.4338 0.3262 0.0000
vt 0.4338 0.3262 0.0000
vt 0.4007 0.3395 0.0000
vt 0.4198 0.3122 0.0000
vt 0.4011 0.3388 0.0000
vt 0.4202 0.3457 0.0000
vt 0.4011 0.3388 0.0000
vt 0.4011 0.3388 0.0000
vt 0.4011 0.3388 0.0000
vt 0.4011 0.3388 0.0000
vt 0.4011 0.3388 0.0000
vt 0.4198 0.3122 0.0000
vt 0.3870 0.3188 0.0000
vt 0.4338 0.3262 0.0000
vt 0.4202 0.3457 0.0000
vt 0.4198 0.3122 0.0000
vt 0.3630 0.3091 0.0000
vt 0.4198 0.3122 0.0000
vt 0.3870 0.3188 0.0000
vt 0.4338 0.3262 0.0000
vt 0.4198 0.3122 0.0000
vt 0.3870 0.3188 0.0000
vt 0.4011 0.3388 0.0000
vt 0.4210 0.3141 0.0000
vt 0.4198 0.3122 0.0000
vt 0.4210 0.3141 0.0000
vt 0.3870 0.3188 0.0000
vt 0.4198 0.3122 0.0000
vt 0.4198 0.3122 0.0000
vt 0.3870 0.3188 0.0000
vt 0.3870 0.3188 0.0000
vt 0.4198 0.3122 0.0000
vt 0.3870 0.3188 0.0000
vt 0.3870 0.3188 0.0000
vt 0.3997 0.3413 0.0000
vt 0.3997 0.3413 0.0000
vt 0.4011 0.3388 0.0000
vt 0.3630 0.3091 0.0000
vt 0.4210 0.3141 0.0000
vt 0.3870 0.3188 0.0000
vt 0.4210 0.3141 0.0000
vt 0.3870 0.3188 0.0000
vt 0.3811 0.2959 0.0000
vt 0.3811 0.2959 0.0000
vt 0.3765 0.3206 0.0000
vt 0.3765 0.3206 0.0000
vt 0.3765 0.3206 0.0000
vt 0.3811 0.2959 0.0000
vt 0.3811 0.2959 0.0000
vt 0.3811 0.2959 0.0000
vt 0.3765 0.3206 0.0000
vt 0.3811 0.2959 0.0000
vt 0.3811 0.2959 0.0000
vt 0.3811 0.2959 0.0000
vt 0.3811 0.2959 0.0000
vt 0.3811 0.2959 0.0000
vt 0.3811 0.2959 0.0000
vt 0.3811 0.2959 0.0000
vt 0.3811 0.2959 0.0000
vt 0.3765 0.3207 0.0000
vt 0.3765 0.3207 0.0000
vt 0.3811 0.2959 0.0000
vt 0.3811 0.2959 0.0000
vt 0.3811 0.2959 0.0000
vt 0.3811 0.2959 0.0000
vt 0.4277 0.3242 0.0000
vt 0.4277 0.3242 0.0000
vt 0.4167 0.3384 0.0000
vt 0.4167 0.3384 0.0000
vt 0.3735 0.3125 0.0000
vt 0.3735 0.3125 0.0000
vt 0.4290 0.3066 0.0000
vt 0.4290 0.3066 0.0000
vt 0.4277 0.3242 0.0000
vt 0.4277 0.3242 0.0000
vt 0.4277 0.3242 0.0000
vt 0.4167 0.3384 0.0000
vt 0.4167 0.3384 0.0000
vt 0.4167 0.3384 0.0000
vt 0.4290 0.3066 0.0000
vt 0.4290 0.3066 0.0000
vt 0.4290 0.3066 0.0000
vt 0.4277 0.3242 0.0000
vt 0.4277 0.3242 0.0000
vt 0.4277 0.3242 0.0000
vt 0.4277 0.3242 0.0000
vt 0.4277 0.3242 0.0000
vt 0.4277 0.3242 0.0000
vt 0.4277 0.3242 0.0000
vt 0.4167 0.3384 0.0000
vt 0.4167 0.3384 0.0000
vt 0.4167 0.3384 0.0000
vt 0.4167 0.3384 0.0000
vt 0.4167 0.3384 0.0000
vt 0.4167 0.3384 0.0000
vt 0.4167 0.3384 0.0000
vt 0.4277 0.3242 0.0000
vt 0.4290 0.3066 0.0000
vt 0.4290 0.3066 0.0000
vt 0.4290 0.3066 0.0000
vt 0.4290 0.3066 0.0000
vt 0.4290 0.3066 0.0000
vt 0.4290 0.3066 0.0000
vt 0.4290 0.3066 0.0000
vt 0.4290 0.3066 0.0000
vt 0.4167 0.3384 0.0000
vt 0.4277 0.3242 0.0000
vt 0.4135 0.3037 0.0000
vt 0.4135 0.3037 0.0000
vt 0.4277 0.3242 0.0000
vt 0.3929 0.3049 0.0000
vt 0.4167 0.3384 0.0000
vt 0.3929 0.3049 0.0000
vt 0.4277 0.3242 0.0000
vt 0.4277 0.3242 0.0000
vt 0.4290 0.3066 0.0000
vt 0.4167 0.3384 0.0000
vt 0.4167 0.3384 0.0000
vt 0.4290 0.3066 0.0000
vt 0.4167 0.3384 0.0000
vt 0.4277 0.3242 0.0000
vt 0.4277 0.3242 0.0000
vt 0.4277 0.3242 0.0000
vt 0.4277 0.3242 0.0000
vt 0.4167 0.3384 0.0000
vt 0.4167 0.3384 0.0000
vt 0.4167 0.3384 0.0000
vt 0.4167 0.3384 0.0000
vt 0.4167 0.3384 0.0000
vt 0.4167 0.3384 0.0000
vt 0.4136 0.3031 0.0000
vt 0.4136 0.3031 0.0000
vt 0.4136 0.3031 0.0000
vt 0.3929 0.3049 0.0000
vt 0.3929 0.3049 0.0000
vt 0.3929 0.3049 0.0000
vt 0.3960 0.3076 0.0000
vt 0.3960 0.3076 0.0000
vt 0.3960 0.3076 0.0000
vt 0.3960 0.3076 0.0000
vt 0.3960 0.3076 0.0000
vt 0.3960 0.3076 0.0000
vt 0.3960 0.3076 0.0000
# 502 texture coords

o SM_Barnacle_Group_03_LOD2
g SM_Barnacle_Group_03_LOD2
usemtl MAT_Sea_Shells
s 1
f 1819/1814/9034 1967/2084/9035 2036/2282/9036 
f 1820/1817/9037 1969/2087/9038 2037/2284/9039 
f 2206/2237/9040 1978/2083/9041 2211/2243/9042 
f 1967/2084/9043 1819/1814/9044 2031/2077/9045 
f 1969/2087/9046 1820/1817/9047 2032/2078/9048 
f 2207/2238/9049 1979/2086/9050 2213/2244/9051 
f 1919/1820/9052 1974/2135/9053 2118/2306/9054 
f 1920/1823/9055 1976/2136/9056 2116/2305/9057 
f 2184/2020/9058 1975/1945/9059 2117/2307/9060 
f 2075/2129/9061 1906/1835/9062 1942/1961/9063 
f 2073/2128/9064 1902/1829/9065 1946/1960/9066 
f 2079/2131/9067 1903/1826/9068 1944/1962/9069 
f 2074/2010/9070 2053/2080/9071 1941/1944/9072 
f 2078/2011/9073 1907/1897/9074 1945/1956/9075 
f 2076/2009/9076 2052/2081/9077 1943/1943/9078 
f 2077/2130/9079 1904/1832/9080 1947/1959/9081 
f 1851/1905/9082 2287/2234/9083 2113/2055/9084 
f 2286/2281/9085 2072/2187/9086 2304/2290/9087 
f 2006/1969/9088 1918/1937/9089 1972/2091/9090 
f 2294/2286/9091 2083/2192/9092 1934/1904/9093 
f 1857/1844/9094 2295/2236/9095 2121/2057/9096 
f 2092/2019/9097 2061/2089/9098 1948/1946/9099 
f 2138/2109/9100 1851/1905/9101 2112/2024/9102 
f 2146/2193/9103 1857/1844/9104 2120/2176/9105 
f 2313/2293/9106 2096/2196/9107 1937/1908/9108 
f 1865/1850/9109 2087/1992/9110 2130/2061/9111 
f 2200/2173/9112 2098/2200/9113 1938/1911/9114 
f 1868/1859/9115 2088/1994/9116 2136/2064/9117 
f 2314/2294/9118 2097/2199/9119 1939/1910/9120 
f 1871/1856/9121 2089/1995/9122 2134/2063/9123 
f 2202/2172/9124 2099/2203/9125 1940/1912/9126 
f 1874/1862/9127 2091/1996/9128 2137/2065/9129 
f 2108/2155/9130 1910/1838/9131 1952/1968/9132 
f 2014/2124/9133 2085/2082/9134 2154/2059/9135 
f 1900/1853/9136 2086/1993/9137 2153/2062/9138 
f 2152/2201/9139 1865/1850/9140 2126/2179/9141 
f 2155/2198/9142 1868/1859/9143 2132/2181/9144 
f 2156/2204/9145 1871/1856/9146 2131/2182/9147 
f 2158/2205/9148 1874/1862/9149 2133/2180/9150 
f 2122/2174/9151 1912/1841/9152 1954/1970/9153 
f 1909/1865/9154 2114/2002/9155 2166/2076/9156 
f 1911/1871/9157 2123/2005/9158 2169/2079/9159 
f 2312/2295/9160 2215/2195/9161 1880/1899/9162 
f 2001/1942/9163 2014/2124/9164 2127/2034/9165 
f 2311/2292/9166 2214/2197/9167 1936/1909/9168 
f 2150/2202/9169 1900/1853/9170 2128/2178/9171 
f 2038/2166/9172 2297/2310/9173 2069/2037/9174 
f 2106/2217/9175 1901/1939/9176 2076/2009/9177 
f 2104/2030/9178 2051/2158/9179 2073/2128/9180 
f 2042/2150/9181 2298/2308/9182 2064/2039/9183 
f 2103/2032/9184 2055/2159/9185 2079/2131/9186 
f 2044/2163/9187 2301/2313/9188 2070/2041/9189 
f 2040/2149/9190 2299/2309/9191 2067/2038/9192 
f 2101/2033/9193 2054/2157/9194 2077/2130/9195 
f 2043/2148/9196 2300/2312/9197 2066/2042/9198 
f 2102/2218/9199 1905/1940/9200 2074/2010/9201 
f 2039/2153/9202 2302/2311/9203 2065/2040/9204 
f 2105/2031/9205 2056/2156/9206 2075/2129/9207 
f 2041/2165/9208 2296/2314/9209 2068/2036/9210 
f 2094/2029/9211 2050/2088/9212 2078/2011/9213 
f 2115/2222/9214 1908/1941/9215 2092/2019/9216 
f 2057/2175/9217 2061/2089/9218 2084/2045/9219 
f 2203/2185/9220 2219/2210/9221 1949/1915/9222 
f 2165/2211/9223 1909/1865/9224 2149/2194/9225 
f 2063/2183/9226 1910/1838/9227 2107/2048/9228 
f 2125/2043/9229 2081/2184/9230 2108/2155/9231 
f 2170/2213/9232 1911/1871/9233 2160/2208/9234 
f 2208/2191/9235 2220/2212/9236 1953/1918/9237 
f 2147/2046/9238 2093/2190/9239 2122/2174/9240 
f 2082/2189/9241 1912/1841/9242 2119/2056/9243 
f 2279/2302/9244 1920/1823/9245 2116/2305/9246 
f 2280/2304/9247 2184/2020/9248 2117/2307/9249 
f 2281/2303/9250 1919/1820/9251 2118/2306/9252 
f 2211/2243/9253 2256/2279/9254 1970/2000/9255 
f 2213/2244/9256 2257/2280/9257 1971/2001/9258 
f 1918/1937/9259 2090/2085/9260 2135/2058/9261 
f 1930/1878/9262 2027/2008/9263 2135/2058/9264 
f 2183/1953/9265 1998/2133/9266 2224/2247/9267 
f 1974/2135/9268 1919/1820/9269 2049/2104/9270 
f 2182/1952/9271 1997/2132/9272 2225/2245/9273 
f 1976/2136/9274 1920/1823/9275 2048/2101/9276 
f 1921/1938/9277 1999/2137/9278 2226/2246/9279 
f 1975/1945/9280 2184/2020/9281 2047/2035/9282 
f 2298/2308/9283 2255/2226/9284 2064/2039/9285 
f 2301/2313/9286 2252/2228/9287 2070/2041/9288 
f 2297/2310/9289 2254/2223/9290 2069/2037/9291 
f 2299/2309/9292 2253/2224/9293 2067/2038/9294 
f 2302/2311/9295 2251/2227/9296 2065/2040/9297 
f 2300/2312/9298 2250/2225/9299 2066/2042/9300 
f 2296/2314/9301 2249/2229/9302 2068/2036/9303 
f 2061/2089/9304 2267/2230/9305 2084/2045/9306 
f 2071/2145/9307 2027/2008/9308 2188/2167/9309 
f 1910/1838/9310 2282/2233/9311 2107/2048/9312 
f 1912/1841/9313 2291/2235/9314 2119/2056/9315 
f 2304/2290/9316 2072/2187/9317 2113/2055/9318 
f 1934/1904/9319 2083/2192/9320 2121/2057/9321 
f 2215/2195/9322 2154/2059/9323 1880/1899/9324 
f 2214/2197/9325 2153/2062/9326 1936/1909/9327 
f 1937/1908/9328 2096/2196/9329 2130/2061/9330 
f 1938/1911/9331 2098/2200/9332 2136/2064/9333 
f 1939/1910/9334 2097/2199/9335 2134/2063/9336 
f 1940/1912/9337 2099/2203/9338 2137/2065/9339 
f 2269/2273/9340 2043/2148/9341 2066/2042/9342 
f 2242/2257/9343 2043/2148/9344 2269/2273/9345 
f 2274/2274/9346 2039/2153/9347 2065/2040/9348 
f 2246/2260/9349 2039/2153/9350 2274/2274/9351 
f 2244/2254/9352 2038/2166/9353 2268/2272/9354 
f 2268/2272/9355 2038/2166/9356 2069/2037/9357 
f 2245/2256/9358 2044/2163/9359 2271/2275/9360 
f 2271/2275/9361 2044/2163/9362 2070/2041/9363 
f 2243/2255/9364 2041/2165/9365 2273/2269/9366 
f 2273/2269/9367 2041/2165/9368 2068/2036/9369 
f 2272/2271/9370 2042/2150/9371 2064/2039/9372 
f 2248/2259/9373 2042/2150/9374 2272/2271/9375 
f 2270/2270/9376 2040/2149/9377 2067/2038/9378 
f 2247/2258/9379 2040/2149/9380 2270/2270/9381 
f 2259/2268/9382 2057/2175/9383 2278/2276/9384 
f 2278/2276/9385 2057/2175/9386 2084/2045/9387 
f 2219/2210/9388 2166/2076/9389 1949/1915/9390 
f 2031/2077/9391 2124/1947/9392 2204/2239/9393 
f 2032/2078/9394 2129/1948/9395 2205/2240/9396 
f 2293/2287/9397 2063/2183/9398 2107/2048/9399 
f 2276/2278/9400 2063/2183/9401 2293/2287/9402 
f 2220/2212/9403 2169/2079/9404 1953/1918/9405 
f 1892/1903/9406 2082/2189/9407 2119/2056/9408 
f 2290/2285/9409 2082/2189/9410 1892/1903/9411 
f 2049/2104/9412 2183/1953/9413 2223/2250/9414 
f 2048/2101/9415 2182/1952/9416 2221/2249/9417 
f 2047/2035/9418 1921/1938/9419 2222/2248/9420 
f 2075/2129/9421 1942/1961/9422 2237/2263/9423 
f 2073/2128/9424 1946/1960/9425 2240/2264/9426 
f 2079/2131/9427 1944/1962/9428 2239/2261/9429 
f 2076/2009/9430 1943/1943/9431 2238/2266/9432 
f 2074/2010/9433 1941/1944/9434 2235/2267/9435 
f 2077/2130/9436 1947/1959/9437 2241/2265/9438 
f 2078/2011/9439 1945/1956/9440 2236/2262/9441 
f 2092/2019/9442 1948/1946/9443 2258/2277/9444 
f 2108/2155/9445 1952/1968/9446 2275/2283/9447 
f 2033/1984/9448 1967/2084/9449 2227/2206/9450 
f 2036/2282/9451 1967/2084/9452 2194/2214/9453 
f 2122/2174/9454 1954/1970/9455 2288/2289/9456 
f 2037/2284/9457 1969/2087/9458 2196/2215/9459 
f 2035/1991/9460 1969/2087/9461 2234/2207/9462 
f 1970/2000/9463 2194/2214/9464 2209/2071/9465 
f 2045/1954/9466 1970/2000/9467 1815/1815/9468 
f 1971/2001/9469 2196/2215/9470 2210/2074/9471 
f 2046/1955/9472 1971/2001/9473 1818/1818/9474 
f 2212/2164/9475 2071/2145/9476 2188/2167/9477 
f 2157/2231/9478 1972/2091/9479 1856/1879/9480 
f 2112/2024/9481 1986/1967/9482 2284/2288/9483 
f 2118/2306/9484 1974/2135/9485 2218/2220/9486 
f 2059/2022/9487 1974/2135/9488 2049/2104/9489 
f 2060/2216/9490 1975/1945/9491 2047/2035/9492 
f 2117/2307/9493 1975/1945/9494 2217/2221/9495 
f 2116/2305/9496 1976/2136/9497 2216/2219/9498 
f 2058/2021/9499 1976/2136/9500 2048/2101/9501 
f 2120/2176/9502 1987/1972/9503 2289/2291/9504 
f 2256/2279/9505 1819/1814/9506 2036/2282/9507 
f 2124/1947/9508 1978/2083/9509 2206/2237/9510 
f 2129/1948/9511 1979/2086/9512 2207/2238/9513 
f 2257/2280/9514 1820/1817/9515 2037/2284/9516 
f 2127/2034/9517 1899/1950/9518 2305/2298/9519 
f 2128/2178/9520 2013/1976/9521 2306/2300/9522 
f 2126/2179/9523 1990/1977/9524 2307/2299/9525 
f 2132/2181/9526 1992/1978/9527 2309/2296/9528 
f 2131/2182/9529 1991/1979/9530 2308/2297/9531 
f 2133/2180/9532 1993/1980/9533 2310/2301/9534 
f 2112/2024/9535 1851/1905/9536 1986/1967/9537 
f 2072/2187/9538 1851/1905/9539 2113/2055/9540 
f 2120/2176/9541 1857/1844/9542 1987/1972/9543 
f 2083/2192/9544 1857/1844/9545 2121/2057/9546 
f 2149/2194/9547 2025/1997/9548 1988/2177/9549 
f 1852/1869/9550 1989/2044/9551 1863/1925/9552 
f 1851/1905/9553 2138/2109/9554 2287/2234/9555 
f 2126/2179/9556 1865/1850/9557 1990/1977/9558 
f 2096/2196/9559 1865/1850/9560 2130/2061/9561 
f 2097/2199/9562 1871/1856/9563 2134/2063/9564 
f 2131/2182/9565 1871/1856/9566 1991/1979/9567 
f 2098/2200/9568 1868/1859/9569 2136/2064/9570 
f 2132/2181/9571 1868/1859/9572 1992/1978/9573 
f 2099/2203/9574 1874/1862/9575 2137/2065/9576 
f 2133/2180/9577 1874/1862/9578 1993/1980/9579 
f 1813/1813/9580 2033/1984/9581 1814/1896/9582 
f 1816/1816/9583 2035/1991/9584 1817/1898/9585 
f 2160/2208/9586 2029/1999/9587 1996/2186/9588 
f 2225/2245/9589 1997/2132/9590 2233/2251/9591 
f 2233/2251/9592 2279/2302/9593 2008/2026/9594 
f 2232/2252/9595 2281/2303/9596 2010/2027/9597 
f 2224/2247/9598 1998/2133/9599 2232/2252/9600 
f 2231/2253/9601 2280/2304/9602 2009/2028/9603 
f 2226/2246/9604 1999/2137/9605 2231/2253/9606 
f 1858/1843/9607 2000/2047/9608 1864/1928/9609 
f 1857/1844/9610 2146/2193/9611 2295/2236/9612 
f 1882/1900/9613 2151/2232/9614 1881/1920/9615 
f 2014/2124/9616 2001/1942/9617 2085/2082/9618 
f 1883/1852/9619 2002/2051/9620 1884/1931/9621 
f 1900/1853/9622 2150/2202/9623 2086/1993/9624 
f 1865/1850/9625 2152/2201/9626 2087/1992/9627 
f 1866/1849/9628 2003/2050/9629 1886/1930/9630 
f 1871/1856/9631 2156/2204/9632 2089/1995/9633 
f 1872/1855/9634 2004/2052/9635 1888/1933/9636 
f 1868/1859/9637 2155/2198/9638 2088/1994/9639 
f 1869/1858/9640 2005/2053/9641 1887/1932/9642 
f 1854/1929/9643 2157/2231/9644 1856/1879/9645 
f 1918/1937/9646 2006/1969/9647 2090/2085/9648 
f 1875/1861/9649 2007/2054/9650 1889/1934/9651 
f 1874/1862/9652 2158/2205/9653 2091/1996/9654 
f 2110/1973/9655 2008/2026/9656 1826/1824/9657 
f 2008/2026/9658 2216/2219/9659 2228/2097/9660 
f 2009/2028/9661 2217/2221/9662 2229/2099/9663 
f 2111/1971/9664 2009/2028/9665 1914/1877/9666 
f 2010/2027/9667 2218/2220/9668 2230/2098/9669 
f 2109/1974/9670 2010/2027/9671 1823/1821/9672 
f 1893/1864/9673 2011/2060/9674 1894/1935/9675 
f 1909/1865/9676 2165/2211/9677 2114/2002/9678 
f 1911/1871/9679 2170/2213/9680 2123/2005/9681 
f 1896/1870/9682 2012/2072/9683 1897/1936/9684 
f 2214/2197/9685 1900/1853/9686 2153/2062/9687 
f 2128/2178/9688 1900/1853/9689 2013/1976/9690 
f 2127/2034/9691 2014/2124/9692 1899/1950/9693 
f 2215/2195/9694 2014/2124/9695 2154/2059/9696 
f 1828/1876/9697 2060/2216/9698 1827/1914/9699 
f 1825/1822/9700 2058/2021/9701 1824/1917/9702 
f 1822/1819/9703 2059/2022/9704 1821/1916/9705 
f 1843/1848/9706 2094/2029/9707 1842/1919/9708 
f 1840/1882/9709 2102/2218/9710 1839/1907/9711 
f 1846/1885/9712 2106/2217/9713 1845/1906/9714 
f 1922/1828/9715 2104/2030/9716 1833/1921/9717 
f 1925/1831/9718 2101/2033/9719 1848/1922/9720 
f 1923/1825/9721 2103/2032/9722 1836/1924/9723 
f 1926/1834/9724 2105/2031/9725 1830/1923/9726 
f 2219/2210/9727 1909/1865/9728 2166/2076/9729 
f 2149/2194/9730 1909/1865/9731 2025/1997/9732 
f 1930/1878/9733 2135/2058/9734 2026/2018/9735 
f 2027/2008/9736 1918/1937/9737 2135/2058/9738 
f 2071/2145/9739 1918/1937/9740 2027/2008/9741 
f 1861/1890/9742 2115/2222/9743 1860/1913/9744 
f 2220/2212/9745 1911/1871/9746 2169/2079/9747 
f 2160/2208/9748 1911/1871/9749 2029/1999/9750 
f 1931/1837/9751 2125/2043/9752 1877/1926/9753 
f 2227/2206/9754 2204/2239/9755 1814/1896/9756 
f 2033/1984/9757 2227/2206/9758 1814/1896/9759 
f 2234/2207/9760 2205/2240/9761 1817/1898/9762 
f 2035/1991/9763 2234/2207/9764 1817/1898/9765 
f 2194/2214/9766 1967/2084/9767 2283/2241/9768 
f 1994/1949/9769 2283/2241/9770 1813/1813/9771 
f 1932/1840/9772 2147/2046/9773 1890/1927/9774 
f 1995/1951/9775 2285/2242/9776 1816/1816/9777 
f 2196/2215/9778 1969/2087/9779 2285/2242/9780 
f 2256/2279/9781 2036/2282/9782 1970/2000/9783 
f 2036/2282/9784 2194/2214/9785 1970/2000/9786 
f 2037/2284/9787 2196/2215/9788 1971/2001/9789 
f 2257/2280/9790 2037/2284/9791 1971/2001/9792 
f 1943/1943/9793 2052/2081/9794 2038/2166/9795 
f 1943/1943/9796 2038/2166/9797 2244/2254/9798 
f 1942/1961/9799 1906/1835/9800 2039/2153/9801 
f 1942/1961/9802 2039/2153/9803 2246/2260/9804 
f 1947/1959/9805 1904/1832/9806 2040/2149/9807 
f 1947/1959/9808 2040/2149/9809 2247/2258/9810 
f 1945/1956/9811 1907/1897/9812 2041/2165/9813 
f 1945/1956/9814 2041/2165/9815 2243/2255/9816 
f 1946/1960/9817 1902/1829/9818 2042/2150/9819 
f 1946/1960/9820 2042/2150/9821 2248/2259/9822 
f 1941/1944/9823 2053/2080/9824 2043/2148/9825 
f 1941/1944/9826 2043/2148/9827 2242/2257/9828 
f 1944/1962/9829 2044/2163/9830 2245/2256/9831 
f 1944/1962/9832 1903/1826/9833 2044/2163/9834 
f 1916/1873/9835 1970/2000/9836 2045/1954/9837 
f 1917/1874/9838 1971/2001/9839 2046/1955/9840 
f 2047/2035/9841 2222/2248/9842 1827/1914/9843 
f 2060/2216/9844 2047/2035/9845 1827/1914/9846 
f 2048/2101/9847 2221/2249/9848 1824/1917/9849 
f 2058/2021/9850 2048/2101/9851 1824/1917/9852 
f 2049/2104/9853 2223/2250/9854 1821/1916/9855 
f 2059/2022/9856 2049/2104/9857 1821/1916/9858 
f 2050/2088/9859 1907/1897/9860 2078/2011/9861 
f 2296/2314/9862 2050/2088/9863 2249/2229/9864 
f 2298/2308/9865 2051/2158/9866 2255/2226/9867 
f 2051/2158/9868 1902/1829/9869 2073/2128/9870 
f 2297/2310/9871 1901/1939/9872 2254/2223/9873 
f 1901/1939/9874 2052/2081/9875 2076/2009/9876 
f 2300/2312/9877 1905/1940/9878 2250/2225/9879 
f 1905/1940/9880 2053/2080/9881 2074/2010/9882 
f 2054/2157/9883 1904/1832/9884 2077/2130/9885 
f 2299/2309/9886 2054/2157/9887 2253/2224/9888 
f 2301/2313/9889 2055/2159/9890 2252/2228/9891 
f 2055/2159/9892 1903/1826/9893 2079/2131/9894 
f 2056/2156/9895 1906/1835/9896 2075/2129/9897 
f 2302/2311/9898 2056/2156/9899 2251/2227/9900 
f 1948/1946/9901 2061/2089/9902 2057/2175/9903 
f 1948/1946/9904 2057/2175/9905 2259/2268/9906 
f 2016/1958/9907 2058/2021/9908 1825/1822/9909 
f 2216/2219/9910 1976/2136/9911 2058/2021/9912 
f 2017/1957/9913 2059/2022/9914 1822/1819/9915 
f 2218/2220/9916 1974/2135/9917 2059/2022/9918 
f 2015/2049/9919 2060/2216/9920 1828/1876/9921 
f 2217/2221/9922 1975/1945/9923 2060/2216/9924 
f 1908/1941/9925 2061/2089/9926 2092/2019/9927 
f 2061/2089/9928 1908/1941/9929 2267/2230/9930 
f 2062/2209/9931 1989/2044/9932 1852/1869/9933 
f 1952/1968/9934 2063/2183/9935 2276/2278/9936 
f 1952/1968/9937 1910/1838/9938 2063/2183/9939 
f 2064/2039/9940 2255/2226/9941 2266/2121/9942 
f 2145/1987/9943 2064/2039/9944 1834/1830/9945 
f 2065/2040/9946 2251/2227/9947 2260/2119/9948 
f 2141/1986/9949 2065/2040/9950 1831/1836/9951 
f 2066/2042/9952 2250/2225/9953 2265/2118/9954 
f 2144/1983/9955 2066/2042/9956 1927/1883/9957 
f 2140/1988/9958 2067/2038/9959 1849/1833/9960 
f 2067/2038/9961 2253/2224/9962 2263/2120/9963 
f 2068/2036/9964 2249/2229/9965 2262/2123/9966 
f 2142/1990/9967 2068/2036/9968 1928/1846/9969 
f 2139/1985/9970 2069/2037/9971 1924/1886/9972 
f 2069/2037/9973 2254/2223/9974 2261/2117/9975 
f 2143/1989/9976 2070/2041/9977 1837/1827/9978 
f 2070/2041/9979 2252/2228/9980 2264/2122/9981 
f 1972/2091/9982 2071/2145/9983 2212/2164/9984 
f 1972/2091/9985 1918/1937/9986 2071/2145/9987 
f 1986/1967/9988 2072/2187/9989 2286/2281/9990 
f 1986/1967/9991 1851/1905/9992 2072/2187/9993 
f 2104/2030/9994 2073/2128/9995 1833/1921/9996 
f 2073/2128/9997 2240/2264/9998 1833/1921/9999 
f 2074/2010/10000 2235/2267/10001 1839/1907/10002 
f 2102/2218/10003 2074/2010/10004 1839/1907/10005 
f 2075/2129/10006 2237/2263/10007 1830/1923/10008 
f 2105/2031/10009 2075/2129/10010 1830/1923/10011 
f 2076/2009/10012 2238/2266/10013 1845/1906/10014 
f 2106/2217/10015 2076/2009/10016 1845/1906/10017 
f 2101/2033/10018 2077/2130/10019 1848/1922/10020 
f 2077/2130/10021 2241/2265/10022 1848/1922/10023 
f 2094/2029/10024 2078/2011/10025 1842/1919/10026 
f 2078/2011/10027 2236/2262/10028 1842/1919/10029 
f 2103/2032/10030 2079/2131/10031 1836/1924/10032 
f 2079/2131/10033 2239/2261/10034 1836/1924/10035 
f 2080/1982/10036 2000/2047/10037 1858/1843/10038 
f 1910/1838/10039 2081/2184/10040 2282/2233/10041 
f 2081/2184/10042 1910/1838/10043 2108/2155/10044 
f 1954/1970/10045 1912/1841/10046 2082/2189/10047 
f 1954/1970/10048 2082/2189/10049 2290/2285/10050 
f 1987/1972/10051 1857/1844/10052 2083/2192/10053 
f 1987/1972/10054 2083/2192/10055 2294/2286/10056 
f 2148/1998/10057 2084/2045/10058 1929/1891/10059 
f 2084/2045/10060 2267/2230/10061 2277/2127/10062 
f 2085/2082/10063 2151/2232/10064 1882/1900/10065 
f 2086/1993/10066 2002/2051/10067 1883/1852/10068 
f 2087/1992/10069 2003/2050/10070 1866/1849/10071 
f 2088/1994/10072 2005/2053/10073 1869/1858/10074 
f 2089/1995/10075 2004/2052/10076 1872/1855/10077 
f 2090/2085/10078 2157/2231/10079 1854/1929/10080 
f 2091/1996/10081 2007/2054/10082 1875/1861/10083 
f 2092/2019/10084 2258/2277/10085 1860/1913/10086 
f 2115/2222/10087 2092/2019/10088 1860/1913/10089 
f 2093/2190/10090 1912/1841/10091 2122/2174/10092 
f 1912/1841/10093 2093/2190/10094 2291/2235/10095 
f 2249/2229/10096 2050/2088/10097 2094/2029/10098 
f 2018/2188/10099 2094/2029/10100 1843/1848/10101 
f 2204/2239/10102 2124/1947/10103 2206/2237/10104 
f 1990/1977/10105 1865/1850/10106 2096/2196/10107 
f 1990/1977/10108 2096/2196/10109 2313/2293/10110 
f 1991/1979/10111 1871/1856/10112 2097/2199/10113 
f 1991/1979/10114 2097/2199/10115 2314/2294/10116 
f 1992/1978/10117 2098/2200/10118 2200/2173/10119 
f 1992/1978/10120 1868/1859/10121 2098/2200/10122 
f 1993/1980/10123 2099/2203/10124 2202/2172/10125 
f 1993/1980/10126 1874/1862/10127 2099/2203/10128 
f 2205/2240/10129 2129/1948/10130 2207/2238/10131 
f 2022/1965/10132 2101/2033/10133 1925/1831/10134 
f 2253/2224/10135 2054/2157/10136 2101/2033/10137 
f 2019/2068/10138 2102/2218/10139 1840/1882/10140 
f 2250/2225/10141 1905/1940/10142 2102/2218/10143 
f 2023/1966/10144 2103/2032/10145 1923/1825/10146 
f 2252/2228/10147 2055/2159/10148 2103/2032/10149 
f 2255/2226/10150 2051/2158/10151 2104/2030/10152 
f 2021/1963/10153 2104/2030/10154 1922/1828/10155 
f 2024/1964/10156 2105/2031/10157 1926/1834/10158 
f 2251/2227/10159 2056/2156/10160 2105/2031/10161 
f 2020/2066/10162 2106/2217/10163 1846/1885/10164 
f 2254/2223/10165 1901/1939/10166 2106/2217/10167 
f 2159/2003/10168 2107/2048/10169 1878/1839/10170 
f 2107/2048/10171 2282/2233/10172 2292/2140/10173 
f 2108/2155/10174 2275/2283/10175 1877/1926/10176 
f 2125/2043/10177 2108/2155/10178 1877/1926/10179 
f 1915/1888/10180 2010/2027/10181 2109/1974/10182 
f 1913/1887/10183 2008/2026/10184 2110/1973/10185 
f 1829/1875/10186 2009/2028/10187 2111/1971/10188 
f 1989/2044/10189 2112/2024/10190 1863/1925/10191 
f 2112/2024/10192 2284/2288/10193 1863/1925/10194 
f 2164/2004/10195 2113/2055/10196 1933/1867/10197 
f 2113/2055/10198 2287/2234/10199 2303/2144/10200 
f 2114/2002/10201 2011/2060/10202 1893/1864/10203 
f 2028/2075/10204 2115/2222/10205 1861/1890/10206 
f 2267/2230/10207 1908/1941/10208 2115/2222/10209 
f 2116/2305/10210 2216/2219/10211 2008/2026/10212 
f 2279/2302/10213 2116/2305/10214 2008/2026/10215 
f 2117/2307/10216 2217/2221/10217 2009/2028/10218 
f 2280/2304/10219 2117/2307/10220 2009/2028/10221 
f 2281/2303/10222 2118/2306/10223 2010/2027/10224 
f 2118/2306/10225 2218/2220/10226 2010/2027/10227 
f 2119/2056/10228 2291/2235/10229 1891/1842/10230 
f 2167/2006/10231 2119/2056/10232 1891/1842/10233 
f 2120/2176/10234 2289/2291/10235 1864/1928/10236 
f 2000/2047/10237 2120/2176/10238 1864/1928/10239 
f 2168/2007/10240 2121/2057/10241 1859/1845/10242 
f 2121/2057/10243 2295/2236/10244 1859/1845/10245 
f 2147/2046/10246 2122/2174/10247 1890/1927/10248 
f 2122/2174/10249 2288/2289/10250 1890/1927/10251 
f 2123/2005/10252 2012/2072/10253 1896/1870/10254 
f 2031/2077/10255 1819/1814/10256 2124/1947/10257 
f 2124/1947/10258 1819/1814/10259 1978/2083/10260 
f 2030/1975/10261 2125/2043/10262 1931/1837/10263 
f 2282/2233/10264 2081/2184/10265 2125/2043/10266 
f 2003/2050/10267 2126/2179/10268 1886/1930/10269 
f 2126/2179/10270 2307/2299/10271 1886/1930/10272 
f 2127/2034/10273 2305/2298/10274 1881/1920/10275 
f 2151/2232/10276 2127/2034/10277 1881/1920/10278 
f 2002/2051/10279 2128/2178/10280 1884/1931/10281 
f 2128/2178/10282 2306/2300/10283 1884/1931/10284 
f 2032/2078/10285 1820/1817/10286 2129/1948/10287 
f 2129/1948/10288 1820/1817/10289 1979/2086/10290 
f 2171/2014/10291 2130/2061/10292 1867/1851/10293 
f 2130/2061/10294 2087/1992/10295 1867/1851/10296 
f 2004/2052/10297 2131/2182/10298 1888/1933/10299 
f 2131/2182/10300 2308/2297/10301 1888/1933/10302 
f 2005/2053/10303 2132/2181/10304 1887/1932/10305 
f 2132/2181/10306 2309/2296/10307 1887/1932/10308 
f 2007/2054/10309 2133/2180/10310 1889/1934/10311 
f 2133/2180/10312 2310/2301/10313 1889/1934/10314 
f 2134/2063/10315 2089/1995/10316 1873/1857/10317 
f 2173/2015/10318 2134/2063/10319 1873/1857/10320 
f 2026/2018/10321 2135/2058/10322 1855/1880/10323 
f 2135/2058/10324 2090/2085/10325 1855/1880/10326 
f 2172/2016/10327 2136/2064/10328 1870/1860/10329 
f 2136/2064/10330 2088/1994/10331 1870/1860/10332 
f 2174/2017/10333 2137/2065/10334 1876/1863/10335 
f 2137/2065/10336 2091/1996/10337 1876/1863/10338 
f 1989/2044/10339 2138/2109/10340 2112/2024/10341 
f 2287/2234/10342 2138/2109/10343 1989/2044/10344 
f 1847/1884/10345 2069/2037/10346 2139/1985/10347 
f 1850/1892/10348 2067/2038/10349 2140/1988/10350 
f 1832/1894/10351 2065/2040/10352 2141/1986/10353 
f 1844/1847/10354 2068/2036/10355 2142/1990/10356 
f 1838/1895/10357 2070/2041/10358 2143/1989/10359 
f 1841/1881/10360 2066/2042/10361 2144/1983/10362 
f 1835/1893/10363 2064/2039/10364 2145/1987/10365 
f 2000/2047/10366 2146/2193/10367 2120/2176/10368 
f 2295/2236/10369 2146/2193/10370 2000/2047/10371 
f 2291/2235/10372 2093/2190/10373 2147/2046/10374 
f 2034/1981/10375 2147/2046/10376 1932/1840/10377 
f 1862/1889/10378 2084/2045/10379 2148/1998/10380 
f 2149/2194/10381 1988/2177/10382 1894/1935/10383 
f 2011/2060/10384 2149/2194/10385 1894/1935/10386 
f 2086/1993/10387 2150/2202/10388 2002/2051/10389 
f 2002/2051/10390 2150/2202/10391 2128/2178/10392 
f 2085/2082/10393 2001/1942/10394 2151/2232/10395 
f 2151/2232/10396 2001/1942/10397 2127/2034/10398 
f 2003/2050/10399 2152/2201/10400 2126/2179/10401 
f 2087/1992/10402 2152/2201/10403 2003/2050/10404 
f 2186/2013/10405 2153/2062/10406 1885/1854/10407 
f 2153/2062/10408 2086/1993/10409 1885/1854/10410 
f 2154/2059/10411 2085/2082/10412 1935/1901/10413 
f 2185/2012/10414 2154/2059/10415 1935/1901/10416 
f 2005/2053/10417 2155/2198/10418 2132/2181/10419 
f 2088/1994/10420 2155/2198/10421 2005/2053/10422 
f 2004/2052/10423 2156/2204/10424 2131/2182/10425 
f 2089/1995/10426 2156/2204/10427 2004/2052/10428 
f 2157/2231/10429 2006/1969/10430 1972/2091/10431 
f 2090/2085/10432 2006/1969/10433 2157/2231/10434 
f 2007/2054/10435 2158/2205/10436 2133/2180/10437 
f 2091/1996/10438 2158/2205/10439 2007/2054/10440 
f 1879/1902/10441 2107/2048/10442 2159/2003/10443 
f 2160/2208/10444 1996/2186/10445 1897/1936/10446 
f 2012/2072/10447 2160/2208/10448 1897/1936/10449 
f 2223/2250/10450 2183/1953/10451 2224/2247/10452 
f 2221/2249/10453 2182/1952/10454 2225/2245/10455 
f 2222/2248/10456 1921/1938/10457 2226/2246/10458 
f 1853/1868/10459 2113/2055/10460 2164/2004/10461 
f 2011/2060/10462 2165/2211/10463 2149/2194/10464 
f 2114/2002/10465 2165/2211/10466 2011/2060/10467 
f 2189/2023/10468 2166/2076/10469 1895/1866/10470 
f 2166/2076/10471 2114/2002/10472 1895/1866/10473 
f 1892/1903/10474 2119/2056/10475 2167/2006/10476 
f 1934/1904/10477 2121/2057/10478 2168/2007/10479 
f 2169/2079/10480 2123/2005/10481 1898/1872/10482 
f 2192/2025/10483 2169/2079/10484 1898/1872/10485 
f 2123/2005/10486 2170/2213/10487 2012/2072/10488 
f 2012/2072/10489 2170/2213/10490 2160/2208/10491 
f 1937/1908/10492 2130/2061/10493 2171/2014/10494 
f 1938/1911/10495 2136/2064/10496 2172/2016/10497 
f 1939/1910/10498 2134/2063/10499 2173/2015/10500 
f 1940/1912/10501 2137/2065/10502 2174/2017/10503 
f 2235/2267/10504 1941/1944/10505 2242/2257/10506 
f 2237/2263/10507 1942/1961/10508 2246/2260/10509 
f 2239/2261/10510 1944/1962/10511 2245/2256/10512 
f 2236/2262/10513 1945/1956/10514 2243/2255/10515 
f 2238/2266/10516 1943/1943/10517 2244/2254/10518 
f 2241/2265/10519 1947/1959/10520 2247/2258/10521 
f 2240/2264/10522 1946/1960/10523 2248/2259/10524 
f 2182/1952/10525 1920/1823/10526 1997/2132/10527 
f 2048/2101/10528 1920/1823/10529 2182/1952/10530 
f 2049/2104/10531 1919/1820/10532 2183/1953/10533 
f 2183/1953/10534 1919/1820/10535 1998/2133/10536 
f 1921/1938/10537 2184/2020/10538 1999/2137/10539 
f 2047/2035/10540 2184/2020/10541 1921/1938/10542 
f 1880/1899/10543 2154/2059/10544 2185/2012/10545 
f 1936/1909/10546 2153/2062/10547 2186/2013/10548 
f 2258/2277/10549 1948/1946/10550 2259/2268/10551 
f 2188/2167/10552 2027/2008/10553 1930/1878/10554 
f 1949/1915/10555 2166/2076/10556 2189/2023/10557 
f 2275/2283/10558 1952/1968/10559 2276/2278/10560 
f 2284/2288/10561 1986/1967/10562 2286/2281/10563 
f 1953/1918/10564 2169/2079/10565 2192/2025/10566 
f 2288/2289/10567 1954/1970/10568 2290/2285/10569 
f 2209/2071/10570 2194/2214/10571 1994/1949/10572 
f 2194/2214/10573 2283/2241/10574 1994/1949/10575 
f 2289/2291/10576 1987/1972/10577 2294/2286/10578 
f 2210/2074/10579 2196/2215/10580 1995/1951/10581 
f 2196/2215/10582 2285/2242/10583 1995/1951/10584 
f 2306/2300/10585 2013/1976/10586 2311/2292/10587 
f 2305/2298/10588 1899/1950/10589 2312/2295/10590 
f 2307/2299/10591 1990/1977/10592 2313/2293/10593 
f 2309/2296/10594 1992/1978/10595 2200/2173/10596 
f 2308/2297/10597 1991/1979/10598 2314/2294/10599 
f 2310/2301/10600 1993/1980/10601 2202/2172/10602 
f 1988/2177/10603 2025/1997/10604 2203/2185/10605 
f 1950/2067/10606 2204/2239/10607 2095/2070/10608 
f 1814/1896/10609 2204/2239/10610 1950/2067/10611 
f 1817/1898/10612 2205/2240/10613 1951/2069/10614 
f 1951/2069/10615 2205/2240/10616 2100/2073/10617 
f 2206/2237/10618 2211/2243/10619 2095/2070/10620 
f 2204/2239/10621 2206/2237/10622 2095/2070/10623 
f 2205/2240/10624 2207/2238/10625 2100/2073/10626 
f 2207/2238/10627 2213/2244/10628 2100/2073/10629 
f 1996/2186/10630 2029/1999/10631 2208/2191/10632 
f 1970/2000/10633 2209/2071/10634 1815/1815/10635 
f 1971/2001/10636 2210/2074/10637 1818/1818/10638 
f 2211/2243/10639 1970/2000/10640 1916/1873/10641 
f 2095/2070/10642 2211/2243/10643 1916/1873/10644 
f 1972/2091/10645 2212/2164/10646 1856/1879/10647 
f 2213/2244/10648 1971/2001/10649 1917/1874/10650 
f 2100/2073/10651 2213/2244/10652 1917/1874/10653 
f 2013/1976/10654 1900/1853/10655 2214/2197/10656 
f 2013/1976/10657 2214/2197/10658 2311/2292/10659 
f 1899/1950/10660 2014/2124/10661 2215/2195/10662 
f 1899/1950/10663 2215/2195/10664 2312/2295/10665 
f 2228/2097/10666 2216/2219/10667 2016/1958/10668 
f 2216/2219/10669 2058/2021/10670 2016/1958/10671 
f 2217/2221/10672 2060/2216/10673 2015/2049/10674 
f 2229/2099/10675 2217/2221/10676 2015/2049/10677 
f 2230/2098/10678 2218/2220/10679 2017/1957/10680 
f 2218/2220/10681 2059/2022/10682 2017/1957/10683 
f 2025/1997/10684 2219/2210/10685 2203/2185/10686 
f 2025/1997/10687 1909/1865/10688 2219/2210/10689 
f 2029/1999/10690 1911/1871/10691 2220/2212/10692 
f 2029/1999/10693 2220/2212/10694 2208/2191/10695 
f 1956/2093/10696 2221/2249/10697 2162/2094/10698 
f 1824/1917/10699 2221/2249/10700 1956/2093/10701 
f 1957/2090/10702 2222/2248/10703 2163/2095/10704 
f 1827/1914/10705 2222/2248/10706 1957/2090/10707 
f 1955/2092/10708 2223/2250/10709 2161/2096/10710 
f 1821/1916/10711 2223/2250/10712 1955/2092/10713 
f 2224/2247/10714 2232/2252/10715 2161/2096/10716 
f 2223/2250/10717 2224/2247/10718 2161/2096/10719 
f 2221/2249/10720 2225/2245/10721 2162/2094/10722 
f 2225/2245/10723 2233/2251/10724 2162/2094/10725 
f 2226/2246/10726 2231/2253/10727 2163/2095/10728 
f 2222/2248/10729 2226/2246/10730 2163/2095/10731 
f 1967/2084/10732 2031/2077/10733 2227/2206/10734 
f 2227/2206/10735 2031/2077/10736 2204/2239/10737 
f 2008/2026/10738 2228/2097/10739 1826/1824/10740 
f 2009/2028/10741 2229/2099/10742 1914/1877/10743 
f 2010/2027/10744 2230/2098/10745 1823/1821/10746 
f 2231/2253/10747 2009/2028/10748 1829/1875/10749 
f 2163/2095/10750 2231/2253/10751 1829/1875/10752 
f 2232/2252/10753 2010/2027/10754 1915/1888/10755 
f 2161/2096/10756 2232/2252/10757 1915/1888/10758 
f 2233/2251/10759 2008/2026/10760 1913/1887/10761 
f 2162/2094/10762 2233/2251/10763 1913/1887/10764 
f 1969/2087/10765 2032/2078/10766 2234/2207/10767 
f 2234/2207/10768 2032/2078/10769 2205/2240/10770 
f 1962/2107/10771 2235/2267/10772 2175/2114/10773 
f 1839/1907/10774 2235/2267/10775 1962/2107/10776 
f 1964/2108/10777 2236/2262/10778 2178/2115/10779 
f 1842/1919/10780 2236/2262/10781 1964/2108/10782 
f 1958/2100/10783 2237/2263/10784 2176/2112/10785 
f 1830/1923/10786 2237/2263/10787 1958/2100/10788 
f 1961/2102/10789 2238/2266/10790 2179/2110/10791 
f 1845/1906/10792 2238/2266/10793 1961/2102/10794 
f 1960/2106/10795 2239/2261/10796 2177/2116/10797 
f 1836/1924/10798 2239/2261/10799 1960/2106/10800 
f 1959/2103/10801 2240/2264/10802 2181/2113/10803 
f 1833/1921/10804 2240/2264/10805 1959/2103/10806 
f 1963/2105/10807 2241/2265/10808 2180/2111/10809 
f 1848/1922/10810 2241/2265/10811 1963/2105/10812 
f 2242/2257/10813 2269/2273/10814 2175/2114/10815 
f 2235/2267/10816 2242/2257/10817 2175/2114/10818 
f 2243/2255/10819 2273/2269/10820 2178/2115/10821 
f 2236/2262/10822 2243/2255/10823 2178/2115/10824 
f 2238/2266/10825 2244/2254/10826 2179/2110/10827 
f 2244/2254/10828 2268/2272/10829 2179/2110/10830 
f 2245/2256/10831 2271/2275/10832 2177/2116/10833 
f 2239/2261/10834 2245/2256/10835 2177/2116/10836 
f 2246/2260/10837 2274/2274/10838 2176/2112/10839 
f 2237/2263/10840 2246/2260/10841 2176/2112/10842 
f 2247/2258/10843 2270/2270/10844 2180/2111/10845 
f 2241/2265/10846 2247/2258/10847 2180/2111/10848 
f 2248/2259/10849 2272/2271/10850 2181/2113/10851 
f 2240/2264/10852 2248/2259/10853 2181/2113/10854 
f 2249/2229/10855 2094/2029/10856 2018/2188/10857 
f 2262/2123/10858 2249/2229/10859 2018/2188/10860 
f 2265/2118/10861 2250/2225/10862 2019/2068/10863 
f 2250/2225/10864 2102/2218/10865 2019/2068/10866 
f 2260/2119/10867 2251/2227/10868 2024/1964/10869 
f 2251/2227/10870 2105/2031/10871 2024/1964/10872 
f 2252/2228/10873 2103/2032/10874 2023/1966/10875 
f 2264/2122/10876 2252/2228/10877 2023/1966/10878 
f 2263/2120/10879 2253/2224/10880 2022/1965/10881 
f 2253/2224/10882 2101/2033/10883 2022/1965/10884 
f 2254/2223/10885 2106/2217/10886 2020/2066/10887 
f 2261/2117/10888 2254/2223/10889 2020/2066/10890 
f 2255/2226/10891 2104/2030/10892 2021/1963/10893 
f 2266/2121/10894 2255/2226/10895 2021/1963/10896 
f 1978/2083/10897 1819/1814/10898 2256/2279/10899 
f 1978/2083/10900 2256/2279/10901 2211/2243/10902 
f 1979/2086/10903 1820/1817/10904 2257/2280/10905 
f 1979/2086/10906 2257/2280/10907 2213/2244/10908 
f 1860/1913/10909 2258/2277/10910 1965/2125/10911 
f 1965/2125/10912 2258/2277/10913 2187/2126/10914 
f 2258/2277/10915 2259/2268/10916 2187/2126/10917 
f 2259/2268/10918 2278/2276/10919 2187/2126/10920 
f 2065/2040/10921 2260/2119/10922 1831/1836/10923 
f 2069/2037/10924 2261/2117/10925 1924/1886/10926 
f 2068/2036/10927 2262/2123/10928 1928/1846/10929 
f 2067/2038/10930 2263/2120/10931 1849/1833/10932 
f 2070/2041/10933 2264/2122/10934 1837/1827/10935 
f 2066/2042/10936 2265/2118/10937 1927/1883/10938 
f 2064/2039/10939 2266/2121/10940 1834/1830/10941 
f 2267/2230/10942 2115/2222/10943 2028/2075/10944 
f 2277/2127/10945 2267/2230/10946 2028/2075/10947 
f 2268/2272/10948 2069/2037/10949 1847/1884/10950 
f 2179/2110/10951 2268/2272/10952 1847/1884/10953 
f 2269/2273/10954 2066/2042/10955 1841/1881/10956 
f 2175/2114/10957 2269/2273/10958 1841/1881/10959 
f 2270/2270/10960 2067/2038/10961 1850/1892/10962 
f 2180/2111/10963 2270/2270/10964 1850/1892/10965 
f 2271/2275/10966 2070/2041/10967 1838/1895/10968 
f 2177/2116/10969 2271/2275/10970 1838/1895/10971 
f 2272/2271/10972 2064/2039/10973 1835/1893/10974 
f 2181/2113/10975 2272/2271/10976 1835/1893/10977 
f 2273/2269/10978 2068/2036/10979 1844/1847/10980 
f 2178/2115/10981 2273/2269/10982 1844/1847/10983 
f 2274/2274/10984 2065/2040/10985 1832/1894/10986 
f 2176/2112/10987 2274/2274/10988 1832/1894/10989 
f 1966/2134/10990 2275/2283/10991 2190/2139/10992 
f 1877/1926/10993 2275/2283/10994 1966/2134/10995 
f 2276/2278/10996 2293/2287/10997 2190/2139/10998 
f 2275/2283/10999 2276/2278/11000 2190/2139/11001 
f 2084/2045/11002 2277/2127/11003 1929/1891/11004 
f 2278/2276/11005 2084/2045/11006 1862/1889/11007 
f 2187/2126/11008 2278/2276/11009 1862/1889/11010 
f 1997/2132/11011 2279/2302/11012 2233/2251/11013 
f 1997/2132/11014 1920/1823/11015 2279/2302/11016 
f 1999/2137/11017 2184/2020/11018 2280/2304/11019 
f 1999/2137/11020 2280/2304/11021 2231/2253/11022 
f 1998/2133/11023 1919/1820/11024 2281/2303/11025 
f 1998/2133/11026 2281/2303/11027 2232/2252/11028 
f 2292/2140/11029 2282/2233/11030 2030/1975/11031 
f 2282/2233/11032 2125/2043/11033 2030/1975/11034 
f 2283/2241/11035 2033/1984/11036 1813/1813/11037 
f 2283/2241/11038 1967/2084/11039 2033/1984/11040 
f 1973/2138/11041 2284/2288/11042 2191/2142/11043 
f 1863/1925/11044 2284/2288/11045 1973/2138/11046 
f 2285/2242/11047 1969/2087/11048 2035/1991/11049 
f 2285/2242/11050 2035/1991/11051 1816/1816/11052 
f 2286/2281/11053 2304/2290/11054 2191/2142/11055 
f 2284/2288/11056 2286/2281/11057 2191/2142/11058 
f 2303/2144/11059 2287/2234/11060 2062/2209/11061 
f 2287/2234/11062 1989/2044/11063 2062/2209/11064 
f 1890/1927/11065 2288/2289/11066 1968/2141/11067 
f 1968/2141/11068 2288/2289/11069 2193/2146/11070 
f 1977/2143/11071 2289/2291/11072 2195/2147/11073 
f 1864/1928/11074 2289/2291/11075 1977/2143/11076 
f 2290/2285/11077 1892/1903/11078 2193/2146/11079 
f 2288/2289/11080 2290/2285/11081 2193/2146/11082 
f 2291/2235/11083 2147/2046/11084 2034/1981/11085 
f 1891/1842/11086 2291/2235/11087 2034/1981/11088 
f 2107/2048/11089 2292/2140/11090 1878/1839/11091 
f 2190/2139/11092 2293/2287/11093 1879/1902/11094 
f 2293/2287/11095 2107/2048/11096 1879/1902/11097 
f 2294/2286/11098 1934/1904/11099 2195/2147/11100 
f 2289/2291/11101 2294/2286/11102 2195/2147/11103 
f 2295/2236/11104 2000/2047/11105 2080/1982/11106 
f 1859/1845/11107 2295/2236/11108 2080/1982/11109 
f 1907/1897/11110 2050/2088/11111 2296/2314/11112 
f 2041/2165/11113 1907/1897/11114 2296/2314/11115 
f 2052/2081/11116 1901/1939/11117 2297/2310/11118 
f 2038/2166/11119 2052/2081/11120 2297/2310/11121 
f 1902/1829/11122 2051/2158/11123 2298/2308/11124 
f 2042/2150/11125 1902/1829/11126 2298/2308/11127 
f 1904/1832/11128 2054/2157/11129 2299/2309/11130 
f 2040/2149/11131 1904/1832/11132 2299/2309/11133 
f 2053/2080/11134 1905/1940/11135 2300/2312/11136 
f 2043/2148/11137 2053/2080/11138 2300/2312/11139 
f 2044/2163/11140 1903/1826/11141 2301/2313/11142 
f 1903/1826/11143 2055/2159/11144 2301/2313/11145 
f 1906/1835/11146 2056/2156/11147 2302/2311/11148 
f 2039/2153/11149 1906/1835/11150 2302/2311/11151 
f 2113/2055/11152 2303/2144/11153 1933/1867/11154 
f 2304/2290/11155 2113/2055/11156 1853/1868/11157 
f 2191/2142/11158 2304/2290/11159 1853/1868/11160 
f 1881/1920/11161 2305/2298/11162 1980/2161/11163 
f 1980/2161/11164 2305/2298/11165 2198/2171/11166 
f 1981/2152/11167 2306/2300/11168 2197/2168/11169 
f 1884/1931/11170 2306/2300/11171 1981/2152/11172 
f 1982/2151/11173 2307/2299/11174 2199/2169/11175 
f 1886/1930/11176 2307/2299/11177 1982/2151/11178 
f 1984/2162/11179 2308/2297/11180 2201/2170/11181 
f 1888/1933/11182 2308/2297/11183 1984/2162/11184 
f 1983/2154/11185 2309/2296/11186 2200/2173/11187 
f 1887/1932/11188 2309/2296/11189 1983/2154/11190 
f 1985/2160/11191 2310/2301/11192 2202/2172/11193 
f 1889/1934/11194 2310/2301/11195 1985/2160/11196 
f 2311/2292/11197 1936/1909/11198 2197/2168/11199 
f 2306/2300/11200 2311/2292/11201 2197/2168/11202 
f 2312/2295/11203 1880/1899/11204 2198/2171/11205 
f 2305/2298/11206 2312/2295/11207 2198/2171/11208 
f 2313/2293/11209 1937/1908/11210 2199/2169/11211 
f 2307/2299/11212 2313/2293/11213 2199/2169/11214 
f 2314/2294/11215 1939/1910/11216 2201/2170/11217 
f 2308/2297/11218 2314/2294/11219 2201/2170/11220 
# 729 faces

#
# object SM_Barnacle_Group_03_LOD3
#

v  4.8244 0.0000 19.3581
v  -0.3348 0.0000 20.2440
v  3.6138 -0.0000 12.0842
v  -3.9677 0.0010 -67.4497
v  -4.0597 0.0010 -72.6546
v  3.3649 0.0010 -67.5416
v  -7.8589 0.0287 72.4356
v  -6.0850 0.0287 76.5088
v  -0.3344 0.0287 74.0394
v  -2.0303 0.0287 7.5470
v  2.3483 0.0287 6.7952
v  1.3209 0.0287 0.6217
v  -2.4492 0.0287 110.3334
v  1.4289 0.0287 108.1658
v  -5.8628 0.0287 105.7023
v  -5.0336 0.0386 -38.6236
v  0.9115 0.0386 -34.5295
v  0.3091 0.0386 -39.3938
v  -5.2835 0.0386 6.5932
v  -4.0504 0.0386 13.7055
v  -0.9957 0.0386 9.8723
v  1.1677 0.0386 -64.2820
v  7.1127 0.0386 -60.1880
v  6.5104 0.0386 -65.0524
v  -2.3279 0.0386 63.4630
v  1.7803 0.0386 62.7576
v  -3.9003 0.0386 58.2991
v  -3.2342 0.0386 -92.3526
v  -2.1794 0.0386 -88.3199
v  1.7760 0.0386 -94.3615
v  -3.7698 0.0386 89.4166
v  -1.4319 0.0386 92.8676
v  0.2849 0.0386 85.8533
v  -3.3343 0.0386 26.8233
v  2.8470 0.0386 23.0954
v  -1.8330 0.0386 21.6383
v  -3.8445 0.0254 99.1464
v  -5.3609 0.0254 92.6706
v  -0.3472 0.0569 -105.2668
v  -1.0347 0.0569 -110.1046
v  -3.9997 0.0569 -104.6428
v  -6.0662 0.0533 30.5306
v  -2.2906 0.0533 33.8400
v  -7.5638 0.0434 84.5803
v  -5.2998 0.0434 87.9220
v  -3.6375 0.0434 81.1299
v  -7.2419 0.0254 97.2631
v  -3.6380 0.0533 27.5984
v  3.1922 0.0568 -15.7619
v  3.9670 0.0568 -20.5904
v  3.2126 0.0569 -49.6923
v  7.9738 0.0569 -50.7917
v  4.9283 0.0569 -39.7239
v  2.6684 0.0569 -44.0564
v  -0.9834 0.0570 57.0990
v  0.8183 0.0570 52.5582
v  2.1131 0.0482 -29.7872
v  2.8622 0.0482 -36.5049
v  -0.8860 0.0482 -33.8559
v  -2.5850 0.0568 -81.0712
v  -2.6497 0.0568 -76.3339
v  1.0267 0.0568 -75.8492
v  3.5139 0.0568 -45.0828
v  -0.1626 0.0568 -45.5675
v  4.2887 0.0568 -49.9113
v  -0.4843 0.0568 -16.2466
v  2.2781 0.0569 -53.2778
v  1.6923 0.0569 -37.9189
v  -4.4635 0.0570 55.8297
v  -4.0459 0.0273 1.0557
v  -3.2884 0.0273 -5.2963
v  -7.0830 0.0273 -2.7903
v  -4.5394 0.0632 34.0214
v  -1.2305 0.0632 32.7878
v  -3.0357 0.0632 38.4289
v  -1.1317 0.0670 -25.7339
v  -4.1843 0.0670 -27.2851
v  1.0259 0.0670 -29.7007
v  -3.7062 0.0287 2.0433
v  -1.5965 0.0287 102.6873
v  -2.9133 0.0287 69.4961
v  -2.3093 -0.0000 13.7592
v  2.6126 0.0010 -73.6166
v  -8.2102 0.0386 9.5612
v  1.2413 0.0386 -60.1144
v  3.4463 0.0386 89.5991
v  0.4930 0.0386 28.4747
v  -4.9599 0.0386 -34.4559
v  0.8163 0.0386 56.9654
v  3.5089 0.0386 -89.7766
v  -0.5762 0.0434 84.7570
v  -5.3380 0.0569 -109.1838
v  5.5202 0.0482 -31.6916
v  -0.8057 0.0273 -0.8994
v  -1.2023 0.0254 94.4276
v  0.4460 0.0533 30.2406
v  1.8015 0.0568 -80.6777
v  -0.0978 0.0568 -50.3048
v  -0.4196 0.0568 -20.9839
v  6.6877 0.0569 -55.0003
v  -1.0823 0.0569 -41.7545
v  -3.3740 0.0570 51.2241
v  0.8299 0.0632 36.8017
v  -2.0356 0.0000 18.7161
v  -2.3011 0.0010 -74.0958
v  -2.6730 0.0670 -31.3904
v  -6.9437 0.0287 70.7246
v  -3.4739 0.0287 6.2503
v  -4.2423 0.0287 109.5917
v  -3.6254 0.0386 -39.7776
v  -3.4738 0.0386 6.7922
v  2.5758 0.0386 -65.4361
v  -3.2206 0.0386 87.6808
v  -3.6823 0.0386 62.2464
v  -3.8049 0.0386 25.0646
v  -2.1381 0.0386 -93.8062
v  -7.0319 0.0434 82.8996
v  0.5377 0.0482 -30.4389
v  -5.5933 0.0273 0.4750
v  -7.4770 0.0254 95.6336
v  -2.0257 0.0533 27.6665
v  -3.4285 0.0568 -77.6992
v  -0.9413 0.0568 -46.9328
v  -1.2630 0.0568 -17.6119
v  3.2490 0.0569 -54.5124
v  0.2535 0.0569 -38.5486
v  -4.9271 0.0570 54.3296
v  0.0341 0.0632 33.5887
v  5.5519 0.0000 16.9536
v  -1.7141 0.0010 -66.3716
v  -4.4431 0.0670 -28.7131
v  1.3312 0.0287 106.0359
v  2.9658 0.0287 4.7544
v  -3.9559 0.0287 76.6220
v  -0.2221 0.0386 -87.9067
v  2.3596 0.0386 60.8428
v  0.5513 0.0386 92.6051
v  -7.5648 0.0386 11.4547
v  2.0236 0.0386 27.1867
v  3.0459 0.0386 -59.2511
v  -3.1553 0.0386 -33.5926
v  -3.4604 0.0569 -110.3405
v  -3.3795 0.0434 87.6678
v  5.4344 0.0482 -33.5628
v  -0.9491 0.0273 -2.7099
v  0.3745 -0.0000 12.1058
v  3.8326 0.0010 -70.7290
v  -2.3256 0.0254 98.1036
v  -5.3363 0.0533 32.1823
v  2.0112 0.0568 -77.3067
v  4.4984 0.0568 -46.5404
v  4.1767 0.0568 -17.2195
v  4.9323 0.0569 -49.3293
v  4.8478 0.0569 -41.4796
v  0.1617 0.0569 -106.9490
v  0.2925 0.0570 55.8909
v  -2.7553 0.0000 16.0924
v  0.3864 0.0010 -74.4072
v  -1.0076 0.0287 71.3738
v  -1.4284 0.0287 0.6401
v  -4.1826 0.0287 103.6205
v  -4.7169 0.0632 35.6869
v  0.1733 0.0670 -26.7008
v  2.3661 0.0386 87.2567
v  0.6764 0.0386 21.7018
v  1.2860 0.0386 -37.0816
v  3.2708 0.0386 -92.3451
v  7.4873 0.0386 -62.7401
v  -1.7632 0.0386 56.9826
v  -1.9646 0.0386 12.1878
v  -1.6221 0.0434 82.4888
v  0.5902 0.0482 -35.6850
v  -4.9267 0.0287 69.6006
v  -4.0846 0.0287 4.0235
v  -5.5600 0.0287 107.6955
v  -3.0665 0.0254 92.9547
v  -5.7115 0.0273 -4.6101
v  -0.2425 0.0533 32.3994
v  1.7178 0.0568 -21.5339
v  8.0010 0.0569 -53.2287
v  0.3027 0.0569 -43.4707
v  -1.1705 0.0570 51.1508
v  -4.2554 0.0386 60.1571
v  -1.4734 0.0386 -40.0269
v  4.7278 0.0386 -65.6854
v  -0.1056 0.0386 -94.5562
v  -1.5540 0.0386 86.2966
v  -3.1447 0.0386 23.0012
v  -1.7902 0.0386 8.1557
v  -0.4476 0.0568 -81.6212
v  2.0396 0.0568 -50.8548
v  -5.4181 0.0434 81.5592
v  -5.6500 0.0569 -107.5514
v  -0.7225 0.0632 38.2185
v  -0.6200 0.0482 -32.1047
v  -6.6859 0.0254 93.8017
v  -0.6429 0.0670 -31.2129
v  -6.7688 0.0273 -1.1019
v  -0.4041 0.0533 28.7597
v  -0.8793 0.0568 -48.8367
v  -3.3665 0.0568 -79.6030
v  -1.2010 0.0568 -19.5157
v  5.0347 0.0569 -55.1713
v  -0.8327 0.0569 -40.1115
v  -4.4541 0.0570 52.4865
v  0.8318 0.0632 35.2179
v  -3.8044 0.0670 -30.3519
v  5.0444 -0.0000 14.3364
v  0.9351 0.0010 -66.4753
v  -5.1465 0.0569 -105.7159
v  2.5351 0.0287 2.5332
v  0.1852 0.0287 104.0851
v  -1.9014 0.0287 75.6743
v  -1.0341 0.0386 -33.6756
v  2.2829 0.0386 91.3769
v  1.8197 0.0386 -88.4879
v  2.8226 0.0386 25.2200
v  5.1672 0.0386 -59.3342
v  1.9555 0.0386 58.7588
v  -6.0215 0.0386 12.9124
v  -1.7027 0.0434 86.4786
v  4.4275 0.0482 -35.2768
v  -1.4160 0.0254 96.3728
v  0.7272 1.8895 16.7459
v  -0.7816 1.8801 -71.0826
v  -4.6316 1.2779 83.6650
v  1.4741 1.2420 -32.6880
v  -5.1110 1.2002 95.2472
v  -4.6740 1.1932 -1.7413
v  -2.1582 1.2129 30.0497
v  0.0174 1.4556 -92.2397
v  -1.9371 1.4555 60.2328
v  -1.2435 1.4555 24.3301
v  -1.9001 1.4555 -37.7469
v  -3.7180 1.4555 9.4456
v  4.3011 1.4555 -63.4055
v  -0.6662 1.4555 88.4396
v  -1.5177 1.1968 -78.9252
v  0.9695 1.1968 -48.1588
v  0.7072 1.1971 -18.7846
v  1.1330 1.1963 -40.6640
v  -3.3887 1.2194 -107.3532
v  5.0314 1.2175 -52.9701
# 243 vertices

vn -0.0000 1.0000 -0.0000
vn 0.0000 1.0000 -0.0000
vn 0.0000 1.0000 -0.0000
vn -0.0000 1.0000 -0.0000
vn 0.0000 1.0000 -0.0000
vn 0.0000 1.0000 -0.0000
vn 0.0000 1.0000 -0.0000
vn -0.0000 1.0000 -0.0000
vn 0.0000 1.0000 -0.0000
vn -0.0795 0.9961 -0.0392
vn 0.2783 0.9567 0.0850
vn 0.2294 0.9669 -0.1117
vn -0.1020 0.9948 -0.0063
vn 0.1684 0.9791 0.1137
vn 0.1941 0.9670 -0.1650
vn -0.0413 0.9965 -0.0726
vn -0.0439 0.9765 0.2110
vn 0.2335 0.9651 0.1185
vn -0.0856 0.9948 0.0558
vn 0.2030 0.9791 -0.0094
vn 0.0572 0.9670 -0.2482
vn 0.0000 1.0000 -0.0000
vn -0.0000 1.0000 -0.0000
vn -0.0000 1.0000 -0.0000
vn -0.1147 0.9928 -0.0335
vn 0.1650 0.9799 0.1117
vn 0.1941 0.9673 -0.1633
vn -0.1147 0.9928 -0.0335
vn 0.1650 0.9800 0.1117
vn 0.1941 0.9673 -0.1633
vn -0.0000 1.0000 -0.0000
vn -0.0000 1.0000 -0.0000
vn 0.0000 1.0000 -0.0000
vn 0.0000 1.0000 -0.0000
vn -0.0000 1.0000 -0.0000
vn -0.0000 1.0000 -0.0000
vn 0.0135 0.9780 0.2082
vn -0.0533 0.9960 -0.0713
vn -0.3047 0.9474 0.0982
vn 0.2086 0.9780 0.0044
vn -0.0756 0.9960 0.0470
vn 0.0717 0.9474 0.3120
vn 0.2051 0.9786 -0.0169
vn -0.0713 0.9957 0.0597
vn 0.0371 0.9618 0.2713
vn -0.0491 0.9985 0.0236
vn 0.2105 0.9756 0.0631
vn 0.1385 0.9644 -0.2252
vn -0.2473 0.9388 -0.2397
vn -0.0491 0.9985 0.0236
vn 0.1385 0.9644 -0.2252
vn 0.0000 1.0000 -0.0000
vn -0.0000 1.0000 -0.0000
vn 0.0000 1.0000 -0.0000
vn 0.0000 1.0000 -0.0000
vn -0.0000 1.0000 -0.0000
vn 0.0000 1.0000 -0.0000
vn -0.0000 1.0000 -0.0000
vn 0.0000 1.0000 -0.0000
vn -0.0000 1.0000 -0.0000
vn 0.0716 0.9955 -0.0622
vn -0.1743 0.9466 0.2711
vn 0.0505 0.9584 0.2810
vn 0.0056 0.9955 -0.0947
vn 0.0718 0.9466 0.3142
vn 0.2361 0.9584 0.1604
vn -0.0470 0.9955 -0.0824
vn 0.2318 0.9466 0.2240
vn 0.2854 0.9584 0.0054
vn -0.0839 0.9955 -0.0442
vn 0.3158 0.9466 0.0641
vn 0.2435 0.9584 -0.1489
vn 0.0056 0.9955 -0.0947
vn 0.0718 0.9466 0.3142
vn 0.2361 0.9584 0.1605
vn -0.0944 0.9955 0.0088
vn 0.2996 0.9466 -0.1187
vn 0.1228 0.9584 -0.2577
vn -0.0169 0.9955 -0.0933
vn 0.1439 0.9466 0.2884
vn 0.2673 0.9584 0.1002
vn -0.0533 0.9960 -0.0713
vn 0.2095 0.9568 0.2017
vn 0.2549 0.9669 0.0043
vn -0.0756 0.9960 0.0470
vn 0.2189 0.9568 -0.1914
vn 0.0261 0.9669 -0.2536
vn -0.0519 0.9297 -0.3648
vn -0.0795 0.9961 -0.0392
vn 0.2294 0.9669 -0.1117
vn 0.3500 0.9365 0.0233
vn 0.0471 0.9958 -0.0783
vn 0.0377 0.9672 0.2510
vn -0.1147 0.9928 -0.0335
vn 0.1941 0.9673 -0.1633
vn -0.1813 0.9437 -0.2767
vn -0.1147 0.9928 -0.0335
vn 0.1941 0.9673 -0.1633
vn -0.1813 0.9437 -0.2767
vn -0.1709 0.9320 -0.3196
vn -0.1020 0.9948 -0.0063
vn 0.1941 0.9670 -0.1650
vn 0.2221 0.9368 -0.2704
vn -0.0413 0.9965 -0.0726
vn 0.2335 0.9651 0.1185
vn -0.3280 0.9320 -0.1543
vn -0.0856 0.9948 0.0558
vn 0.0572 0.9670 -0.2482
vn -0.0000 1.0000 -0.0000
vn 0.0000 1.0000 -0.0000
vn -0.0000 1.0000 -0.0000
vn 0.1188 0.9298 -0.3484
vn -0.0533 0.9960 -0.0713
vn 0.2549 0.9669 0.0043
vn -0.0000 1.0000 -0.0000
vn 0.0000 1.0000 -0.0000
vn 0.0000 1.0000 -0.0000
vn -0.0448 0.9953 0.0858
vn -0.2553 0.9466 -0.1971
vn -0.4047 0.8905 0.2081
vn -0.0781 0.9953 -0.0573
vn 0.2336 0.9466 -0.2224
vn -0.1443 0.8905 -0.4316
vn -0.3370 0.9298 -0.1483
vn -0.0756 0.9960 0.0470
vn 0.0261 0.9669 -0.2536
vn 0.0000 1.0000 -0.0000
vn -0.0000 1.0000 -0.0000
vn 0.0000 1.0000 -0.0000
vn -0.3223 0.9366 -0.1376
vn -0.0713 0.9957 0.0597
vn 0.0474 0.9673 -0.2492
vn 0.0000 1.0000 -0.0000
vn -0.0000 1.0000 -0.0000
vn 0.0000 1.0000 -0.0000
vn 0.0000 1.0000 -0.0000
vn -0.0000 1.0000 -0.0000
vn 0.0000 1.0000 -0.0000
vn -0.0000 1.0000 -0.0000
vn 0.0000 1.0000 -0.0000
vn 0.0000 1.0000 -0.0000
vn -0.3314 0.9392 -0.0901
vn 0.0056 0.9955 -0.0947
vn -0.2055 0.8759 -0.4366
vn -0.1674 0.9392 -0.2998
vn 0.0716 0.9955 -0.0622
vn 0.1682 0.8759 -0.4522
vn -0.3314 0.9392 -0.0901
vn 0.0056 0.9955 -0.0947
vn -0.2055 0.8759 -0.4366
vn -0.3268 0.9392 0.1055
vn -0.0470 0.9955 -0.0824
vn -0.4106 0.8759 -0.2535
vn -0.0388 0.9392 0.3412
vn -0.0944 0.9955 0.0088
vn -0.4003 0.8759 0.2694
vn -0.2188 0.9392 0.2647
vn -0.0839 0.9955 -0.0442
vn -0.4825 0.8759 0.0072
vn -0.3433 0.9392 -0.0094
vn -0.0169 0.9955 -0.0933
vn -0.3027 0.8759 -0.3758
vn -0.3047 0.9474 0.0982
vn -0.0533 0.9960 -0.0713
vn -0.3833 0.8925 -0.2377
vn 0.0717 0.9474 0.3120
vn -0.0756 0.9960 0.0470
vn -0.2696 0.8925 0.3615
vn -0.2294 0.9477 0.2219
vn -0.0795 0.9961 -0.0392
vn -0.4499 0.8920 -0.0428
vn 0.0000 1.0000 -0.0000
vn 0.0000 1.0000 -0.0000
vn 0.0000 1.0000 -0.0000
vn 0.0000 1.0000 -0.0000
vn -0.0000 1.0000 -0.0000
vn 0.0000 1.0000 -0.0000
vn 0.0000 1.0000 -0.0000
vn 0.0000 1.0000 -0.0000
vn 0.0000 1.0000 -0.0000
vn -0.0000 1.0000 -0.0000
vn -0.0000 1.0000 -0.0000
vn -0.0000 1.0000 -0.0000
vn 0.0000 1.0000 -0.0000
vn 0.1059 0.9780 0.1794
vn -0.2294 0.9477 0.2219
vn 0.0000 1.0000 -0.0000
vn 0.2591 0.9614 0.0928
vn -0.0606 0.9165 0.3955
vn 0.0000 1.0000 -0.0000
vn -0.1311 0.9614 0.2420
vn -0.3817 0.9165 -0.1199
vn 0.0000 1.0000 -0.0000
vn 0.0000 1.0000 -0.0000
vn 0.0000 1.0000 -0.0000
vn -0.0000 1.0000 -0.0000
vn -0.1878 0.9787 0.0833
vn -0.1224 0.9618 -0.2448
vn -0.0000 1.0000 -0.0000
vn 0.1650 0.9799 0.1117
vn -0.1311 0.9471 0.2930
vn -0.0000 1.0000 -0.0000
vn 0.1650 0.9800 0.1117
vn -0.1311 0.9471 0.2930
vn 0.0000 1.0000 -0.0000
vn 0.1684 0.9791 0.1137
vn -0.1413 0.9614 0.2361
vn 0.0000 1.0000 -0.0000
vn 0.2030 0.9791 -0.0094
vn 0.0276 0.9614 0.2738
vn -0.0000 1.0000 -0.0000
vn -0.0439 0.9765 0.2110
vn -0.2777 0.9595 -0.0473
vn 0.0000 1.0000 -0.0000
vn 0.2105 0.9756 0.0631
vn -0.0483 0.9431 0.3290
vn 0.0000 1.0000 -0.0000
vn -0.0000 1.0000 -0.0000
vn 0.0000 1.0000 -0.0000
vn -0.0000 1.0000 -0.0000
vn -0.0000 1.0000 -0.0000
vn -0.0000 1.0000 -0.0000
vn -0.0000 1.0000 -0.0000
vn -0.0000 1.0000 -0.0000
vn 0.0000 1.0000 -0.0000
vn -0.0000 1.0000 -0.0000
vn -0.0000 1.0000 -0.0000
vn -0.0000 1.0000 -0.0000
vn -0.0000 1.0000 -0.0000
vn 0.0000 1.0000 -0.0000
vn 0.0000 1.0000 -0.0000
vn 0.0000 1.0000 -0.0000
vn 0.0000 1.0000 -0.0000
vn 0.0000 1.0000 -0.0000
vn 0.0000 1.0000 -0.0000
vn -0.0633 0.9734 0.2202
vn -0.3433 0.9392 -0.0094
vn -0.0000 1.0000 -0.0000
vn 0.2139 0.9734 0.0819
vn -0.0388 0.9392 0.3412
vn 0.0000 1.0000 -0.0000
vn 0.0137 0.9734 0.2287
vn -0.3268 0.9392 0.1055
vn 0.0000 1.0000 -0.0000
vn -0.2216 0.9734 0.0581
vn -0.1674 0.9392 -0.2998
vn 0.0000 1.0000 -0.0000
vn 0.1345 0.9734 0.1854
vn -0.2188 0.9392 0.2647
vn 0.0000 1.0000 -0.0000
vn -0.1135 0.9734 0.1990
vn -0.3314 0.9392 -0.0901
vn 0.0000 1.0000 -0.0000
vn -0.1135 0.9734 0.1990
vn -0.3314 0.9392 -0.0901
vn -0.2473 0.9388 -0.2397
vn 0.1385 0.9644 -0.2252
vn -0.0000 1.0000 -0.0000
vn -0.0000 1.0000 -0.0000
vn 0.0135 0.9780 0.2082
vn -0.3047 0.9474 0.0982
vn 0.0000 1.0000 -0.0000
vn 0.2086 0.9780 0.0044
vn 0.0717 0.9474 0.3120
vn -0.0000 1.0000 -0.0000
vn 0.2051 0.9786 -0.0169
vn 0.0371 0.9618 0.2713
vn -0.2553 0.9466 -0.1971
vn -0.0448 0.9953 0.0858
vn 0.1153 0.9571 -0.2657
vn -0.0448 0.9953 0.0858
vn 0.3320 0.9333 -0.1369
vn 0.1153 0.9571 -0.2657
vn -0.0781 0.9953 -0.0573
vn 0.0849 0.9333 0.3490
vn 0.2451 0.9571 0.1543
vn 0.2336 0.9466 -0.2224
vn -0.0781 0.9953 -0.0573
vn 0.2451 0.9571 0.1543
vn -0.2553 0.9466 -0.1971
vn 0.1153 0.9571 -0.2657
vn -0.0000 1.0000 -0.0000
vn 0.2336 0.9466 -0.2224
vn 0.2451 0.9571 0.1543
vn 0.0000 1.0000 -0.0000
vn -0.0633 0.9734 0.2202
vn -0.0169 0.9955 -0.0933
vn -0.3433 0.9392 -0.0094
vn -0.0169 0.9955 -0.0933
vn -0.0633 0.9734 0.2202
vn 0.1439 0.9466 0.2884
vn 0.0716 0.9955 -0.0622
vn -0.2216 0.9734 0.0581
vn -0.1743 0.9466 0.2711
vn -0.2216 0.9734 0.0581
vn 0.0716 0.9955 -0.0622
vn -0.1674 0.9392 -0.2998
vn -0.0470 0.9955 -0.0824
vn 0.0137 0.9734 0.2287
vn 0.2318 0.9466 0.2240
vn 0.0137 0.9734 0.2287
vn -0.0470 0.9955 -0.0824
vn -0.3268 0.9392 0.1055
vn -0.0944 0.9955 0.0088
vn 0.2139 0.9734 0.0819
vn 0.2996 0.9466 -0.1187
vn 0.2139 0.9734 0.0819
vn -0.0944 0.9955 0.0088
vn -0.0388 0.9392 0.3412
vn 0.1345 0.9734 0.1854
vn -0.0839 0.9955 -0.0442
vn -0.2188 0.9392 0.2647
vn -0.0839 0.9955 -0.0442
vn 0.1345 0.9734 0.1854
vn 0.3158 0.9466 0.0641
vn 0.0056 0.9955 -0.0947
vn -0.1135 0.9734 0.1990
vn 0.0718 0.9466 0.3142
vn -0.1135 0.9734 0.1990
vn 0.0056 0.9955 -0.0947
vn -0.3314 0.9392 -0.0901
vn -0.1135 0.9734 0.1990
vn 0.0056 0.9955 -0.0947
vn -0.3314 0.9392 -0.0901
vn 0.0056 0.9955 -0.0947
vn -0.1135 0.9734 0.1990
vn 0.0718 0.9466 0.3142
vn -0.0483 0.9431 0.3290
vn -0.0491 0.9985 0.0236
vn -0.3718 0.8973 0.2380
vn -0.4047 0.8905 0.2081
vn -0.2553 0.9466 -0.1971
vn -0.0000 1.0000 -0.0000
vn -0.1443 0.8905 -0.4316
vn 0.2336 0.9466 -0.2224
vn 0.0000 1.0000 -0.0000
vn -0.0000 1.0000 -0.0000
vn 0.0000 1.0000 -0.0000
vn -0.0000 1.0000 -0.0000
vn -0.0000 1.0000 -0.0000
vn 0.0000 1.0000 -0.0000
vn -0.0000 1.0000 -0.0000
vn 0.0000 1.0000 -0.0000
vn 0.0000 1.0000 -0.0000
vn 0.0000 1.0000 -0.0000
vn 0.2095 0.9568 0.2017
vn -0.0533 0.9960 -0.0713
vn 0.0135 0.9780 0.2082
vn 0.2189 0.9568 -0.1914
vn -0.0756 0.9960 0.0470
vn 0.2086 0.9780 0.0044
vn 0.1059 0.9780 0.1794
vn -0.0795 0.9961 -0.0392
vn -0.2294 0.9477 0.2219
vn 0.2783 0.9567 0.0850
vn -0.0795 0.9961 -0.0392
vn 0.1059 0.9780 0.1794
vn 0.1301 0.9127 -0.3874
vn 0.2854 0.9584 0.0054
vn 0.0000 1.0000 -0.0000
vn -0.0987 0.9127 -0.3965
vn 0.2435 0.9584 -0.1489
vn 0.0000 1.0000 -0.0000
vn 0.3206 0.9127 -0.2534
vn 0.2361 0.9584 0.1605
vn 0.0000 1.0000 -0.0000
vn 0.2517 0.9127 -0.3219
vn 0.2673 0.9584 0.1002
vn 0.0000 1.0000 -0.0000
vn 0.3206 0.9127 -0.2534
vn 0.2361 0.9584 0.1604
vn -0.0000 1.0000 -0.0000
vn -0.2991 0.9127 -0.2784
vn 0.1228 0.9584 -0.2577
vn -0.0000 1.0000 -0.0000
vn 0.4053 0.9127 0.0518
vn 0.0505 0.9584 0.2810
vn 0.0000 1.0000 -0.0000
vn -0.1878 0.9787 0.0833
vn 0.0471 0.9958 -0.0783
vn -0.1224 0.9618 -0.2448
vn 0.0377 0.9672 0.2510
vn 0.0471 0.9958 -0.0783
vn -0.1878 0.9787 0.0833
vn 0.0474 0.9673 -0.2492
vn -0.0713 0.9957 0.0597
vn 0.2051 0.9786 -0.0169
vn 0.1188 0.9298 -0.3484
vn 0.2549 0.9669 0.0043
vn 0.0000 1.0000 -0.0000
vn 0.1650 0.9800 0.1117
vn -0.1147 0.9928 -0.0335
vn -0.1311 0.9471 0.2930
vn 0.1650 0.9799 0.1117
vn -0.1147 0.9928 -0.0335
vn -0.1311 0.9471 0.2930
vn 0.1684 0.9791 0.1137
vn -0.1020 0.9948 -0.0063
vn -0.1413 0.9614 0.2361
vn -0.0439 0.9765 0.2110
vn -0.0413 0.9965 -0.0726
vn -0.2777 0.9595 -0.0473
vn 0.2030 0.9791 -0.0094
vn -0.0856 0.9948 0.0558
vn 0.0276 0.9614 0.2738
vn 0.2105 0.9756 0.0631
vn -0.0491 0.9985 0.0236
vn -0.0483 0.9431 0.3290
vn -0.0000 1.0000 -0.0000
vn 0.0000 1.0000 -0.0000
vn 0.0000 1.0000 -0.0000
vn -0.3370 0.9298 -0.1483
vn 0.0261 0.9669 -0.2536
vn -0.0000 1.0000 -0.0000
vn 0.0000 1.0000 -0.0000
vn -0.0000 1.0000 -0.0000
vn -0.0000 1.0000 -0.0000
vn 0.0000 1.0000 -0.0000
vn -0.0000 1.0000 -0.0000
vn -0.0000 1.0000 -0.0000
vn 0.0000 1.0000 -0.0000
vn 0.0000 1.0000 -0.0000
vn -0.0000 1.0000 -0.0000
vn -0.0519 0.9297 -0.3648
vn 0.2294 0.9669 -0.1117
vn 0.0000 1.0000 -0.0000
vn -0.0000 1.0000 -0.0000
vn -0.0000 1.0000 -0.0000
vn -0.0000 1.0000 -0.0000
vn -0.3223 0.9366 -0.1376
vn 0.0474 0.9673 -0.2492
vn -0.0000 1.0000 -0.0000
vn 0.3500 0.9365 0.0233
vn 0.0377 0.9672 0.2510
vn -0.0000 1.0000 -0.0000
vn -0.0000 1.0000 -0.0000
vn 0.0000 1.0000 -0.0000
vn 0.0000 1.0000 -0.0000
vn -0.1709 0.9320 -0.3196
vn 0.1941 0.9670 -0.1650
vn 0.0000 1.0000 -0.0000
vn 0.2221 0.9368 -0.2704
vn 0.2335 0.9651 0.1185
vn -0.0000 1.0000 -0.0000
vn -0.3280 0.9320 -0.1543
vn 0.0572 0.9670 -0.2482
vn 0.0000 1.0000 -0.0000
vn -0.0000 1.0000 -0.0000
vn -0.0000 1.0000 -0.0000
vn -0.0000 1.0000 -0.0000
vn -0.4003 0.8759 0.2694
vn -0.0944 0.9955 0.0088
vn -0.5218 0.8529 0.0167
vn -0.2055 0.8759 -0.4366
vn 0.0056 0.9955 -0.0947
vn 0.0627 0.8529 -0.5183
vn -0.2055 0.8759 -0.4366
vn 0.0056 0.9955 -0.0947
vn 0.0627 0.8529 -0.5183
vn -0.3027 0.8759 -0.3758
vn -0.0169 0.9955 -0.0933
vn -0.0613 0.8529 -0.5185
vn -0.4106 0.8759 -0.2535
vn -0.0470 0.9955 -0.0824
vn -0.2305 0.8529 -0.4684
vn -0.4825 0.8759 0.0072
vn -0.0839 0.9955 -0.0442
vn -0.4463 0.8529 -0.2709
vn 0.1682 0.8759 -0.4522
vn 0.0716 0.9955 -0.0622
vn 0.4143 0.8529 -0.3177
vn -0.1813 0.9437 -0.2767
vn 0.1941 0.9673 -0.1633
vn -0.0000 1.0000 -0.0000
vn -0.1813 0.9437 -0.2767
vn 0.1941 0.9673 -0.1633
vn -0.0000 1.0000 -0.0000
vn 0.0000 1.0000 -0.0000
vn 0.0000 1.0000 -0.0000
vn 0.0000 1.0000 -0.0000
vn 0.0000 1.0000 -0.0000
vn -0.0000 1.0000 -0.0000
vn -0.0000 1.0000 -0.0000
vn -0.0606 0.9165 0.3955
vn -0.0448 0.9953 0.0858
vn -0.4047 0.8905 0.2081
vn -0.3817 0.9165 -0.1199
vn -0.0781 0.9953 -0.0573
vn -0.1443 0.8905 -0.4316
vn 0.0371 0.9618 0.2713
vn -0.3826 0.8994 0.2113
vn 0.0000 1.0000 -0.0000
vn -0.1224 0.9618 -0.2448
vn 0.2937 0.8986 -0.3259
vn -0.0000 1.0000 -0.0000
vn -0.1413 0.9614 0.2361
vn -0.4478 0.8908 -0.0774
vn -0.0000 1.0000 -0.0000
vn 0.0276 0.9614 0.2738
vn -0.4054 0.8908 0.2054
vn 0.0000 1.0000 -0.0000
vn 0.0000 1.0000 -0.0000
vn -0.2777 0.9595 -0.0473
vn -0.0915 0.9000 -0.4263
vn 0.0000 1.0000 -0.0000
vn 0.0000 1.0000 -0.0000
vn 0.0000 1.0000 -0.0000
vn -0.4297 0.8985 0.0902
vn -0.1813 0.9437 -0.2767
vn 0.0000 1.0000 -0.0000
vn -0.4297 0.8985 0.0902
vn -0.1813 0.9437 -0.2767
vn -0.0000 1.0000 -0.0000
vn 0.2591 0.9614 0.0928
vn -0.0448 0.9953 0.0858
vn -0.0606 0.9165 0.3955
vn 0.3320 0.9333 -0.1369
vn -0.0448 0.9953 0.0858
vn 0.2591 0.9614 0.0928
vn -0.1311 0.9614 0.2420
vn -0.0781 0.9953 -0.0573
vn -0.3817 0.9165 -0.1199
vn 0.0849 0.9333 0.3490
vn -0.0781 0.9953 -0.0573
vn -0.1311 0.9614 0.2420
vn -0.2116 0.8756 -0.4343
vn -0.0533 0.9960 -0.0713
vn 0.1188 0.9298 -0.3484
vn -0.3833 0.8925 -0.2377
vn -0.0533 0.9960 -0.0713
vn -0.2116 0.8756 -0.4343
vn -0.2696 0.8925 0.3615
vn -0.0756 0.9960 0.0470
vn -0.4508 0.8756 0.1736
vn -0.4508 0.8756 0.1736
vn -0.0756 0.9960 0.0470
vn -0.3370 0.9298 -0.1483
vn -0.3855 0.8755 -0.2914
vn -0.0795 0.9961 -0.0392
vn -0.0519 0.9297 -0.3648
vn -0.4499 0.8920 -0.0428
vn -0.0795 0.9961 -0.0392
vn -0.3855 0.8755 -0.2914
vn -0.3826 0.8994 0.2113
vn -0.0713 0.9957 0.0597
vn -0.3223 0.9366 -0.1376
vn 0.0371 0.9618 0.2713
vn -0.0713 0.9957 0.0597
vn -0.3826 0.8994 0.2113
vn -0.1224 0.9618 -0.2448
vn 0.0471 0.9958 -0.0783
vn 0.2937 0.8986 -0.3259
vn 0.2937 0.8986 -0.3259
vn 0.0471 0.9958 -0.0783
vn 0.3500 0.9365 0.0233
vn 0.2517 0.9127 -0.3219
vn -0.0169 0.9955 -0.0933
vn 0.2673 0.9584 0.1002
vn -0.0613 0.8529 -0.5185
vn -0.0169 0.9955 -0.0933
vn 0.2517 0.9127 -0.3219
vn -0.5218 0.8529 0.0167
vn -0.0944 0.9955 0.0088
vn -0.2991 0.9127 -0.2784
vn -0.2991 0.9127 -0.2784
vn -0.0944 0.9955 0.0088
vn 0.1228 0.9584 -0.2577
vn -0.4463 0.8529 -0.2709
vn -0.0839 0.9955 -0.0442
vn -0.0987 0.9127 -0.3965
vn -0.0987 0.9127 -0.3965
vn -0.0839 0.9955 -0.0442
vn 0.2435 0.9584 -0.1489
vn 0.0627 0.8529 -0.5183
vn 0.0056 0.9955 -0.0947
vn 0.3206 0.9127 -0.2534
vn 0.3206 0.9127 -0.2534
vn 0.0056 0.9955 -0.0947
vn 0.2361 0.9584 0.1605
vn 0.4143 0.8529 -0.3177
vn 0.0716 0.9955 -0.0622
vn 0.4053 0.9127 0.0518
vn 0.4053 0.9127 0.0518
vn 0.0716 0.9955 -0.0622
vn 0.0505 0.9584 0.2810
vn 0.3206 0.9127 -0.2534
vn 0.0056 0.9955 -0.0947
vn 0.2361 0.9584 0.1604
vn 0.0627 0.8529 -0.5183
vn 0.0056 0.9955 -0.0947
vn 0.3206 0.9127 -0.2534
vn 0.1301 0.9127 -0.3874
vn -0.0470 0.9955 -0.0824
vn 0.2854 0.9584 0.0054
vn -0.2305 0.8529 -0.4684
vn -0.0470 0.9955 -0.0824
vn 0.1301 0.9127 -0.3874
vn -0.4297 0.8985 0.0902
vn -0.1147 0.9928 -0.0335
vn -0.1813 0.9437 -0.2767
vn -0.1311 0.9471 0.2930
vn -0.1147 0.9928 -0.0335
vn -0.4297 0.8985 0.0902
vn -0.4297 0.8985 0.0902
vn -0.1147 0.9928 -0.0335
vn -0.1813 0.9437 -0.2767
vn -0.1311 0.9471 0.2930
vn -0.1147 0.9928 -0.0335
vn -0.4297 0.8985 0.0902
vn -0.1413 0.9614 0.2361
vn -0.1020 0.9948 -0.0063
vn -0.4478 0.8908 -0.0774
vn -0.4478 0.8908 -0.0774
vn -0.1020 0.9948 -0.0063
vn -0.1709 0.9320 -0.3196
vn -0.4054 0.8908 0.2054
vn -0.0856 0.9948 0.0558
vn -0.3280 0.9320 -0.1543
vn 0.0276 0.9614 0.2738
vn -0.0856 0.9948 0.0558
vn -0.4054 0.8908 0.2054
vn -0.3718 0.8973 0.2380
vn -0.0491 0.9985 0.0236
vn -0.4580 0.8889 0.0118
vn -0.4580 0.8889 0.0118
vn -0.0491 0.9985 0.0236
vn -0.2473 0.9388 -0.2397
vn -0.2777 0.9595 -0.0473
vn -0.0413 0.9965 -0.0726
vn -0.0915 0.9000 -0.4263
vn -0.0915 0.9000 -0.4263
vn -0.0413 0.9965 -0.0726
vn 0.2221 0.9368 -0.2704
# 633 vertex normals

vt 0.3621 0.3311 0.0000
vt 0.4032 0.3212 0.0000
vt 0.3931 0.2744 0.0000
vt 0.3621 0.3311 0.0000
vt 0.4032 0.3212 0.0000
vt 0.3931 0.2744 0.0000
vt 0.3621 0.3311 0.0000
vt 0.3931 0.2744 0.0000
vt 0.3621 0.3311 0.0000
vt 0.3931 0.2744 0.0000
vt 0.3621 0.3311 0.0000
vt 0.4095 0.3183 0.0000
vt 0.3931 0.2744 0.0000
vt 0.3621 0.3311 0.0000
vt 0.4095 0.3183 0.0000
vt 0.3931 0.2744 0.0000
vt 0.3621 0.3311 0.0000
vt 0.4095 0.3183 0.0000
vt 0.3931 0.2744 0.0000
vt 0.3621 0.3311 0.0000
vt 0.4095 0.3183 0.0000
vt 0.3931 0.2744 0.0000
vt 0.3621 0.3311 0.0000
vt 0.4093 0.3191 0.0000
vt 0.3931 0.2744 0.0000
vt 0.3621 0.3311 0.0000
vt 0.4082 0.3191 0.0000
vt 0.3901 0.2767 0.0000
vt 0.3621 0.3311 0.0000
vt 0.4083 0.3190 0.0000
vt 0.3901 0.2767 0.0000
vt 0.3931 0.2744 0.0000
vt 0.4368 0.3057 0.0000
vt 0.3621 0.3311 0.0000
vt 0.3621 0.3311 0.0000
vt 0.4092 0.3190 0.0000
vt 0.3901 0.2767 0.0000
vt 0.3621 0.3311 0.0000
vt 0.4102 0.3190 0.0000
vt 0.3901 0.2767 0.0000
vt 0.3621 0.3311 0.0000
vt 0.4092 0.3190 0.0000
vt 0.3901 0.2767 0.0000
vt 0.3621 0.3311 0.0000
vt 0.4072 0.3191 0.0000
vt 0.3901 0.2767 0.0000
vt 0.3621 0.3311 0.0000
vt 0.3901 0.2767 0.0000
vt 0.3621 0.3311 0.0000
vt 0.3901 0.2767 0.0000
vt 0.3931 0.2744 0.0000
vt 0.4368 0.3057 0.0000
vt 0.3621 0.3311 0.0000
vt 0.3621 0.3311 0.0000
vt 0.3901 0.2767 0.0000
vt 0.4368 0.3057 0.0000
vt 0.4368 0.3057 0.0000
vt 0.4368 0.3057 0.0000
vt 0.3621 0.3311 0.0000
vt 0.3931 0.2744 0.0000
vt 0.4368 0.3057 0.0000
vt 0.4023 0.3535 0.0000
vt 0.3901 0.2767 0.0000
vt 0.4368 0.3057 0.0000
vt 0.3621 0.3311 0.0000
vt 0.3931 0.2744 0.0000
vt 0.4368 0.3057 0.0000
vt 0.3621 0.3311 0.0000
vt 0.3931 0.2744 0.0000
vt 0.4368 0.3057 0.0000
vt 0.4368 0.3057 0.0000
vt 0.4368 0.3057 0.0000
vt 0.3621 0.3311 0.0000
vt 0.3931 0.2744 0.0000
vt 0.4368 0.3057 0.0000
vt 0.4368 0.3057 0.0000
vt 0.4368 0.3057 0.0000
vt 0.4368 0.3057 0.0000
vt 0.4019 0.3533 0.0000
vt 0.4095 0.3183 0.0000
vt 0.4019 0.3533 0.0000
vt 0.4368 0.3057 0.0000
vt 0.3621 0.3311 0.0000
vt 0.3901 0.2767 0.0000
vt 0.4368 0.3057 0.0000
vt 0.4368 0.3057 0.0000
vt 0.4368 0.3057 0.0000
vt 0.4093 0.3191 0.0000
vt 0.4019 0.3533 0.0000
vt 0.4019 0.3533 0.0000
vt 0.4368 0.3057 0.0000
vt 0.4368 0.3057 0.0000
vt 0.4368 0.3057 0.0000
vt 0.4368 0.3057 0.0000
vt 0.4368 0.3057 0.0000
vt 0.4019 0.3533 0.0000
vt 0.4019 0.3533 0.0000
vt 0.4368 0.3057 0.0000
vt 0.4019 0.3533 0.0000
vt 0.4019 0.3533 0.0000
vt 0.4368 0.3057 0.0000
vt 0.4019 0.3533 0.0000
vt 0.4023 0.3535 0.0000
vt 0.4019 0.3533 0.0000
vt 0.4019 0.3533 0.0000
vt 0.4019 0.3533 0.0000
vt 0.4019 0.3533 0.0000
vt 0.4023 0.3535 0.0000
vt 0.4019 0.3533 0.0000
vt 0.4019 0.3533 0.0000
vt 0.4023 0.3535 0.0000
vt 0.3621 0.3311 0.0000
vt 0.4023 0.3535 0.0000
vt 0.4023 0.3535 0.0000
vt 0.4023 0.3535 0.0000
vt 0.4023 0.3535 0.0000
vt 0.4023 0.3535 0.0000
vt 0.4023 0.3535 0.0000
vt 0.4023 0.3535 0.0000
vt 0.4063 0.3189 0.0000
vt 0.4093 0.3191 0.0000
vt 0.4095 0.3183 0.0000
vt 0.4095 0.3183 0.0000
vt 0.3630 0.3091 0.0000
vt 0.4102 0.3190 0.0000
vt 0.3630 0.3091 0.0000
vt 0.4197 0.2842 0.0000
vt 0.4197 0.2842 0.0000
vt 0.3630 0.3091 0.0000
vt 0.3630 0.3091 0.0000
vt 0.3630 0.3091 0.0000
vt 0.3630 0.3091 0.0000
vt 0.3630 0.3091 0.0000
vt 0.3630 0.3091 0.0000
vt 0.4197 0.2842 0.0000
vt 0.4197 0.2842 0.0000
vt 0.4197 0.2842 0.0000
vt 0.3630 0.3091 0.0000
vt 0.3630 0.3091 0.0000
vt 0.3630 0.3091 0.0000
vt 0.4197 0.2842 0.0000
vt 0.4197 0.2842 0.0000
vt 0.4197 0.2842 0.0000
vt 0.4197 0.2842 0.0000
vt 0.4197 0.2842 0.0000
vt 0.4197 0.2842 0.0000
vt 0.4197 0.2842 0.0000
vt 0.3630 0.3091 0.0000
vt 0.3630 0.3091 0.0000
vt 0.3630 0.3091 0.0000
vt 0.3630 0.3091 0.0000
vt 0.3630 0.3091 0.0000
vt 0.4197 0.2842 0.0000
vt 0.3630 0.3091 0.0000
vt 0.4197 0.2842 0.0000
vt 0.4197 0.2842 0.0000
vt 0.3630 0.3091 0.0000
vt 0.4197 0.2842 0.0000
vt 0.4197 0.2842 0.0000
vt 0.4197 0.2842 0.0000
vt 0.4197 0.2842 0.0000
vt 0.4197 0.2842 0.0000
vt 0.4197 0.2842 0.0000
vt 0.4197 0.2842 0.0000
vt 0.4197 0.2842 0.0000
vt 0.4197 0.2842 0.0000
vt 0.4197 0.2842 0.0000
vt 0.4197 0.2842 0.0000
vt 0.3630 0.3091 0.0000
vt 0.3630 0.3091 0.0000
vt 0.4202 0.3457 0.0000
vt 0.3630 0.3091 0.0000
vt 0.4202 0.3457 0.0000
vt 0.4338 0.3262 0.0000
vt 0.3748 0.2891 0.0000
vt 0.4338 0.3262 0.0000
vt 0.3748 0.2891 0.0000
vt 0.3630 0.3091 0.0000
vt 0.3630 0.3091 0.0000
vt 0.3630 0.3091 0.0000
vt 0.4202 0.3457 0.0000
vt 0.4202 0.3457 0.0000
vt 0.4202 0.3457 0.0000
vt 0.4338 0.3262 0.0000
vt 0.4338 0.3262 0.0000
vt 0.4338 0.3262 0.0000
vt 0.3748 0.2891 0.0000
vt 0.3748 0.2891 0.0000
vt 0.3748 0.2891 0.0000
vt 0.4202 0.3457 0.0000
vt 0.4202 0.3457 0.0000
vt 0.4202 0.3457 0.0000
vt 0.4202 0.3457 0.0000
vt 0.4202 0.3457 0.0000
vt 0.4202 0.3457 0.0000
vt 0.4202 0.3457 0.0000
vt 0.4338 0.3262 0.0000
vt 0.4338 0.3262 0.0000
vt 0.4338 0.3262 0.0000
vt 0.4338 0.3262 0.0000
vt 0.4338 0.3262 0.0000
vt 0.4338 0.3262 0.0000
vt 0.4338 0.3262 0.0000
vt 0.3748 0.2891 0.0000
vt 0.3748 0.2891 0.0000
vt 0.3748 0.2891 0.0000
vt 0.3748 0.2891 0.0000
vt 0.3748 0.2891 0.0000
vt 0.3748 0.2891 0.0000
vt 0.3748 0.2891 0.0000
vt 0.4202 0.3457 0.0000
vt 0.4338 0.3262 0.0000
vt 0.3748 0.2891 0.0000
vt 0.4202 0.3457 0.0000
vt 0.4202 0.3457 0.0000
vt 0.4338 0.3262 0.0000
vt 0.3748 0.2891 0.0000
vt 0.4202 0.3457 0.0000
vt 0.4338 0.3262 0.0000
vt 0.4202 0.3457 0.0000
vt 0.3748 0.2891 0.0000
vt 0.4338 0.3262 0.0000
vt 0.4338 0.3262 0.0000
vt 0.4202 0.3457 0.0000
vt 0.4202 0.3457 0.0000
vt 0.4202 0.3457 0.0000
vt 0.4202 0.3457 0.0000
vt 0.4202 0.3457 0.0000
vt 0.4202 0.3457 0.0000
vt 0.4202 0.3457 0.0000
vt 0.4338 0.3262 0.0000
vt 0.4338 0.3262 0.0000
vt 0.4338 0.3262 0.0000
vt 0.4338 0.3262 0.0000
vt 0.4338 0.3262 0.0000
vt 0.4338 0.3262 0.0000
vt 0.4338 0.3262 0.0000
vt 0.4202 0.3457 0.0000
vt 0.4338 0.3262 0.0000
vt 0.4202 0.3457 0.0000
vt 0.3630 0.3091 0.0000
vt 0.4338 0.3262 0.0000
vt 0.3630 0.3091 0.0000
# 243 texture coords

o SM_Barnacle_Group_03_LOD3
g SM_Barnacle_Group_03_LOD3
usemtl MAT_Sea_Shells
s 1
f 2395/2385/11221 2448/2443/11222 2323/2322/11223 
f 2393/2384/11224 2447/2444/11225 2326/2324/11226 
f 2329/2372/11227 2446/2483/11228 2394/2374/11229 
f 2542/2402/11230 2537/2535/11231 2409/2365/11232 
f 2554/2350/11233 2466/2462/11234 2364/2351/11235 
f 2557/2359/11236 2467/2464/11237 2366/2360/11238 
f 2555/2356/11239 2468/2465/11240 2368/2357/11241 
f 2519/2550/11242 2470/2466/11243 2370/2362/11244 
f 2552/2439/11245 2464/2493/11246 2411/2398/11247 
f 2553/2353/11248 2465/2463/11249 2379/2354/11250 
f 2520/2553/11251 2476/2468/11252 2389/2364/11253 
f 2521/2556/11254 2477/2471/11255 2392/2369/11256 
f 2457/2492/11257 2540/2435/11258 2358/2410/11259 
f 2458/2452/11260 2541/2338/11261 2371/2423/11262 
f 2459/2453/11263 2543/2341/11264 2384/2424/11265 
f 2556/2434/11266 2469/2494/11267 2354/2377/11268 
f 2406/2375/11269 2556/2434/11270 2354/2377/11271 
f 2448/2443/11272 2395/2385/11273 2321/2413/11274 
f 2447/2444/11275 2393/2384/11276 2324/2414/11277 
f 2446/2483/11278 2329/2372/11279 2327/2411/11280 
f 2549/2329/11281 2534/2522/11282 2334/2330/11283 
f 2550/2326/11284 2532/2523/11285 2337/2327/11286 
f 2551/2436/11287 2529/2518/11288 2400/2383/11289 
f 2547/2332/11290 2531/2521/11291 2349/2333/11292 
f 2548/2335/11293 2528/2520/11294 2331/2336/11295 
f 2546/2437/11296 2533/2519/11297 2403/2380/11298 
f 2545/2394/11299 2530/2524/11300 2404/2346/11301 
f 2540/2435/11302 2535/2527/11303 2405/2388/11304 
f 2541/2338/11305 2536/2531/11306 2372/2339/11307 
f 2352/2366/11308 2542/2402/11309 2409/2365/11310 
f 2410/2401/11311 2544/2344/11312 2357/2345/11313 
f 2552/2439/11314 2411/2398/11315 2374/2396/11316 
f 2553/2353/11317 2379/2354/11318 2412/2406/11319 
f 2413/2405/11320 2554/2350/11321 2364/2351/11322 
f 2414/2408/11323 2557/2359/11324 2366/2360/11325 
f 2415/2407/11326 2555/2356/11327 2368/2357/11328 
f 2416/2409/11329 2519/2550/11330 2370/2362/11331 
f 2360/2386/11332 2540/2435/11333 2405/2388/11334 
f 2520/2553/11335 2389/2364/11336 2417/2412/11337 
f 2538/2316/11338 2396/2370/11339 2418/2485/11340 
f 2539/2319/11341 2397/2371/11342 2419/2487/11343 
f 2373/2399/11344 2541/2338/11345 2372/2339/11346 
f 2521/2556/11347 2392/2369/11348 2420/2415/11349 
f 2386/2400/11350 2543/2341/11351 2385/2342/11352 
f 2321/2413/11353 2395/2385/11354 2421/2496/11355 
f 2324/2414/11356 2393/2384/11357 2422/2497/11358 
f 2327/2411/11359 2329/2372/11360 2423/2495/11361 
f 2330/2420/11362 2548/2335/11363 2424/2504/11364 
f 2333/2418/11365 2549/2329/11366 2425/2506/11367 
f 2336/2421/11368 2550/2326/11369 2426/2508/11370 
f 2345/2403/11371 2551/2436/11372 2427/2505/11373 
f 2339/2404/11374 2546/2437/11375 2428/2509/11376 
f 2348/2419/11377 2547/2332/11378 2429/2507/11379 
f 2342/2416/11380 2545/2394/11381 2430/2510/11382 
f 2358/2410/11383 2540/2435/11384 2431/2525/11385 
f 2371/2423/11386 2541/2338/11387 2432/2528/11388 
f 2361/2422/11389 2542/2402/11390 2434/2529/11391 
f 2323/2322/11392 2448/2443/11393 2527/2502/11394 
f 2394/2374/11395 2446/2483/11396 2526/2503/11397 
f 2326/2324/11398 2447/2444/11399 2525/2501/11400 
f 2388/2432/11401 2520/2553/11402 2442/2552/11403 
f 2351/2367/11404 2462/2557/11405 2361/2422/11406 
f 2315/2315/11407 2443/2438/11408 2316/2393/11409 
f 2318/2318/11410 2444/2440/11411 2319/2395/11412 
f 2391/2433/11413 2521/2556/11414 2445/2554/11415 
f 2356/2343/11416 2463/2454/11417 2362/2425/11418 
f 2376/2397/11419 2464/2493/11420 2375/2417/11421 
f 2377/2352/11422 2465/2463/11423 2378/2428/11424 
f 2363/2349/11425 2466/2462/11426 2380/2427/11427 
f 2367/2355/11428 2468/2465/11429 2382/2430/11430 
f 2365/2358/11431 2467/2464/11432 2381/2429/11433 
f 2353/2426/11434 2469/2494/11435 2355/2376/11436 
f 2369/2361/11437 2470/2466/11438 2383/2431/11439 
f 2387/2363/11440 2476/2468/11441 2388/2432/11442 
f 2390/2368/11443 2477/2471/11444 2391/2433/11445 
f 2328/2373/11446 2446/2483/11447 2327/2411/11448 
f 2325/2323/11449 2447/2444/11450 2324/2414/11451 
f 2322/2321/11452 2448/2443/11453 2321/2413/11454 
f 2343/2348/11455 2449/2555/11456 2342/2416/11457 
f 2340/2379/11458 2450/2486/11459 2339/2404/11460 
f 2346/2382/11461 2451/2484/11462 2345/2403/11463 
f 2398/2328/11464 2452/2445/11465 2333/2418/11466 
f 2401/2331/11467 2453/2447/11468 2348/2419/11469 
f 2399/2325/11470 2454/2448/11471 2336/2421/11472 
f 2402/2334/11473 2455/2446/11474 2330/2420/11475 
f 2406/2375/11476 2354/2377/11477 2456/2480/11478 
f 2359/2387/11479 2457/2492/11480 2358/2410/11481 
f 2407/2337/11482 2458/2452/11483 2371/2423/11484 
f 2408/2340/11485 2459/2453/11486 2384/2424/11487 
f 2396/2370/11488 2538/2316/11489 2317/2317/11490 
f 2538/2316/11491 2522/2489/11492 2317/2317/11493 
f 2539/2319/11494 2523/2491/11495 2320/2320/11496 
f 2397/2371/11497 2539/2319/11498 2320/2320/11499 
f 2396/2370/11500 2317/2317/11501 2460/2441/11502 
f 2397/2371/11503 2320/2320/11504 2461/2442/11505 
f 2449/2555/11506 2545/2394/11507 2342/2416/11508 
f 2545/2394/11509 2449/2555/11510 2530/2524/11511 
f 2549/2329/11512 2452/2445/11513 2534/2522/11514 
f 2452/2445/11515 2549/2329/11516 2333/2418/11517 
f 2551/2436/11518 2451/2484/11519 2529/2518/11520 
f 2451/2484/11521 2551/2436/11522 2345/2403/11523 
f 2546/2437/11524 2450/2486/11525 2533/2519/11526 
f 2450/2486/11527 2546/2437/11528 2339/2404/11529 
f 2453/2447/11530 2547/2332/11531 2348/2419/11532 
f 2547/2332/11533 2453/2447/11534 2531/2521/11535 
f 2550/2326/11536 2454/2448/11537 2532/2523/11538 
f 2454/2448/11539 2550/2326/11540 2336/2421/11541 
f 2455/2446/11542 2548/2335/11543 2330/2420/11544 
f 2548/2335/11545 2455/2446/11546 2528/2520/11547 
f 2355/2376/11548 2556/2434/11549 2524/2544/11550 
f 2418/2485/11551 2396/2370/11552 2471/2488/11553 
f 2419/2487/11554 2397/2371/11555 2472/2490/11556 
f 2395/2385/11557 2323/2322/11558 2473/2451/11559 
f 2393/2384/11560 2326/2324/11561 2474/2450/11562 
f 2329/2372/11563 2394/2374/11564 2475/2449/11565 
f 2535/2527/11566 2540/2435/11567 2457/2492/11568 
f 2536/2531/11569 2541/2338/11570 2458/2452/11571 
f 2462/2557/11572 2542/2402/11573 2361/2422/11574 
f 2537/2535/11575 2542/2402/11576 2462/2557/11577 
f 2347/2381/11578 2400/2383/11579 2478/2456/11580 
f 2350/2389/11581 2349/2333/11582 2479/2459/11583 
f 2332/2391/11584 2331/2336/11585 2480/2457/11586 
f 2344/2347/11587 2404/2346/11588 2481/2461/11589 
f 2338/2392/11590 2337/2327/11591 2482/2460/11592 
f 2341/2378/11593 2403/2380/11594 2483/2455/11595 
f 2335/2390/11596 2334/2330/11597 2484/2458/11598 
f 2463/2454/11599 2544/2344/11600 2362/2425/11601 
f 2357/2345/11602 2544/2344/11603 2463/2454/11604 
f 2385/2342/11605 2543/2341/11606 2459/2453/11607 
f 2360/2386/11608 2405/2388/11609 2485/2467/11610 
f 2465/2463/11611 2553/2353/11612 2378/2428/11613 
f 2464/2493/11614 2552/2439/11615 2375/2417/11616 
f 2466/2462/11617 2554/2350/11618 2380/2427/11619 
f 2467/2464/11620 2557/2359/11621 2381/2429/11622 
f 2468/2465/11623 2555/2356/11624 2382/2430/11625 
f 2469/2494/11626 2556/2434/11627 2355/2376/11628 
f 2470/2466/11629 2519/2550/11630 2383/2431/11631 
f 2373/2399/11632 2372/2339/11633 2486/2469/11634 
f 2421/2496/11635 2395/2385/11636 2487/2500/11637 
f 2422/2497/11638 2393/2384/11639 2488/2498/11640 
f 2423/2495/11641 2329/2372/11642 2489/2499/11643 
f 2352/2366/11644 2409/2365/11645 2490/2470/11646 
f 2476/2468/11647 2520/2553/11648 2388/2432/11649 
f 2386/2400/11650 2385/2342/11651 2491/2472/11652 
f 2410/2401/11653 2357/2345/11654 2492/2473/11655 
f 2477/2471/11656 2521/2556/11657 2391/2433/11658 
f 2413/2405/11659 2364/2351/11660 2493/2476/11661 
f 2414/2408/11662 2366/2360/11663 2494/2478/11664 
f 2415/2407/11665 2368/2357/11666 2495/2477/11667 
f 2416/2409/11668 2370/2362/11669 2496/2479/11670 
f 2428/2509/11671 2546/2437/11672 2497/2515/11673 
f 2424/2504/11674 2548/2335/11675 2498/2513/11676 
f 2426/2508/11677 2550/2326/11678 2499/2517/11679 
f 2430/2510/11680 2545/2394/11681 2500/2516/11682 
f 2427/2505/11683 2551/2436/11684 2501/2511/11685 
f 2429/2507/11686 2547/2332/11687 2502/2512/11688 
f 2425/2506/11689 2549/2329/11690 2503/2514/11691 
f 2374/2396/11692 2411/2398/11693 2504/2474/11694 
f 2412/2406/11695 2379/2354/11696 2505/2475/11697 
f 2417/2412/11698 2389/2364/11699 2508/2481/11700 
f 2420/2415/11701 2392/2369/11702 2511/2482/11703 
f 2316/2393/11704 2538/2316/11705 2418/2485/11706 
f 2319/2395/11707 2539/2319/11708 2419/2487/11709 
f 2384/2424/11710 2512/2536/11711 2433/2532/11712 
f 2362/2425/11713 2513/2537/11714 2435/2534/11715 
f 2380/2427/11716 2516/2547/11717 2438/2538/11718 
f 2382/2430/11719 2518/2548/11720 2440/2543/11721 
f 2439/2540/11722 2381/2429/11723 2517/2551/11724 
f 2441/2541/11725 2383/2431/11726 2519/2550/11727 
f 2437/2539/11728 2412/2406/11729 2514/2546/11730 
f 2436/2542/11731 2374/2396/11732 2515/2549/11733 
f 2443/2438/11734 2538/2316/11735 2316/2393/11736 
f 2522/2489/11737 2538/2316/11738 2443/2438/11739 
f 2444/2440/11740 2539/2319/11741 2319/2395/11742 
f 2523/2491/11743 2539/2319/11744 2444/2440/11745 
f 2506/2526/11746 2540/2435/11747 2360/2386/11748 
f 2431/2525/11749 2540/2435/11750 2506/2526/11751 
f 2432/2528/11752 2541/2338/11753 2509/2530/11754 
f 2509/2530/11755 2541/2338/11756 2373/2399/11757 
f 2510/2533/11758 2542/2402/11759 2352/2366/11760 
f 2434/2529/11761 2542/2402/11762 2510/2533/11763 
f 2512/2536/11764 2543/2341/11765 2386/2400/11766 
f 2384/2424/11767 2543/2341/11768 2512/2536/11769 
f 2362/2425/11770 2544/2344/11771 2513/2537/11772 
f 2513/2537/11773 2544/2344/11774 2410/2401/11775 
f 2344/2347/11776 2545/2394/11777 2404/2346/11778 
f 2500/2516/11779 2545/2394/11780 2344/2347/11781 
f 2497/2515/11782 2546/2437/11783 2341/2378/11784 
f 2341/2378/11785 2546/2437/11786 2403/2380/11787 
f 2502/2512/11788 2547/2332/11789 2350/2389/11790 
f 2350/2389/11791 2547/2332/11792 2349/2333/11793 
f 2498/2513/11794 2548/2335/11795 2332/2391/11796 
f 2332/2391/11797 2548/2335/11798 2331/2336/11799 
f 2503/2514/11800 2549/2329/11801 2335/2390/11802 
f 2335/2390/11803 2549/2329/11804 2334/2330/11805 
f 2338/2392/11806 2550/2326/11807 2337/2327/11808 
f 2499/2517/11809 2550/2326/11810 2338/2392/11811 
f 2347/2381/11812 2551/2436/11813 2400/2383/11814 
f 2501/2511/11815 2551/2436/11816 2347/2381/11817 
f 2436/2542/11818 2552/2439/11819 2374/2396/11820 
f 2375/2417/11821 2552/2439/11822 2436/2542/11823 
f 2437/2539/11824 2553/2353/11825 2412/2406/11826 
f 2378/2428/11827 2553/2353/11828 2437/2539/11829 
f 2380/2427/11830 2554/2350/11831 2516/2547/11832 
f 2516/2547/11833 2554/2350/11834 2413/2405/11835 
f 2518/2548/11836 2555/2356/11837 2415/2407/11838 
f 2382/2430/11839 2555/2356/11840 2518/2548/11841 
f 2524/2544/11842 2556/2434/11843 2507/2545/11844 
f 2507/2545/11845 2556/2434/11846 2406/2375/11847 
f 2381/2429/11848 2557/2359/11849 2517/2551/11850 
f 2517/2551/11851 2557/2359/11852 2414/2408/11853 
# 211 faces

