# 3ds Max Wavefront OBJ Exporter v0.97b - (c)2007 guruware
# File Created: 10.02.2024 08:36:01

mtllib SM_Coral_Table_Acropora_01.mtl

#
# object SM_Coral_Table_Acropora_01_LOD0
#

v  36.6031 15.2922 -95.7393
v  31.8929 13.1105 85.8998
v  -98.6105 14.7272 4.4783
v  4.6801 16.2050 64.8683
v  58.8124 15.3083 -91.1132
v  28.0095 15.2698 -97.4132
v  -108.9191 13.6083 -28.7935
v  -105.1564 14.8745 -7.7249
v  107.4432 15.3476 -35.2162
v  72.0515 13.8516 -81.2419
v  72.4730 13.3504 68.2288
v  3.7134 14.3135 -97.3057
v  50.1765 14.7977 83.1704
v  36.8022 13.0822 86.8530
v  -41.3032 15.4353 -87.8654
v  -84.0852 14.1521 -71.6035
v  -21.4778 12.3678 98.6459
v  -40.8461 13.9640 93.2350
v  -56.2265 14.2842 91.6573
v  -47.4721 13.9898 93.1691
v  99.0239 15.0547 30.4716
v  -93.7516 14.7118 4.1677
v  -92.7700 14.6888 6.0976
v  -92.7646 16.2050 6.1117
v  108.5995 13.7761 17.6246
v  107.8149 13.7493 20.5970
v  -94.6961 15.4120 -65.2974
v  110.6691 16.2050 -26.7538
v  107.4477 16.2050 -35.2045
v  101.7399 16.2050 -40.2306
v  99.2944 16.2050 -45.9586
v  95.2205 15.5393 -49.6968
v  93.6642 16.2050 -55.3036
v  88.3303 14.7146 -61.6177
v  93.6592 15.6016 -55.3170
v  87.1018 14.7146 -67.8925
v  80.8170 14.7146 -75.6263
v  20.3430 16.2050 70.9036
v  20.5031 14.7623 76.4136
v  22.1488 13.1959 81.0757
v  26.0134 14.6916 84.1960
v  31.8949 14.6916 85.9052
v  36.8042 14.6916 86.8582
v  50.1784 16.2049 83.1755
v  14.0309 16.2050 70.2957
v  3.0236 16.2050 73.9893
v  4.5558 14.6556 70.2581
v  4.5586 16.2050 70.2653
v  -104.9955 15.4943 -47.0192
v  -106.4386 13.4821 -17.1400
v  -106.4325 14.7133 -17.1240
v  -102.8605 14.8241 -3.5718
v  -102.8548 16.2050 -3.5568
v  -103.1876 16.2050 1.2377
v  -103.2736 16.2050 10.7889
v  -105.8438 16.2050 12.8455
v  -112.0843 14.2485 21.1901
v  -112.0895 12.6545 21.1766
v  -114.4995 12.6029 27.2349
v  -113.5860 14.2485 36.8212
v  -109.6739 14.2485 43.4596
v  -107.6363 16.2050 47.9393
v  22.1511 14.6916 81.0817
v  20.5055 16.2050 76.4199
v  56.1602 16.2049 79.4398
v  68.0712 14.7304 73.7394
v  48.2700 16.4334 58.5367
v  77.8718 14.7304 65.1488
v  65.2610 16.4334 43.0889
v  96.7624 16.2050 33.7000
v  71.4042 16.4334 30.7765
v  99.0267 16.2050 30.4790
v  78.9721 16.4335 18.9476
v  101.6025 14.5870 24.0519
v  104.6171 14.5870 23.6335
v  108.2346 14.5870 15.2382
v  82.2610 16.4335 11.5156
v  86.3839 16.4335 -7.1213
v  114.4995 16.2050 -20.3002
v  84.6209 16.4335 -17.7287
v  81.0950 16.4335 -25.1809
v  74.7953 16.4335 -32.7187
v  95.2254 16.2050 -49.6838
v  70.7575 16.4335 -40.2552
v  75.6749 14.4484 -77.8263
v  58.9321 16.4335 -56.8972
v  72.0574 14.7146 -81.2261
v  54.5524 16.4335 -59.6971
v  44.0120 16.2050 -91.2255
v  27.9666 16.4335 -70.5687
v  28.0095 16.3165 -97.4132
v  9.1396 16.4006 -98.6519
v  3.7134 15.3625 -97.3057
v  -6.2568 15.2975 -96.6693
v  7.3693 16.4335 -72.7525
v  -18.8608 15.3071 -92.8538
v  -9.3350 16.4335 -69.6919
v  -41.3032 16.4843 -87.8654
v  -37.0884 16.4335 -64.1187
v  -66.4117 15.2618 -84.3633
v  -55.3837 16.4335 -58.0656
v  -72.2407 16.4335 -45.4651
v  -84.0852 15.2011 -71.6035
v  -94.6961 16.4610 -65.2974
v  -101.6292 16.3962 -56.2125
v  -77.3906 16.4335 -36.3265
v  -108.0236 14.7765 -41.0171
v  -108.9127 14.7133 -28.7766
v  -105.1506 16.2050 -7.7095
v  -98.6051 16.2050 4.4927
v  -93.7463 16.2050 4.1819
v  -77.2057 16.4335 -2.4832
v  -97.1010 16.2050 9.2861
v  -107.4095 16.2050 17.2553
v  -114.4944 14.2485 27.2481
v  -97.9620 16.2050 56.2268
v  -95.6507 16.2050 59.9554
v  -71.2288 16.4334 46.1891
v  -79.8045 13.5351 71.6226
v  -75.0667 13.5351 74.3486
v  -70.8945 13.5351 80.5301
v  -65.8816 13.5351 82.7055
v  -61.6996 16.2049 88.6315
v  -56.2238 16.2049 91.6646
v  -41.6585 16.4334 69.9709
v  -47.4695 16.2049 93.1761
v  -33.9684 16.4334 70.7596
v  -34.6718 16.2049 98.6519
v  -21.4755 14.3734 98.6519
v  -15.7601 14.3734 92.9891
v  -11.2516 14.3734 92.5082
v  -7.9294 16.4334 70.6036
v  -15.5974 16.4334 75.2114
v  -16.3174 13.2589 51.7710
v  -25.4946 16.4334 75.2114
v  -46.8109 16.4334 66.2147
v  -51.4083 16.4334 62.1639
v  -31.9222 13.2589 43.7978
v  -38.8837 13.2589 38.2563
v  -46.8068 13.2589 32.4228
v  -59.3441 16.4334 54.9395
v  -52.7996 13.2589 26.4147
v  -80.2179 16.4334 37.1770
v  -84.6802 16.4334 28.8384
v  -84.7590 16.4334 20.1441
v  -55.7745 13.2589 20.8557
v  -55.0236 13.2589 13.0401
v  -72.3164 16.4335 8.1871
v  -47.5319 13.2589 7.0881
v  -53.4378 13.2589 -11.9432
v  -51.5567 13.2589 -1.4097
v  -79.9352 16.4335 -14.5336
v  -80.7274 16.4335 -26.4713
v  -60.1606 16.4335 -54.3324
v  -36.2434 13.2589 -37.0804
v  -19.6491 16.4335 -66.5452
v  16.8041 16.4335 -72.1334
v  26.7003 13.2589 -43.8857
v  19.3234 13.2589 -45.4157
v  39.0319 16.4335 -68.2736
v  44.5371 16.4335 -65.8116
v  37.0473 13.2589 -38.1680
v  66.4499 16.4335 -46.5594
v  53.3271 13.2589 14.2618
v  35.0541 13.2589 39.3147
v  44.1863 13.2589 30.3560
v  61.0291 16.4334 47.7524
v  38.1431 16.4334 63.6042
v  28.1124 16.4334 66.3662
v  12.4850 16.2050 68.4481
v  10.7610 16.2050 64.6645
v  15.7665 16.4334 54.4002
v  -0.7398 16.2050 75.3574
v  -2.6735 16.4334 62.0283
v  -1.2226 16.2049 78.7880
v  -4.6072 13.2589 48.6992
v  -9.7192 13.2589 51.7710
v  -27.0933 13.2589 48.2773
v  -49.7925 13.2589 -25.6519
v  -44.4677 13.2589 -31.8976
v  -24.0466 13.2589 -41.1158
v  -12.4203 13.2589 -42.7334
v  5.5919 13.2589 -46.8716
v  44.5695 13.2589 -31.5012
v  47.8507 13.2589 -25.2067
v  54.7424 13.2589 -15.1572
v  58.2682 13.2589 -3.1176
v  56.2874 13.2589 7.7931
v  48.2818 13.2589 22.1477
v  26.1077 13.2589 44.0328
v  19.4207 13.2589 45.8741
v  11.1901 13.2589 37.8969
v  2.0371 7.6324 4.8901
v  3.3586 13.2589 34.8792
v  4.0193 16.4334 49.8738
v  10.7582 14.9293 64.6570
v  114.4995 16.2050 -11.1252
v  112.5806 14.5870 -2.1286
v  110.5344 13.5153 10.6351
v  110.5376 14.5870 10.6961
v  108.6025 14.5870 17.6326
v  107.8179 14.5870 20.6049
v  94.5266 16.2050 39.4053
v  90.7697 14.9471 44.3300
v  90.7723 16.2050 44.3367
v  86.3356 16.2050 55.8218
v  72.4751 14.7304 68.2344
v  61.4858 14.7304 77.7587
v  56.1582 14.7747 79.4345
v  -96.5556 15.3624 -59.6467
v  -96.5556 16.4114 -59.6467
v  -90.9797 16.4810 -68.7045
v  -80.0770 15.1891 -71.9244
v  -74.5313 14.1906 -79.0703
v  -74.5313 15.2396 -79.0703
v  -50.1376 16.5106 -87.1410
v  -26.8850 15.9095 -90.3759
v  -18.8608 14.2581 -92.8538
v  -51.8170 16.2049 90.2251
v  -65.8847 11.1486 82.6973
v  -70.8976 11.1895 80.5217
v  -75.0701 11.2673 74.3397
v  -79.8080 11.3127 71.6133
v  -85.5045 13.5351 65.6170
v  80.8112 13.7622 -75.6415
v  62.3739 16.2050 -87.7374
v  58.8188 16.2050 -91.0964
v  51.3635 16.2050 -92.6615
v  51.3570 15.3523 -92.6786
v  44.0056 15.3659 -91.2427
v  36.6031 16.2670 -95.7393
v  21.6542 16.3281 -96.1643
v  -0.7424 14.7490 75.3504
v  -1.2251 14.7342 78.7813
v  -3.0055 16.2049 85.1213
v  -3.0079 14.5411 85.1150
v  -5.9448 16.2049 88.6972
v  -5.9472 14.0994 88.6910
v  -27.3269 14.3734 98.6519
v  -40.8435 16.2049 93.2418
v  38.1396 12.4343 63.5952
v  -37.0959 14.0011 -64.1384
v  81.0898 13.1613 -25.1948
v  54.7489 7.3401 -15.1400
v  2.0646 -0.0000 4.9626
v  37.0530 7.6382 -38.1528
v  26.7058 7.7348 -43.8712
v  47.8569 7.4671 -25.1904
v  -12.4152 7.8720 -42.7198
v  -24.0415 7.9000 -41.1024
v  -36.2383 7.9059 -37.0670
v  -44.4626 7.8852 -31.8842
v  -55.3911 14.0100 -58.0854
v  -72.2480 13.9477 -45.4845
v  -49.7873 7.8428 -25.6381
v  -53.4323 7.7192 -11.9286
v  -47.5258 7.5059 7.1042
v  -55.0174 7.4747 13.0564
v  -55.7681 7.3992 20.8725
v  -52.7930 7.3322 26.4320
v  -31.9150 7.0785 43.8168
v  -46.8151 12.7311 66.2036
v  -33.9724 12.6367 70.7492
v  -4.5997 6.9254 48.7192
v  3.3659 7.0337 34.8985
v  19.4284 6.8624 45.8947
v  26.1155 6.8554 44.0533
v  44.1940 6.9239 30.3760
v  56.2945 7.1041 7.8120
v  58.2751 7.2060 -3.0994
v  86.3791 12.9601 -7.1339
v  -2.6774 12.6053 62.0181
v  35.0619 6.8687 39.3351
v  61.0255 12.5062 47.7429
v  84.6158 13.0731 -17.7421
v  74.7897 13.2608 -32.7333
v  82.2567 12.7889 11.5042
v  70.7517 13.3518 -40.2704
v  53.3344 7.0505 14.2810
v  71.4002 12.6370 30.7661
v  48.2892 6.9906 22.1673
v  58.9258 13.5636 -56.9139
v  44.5755 7.5427 -31.4854
v  66.4439 13.4313 -46.5753
v  65.2573 12.5369 43.0792
v  44.5304 13.7077 -65.8293
v  27.9597 13.8184 -70.5871
v  54.5460 13.6083 -59.7141
v  19.3289 7.7782 -45.4015
v  39.0250 13.7533 -68.2916
v  48.2665 12.4466 58.5276
v  5.5971 7.8450 -46.8578
v  28.1090 12.4447 66.3571
v  -19.6564 13.9591 -66.5645
v  7.3620 13.9187 -72.7716
v  16.7969 13.8766 -72.1522
v  15.7627 12.6116 54.3900
v  11.1976 6.9737 37.9166
v  -9.3423 13.9515 -69.7112
v  -60.1681 13.9907 -54.3520
v  -9.7116 6.9141 51.7911
v  -16.3098 6.9392 51.7910
v  -15.6010 12.5222 75.2018
v  -7.9331 12.5392 70.5939
v  -51.5509 7.6065 -1.3943
v  -77.2120 13.5356 -2.4998
v  -77.3978 13.8757 -36.3454
v  -80.7343 13.7895 -26.4896
v  -25.4984 12.5598 75.2015
v  -79.9418 13.6668 -14.5510
v  -27.0859 7.0152 48.2968
v  -72.3224 13.4100 8.1714
v  -38.8767 7.1605 38.2748
v  -41.6625 12.6738 69.9603
v  -84.6857 13.2499 28.8239
v  -46.8000 7.2491 32.4406
v  -51.4127 12.7892 62.1525
v  -59.3487 12.8918 54.9273
v  -80.2232 13.1493 37.1631
v  -71.2337 13.0248 46.1761
v  78.9680 12.7268 18.9366
v  -84.7648 13.3374 20.1290
v  4.0152 12.7017 49.8629
v  -66.4117 14.2128 -84.3633
v  -51.8198 13.6896 90.2178
v  87.0964 13.7634 -67.9070
v  86.3333 14.9832 55.8157
v  75.6749 13.4795 -77.8263
v  -6.2568 14.2485 -96.6693
v  9.1396 15.4117 -98.6519
v  -26.8850 14.8605 -90.3759
v  20.3405 14.8303 70.8969
v  -80.0770 14.1401 -71.9244
v  -11.2539 11.8016 92.5021
v  -27.3292 12.1580 98.6458
v  -109.6784 12.4220 43.4476
v  -107.4147 14.6327 17.2416
v  101.5996 13.4914 24.0441
v  94.5239 14.9823 39.3983
v  -90.9797 15.4320 -68.7045
v  -101.6292 15.3472 -56.2125
v  110.6650 15.2506 -26.7649
v  101.7353 15.4197 -40.2428
v  99.2896 15.4865 -45.9713
v  88.3250 13.6958 -61.6317
v  26.0113 13.1500 84.1903
v  12.4824 14.8848 68.4410
v  14.0283 14.8604 70.2887
v  3.0209 14.6241 73.9824
v  -104.9955 14.4453 -47.0192
v  -108.0236 13.7275 -41.0171
v  -103.1931 14.7773 1.2231
v  -97.1063 14.6734 9.2721
v  -103.2789 14.6818 10.7749
v  -105.8491 14.6710 12.8315
v  -113.5908 12.5035 36.8087
v  -107.6407 14.3259 47.9277
v  4.6772 15.0117 64.8608
v  114.4955 15.4291 -20.3633
v  114.4957 15.3370 -11.1876
v  112.5771 13.6362 -2.1904
v  108.2315 13.8015 15.2299
v  104.6142 13.7311 23.6257
v  96.7596 15.0310 33.6926
v  77.8697 13.3608 65.1432
v  68.0692 13.3120 73.7341
v  61.4838 13.2967 77.7535
v  -50.1376 15.4616 -87.1410
v  -61.7025 14.3355 88.6238
v  -85.5082 11.3946 65.6072
v  -95.6547 14.1598 59.9450
v  -97.9661 14.2060 56.2160
v  62.3677 15.2611 -87.7539
v  21.6542 15.3385 -96.1643
v  -15.7625 12.4987 92.9829
v  -34.6742 14.0174 98.6456
# 376 vertices

vn 0.9786 -0.0028 0.2057
vn 0.9779 -0.0028 0.2091
vn 0.7209 -0.0057 0.6930
vn 0.7209 -0.0057 0.6930
vn 0.7119 -0.0057 0.7023
vn 0.9786 -0.0028 0.2057
vn 0.6468 -0.0075 0.7626
vn 0.8742 -0.0053 0.4855
vn 0.8824 -0.0053 0.4704
vn 0.8824 -0.0053 0.4704
vn 0.5918 -0.0078 0.8061
vn 0.6468 -0.0075 0.7626
vn -0.5283 -0.0039 0.8490
vn 0.7119 -0.0057 0.7023
vn 0.7209 -0.0057 0.6930
vn 0.7209 -0.0057 0.6930
vn -0.5297 -0.0039 0.8481
vn -0.5283 -0.0039 0.8490
vn -0.4954 -0.0065 0.8686
vn -0.4977 -0.0065 0.8673
vn -0.2721 -0.0084 0.9622
vn -0.2721 -0.0084 0.9622
vn -0.2733 -0.0084 0.9619
vn -0.4954 -0.0065 0.8686
vn -0.9726 0.0055 -0.2322
vn -0.9719 0.0056 -0.2353
vn -0.4977 -0.0065 0.8673
vn -0.4977 -0.0065 0.8673
vn -0.4954 -0.0065 0.8686
vn -0.9726 0.0055 -0.2322
vn 0.9005 0.0089 -0.4348
vn 0.8213 0.0038 -0.5705
vn 0.8229 0.0038 -0.5682
vn 0.8229 0.0038 -0.5682
vn 0.8997 0.0091 -0.4364
vn 0.9005 0.0089 -0.4348
vn 0.8213 0.0038 -0.5705
vn 0.8108 0.0041 -0.5854
vn 0.8090 0.0042 -0.5878
vn 0.8090 0.0042 -0.5878
vn 0.8229 0.0038 -0.5682
vn 0.8213 0.0038 -0.5705
vn 0.8108 0.0041 -0.5854
vn 0.8153 0.0049 -0.5790
vn 0.8173 0.0049 -0.5761
vn 0.8173 0.0049 -0.5761
vn 0.8090 0.0042 -0.5878
vn 0.8108 0.0041 -0.5854
vn 0.8153 0.0049 -0.5790
vn 0.8533 0.0035 -0.5214
vn 0.8505 0.0036 -0.5259
vn 0.8505 0.0036 -0.5259
vn 0.8173 0.0049 -0.5761
vn 0.8153 0.0049 -0.5790
vn 0.8533 0.0035 -0.5214
vn 0.8757 0.0024 -0.4828
vn 0.8915 0.0017 -0.4531
vn 0.8915 0.0017 -0.4531
vn 0.8505 0.0036 -0.5259
vn 0.8533 0.0035 -0.5214
vn 0.8757 0.0024 -0.4828
vn 0.9106 0.0014 -0.4133
vn 0.8942 0.0021 -0.4477
vn 0.8942 0.0021 -0.4477
vn 0.8915 0.0017 -0.4531
vn 0.8757 0.0024 -0.4828
vn 0.9106 0.0014 -0.4133
vn 0.9049 0.0014 -0.4255
vn 0.9067 0.0014 -0.4217
vn 0.9067 0.0014 -0.4217
vn 0.8942 0.0021 -0.4477
vn 0.9106 0.0014 -0.4133
vn 0.9049 0.0014 -0.4255
vn 0.5968 0.0059 -0.8023
vn 0.6065 0.0058 -0.7950
vn 0.6065 0.0058 -0.7950
vn 0.9067 0.0014 -0.4217
vn 0.9049 0.0014 -0.4255
vn -0.7321 -0.0021 0.6812
vn -0.9804 0.0008 0.1972
vn -0.9858 0.0009 0.1678
vn -0.9858 0.0009 0.1678
vn -0.7316 -0.0021 0.6817
vn -0.7321 -0.0021 0.6812
vn -0.9804 0.0008 0.1972
vn -0.7982 -0.0012 0.6024
vn -0.8299 -0.0009 0.5580
vn -0.8299 -0.0009 0.5580
vn -0.9858 0.0009 0.1678
vn -0.9804 0.0008 0.1972
vn -0.7982 -0.0012 0.6024
vn -0.4619 -0.0026 0.8869
vn -0.4621 -0.0026 0.8868
vn -0.4621 -0.0026 0.8868
vn -0.8299 -0.0009 0.5580
vn -0.7982 -0.0012 0.6024
vn -0.2350 -0.0030 0.9720
vn -0.2350 -0.0030 0.9720
vn -0.4621 -0.0026 0.8868
vn -0.4621 -0.0026 0.8868
vn -0.4619 -0.0026 0.8869
vn -0.2350 -0.0030 0.9720
vn -0.2350 -0.0030 0.9720
vn 0.0294 -0.0034 0.9996
vn 0.0467 -0.0034 0.9989
vn 0.0467 -0.0034 0.9989
vn -0.2350 -0.0030 0.9720
vn -0.2350 -0.0030 0.9720
vn 0.3971 -0.0038 0.9178
vn 0.4067 -0.0038 0.9135
vn 0.0467 -0.0034 0.9989
vn 0.0467 -0.0034 0.9989
vn 0.0294 -0.0034 0.9996
vn 0.3971 -0.0038 0.9178
vn 0.3971 -0.0038 0.9178
vn 0.4092 -0.0039 0.9124
vn 0.4286 -0.0039 0.9035
vn 0.4286 -0.0039 0.9035
vn 0.4067 -0.0038 0.9135
vn 0.3971 -0.0038 0.9178
vn -0.8459 -0.0011 0.5333
vn -0.8459 -0.0011 0.5334
vn -0.5283 -0.0039 0.8490
vn -0.5283 -0.0039 0.8490
vn -0.5297 -0.0039 0.8481
vn -0.8459 -0.0011 0.5333
vn -0.4654 -0.0036 0.8851
vn -0.4654 -0.0036 0.8851
vn -0.8459 -0.0011 0.5334
vn -0.8459 -0.0011 0.5334
vn -0.8459 -0.0011 0.5333
vn -0.4654 -0.0036 0.8851
vn -0.7321 -0.0021 0.6812
vn -0.7316 -0.0021 0.6817
vn -0.4654 -0.0036 0.8851
vn -0.4654 -0.0036 0.8851
vn -0.4654 -0.0036 0.8851
vn -0.7321 -0.0021 0.6812
vn 0.6947 -0.0045 0.7193
vn 0.6916 -0.0045 0.7222
vn 0.7775 -0.0043 0.6289
vn 0.7775 -0.0043 0.6289
vn 0.7732 -0.0043 0.6342
vn 0.6947 -0.0045 0.7193
vn 0.9779 -0.0028 0.2091
vn 0.9786 -0.0028 0.2057
vn 0.6916 -0.0045 0.7222
vn 0.6916 -0.0045 0.7222
vn 0.6947 -0.0045 0.7193
vn 0.9779 -0.0028 0.2091
vn -0.7937 0.0000 -0.6083
vn -0.9160 0.0000 -0.4012
vn -0.9189 0.0000 -0.3944
vn -0.9189 0.0000 -0.3944
vn -0.7817 0.0000 -0.6236
vn -0.7937 0.0000 -0.6083
vn -0.9160 0.0000 -0.4012
vn -0.9658 0.0019 -0.2594
vn -0.9619 0.0017 -0.2734
vn -0.9619 0.0017 -0.2734
vn -0.9189 0.0000 -0.3944
vn -0.9160 0.0000 -0.4012
vn -0.9977 0.0030 0.0679
vn -0.9976 0.0029 0.0696
vn -0.9619 0.0017 -0.2734
vn -0.9619 0.0017 -0.2734
vn -0.9658 0.0019 -0.2594
vn -0.9977 0.0030 0.0679
vn -0.9848 0.0026 0.1735
vn -0.9855 0.0026 0.1694
vn -0.9976 0.0029 0.0696
vn -0.9976 0.0029 0.0696
vn -0.9977 0.0030 0.0679
vn -0.9848 0.0026 0.1735
vn -0.9521 0.0008 0.3059
vn -0.9456 0.0005 0.3252
vn -0.9855 0.0026 0.1694
vn -0.9855 0.0026 0.1694
vn -0.9848 0.0026 0.1735
vn -0.9521 0.0008 0.3059
vn -0.9763 0.0016 0.2163
vn -0.9768 0.0016 0.2141
vn -0.9456 0.0005 0.3252
vn -0.9456 0.0005 0.3252
vn -0.9521 0.0008 0.3059
vn -0.9763 0.0016 0.2163
vn -0.9040 -0.0007 0.4276
vn -0.9025 -0.0007 0.4308
vn -0.9768 0.0016 0.2141
vn -0.9768 0.0016 0.2141
vn -0.9763 0.0016 0.2163
vn -0.9040 -0.0007 0.4276
vn -0.2733 -0.0084 0.9619
vn -0.2721 -0.0084 0.9622
vn -0.9025 -0.0007 0.4308
vn -0.9025 -0.0007 0.4308
vn -0.9040 -0.0007 0.4276
vn -0.2733 -0.0084 0.9619
vn -0.4217 0.0098 -0.9067
vn -0.4216 0.0098 -0.9067
vn -0.9719 0.0056 -0.2353
vn -0.9719 0.0056 -0.2353
vn -0.9726 0.0055 -0.2322
vn -0.4217 0.0098 -0.9067
vn -0.4411 0.0098 -0.8974
vn -0.4412 0.0098 -0.8974
vn -0.4216 0.0098 -0.9067
vn -0.4216 0.0098 -0.9067
vn -0.4217 0.0098 -0.9067
vn -0.4411 0.0098 -0.8974
vn -0.8148 0.0080 -0.5797
vn -0.8152 0.0080 -0.5791
vn -0.4412 0.0098 -0.8974
vn -0.4412 0.0098 -0.8974
vn -0.4411 0.0098 -0.8974
vn -0.8148 0.0080 -0.5797
vn -0.8086 0.0078 -0.5884
vn -0.8385 0.0076 -0.5448
vn -0.8152 0.0080 -0.5791
vn -0.8152 0.0080 -0.5791
vn -0.8148 0.0080 -0.5797
vn -0.8086 0.0078 -0.5884
vn -0.8086 0.0078 -0.5884
vn -0.8276 0.0074 -0.5613
vn -0.7990 0.0077 -0.6013
vn -0.7990 0.0077 -0.6013
vn -0.8385 0.0076 -0.5448
vn -0.8086 0.0078 -0.5884
vn -0.9900 0.0042 -0.1412
vn -0.9901 0.0042 -0.1404
vn -0.7990 0.0077 -0.6013
vn -0.7990 0.0077 -0.6013
vn -0.8276 0.0074 -0.5613
vn -0.9900 0.0042 -0.1412
vn -0.9511 0.0005 0.3089
vn -0.9509 0.0005 0.3095
vn -0.9901 0.0042 -0.1404
vn -0.9901 0.0042 -0.1404
vn -0.9900 0.0042 -0.1412
vn -0.9511 0.0005 0.3089
vn -0.8838 -0.0009 0.4679
vn -0.8898 -0.0008 0.4564
vn -0.9509 0.0005 0.3095
vn -0.9509 0.0005 0.3095
vn -0.9511 0.0005 0.3089
vn -0.8838 -0.0009 0.4679
vn -0.8131 -0.0016 0.5821
vn -0.7801 -0.0019 0.6257
vn -0.8898 -0.0008 0.4564
vn -0.8898 -0.0008 0.4564
vn -0.8838 -0.0009 0.4679
vn -0.8131 -0.0016 0.5821
vn -0.7595 -0.0020 0.6505
vn -0.7596 -0.0020 0.6504
vn -0.7801 -0.0019 0.6257
vn -0.7801 -0.0019 0.6257
vn -0.8131 -0.0016 0.5821
vn -0.7595 -0.0020 0.6505
vn -0.0453 0.9876 0.1501
vn 0.2178 0.9753 0.0355
vn -0.3161 0.8639 0.3921
vn -0.0453 0.9876 0.1501
vn 0.0206 0.9989 0.0413
vn 0.2178 0.9753 0.0355
vn -0.0162 0.9950 0.0988
vn 0.0206 0.9989 0.0413
vn -0.0453 0.9876 0.1501
vn 0.0103 0.9999 -0.0129
vn 0.0206 0.9989 0.0413
vn -0.0162 0.9950 0.0988
vn -0.0463 0.9958 0.0788
vn 0.0103 0.9999 -0.0129
vn -0.0162 0.9950 0.0988
vn -0.0280 0.9989 -0.0365
vn 0.0103 0.9999 -0.0129
vn -0.0463 0.9958 0.0788
vn -0.0394 0.9986 0.0359
vn -0.0280 0.9989 -0.0365
vn -0.0463 0.9958 0.0788
vn 0.1197 0.9922 -0.0345
vn -0.0280 0.9989 -0.0365
vn -0.0394 0.9986 0.0359
vn -0.0113 0.9992 -0.0386
vn -0.0280 0.9989 -0.0365
vn 0.1197 0.9922 -0.0345
vn 0.1284 0.9917 -0.0004
vn -0.0113 0.9992 -0.0386
vn 0.1197 0.9922 -0.0345
vn 0.0466 0.9976 0.0510
vn -0.0113 0.9992 -0.0386
vn 0.1284 0.9917 -0.0004
vn 0.0444 0.9975 0.0542
vn -0.0113 0.9992 -0.0386
vn 0.0466 0.9976 0.0510
vn -0.0190 0.9997 -0.0178
vn -0.0113 0.9992 -0.0386
vn 0.0444 0.9975 0.0542
vn -0.0026 0.9967 0.0815
vn -0.0190 0.9997 -0.0178
vn 0.0444 0.9975 0.0542
vn -0.0402 0.9991 -0.0136
vn -0.0190 0.9997 -0.0178
vn -0.0026 0.9967 0.0815
vn -0.0226 0.9982 0.0553
vn -0.0402 0.9991 -0.0136
vn -0.0026 0.9967 0.0815
vn 0.0083 1.0000 0.0047
vn -0.0402 0.9991 -0.0136
vn -0.0226 0.9982 0.0553
vn -0.0540 0.9981 -0.0311
vn -0.0402 0.9991 -0.0136
vn 0.0083 1.0000 0.0047
vn 0.0082 1.0000 0.0045
vn -0.0540 0.9981 -0.0311
vn 0.0083 1.0000 0.0047
vn 0.0084 1.0000 0.0049
vn -0.0540 0.9981 -0.0311
vn 0.0082 1.0000 0.0045
vn 0.0655 0.9934 -0.0940
vn -0.0540 0.9981 -0.0311
vn 0.0084 1.0000 0.0049
vn -0.0318 0.9991 -0.0282
vn -0.0540 0.9981 -0.0311
vn 0.0655 0.9934 -0.0940
vn 0.0628 0.9947 0.0814
vn -0.0318 0.9991 -0.0282
vn 0.0655 0.9934 -0.0940
vn 0.0564 0.9949 0.0836
vn -0.0318 0.9991 -0.0282
vn 0.0628 0.9947 0.0814
vn 0.0620 0.9976 0.0314
vn -0.0318 0.9991 -0.0282
vn 0.0564 0.9949 0.0836
vn 0.0672 0.9977 0.0057
vn -0.0318 0.9991 -0.0282
vn 0.0620 0.9976 0.0314
vn -0.0201 0.9998 -0.0056
vn -0.0318 0.9991 -0.0282
vn 0.0672 0.9977 0.0057
vn 0.0693 0.9975 0.0114
vn -0.0201 0.9998 -0.0056
vn 0.0672 0.9977 0.0057
vn 0.0668 0.9976 0.0203
vn -0.0201 0.9998 -0.0056
vn 0.0693 0.9975 0.0114
vn -0.0290 0.9995 0.0127
vn -0.0201 0.9998 -0.0056
vn 0.0668 0.9976 0.0203
vn 0.0515 0.9939 0.0972
vn -0.0290 0.9995 0.0127
vn 0.0668 0.9976 0.0203
vn 0.0188 0.9969 0.0769
vn -0.0290 0.9995 0.0127
vn 0.0515 0.9939 0.0972
vn -0.0439 0.9989 0.0136
vn -0.0290 0.9995 0.0127
vn 0.0188 0.9969 0.0769
vn 0.0075 1.0000 -0.0019
vn -0.0439 0.9989 0.0136
vn 0.0188 0.9969 0.0769
vn 0.0075 1.0000 -0.0037
vn -0.0439 0.9989 0.0136
vn 0.0075 1.0000 -0.0019
vn 0.0070 1.0000 -0.0046
vn -0.0439 0.9989 0.0136
vn 0.0075 1.0000 -0.0037
vn -0.0408 0.9989 0.0250
vn -0.0439 0.9989 0.0136
vn 0.0070 1.0000 -0.0046
vn 0.0067 1.0000 -0.0053
vn -0.0408 0.9989 0.0250
vn 0.0070 1.0000 -0.0046
vn -0.0479 0.9983 0.0330
vn -0.0408 0.9989 0.0250
vn 0.0067 1.0000 -0.0053
vn 0.0068 1.0000 -0.0047
vn -0.0479 0.9983 0.0330
vn 0.0067 1.0000 -0.0053
vn 0.0072 1.0000 -0.0044
vn -0.0479 0.9983 0.0330
vn 0.0068 1.0000 -0.0047
vn -0.0400 0.9991 0.0129
vn -0.0479 0.9983 0.0330
vn 0.0072 1.0000 -0.0044
vn -0.0454 0.9954 -0.0843
vn -0.0400 0.9991 0.0129
vn 0.0072 1.0000 -0.0044
vn 0.0068 0.9976 -0.0692
vn -0.0400 0.9991 0.0129
vn -0.0454 0.9954 -0.0843
vn -0.0220 0.9996 0.0167
vn -0.0400 0.9991 0.0129
vn 0.0068 0.9976 -0.0692
vn 0.0547 0.9981 -0.0283
vn -0.0220 0.9996 0.0167
vn 0.0068 0.9976 -0.0692
vn -0.0114 0.9999 0.0116
vn -0.0220 0.9996 0.0167
vn 0.0547 0.9981 -0.0283
vn 0.0234 0.9977 -0.0642
vn -0.0114 0.9999 0.0116
vn 0.0547 0.9981 -0.0283
vn 0.0394 0.9972 -0.0631
vn -0.0114 0.9999 0.0116
vn 0.0234 0.9977 -0.0642
vn 0.1089 0.9941 0.0020
vn -0.0114 0.9999 0.0116
vn 0.0394 0.9972 -0.0631
vn -0.0128 0.9992 0.0366
vn -0.0114 0.9999 0.0116
vn 0.1089 0.9941 0.0020
vn 0.0538 0.9985 0.0072
vn -0.0128 0.9992 0.0366
vn 0.1089 0.9941 0.0020
vn -0.0238 0.9987 0.0449
vn -0.0128 0.9992 0.0366
vn 0.0538 0.9985 0.0072
vn 0.0037 1.0000 -0.0070
vn -0.0238 0.9987 0.0449
vn 0.0538 0.9985 0.0072
vn 0.0006 1.0000 -0.0088
vn -0.0238 0.9987 0.0449
vn 0.0037 1.0000 -0.0070
vn -0.0160 0.9988 0.0469
vn -0.0238 0.9987 0.0449
vn 0.0006 1.0000 -0.0088
vn 0.0030 1.0000 -0.0076
vn -0.0160 0.9988 0.0469
vn 0.0006 1.0000 -0.0088
vn -0.0089 0.9985 0.0549
vn -0.0160 0.9988 0.0469
vn 0.0030 1.0000 -0.0076
vn 0.0084 1.0000 -0.0037
vn -0.0089 0.9985 0.0549
vn 0.0030 1.0000 -0.0076
vn 0.0038 1.0000 -0.0043
vn -0.0089 0.9985 0.0549
vn 0.0084 1.0000 -0.0037
vn -0.0059 0.9984 0.0566
vn -0.0089 0.9985 0.0549
vn 0.0038 1.0000 -0.0043
vn 0.0026 1.0000 -0.0030
vn -0.0059 0.9984 0.0566
vn 0.0038 1.0000 -0.0043
vn -0.0055 0.9990 0.0442
vn -0.0059 0.9984 0.0566
vn 0.0026 1.0000 -0.0030
vn -0.0866 0.9962 -0.0072
vn -0.0055 0.9990 0.0442
vn 0.0026 1.0000 -0.0030
vn -0.1007 0.9945 -0.0284
vn -0.0055 0.9990 0.0442
vn -0.0866 0.9962 -0.0072
vn -0.0102 0.9990 -0.0429
vn -0.0055 0.9990 0.0442
vn -0.1007 0.9945 -0.0284
vn 0.0084 0.9993 0.0364
vn -0.0055 0.9990 0.0442
vn -0.0102 0.9990 -0.0429
vn 0.0170 0.9990 -0.0424
vn 0.0084 0.9993 0.0364
vn -0.0102 0.9990 -0.0429
vn 0.0175 0.9985 0.0524
vn 0.0084 0.9993 0.0364
vn 0.0170 0.9990 -0.0424
vn 0.0477 0.9982 -0.0364
vn 0.0175 0.9985 0.0524
vn 0.0170 0.9990 -0.0424
vn 0.0117 0.9999 -0.0083
vn 0.0175 0.9985 0.0524
vn 0.0477 0.9982 -0.0364
vn 0.0075 0.9985 0.0546
vn 0.0175 0.9985 0.0524
vn 0.0117 0.9999 -0.0083
vn -0.0423 0.9987 0.0273
vn 0.0075 0.9985 0.0546
vn 0.0117 0.9999 -0.0083
vn -0.0350 0.9993 -0.0134
vn 0.0075 0.9985 0.0546
vn -0.0423 0.9987 0.0273
vn 0.0129 0.9996 0.0240
vn 0.0075 0.9985 0.0546
vn -0.0350 0.9993 -0.0134
vn -0.0314 0.9991 -0.0282
vn 0.0129 0.9996 0.0240
vn -0.0350 0.9993 -0.0134
vn -0.0166 0.9986 -0.0499
vn 0.0129 0.9996 0.0240
vn -0.0314 0.9991 -0.0282
vn 0.0208 0.9994 0.0276
vn 0.0129 0.9996 0.0240
vn -0.0166 0.9986 -0.0499
vn 0.0723 0.9937 -0.0851
vn 0.0208 0.9994 0.0276
vn -0.0166 0.9986 -0.0499
vn 0.0351 0.9992 0.0187
vn 0.0208 0.9994 0.0276
vn 0.0723 0.9937 -0.0851
vn 0.0625 0.9969 -0.0484
vn 0.0351 0.9992 0.0187
vn 0.0723 0.9937 -0.0851
vn -0.0034 1.0000 0.0052
vn 0.0351 0.9992 0.0187
vn 0.0625 0.9969 -0.0484
vn -0.0034 1.0000 0.0042
vn 0.0351 0.9992 0.0187
vn -0.0034 1.0000 0.0052
vn -0.0317 0.9988 0.0372
vn 0.0351 0.9992 0.0187
vn -0.0034 1.0000 0.0042
vn 0.0288 0.9993 0.0232
vn 0.0351 0.9992 0.0187
vn -0.0317 0.9988 0.0372
vn -0.0648 0.9947 0.0801
vn 0.0288 0.9993 0.0232
vn -0.0317 0.9988 0.0372
vn -0.0625 0.9974 0.0371
vn 0.0288 0.9993 0.0232
vn -0.0648 0.9947 0.0801
vn 0.0152 0.9999 0.0049
vn 0.0288 0.9993 0.0232
vn -0.0625 0.9974 0.0371
vn -0.0626 0.9980 0.0054
vn 0.0152 0.9999 0.0049
vn -0.0625 0.9974 0.0371
vn 0.0384 0.9992 -0.0145
vn 0.0152 0.9999 0.0049
vn -0.0626 0.9980 0.0054
vn -0.0594 0.9968 -0.0541
vn 0.0384 0.9992 -0.0145
vn -0.0626 0.9980 0.0054
vn -0.0301 0.9966 -0.0763
vn 0.0384 0.9992 -0.0145
vn -0.0594 0.9968 -0.0541
vn 0.0524 0.9985 -0.0152
vn 0.0384 0.9992 -0.0145
vn -0.0301 0.9966 -0.0763
vn -0.0078 1.0000 0.0042
vn 0.0524 0.9985 -0.0152
vn -0.0301 0.9966 -0.0763
vn -0.0062 1.0000 0.0076
vn 0.0524 0.9985 -0.0152
vn -0.0078 1.0000 0.0042
vn -0.0062 1.0000 0.0076
vn -0.0078 1.0000 0.0042
vn -0.0000 1.0000 0.0000
vn -0.0023 0.9996 0.0287
vn 0.0524 0.9985 -0.0152
vn -0.0062 1.0000 0.0076
vn 0.0893 0.9953 0.0385
vn 0.0524 0.9985 -0.0152
vn -0.0023 0.9996 0.0287
vn -0.0107 0.9999 -0.0043
vn 0.0893 0.9953 0.0385
vn -0.0023 0.9996 0.0287
vn -0.0080 0.9999 -0.0100
vn 0.0893 0.9953 0.0385
vn -0.0107 0.9999 -0.0043
vn 0.0199 0.9996 0.0192
vn 0.0893 0.9953 0.0385
vn -0.0080 0.9999 -0.0100
vn -0.0394 0.9687 0.2452
vn 0.0199 0.9996 0.0192
vn -0.0080 0.9999 -0.0100
vn 0.0000 1.0000 0.0000
vn -0.0394 0.9687 0.2452
vn -0.0080 0.9999 -0.0100
vn -0.0394 0.9687 0.2452
vn 0.0000 1.0000 0.0000
vn 0.0000 1.0000 0.0000
vn -0.0765 0.9941 0.0770
vn 0.0199 0.9996 0.0192
vn -0.0394 0.9687 0.2452
vn -0.0761 0.9971 -0.0078
vn 0.0199 0.9996 0.0192
vn -0.0765 0.9941 0.0770
vn 0.0030 1.0000 -0.0004
vn 0.0199 0.9996 0.0192
vn -0.0761 0.9971 -0.0078
vn -0.0693 0.9974 0.0221
vn 0.0030 1.0000 -0.0004
vn -0.0761 0.9971 -0.0078
vn -0.0988 0.9876 -0.1219
vn 0.0030 1.0000 -0.0004
vn -0.0693 0.9974 0.0221
vn 0.0214 0.9993 -0.0294
vn 0.0030 1.0000 -0.0004
vn -0.0988 0.9876 -0.1219
vn -0.0889 0.9746 -0.2057
vn 0.0214 0.9993 -0.0294
vn -0.0988 0.9876 -0.1219
vn -0.0068 1.0000 0.0057
vn 0.0214 0.9993 -0.0294
vn -0.0889 0.9746 -0.2057
vn 0.0442 0.9944 0.0958
vn 0.0214 0.9993 -0.0294
vn -0.0068 1.0000 0.0057
vn 0.0273 0.9996 -0.0025
vn 0.0214 0.9993 -0.0294
vn 0.0442 0.9944 0.0958
vn 0.0151 0.9873 0.1584
vn 0.0273 0.9996 -0.0025
vn 0.0442 0.9944 0.0958
vn -0.0712 0.9932 0.0924
vn 0.0273 0.9996 -0.0025
vn 0.0151 0.9873 0.1584
vn 0.0050 1.0000 -0.0061
vn 0.0273 0.9996 -0.0025
vn -0.0712 0.9932 0.0924
vn -0.0735 0.9938 0.0831
vn 0.0050 1.0000 -0.0061
vn -0.0712 0.9932 0.0924
vn 0.0010 1.0000 -0.0017
vn 0.0050 1.0000 -0.0061
vn -0.0735 0.9938 0.0831
vn -0.0706 0.9941 0.0820
vn 0.0010 1.0000 -0.0017
vn -0.0735 0.9938 0.0831
vn -0.1706 0.9848 -0.0309
vn 0.0010 1.0000 -0.0017
vn -0.0706 0.9941 0.0820
vn 0.0034 0.9995 -0.0327
vn 0.0010 1.0000 -0.0017
vn -0.1706 0.9848 -0.0309
vn -0.1460 0.9855 -0.0869
vn 0.0034 0.9995 -0.0327
vn -0.1706 0.9848 -0.0309
vn -0.0018 1.0000 0.0091
vn 0.0034 0.9995 -0.0327
vn -0.1460 0.9855 -0.0869
vn 0.0181 0.9989 -0.0423
vn 0.0034 0.9995 -0.0327
vn -0.0018 1.0000 0.0091
vn 0.0002 0.9999 0.0114
vn 0.0181 0.9989 -0.0423
vn -0.0018 1.0000 0.0091
vn -0.0029 1.0000 0.0093
vn 0.0181 0.9989 -0.0423
vn 0.0002 0.9999 0.0114
vn 0.0179 0.9976 -0.0665
vn 0.0181 0.9989 -0.0423
vn -0.0029 1.0000 0.0093
vn -0.0032 1.0000 0.0088
vn 0.0179 0.9976 -0.0665
vn -0.0029 1.0000 0.0093
vn 0.0241 0.9995 -0.0214
vn 0.0179 0.9976 -0.0665
vn -0.0032 1.0000 0.0088
vn 0.1176 0.9915 0.0557
vn 0.0241 0.9995 -0.0214
vn -0.0032 1.0000 0.0088
vn 0.1264 0.9873 0.0966
vn 0.0241 0.9995 -0.0214
vn 0.1176 0.9915 0.0557
vn 0.0266 0.9952 0.0941
vn 0.0241 0.9995 -0.0214
vn 0.1264 0.9873 0.0966
vn 0.0113 0.9999 -0.0006
vn 0.0241 0.9995 -0.0214
vn 0.0266 0.9952 0.0941
vn 0.0754 0.9904 0.1155
vn 0.0113 0.9999 -0.0006
vn 0.0266 0.9952 0.0941
vn -0.0516 0.9970 0.0577
vn 0.0113 0.9999 -0.0006
vn 0.0754 0.9904 0.1155
vn -0.0516 0.9970 0.0577
vn -0.0445 0.9984 -0.0345
vn 0.0113 0.9999 -0.0006
vn -0.0445 0.9984 -0.0345
vn -0.0458 0.9892 -0.1391
vn 0.0113 0.9999 -0.0006
vn -0.0458 0.9892 -0.1391
vn 0.0199 0.9924 -0.1214
vn 0.0113 0.9999 -0.0006
vn 0.0199 0.9924 -0.1214
vn 0.0241 0.9995 -0.0214
vn 0.0113 0.9999 -0.0006
vn 0.0199 0.9924 -0.1214
vn 0.0179 0.9976 -0.0665
vn 0.0241 0.9995 -0.0214
vn 0.0199 0.9924 -0.1214
vn 0.0564 0.9932 -0.1019
vn 0.0179 0.9976 -0.0665
vn 0.0564 0.9932 -0.1019
vn 0.0181 0.9989 -0.0423
vn 0.0179 0.9976 -0.0665
vn 0.0564 0.9932 -0.1019
vn 0.0034 0.9995 -0.0327
vn 0.0181 0.9989 -0.0423
vn 0.0564 0.9932 -0.1019
vn 0.0739 0.9936 -0.0860
vn 0.0034 0.9995 -0.0327
vn 0.0739 0.9936 -0.0860
vn 0.0010 1.0000 -0.0017
vn 0.0034 0.9995 -0.0327
vn 0.0739 0.9936 -0.0860
vn 0.0702 0.9934 -0.0909
vn 0.0010 1.0000 -0.0017
vn 0.0702 0.9934 -0.0909
vn 0.0050 1.0000 -0.0061
vn 0.0010 1.0000 -0.0017
vn 0.0702 0.9934 -0.0909
vn 0.0736 0.9936 -0.0861
vn 0.0050 1.0000 -0.0061
vn 0.0736 0.9936 -0.0861
vn 0.0273 0.9996 -0.0025
vn 0.0050 1.0000 -0.0061
vn 0.0736 0.9936 -0.0861
vn 0.0843 0.9944 -0.0634
vn 0.0273 0.9996 -0.0025
vn 0.0843 0.9944 -0.0634
vn 0.0214 0.9993 -0.0294
vn 0.0273 0.9996 -0.0025
vn 0.0843 0.9944 -0.0634
vn 0.0979 0.9950 -0.0197
vn 0.0214 0.9993 -0.0294
vn 0.0979 0.9950 -0.0197
vn 0.0030 1.0000 -0.0004
vn 0.0214 0.9993 -0.0294
vn 0.0979 0.9950 -0.0197
vn 0.0199 0.9996 0.0192
vn 0.0030 1.0000 -0.0004
vn 0.0979 0.9950 -0.0197
vn 0.1179 0.9892 0.0876
vn 0.0199 0.9996 0.0192
vn 0.1179 0.9892 0.0876
vn 0.0893 0.9953 0.0385
vn 0.0199 0.9996 0.0192
vn 0.1189 0.9917 0.0491
vn 0.0893 0.9953 0.0385
vn 0.1179 0.9892 0.0876
vn 0.1189 0.9917 0.0491
vn 0.1167 0.9924 -0.0379
vn 0.0893 0.9953 0.0385
vn 0.1167 0.9924 -0.0379
vn 0.0524 0.9985 -0.0152
vn 0.0893 0.9953 0.0385
vn 0.1167 0.9924 -0.0379
vn 0.1078 0.9942 0.0014
vn 0.0524 0.9985 -0.0152
vn 0.1078 0.9942 0.0014
vn 0.0384 0.9992 -0.0145
vn 0.0524 0.9985 -0.0152
vn 0.1078 0.9942 0.0014
vn 0.0152 0.9999 0.0049
vn 0.0384 0.9992 -0.0145
vn 0.1078 0.9942 0.0014
vn 0.0875 0.9951 0.0463
vn 0.0152 0.9999 0.0049
vn 0.0875 0.9951 0.0463
vn 0.0288 0.9993 0.0232
vn 0.0152 0.9999 0.0049
vn 0.0875 0.9951 0.0463
vn 0.0351 0.9992 0.0187
vn 0.0288 0.9993 0.0232
vn 0.0875 0.9951 0.0463
vn 0.0671 0.9946 0.0793
vn 0.0351 0.9992 0.0187
vn 0.0671 0.9946 0.0793
vn 0.0208 0.9994 0.0276
vn 0.0351 0.9992 0.0187
vn 0.0671 0.9946 0.0793
vn 0.0470 0.9939 0.1002
vn 0.0208 0.9994 0.0276
vn 0.0470 0.9939 0.1002
vn 0.0129 0.9996 0.0240
vn 0.0208 0.9994 0.0276
vn 0.0470 0.9939 0.1002
vn 0.0075 0.9985 0.0546
vn 0.0129 0.9996 0.0240
vn 0.0470 0.9939 0.1002
vn 0.0263 0.9930 0.1148
vn 0.0075 0.9985 0.0546
vn 0.0263 0.9930 0.1148
vn 0.0175 0.9985 0.0524
vn 0.0075 0.9985 0.0546
vn 0.0263 0.9930 0.1148
vn 0.0221 0.9929 0.1171
vn 0.0175 0.9985 0.0524
vn 0.0221 0.9929 0.1171
vn 0.0084 0.9993 0.0364
vn 0.0175 0.9985 0.0524
vn 0.0221 0.9929 0.1171
vn 0.0070 0.9933 0.1151
vn 0.0084 0.9993 0.0364
vn 0.0070 0.9933 0.1151
vn -0.0055 0.9990 0.0442
vn 0.0084 0.9993 0.0364
vn 0.0070 0.9933 0.1151
vn -0.0059 0.9984 0.0566
vn -0.0055 0.9990 0.0442
vn 0.0070 0.9933 0.1151
vn -0.0177 0.9936 0.1120
vn -0.0059 0.9984 0.0566
vn -0.0177 0.9936 0.1120
vn -0.0089 0.9985 0.0549
vn -0.0059 0.9984 0.0566
vn -0.0177 0.9936 0.1120
vn -0.0374 0.9939 0.1033
vn -0.0089 0.9985 0.0549
vn -0.0374 0.9939 0.1033
vn -0.0160 0.9988 0.0469
vn -0.0089 0.9985 0.0549
vn -0.0374 0.9939 0.1033
vn -0.0238 0.9987 0.0449
vn -0.0160 0.9988 0.0469
vn -0.0374 0.9939 0.1033
vn -0.0614 0.9943 0.0874
vn -0.0238 0.9987 0.0449
vn -0.0614 0.9943 0.0874
vn -0.0128 0.9992 0.0366
vn -0.0238 0.9987 0.0449
vn -0.0614 0.9943 0.0874
vn -0.0114 0.9999 0.0116
vn -0.0128 0.9992 0.0366
vn -0.0614 0.9943 0.0874
vn -0.0850 0.9942 0.0653
vn -0.0114 0.9999 0.0116
vn -0.0850 0.9942 0.0653
vn -0.0220 0.9996 0.0167
vn -0.0114 0.9999 0.0116
vn -0.0850 0.9942 0.0653
vn -0.0400 0.9991 0.0129
vn -0.0220 0.9996 0.0167
vn -0.0850 0.9942 0.0653
vn -0.0939 0.9940 0.0558
vn -0.0400 0.9991 0.0129
vn -0.0939 0.9940 0.0558
vn -0.0479 0.9983 0.0330
vn -0.0400 0.9991 0.0129
vn -0.0939 0.9940 0.0558
vn -0.0954 0.9943 0.0475
vn -0.0479 0.9983 0.0330
vn -0.0954 0.9943 0.0475
vn -0.0408 0.9989 0.0250
vn -0.0479 0.9983 0.0330
vn -0.0954 0.9943 0.0475
vn -0.0439 0.9989 0.0136
vn -0.0408 0.9989 0.0250
vn -0.0954 0.9943 0.0475
vn -0.1052 0.9944 0.0039
vn -0.0439 0.9989 0.0136
vn -0.1052 0.9944 0.0039
vn -0.0290 0.9995 0.0127
vn -0.0439 0.9989 0.0136
vn -0.1052 0.9944 0.0039
vn -0.1086 0.9935 -0.0346
vn -0.0290 0.9995 0.0127
vn -0.1086 0.9935 -0.0346
vn -0.0201 0.9998 -0.0056
vn -0.0290 0.9995 0.0127
vn -0.1086 0.9935 -0.0346
vn -0.0318 0.9991 -0.0282
vn -0.0201 0.9998 -0.0056
vn -0.1086 0.9935 -0.0346
vn -0.1056 0.9927 -0.0579
vn -0.0318 0.9991 -0.0282
vn -0.1056 0.9927 -0.0579
vn -0.0540 0.9981 -0.0311
vn -0.0318 0.9991 -0.0282
vn -0.1056 0.9927 -0.0579
vn -0.1058 0.9926 -0.0601
vn -0.0540 0.9981 -0.0311
vn -0.1058 0.9926 -0.0601
vn -0.0402 0.9991 -0.0136
vn -0.0540 0.9981 -0.0311
vn -0.1058 0.9926 -0.0601
vn -0.0982 0.9926 -0.0714
vn -0.0402 0.9991 -0.0136
vn -0.0982 0.9926 -0.0714
vn -0.0190 0.9997 -0.0178
vn -0.0402 0.9991 -0.0136
vn -0.0982 0.9926 -0.0714
vn -0.0739 0.9920 -0.1024
vn -0.0190 0.9997 -0.0178
vn -0.0739 0.9920 -0.1024
vn -0.0113 0.9992 -0.0386
vn -0.0190 0.9997 -0.0178
vn -0.0739 0.9920 -0.1024
vn -0.0280 0.9989 -0.0365
vn -0.0113 0.9992 -0.0386
vn -0.0739 0.9920 -0.1024
vn -0.0482 0.9913 -0.1226
vn -0.0280 0.9989 -0.0365
vn -0.0482 0.9913 -0.1226
vn 0.0103 0.9999 -0.0129
vn -0.0280 0.9989 -0.0365
vn 0.1013 0.9769 -0.1884
vn 0.0103 0.9999 -0.0129
vn -0.0482 0.9913 -0.1226
vn 0.1013 0.9769 -0.1884
vn 0.1080 0.9860 -0.1274
vn 0.0103 0.9999 -0.0129
vn 0.1080 0.9860 -0.1274
vn 0.0206 0.9989 0.0413
vn 0.0103 0.9999 -0.0129
vn 0.1080 0.9860 -0.1274
vn -0.0056 0.9999 0.0146
vn 0.0206 0.9989 0.0413
vn -0.0056 0.9999 0.0146
vn -0.0000 1.0000 0.0000
vn 0.0206 0.9989 0.0413
vn 0.0000 1.0000 -0.0000
vn 0.0206 0.9989 0.0413
vn -0.0000 1.0000 0.0000
vn 0.1080 0.9860 -0.1274
vn -0.1058 0.9847 -0.1385
vn -0.0056 0.9999 0.0146
vn -0.1058 0.9847 -0.1385
vn 0.0147 0.9998 0.0129
vn -0.0056 0.9999 0.0146
vn -0.1058 0.9847 -0.1385
vn -0.1378 0.9870 -0.0830
vn 0.0147 0.9998 0.0129
vn -0.1378 0.9870 -0.0830
vn -0.0241 0.9991 0.0357
vn 0.0147 0.9998 0.0129
vn -0.0241 0.9991 0.0357
vn 0.0000 1.0000 0.0000
vn 0.0147 0.9998 0.0129
vn 0.0000 1.0000 0.0000
vn -0.0241 0.9991 0.0357
vn 0.0000 1.0000 -0.0000
vn -0.0445 0.9984 -0.0345
vn -0.0241 0.9991 0.0357
vn -0.1378 0.9870 -0.0830
vn -0.0445 0.9984 -0.0345
vn -0.0516 0.9970 0.0577
vn -0.0241 0.9991 0.0357
vn -0.0516 0.9970 0.0577
vn -0.2284 0.9729 -0.0371
vn -0.0241 0.9991 0.0357
vn -0.0516 0.9970 0.0577
vn -0.3103 0.9440 -0.1124
vn -0.2284 0.9729 -0.0371
vn -0.3103 0.9440 -0.1124
vn -0.0516 0.9970 0.0577
vn -0.5694 0.6759 -0.4680
vn -0.2005 0.9662 -0.1620
vn -0.0445 0.9984 -0.0345
vn -0.1378 0.9870 -0.0830
vn -0.1058 0.9847 -0.1385
vn -0.2005 0.9662 -0.1620
vn -0.1378 0.9870 -0.0830
vn -0.2005 0.9662 -0.1620
vn -0.0458 0.9892 -0.1391
vn -0.0445 0.9984 -0.0345
vn -0.2005 0.9662 -0.1620
vn -0.0044 0.9999 -0.0136
vn -0.0458 0.9892 -0.1391
vn -0.0044 0.9999 -0.0136
vn 0.0199 0.9924 -0.1214
vn -0.0458 0.9892 -0.1391
vn -0.0044 0.9999 -0.0136
vn 0.0564 0.9932 -0.1019
vn 0.0199 0.9924 -0.1214
vn -0.0044 0.9999 -0.0136
vn 0.0739 0.9936 -0.0860
vn 0.0564 0.9932 -0.1019
vn -0.0044 0.9999 -0.0136
vn 0.0702 0.9934 -0.0909
vn 0.0739 0.9936 -0.0860
vn -0.0044 0.9999 -0.0136
vn 0.0736 0.9936 -0.0861
vn 0.0702 0.9934 -0.0909
vn -0.0044 0.9999 -0.0136
vn 0.0843 0.9944 -0.0634
vn 0.0736 0.9936 -0.0861
vn -0.0044 0.9999 -0.0136
vn 0.0979 0.9950 -0.0197
vn 0.0843 0.9944 -0.0634
vn -0.0044 0.9999 -0.0136
vn 0.1179 0.9892 0.0876
vn 0.0979 0.9950 -0.0197
vn -0.0044 0.9999 -0.0136
vn 0.1189 0.9917 0.0491
vn 0.1179 0.9892 0.0876
vn -0.0044 0.9999 -0.0136
vn 0.1167 0.9924 -0.0379
vn 0.1189 0.9917 0.0491
vn -0.0044 0.9999 -0.0136
vn 0.1078 0.9942 0.0014
vn 0.1167 0.9924 -0.0379
vn -0.0044 0.9999 -0.0136
vn 0.0875 0.9951 0.0463
vn 0.1078 0.9942 0.0014
vn -0.0044 0.9999 -0.0136
vn 0.0671 0.9946 0.0793
vn 0.0875 0.9951 0.0463
vn -0.0044 0.9999 -0.0136
vn 0.0470 0.9939 0.1002
vn 0.0671 0.9946 0.0793
vn -0.0044 0.9999 -0.0136
vn 0.0263 0.9930 0.1148
vn 0.0470 0.9939 0.1002
vn -0.0044 0.9999 -0.0136
vn 0.0221 0.9929 0.1171
vn 0.0263 0.9930 0.1148
vn -0.0044 0.9999 -0.0136
vn 0.0070 0.9933 0.1151
vn 0.0221 0.9929 0.1171
vn -0.0044 0.9999 -0.0136
vn -0.0177 0.9936 0.1120
vn 0.0070 0.9933 0.1151
vn -0.0044 0.9999 -0.0136
vn -0.0374 0.9939 0.1033
vn -0.0177 0.9936 0.1120
vn -0.0044 0.9999 -0.0136
vn -0.0614 0.9943 0.0874
vn -0.0374 0.9939 0.1033
vn -0.0044 0.9999 -0.0136
vn -0.0850 0.9942 0.0653
vn -0.0614 0.9943 0.0874
vn -0.0044 0.9999 -0.0136
vn -0.0939 0.9940 0.0558
vn -0.0850 0.9942 0.0653
vn -0.0044 0.9999 -0.0136
vn -0.0954 0.9943 0.0475
vn -0.0939 0.9940 0.0558
vn -0.0044 0.9999 -0.0136
vn -0.1052 0.9944 0.0039
vn -0.0954 0.9943 0.0475
vn -0.0044 0.9999 -0.0136
vn -0.1086 0.9935 -0.0346
vn -0.1052 0.9944 0.0039
vn -0.0044 0.9999 -0.0136
vn -0.1056 0.9927 -0.0579
vn -0.1086 0.9935 -0.0346
vn -0.0044 0.9999 -0.0136
vn -0.1058 0.9926 -0.0601
vn -0.1056 0.9927 -0.0579
vn -0.0044 0.9999 -0.0136
vn -0.0982 0.9926 -0.0714
vn -0.1058 0.9926 -0.0601
vn -0.0044 0.9999 -0.0136
vn -0.0739 0.9920 -0.1024
vn -0.0982 0.9926 -0.0714
vn -0.0044 0.9999 -0.0136
vn -0.0482 0.9913 -0.1226
vn -0.0739 0.9920 -0.1024
vn -0.0044 0.9999 -0.0136
vn 0.1013 0.9769 -0.1884
vn -0.0482 0.9913 -0.1226
vn -0.0044 0.9999 -0.0136
vn 0.1492 0.9651 -0.2152
vn 0.1013 0.9769 -0.1884
vn 0.1492 0.9651 -0.2152
vn 0.1080 0.9860 -0.1274
vn 0.1013 0.9769 -0.1884
vn 0.1492 0.9651 -0.2152
vn -0.1058 0.9847 -0.1385
vn 0.1080 0.9860 -0.1274
vn -0.1102 0.9765 -0.1850
vn -0.1058 0.9847 -0.1385
vn 0.1492 0.9651 -0.2152
vn -0.0044 0.9999 -0.0136
vn -0.1102 0.9765 -0.1850
vn 0.1492 0.9651 -0.2152
vn -0.2005 0.9662 -0.1620
vn -0.1102 0.9765 -0.1850
vn -0.0044 0.9999 -0.0136
vn -0.2005 0.9662 -0.1620
vn -0.1058 0.9847 -0.1385
vn -0.1102 0.9765 -0.1850
vn 0.8997 0.0091 -0.4364
vn 0.9675 0.0063 -0.2526
vn 0.9601 0.0075 -0.2796
vn 0.9601 0.0075 -0.2796
vn 0.9005 0.0089 -0.4348
vn 0.8997 0.0091 -0.4364
vn 0.9675 0.0063 -0.2526
vn 0.9947 -0.0113 0.1021
vn 0.9944 -0.0115 0.1048
vn 0.9944 -0.0115 0.1048
vn 0.9601 0.0075 -0.2796
vn 0.9675 0.0063 -0.2526
vn 0.9832 -0.0154 0.1817
vn 0.9834 -0.0153 0.1808
vn 0.9944 -0.0115 0.1048
vn 0.9944 -0.0115 0.1048
vn 0.9947 -0.0113 0.1021
vn 0.9832 -0.0154 0.1817
vn 0.9832 -0.0154 0.1817
vn 0.9498 -0.0167 0.3125
vn 0.9537 -0.0164 0.3003
vn 0.9537 -0.0164 0.3003
vn 0.9834 -0.0153 0.1808
vn 0.9832 -0.0154 0.1817
vn 0.9498 -0.0167 0.3125
vn 0.9879 -0.0116 0.1549
vn 0.9865 -0.0118 0.1631
vn 0.9865 -0.0118 0.1631
vn 0.9537 -0.0164 0.3003
vn 0.9498 -0.0167 0.3125
vn 0.9879 -0.0116 0.1549
vn 0.9985 -0.0042 0.0540
vn 0.9986 -0.0042 0.0528
vn 0.9986 -0.0042 0.0528
vn 0.9865 -0.0118 0.1631
vn 0.9879 -0.0116 0.1549
vn 0.9985 -0.0042 0.0540
vn 0.8594 -0.0079 0.5112
vn 0.8599 -0.0079 0.5103
vn 0.8599 -0.0079 0.5103
vn 0.9986 -0.0042 0.0528
vn 0.9985 -0.0042 0.0540
vn 0.8594 -0.0079 0.5112
vn 0.4330 -0.0092 0.9013
vn 0.4259 -0.0092 0.9047
vn 0.4259 -0.0092 0.9047
vn 0.8599 -0.0079 0.5103
vn 0.8594 -0.0079 0.5112
vn 0.6468 -0.0075 0.7626
vn 0.5918 -0.0078 0.8061
vn 0.4259 -0.0092 0.9047
vn 0.4259 -0.0092 0.9047
vn 0.4330 -0.0092 0.9013
vn 0.6468 -0.0075 0.7626
vn 0.8810 -0.0050 0.4730
vn 0.8810 -0.0050 0.4732
vn 0.8824 -0.0053 0.4704
vn 0.8824 -0.0053 0.4704
vn 0.8742 -0.0053 0.4855
vn 0.8810 -0.0050 0.4730
vn 0.8716 -0.0047 0.4903
vn 0.8716 -0.0047 0.4902
vn 0.8810 -0.0050 0.4732
vn 0.8810 -0.0050 0.4732
vn 0.8810 -0.0050 0.4730
vn 0.8716 -0.0047 0.4903
vn 0.8731 -0.0044 0.4876
vn 0.8728 -0.0044 0.4880
vn 0.8716 -0.0047 0.4902
vn 0.8716 -0.0047 0.4902
vn 0.8716 -0.0047 0.4903
vn 0.8731 -0.0044 0.4876
vn 0.8731 -0.0044 0.4876
vn 0.8547 -0.0040 0.5190
vn 0.8477 -0.0041 0.5305
vn 0.8477 -0.0041 0.5305
vn 0.8728 -0.0044 0.4880
vn 0.8731 -0.0044 0.4876
vn 0.6307 -0.0043 0.7760
vn 0.6212 -0.0043 0.7837
vn 0.8477 -0.0041 0.5305
vn 0.8477 -0.0041 0.5305
vn 0.8547 -0.0040 0.5190
vn 0.6307 -0.0043 0.7760
vn 0.6502 -0.0040 0.7597
vn 0.6503 -0.0040 0.7597
vn 0.6212 -0.0043 0.7837
vn 0.6212 -0.0043 0.7837
vn 0.6307 -0.0043 0.7760
vn 0.6502 -0.0040 0.7597
vn 0.6608 -0.0038 0.7506
vn 0.6607 -0.0038 0.7506
vn 0.6503 -0.0040 0.7597
vn 0.6503 -0.0040 0.7597
vn 0.6502 -0.0040 0.7597
vn 0.6608 -0.0038 0.7506
vn 0.4051 -0.0039 0.9143
vn 0.4235 -0.0039 0.9059
vn 0.6607 -0.0038 0.7506
vn 0.6607 -0.0038 0.7506
vn 0.6608 -0.0038 0.7506
vn 0.4051 -0.0039 0.9143
vn 0.4051 -0.0039 0.9143
vn 0.4286 -0.0039 0.9035
vn 0.4092 -0.0039 0.9124
vn 0.4092 -0.0039 0.9124
vn 0.4235 -0.0039 0.9059
vn 0.4051 -0.0039 0.9143
vn -0.7817 0.0000 -0.6236
vn -0.7987 0.0000 -0.6017
vn -0.7973 0.0000 -0.6036
vn -0.7973 0.0000 -0.6036
vn -0.7937 0.0000 -0.6083
vn -0.7817 0.0000 -0.6236
vn -0.7987 0.0000 -0.6017
vn -0.8395 0.0000 -0.5433
vn -0.8406 0.0000 -0.5416
vn -0.8406 0.0000 -0.5416
vn -0.7973 0.0000 -0.6036
vn -0.7987 0.0000 -0.6017
vn -0.8395 0.0000 -0.5433
vn -0.5478 0.0000 -0.8366
vn -0.5323 0.0000 -0.8465
vn -0.5323 0.0000 -0.8465
vn -0.8406 0.0000 -0.5416
vn -0.8395 0.0000 -0.5433
vn -0.2448 0.0000 -0.9696
vn -0.2276 0.0000 -0.9737
vn -0.5323 0.0000 -0.8465
vn -0.5323 0.0000 -0.8465
vn -0.5478 0.0000 -0.8366
vn -0.2448 0.0000 -0.9696
vn -0.4757 0.0000 -0.8796
vn -0.4750 0.0000 -0.8800
vn -0.2276 0.0000 -0.9737
vn -0.2276 0.0000 -0.9737
vn -0.2448 0.0000 -0.9696
vn -0.4757 0.0000 -0.8796
vn -0.4757 0.0000 -0.8796
vn -0.6771 0.0000 -0.7359
vn -0.6777 0.0000 -0.7353
vn -0.6777 0.0000 -0.7353
vn -0.4750 0.0000 -0.8800
vn -0.4757 0.0000 -0.8796
vn -0.3601 0.0000 -0.9329
vn -0.3696 0.0000 -0.9292
vn -0.6777 0.0000 -0.7353
vn -0.6777 0.0000 -0.7353
vn -0.6771 0.0000 -0.7359
vn -0.3601 0.0000 -0.9329
vn -0.3601 0.0000 -0.9329
vn -0.1241 0.0000 -0.9923
vn -0.1261 0.0000 -0.9920
vn -0.1261 0.0000 -0.9920
vn -0.3696 0.0000 -0.9292
vn -0.3601 0.0000 -0.9329
vn -0.1261 0.0000 -0.9920
vn -0.1274 0.0000 -0.9919
vn -0.1261 0.0000 -0.9920
vn -0.1261 0.0000 -0.9920
vn -0.1241 0.0000 -0.9923
vn -0.1261 0.0000 -0.9920
vn -0.2316 0.0000 -0.9728
vn -0.2359 0.0000 -0.9718
vn -0.1274 0.0000 -0.9919
vn -0.1274 0.0000 -0.9919
vn -0.1261 0.0000 -0.9920
vn -0.2316 0.0000 -0.9728
vn -0.2925 0.0000 -0.9563
vn -0.2923 0.0000 -0.9563
vn -0.2359 0.0000 -0.9718
vn -0.2359 0.0000 -0.9718
vn -0.2316 0.0000 -0.9728
vn -0.2925 0.0000 -0.9563
vn -0.1777 0.0000 -0.9841
vn -0.1781 0.0000 -0.9840
vn -0.2923 0.0000 -0.9563
vn -0.2923 0.0000 -0.9563
vn -0.2925 0.0000 -0.9563
vn -0.1777 0.0000 -0.9841
vn -0.1777 0.0000 -0.9841
vn -0.1580 0.0000 -0.9874
vn -0.1468 0.0000 -0.9892
vn -0.1468 0.0000 -0.9892
vn -0.1781 0.0000 -0.9840
vn -0.1777 0.0000 -0.9841
vn -0.2981 -0.0026 0.9545
vn -0.3036 -0.0026 0.9528
vn -0.3561 -0.0024 0.9345
vn -0.3561 -0.0024 0.9345
vn -0.3572 -0.0024 0.9340
vn -0.2981 -0.0026 0.9545
vn -0.1403 -0.0030 0.9901
vn -0.1511 -0.0030 0.9885
vn -0.3036 -0.0026 0.9528
vn -0.3036 -0.0026 0.9528
vn -0.2981 -0.0026 0.9545
vn -0.1403 -0.0030 0.9901
vn -0.1403 -0.0030 0.9901
vn -0.0946 -0.0034 0.9955
vn -0.0774 -0.0034 0.9970
vn -0.0774 -0.0034 0.9970
vn -0.1511 -0.0030 0.9885
vn -0.1403 -0.0030 0.9901
vn -0.6452 -0.0020 0.7640
vn -0.6870 -0.0018 0.7266
vn -0.0774 -0.0034 0.9970
vn -0.0774 -0.0034 0.9970
vn -0.0946 -0.0034 0.9955
vn -0.6452 -0.0020 0.7640
vn -0.6529 -0.0018 0.7574
vn -0.5973 -0.0020 0.8020
vn -0.6870 -0.0018 0.7266
vn -0.6870 -0.0018 0.7266
vn -0.6452 -0.0020 0.7640
vn -0.6529 -0.0018 0.7574
vn -0.6529 -0.0018 0.7574
vn -0.6386 -0.0019 0.7695
vn -0.6382 -0.0019 0.7698
vn -0.6382 -0.0019 0.7698
vn -0.5973 -0.0020 0.8020
vn -0.6529 -0.0018 0.7574
vn -0.6386 -0.0019 0.7695
vn -0.6818 -0.0019 0.7316
vn -0.6820 -0.0019 0.7314
vn -0.6820 -0.0019 0.7314
vn -0.6382 -0.0019 0.7698
vn -0.6386 -0.0019 0.7695
vn -0.6818 -0.0019 0.7316
vn -0.6182 -0.0023 0.7860
vn -0.6181 -0.0023 0.7861
vn -0.6181 -0.0023 0.7861
vn -0.6820 -0.0019 0.7314
vn -0.6818 -0.0019 0.7316
vn -0.6058 -0.0026 0.7956
vn -0.6233 -0.0025 0.7820
vn -0.6181 -0.0023 0.7861
vn -0.6181 -0.0023 0.7861
vn -0.6182 -0.0023 0.7860
vn -0.6058 -0.0026 0.7956
vn -0.6058 -0.0026 0.7956
vn -0.7047 -0.0022 0.7095
vn -0.6778 -0.0023 0.7352
vn -0.6778 -0.0023 0.7352
vn -0.6233 -0.0025 0.7820
vn -0.6058 -0.0026 0.7956
vn -0.7596 -0.0020 0.6504
vn -0.7595 -0.0020 0.6505
vn -0.6778 -0.0023 0.7352
vn -0.6778 -0.0023 0.7352
vn -0.7047 -0.0022 0.7095
vn -0.7596 -0.0020 0.6504
vn 0.5968 0.0059 -0.8023
vn 0.5461 0.0052 -0.8377
vn 0.5476 0.0052 -0.8367
vn 0.5476 0.0052 -0.8367
vn 0.6065 0.0058 -0.7950
vn 0.5968 0.0059 -0.8023
vn 0.6277 0.0074 -0.7784
vn 0.6215 0.0077 -0.7834
vn 0.5476 0.0052 -0.8367
vn 0.5476 0.0052 -0.8367
vn 0.5461 0.0052 -0.8377
vn 0.6277 0.0074 -0.7784
vn 0.6231 0.0098 -0.7821
vn 0.6271 0.0097 -0.7789
vn 0.6215 0.0077 -0.7834
vn 0.6215 0.0077 -0.7834
vn 0.6277 0.0074 -0.7784
vn 0.6231 0.0098 -0.7821
vn 0.6231 0.0098 -0.7821
vn 0.4625 0.0135 -0.8865
vn 0.4658 0.0134 -0.8848
vn 0.4658 0.0134 -0.8848
vn 0.6271 0.0097 -0.7789
vn 0.6231 0.0098 -0.7821
vn 0.4625 0.0135 -0.8865
vn 0.0066 0.0198 -0.9998
vn 0.0080 0.0198 -0.9998
vn 0.0080 0.0198 -0.9998
vn 0.4658 0.0134 -0.8848
vn 0.4625 0.0135 -0.8865
vn 0.0066 0.0198 -0.9998
vn 0.1792 0.0147 -0.9837
vn 0.1743 0.0148 -0.9846
vn 0.1743 0.0148 -0.9846
vn 0.0080 0.0198 -0.9998
vn 0.0066 0.0198 -0.9998
vn 0.1792 0.0147 -0.9837
vn 0.3605 0.0032 -0.9327
vn 0.3604 0.0032 -0.9328
vn 0.3604 0.0032 -0.9328
vn 0.1743 0.0148 -0.9846
vn 0.1792 0.0147 -0.9837
vn -0.0003 0.0000 -1.0000
vn -0.0013 0.0000 -1.0000
vn 0.3604 0.0032 -0.9328
vn 0.3604 0.0032 -0.9328
vn 0.3605 0.0032 -0.9327
vn -0.0003 0.0000 -1.0000
vn 0.0001 0.0000 -1.0000
vn 0.0016 0.0000 -1.0000
vn -0.0013 0.0000 -1.0000
vn -0.0013 0.0000 -1.0000
vn -0.0003 0.0000 -1.0000
vn 0.0001 0.0000 -1.0000
vn -0.0361 0.0000 -0.9993
vn -0.0100 0.0000 -0.9999
vn 0.0016 0.0000 -1.0000
vn 0.0016 0.0000 -1.0000
vn 0.0001 0.0000 -1.0000
vn -0.0361 0.0000 -0.9993
vn -0.0361 0.0000 -0.9993
vn -0.1468 0.0000 -0.9892
vn -0.1580 0.0000 -0.9874
vn -0.1580 0.0000 -0.9874
vn -0.0100 0.0000 -0.9999
vn -0.0361 0.0000 -0.9993
vn 0.7775 -0.0043 0.6289
vn 0.9786 -0.0025 0.2058
vn 0.9785 -0.0025 0.2061
vn 0.9785 -0.0025 0.2061
vn 0.7732 -0.0043 0.6342
vn 0.7775 -0.0043 0.6289
vn 0.8863 -0.0029 0.4631
vn 0.8829 -0.0029 0.4696
vn 0.9785 -0.0025 0.2061
vn 0.9785 -0.0025 0.2061
vn 0.9786 -0.0025 0.2058
vn 0.8863 -0.0029 0.4631
vn 0.6930 -0.0029 0.7209
vn 0.6718 -0.0029 0.7407
vn 0.8829 -0.0029 0.4696
vn 0.8829 -0.0029 0.4696
vn 0.8863 -0.0029 0.4631
vn 0.6930 -0.0029 0.7209
vn 0.3765 -0.0029 0.9264
vn 0.3394 -0.0029 0.9406
vn 0.6718 -0.0029 0.7407
vn 0.6718 -0.0029 0.7407
vn 0.6930 -0.0029 0.7209
vn 0.3765 -0.0029 0.9264
vn 0.3765 -0.0029 0.9264
vn 0.4291 -0.0031 0.9033
vn 0.4159 -0.0031 0.9094
vn 0.4159 -0.0031 0.9094
vn 0.3394 -0.0029 0.9406
vn 0.3765 -0.0029 0.9264
vn 0.3806 -0.0032 0.9248
vn 0.3743 -0.0032 0.9273
vn 0.4159 -0.0031 0.9094
vn 0.4159 -0.0031 0.9094
vn 0.4291 -0.0031 0.9033
vn 0.3806 -0.0032 0.9248
vn 0.3806 -0.0032 0.9248
vn -0.0004 -0.0028 1.0000
vn -0.0003 -0.0028 1.0000
vn -0.0003 -0.0028 1.0000
vn 0.3743 -0.0032 0.9273
vn 0.3806 -0.0032 0.9248
vn -0.0004 -0.0028 1.0000
vn -0.3815 -0.0022 0.9244
vn -0.3278 -0.0023 0.9448
vn -0.3278 -0.0023 0.9448
vn -0.0003 -0.0028 1.0000
vn -0.0004 -0.0028 1.0000
vn -0.3572 -0.0024 0.9340
vn -0.3561 -0.0024 0.9345
vn -0.3278 -0.0023 0.9448
vn -0.3278 -0.0023 0.9448
vn -0.3815 -0.0022 0.9244
vn -0.3572 -0.0024 0.9340
vn 0.0381 -0.9993 -0.0043
vn 0.1133 -0.9931 0.0299
vn 0.0337 -0.9994 -0.0023
vn 0.1123 -0.9924 -0.0499
vn 0.0565 -0.9954 -0.0780
vn 0.0093 -1.0000 -0.0026
vn 0.0093 -1.0000 -0.0026
vn 0.0474 -0.9986 0.0234
vn 0.1123 -0.9924 -0.0499
vn 0.0672 -0.9885 0.1355
vn 0.0726 -0.9898 0.1225
vn -0.0103 -0.9956 0.0936
vn -0.0103 -0.9956 0.0936
vn 0.0887 -0.9939 0.0661
vn 0.0672 -0.9885 0.1355
vn -0.0835 -0.9854 0.1483
vn 0.0672 -0.9885 0.1355
vn 0.0644 -0.9974 0.0329
vn 0.0644 -0.9974 0.0329
vn -0.0309 -0.9995 -0.0079
vn -0.0835 -0.9854 0.1483
vn -0.0289 -0.9910 -0.1309
vn -0.0388 -0.9941 -0.1013
vn 0.0110 -0.9996 -0.0259
vn 0.0110 -0.9996 -0.0259
vn 0.0123 -0.9986 -0.0505
vn -0.0289 -0.9910 -0.1309
vn -0.1696 -0.9801 0.1027
vn -0.0038 -0.9999 -0.0100
vn -0.0038 -0.9999 -0.0100
vn -0.0038 -0.9999 -0.0100
vn -0.0865 -0.9850 0.1491
vn -0.1696 -0.9801 0.1027
vn -0.1777 -0.9828 -0.0507
vn -0.0586 -0.9979 -0.0261
vn -0.0506 -0.9983 0.0303
vn -0.0506 -0.9983 0.0303
vn -0.1352 -0.9903 0.0319
vn -0.1777 -0.9828 -0.0507
vn -0.1352 -0.9903 0.0319
vn -0.0506 -0.9983 0.0303
vn -0.0360 -0.9990 0.0279
vn -0.0360 -0.9990 0.0279
vn -0.0405 -0.9991 0.0111
vn -0.1352 -0.9903 0.0319
vn -0.0566 -0.9968 0.0565
vn 0.0329 -0.9979 -0.0552
vn 0.0310 -0.9978 -0.0584
vn -0.0827 -0.9957 0.0426
vn -0.0587 -0.9905 -0.1247
vn -0.0835 -0.9944 -0.0647
vn 0.1242 -0.9911 -0.0477
vn 0.0667 -0.9968 -0.0440
vn 0.0732 -0.9969 -0.0293
vn 0.0732 -0.9969 -0.0293
vn 0.0767 -0.9968 -0.0225
vn 0.1242 -0.9911 -0.0477
vn 0.1242 -0.9911 -0.0477
vn 0.1659 -0.9860 -0.0168
vn 0.1495 -0.9856 -0.0790
vn 0.1495 -0.9856 -0.0790
vn 0.1132 -0.9904 -0.0798
vn 0.1242 -0.9911 -0.0477
vn 0.1659 -0.9860 -0.0168
vn 0.1666 -0.9850 0.0450
vn 0.0050 -1.0000 0.0074
vn 0.0050 -1.0000 0.0074
vn 0.1495 -0.9856 -0.0790
vn 0.1659 -0.9860 -0.0168
vn 0.0050 -1.0000 0.0074
vn 0.1373 -0.9850 -0.1041
vn 0.1495 -0.9856 -0.0790
vn 0.1287 -0.9845 -0.1192
vn 0.1373 -0.9850 -0.1041
vn 0.0050 -1.0000 0.0074
vn 0.0050 -1.0000 0.0074
vn 0.0911 -0.9847 -0.1484
vn 0.1287 -0.9845 -0.1192
vn 0.0565 -0.9954 -0.0780
vn 0.1287 -0.9845 -0.1192
vn 0.0911 -0.9847 -0.1484
vn 0.0911 -0.9847 -0.1484
vn 0.0406 -0.9928 -0.1129
vn 0.0565 -0.9954 -0.0780
vn 0.0169 -0.9998 0.0092
vn 0.0093 -1.0000 -0.0026
vn 0.0565 -0.9954 -0.0780
vn 0.0565 -0.9954 -0.0780
vn -0.0054 -0.9999 -0.0085
vn 0.0169 -0.9998 0.0092
vn 0.0401 -0.9913 -0.1252
vn 0.0911 -0.9847 -0.1484
vn 0.0542 -0.9832 -0.1744
vn 0.0542 -0.9832 -0.1744
vn 0.0373 -0.9910 -0.1288
vn 0.0401 -0.9913 -0.1252
vn 0.0401 -0.9913 -0.1252
vn 0.0096 -0.9982 -0.0587
vn 0.0160 -0.9984 -0.0542
vn 0.0160 -0.9984 -0.0542
vn -0.0085 -0.9981 -0.0611
vn 0.0401 -0.9913 -0.1252
vn 0.1198 -0.9880 -0.0975
vn 0.1495 -0.9856 -0.0790
vn 0.1373 -0.9850 -0.1041
vn 0.1373 -0.9850 -0.1041
vn 0.1283 -0.9902 -0.0558
vn 0.1198 -0.9880 -0.0975
vn 0.0626 -0.9964 -0.0564
vn 0.1132 -0.9904 -0.0798
vn 0.1198 -0.9880 -0.0975
vn 0.1198 -0.9880 -0.0975
vn 0.0638 -0.9964 -0.0564
vn 0.0626 -0.9964 -0.0564
vn 0.0895 -0.9958 0.0205
vn 0.0691 -0.9965 -0.0464
vn 0.1283 -0.9902 -0.0558
vn 0.0542 -0.9832 -0.1744
vn 0.0911 -0.9847 -0.1484
vn 0.0050 -1.0000 0.0074
vn 0.0050 -1.0000 0.0074
vn 0.0221 -0.9827 -0.1839
vn 0.0542 -0.9832 -0.1744
vn -0.0190 -0.9811 -0.1928
vn 0.0221 -0.9827 -0.1839
vn 0.0050 -1.0000 0.0074
vn 0.0050 -1.0000 0.0074
vn -0.0373 -0.9812 -0.1894
vn -0.0190 -0.9811 -0.1928
vn -0.0441 -0.9806 -0.1912
vn -0.0373 -0.9812 -0.1894
vn 0.0050 -1.0000 0.0074
vn 0.0050 -1.0000 0.0074
vn -0.0797 -0.9831 -0.1651
vn -0.0441 -0.9806 -0.1912
vn 0.0050 -1.0000 0.0074
vn -0.1423 -0.9863 -0.0838
vn -0.1081 -0.9842 -0.1404
vn -0.1081 -0.9842 -0.1404
vn -0.0797 -0.9831 -0.1651
vn 0.0050 -1.0000 0.0074
vn -0.0351 -0.9925 -0.1171
vn -0.0216 -0.9997 -0.0120
vn -0.0021 -0.9999 -0.0127
vn 0.0035 -0.9984 -0.0559
vn 0.0218 -0.9902 -0.1383
vn 0.0105 -0.9901 -0.1398
vn 0.0105 -0.9901 -0.1398
vn -0.0021 -0.9983 -0.0582
vn 0.0035 -0.9984 -0.0559
vn 0.0944 -0.9951 -0.0288
vn 0.0893 -0.9946 -0.0520
vn 0.0017 -0.9921 -0.1253
vn -0.0862 -0.9942 -0.0637
vn -0.0651 -0.9938 -0.0897
vn -0.1081 -0.9842 -0.1404
vn -0.1081 -0.9842 -0.1404
vn -0.1423 -0.9863 -0.0838
vn -0.0862 -0.9942 -0.0637
vn -0.1423 -0.9863 -0.0838
vn -0.0789 -0.9961 -0.0397
vn -0.0888 -0.9938 -0.0662
vn -0.0888 -0.9938 -0.0662
vn -0.0862 -0.9942 -0.0637
vn -0.1423 -0.9863 -0.0838
vn 0.0050 -1.0000 0.0074
vn -0.1881 -0.9821 0.0051
vn -0.1788 -0.9839 -0.0006
vn -0.1788 -0.9839 -0.0006
vn -0.1423 -0.9863 -0.0838
vn 0.0050 -1.0000 0.0074
vn 0.0050 -1.0000 0.0074
vn -0.1705 -0.9846 -0.0376
vn -0.1881 -0.9821 0.0051
vn 0.0050 -1.0000 0.0074
vn -0.1665 -0.9860 -0.0127
vn -0.1979 -0.9749 -0.1017
vn -0.1979 -0.9749 -0.1017
vn -0.1705 -0.9846 -0.0376
vn 0.0050 -1.0000 0.0074
vn 0.0050 -1.0000 0.0074
vn -0.1205 -0.9849 0.1245
vn -0.1314 -0.9856 0.1061
vn -0.1314 -0.9856 0.1061
vn -0.1665 -0.9860 -0.0127
vn 0.0050 -1.0000 0.0074
vn -0.1153 -0.9845 0.1318
vn -0.1205 -0.9849 0.1245
vn 0.0050 -1.0000 0.0074
vn 0.0050 -1.0000 0.0074
vn -0.1117 -0.9852 0.1297
vn -0.1153 -0.9845 0.1318
vn -0.1117 -0.9852 0.1297
vn -0.0938 -0.9837 0.1531
vn -0.0453 -0.9945 0.0949
vn -0.0453 -0.9945 0.0949
vn -0.0563 -0.9972 0.0486
vn -0.1117 -0.9852 0.1297
vn -0.0789 -0.9961 -0.0397
vn -0.1423 -0.9863 -0.0838
vn -0.1788 -0.9839 -0.0006
vn -0.1788 -0.9839 -0.0006
vn -0.1109 -0.9938 0.0061
vn -0.0789 -0.9961 -0.0397
vn 0.0074 -0.9999 -0.0103
vn -0.0789 -0.9961 -0.0397
vn -0.1109 -0.9938 0.0061
vn -0.1109 -0.9938 0.0061
vn 0.0014 -0.9985 0.0547
vn 0.0074 -0.9999 -0.0103
vn -0.0226 -0.9988 0.0437
vn -0.0473 -0.9925 0.1131
vn -0.0575 -0.9888 0.1377
vn -0.0575 -0.9888 0.1377
vn -0.0215 -0.9984 0.0520
vn -0.0226 -0.9988 0.0437
vn -0.0473 -0.9925 0.1131
vn -0.0226 -0.9988 0.0437
vn -0.0389 -0.9988 0.0306
vn -0.0389 -0.9988 0.0306
vn -0.0395 -0.9983 0.0417
vn -0.0473 -0.9925 0.1131
vn -0.0938 -0.9837 0.1531
vn -0.1117 -0.9852 0.1297
vn 0.0050 -1.0000 0.0074
vn 0.0050 -1.0000 0.0074
vn -0.0128 -0.9824 0.1863
vn -0.0938 -0.9837 0.1531
vn 0.0050 -1.0000 0.0074
vn 0.2088 -0.9496 0.2338
vn 0.1423 -0.9643 0.2234
vn 0.1423 -0.9643 0.2234
vn -0.0128 -0.9824 0.1863
vn 0.0050 -1.0000 0.0074
vn 0.1933 -0.9408 0.2785
vn 0.2088 -0.9496 0.2338
vn 0.0050 -1.0000 0.0074
vn 0.0050 -1.0000 0.0074
vn -0.0150 -0.9607 0.2771
vn 0.1933 -0.9408 0.2785
vn -0.1710 -0.9381 0.3011
vn -0.0150 -0.9607 0.2771
vn 0.0050 -1.0000 0.0074
vn 0.0050 -1.0000 0.0074
vn -0.0109 -0.9758 0.2183
vn -0.1710 -0.9381 0.3011
vn 0.0050 -1.0000 0.0074
vn 0.1156 -0.9819 0.1499
vn -0.0109 -0.9758 0.2183
vn 0.1506 -0.9826 0.1088
vn 0.1156 -0.9819 0.1499
vn 0.0050 -1.0000 0.0074
vn 0.0050 -1.0000 0.0074
vn 0.1585 -0.9835 0.0867
vn 0.1506 -0.9826 0.1088
vn 0.0050 -1.0000 0.0074
vn 0.1666 -0.9850 0.0450
vn 0.1620 -0.9829 0.0873
vn 0.1620 -0.9829 0.0873
vn 0.1585 -0.9835 0.0867
vn 0.0050 -1.0000 0.0074
vn 0.1182 -0.9929 -0.0156
vn 0.1133 -0.9931 0.0299
vn 0.1666 -0.9850 0.0450
vn 0.1666 -0.9850 0.0450
vn 0.1659 -0.9860 -0.0168
vn 0.1182 -0.9929 -0.0156
vn 0.1721 -0.9752 0.1393
vn 0.1423 -0.9643 0.2234
vn 0.2088 -0.9496 0.2338
vn 0.2088 -0.9496 0.2338
vn 0.3293 -0.9196 0.2140
vn 0.1721 -0.9752 0.1393
vn 0.1131 -0.9906 0.0767
vn 0.1506 -0.9826 0.1088
vn 0.1396 -0.9885 0.0586
vn 0.1156 -0.9819 0.1499
vn 0.1506 -0.9826 0.1088
vn 0.1131 -0.9906 0.0767
vn 0.1131 -0.9906 0.0767
vn 0.0726 -0.9898 0.1225
vn 0.1156 -0.9819 0.1499
vn -0.0759 -0.9925 0.0961
vn -0.0103 -0.9956 0.0936
vn 0.0726 -0.9898 0.1225
vn 0.0726 -0.9898 0.1225
vn -0.0168 -0.9984 0.0548
vn -0.0759 -0.9925 0.0961
vn 0.0649 -0.9979 0.0021
vn 0.0241 -0.9994 0.0265
vn 0.1131 -0.9906 0.0767
vn -0.0273 -0.9965 0.0786
vn -0.1109 -0.9938 0.0061
vn -0.1352 -0.9903 0.0319
vn -0.1352 -0.9903 0.0319
vn -0.0405 -0.9991 0.0111
vn -0.0273 -0.9965 0.0786
vn -0.0360 -0.9990 0.0279
vn -0.0038 -0.9999 -0.0100
vn -0.0405 -0.9991 0.0111
vn 0.1242 -0.9911 -0.0477
vn 0.0767 -0.9968 -0.0225
vn 0.0631 -0.9971 -0.0416
vn 0.0631 -0.9971 -0.0416
vn 0.1182 -0.9929 -0.0156
vn 0.1242 -0.9911 -0.0477
vn 0.1242 -0.9911 -0.0477
vn 0.1182 -0.9929 -0.0156
vn 0.1659 -0.9860 -0.0168
vn 0.1132 -0.9904 -0.0798
vn 0.0626 -0.9964 -0.0564
vn 0.0667 -0.9968 -0.0440
vn 0.0667 -0.9968 -0.0440
vn 0.1242 -0.9911 -0.0477
vn 0.1132 -0.9904 -0.0798
vn 0.1182 -0.9929 -0.0156
vn 0.0631 -0.9971 -0.0416
vn 0.0400 -0.9963 -0.0759
vn 0.0400 -0.9963 -0.0759
vn 0.0315 -0.9993 -0.0219
vn 0.1182 -0.9929 -0.0156
vn 0.0315 -0.9993 -0.0219
vn 0.0337 -0.9994 -0.0023
vn 0.1133 -0.9931 0.0299
vn 0.1133 -0.9931 0.0299
vn 0.1182 -0.9929 -0.0156
vn 0.0315 -0.9993 -0.0219
vn 0.1198 -0.9880 -0.0975
vn 0.1132 -0.9904 -0.0798
vn 0.1495 -0.9856 -0.0790
vn 0.1249 -0.9897 0.0695
vn 0.1666 -0.9850 0.0450
vn 0.1133 -0.9931 0.0299
vn 0.0691 -0.9965 -0.0464
vn 0.0638 -0.9964 -0.0564
vn 0.1198 -0.9880 -0.0975
vn 0.1198 -0.9880 -0.0975
vn 0.1283 -0.9902 -0.0558
vn 0.0691 -0.9965 -0.0464
vn 0.1620 -0.9829 0.0873
vn 0.1666 -0.9850 0.0450
vn 0.1249 -0.9897 0.0695
vn 0.1249 -0.9897 0.0695
vn 0.1466 -0.9865 0.0733
vn 0.1620 -0.9829 0.0873
vn 0.1466 -0.9865 0.0733
vn 0.1585 -0.9835 0.0867
vn 0.1620 -0.9829 0.0873
vn 0.1283 -0.9902 -0.0558
vn 0.1373 -0.9850 -0.1041
vn 0.1287 -0.9845 -0.1192
vn 0.1287 -0.9845 -0.1192
vn 0.1123 -0.9924 -0.0499
vn 0.1283 -0.9902 -0.0558
vn 0.0358 -0.9898 0.1381
vn 0.1249 -0.9897 0.0695
vn 0.0200 -0.9969 0.0760
vn 0.0358 -0.9898 0.1381
vn 0.0869 -0.9951 0.0461
vn 0.1466 -0.9865 0.0733
vn 0.1466 -0.9865 0.0733
vn 0.1249 -0.9897 0.0695
vn 0.0358 -0.9898 0.1381
vn 0.1396 -0.9885 0.0586
vn 0.1506 -0.9826 0.1088
vn 0.1585 -0.9835 0.0867
vn 0.1585 -0.9835 0.0867
vn 0.1466 -0.9865 0.0733
vn 0.1396 -0.9885 0.0586
vn 0.0565 -0.9954 -0.0780
vn 0.1123 -0.9924 -0.0499
vn 0.1287 -0.9845 -0.1192
vn 0.0474 -0.9986 0.0234
vn 0.0895 -0.9958 0.0205
vn 0.1283 -0.9902 -0.0558
vn 0.1283 -0.9902 -0.0558
vn 0.1123 -0.9924 -0.0499
vn 0.0474 -0.9986 0.0234
vn 0.1396 -0.9885 0.0586
vn 0.1466 -0.9865 0.0733
vn 0.0892 -0.9952 0.0393
vn 0.0892 -0.9952 0.0393
vn 0.0983 -0.9951 0.0082
vn 0.1396 -0.9885 0.0586
vn 0.0401 -0.9913 -0.1252
vn 0.0406 -0.9928 -0.1129
vn 0.0911 -0.9847 -0.1484
vn 0.1396 -0.9885 0.0586
vn 0.0983 -0.9951 0.0082
vn 0.0649 -0.9979 0.0021
vn 0.0649 -0.9979 0.0021
vn 0.1131 -0.9906 0.0767
vn 0.1396 -0.9885 0.0586
vn 0.0221 -0.9827 -0.1839
vn 0.0105 -0.9901 -0.1398
vn 0.0218 -0.9902 -0.1383
vn 0.0218 -0.9902 -0.1383
vn 0.0542 -0.9832 -0.1744
vn 0.0221 -0.9827 -0.1839
vn 0.0218 -0.9902 -0.1383
vn 0.0373 -0.9910 -0.1288
vn 0.0542 -0.9832 -0.1744
vn 0.0406 -0.9928 -0.1129
vn 0.0401 -0.9913 -0.1252
vn -0.0085 -0.9981 -0.0611
vn -0.0085 -0.9981 -0.0611
vn -0.0315 -0.9984 -0.0479
vn 0.0406 -0.9928 -0.1129
vn -0.0315 -0.9984 -0.0479
vn -0.0054 -0.9999 -0.0085
vn 0.0565 -0.9954 -0.0780
vn 0.0565 -0.9954 -0.0780
vn 0.0406 -0.9928 -0.1129
vn -0.0315 -0.9984 -0.0479
vn -0.0190 -0.9811 -0.1928
vn 0.0017 -0.9921 -0.1253
vn 0.0105 -0.9901 -0.1398
vn 0.0105 -0.9901 -0.1398
vn 0.0221 -0.9827 -0.1839
vn -0.0190 -0.9811 -0.1928
vn 0.0096 -0.9982 -0.0587
vn 0.0401 -0.9913 -0.1252
vn 0.0373 -0.9910 -0.1288
vn 0.0373 -0.9910 -0.1288
vn 0.0110 -0.9980 -0.0616
vn 0.0096 -0.9982 -0.0587
vn 0.0218 -0.9902 -0.1383
vn 0.0173 -0.9983 -0.0559
vn 0.0110 -0.9980 -0.0616
vn 0.0110 -0.9980 -0.0616
vn 0.0373 -0.9910 -0.1288
vn 0.0218 -0.9902 -0.1383
vn 0.1156 -0.9819 0.1499
vn 0.0726 -0.9898 0.1225
vn 0.0672 -0.9885 0.1355
vn 0.0672 -0.9885 0.1355
vn -0.0109 -0.9758 0.2183
vn 0.1156 -0.9819 0.1499
vn 0.0726 -0.9898 0.1225
vn 0.1131 -0.9906 0.0767
vn 0.0241 -0.9994 0.0265
vn 0.0241 -0.9994 0.0265
vn -0.0168 -0.9984 0.0548
vn 0.0726 -0.9898 0.1225
vn -0.0373 -0.9812 -0.1894
vn -0.0399 -0.9900 -0.1351
vn -0.0351 -0.9925 -0.1171
vn -0.0351 -0.9925 -0.1171
vn -0.0190 -0.9811 -0.1928
vn -0.0373 -0.9812 -0.1894
vn -0.0351 -0.9925 -0.1171
vn 0.0017 -0.9921 -0.1253
vn -0.0190 -0.9811 -0.1928
vn 0.0218 -0.9902 -0.1383
vn 0.0035 -0.9984 -0.0559
vn 0.0173 -0.9983 -0.0559
vn -0.0835 -0.9854 0.1483
vn -0.0109 -0.9758 0.2183
vn 0.0672 -0.9885 0.1355
vn -0.0835 -0.9854 0.1483
vn -0.1632 -0.9478 0.2740
vn -0.1710 -0.9381 0.3011
vn -0.1710 -0.9381 0.3011
vn -0.0109 -0.9758 0.2183
vn -0.0835 -0.9854 0.1483
vn -0.0399 -0.9900 -0.1351
vn -0.0373 -0.9812 -0.1894
vn -0.0441 -0.9806 -0.1912
vn -0.0441 -0.9806 -0.1912
vn -0.0289 -0.9910 -0.1309
vn -0.0399 -0.9900 -0.1351
vn 0.0017 -0.9921 -0.1253
vn -0.0351 -0.9925 -0.1171
vn -0.0021 -0.9999 -0.0127
vn -0.0021 -0.9999 -0.0127
vn 0.0944 -0.9951 -0.0288
vn 0.0017 -0.9921 -0.1253
vn 0.0017 -0.9921 -0.1253
vn 0.0893 -0.9946 -0.0520
vn -0.0021 -0.9983 -0.0582
vn -0.0021 -0.9983 -0.0582
vn 0.0105 -0.9901 -0.1398
vn 0.0017 -0.9921 -0.1253
vn 0.0644 -0.9974 0.0329
vn 0.0672 -0.9885 0.1355
vn 0.0887 -0.9939 0.0661
vn -0.0797 -0.9831 -0.1651
vn -0.0388 -0.9941 -0.1013
vn -0.0289 -0.9910 -0.1309
vn -0.0289 -0.9910 -0.1309
vn -0.0441 -0.9806 -0.1912
vn -0.0797 -0.9831 -0.1651
vn -0.0166 -0.9986 -0.0511
vn -0.0289 -0.9910 -0.1309
vn 0.0123 -0.9986 -0.0505
vn -0.0166 -0.9986 -0.0511
vn -0.0313 -0.9991 -0.0282
vn -0.0399 -0.9900 -0.1351
vn -0.0399 -0.9900 -0.1351
vn -0.0289 -0.9910 -0.1309
vn -0.0166 -0.9986 -0.0511
vn -0.0216 -0.9997 -0.0120
vn -0.0351 -0.9925 -0.1171
vn -0.0399 -0.9900 -0.1351
vn -0.0399 -0.9900 -0.1351
vn -0.0313 -0.9991 -0.0282
vn -0.0216 -0.9997 -0.0120
vn -0.0150 -0.9607 0.2771
vn -0.1710 -0.9381 0.3011
vn -0.1632 -0.9478 0.2740
vn -0.1632 -0.9478 0.2740
vn 0.1221 -0.9501 0.2872
vn -0.0150 -0.9607 0.2771
vn 0.1221 -0.9501 0.2872
vn 0.2088 -0.9496 0.2338
vn 0.1933 -0.9408 0.2785
vn 0.1933 -0.9408 0.2785
vn -0.0150 -0.9607 0.2771
vn 0.1221 -0.9501 0.2872
vn -0.1696 -0.9801 0.1027
vn -0.0865 -0.9850 0.1491
vn -0.1632 -0.9478 0.2740
vn -0.1632 -0.9478 0.2740
vn -0.0835 -0.9854 0.1483
vn -0.1696 -0.9801 0.1027
vn -0.0309 -0.9995 -0.0079
vn -0.1532 -0.9881 -0.0112
vn -0.1696 -0.9801 0.1027
vn -0.1696 -0.9801 0.1027
vn -0.0835 -0.9854 0.1483
vn -0.0309 -0.9995 -0.0079
vn -0.0651 -0.9938 -0.0897
vn -0.0388 -0.9941 -0.1013
vn -0.0797 -0.9831 -0.1651
vn -0.0797 -0.9831 -0.1651
vn -0.1081 -0.9842 -0.1404
vn -0.0651 -0.9938 -0.0897
vn 0.0110 -0.9996 -0.0259
vn -0.0388 -0.9941 -0.1013
vn -0.0014 -1.0000 -0.0072
vn 0.1221 -0.9501 0.2872
vn 0.1543 -0.9771 0.1465
vn 0.3293 -0.9196 0.2140
vn 0.3293 -0.9196 0.2140
vn 0.2088 -0.9496 0.2338
vn 0.1221 -0.9501 0.2872
vn -0.1532 -0.9881 -0.0112
vn -0.0309 -0.9995 -0.0079
vn 0.1368 -0.9463 -0.2931
vn 0.1368 -0.9463 -0.2931
vn 0.1368 -0.9463 -0.2931
vn -0.1532 -0.9881 -0.0112
vn -0.0897 -0.9954 0.0330
vn -0.0862 -0.9942 -0.0637
vn -0.0927 -0.9956 0.0124
vn -0.0897 -0.9954 0.0330
vn -0.0016 -1.0000 -0.0070
vn -0.0651 -0.9938 -0.0897
vn -0.0651 -0.9938 -0.0897
vn -0.0862 -0.9942 -0.0637
vn -0.0897 -0.9954 0.0330
vn -0.0016 -1.0000 -0.0070
vn -0.0014 -1.0000 -0.0072
vn -0.0388 -0.9941 -0.1013
vn -0.0388 -0.9941 -0.1013
vn -0.0651 -0.9938 -0.0897
vn -0.0016 -1.0000 -0.0070
vn 0.0520 -0.9940 0.0960
vn -0.0128 -0.9824 0.1863
vn 0.1423 -0.9643 0.2234
vn 0.1423 -0.9643 0.2234
vn 0.1721 -0.9752 0.1393
vn 0.0520 -0.9940 0.0960
vn 0.1633 -0.9860 0.0326
vn 0.1721 -0.9752 0.1393
vn 0.3293 -0.9196 0.2140
vn 0.3293 -0.9196 0.2140
vn 0.1543 -0.9771 0.1465
vn 0.1633 -0.9860 0.0326
vn 0.0520 -0.9940 0.0960
vn -0.0416 -0.9939 0.1024
vn -0.0128 -0.9824 0.1863
vn 0.0520 -0.9940 0.0960
vn 0.0299 -0.9994 0.0163
vn -0.0562 -0.9984 -0.0045
vn -0.0705 -0.9960 -0.0551
vn -0.0705 -0.9960 -0.0551
vn 0.1633 -0.9860 0.0326
vn 0.1633 -0.9860 0.0326
vn 0.1543 -0.9771 0.1465
vn -0.0705 -0.9960 -0.0551
vn 0.0299 -0.9994 0.0163
vn 0.0520 -0.9940 0.0960
vn 0.1721 -0.9752 0.1393
vn 0.1721 -0.9752 0.1393
vn 0.1633 -0.9860 0.0326
vn 0.0299 -0.9994 0.0163
vn -0.1352 -0.9903 0.0319
vn -0.1109 -0.9938 0.0061
vn -0.1788 -0.9839 -0.0006
vn 0.0099 -0.9995 -0.0305
vn 0.0134 -0.9976 -0.0685
vn -0.0888 -0.9938 -0.0662
vn -0.0888 -0.9938 -0.0662
vn -0.0789 -0.9961 -0.0397
vn 0.0099 -0.9995 -0.0305
vn -0.0103 -0.9980 -0.0631
vn -0.0888 -0.9938 -0.0662
vn 0.0134 -0.9976 -0.0685
vn -0.0575 -0.9888 0.1377
vn -0.0938 -0.9837 0.1531
vn -0.0128 -0.9824 0.1863
vn -0.0128 -0.9824 0.1863
vn -0.0416 -0.9939 0.1024
vn -0.0575 -0.9888 0.1377
vn -0.1240 -0.9919 -0.0267
vn -0.0787 -0.9968 0.0114
vn -0.0416 -0.9939 0.1024
vn -0.0416 -0.9939 0.1024
vn -0.0721 -0.9972 -0.0182
vn -0.1240 -0.9919 -0.0267
vn 0.0520 -0.9940 0.0960
vn -0.0562 -0.9984 -0.0045
vn -0.0721 -0.9972 -0.0182
vn -0.0721 -0.9972 -0.0182
vn -0.0416 -0.9939 0.1024
vn 0.0520 -0.9940 0.0960
vn -0.1352 -0.9903 0.0319
vn -0.1788 -0.9839 -0.0006
vn -0.1881 -0.9821 0.0051
vn -0.1881 -0.9821 0.0051
vn -0.1777 -0.9828 -0.0507
vn -0.1352 -0.9903 0.0319
vn -0.1109 -0.9938 0.0061
vn -0.0273 -0.9965 0.0786
vn 0.0014 -0.9985 0.0547
vn -0.0789 -0.9961 -0.0397
vn 0.0074 -0.9999 -0.0103
vn 0.0099 -0.9995 -0.0305
vn -0.0938 -0.9837 0.1531
vn -0.0575 -0.9888 0.1377
vn -0.0473 -0.9925 0.1131
vn -0.0473 -0.9925 0.1131
vn -0.0453 -0.9945 0.0949
vn -0.0938 -0.9837 0.1531
vn -0.0215 -0.9984 0.0520
vn -0.0575 -0.9888 0.1377
vn -0.0416 -0.9939 0.1024
vn -0.0416 -0.9939 0.1024
vn -0.0787 -0.9968 0.0114
vn -0.0215 -0.9984 0.0520
vn -0.1979 -0.9749 -0.1017
vn -0.1665 -0.9860 -0.0127
vn -0.0877 -0.9950 -0.0483
vn -0.0877 -0.9950 -0.0483
vn -0.1777 -0.9828 -0.0507
vn -0.1979 -0.9749 -0.1017
vn -0.1777 -0.9828 -0.0507
vn -0.1881 -0.9821 0.0051
vn -0.1705 -0.9846 -0.0376
vn -0.1705 -0.9846 -0.0376
vn -0.1979 -0.9749 -0.1017
vn -0.1777 -0.9828 -0.0507
vn -0.0563 -0.9972 0.0486
vn -0.0566 -0.9968 0.0565
vn -0.1153 -0.9845 0.1318
vn -0.1153 -0.9845 0.1318
vn -0.1117 -0.9852 0.1297
vn -0.0563 -0.9972 0.0486
vn -0.0395 -0.9983 0.0417
vn 0.1196 -0.9814 0.1503
vn -0.0453 -0.9945 0.0949
vn -0.0453 -0.9945 0.0949
vn -0.0473 -0.9925 0.1131
vn -0.0395 -0.9983 0.0417
vn -0.1665 -0.9860 -0.0127
vn -0.0799 -0.9944 0.0687
vn -0.0604 -0.9973 0.0419
vn -0.0604 -0.9973 0.0419
vn -0.0877 -0.9950 -0.0483
vn -0.1665 -0.9860 -0.0127
vn -0.0566 -0.9968 0.0565
vn -0.1205 -0.9849 0.1245
vn -0.1153 -0.9845 0.1318
vn 0.0329 -0.9979 -0.0552
vn -0.0566 -0.9968 0.0565
vn -0.0563 -0.9972 0.0486
vn -0.0563 -0.9972 0.0486
vn 0.0342 -0.9980 -0.0537
vn 0.0329 -0.9979 -0.0552
vn 0.1584 -0.9832 0.0907
vn -0.0453 -0.9945 0.0949
vn 0.1196 -0.9814 0.1503
vn 0.1584 -0.9832 0.0907
vn 0.0342 -0.9980 -0.0537
vn -0.0563 -0.9972 0.0486
vn -0.0563 -0.9972 0.0486
vn -0.0453 -0.9945 0.0949
vn 0.1584 -0.9832 0.0907
vn -0.1314 -0.9856 0.1061
vn -0.0827 -0.9957 0.0426
vn -0.0799 -0.9944 0.0687
vn -0.0799 -0.9944 0.0687
vn -0.1665 -0.9860 -0.0127
vn -0.1314 -0.9856 0.1061
vn 0.0221 -0.9997 -0.0120
vn 0.0190 -0.9922 -0.1236
vn -0.0877 -0.9950 -0.0483
vn -0.0877 -0.9950 -0.0483
vn -0.0604 -0.9973 0.0419
vn 0.0221 -0.9997 -0.0120
vn -0.1205 -0.9849 0.1245
vn -0.0566 -0.9968 0.0565
vn -0.0827 -0.9957 0.0426
vn -0.0827 -0.9957 0.0426
vn -0.1314 -0.9856 0.1061
vn -0.1205 -0.9849 0.1245
vn -0.0827 -0.9957 0.0426
vn -0.0566 -0.9968 0.0565
vn 0.0310 -0.9978 -0.0584
vn 0.0310 -0.9978 -0.0584
vn -0.0587 -0.9905 -0.1247
vn -0.0827 -0.9957 0.0426
vn 0.0210 -0.9996 -0.0174
vn 0.0221 -0.9997 -0.0120
vn -0.0604 -0.9973 0.0419
vn -0.0604 -0.9973 0.0419
vn 0.0354 -0.9981 0.0505
vn 0.0210 -0.9996 -0.0174
vn -0.0799 -0.9944 0.0687
vn 0.0159 -0.9968 0.0785
vn 0.0354 -0.9981 0.0505
vn 0.0354 -0.9981 0.0505
vn -0.0604 -0.9973 0.0419
vn -0.0799 -0.9944 0.0687
vn -0.0466 -0.9970 -0.0619
vn -0.0877 -0.9950 -0.0483
vn -0.0103 -0.9532 -0.3022
vn -0.0103 -0.9532 -0.3022
vn -0.0376 -0.9978 -0.0537
vn -0.0466 -0.9970 -0.0619
vn -0.0103 -0.9532 -0.3022
vn -0.0038 -0.9999 -0.0100
vn -0.0376 -0.9978 -0.0537
vn -0.0799 -0.9944 0.0687
vn -0.0827 -0.9957 0.0426
vn -0.0835 -0.9944 -0.0647
vn -0.0835 -0.9944 -0.0647
vn -0.0352 -0.9991 0.0217
vn -0.0799 -0.9944 0.0687
vn -0.0799 -0.9944 0.0687
vn -0.0352 -0.9991 0.0217
vn 0.0159 -0.9968 0.0785
vn 0.1249 -0.9897 0.0695
vn 0.1133 -0.9931 0.0299
vn 0.0381 -0.9993 -0.0043
vn 0.0381 -0.9993 -0.0043
vn 0.0369 -0.9993 0.0027
vn 0.1249 -0.9897 0.0695
vn 0.1249 -0.9897 0.0695
vn 0.0369 -0.9993 0.0027
vn 0.0397 -0.9992 -0.0032
vn 0.0397 -0.9992 -0.0032
vn 0.0200 -0.9969 0.0760
vn 0.1249 -0.9897 0.0695
vn 0.1466 -0.9865 0.0733
vn 0.0869 -0.9951 0.0461
vn 0.0859 -0.9955 0.0405
vn 0.0859 -0.9955 0.0405
vn 0.0892 -0.9952 0.0393
vn 0.1466 -0.9865 0.0733
vn -0.0862 -0.9942 -0.0637
vn -0.0362 -0.9988 -0.0332
vn -0.0378 -0.9988 -0.0310
vn -0.0378 -0.9988 -0.0310
vn -0.0927 -0.9956 0.0124
vn -0.0862 -0.9942 -0.0637
vn -0.0862 -0.9942 -0.0637
vn -0.0888 -0.9938 -0.0662
vn -0.0103 -0.9980 -0.0631
vn -0.0103 -0.9980 -0.0631
vn -0.0362 -0.9988 -0.0332
vn -0.0862 -0.9942 -0.0637
vn 0.3464 -0.9364 0.0562
vn 0.0299 -0.9994 0.0163
vn 0.1633 -0.9860 0.0326
vn 0.0299 -0.9994 0.0163
vn 0.3464 -0.9364 0.0562
vn 0.4277 -0.8919 0.1467
vn 0.4277 -0.8919 0.1467
vn 0.4277 -0.8919 0.1467
vn 0.0299 -0.9994 0.0163
vn -0.0466 -0.9970 -0.0619
vn -0.0586 -0.9979 -0.0261
vn -0.1777 -0.9828 -0.0507
vn -0.1777 -0.9828 -0.0507
vn -0.0877 -0.9950 -0.0483
vn -0.0466 -0.9970 -0.0619
vn -0.0877 -0.9950 -0.0483
vn 0.0190 -0.9922 -0.1236
vn -0.0103 -0.9532 -0.3022
vn 0.1221 -0.9501 0.2872
vn -0.1632 -0.9478 0.2740
vn -0.0865 -0.9850 0.1491
vn -0.0865 -0.9850 0.1491
vn 0.1543 -0.9771 0.1465
vn 0.1221 -0.9501 0.2872
# 2244 vertex normals

vt 0.3311 0.9947 0.0000
vt 0.3325 0.9947 0.0000
vt 0.3362 0.9947 0.0000
vt 0.0526 0.9854 0.0000
vt 0.0106 0.9854 0.0000
vt 0.0526 0.9937 0.0000
vt 0.0106 0.9937 0.0000
vt 0.0424 0.9819 0.0000
vt 0.0080 0.9819 0.0000
vt 0.0424 0.9918 0.0000
vt 0.0080 0.9918 0.0000
vt 0.0081 0.9848 0.0000
vt 0.0081 0.9939 0.0000
vt 0.0335 0.9848 0.0000
vt 0.0335 0.9939 0.0000
vt 0.0448 0.9848 0.0000
vt 0.0448 0.9939 0.0000
vt 0.0072 0.9940 0.0000
vt 0.0673 0.9940 0.0000
vt 0.0072 0.9838 0.0000
vt 0.0673 0.9838 0.0000
vt 0.1177 0.9940 0.0000
vt 0.1177 0.9838 0.0000
vt 0.1591 0.9940 0.0000
vt 0.1591 0.9838 0.0000
vt 0.1957 0.9940 0.0000
vt 0.1957 0.9838 0.0000
vt 0.2345 0.9940 0.0000
vt 0.2344 0.9838 0.0000
vt 0.2893 0.9940 0.0000
vt 0.2893 0.9838 0.0000
vt 0.3318 0.9940 0.0000
vt 0.3318 0.9838 0.0000
vt 0.3979 0.9940 0.0000
vt 0.3979 0.9838 0.0000
vt 0.1153 0.9918 0.0000
vt 0.1465 0.9918 0.0000
vt 0.1153 0.9819 0.0000
vt 0.1465 0.9819 0.0000
vt 0.1743 0.9918 0.0000
vt 0.1743 0.9819 0.0000
vt 0.2024 0.9918 0.0000
vt 0.2024 0.9819 0.0000
vt 0.2369 0.9819 0.0000
vt 0.2369 0.9918 0.0000
vt 0.2651 0.9918 0.0000
vt 0.2651 0.9819 0.0000
vt 0.3435 0.9819 0.0000
vt 0.3435 0.9918 0.0000
vt 0.3833 0.9918 0.0000
vt 0.3833 0.9819 0.0000
vt 0.0659 0.9819 0.0000
vt 0.0659 0.9918 0.0000
vt 0.0795 0.9819 0.0000
vt 0.0795 0.9918 0.0000
vt 0.3069 0.9823 0.0000
vt 0.3042 0.9947 0.0000
vt 0.3206 0.9823 0.0000
vt 0.3174 0.9947 0.0000
vt 0.3362 0.9823 0.0000
vt 0.0087 0.9957 0.0000
vt 0.0630 0.9951 0.0000
vt 0.0087 0.9877 0.0000
vt 0.0630 0.9870 0.0000
vt 0.0981 0.9947 0.0000
vt 0.0981 0.9866 0.0000
vt 0.1725 0.9857 0.0000
vt 0.1726 0.9942 0.0000
vt 0.2455 0.9847 0.0000
vt 0.2456 0.9942 0.0000
vt 0.3040 0.9840 0.0000
vt 0.3042 0.9942 0.0000
vt 0.3308 0.9836 0.0000
vt 0.3311 0.9942 0.0000
vt 0.3601 0.9832 0.0000
vt 0.3601 0.9942 0.0000
vt 0.3828 0.9829 0.0000
vt 0.3831 0.9942 0.0000
vt 0.0728 0.9848 0.0000
vt 0.0728 0.9939 0.0000
vt 0.1059 0.9848 0.0000
vt 0.1059 0.9939 0.0000
vt 0.1230 0.9848 0.0000
vt 0.1231 0.9939 0.0000
vt 0.1475 0.9848 0.0000
vt 0.1475 0.9939 0.0000
vt 0.1793 0.9939 0.0000
vt 0.1793 0.9848 0.0000
vt 0.2134 0.9848 0.0000
vt 0.2134 0.9939 0.0000
vt 0.2634 0.9848 0.0000
vt 0.2634 0.9939 0.0000
vt 0.3037 0.9848 0.0000
vt 0.3037 0.9939 0.0000
vt 0.3293 0.9848 0.0000
vt 0.3293 0.9939 0.0000
vt 0.3958 0.9848 0.0000
vt 0.3958 0.9939 0.0000
vt 0.3032 0.9423 0.0000
vt 0.3086 0.9270 0.0000
vt 0.2905 0.9525 0.0000
vt 0.3091 0.9089 0.0000
vt 0.2712 0.9582 0.0000
vt 0.2837 0.8940 0.0000
vt 0.2551 0.9613 0.0000
vt 0.2507 0.8849 0.0000
vt 0.2112 0.9492 0.0000
vt 0.1915 0.9370 0.0000
vt 0.2174 0.8683 0.0000
vt 0.1741 0.9314 0.0000
vt 0.1525 0.9182 0.0000
vt 0.1379 0.9001 0.0000
vt 0.1755 0.8329 0.0000
vt 0.1203 0.8900 0.0000
vt 0.1616 0.8176 0.0000
vt 0.0925 0.8594 0.0000
vt 0.0779 0.8217 0.0000
vt 0.1415 0.7771 0.0000
vt 0.0656 0.8054 0.0000
vt 0.0582 0.7867 0.0000
vt 0.0508 0.7761 0.0000
vt 0.1166 0.7383 0.0000
vt 0.0424 0.7550 0.0000
vt 0.0324 0.7537 0.0000
vt 0.0219 0.7439 0.0000
vt 0.0194 0.7341 0.0000
vt 0.1058 0.7139 0.0000
vt 0.0206 0.7261 0.0000
vt 0.0130 0.7112 0.0000
vt 0.0923 0.6528 0.0000
vt 0.0063 0.6692 0.0000
vt 0.0000 0.6396 0.0000
vt 0.0981 0.6179 0.0000
vt 0.0000 0.6094 0.0000
vt 0.0126 0.5881 0.0000
vt 0.0231 0.5605 0.0000
vt 0.1097 0.5935 0.0000
vt 0.0419 0.5439 0.0000
vt 0.1304 0.5686 0.0000
vt 0.0499 0.5251 0.0000
vt 0.0633 0.5129 0.0000
vt 0.1436 0.5439 0.0000
vt 0.0684 0.4946 0.0000
vt 0.0859 0.4736 0.0000
vt 0.1577 0.5232 0.0000
vt 0.0900 0.4531 0.0000
vt 0.1825 0.4893 0.0000
vt 0.1106 0.4277 0.0000
vt 0.1274 0.4209 0.0000
vt 0.1393 0.4097 0.0000
vt 0.1968 0.4800 0.0000
vt 0.1711 0.3882 0.0000
vt 0.2297 0.4600 0.0000
vt 0.1829 0.3770 0.0000
vt 0.2073 0.3721 0.0000
vt 0.2478 0.4521 0.0000
vt 0.2314 0.3765 0.0000
vt 0.2842 0.4443 0.0000
vt 0.2556 0.3618 0.0000
vt 0.2839 0.3564 0.0000
vt 0.3208 0.4395 0.0000
vt 0.3047 0.3604 0.0000
vt 0.3518 0.4375 0.0000
vt 0.3459 0.3521 0.0000
vt 0.3638 0.3564 0.0000
vt 0.3965 0.3589 0.0000
vt 0.4065 0.4473 0.0000
vt 0.4380 0.3711 0.0000
vt 0.4404 0.4575 0.0000
vt 0.4641 0.3794 0.0000
vt 0.5112 0.3877 0.0000
vt 0.4978 0.4658 0.0000
vt 0.5405 0.3901 0.0000
vt 0.5938 0.3994 0.0000
vt 0.5576 0.4854 0.0000
vt 0.6206 0.4165 0.0000
vt 0.6387 0.4399 0.0000
vt 0.5732 0.4976 0.0000
vt 0.6519 0.4409 0.0000
vt 0.6133 0.5269 0.0000
vt 0.6748 0.4507 0.0000
vt 0.6870 0.4619 0.0000
vt 0.6929 0.4805 0.0000
vt 0.7095 0.4917 0.0000
vt 0.6299 0.5569 0.0000
vt 0.7207 0.5217 0.0000
vt 0.7305 0.5415 0.0000
vt 0.6411 0.5891 0.0000
vt 0.7334 0.5815 0.0000
vt 0.6382 0.6284 0.0000
vt 0.7256 0.6199 0.0000
vt 0.7212 0.6509 0.0000
vt 0.6294 0.6680 0.0000
vt 0.7139 0.6643 0.0000
vt 0.6997 0.6909 0.0000
vt 0.7148 0.6802 0.0000
vt 0.6836 0.6899 0.0000
vt 0.6133 0.7029 0.0000
vt 0.6807 0.6963 0.0000
vt 0.6948 0.7065 0.0000
vt 0.6543 0.7422 0.0000
vt 0.7285 0.7327 0.0000
vt 0.7148 0.7114 0.0000
vt 0.7236 0.7183 0.0000
vt 0.7441 0.7456 0.0000
vt 0.7520 0.7655 0.0000
vt 0.6538 0.7708 0.0000
vt 0.7490 0.7970 0.0000
vt 0.7358 0.8187 0.0000
vt 0.6392 0.7981 0.0000
vt 0.7295 0.8335 0.0000
vt 0.6978 0.8607 0.0000
vt 0.6899 0.8729 0.0000
vt 0.6099 0.8278 0.0000
vt 0.6567 0.8915 0.0000
vt 0.6382 0.9113 0.0000
vt 0.5708 0.8564 0.0000
vt 0.6226 0.9202 0.0000
vt 0.5444 0.8802 0.0000
vt 0.6089 0.9405 0.0000
vt 0.5923 0.9476 0.0000
vt 0.5298 0.8935 0.0000
vt 0.5786 0.9671 0.0000
vt 0.5605 0.9771 0.0000
vt 0.5127 0.9058 0.0000
vt 0.5459 0.9723 0.0000
vt 0.5317 0.9820 0.0000
vt 0.4875 0.9084 0.0000
vt 0.5098 0.9822 0.0000
vt 0.4597 0.9230 0.0000
vt 0.4897 1.0000 0.0000
vt 0.4658 1.0000 0.0000
vt 0.4465 1.0000 0.0000
vt 0.4272 0.9230 0.0000
vt 0.4277 0.9814 0.0000
vt 0.4128 0.9798 0.0000
vt 0.4021 0.9079 0.0000
vt 0.4080 0.8461 0.0000
vt 0.4294 0.8461 0.0000
vt 0.4648 0.8346 0.0000
vt 0.4807 0.8199 0.0000
vt 0.5034 0.8016 0.0000
vt 0.5298 0.7826 0.0000
vt 0.5493 0.7628 0.0000
vt 0.5591 0.7446 0.0000
vt 0.5566 0.7190 0.0000
vt 0.5317 0.6995 0.0000
vt 0.5449 0.6714 0.0000
vt 0.5513 0.6370 0.0000
vt 0.5396 0.5918 0.0000
vt 0.5220 0.5713 0.0000
vt 0.4949 0.5542 0.0000
vt 0.4548 0.5410 0.0000
vt 0.4167 0.5356 0.0000
vt 0.3577 0.5222 0.0000
vt 0.3125 0.5269 0.0000
vt 0.2883 0.5320 0.0000
vt 0.2542 0.5508 0.0000
vt 0.2296 0.5728 0.0000
vt 0.2189 0.5933 0.0000
vt 0.1962 0.6262 0.0000
vt 0.1846 0.6658 0.0000
vt 0.1912 0.7017 0.0000
vt 0.2008 0.7229 0.0000
vt 0.2174 0.7488 0.0000
vt 0.2308 0.7758 0.0000
vt 0.2607 0.8052 0.0000
vt 0.2903 0.8207 0.0000
vt 0.3123 0.8267 0.0000
vt 0.3242 0.8547 0.0000
vt 0.3406 0.8884 0.0000
vt 0.3350 0.9008 0.0000
vt 0.3298 0.9069 0.0000
vt 0.3628 0.8398 0.0000
vt 0.3606 0.8891 0.0000
vt 0.3848 0.8798 0.0000
vt 0.3784 0.9235 0.0000
vt 0.3611 0.9068 0.0000
vt 0.3660 0.9190 0.0000
vt 0.3799 0.9348 0.0000
vt 0.3857 0.9556 0.0000
vt 0.3955 0.9673 0.0000
vt 0.4128 0.9798 0.0000
vt 0.3857 0.9556 0.0000
vt 0.3911 0.8359 0.0000
vt 0.3691 0.6921 0.0000
vt 0.3391 0.8005 0.0000
vt 0.3650 0.7906 0.0000
vt 0.3984 0.9854 0.0000
vt 0.3530 0.9854 0.0000
vt 0.3984 0.9937 0.0000
vt 0.3528 0.9937 0.0000
vt 0.2974 0.9854 0.0000
vt 0.2969 0.9937 0.0000
vt 0.2411 0.9937 0.0000
vt 0.2415 0.9854 0.0000
vt 0.1626 0.9854 0.0000
vt 0.1622 0.9937 0.0000
vt 0.1313 0.9854 0.0000
vt 0.1312 0.9937 0.0000
vt 0.1166 0.9854 0.0000
vt 0.1166 0.9937 0.0000
vt 0.0979 0.9854 0.0000
vt 0.0979 0.9937 0.0000
vt 0.0712 0.9854 0.0000
vt 0.0711 0.9937 0.0000
vt 0.3955 0.9918 0.0000
vt 0.3955 0.9820 0.0000
vt 0.3730 0.9918 0.0000
vt 0.3730 0.9820 0.0000
vt 0.3381 0.9918 0.0000
vt 0.3381 0.9820 0.0000
vt 0.3030 0.9918 0.0000
vt 0.3030 0.9820 0.0000
vt 0.2330 0.9820 0.0000
vt 0.2330 0.9918 0.0000
vt 0.1614 0.9918 0.0000
vt 0.1614 0.9820 0.0000
vt 0.1261 0.9918 0.0000
vt 0.1261 0.9820 0.0000
vt 0.0861 0.9918 0.0000
vt 0.0861 0.9820 0.0000
vt 0.0422 0.9918 0.0000
vt 0.0422 0.9820 0.0000
vt 0.0105 0.9820 0.0000
vt 0.0105 0.9918 0.0000
vt 0.4014 0.9810 0.0000
vt 0.3801 0.9811 0.0000
vt 0.4014 0.9935 0.0000
vt 0.3801 0.9937 0.0000
vt 0.3660 0.9817 0.0000
vt 0.3660 0.9943 0.0000
vt 0.3491 0.9820 0.0000
vt 0.3491 0.9945 0.0000
vt 0.3230 0.9945 0.0000
vt 0.3230 0.9820 0.0000
vt 0.3098 0.9944 0.0000
vt 0.3098 0.9819 0.0000
vt 0.2817 0.9825 0.0000
vt 0.2817 0.9950 0.0000
vt 0.2480 0.9953 0.0000
vt 0.2480 0.9827 0.0000
vt 0.1921 0.9823 0.0000
vt 0.1921 0.9949 0.0000
vt 0.1628 0.9945 0.0000
vt 0.1628 0.9820 0.0000
vt 0.1132 0.9942 0.0000
vt 0.1132 0.9817 0.0000
vt 0.0840 0.9941 0.0000
vt 0.0840 0.9816 0.0000
vt 0.0382 0.9940 0.0000
vt 0.0382 0.9815 0.0000
vt 0.0055 0.9811 0.0000
vt 0.0055 0.9936 0.0000
vt 0.3328 0.9933 0.0000
vt 0.3328 0.9832 0.0000
vt 0.3037 0.9933 0.0000
vt 0.3037 0.9832 0.0000
vt 0.2808 0.9933 0.0000
vt 0.2808 0.9832 0.0000
vt 0.2605 0.9832 0.0000
vt 0.2605 0.9933 0.0000
vt 0.2330 0.9933 0.0000
vt 0.2330 0.9832 0.0000
vt 0.2013 0.9933 0.0000
vt 0.2013 0.9832 0.0000
vt 0.1774 0.9832 0.0000
vt 0.1774 0.9933 0.0000
vt 0.1448 0.9832 0.0000
vt 0.1448 0.9933 0.0000
vt 0.1208 0.9832 0.0000
vt 0.1208 0.9933 0.0000
vt 0.0846 0.9933 0.0000
vt 0.0846 0.9832 0.0000
vt 0.0337 0.9832 0.0000
vt 0.0337 0.9933 0.0000
vt 0.0145 0.9933 0.0000
vt 0.0145 0.9832 0.0000
vt 0.0105 0.9949 0.0000
vt 0.0358 0.9949 0.0000
vt 0.0105 0.9833 0.0000
vt 0.0358 0.9833 0.0000
vt 0.0584 0.9833 0.0000
vt 0.0584 0.9949 0.0000
vt 0.1113 0.9833 0.0000
vt 0.1112 0.9949 0.0000
vt 0.1333 0.9949 0.0000
vt 0.1334 0.9833 0.0000
vt 0.1678 0.9949 0.0000
vt 0.1680 0.9833 0.0000
vt 0.2018 0.9949 0.0000
vt 0.2019 0.9833 0.0000
vt 0.2411 0.9949 0.0000
vt 0.2411 0.9833 0.0000
vt 0.2808 0.9833 0.0000
vt 0.2808 0.9949 0.0000
vt 0.3101 0.9833 0.0000
vt 0.3101 0.9949 0.0000
vt 0.3679 0.9833 0.0000
vt 0.3679 0.9949 0.0000
vt 0.3933 0.9949 0.0000
vt 0.3933 0.9833 0.0000
vt 0.2949 0.9823 0.0000
vt 0.2925 0.9947 0.0000
vt 0.2705 0.9947 0.0000
vt 0.2725 0.9823 0.0000
vt 0.2551 0.9947 0.0000
vt 0.2566 0.9823 0.0000
vt 0.2333 0.9947 0.0000
vt 0.2343 0.9823 0.0000
vt 0.2188 0.9823 0.0000
vt 0.2181 0.9947 0.0000
vt 0.1913 0.9947 0.0000
vt 0.1913 0.9823 0.0000
vt 0.1730 0.9823 0.0000
vt 0.1718 0.9947 0.0000
vt 0.1478 0.9823 0.0000
vt 0.1472 0.9947 0.0000
vt 0.1198 0.9947 0.0000
vt 0.1198 0.9823 0.0000
vt 0.0389 0.7140 0.0000
vt 0.1217 0.6987 0.0000
vt 0.0403 0.7066 0.0000
vt 0.1309 0.7226 0.0000
vt 0.1779 0.5177 0.0000
vt 0.1158 0.4492 0.0000
vt 0.1114 0.4686 0.0000
vt 0.3009 0.4453 0.0000
vt 0.2757 0.3663 0.0000
vt 0.2523 0.3798 0.0000
vt 0.2526 0.8699 0.0000
vt 0.1932 0.9161 0.0000
vt 0.2111 0.9288 0.0000
vt 0.2839 0.8807 0.0000
vt 0.2523 0.9426 0.0000
vt 0.2677 0.9407 0.0000
vt 0.5048 0.4700 0.0000
vt 0.5979 0.4096 0.0000
vt 0.5472 0.3993 0.0000
vt 0.3061 0.9148 0.0000
vt 0.3082 0.8978 0.0000
vt 0.3341 0.8931 0.0000
vt 0.3414 0.8819 0.0000
vt 0.3285 0.8982 0.0000
vt 0.4306 0.9122 0.0000
vt 0.4317 0.9677 0.0000
vt 0.4495 0.9852 0.0000
vt 0.4619 0.9120 0.0000
vt 0.4676 0.9852 0.0000
vt 0.4911 0.9852 0.0000
vt 0.6791 0.6885 0.0000
vt 0.6280 0.6668 0.0000
vt 0.6126 0.7003 0.0000
vt 0.6942 0.6896 0.0000
vt 0.7077 0.6645 0.0000
vt 0.5693 0.8484 0.0000
vt 0.6181 0.9090 0.0000
vt 0.6328 0.9006 0.0000
vt 0.6068 0.8208 0.0000
vt 0.6507 0.8822 0.0000
vt 0.6829 0.8640 0.0000
vt 0.1182 0.6065 0.0000
vt 0.0379 0.5753 0.0000
vt 0.0252 0.5947 0.0000
vt 0.2122 0.6184 0.0000
vt 0.1300 0.5835 0.0000
vt 0.2000 0.6559 0.0000
vt 0.3763 0.6877 0.0000
vt 0.2347 0.5873 0.0000
vt 0.2458 0.5680 0.0000
vt 0.2700 0.5477 0.0000
vt 0.3029 0.5305 0.0000
vt 0.2026 0.4860 0.0000
vt 0.2166 0.4775 0.0000
vt 0.1523 0.4193 0.0000
vt 0.1361 0.4257 0.0000
vt 0.2485 0.4591 0.0000
vt 0.2660 0.4518 0.0000
vt 0.2061 0.3791 0.0000
vt 0.1948 0.3893 0.0000
vt 0.1638 0.5370 0.0000
vt 0.1504 0.5603 0.0000
vt 0.0752 0.5167 0.0000
vt 0.0670 0.5343 0.0000
vt 0.0935 0.4881 0.0000
vt 0.0882 0.5054 0.0000
vt 0.3261 0.5260 0.0000
vt 0.3693 0.5223 0.0000
vt 0.4256 0.5361 0.0000
vt 0.4618 0.5424 0.0000
vt 0.4996 0.5562 0.0000
vt 0.5249 0.5732 0.0000
vt 0.5616 0.4907 0.0000
vt 0.5764 0.5027 0.0000
vt 0.6395 0.4494 0.0000
vt 0.6228 0.4268 0.0000
vt 0.4503 0.4607 0.0000
vt 0.4181 0.4502 0.0000
vt 0.4494 0.3789 0.0000
vt 0.4101 0.3662 0.0000
vt 0.5196 0.3963 0.0000
vt 0.4746 0.3872 0.0000
vt 0.3658 0.4397 0.0000
vt 0.3361 0.4410 0.0000
vt 0.3225 0.3659 0.0000
vt 0.3027 0.3616 0.0000
vt 0.3790 0.3635 0.0000
vt 0.3618 0.3589 0.0000
vt 0.5413 0.5931 0.0000
vt 0.6136 0.5315 0.0000
vt 0.6293 0.5605 0.0000
vt 0.5524 0.6362 0.0000
vt 0.5467 0.6692 0.0000
vt 0.5346 0.6959 0.0000
vt 0.5561 0.7161 0.0000
vt 0.5578 0.7406 0.0000
vt 0.5483 0.7580 0.0000
vt 0.5296 0.7769 0.0000
vt 0.5048 0.7953 0.0000
vt 0.4828 0.8126 0.0000
vt 0.4674 0.8264 0.0000
vt 0.5442 0.8711 0.0000
vt 0.5296 0.8839 0.0000
vt 0.5897 0.9350 0.0000
vt 0.6052 0.9283 0.0000
vt 0.6367 0.6291 0.0000
vt 0.6394 0.5916 0.0000
vt 0.7193 0.6219 0.0000
vt 0.7273 0.5857 0.0000
vt 0.4889 0.8981 0.0000
vt 0.5132 0.8956 0.0000
vt 0.5101 0.9683 0.0000
vt 0.5306 0.9682 0.0000
vt 0.5442 0.9591 0.0000
vt 0.5579 0.9639 0.0000
vt 0.4335 0.8373 0.0000
vt 0.4128 0.8374 0.0000
vt 0.3966 0.8286 0.0000
vt 0.3675 0.7894 0.0000
vt 0.3429 0.7964 0.0000
vt 0.3140 0.8162 0.0000
vt 0.2935 0.8092 0.0000
vt 0.2663 0.7928 0.0000
vt 0.2391 0.7632 0.0000
vt 0.2272 0.7369 0.0000
vt 0.2128 0.7112 0.0000
vt 0.2046 0.6904 0.0000
vt 0.1114 0.6396 0.0000
vt 0.0339 0.6920 0.0000
vt 0.0241 0.6232 0.0000
vt 0.0292 0.6519 0.0000
vt 0.4059 0.8984 0.0000
vt 0.3875 0.8729 0.0000
vt 0.1830 0.8159 0.0000
vt 0.1704 0.8005 0.0000
vt 0.2215 0.8520 0.0000
vt 0.1569 0.8956 0.0000
vt 0.1766 0.9093 0.0000
vt 0.1278 0.8673 0.0000
vt 0.1442 0.8777 0.0000
vt 0.7150 0.6516 0.0000
vt 0.7086 0.6795 0.0000
vt 0.0488 0.5494 0.0000
vt 0.1528 0.7609 0.0000
vt 0.0666 0.7560 0.0000
vt 0.0597 0.7351 0.0000
vt 0.0904 0.8004 0.0000
vt 0.1024 0.8369 0.0000
vt 0.1639 0.4090 0.0000
vt 0.2295 0.3748 0.0000
vt 0.3267 0.8482 0.0000
vt 0.3646 0.8371 0.0000
vt 0.2865 0.9375 0.0000
vt 0.2997 0.9296 0.0000
vt 0.6520 0.4507 0.0000
vt 0.6736 0.4602 0.0000
vt 0.3625 0.8832 0.0000
vt 0.3832 0.9142 0.0000
vt 0.4177 0.9664 0.0000
vt 0.3649 0.9001 0.0000
vt 0.3710 0.9112 0.0000
vt 0.7250 0.5476 0.0000
vt 0.7159 0.5286 0.0000
vt 0.7059 0.4997 0.0000
vt 0.6500 0.7389 0.0000
vt 0.5750 0.9547 0.0000
vt 0.6493 0.7663 0.0000
vt 0.6352 0.7925 0.0000
vt 0.7425 0.7621 0.0000
vt 0.7395 0.7918 0.0000
vt 0.7271 0.8123 0.0000
vt 0.7209 0.7295 0.0000
vt 0.7081 0.7095 0.0000
vt 0.6890 0.7048 0.0000
vt 0.7161 0.7158 0.0000
vt 0.6901 0.8525 0.0000
vt 0.7204 0.8272 0.0000
vt 0.0408 0.7234 0.0000
vt 0.0503 0.7333 0.0000
vt 0.0732 0.7664 0.0000
vt 0.0794 0.7845 0.0000
vt 0.6849 0.4711 0.0000
vt 0.6903 0.4888 0.0000
vt 0.3849 0.9248 0.0000
vt 0.3908 0.9443 0.0000
vt 0.3996 0.9557 0.0000
vt 0.6759 0.6946 0.0000
vt 0.7353 0.7432 0.0000
# 608 texture coords

o SM_Coral_Table_Acropora_01_LOD0
g SM_Coral_Table_Acropora_01_LOD0
usemtl MAT_Coral_Table
s 1
f 48/1/1 47/60/2 358/3/3 
f 358/3/4 4/2/5 48/1/6 
f 74/6/7 72/7/8 21/5/9 
f 21/5/10 338/4/11 74/6/12 
f 171/10/13 4/11/14 358/9/15 
f 358/9/16 196/8/17 171/10/18 
f 22/14/19 111/15/20 110/13/21 
f 110/13/22 3/12/23 22/14/24 
f 23/16/25 24/17/26 111/15/27 
f 111/15/28 22/14/29 23/16/30 
f 342/20/31 9/21/32 29/19/33 
f 29/19/34 28/18/35 342/20/36 
f 9/21/37 343/23/38 30/22/39 
f 30/22/40 29/19/41 9/21/42 
f 343/23/43 344/25/44 31/24/45 
f 31/24/46 30/22/47 343/23/48 
f 344/25/49 32/27/50 83/26/51 
f 83/26/52 31/24/53 344/25/54 
f 32/27/55 35/29/56 33/28/57 
f 33/28/58 83/26/59 32/27/60 
f 35/29/61 345/31/62 34/30/63 
f 34/30/64 33/28/65 35/29/66 
f 345/31/67 326/33/68 36/32/69 
f 36/32/70 34/30/71 345/31/72 
f 326/33/73 225/35/74 37/34/75 
f 37/34/76 36/32/77 326/33/78 
f 332/38/79 39/39/80 64/37/81 
f 64/37/82 38/36/83 332/38/84 
f 39/39/85 40/41/86 63/40/87 
f 63/40/88 64/37/89 39/39/90 
f 40/41/91 346/43/92 41/42/93 
f 41/42/94 63/40/95 40/41/96 
f 2/44/97 42/45/98 41/42/99 
f 41/42/100 346/43/101 2/44/102 
f 2/44/103 14/47/104 43/46/105 
f 43/46/106 42/45/107 2/44/108 
f 13/48/109 44/49/110 43/46/111 
f 43/46/112 14/47/113 13/48/114 
f 13/48/115 209/51/116 65/50/117 
f 65/50/118 44/49/119 13/48/120 
f 347/52/121 170/53/122 171/10/123 
f 171/10/124 196/8/125 347/52/126 
f 348/54/127 45/55/128 170/53/129 
f 170/53/130 347/52/131 348/54/132 
f 332/38/133 38/36/134 45/55/135 
f 45/55/136 348/54/137 332/38/138 
f 349/58/139 46/59/140 173/57/141 
f 173/57/142 233/56/143 349/58/144 
f 47/60/145 48/1/146 46/59/147 
f 46/59/148 349/58/149 47/60/150 
f 341/63/151 350/64/152 49/62/153 
f 49/62/154 105/61/155 341/63/156 
f 350/64/157 351/66/158 107/65/159 
f 107/65/160 49/62/161 350/64/162 
f 7/67/163 108/68/164 107/65/165 
f 107/65/166 351/66/167 7/67/168 
f 50/69/169 51/70/170 108/68/171 
f 108/68/172 7/67/173 50/69/174 
f 8/71/175 109/72/176 51/70/177 
f 51/70/178 50/69/179 8/71/180 
f 52/73/181 53/74/182 109/72/183 
f 109/72/184 8/71/185 52/73/186 
f 352/75/187 54/76/188 53/74/189 
f 53/74/190 52/73/191 352/75/192 
f 3/77/193 110/78/194 54/76/195 
f 54/76/196 352/75/197 3/77/198 
f 353/79/199 113/80/200 24/17/201 
f 24/17/202 23/16/203 353/79/204 
f 354/81/205 55/82/206 113/80/207 
f 113/80/208 353/79/209 354/81/210 
f 355/83/211 56/84/212 55/82/213 
f 55/82/214 354/81/215 355/83/216 
f 337/85/217 114/86/218 56/84/219 
f 56/84/220 355/83/221 337/85/222 
f 337/85/223 58/88/224 57/87/225 
f 57/87/226 114/86/227 337/85/228 
f 59/89/229 115/90/230 57/87/231 
f 57/87/232 58/88/233 59/89/234 
f 356/91/235 60/92/236 115/90/237 
f 115/90/238 59/89/239 356/91/240 
f 336/93/241 61/94/242 60/92/243 
f 60/92/244 356/91/245 336/93/246 
f 357/95/247 62/96/248 61/94/249 
f 61/94/250 336/93/251 357/95/252 
f 372/97/253 116/98/254 62/96/255 
f 62/96/256 357/95/257 372/97/258 
s 2147483648
f 41/101/259 64/100/260 63/99/261 
f 41/101/262 38/102/263 64/100/264 
f 42/103/265 38/102/266 41/101/267 
f 169/104/268 38/102/269 42/103/270 
f 43/105/271 169/104/272 42/103/273 
f 168/106/274 169/104/275 43/105/276 
f 44/107/277 168/106/278 43/105/279 
f 65/108/280 168/106/281 44/107/282 
f 67/109/283 168/106/284 65/108/285 
f 208/110/286 67/109/287 65/108/288 
f 66/111/289 67/109/290 208/110/291 
f 207/112/292 67/109/293 66/111/294 
f 167/113/295 67/109/296 207/112/297 
f 68/114/298 167/113/299 207/112/300 
f 69/115/301 167/113/302 68/114/303 
f 206/116/304 69/115/305 68/114/306 
f 205/117/307 69/115/308 206/116/309 
f 71/118/310 69/115/311 205/117/312 
f 203/119/313 71/118/314 205/117/315 
f 70/120/316 71/118/317 203/119/318 
f 72/121/319 71/118/320 70/120/321 
f 73/122/322 71/118/323 72/121/324 
f 74/123/325 73/122/326 72/121/327 
f 75/124/328 73/122/329 74/123/330 
f 202/125/331 73/122/332 75/124/333 
f 201/126/334 73/122/335 202/125/336 
f 77/127/337 73/122/338 201/126/339 
f 76/128/340 77/127/341 201/126/342 
f 200/129/343 77/127/344 76/128/345 
f 78/130/346 77/127/347 200/129/348 
f 198/131/349 78/130/350 200/129/351 
f 197/132/352 78/130/353 198/131/354 
f 80/133/355 78/130/356 197/132/357 
f 79/134/358 80/133/359 197/132/360 
f 28/135/361 80/133/362 79/134/363 
f 29/136/364 80/133/365 28/135/366 
f 81/137/367 80/133/368 29/136/369 
f 30/138/370 81/137/371 29/136/372 
f 82/139/373 81/137/374 30/138/375 
f 31/140/376 82/139/377 30/138/378 
f 83/141/379 82/139/380 31/140/381 
f 84/142/382 82/139/383 83/141/384 
f 33/143/385 84/142/386 83/141/387 
f 34/144/388 84/142/389 33/143/390 
f 163/145/391 84/142/392 34/144/393 
f 36/146/394 163/145/395 34/144/396 
f 86/147/397 163/145/398 36/146/399 
f 37/148/400 86/147/401 36/146/402 
f 85/149/403 86/147/404 37/148/405 
f 87/150/406 86/147/407 85/149/408 
f 88/151/409 86/147/410 87/150/411 
f 226/152/412 88/151/413 87/150/414 
f 161/153/415 88/151/416 226/152/417 
f 227/154/418 161/153/419 226/152/420 
f 228/155/421 161/153/422 227/154/423 
f 160/156/424 161/153/425 228/155/426 
f 89/157/427 160/156/428 228/155/429 
f 90/158/430 160/156/431 89/157/432 
f 231/159/433 90/158/434 89/157/435 
f 91/160/436 90/158/437 231/159/438 
f 157/161/439 90/158/440 91/160/441 
f 232/162/442 157/161/443 91/160/444 
f 95/163/445 157/161/446 232/162/447 
f 92/164/448 95/163/449 232/162/450 
f 93/165/451 95/163/452 92/164/453 
f 94/166/454 95/163/455 93/165/456 
f 97/167/457 95/163/458 94/166/459 
f 96/168/460 97/167/461 94/166/462 
f 156/169/463 97/167/464 96/168/465 
f 217/170/466 156/169/467 96/168/468 
f 98/171/469 156/169/470 217/170/471 
f 99/172/472 156/169/473 98/171/474 
f 216/173/475 99/172/476 98/171/477 
f 100/174/478 99/172/479 216/173/480 
f 101/175/481 99/172/482 100/174/483 
f 215/176/484 101/175/485 100/174/486 
f 213/177/487 101/175/488 215/176/489 
f 154/178/490 101/175/491 213/177/492 
f 103/179/493 154/178/494 213/177/495 
f 102/180/496 154/178/497 103/179/498 
f 212/181/499 102/180/500 103/179/501 
f 104/182/502 102/180/503 212/181/504 
f 211/183/505 102/180/506 104/182/507 
f 105/184/508 102/180/509 211/183/510 
f 106/185/511 102/180/512 105/184/513 
f 49/186/514 106/185/515 105/184/516 
f 107/187/517 106/185/518 49/186/519 
f 153/188/520 106/185/521 107/187/522 
f 108/189/523 153/188/524 107/187/525 
f 152/190/526 153/188/527 108/189/528 
f 51/191/529 152/190/530 108/189/531 
f 109/192/532 152/190/533 51/191/534 
f 112/193/535 152/190/536 109/192/537 
f 53/194/538 112/193/539 109/192/540 
f 110/195/541 112/193/542 53/194/543 
f 110/195/544 53/194/545 54/196/546 
f 111/197/547 112/193/548 110/195/549 
f 148/198/550 112/193/551 111/197/552 
f 24/199/553 148/198/554 111/197/555 
f 113/200/556 148/198/557 24/199/558 
f 145/201/559 148/198/560 113/200/561 
f 114/202/562 145/201/563 113/200/564 
f 55/203/565 114/202/566 113/200/567 
f 114/202/568 55/203/569 56/204/570 
f 57/205/571 145/201/572 114/202/573 
f 115/206/574 145/201/575 57/205/576 
f 144/207/577 145/201/578 115/206/579 
f 60/208/580 144/207/581 115/206/582 
f 61/209/583 144/207/584 60/208/585 
f 143/210/586 144/207/587 61/209/588 
f 62/211/589 143/210/590 61/209/591 
f 116/212/592 143/210/593 62/211/594 
f 117/213/595 143/210/596 116/212/597 
f 118/214/598 143/210/599 117/213/600 
f 224/215/601 118/214/602 117/213/603 
f 119/216/604 118/214/605 224/215/606 
f 141/217/607 118/214/608 119/216/609 
f 120/218/610 141/217/611 119/216/612 
f 137/219/613 141/217/614 120/218/615 
f 121/220/616 137/219/617 120/218/618 
f 122/221/619 137/219/620 121/220/621 
f 136/222/622 137/219/623 122/221/624 
f 123/223/625 136/222/626 122/221/627 
f 124/224/628 136/222/629 123/223/630 
f 125/225/631 136/222/632 124/224/633 
f 219/226/634 125/225/635 124/224/636 
f 126/227/637 125/225/638 219/226/639 
f 127/228/640 125/225/641 126/227/642 
f 240/229/643 127/228/644 126/227/645 
f 135/230/646 127/228/647 240/229/648 
f 128/231/649 135/230/650 240/229/651 
f 239/232/652 135/230/653 128/231/654 
f 129/233/655 135/230/656 239/232/657 
f 133/234/658 135/230/659 129/233/660 
f 130/235/661 133/234/662 129/233/663 
f 131/236/664 133/234/665 130/235/666 
f 131/236/667 132/237/668 133/234/669 
f 132/237/670 177/238/671 133/234/672 
f 177/238/673 134/239/674 133/234/675 
f 134/239/676 135/230/677 133/234/678 
f 134/239/679 127/228/680 135/230/681 
f 134/239/682 178/240/683 127/228/684 
f 178/240/685 125/225/686 127/228/687 
f 178/240/688 136/222/689 125/225/690 
f 178/240/691 138/241/692 136/222/693 
f 138/241/694 137/219/695 136/222/696 
f 138/241/697 139/242/698 137/219/699 
f 139/242/700 141/217/701 137/219/702 
f 139/242/703 140/243/704 141/217/705 
f 140/243/706 118/214/707 141/217/708 
f 140/243/709 142/244/710 118/214/711 
f 142/244/712 143/210/713 118/214/714 
f 142/244/715 146/245/716 143/210/717 
f 146/245/718 144/207/719 143/210/720 
f 146/245/721 145/201/722 144/207/723 
f 146/245/724 147/246/725 145/201/726 
f 147/246/727 148/198/728 145/201/729 
f 149/247/730 148/198/731 147/246/732 
f 149/247/733 151/248/734 148/198/735 
f 151/248/736 112/193/737 148/198/738 
f 151/248/739 150/249/740 112/193/741 
f 150/249/742 152/190/743 112/193/744 
f 150/249/745 153/188/746 152/190/747 
f 150/249/748 179/250/749 153/188/750 
f 179/250/751 106/185/752 153/188/753 
f 179/250/754 102/180/755 106/185/756 
f 179/250/757 180/251/758 102/180/759 
f 180/251/760 154/178/761 102/180/762 
f 180/251/763 155/252/764 154/178/765 
f 155/252/766 101/175/767 154/178/768 
f 155/252/769 99/172/770 101/175/771 
f 155/252/772 181/253/773 99/172/774 
f 181/253/775 156/169/776 99/172/777 
f 181/253/778 182/254/779 156/169/780 
f 182/254/781 97/167/782 156/169/783 
f 182/254/784 183/255/785 97/167/786 
f 183/255/787 95/163/788 97/167/789 
f 183/255/790 157/161/791 95/163/792 
f 183/255/793 159/256/794 157/161/795 
f 159/256/796 90/158/797 157/161/798 
f 159/256/799 158/257/800 90/158/801 
f 158/257/802 160/156/803 90/158/804 
f 158/257/805 161/153/806 160/156/807 
f 158/257/808 162/258/809 161/153/810 
f 162/258/811 88/151/812 161/153/813 
f 162/258/814 86/147/815 88/151/816 
f 162/258/817 184/259/818 86/147/819 
f 184/259/820 163/145/821 86/147/822 
f 184/259/823 84/142/824 163/145/825 
f 184/259/826 185/260/827 84/142/828 
f 185/260/829 82/139/830 84/142/831 
f 185/260/832 186/261/833 82/139/834 
f 186/261/835 81/137/836 82/139/837 
f 186/261/838 80/133/839 81/137/840 
f 186/261/841 187/262/842 80/133/843 
f 187/262/844 78/130/845 80/133/846 
f 187/262/847 188/263/848 78/130/849 
f 188/263/850 77/127/851 78/130/852 
f 188/263/853 73/122/854 77/127/855 
f 188/263/856 164/264/857 73/122/858 
f 164/264/859 71/118/860 73/122/861 
f 164/264/862 189/265/863 71/118/864 
f 189/265/865 69/115/866 71/118/867 
f 189/265/868 166/266/869 69/115/870 
f 166/266/871 167/113/872 69/115/873 
f 166/266/874 165/267/875 167/113/876 
f 165/267/877 67/109/878 167/113/879 
f 165/267/880 168/106/881 67/109/882 
f 165/267/883 190/268/884 168/106/885 
f 190/268/886 169/104/887 168/106/888 
f 191/269/889 169/104/890 190/268/891 
f 191/269/892 172/270/893 169/104/894 
f 172/270/895 38/102/896 169/104/897 
f 172/270/898 171/271/899 38/102/900 
f 171/271/901 170/272/902 38/102/903 
f 45/273/904 38/102/905 170/272/906 
f 172/270/907 195/274/908 171/271/909 
f 195/274/910 4/275/911 171/271/912 
f 195/274/913 174/276/914 4/275/915 
f 174/276/916 173/277/917 4/275/918 
f 173/277/919 48/278/920 4/275/921 
f 48/278/922 173/277/923 46/279/924 
f 132/237/925 173/277/926 174/276/927 
f 132/237/928 131/236/929 173/277/930 
f 131/236/931 175/280/932 173/277/933 
f 131/236/934 235/281/935 175/280/936 
f 235/284/937 131/283/938 237/282/939 
f 176/285/940 132/237/941 174/276/942 
f 195/274/943 176/285/944 174/276/945 
f 176/285/946 177/238/947 132/237/948 
f 176/285/949 193/286/950 177/238/951 
f 193/286/952 134/239/953 177/238/954 
f 193/286/955 178/240/956 134/239/957 
f 193/286/958 138/241/959 178/240/960 
f 193/286/961 139/242/962 138/241/963 
f 193/286/964 140/243/965 139/242/966 
f 193/286/967 142/244/968 140/243/969 
f 193/286/970 146/245/971 142/244/972 
f 193/286/973 147/246/974 146/245/975 
f 193/286/976 149/247/977 147/246/978 
f 193/286/979 151/248/980 149/247/981 
f 193/286/982 150/249/983 151/248/984 
f 193/286/985 179/250/986 150/249/987 
f 193/286/988 180/251/989 179/250/990 
f 193/286/991 155/252/992 180/251/993 
f 193/286/994 181/253/995 155/252/996 
f 193/286/997 182/254/998 181/253/999 
f 193/286/1000 183/255/1001 182/254/1002 
f 193/286/1003 159/256/1004 183/255/1005 
f 193/286/1006 158/257/1007 159/256/1008 
f 193/286/1009 162/258/1010 158/257/1011 
f 193/286/1012 184/259/1013 162/258/1014 
f 193/286/1015 185/260/1016 184/259/1017 
f 193/286/1018 186/261/1019 185/260/1020 
f 193/286/1021 187/262/1022 186/261/1023 
f 193/286/1024 188/263/1025 187/262/1026 
f 193/286/1027 164/264/1028 188/263/1029 
f 193/286/1030 189/265/1031 164/264/1032 
f 193/286/1033 166/266/1034 189/265/1035 
f 193/286/1036 165/267/1037 166/266/1038 
f 193/286/1039 190/268/1040 165/267/1041 
f 193/286/1042 191/269/1043 190/268/1044 
f 193/286/1045 192/287/1046 191/269/1047 
f 192/287/1048 172/270/1049 191/269/1050 
f 192/287/1051 195/274/1052 172/270/1053 
f 194/288/1054 195/274/1055 192/287/1056 
f 193/286/1057 194/288/1058 192/287/1059 
f 176/285/1060 194/288/1061 193/286/1062 
f 176/285/1063 195/274/1064 194/288/1065 
s 1
f 28/291/1066 79/292/1067 359/290/1068 
f 359/290/1069 342/289/1070 28/291/1071 
f 79/292/1072 197/294/1073 360/293/1074 
f 360/293/1075 359/290/1076 79/292/1077 
f 198/295/1078 361/296/1079 360/293/1080 
f 360/293/1081 197/294/1082 198/295/1083 
f 198/295/1084 200/298/1085 199/297/1086 
f 199/297/1087 361/296/1088 198/295/1089 
f 200/298/1090 76/300/1091 362/299/1092 
f 362/299/1093 199/297/1094 200/298/1095 
f 76/300/1096 201/302/1097 25/301/1098 
f 25/301/1099 362/299/1100 76/300/1101 
f 201/302/1102 202/304/1103 26/303/1104 
f 26/303/1105 25/301/1106 201/302/1107 
f 202/304/1108 75/306/1109 363/305/1110 
f 363/305/1111 26/303/1112 202/304/1113 
f 74/6/1114 338/4/1115 363/305/1116 
f 363/305/1117 75/306/1118 74/6/1119 
f 70/309/1120 364/310/1121 21/308/1122 
f 21/308/1123 72/307/1124 70/309/1125 
f 203/311/1126 339/312/1127 364/310/1128 
f 364/310/1129 70/309/1130 203/311/1131 
f 205/313/1132 204/314/1133 339/312/1134 
f 339/312/1135 203/311/1136 205/313/1137 
f 205/313/1138 206/316/1139 327/315/1140 
f 327/315/1141 204/314/1142 205/313/1143 
f 68/317/1144 365/318/1145 327/315/1146 
f 327/315/1147 206/316/1148 68/317/1149 
f 207/319/1150 11/320/1151 365/318/1152 
f 365/318/1153 68/317/1154 207/319/1155 
f 66/321/1156 366/322/1157 11/320/1158 
f 11/320/1159 207/319/1160 66/321/1161 
f 208/323/1162 367/324/1163 366/322/1164 
f 366/322/1165 66/321/1166 208/323/1167 
f 208/323/1168 65/326/1169 209/325/1170 
f 209/325/1171 367/324/1172 208/323/1173 
f 105/329/1174 211/330/1175 210/328/1176 
f 210/328/1177 341/327/1178 105/329/1179 
f 211/330/1180 104/332/1181 27/331/1182 
f 27/331/1183 210/328/1184 211/330/1185 
f 104/332/1186 212/334/1187 340/333/1188 
f 340/333/1189 27/331/1190 104/332/1191 
f 103/335/1192 16/336/1193 340/333/1194 
f 340/333/1195 212/334/1196 103/335/1197 
f 213/337/1198 333/338/1199 16/336/1200 
f 16/336/1201 103/335/1202 213/337/1203 
f 213/337/1204 215/340/1205 214/339/1206 
f 214/339/1207 333/338/1208 213/337/1209 
f 100/341/1210 324/342/1211 214/339/1212 
f 214/339/1213 215/340/1214 100/341/1215 
f 100/341/1216 216/344/1217 368/343/1218 
f 368/343/1219 324/342/1220 100/341/1221 
f 98/345/1222 15/346/1223 368/343/1224 
f 368/343/1225 216/344/1226 98/345/1227 
f 217/347/1228 331/348/1229 15/346/1230 
f 15/346/1231 98/345/1232 217/347/1233 
f 96/349/1234 218/350/1235 331/348/1236 
f 331/348/1237 217/347/1238 96/349/1239 
f 94/351/1240 329/352/1241 218/350/1242 
f 218/350/1243 96/349/1244 94/351/1245 
f 94/351/1246 93/354/1247 12/353/1248 
f 12/353/1249 329/352/1250 94/351/1251 
f 126/357/1252 20/358/1253 18/356/1254 
f 18/356/1255 240/355/1256 126/357/1257 
f 219/359/1258 325/360/1259 20/358/1260 
f 20/358/1261 126/357/1262 219/359/1263 
f 219/359/1264 124/362/1265 19/361/1266 
f 19/361/1267 325/360/1268 219/359/1269 
f 123/363/1270 369/364/1271 19/361/1272 
f 19/361/1273 124/362/1274 123/363/1275 
f 122/365/1276 220/366/1277 369/364/1278 
f 369/364/1279 123/363/1280 122/365/1281 
f 122/365/1282 121/368/1283 221/367/1284 
f 221/367/1285 220/366/1286 122/365/1287 
f 121/368/1288 120/370/1289 222/369/1290 
f 222/369/1291 221/367/1292 121/368/1293 
f 120/370/1294 119/372/1295 223/371/1296 
f 223/371/1297 222/369/1298 120/370/1299 
f 224/373/1300 370/374/1301 223/371/1302 
f 223/371/1303 119/372/1304 224/373/1305 
f 224/373/1306 117/376/1307 371/375/1308 
f 371/375/1309 370/374/1310 224/373/1311 
f 116/377/1312 372/378/1313 371/375/1314 
f 371/375/1315 117/376/1316 116/377/1317 
f 225/381/1318 328/382/1319 85/380/1320 
f 85/380/1321 37/379/1322 225/381/1323 
f 10/383/1324 87/384/1325 85/380/1326 
f 85/380/1327 328/382/1328 10/383/1329 
f 373/385/1330 226/386/1331 87/384/1332 
f 87/384/1333 10/383/1334 373/385/1335 
f 373/385/1336 5/388/1337 227/387/1338 
f 227/387/1339 226/386/1340 373/385/1341 
f 5/388/1342 229/390/1343 228/389/1344 
f 228/389/1345 227/387/1346 5/388/1347 
f 229/390/1348 230/392/1349 89/391/1350 
f 89/391/1351 228/389/1352 229/390/1353 
f 230/392/1354 1/394/1355 231/393/1356 
f 231/393/1357 89/391/1358 230/392/1359 
f 6/395/1360 91/396/1361 231/393/1362 
f 231/393/1363 1/394/1364 6/395/1365 
f 374/397/1366 232/398/1367 91/396/1368 
f 91/396/1369 6/395/1370 374/397/1371 
f 330/399/1372 92/400/1373 232/398/1374 
f 232/398/1375 374/397/1376 330/399/1377 
f 330/399/1378 12/402/1379 93/401/1380 
f 93/401/1381 92/400/1382 330/399/1383 
f 173/57/1384 175/404/1385 234/403/1386 
f 234/403/1387 233/56/1388 173/57/1389 
f 235/405/1390 236/406/1391 234/403/1392 
f 234/403/1393 175/404/1394 235/405/1395 
f 237/407/1396 238/408/1397 236/406/1398 
f 236/406/1399 235/405/1400 237/407/1401 
f 131/409/1402 334/410/1403 238/408/1404 
f 238/408/1405 237/407/1406 131/409/1407 
f 131/409/1408 130/412/1409 375/411/1410 
f 375/411/1411 334/410/1412 131/409/1413 
f 129/413/1414 17/414/1415 375/411/1416 
f 375/411/1417 130/412/1418 129/413/1419 
f 129/413/1420 239/416/1421 335/415/1422 
f 335/415/1423 17/414/1424 129/413/1425 
f 239/416/1426 128/418/1427 376/417/1428 
f 376/417/1429 335/415/1430 239/416/1431 
f 240/419/1432 18/420/1433 376/417/1434 
f 376/417/1435 128/418/1436 240/419/1437 
s 2147483648
f 25/421/1438 277/422/1439 362/423/1440 
f 284/425/1441 282/473/1442 326/426/1443 
f 326/426/1444 345/427/1445 284/425/1446 
f 241/431/1447 291/556/1448 209/432/1449 
f 209/432/1450 13/433/1451 241/431/1452 
f 293/434/1453 241/431/1454 14/435/1455 
f 14/435/1456 2/436/1457 293/434/1458 
f 242/437/1459 253/493/1460 324/438/1461 
f 324/438/1462 368/439/1463 242/437/1464 
f 332/441/1465 348/444/1466 347/442/1467 
f 347/442/1468 196/443/1469 332/441/1470 
f 312/453/1471 23/607/1472 22/451/1473 
f 22/451/1474 306/452/1475 312/453/1476 
f 306/452/1477 22/451/1478 3/454/1479 
f 3/454/1480 52/455/1481 306/452/1482 
f 318/456/1483 222/457/1484 223/458/1485 
f 320/459/1486 370/460/1487 371/461/1488 
f 275/462/1489 9/563/1490 342/463/1491 
f 342/463/1492 359/464/1493 275/462/1494 
f 275/462/1495 270/467/1496 244/465/1497 
f 244/465/1498 243/466/1499 275/462/1500 
f 270/467/1501 269/547/1502 245/468/1503 
f 245/468/1504 244/465/1505 270/467/1506 
f 245/468/1507 248/469/1508 244/465/1509 
f 283/470/1510 248/469/1511 245/468/1512 
f 245/468/1513 246/471/1514 283/470/1515 
f 282/473/1516 283/470/1517 246/471/1518 
f 246/471/1519 288/474/1520 282/473/1521 
f 225/476/1522 326/426/1523 282/473/1524 
f 282/473/1525 328/475/1526 225/476/1527 
f 286/477/1528 246/471/1529 247/472/1530 
f 247/472/1531 290/478/1532 286/477/1533 
f 286/477/1534 229/570/1535 5/479/1536 
f 5/479/1537 373/480/1538 286/477/1539 
f 276/482/1540 244/465/1541 248/469/1542 
f 248/469/1543 278/481/1544 276/482/1545 
f 343/484/1546 243/466/1547 276/482/1548 
f 276/482/1549 344/483/1550 343/484/1551 
f 35/485/1552 32/486/1553 278/481/1554 
f 247/472/1555 246/471/1556 245/468/1557 
f 245/468/1558 289/487/1559 247/472/1560 
f 292/488/1561 289/487/1562 245/468/1563 
f 245/468/1564 249/489/1565 292/488/1566 
f 250/490/1567 249/489/1568 245/468/1569 
f 245/468/1570 251/491/1571 250/490/1572 
f 245/468/1573 255/509/1574 252/492/1575 
f 252/492/1576 251/491/1577 245/468/1578 
f 299/498/1579 218/499/1580 329/500/1581 
f 6/506/1582 287/428/1583 296/504/1584 
f 296/504/1585 374/505/1586 6/506/1587 
f 12/507/1588 330/508/1589 295/503/1590 
f 254/510/1591 300/494/1592 252/492/1593 
f 252/492/1594 255/509/1595 254/510/1596 
f 255/509/1597 308/527/1598 307/511/1599 
f 307/511/1600 254/510/1601 255/509/1602 
f 245/468/1603 305/513/1604 256/512/1605 
f 256/512/1606 255/509/1607 245/468/1608 
f 245/468/1609 257/514/1610 305/513/1611 
f 245/468/1612 259/516/1613 258/515/1614 
f 258/515/1615 257/514/1616 245/468/1617 
f 245/468/1618 316/518/1619 260/517/1620 
f 260/517/1621 259/516/1622 245/468/1623 
f 313/519/1624 316/518/1625 245/468/1626 
f 245/468/1627 261/520/1628 313/519/1629 
f 261/520/1630 311/521/1631 262/523/1632 
f 262/523/1633 317/522/1634 261/520/1635 
f 308/527/1636 255/509/1637 256/512/1638 
f 256/512/1639 310/526/1640 308/527/1641 
f 7/529/1642 308/527/1643 310/526/1644 
f 310/526/1645 50/528/1646 7/529/1647 
f 20/533/1648 314/531/1649 263/530/1650 
f 263/530/1651 18/532/1652 20/533/1653 
f 314/531/1654 20/533/1655 325/534/1656 
f 325/534/1657 19/535/1658 314/531/1659 
f 311/521/1660 261/520/1661 245/468/1662 
f 245/468/1663 302/536/1664 311/521/1665 
f 245/468/1666 264/538/1667 301/537/1668 
f 301/537/1669 302/536/1670 245/468/1671 
f 265/539/1672 264/538/1673 245/468/1674 
f 245/468/1675 298/540/1676 265/539/1677 
f 266/541/1678 298/540/1679 245/468/1680 
f 245/468/1681 267/542/1682 266/541/1683 
f 245/468/1684 273/543/1685 267/542/1686 
f 268/544/1687 273/543/1688 245/468/1689 
f 245/468/1690 281/545/1691 268/544/1692 
f 245/468/1693 269/547/1694 279/546/1695 
f 279/546/1696 281/545/1697 245/468/1698 
f 271/548/1699 277/422/1700 269/547/1701 
f 269/547/1702 270/467/1703 271/548/1704 
f 304/552/1705 301/537/1706 264/538/1707 
f 264/538/1708 272/553/1709 304/552/1710 
f 274/554/1711 268/544/1712 285/555/1713 
f 273/543/1714 268/544/1715 274/554/1716 
f 274/554/1717 291/556/1718 273/543/1719 
f 367/558/1720 209/432/1721 291/556/1722 
f 291/556/1723 366/557/1724 367/558/1725 
f 365/559/1726 11/560/1727 274/554/1728 
f 8/561/1729 310/526/1730 306/452/1731 
f 306/452/1732 52/455/1733 8/561/1734 
f 3/454/1735 352/562/1736 52/455/1737 
f 275/462/1738 359/464/1739 360/550/1740 
f 360/550/1741 271/548/1742 275/462/1743 
f 275/462/1744 271/548/1745 270/467/1746 
f 243/466/1747 343/484/1748 9/563/1749 
f 9/563/1750 275/462/1751 243/466/1752 
f 271/548/1753 360/550/1754 361/551/1755 
f 361/551/1756 199/549/1757 271/548/1758 
f 199/549/1759 362/423/1760 277/422/1761 
f 277/422/1762 271/548/1763 199/549/1764 
f 276/482/1765 243/466/1766 244/465/1767 
f 321/424/1768 269/547/1769 277/422/1770 
f 32/486/1771 344/483/1772 276/482/1773 
f 276/482/1774 278/481/1775 32/486/1776 
f 279/546/1777 269/547/1778 321/424/1779 
f 321/424/1780 280/564/1781 279/546/1782 
f 280/564/1783 281/545/1784 279/546/1785 
f 278/481/1786 248/469/1787 283/470/1788 
f 283/470/1789 284/425/1790 278/481/1791 
f 21/565/1792 321/424/1793 338/566/1794 
f 21/565/1795 364/600/1796 280/564/1797 
f 280/564/1798 321/424/1799 21/565/1800 
f 285/555/1801 268/544/1802 281/545/1803 
f 281/545/1804 280/564/1805 285/555/1806 
f 282/473/1807 284/425/1808 283/470/1809 
f 345/427/1810 35/485/1811 278/481/1812 
f 278/481/1813 284/425/1814 345/427/1815 
f 285/555/1816 280/564/1817 204/567/1818 
f 204/567/1819 327/568/1820 285/555/1821 
f 286/477/1822 288/474/1823 246/471/1824 
f 285/555/1825 327/568/1826 365/559/1827 
f 365/559/1828 274/554/1829 285/555/1830 
f 289/487/1831 296/504/1832 287/428/1833 
f 287/428/1834 247/472/1835 289/487/1836 
f 287/428/1837 290/478/1838 247/472/1839 
f 288/474/1840 286/477/1841 373/480/1842 
f 373/480/1843 10/569/1844 288/474/1845 
f 10/569/1846 328/475/1847 282/473/1848 
f 282/473/1849 288/474/1850 10/569/1851 
f 292/488/1852 295/503/1853 296/504/1854 
f 296/504/1855 289/487/1856 292/488/1857 
f 229/570/1858 286/477/1859 290/478/1860 
f 290/478/1861 230/430/1862 229/570/1863 
f 287/428/1864 1/429/1865 230/430/1866 
f 230/430/1867 290/478/1868 287/428/1869 
f 273/543/1870 291/556/1871 241/431/1872 
f 241/431/1873 267/542/1874 273/543/1875 
f 291/556/1876 274/554/1877 11/560/1878 
f 11/560/1879 366/557/1880 291/556/1881 
f 249/489/1882 294/497/1883 299/498/1884 
f 299/498/1885 292/488/1886 249/489/1887 
f 299/498/1888 295/503/1889 292/488/1890 
f 287/428/1891 6/506/1892 1/429/1893 
f 293/434/1894 267/542/1895 241/431/1896 
f 293/434/1897 297/571/1898 266/541/1899 
f 266/541/1900 267/542/1901 293/434/1902 
f 294/497/1903 249/489/1904 250/490/1905 
f 250/490/1906 242/437/1907 294/497/1908 
f 295/503/1909 299/498/1910 329/500/1911 
f 329/500/1912 12/507/1913 295/503/1914 
f 295/503/1915 330/508/1916 374/505/1917 
f 374/505/1918 296/504/1919 295/503/1920 
f 14/435/1921 241/431/1922 13/433/1923 
f 251/491/1924 253/493/1925 242/437/1926 
f 242/437/1927 250/490/1928 251/491/1929 
f 15/501/1930 242/437/1931 368/439/1932 
f 15/501/1933 331/502/1934 294/497/1935 
f 294/497/1936 242/437/1937 15/501/1938 
f 218/499/1939 299/498/1940 294/497/1941 
f 294/497/1942 331/502/1943 218/499/1944 
f 298/540/1945 266/541/1946 297/571/1947 
f 297/571/1948 323/572/1949 298/540/1950 
f 323/572/1951 264/538/1952 265/539/1953 
f 265/539/1954 298/540/1955 323/572/1956 
f 332/441/1957 196/443/1958 297/571/1959 
f 297/571/1960 293/434/1961 332/441/1962 
f 2/436/1963 39/440/1964 332/441/1965 
f 332/441/1966 293/434/1967 2/436/1968 
f 300/494/1969 253/493/1970 251/491/1971 
f 251/491/1972 252/492/1973 300/494/1974 
f 324/438/1975 253/493/1976 214/496/1977 
f 323/572/1978 358/577/1979 272/553/1980 
f 272/553/1981 264/538/1982 323/572/1983 
f 39/440/1984 2/436/1985 346/573/1986 
f 346/573/1987 40/574/1988 39/440/1989 
f 16/575/1990 254/510/1991 340/576/1992 
f 16/575/1993 333/495/1994 300/494/1995 
f 300/494/1996 254/510/1997 16/575/1998 
f 333/495/1999 214/496/2000 253/493/2001 
f 253/493/2002 300/494/2003 333/495/2004 
f 303/445/2005 302/536/2006 301/537/2007 
f 301/537/2008 304/552/2009 303/445/2010 
f 233/578/2011 304/552/2012 272/553/2013 
f 272/553/2014 358/577/2015 233/578/2016 
f 303/445/2017 309/448/2018 302/536/2019 
f 303/445/2020 334/579/2021 375/446/2022 
f 47/580/2023 349/581/2024 233/578/2025 
f 233/578/2026 358/577/2027 47/580/2028 
f 334/579/2029 303/445/2030 304/552/2031 
f 304/552/2032 233/578/2033 334/579/2034 
f 306/452/2035 310/526/2036 256/512/2037 
f 351/582/2038 350/583/2039 307/511/2040 
f 307/511/2041 308/527/2042 351/582/2043 
f 341/584/2044 307/511/2045 350/583/2046 
f 263/530/2047 311/521/2048 302/536/2049 
f 302/536/2050 309/448/2051 263/530/2052 
f 335/449/2053 376/450/2054 309/448/2055 
f 309/448/2056 17/447/2057 335/449/2058 
f 303/445/2059 375/446/2060 17/447/2061 
f 17/447/2062 309/448/2063 303/445/2064 
f 306/452/2065 256/512/2066 305/513/2067 
f 305/513/2068 312/453/2069 306/452/2070 
f 310/526/2071 8/561/2072 50/528/2073 
f 308/527/2074 7/529/2075 351/582/2076 
f 311/521/2077 263/530/2078 314/531/2079 
f 314/531/2080 262/523/2081 311/521/2082 
f 18/532/2083 263/530/2084 309/448/2085 
f 309/448/2086 376/450/2087 18/532/2088 
f 258/515/2089 259/516/2090 322/585/2091 
f 322/585/2092 312/453/2093 258/515/2094 
f 312/453/2095 305/513/2096 257/514/2097 
f 257/514/2098 258/515/2099 312/453/2100 
f 317/522/2101 318/456/2102 313/519/2103 
f 313/519/2104 261/520/2105 317/522/2106 
f 19/535/2107 369/586/2108 262/523/2109 
f 262/523/2110 314/531/2111 19/535/2112 
f 259/516/2113 319/588/2114 315/587/2115 
f 315/587/2116 322/585/2117 259/516/2118 
f 318/456/2119 316/518/2120 313/519/2121 
f 222/457/2122 318/456/2123 317/522/2124 
f 317/522/2125 221/525/2126 222/457/2127 
f 220/524/2128 262/523/2129 369/586/2130 
f 220/524/2131 221/525/2132 317/522/2133 
f 317/522/2134 262/523/2135 220/524/2136 
f 260/517/2137 320/459/2138 319/588/2139 
f 319/588/2140 259/516/2141 260/517/2142 
f 59/589/2143 58/608/2144 322/585/2145 
f 322/585/2146 315/587/2147 59/589/2148 
f 316/518/2149 318/456/2150 320/459/2151 
f 320/459/2152 260/517/2153 316/518/2154 
f 320/459/2155 318/456/2156 223/458/2157 
f 223/458/2158 370/460/2159 320/459/2160 
f 356/590/2161 59/589/2162 315/587/2163 
f 315/587/2164 336/591/2165 356/590/2166 
f 319/588/2167 357/597/2168 336/591/2169 
f 336/591/2170 315/587/2171 319/588/2172 
f 353/594/2173 322/585/2174 337/592/2175 
f 337/592/2176 354/593/2177 353/594/2178 
f 337/592/2179 355/595/2180 354/593/2181 
f 319/588/2182 320/459/2183 371/461/2184 
f 371/461/2185 372/596/2186 319/588/2187 
f 319/588/2188 372/596/2189 357/597/2190 
f 321/424/2191 277/422/2192 25/421/2193 
f 25/421/2194 26/598/2195 321/424/2196 
f 321/424/2197 26/598/2198 363/599/2199 
f 363/599/2200 338/566/2201 321/424/2202 
f 280/564/2203 364/600/2204 339/601/2205 
f 339/601/2206 204/567/2207 280/564/2208 
f 254/510/2209 210/603/2210 27/602/2211 
f 27/602/2212 340/576/2213 254/510/2214 
f 254/510/2215 307/511/2216 341/584/2217 
f 341/584/2218 210/603/2219 254/510/2220 
f 234/604/2221 334/579/2222 233/578/2223 
f 334/579/2224 234/604/2225 236/605/2226 
f 236/605/2227 238/606/2228 334/579/2229 
f 353/594/2230 23/607/2231 312/453/2232 
f 312/453/2233 322/585/2234 353/594/2235 
f 322/585/2236 58/608/2237 337/592/2238 
f 323/572/2239 297/571/2240 196/443/2241 
f 196/443/2242 358/577/2243 323/572/2244 
# 748 faces

#
# object SM_Coral_Table_Acropora_01_LOD1
#

v  114.4995 16.2050 -20.3002
v  -56.2238 16.2049 91.6646
v  -94.6961 16.4610 -65.2974
v  4.6801 16.2050 64.8683
v  -103.1876 16.2050 1.2377
v  58.8188 16.2050 -91.0964
v  61.4858 14.7304 77.7587
v  2.0646 -0.0000 4.9626
v  -11.2539 11.8016 92.5021
v  107.8179 14.5870 20.6049
v  -107.6407 14.3259 47.9277
v  -6.2568 14.2485 -96.6693
v  22.1511 14.6916 81.0817
v  2.0371 7.6324 4.8901
v  88.3303 14.7146 -61.6177
v  -105.8438 16.2050 12.8455
v  -108.0236 14.7765 -41.0171
v  28.0095 16.3165 -97.4132
v  -65.8816 13.5351 82.7055
v  -92.7700 14.6888 6.0976
v  -66.4117 15.2618 -84.3633
v  20.3430 16.2050 70.9036
v  99.0267 16.2050 30.4790
v  -95.6507 16.2050 59.9554
v  -72.3164 16.4335 8.1871
v  -40.8435 16.2049 93.2418
v  86.3356 16.2050 55.8218
v  -21.4778 12.3678 98.6459
v  -0.7398 16.2050 75.3574
v  95.2254 16.2050 -49.6838
v  54.5524 16.4335 -59.6971
v  -80.0770 14.1401 -71.9244
v  -46.8151 12.7311 66.2036
v  80.8112 13.7622 -75.6415
v  86.3839 16.4335 -7.1213
v  28.1090 12.4447 66.3571
v  -80.2232 13.1493 37.1631
v  -36.2383 7.9059 -37.0670
v  10.7610 16.2050 64.6645
v  -112.0843 14.2485 21.1901
v  -72.2407 16.4335 -45.4651
v  44.5755 7.5427 -31.4854
v  -47.5258 7.5059 7.1042
v  -46.8109 16.4334 66.2147
v  36.8022 13.0822 86.8530
v  44.1940 6.9239 30.3760
v  107.4477 16.2050 -35.2045
v  48.2700 16.4334 58.5367
v  -80.2179 16.4334 37.1770
v  -7.9331 12.5392 70.5939
v  7.3693 16.4335 -72.7525
v  -72.2480 13.9477 -45.4845
v  4.0193 16.4334 49.8738
v  7.3620 13.9187 -72.7716
v  44.0120 16.2050 -91.2255
v  -72.3224 13.4100 8.1714
v  84.6158 13.0731 -17.7421
v  4.0152 12.7017 49.8629
v  -3.0055 16.2049 85.1213
v  48.2665 12.4466 58.5276
v  -75.0667 13.5351 74.3486
v  72.4730 13.3504 68.2288
v  78.9680 12.7268 18.9366
v  101.5996 13.4914 24.0441
v  -7.9294 16.4334 70.6036
v  39.0250 13.7533 -68.2916
v  -51.8198 13.6896 90.2178
v  9.1396 16.4006 -98.6519
v  -96.5556 16.4114 -59.6467
v  28.1124 16.4334 66.3662
v  -34.6742 14.0174 98.6456
v  14.0283 14.8604 70.2887
v  -85.5082 11.3946 65.6072
v  -113.5908 12.5035 36.8087
v  3.0209 14.6241 73.9824
v  -27.0859 7.0152 48.2968
v  -84.7648 13.3374 20.1290
v  78.9721 16.4335 18.9476
v  -84.7590 16.4334 20.1441
v  50.1784 16.2049 83.1755
v  -15.7625 12.4987 92.9829
v  -105.1564 14.8745 -7.7249
v  -53.4323 7.7192 -11.9286
v  90.7697 14.9471 44.3300
v  -98.6051 16.2050 4.4927
v  56.2945 7.1041 7.8120
v  -52.7930 7.3322 26.4320
v  36.6031 16.2670 -95.7393
v  -65.8847 11.1486 82.6973
v  -107.4095 16.2050 17.2553
v  114.4957 15.3370 -11.1876
v  108.2346 14.5870 15.2382
v  -108.9191 13.6083 -28.7935
v  -101.6292 16.3962 -56.2125
v  -61.6996 16.2049 88.6315
v  70.7517 13.3518 -40.2704
v  -74.5313 15.2396 -79.0703
v  -114.4995 12.6029 27.2349
v  93.6642 16.2050 -55.3036
v  -75.0701 11.2673 74.3397
v  -25.4984 12.5598 75.2015
v  101.7399 16.2050 -40.2306
v  70.7575 16.4335 -40.2552
v  87.0964 13.7634 -67.9070
v  68.0692 13.3120 73.7341
v  51.3635 16.2050 -92.6615
v  -50.1376 16.5106 -87.1410
v  -11.2516 14.3734 92.5082
v  26.7058 7.7348 -43.8712
v  -26.8850 14.8605 -90.3759
v  19.4284 6.8624 45.8947
v  75.6749 14.4484 -77.8263
v  -40.8461 13.9640 93.2350
v  -102.8548 16.2050 -3.5568
v  -92.7646 16.2050 6.1117
v  -25.4946 16.4334 75.2114
v  26.0134 14.6916 84.1960
v  -4.5997 6.9254 48.7192
v  -95.6547 14.1598 59.9450
v  -79.9352 16.4335 -14.5336
v  21.6542 16.3281 -96.1643
v  5.5971 7.8450 -46.8578
v  -19.6564 13.9591 -66.5645
v  77.8718 14.7304 65.1488
v  -103.2789 14.6818 10.7749
v  -51.8170 16.2049 90.2251
v  -77.2120 13.5356 -2.4998
v  65.2573 12.5369 43.0792
v  3.3659 7.0337 34.8985
v  65.2610 16.4334 43.0889
v  -21.4755 14.3734 98.6519
v  -19.6491 16.4335 -66.5452
v  99.2944 16.2050 -45.9586
v  -70.8945 13.5351 80.5301
v  36.8042 14.6916 86.8582
v  110.5376 14.5870 10.6961
v  90.7723 16.2050 44.3367
v  -0.7424 14.7490 75.3504
v  -109.6784 12.4220 43.4476
v  104.6142 13.7311 23.6257
v  -47.4695 16.2049 93.1761
v  58.9258 13.5636 -56.9139
v  -71.2288 16.4334 46.1891
v  -90.9797 16.4810 -68.7045
v  -93.7516 14.7118 4.1677
v  20.5031 14.7623 76.4136
v  -80.0770 15.1891 -71.9244
v  3.7134 14.3135 -97.3057
v  -97.1010 16.2050 9.2861
v  -56.2265 14.2842 91.6573
v  20.3405 14.8303 70.8969
v  -105.1506 16.2050 -7.7095
v  56.1602 16.2049 79.4398
v  -107.6363 16.2050 47.9393
v  -71.2337 13.0248 46.1761
v  -107.4147 14.6327 17.2416
v  15.7627 12.6116 54.3900
v  -34.6718 16.2049 98.6519
v  4.6772 15.0117 64.8608
v  -77.3978 13.8757 -36.3454
v  99.0239 15.0547 30.4716
v  39.0319 16.4335 -68.2736
v  15.7665 16.4334 54.4002
v  -85.5045 13.5351 65.6170
v  -70.8976 11.1895 80.5217
v  -47.4721 13.9898 93.1691
v  -114.4944 14.2485 27.2481
v  61.4838 13.2967 77.7535
v  110.6691 16.2050 -26.7538
v  -36.2434 13.2589 -37.0804
v  -108.0236 13.7275 -41.0171
v  -15.7601 14.3734 92.9891
v  -50.1376 15.4616 -87.1410
v  112.5806 14.5870 -2.1286
v  75.6749 13.4795 -77.8263
v  14.0309 16.2050 70.2957
v  -98.6105 14.7272 4.4783
v  -61.7025 14.3355 88.6238
v  10.7582 14.9293 64.6570
v  -77.3906 16.4335 -36.3265
v  -113.5860 14.2485 36.8212
v  108.2315 13.8015 15.2299
v  94.5266 16.2050 39.4053
v  -102.8605 14.8241 -3.5718
v  58.8124 15.3083 -91.1132
v  72.4751 14.7304 68.2344
v  -3.0079 14.5411 85.1150
v  11.1976 6.9737 37.9166
v  -79.8080 11.3127 71.6133
v  3.0236 16.2050 73.9893
v  -112.0895 12.6545 21.1766
v  77.8697 13.3608 65.1432
v  -26.8850 15.9095 -90.3759
v  86.3791 12.9601 -7.1339
v  -97.1063 14.6734 9.2721
v  -15.6010 12.5222 75.2018
v  68.0712 14.7304 73.7394
v  26.0113 13.1500 84.1903
v  -93.7463 16.2050 4.1819
v  56.1582 14.7747 79.4345
v  50.1765 14.7977 83.1704
v  4.5586 16.2050 70.2653
v  -79.9418 13.6668 -14.5510
v  -108.9127 14.7133 -28.7766
v  84.6209 16.4335 -17.7287
v  -97.9661 14.2060 56.2160
v  -84.0852 15.2011 -71.6035
v  20.5055 16.2050 76.4199
v  110.5344 13.5153 10.6351
v  -109.6739 14.2485 43.4596
v  -6.2568 15.2975 -96.6693
v  -101.6292 15.3472 -56.2125
v  -66.4117 14.2128 -84.3633
v  -106.4386 13.4821 -17.1400
v  28.0095 15.2698 -97.4132
v  -55.0174 7.4747 13.0564
v  88.3250 13.6958 -61.6317
v  -105.8491 14.6710 12.8315
v  21.6542 15.3385 -96.1643
v  86.3333 14.9832 55.8157
v  94.5239 14.9823 39.3983
v  -15.5974 16.4334 75.2114
v  -106.4325 14.7133 -17.1240
v  -5.9472 14.0994 88.6910
v  -37.0959 14.0011 -64.1384
v  -27.3292 12.1580 98.6458
v  87.1018 14.7146 -67.8925
v  -79.8045 13.5351 71.6226
v  -49.7873 7.8428 -25.6381
v  -41.6625 12.6738 69.9603
v  101.6025 14.5870 24.0519
v  114.4995 16.2050 -11.1252
v  35.0619 6.8687 39.3351
v  -74.5313 14.1906 -79.0703
v  107.4432 15.3476 -35.2162
v  -96.5556 15.3624 -59.6467
v  -55.3911 14.0100 -58.0854
v  -94.6961 15.4120 -65.2974
v  51.3570 15.3523 -92.6786
v  -90.9797 15.4320 -68.7045
v  3.7134 15.3625 -97.3057
v  38.1431 16.4334 63.6042
v  -27.0933 13.2589 48.2773
v  4.5558 14.6556 70.2581
v  44.0056 15.3659 -91.2427
v  31.8929 13.1105 85.8998
v  54.7489 7.3401 -15.1400
v  -37.0884 16.4335 -64.1187
v  -103.1931 14.7773 1.2231
v  58.2751 7.2060 -3.0994
v  -84.0852 14.1521 -71.6035
v  -27.3269 14.3734 98.6519
v  -103.2736 16.2050 10.7889
v  -16.3098 6.9392 51.7910
v  9.1396 15.4117 -98.6519
v  36.6031 15.2922 -95.7393
v  108.6025 14.5870 17.6326
v  101.7353 15.4197 -40.2428
v  -55.7745 13.2589 20.8557
v  110.6650 15.2506 -26.7649
v  -55.3837 16.4335 -58.0656
v  112.5771 13.6362 -2.1904
v  80.8170 14.7146 -75.6263
v  -97.9620 16.2050 56.2268
v  96.7596 15.0310 33.6926
v  38.1396 12.4343 63.5952
v  26.7003 13.2589 -43.8857
v  22.1488 13.1959 81.0757
v  -24.0415 7.9000 -41.1024
v  62.3677 15.2611 -87.7539
v  72.0574 14.7146 -81.2261
v  104.6171 14.5870 23.6335
v  -41.3032 15.4353 -87.8654
v  -5.9448 16.2049 88.6972
v  107.8149 13.7493 20.5970
v  -55.7681 7.3992 20.8725
v  44.5695 13.2589 -31.5012
v  95.2205 15.5393 -49.6968
v  -104.9955 15.4943 -47.0192
v  114.4955 15.4291 -20.3633
v  56.2874 13.2589 7.7931
v  -47.5319 13.2589 7.0881
v  -53.4378 13.2589 -11.9432
v  99.2896 15.4865 -45.9713
v  -55.0236 13.2589 13.0401
v  62.3739 16.2050 -87.7374
v  108.5995 13.7761 17.6246
v  96.7624 16.2050 33.7000
v  19.4207 13.2589 45.8741
v  12.4824 14.8848 68.4410
v  72.0515 13.8516 -81.2419
v  -9.7116 6.9141 51.7911
v  -80.7343 13.7895 -26.4896
v  -41.3032 16.4843 -87.8654
v  -18.8608 14.2581 -92.8538
v  -18.8608 15.3071 -92.8538
v  82.2567 12.7889 11.5042
v  93.6592 15.6016 -55.3170
v  -84.6857 13.2499 28.8239
v  -33.9724 12.6367 70.7492
v  -24.0466 13.2589 -41.1158
# 301 vertices

vn 0.0538 0.9944 0.0913
vn 0.0075 0.9985 0.0546
vn 0.0135 0.9996 0.0247
vn 0.0019 -1.0000 0.0079
vn 0.1085 -0.9816 0.1573
vn -0.1565 -0.9450 0.2871
vn 0.0019 -1.0000 0.0079
vn 0.3098 -0.9195 0.2418
vn 0.0725 -0.9742 0.2137
vn 0.0725 -0.9742 0.2137
vn -0.0351 -0.9823 0.1840
vn 0.0019 -1.0000 0.0079
vn -0.0050 0.9999 -0.0149
vn 0.1179 0.9892 0.0876
vn 0.0922 0.9952 -0.0335
vn -0.0263 -0.9908 -0.1328
vn -0.0486 -0.9806 -0.1897
vn -0.0846 -0.9831 -0.1621
vn -0.0846 -0.9831 -0.1621
vn -0.0476 -0.9948 -0.0895
vn -0.0263 -0.9908 -0.1328
vn 0.0135 0.9996 0.0247
vn 0.0075 0.9985 0.0546
vn -0.0350 0.9993 -0.0134
vn -0.0050 0.9999 -0.0149
vn -0.0395 0.9991 0.0132
vn -0.0807 0.9944 0.0689
vn 0.0015 -0.9926 -0.1214
vn 0.0564 -0.9831 -0.1741
vn -0.0107 -0.9807 -0.1950
vn 0.0083 1.0000 0.0046
vn -0.0349 0.9993 -0.0125
vn -0.0226 0.9982 0.0553
vn 0.1085 -0.9816 0.1573
vn 0.0715 -0.9898 0.1232
vn 0.0674 -0.9886 0.1344
vn 0.0674 -0.9886 0.1344
vn -0.1565 -0.9450 0.2871
vn 0.1085 -0.9816 0.1573
vn -0.0832 -0.9942 -0.0677
vn -0.0476 -0.9948 -0.0895
vn -0.0846 -0.9831 -0.1621
vn -0.0846 -0.9831 -0.1621
vn -0.1375 -0.9859 -0.0951
vn -0.0832 -0.9942 -0.0677
vn -0.1938 -0.9687 -0.1551
vn -0.1765 -0.9804 -0.0878
vn 0.0019 -1.0000 0.0079
vn 0.0019 -1.0000 0.0079
vn -0.1619 -0.9866 0.0218
vn -0.1938 -0.9687 -0.1551
vn 0.1264 0.9873 0.0966
vn 0.0207 0.9995 -0.0229
vn 0.1176 0.9915 0.0557
vn 0.2079 -0.9677 0.1428
vn 0.3098 -0.9195 0.2418
vn 0.1800 -0.9409 0.2870
vn 0.1800 -0.9409 0.2870
vn 0.1282 -0.9848 0.1174
vn 0.2079 -0.9677 0.1428
vn 0.1653 -0.9861 -0.0156
vn 0.1680 -0.9845 0.0511
vn 0.0019 -1.0000 0.0079
vn 0.0019 -1.0000 0.0079
vn 0.1496 -0.9854 -0.0819
vn 0.1653 -0.9861 -0.0156
vn -0.0388 0.9991 0.0165
vn -0.0395 0.9991 0.0132
vn 0.0065 1.0000 -0.0047
vn -0.1345 -0.9860 0.0983
vn -0.1619 -0.9866 0.0218
vn 0.0019 -1.0000 0.0079
vn 0.0019 -1.0000 0.0079
vn -0.0907 -0.9836 0.1560
vn -0.1345 -0.9860 0.0983
vn -0.0050 0.9999 -0.0149
vn 0.0922 0.9952 -0.0335
vn 0.0483 0.9936 -0.1018
vn 0.0155 -0.9994 -0.0325
vn 0.0345 -0.9960 -0.0828
vn -0.0263 -0.9908 -0.1328
vn -0.0263 -0.9908 -0.1328
vn -0.0476 -0.9948 -0.0895
vn 0.0155 -0.9994 -0.0325
vn -0.0314 0.9991 -0.0282
vn 0.0135 0.9996 0.0247
vn -0.0350 0.9993 -0.0134
vn -0.0050 0.9999 -0.0149
vn -0.0349 0.9993 -0.0125
vn -0.1056 0.9939 -0.0313
vn -0.0646 -0.9877 0.1423
vn 0.1282 -0.9848 0.1174
vn 0.1800 -0.9409 0.2870
vn 0.1800 -0.9409 0.2870
vn -0.2337 -0.9256 0.2978
vn -0.0646 -0.9877 0.1423
vn 0.1092 0.9862 -0.1242
vn -0.0975 0.9868 -0.1290
vn -0.0058 0.9999 0.0149
vn -0.0050 0.9999 -0.0149
vn 0.0483 0.9936 -0.1018
vn 0.0207 0.9995 -0.0229
vn 0.0071 1.0000 -0.0045
vn -0.0388 0.9991 0.0165
vn 0.0065 1.0000 -0.0047
vn 0.1186 -0.9927 -0.0202
vn 0.0702 -0.9944 -0.0796
vn 0.0426 -0.9951 -0.0896
vn 0.0426 -0.9951 -0.0896
vn 0.0270 -0.9993 0.0261
vn 0.1186 -0.9927 -0.0202
vn -0.0629 0.9978 0.0221
vn 0.0140 0.9997 0.0180
vn -0.0750 0.9972 -0.0072
vn -0.0680 -0.9977 0.0064
vn 0.0532 -0.9893 0.1357
vn 0.0209 -0.9996 -0.0179
vn 0.0209 -0.9996 -0.0179
vn 0.0233 -0.9997 -0.0073
vn -0.0680 -0.9977 0.0064
vn 0.0155 -0.9994 -0.0325
vn -0.0476 -0.9948 -0.0895
vn -0.0014 -1.0000 -0.0074
vn -0.0648 0.9947 0.0801
vn 0.0216 0.9995 0.0213
vn -0.0317 0.9988 0.0372
vn 0.0269 0.9976 -0.0632
vn -0.0100 0.9995 0.0286
vn 0.0533 0.9981 -0.0303
vn 0.0371 -0.9918 -0.1225
vn 0.0247 -0.9980 -0.0581
vn 0.0145 -0.9977 -0.0670
vn -0.0020 0.9994 -0.0340
vn 0.0262 0.9997 0.0002
vn -0.0721 0.9941 0.0809
vn -0.0469 -0.9940 0.0985
vn 0.0256 -0.9996 -0.0101
vn -0.1126 -0.9933 -0.0258
vn -0.1126 -0.9933 -0.0258
vn -0.1393 -0.9902 0.0070
vn -0.0469 -0.9940 0.0985
vn -0.0594 0.9968 -0.0541
vn 0.0319 0.9994 -0.0120
vn -0.0584 0.9983 0.0034
vn 0.0075 -0.9999 -0.0105
vn -0.0838 -0.9962 -0.0232
vn -0.1159 -0.9931 0.0153
vn -0.1159 -0.9931 0.0153
vn 0.0017 -0.9985 0.0542
vn 0.0075 -0.9999 -0.0105
vn -0.0333 -0.9902 -0.1357
vn -0.0263 -0.9908 -0.1328
vn -0.0190 -0.9986 -0.0487
vn -0.0190 -0.9986 -0.0487
vn -0.0609 -0.9980 -0.0193
vn -0.0333 -0.9902 -0.1357
vn 0.0117 0.9999 -0.0083
vn 0.0167 0.9985 0.0527
vn 0.0477 0.9982 -0.0364
vn 0.0603 -0.9976 0.0347
vn -0.0483 -0.9988 0.0013
vn -0.0999 -0.9827 0.1560
vn -0.0999 -0.9827 0.1560
vn 0.0674 -0.9886 0.1344
vn 0.0603 -0.9976 0.0347
vn -0.0394 0.9986 0.0359
vn -0.0279 0.9990 -0.0342
vn -0.0443 0.9955 0.0832
vn 0.0515 0.9939 0.0972
vn -0.0256 0.9996 0.0134
vn 0.0663 0.9976 0.0200
vn 0.0270 -0.9993 0.0261
vn 0.0347 -0.9990 0.0299
vn 0.1137 -0.9931 0.0299
vn 0.1137 -0.9931 0.0299
vn 0.1186 -0.9927 -0.0202
vn 0.0270 -0.9993 0.0261
vn 0.0309 -0.9979 -0.0567
vn -0.0550 -0.9908 -0.1235
vn -0.0805 -0.9956 0.0482
vn 0.0159 0.9995 -0.0259
vn 0.0140 0.9997 0.0180
vn -0.0958 0.9873 -0.1270
vn -0.0038 1.0000 0.0060
vn 0.0319 0.9994 -0.0120
vn -0.0067 1.0000 0.0036
vn -0.0080 0.9999 -0.0100
vn 0.0871 0.9952 0.0440
vn -0.0107 0.9999 -0.0043
vn -0.1460 0.9855 -0.0869
vn -0.0020 0.9994 -0.0340
vn -0.1709 0.9850 -0.0245
vn 0.0094 -0.9982 0.0598
vn -0.0534 -0.9925 0.1096
vn -0.0462 -0.9884 0.1445
vn -0.0462 -0.9884 0.1445
vn -0.0198 -0.9984 0.0530
vn 0.0094 -0.9982 0.0598
vn 0.1223 -0.9898 0.0728
vn 0.1264 -0.9897 0.0675
vn 0.0872 -0.9952 0.0445
vn 0.0872 -0.9952 0.0445
vn 0.1166 -0.9932 -0.0021
vn 0.1223 -0.9898 0.0728
vn 0.0445 0.9977 0.0513
vn -0.0093 0.9994 -0.0332
vn 0.0466 0.9976 0.0510
vn 0.0332 -0.9992 0.0240
vn 0.0079 -0.9960 0.0896
vn 0.2079 -0.9677 0.1428
vn 0.2079 -0.9677 0.1428
vn 0.2140 -0.9761 0.0364
vn 0.0332 -0.9992 0.0240
vn 0.0754 0.9904 0.1155
vn 0.0122 0.9999 0.0038
vn 0.0266 0.9952 0.0941
vn -0.0402 0.9988 -0.0291
vn -0.0519 0.9970 0.0582
vn -0.0241 0.9991 0.0341
vn 0.2079 -0.9677 0.1428
vn 0.1282 -0.9848 0.1174
vn 0.2140 -0.9761 0.0364
vn 0.1221 -0.9910 -0.0550
vn 0.1653 -0.9861 -0.0156
vn 0.1496 -0.9854 -0.0819
vn 0.0141 0.9975 -0.0687
vn -0.0388 0.9991 0.0165
vn -0.0454 0.9954 -0.0843
vn -0.0866 0.9962 -0.0072
vn -0.0072 0.9992 0.0401
vn 0.0028 1.0000 -0.0028
vn 0.0090 0.9999 -0.0069
vn -0.0152 0.9989 0.0451
vn 0.0052 0.9999 -0.0088
vn 0.0625 0.9969 -0.0484
vn 0.0331 0.9993 0.0157
vn 0.0704 0.9938 -0.0858
vn -0.0899 -0.9954 0.0335
vn -0.0832 -0.9942 -0.0677
vn -0.0888 -0.9960 0.0080
vn -0.0556 -0.9944 0.0902
vn 0.0336 -0.9981 -0.0509
vn 0.0334 -0.9981 -0.0518
vn 0.0334 -0.9981 -0.0518
vn -0.0805 -0.9956 0.0482
vn -0.0556 -0.9944 0.0902
vn 0.1551 -0.9842 0.0849
vn -0.0556 -0.9944 0.0902
vn 0.1218 -0.9810 0.1511
vn 0.0549 -0.9946 -0.0876
vn 0.0371 -0.9918 -0.1225
vn -0.0159 -0.9985 -0.0532
vn -0.0159 -0.9985 -0.0532
vn -0.0828 -0.9950 -0.0564
vn 0.0549 -0.9946 -0.0876
vn 0.0535 0.9985 0.0073
vn -0.0100 0.9995 0.0286
vn 0.1083 0.9941 0.0087
vn -0.0300 0.9993 -0.0244
vn -0.0349 0.9993 -0.0125
vn 0.0083 1.0000 0.0046
vn 0.0628 0.9947 0.0814
vn -0.0300 0.9993 -0.0244
vn 0.0654 0.9934 -0.0940
vn -0.2337 -0.9256 0.2978
vn -0.0999 -0.9827 0.1560
vn -0.1706 -0.9801 0.1017
vn -0.1706 -0.9801 0.1017
vn -0.0646 -0.9877 0.1423
vn -0.2337 -0.9256 0.2978
vn -0.0483 -0.9988 0.0013
vn -0.0721 -0.9947 -0.0731
vn -0.1706 -0.9801 0.1017
vn -0.1706 -0.9801 0.1017
vn -0.0999 -0.9827 0.1560
vn -0.0483 -0.9988 0.0013
vn -0.0802 -0.9950 0.0600
vn 0.0458 -0.9737 0.2231
vn 0.0532 -0.9893 0.1357
vn 0.0532 -0.9893 0.1357
vn -0.0680 -0.9977 0.0064
vn -0.0802 -0.9950 0.0600
vn -0.0802 -0.9950 0.0600
vn -0.0388 -0.9991 0.0192
vn 0.0458 -0.9737 0.2231
vn 0.0019 -1.0000 0.0079
vn -0.0486 -0.9806 -0.1897
vn -0.0107 -0.9807 -0.1950
vn -0.0107 -0.9807 -0.1950
vn 0.0564 -0.9831 -0.1741
vn 0.0019 -1.0000 0.0079
vn 0.0019 -1.0000 0.0079
vn -0.1375 -0.9859 -0.0951
vn -0.0846 -0.9831 -0.1621
vn -0.0975 0.9868 -0.1290
vn 0.0139 0.9998 0.0129
vn -0.0058 0.9999 0.0149
vn -0.0924 -0.9936 -0.0646
vn 0.0203 -0.9928 -0.1182
vn -0.0080 -0.9541 -0.2993
vn -0.0765 0.9941 0.0770
vn 0.0140 0.9997 0.0180
vn -0.0394 0.9687 0.2452
vn 0.0319 0.9994 -0.0120
vn 0.0216 0.9995 0.0213
vn -0.0584 0.9983 0.0034
vn -0.0050 0.9999 -0.0149
vn 0.0331 0.9993 0.0157
vn 0.1053 0.9944 0.0034
vn 0.0564 -0.9831 -0.1741
vn 0.0015 -0.9926 -0.1214
vn 0.0371 -0.9918 -0.1225
vn 0.0549 -0.9946 -0.0876
vn 0.1125 -0.9911 -0.0715
vn 0.1225 -0.9846 -0.1250
vn -0.0924 -0.9936 -0.0646
vn -0.1853 -0.9794 -0.0804
vn -0.1938 -0.9687 -0.1551
vn -0.1938 -0.9687 -0.1551
vn -0.1619 -0.9866 0.0218
vn -0.0924 -0.9936 -0.0646
vn -0.0838 -0.9962 -0.0232
vn -0.1375 -0.9859 -0.0951
vn -0.1769 -0.9842 -0.0013
vn -0.1769 -0.9842 -0.0013
vn -0.1159 -0.9931 0.0153
vn -0.0838 -0.9962 -0.0232
vn -0.0023 1.0000 0.0084
vn -0.0020 0.9994 -0.0340
vn -0.0010 1.0000 0.0093
vn 0.0207 0.9995 -0.0229
vn -0.0020 0.9994 -0.0340
vn -0.0036 1.0000 0.0082
vn -0.0443 0.9955 0.0832
vn 0.0182 0.9990 0.0405
vn -0.0402 0.9881 0.1482
vn 0.1680 -0.9845 0.0511
vn 0.1653 -0.9861 -0.0156
vn 0.1186 -0.9927 -0.0202
vn 0.1186 -0.9927 -0.0202
vn 0.1137 -0.9931 0.0299
vn 0.1680 -0.9845 0.0511
vn 0.1502 -0.9828 0.1077
vn 0.1264 -0.9897 0.0675
vn 0.1223 -0.9898 0.0728
vn 0.0738 -0.9969 -0.0275
vn 0.0774 -0.9969 -0.0136
vn 0.1221 -0.9910 -0.0550
vn 0.1221 -0.9910 -0.0550
vn 0.0583 -0.9969 -0.0536
vn 0.0738 -0.9969 -0.0275
vn 0.0065 1.0000 -0.0046
vn -0.0395 0.9991 0.0132
vn 0.0075 1.0000 -0.0037
vn -0.0279 0.9990 -0.0342
vn 0.0106 0.9998 -0.0147
vn -0.0443 0.9955 0.0832
vn -0.0050 0.9999 -0.0149
vn 0.0993 0.9786 -0.1800
vn -0.0093 0.9994 -0.0332
vn -0.0673 0.9936 0.0905
vn 0.0262 0.9997 0.0002
vn 0.0151 0.9873 0.1584
vn -0.0068 1.0000 0.0057
vn 0.0159 0.9995 -0.0259
vn -0.0889 0.9746 -0.2057
vn 0.0079 -0.9960 0.0896
vn -0.0451 -0.9990 -0.0017
vn 0.0256 -0.9996 -0.0101
vn 0.0256 -0.9996 -0.0101
vn -0.0469 -0.9940 0.0985
vn 0.0079 -0.9960 0.0896
vn -0.0050 0.9999 -0.0149
vn -0.0342 0.9942 0.1024
vn -0.0072 0.9992 0.0401
vn -0.0072 0.9992 0.0401
vn -0.0152 0.9989 0.0451
vn 0.0031 1.0000 -0.0050
vn -0.0060 -0.9975 -0.0706
vn -0.0903 -0.9942 -0.0579
vn 0.0129 -0.9986 -0.0506
vn -0.0402 0.9988 -0.0291
vn -0.0975 0.9868 -0.1290
vn -0.0050 0.9999 -0.0149
vn -0.0050 0.9999 -0.0149
vn -0.0975 0.9868 -0.1290
vn 0.1092 0.9862 -0.1242
vn 0.0015 -0.9926 -0.1214
vn 0.0906 -0.9946 -0.0512
vn -0.0150 -0.9975 -0.0697
vn 0.0015 -0.9926 -0.1214
vn -0.0150 -0.9975 -0.0697
vn -0.0004 -0.9982 -0.0602
vn -0.0004 -0.9982 -0.0602
vn 0.0371 -0.9918 -0.1225
vn 0.0015 -0.9926 -0.1214
vn 0.0194 -0.9985 -0.0512
vn -0.0159 -0.9985 -0.0532
vn 0.0371 -0.9918 -0.1225
vn 0.0371 -0.9918 -0.1225
vn -0.0007 -0.9978 -0.0658
vn 0.0194 -0.9985 -0.0512
vn 0.0005 1.0000 -0.0091
vn -0.0152 0.9989 0.0451
vn 0.0038 1.0000 -0.0067
vn -0.0080 -0.9541 -0.2993
vn -0.0038 -0.9999 -0.0100
vn -0.0452 -0.9971 -0.0614
vn -0.0452 -0.9971 -0.0614
vn -0.0924 -0.9936 -0.0646
vn -0.0080 -0.9541 -0.2993
vn -0.1337 -0.9904 0.0354
vn -0.0160 -0.9906 0.1360
vn -0.0357 -0.9989 0.0290
vn -0.0357 -0.9989 0.0290
vn -0.0438 -0.9990 0.0118
vn -0.1337 -0.9904 0.0354
vn 0.0746 -0.9962 0.0453
vn 0.1353 -0.9891 0.0581
vn 0.1125 -0.9911 -0.0715
vn 0.0585 -0.9968 -0.0551
vn 0.1221 -0.9910 -0.0550
vn 0.1125 -0.9911 -0.0715
vn 0.1125 -0.9911 -0.0715
vn 0.0639 -0.9965 -0.0533
vn 0.0585 -0.9968 -0.0551
vn -0.1565 -0.9450 0.2871
vn -0.2163 -0.9263 0.3084
vn 0.0019 -1.0000 0.0079
vn 0.0019 -1.0000 0.0079
vn -0.2163 -0.9263 0.3084
vn 0.1437 -0.9557 0.2568
vn 0.1437 -0.9557 0.2568
vn 0.3098 -0.9195 0.2418
vn 0.0019 -1.0000 0.0079
vn -0.0519 0.9970 0.0582
vn -0.2977 0.9497 -0.0969
vn -0.0241 0.9991 0.0341
vn 0.3871 -0.9174 0.0919
vn 0.5901 -0.7022 0.3983
vn 0.0332 -0.9992 0.0240
vn 0.0332 -0.9992 0.0240
vn 0.2140 -0.9761 0.0364
vn 0.3871 -0.9174 0.0919
vn 0.0603 -0.9976 0.0347
vn 0.0674 -0.9886 0.1344
vn 0.0899 -0.9938 0.0647
vn 0.0715 -0.9898 0.1232
vn 0.1223 -0.9898 0.0728
vn 0.0248 -0.9994 0.0229
vn 0.0248 -0.9994 0.0229
vn 0.0262 -0.9994 0.0228
vn 0.0715 -0.9898 0.1232
vn -0.0726 0.9942 0.0792
vn -0.0020 0.9994 -0.0340
vn -0.0721 0.9941 0.0809
vn -0.0226 0.9982 0.0553
vn -0.0349 0.9993 -0.0125
vn -0.0056 0.9968 0.0802
vn 0.1223 -0.9898 0.0728
vn 0.1166 -0.9932 -0.0021
vn 0.0729 -0.9973 -0.0044
vn 0.0346 -0.9896 0.1395
vn 0.1264 -0.9897 0.0675
vn 0.0348 -0.9994 -0.0047
vn 0.0620 0.9976 0.0314
vn -0.0300 0.9993 -0.0244
vn 0.0564 0.9949 0.0836
vn 0.0373 -0.9993 0.0101
vn 0.0348 -0.9994 -0.0047
vn 0.1264 -0.9897 0.0675
vn 0.1264 -0.9897 0.0675
vn 0.0349 -0.9993 0.0096
vn 0.0373 -0.9993 0.0101
vn -0.0402 0.9988 -0.0291
vn -0.0241 0.9991 0.0341
vn 0.0139 0.9998 0.0129
vn -0.0975 0.9868 -0.1290
vn -0.0402 0.9988 -0.0291
vn 0.0139 0.9998 0.0129
vn 0.0549 -0.9946 -0.0876
vn -0.0077 -1.0000 -0.0021
vn 0.0198 -0.9997 0.0125
vn 0.0198 -0.9997 0.0125
vn 0.0044 -1.0000 -0.0087
vn 0.0549 -0.9946 -0.0876
vn 0.0044 -1.0000 -0.0087
vn 0.0746 -0.9962 0.0453
vn 0.1125 -0.9911 -0.0715
vn 0.1125 -0.9911 -0.0715
vn 0.0549 -0.9946 -0.0876
vn 0.0044 -1.0000 -0.0087
vn -0.0010 1.0000 0.0093
vn -0.0020 0.9994 -0.0340
vn -0.0012 1.0000 0.0085
vn -0.0534 -0.9925 0.1096
vn 0.0094 -0.9982 0.0598
vn -0.0707 -0.9974 0.0146
vn -0.0707 -0.9974 0.0146
vn -0.0666 -0.9974 0.0279
vn -0.0534 -0.9925 0.1096
vn -0.0103 0.9990 -0.0424
vn -0.0072 0.9992 0.0401
vn -0.1007 0.9945 -0.0284
vn 0.0015 -0.9926 -0.1214
vn -0.0333 -0.9902 -0.1357
vn -0.0005 -0.9999 -0.0136
vn -0.0005 -0.9999 -0.0136
vn 0.0974 -0.9948 -0.0305
vn 0.0015 -0.9926 -0.1214
vn -0.0367 -0.9988 -0.0322
vn -0.0888 -0.9960 0.0080
vn -0.0832 -0.9942 -0.0677
vn -0.0832 -0.9942 -0.0677
vn -0.0367 -0.9987 -0.0367
vn -0.0367 -0.9988 -0.0322
vn -0.0034 1.0000 0.0042
vn 0.0331 0.9993 0.0157
vn -0.0034 1.0000 0.0052
vn 0.1092 0.9862 -0.1242
vn -0.0058 0.9999 0.0149
vn 0.0182 0.9990 0.0405
vn 0.0106 0.9998 -0.0147
vn 0.0182 0.9990 0.0405
vn -0.0443 0.9955 0.0832
vn -0.0198 -0.9984 0.0530
vn -0.0462 -0.9884 0.1445
vn -0.0469 -0.9940 0.0985
vn -0.0469 -0.9940 0.0985
vn -0.1393 -0.9902 0.0070
vn -0.0198 -0.9984 0.0530
vn 0.1176 0.9915 0.0557
vn 0.0207 0.9995 -0.0229
vn -0.0036 1.0000 0.0082
vn -0.0058 0.9999 0.0149
vn -0.0000 1.0000 0.0000
vn 0.0182 0.9990 0.0405
vn -0.1706 -0.9801 0.1017
vn -0.0038 -0.9999 -0.0100
vn -0.0038 -0.9999 -0.0100
vn -0.0038 -0.9999 -0.0100
vn -0.0646 -0.9877 0.1423
vn -0.1706 -0.9801 0.1017
vn -0.0805 -0.9956 0.0482
vn -0.0550 -0.9908 -0.1235
vn -0.0861 -0.9941 -0.0664
vn 0.0151 0.9873 0.1584
vn 0.0262 0.9997 0.0002
vn 0.0442 0.9944 0.0958
vn -0.0958 0.9873 -0.1270
vn 0.0140 0.9997 0.0180
vn -0.0629 0.9978 0.0221
vn -0.0764 -0.9952 -0.0613
vn -0.0426 -0.9988 -0.0260
vn 0.2140 -0.9761 0.0364
vn 0.2140 -0.9761 0.0364
vn 0.1282 -0.9848 0.1174
vn -0.0764 -0.9952 -0.0613
vn 0.0000 1.0000 0.0000
vn -0.0241 0.9991 0.0341
vn 0.0000 1.0000 -0.0000
vn 0.0079 -0.9960 0.0896
vn -0.0469 -0.9940 0.0985
vn -0.0351 -0.9823 0.1840
vn -0.0556 -0.9944 0.0902
vn -0.0805 -0.9956 0.0482
vn -0.1345 -0.9860 0.0983
vn -0.1345 -0.9860 0.0983
vn -0.0907 -0.9836 0.1560
vn -0.0556 -0.9944 0.0902
vn -0.0452 -0.9971 -0.0614
vn -0.0592 -0.9977 -0.0320
vn -0.1853 -0.9794 -0.0804
vn -0.1853 -0.9794 -0.0804
vn -0.0924 -0.9936 -0.0646
vn -0.0452 -0.9971 -0.0614
vn -0.0050 0.9999 -0.0149
vn -0.1056 0.9939 -0.0313
vn -0.0256 0.9996 0.0134
vn -0.0256 0.9996 0.0134
vn -0.0300 0.9993 -0.0244
vn 0.0663 0.9976 0.0200
vn -0.0050 0.9999 -0.0149
vn 0.1193 0.9912 0.0580
vn 0.1179 0.9892 0.0876
vn 0.0140 0.9997 0.0180
vn 0.0871 0.9952 0.0440
vn -0.0080 0.9999 -0.0100
vn 0.1284 0.9917 -0.0004
vn -0.0093 0.9994 -0.0332
vn 0.1197 0.9922 -0.0345
vn 0.0674 -0.9886 0.1344
vn 0.0715 -0.9898 0.1232
vn -0.0730 -0.9880 0.1365
vn -0.0730 -0.9880 0.1365
vn 0.0899 -0.9938 0.0647
vn 0.0674 -0.9886 0.1344
vn 0.3765 -0.0027 0.9264
vn 0.3394 -0.0025 0.9407
vn 0.6719 -0.0029 0.7406
vn 0.6719 -0.0029 0.7406
vn 0.6930 -0.0030 0.7209
vn 0.3765 -0.0027 0.9264
vn 0.0079 -0.9960 0.0896
vn 0.0332 -0.9992 0.0240
vn -0.0451 -0.9990 -0.0017
vn -0.0067 1.0000 0.0036
vn 0.0319 0.9994 -0.0120
vn -0.0296 0.9967 -0.0761
vn -0.0279 -0.9963 0.0818
vn -0.1159 -0.9931 0.0153
vn -0.1337 -0.9904 0.0354
vn -0.1337 -0.9904 0.0354
vn -0.0438 -0.9990 0.0118
vn -0.0279 -0.9963 0.0818
vn -0.1765 -0.9804 -0.0878
vn -0.1853 -0.9794 -0.0804
vn -0.1337 -0.9904 0.0354
vn -0.1337 -0.9904 0.0354
vn -0.1769 -0.9842 -0.0013
vn -0.1765 -0.9804 -0.0878
vn -0.1769 -0.9842 -0.0013
vn -0.1375 -0.9859 -0.0951
vn 0.0019 -1.0000 0.0079
vn 0.0019 -1.0000 0.0079
vn -0.1765 -0.9804 -0.0878
vn -0.1769 -0.9842 -0.0013
vn 0.0090 0.9999 0.0046
vn -0.0300 0.9993 -0.0244
vn 0.0082 1.0000 0.0049
vn 0.0860 -0.9953 0.0443
vn 0.0872 -0.9952 0.0445
vn 0.1264 -0.9897 0.0675
vn 0.1264 -0.9897 0.0675
vn 0.0949 -0.9946 0.0409
vn 0.0860 -0.9953 0.0443
vn -0.0050 0.9999 0.0090
vn 0.0319 0.9994 -0.0120
vn -0.0038 1.0000 0.0060
vn 0.1264 -0.9897 0.0675
vn 0.1502 -0.9828 0.1077
vn 0.1680 -0.9845 0.0511
vn 0.1680 -0.9845 0.0511
vn 0.1502 -0.9828 0.1077
vn 0.0019 -1.0000 0.0079
vn -0.0680 -0.9977 0.0064
vn -0.0924 -0.9936 -0.0646
vn -0.1619 -0.9866 0.0218
vn -0.1619 -0.9866 0.0218
vn -0.0802 -0.9950 0.0600
vn -0.0680 -0.9977 0.0064
vn 0.0371 -0.9918 -0.1225
vn -0.0004 -0.9982 -0.0602
vn 0.0247 -0.9980 -0.0581
vn 0.0031 1.0000 -0.0050
vn -0.0152 0.9989 0.0451
vn 0.0090 0.9999 -0.0069
vn -0.6386 -0.0019 0.7695
vn -0.6818 -0.0019 0.7316
vn -0.6820 -0.0019 0.7314
vn -0.6820 -0.0019 0.7314
vn -0.6382 -0.0019 0.7698
vn -0.6386 -0.0019 0.7695
vn -0.6870 -0.0019 0.7266
vn -0.6452 -0.0021 0.7640
vn -0.6529 -0.0018 0.7574
vn -0.6529 -0.0018 0.7574
vn -0.5973 -0.0020 0.8020
vn -0.6870 -0.0019 0.7266
vn -0.0394 0.9687 0.2452
vn 0.0140 0.9997 0.0180
vn -0.0080 0.9999 -0.0100
vn 0.0075 1.0000 -0.0019
vn -0.0395 0.9991 0.0132
vn 0.0188 0.9969 0.0769
vn 0.0702 -0.9944 -0.0796
vn 0.1186 -0.9927 -0.0202
vn 0.1221 -0.9910 -0.0550
vn 0.1221 -0.9910 -0.0550
vn 0.0774 -0.9969 -0.0136
vn 0.0702 -0.9944 -0.0796
vn 0.1264 -0.9897 0.0675
vn 0.1137 -0.9931 0.0299
vn 0.0380 -0.9993 -0.0065
vn 0.0380 -0.9993 -0.0065
vn 0.0349 -0.9993 0.0096
vn 0.1264 -0.9897 0.0675
vn 0.0623 0.9981 0.0026
vn -0.0300 0.9993 -0.0244
vn 0.0620 0.9976 0.0314
vn -0.0838 -0.9962 -0.0232
vn 0.0075 -0.9999 -0.0105
vn 0.0129 -0.9986 -0.0506
vn -0.0584 0.9983 0.0034
vn 0.0216 0.9995 0.0213
vn -0.0600 0.9974 0.0396
vn -0.0832 -0.9942 -0.0677
vn -0.0903 -0.9942 -0.0579
vn -0.0060 -0.9975 -0.0706
vn -0.0060 -0.9975 -0.0706
vn -0.0367 -0.9987 -0.0367
vn -0.0832 -0.9942 -0.0677
vn -0.0317 0.9988 0.0372
vn 0.0331 0.9993 0.0157
vn -0.0034 1.0000 0.0042
vn -0.0556 -0.9944 0.0902
vn -0.0534 -0.9925 0.1096
vn -0.0666 -0.9974 0.0279
vn -0.0666 -0.9974 0.0279
vn 0.1218 -0.9810 0.1511
vn -0.0556 -0.9944 0.0902
vn -0.0012 1.0000 0.0085
vn -0.0020 0.9994 -0.0340
vn -0.1460 0.9855 -0.0869
vn 0.1125 -0.9911 -0.0715
vn 0.1221 -0.9910 -0.0550
vn 0.1496 -0.9854 -0.0819
vn -0.0159 0.9980 -0.0613
vn 0.0135 0.9996 0.0247
vn -0.0314 0.9991 -0.0282
vn -0.0024 -1.0000 -0.0051
vn -0.0014 -1.0000 -0.0074
vn -0.0476 -0.9948 -0.0895
vn -0.0750 0.9972 -0.0072
vn 0.0140 0.9997 0.0180
vn -0.0765 0.9941 0.0770
vn -0.0924 -0.9936 -0.0646
vn -0.0680 -0.9977 0.0064
vn 0.0233 -0.9997 -0.0073
vn 0.0233 -0.9997 -0.0073
vn 0.0203 -0.9928 -0.1182
vn -0.0924 -0.9936 -0.0646
vn 0.1353 -0.9891 0.0581
vn 0.0669 -0.9961 -0.0576
vn 0.1125 -0.9911 -0.0715
vn -0.0454 0.9954 -0.0843
vn -0.0388 0.9991 0.0165
vn 0.0074 1.0000 -0.0050
vn -0.6058 -0.0026 0.7956
vn -0.6233 -0.0025 0.7820
vn -0.6181 -0.0023 0.7861
vn -0.6181 -0.0023 0.7861
vn -0.6182 -0.0023 0.7860
vn -0.6058 -0.0026 0.7956
vn -0.0462 -0.9884 0.1445
vn -0.0907 -0.9836 0.1560
vn -0.0351 -0.9823 0.1840
vn -0.0351 -0.9823 0.1840
vn -0.0469 -0.9940 0.0985
vn -0.0462 -0.9884 0.1445
vn 0.1221 -0.9910 -0.0550
vn 0.0585 -0.9968 -0.0551
vn 0.0583 -0.9969 -0.0536
vn 0.0065 1.0000 -0.0047
vn -0.0395 0.9991 0.0132
vn 0.0065 1.0000 -0.0046
vn -0.0050 0.9999 -0.0149
vn -0.0807 0.9944 0.0689
vn -0.0342 0.9942 0.1024
vn -0.0100 0.9995 0.0286
vn -0.0388 0.9991 0.0165
vn 0.0533 0.9981 -0.0303
vn 0.0533 0.9981 -0.0303
vn -0.0388 0.9991 0.0165
vn 0.0141 0.9975 -0.0687
vn -0.0815 -0.9917 0.0999
vn -0.0730 -0.9880 0.1365
vn 0.0715 -0.9898 0.1232
vn 0.0715 -0.9898 0.1232
vn 0.0262 -0.9994 0.0228
vn -0.0815 -0.9917 0.0999
vn 0.0466 0.9976 0.0510
vn -0.0093 0.9994 -0.0332
vn 0.1284 0.9917 -0.0004
vn 0.0371 -0.9918 -0.1225
vn 0.0145 -0.9977 -0.0670
vn -0.0007 -0.9978 -0.0658
vn 0.0052 0.9999 -0.0088
vn -0.0152 0.9989 0.0451
vn 0.0005 1.0000 -0.0091
vn -0.0350 0.9993 -0.0134
vn 0.0075 0.9985 0.0546
vn -0.0423 0.9987 0.0273
vn -0.0519 0.9970 0.0582
vn 0.0122 0.9999 0.0038
vn 0.0754 0.9904 0.1155
vn 0.3765 -0.0027 0.9264
vn 0.4292 -0.0035 0.9032
vn 0.4159 -0.0033 0.9094
vn 0.4159 -0.0033 0.9094
vn 0.3394 -0.0025 0.9407
vn 0.3765 -0.0027 0.9264
vn 0.0549 -0.9946 -0.0876
vn 0.1225 -0.9846 -0.1250
vn 0.0564 -0.9831 -0.1741
vn 0.0019 -1.0000 0.0079
vn 0.0564 -0.9831 -0.1741
vn 0.1225 -0.9846 -0.1250
vn 0.0172 0.9990 -0.0423
vn 0.0167 0.9985 0.0527
vn -0.0103 0.9990 -0.0424
vn -0.0333 -0.9902 -0.1357
vn -0.0339 -0.9993 -0.0124
vn -0.0005 -0.9999 -0.0136
vn -0.2337 -0.9256 0.2978
vn 0.1800 -0.9409 0.2870
vn -0.2163 -0.9263 0.3084
vn -0.2163 -0.9263 0.3084
vn -0.1565 -0.9450 0.2871
vn -0.2337 -0.9256 0.2978
vn -0.0999 -0.9827 0.1560
vn -0.1565 -0.9450 0.2871
vn 0.0674 -0.9886 0.1344
vn 0.0334 0.9970 -0.0703
vn -0.0100 0.9995 0.0286
vn 0.0269 0.9976 -0.0632
vn -0.3561 -0.0024 0.9345
vn -0.3572 -0.0024 0.9340
vn -0.2982 -0.0026 0.9545
vn -0.2982 -0.0026 0.9545
vn -0.3036 -0.0026 0.9528
vn -0.3561 -0.0024 0.9345
vn -0.3278 -0.0023 0.9448
vn -0.3815 -0.0022 0.9244
vn -0.3572 -0.0024 0.9340
vn -0.3572 -0.0024 0.9340
vn -0.3561 -0.0024 0.9345
vn -0.3278 -0.0023 0.9448
vn -0.0357 -0.9989 0.0290
vn -0.0038 -0.9999 -0.0100
vn -0.0438 -0.9990 0.0118
vn -0.0038 1.0000 0.0060
vn -0.0067 1.0000 0.0036
vn -0.0000 1.0000 0.0000
vn -0.2721 -0.0083 0.9622
vn -0.2733 -0.0084 0.9619
vn -0.4954 -0.0065 0.8686
vn -0.4954 -0.0065 0.8686
vn -0.4977 -0.0065 0.8673
vn -0.2721 -0.0083 0.9622
vn -0.9719 0.0056 -0.2353
vn -0.9726 0.0056 -0.2322
vn -0.4217 0.0098 -0.9067
vn -0.4217 0.0098 -0.9067
vn -0.4216 0.0097 -0.9067
vn -0.9719 0.0056 -0.2353
vn -0.0050 0.9999 -0.0149
vn 0.0207 0.9995 -0.0229
vn 0.0122 0.9999 0.0038
vn 0.0122 0.9999 0.0038
vn 0.0207 0.9995 -0.0229
vn 0.0266 0.9952 0.0941
vn -0.0402 0.9881 0.1482
vn 0.0182 0.9990 0.0405
vn 0.2178 0.9753 0.0355
vn 0.0939 -0.9595 -0.2654
vn 0.3121 -0.8619 -0.3997
vn -0.0721 -0.9947 -0.0731
vn -0.0721 -0.9947 -0.0731
vn -0.0483 -0.9988 0.0013
vn 0.0939 -0.9595 -0.2654
vn 0.0725 -0.9742 0.2137
vn 0.2079 -0.9677 0.1428
vn 0.0079 -0.9960 0.0896
vn 0.0079 -0.9960 0.0896
vn -0.0351 -0.9823 0.1840
vn 0.0725 -0.9742 0.2137
vn -0.7801 -0.0020 0.6257
vn -0.8131 -0.0017 0.5821
vn -0.7595 -0.0020 0.6505
vn -0.7595 -0.0020 0.6505
vn -0.7596 -0.0019 0.6504
vn -0.7801 -0.0020 0.6257
vn -0.6778 -0.0024 0.7352
vn -0.6233 -0.0025 0.7820
vn -0.6058 -0.0026 0.7956
vn -0.6058 -0.0026 0.7956
vn -0.7047 -0.0022 0.7095
vn -0.6778 -0.0024 0.7352
vn -0.0050 0.9999 -0.0149
vn 0.1053 0.9944 0.0034
vn 0.1193 0.9912 0.0580
vn 0.0871 0.9952 0.0440
vn 0.0319 0.9994 -0.0120
vn -0.0050 0.9999 0.0090
vn 0.0028 1.0000 -0.0028
vn -0.0072 0.9992 0.0401
vn 0.0031 1.0000 -0.0050
vn 0.0019 -1.0000 0.0079
vn -0.0846 -0.9831 -0.1621
vn -0.0486 -0.9806 -0.1897
vn -0.0333 -0.9902 -0.1357
vn 0.0015 -0.9926 -0.1214
vn -0.0107 -0.9807 -0.1950
vn 0.6608 -0.0038 0.7505
vn 0.6607 -0.0037 0.7506
vn 0.6503 -0.0040 0.7597
vn 0.6503 -0.0040 0.7597
vn 0.6502 -0.0041 0.7597
vn 0.6608 -0.0038 0.7505
vn 0.8476 -0.0042 0.5305
vn 0.8547 -0.0042 0.5190
vn 0.6307 -0.0042 0.7760
vn 0.6307 -0.0042 0.7760
vn 0.6211 -0.0042 0.7837
vn 0.8476 -0.0042 0.5305
vn -0.4411 0.0098 -0.8974
vn -0.4412 0.0098 -0.8973
vn -0.4216 0.0097 -0.9067
vn -0.4216 0.0097 -0.9067
vn -0.4217 0.0098 -0.9067
vn -0.4411 0.0098 -0.8974
vn -0.8086 0.0078 -0.5884
vn -0.8385 0.0075 -0.5448
vn -0.8152 0.0080 -0.5791
vn -0.8152 0.0080 -0.5791
vn -0.8148 0.0081 -0.5797
vn -0.8086 0.0078 -0.5884
vn -0.1404 -0.0029 0.9901
vn -0.1511 -0.0027 0.9885
vn -0.3036 -0.0026 0.9528
vn -0.3036 -0.0026 0.9528
vn -0.2982 -0.0026 0.9545
vn -0.1404 -0.0029 0.9901
vn -0.1404 -0.0029 0.9901
vn -0.0945 -0.0036 0.9955
vn -0.0774 -0.0035 0.9970
vn -0.0774 -0.0035 0.9970
vn -0.1511 -0.0027 0.9885
vn -0.1404 -0.0029 0.9901
vn -0.1853 -0.9794 -0.0804
vn -0.0592 -0.9977 -0.0320
vn -0.0160 -0.9906 0.1360
vn -0.0160 -0.9906 0.1360
vn -0.1337 -0.9904 0.0354
vn -0.1853 -0.9794 -0.0804
vn 0.1085 -0.9816 0.1573
vn 0.1502 -0.9828 0.1077
vn 0.1223 -0.9898 0.0728
vn 0.1223 -0.9898 0.0728
vn 0.0715 -0.9898 0.1232
vn 0.1085 -0.9816 0.1573
vn 0.1437 -0.9557 0.2568
vn -0.2163 -0.9263 0.3084
vn 0.1800 -0.9409 0.2870
vn 0.1800 -0.9409 0.2870
vn 0.3098 -0.9195 0.2418
vn 0.1437 -0.9557 0.2568
vn -0.0050 0.9999 -0.0149
vn -0.0093 0.9994 -0.0332
vn -0.0349 0.9993 -0.0125
vn -0.0349 0.9993 -0.0125
vn -0.0093 0.9994 -0.0332
vn 0.0445 0.9977 0.0513
vn -0.0004 -0.0028 1.0000
vn -0.3815 -0.0022 0.9244
vn -0.3278 -0.0023 0.9448
vn -0.3278 -0.0023 0.9448
vn -0.0003 -0.0028 1.0000
vn -0.0004 -0.0028 1.0000
vn 0.4159 -0.0033 0.9094
vn 0.4292 -0.0035 0.9032
vn 0.3806 -0.0032 0.9247
vn 0.3806 -0.0032 0.9247
vn 0.3744 -0.0032 0.9273
vn 0.4159 -0.0033 0.9094
vn 0.0268 0.9931 0.1138
vn -0.0072 0.9992 0.0401
vn 0.0167 0.9985 0.0527
vn 0.0167 0.9985 0.0527
vn -0.0072 0.9992 0.0401
vn -0.0103 0.9990 -0.0424
vn 0.0669 -0.9961 -0.0576
vn 0.0639 -0.9965 -0.0533
vn 0.1125 -0.9911 -0.0715
vn 0.0074 1.0000 -0.0050
vn -0.0388 0.9991 0.0165
vn 0.0071 1.0000 -0.0045
vn -0.6382 -0.0019 0.7698
vn -0.5973 -0.0020 0.8020
vn -0.6529 -0.0018 0.7574
vn -0.6529 -0.0018 0.7574
vn -0.6386 -0.0019 0.7695
vn -0.6382 -0.0019 0.7698
vn -0.1709 0.9850 -0.0245
vn -0.0020 0.9994 -0.0340
vn -0.0726 0.9942 0.0792
vn -0.4592 0.0104 0.8883
vn -0.4619 -0.0026 0.8869
vn -0.2359 0.1260 0.9636
vn -0.2359 0.1260 0.9636
vn 0.0419 0.0121 0.9990
vn -0.4592 0.0104 0.8883
vn 0.3971 -0.0039 0.9178
vn 0.4067 -0.0039 0.9135
vn 0.0419 0.0121 0.9990
vn 0.0419 0.0121 0.9990
vn 0.0294 -0.0033 0.9996
vn 0.3971 -0.0039 0.9178
vn 0.0663 0.9976 0.0200
vn -0.0300 0.9993 -0.0244
vn 0.0649 0.9978 0.0156
vn 0.8810 -0.0050 0.4732
vn 0.8810 -0.0050 0.4730
vn 0.8716 -0.0047 0.4903
vn 0.8716 -0.0047 0.4903
vn 0.8716 -0.0047 0.4902
vn 0.8810 -0.0050 0.4732
vn 0.8731 -0.0044 0.4876
vn 0.8547 -0.0042 0.5190
vn 0.8476 -0.0042 0.5305
vn 0.8476 -0.0042 0.5305
vn 0.8728 -0.0044 0.4880
vn 0.8731 -0.0044 0.4876
vn 0.8968 -0.0030 0.4425
vn 0.8934 -0.0029 0.4493
vn 0.7467 -0.0045 0.6651
vn 0.7467 -0.0045 0.6651
vn 0.7489 -0.0045 0.6627
vn 0.8968 -0.0030 0.4425
vn 0.6947 -0.0044 0.7192
vn 0.6917 -0.0044 0.7222
vn 0.7489 -0.0045 0.6627
vn 0.7489 -0.0045 0.6627
vn 0.7467 -0.0045 0.6651
vn 0.6947 -0.0044 0.7192
vn -0.9509 0.0004 0.3095
vn -0.9511 0.0004 0.3088
vn -0.8838 -0.0009 0.4679
vn -0.8838 -0.0009 0.4679
vn -0.8898 -0.0008 0.4564
vn -0.9509 0.0004 0.3095
vn 0.0564 0.9949 0.0836
vn -0.0300 0.9993 -0.0244
vn 0.0628 0.9947 0.0814
vn -0.0036 1.0000 0.0082
vn -0.0020 0.9994 -0.0340
vn -0.0023 1.0000 0.0084
vn 0.0371 -0.9918 -0.1225
vn 0.0549 -0.9946 -0.0876
vn 0.0564 -0.9831 -0.1741
vn 0.0483 0.9936 -0.1018
vn 0.0922 0.9952 -0.0335
vn 0.0262 0.9997 0.0002
vn 0.0262 0.9997 0.0002
vn 0.0159 0.9995 -0.0259
vn 0.0442 0.9944 0.0958
vn -0.0034 1.0000 0.0052
vn 0.0331 0.9993 0.0157
vn 0.0625 0.9969 -0.0484
vn -0.9726 0.0056 -0.2322
vn -0.9719 0.0056 -0.2353
vn -0.4977 -0.0065 0.8673
vn -0.4977 -0.0065 0.8673
vn -0.4954 -0.0065 0.8686
vn -0.9726 0.0056 -0.2322
vn -0.0402 0.9881 0.1482
vn 0.2178 0.9753 0.0355
vn -0.3161 0.8639 0.3921
vn -0.5323 0.0000 -0.8465
vn -0.5478 0.0000 -0.8366
vn -0.2448 0.0000 -0.9696
vn -0.2448 0.0000 -0.9696
vn -0.2276 0.0000 -0.9737
vn -0.5323 0.0000 -0.8465
vn -0.4757 0.0000 -0.8796
vn -0.6771 0.0000 -0.7359
vn -0.6777 0.0000 -0.7353
vn -0.6777 0.0000 -0.7353
vn -0.4750 0.0000 -0.8800
vn -0.4757 0.0000 -0.8796
vn -0.1007 0.9945 -0.0284
vn -0.0072 0.9992 0.0401
vn -0.0866 0.9962 -0.0072
vn 0.0974 -0.9948 -0.0305
vn 0.0906 -0.9946 -0.0512
vn 0.0015 -0.9926 -0.1214
vn 0.0000 1.0000 0.0000
vn -0.0394 0.9687 0.2452
vn -0.0080 0.9999 -0.0100
vn -0.6452 -0.0021 0.7640
vn -0.6870 -0.0019 0.7266
vn -0.0774 -0.0035 0.9970
vn -0.0774 -0.0035 0.9970
vn -0.0945 -0.0036 0.9955
vn -0.6452 -0.0021 0.7640
vn -0.4884 0.0507 0.8712
vn -0.4655 -0.0037 0.8851
vn -0.7321 -0.0020 0.6812
vn -0.7321 -0.0020 0.6812
vn -0.7316 -0.0020 0.6817
vn -0.4884 0.0507 0.8712
vn -0.7321 -0.0020 0.6812
vn -0.9804 0.0007 0.1972
vn -0.9858 0.0009 0.1678
vn -0.9858 0.0009 0.1678
vn -0.7316 -0.0020 0.6817
vn -0.7321 -0.0020 0.6812
vn -0.9976 0.0047 0.0697
vn -0.9977 0.0046 0.0681
vn -0.9848 0.0026 0.1735
vn -0.9848 0.0026 0.1735
vn -0.9855 0.0027 0.1694
vn -0.9976 0.0047 0.0697
vn -0.9763 0.0017 0.2163
vn -0.9768 0.0017 0.2142
vn -0.9456 0.0004 0.3252
vn -0.9456 0.0004 0.3252
vn -0.9521 0.0006 0.3059
vn -0.9763 0.0017 0.2163
vn 0.4286 -0.0039 0.9035
vn 0.4067 -0.0039 0.9135
vn 0.3971 -0.0039 0.9178
vn 0.3971 -0.0039 0.9178
vn 0.4092 -0.0039 0.9124
vn 0.4286 -0.0039 0.9035
vn 0.1197 0.9922 -0.0345
vn -0.0279 0.9990 -0.0342
vn -0.0394 0.9986 0.0359
vn -0.0889 0.9746 -0.2057
vn 0.0159 0.9995 -0.0259
vn -0.0958 0.9873 -0.1270
vn -0.0861 -0.9941 -0.0664
vn -0.0388 -0.9991 0.0192
vn -0.0802 -0.9950 0.0600
vn -0.0802 -0.9950 0.0600
vn -0.0805 -0.9956 0.0482
vn -0.0861 -0.9941 -0.0664
vn -0.0802 -0.9950 0.0600
vn -0.1619 -0.9866 0.0218
vn -0.1345 -0.9860 0.0983
vn -0.1345 -0.9860 0.0983
vn -0.0805 -0.9956 0.0482
vn -0.0802 -0.9950 0.0600
vn -0.8086 0.0078 -0.5884
vn -0.8276 0.0075 -0.5613
vn -0.7990 0.0077 -0.6013
vn -0.7990 0.0077 -0.6013
vn -0.8385 0.0075 -0.5448
vn -0.8086 0.0078 -0.5884
vn -0.0999 -0.9827 0.1560
vn -0.2337 -0.9256 0.2978
vn -0.1565 -0.9450 0.2871
vn 0.7209 -0.0060 0.6930
vn 0.7118 -0.0062 0.7023
vn 0.9786 -0.0027 0.2057
vn 0.9786 -0.0027 0.2057
vn 0.9779 -0.0027 0.2091
vn 0.7209 -0.0060 0.6930
vn 0.7209 -0.0060 0.6930
vn -0.5298 -0.0038 0.8481
vn -0.5197 0.0324 0.8537
vn -0.5197 0.0324 0.8537
vn 0.7118 -0.0062 0.7023
vn 0.7209 -0.0060 0.6930
vn -0.1375 -0.9859 -0.0951
vn -0.0838 -0.9962 -0.0232
vn -0.0903 -0.9942 -0.0579
vn -0.0903 -0.9942 -0.0579
vn -0.0832 -0.9942 -0.0677
vn -0.1375 -0.9859 -0.0951
vn 0.8824 -0.0052 0.4704
vn 0.5919 -0.0073 0.8060
vn 0.6469 -0.0073 0.7626
vn 0.6469 -0.0073 0.7626
vn 0.8742 -0.0053 0.4855
vn 0.8824 -0.0052 0.4704
vn -0.0342 0.9942 0.1024
vn -0.0807 0.9944 0.0689
vn -0.0100 0.9995 0.0286
vn -0.0152 0.9989 0.0451
vn -0.0100 0.9995 0.0286
vn 0.0535 0.9985 0.0073
vn -0.0050 0.9999 -0.0149
vn 0.1092 0.9862 -0.1242
vn 0.0993 0.9786 -0.1800
vn 0.1092 0.9862 -0.1242
vn 0.0182 0.9990 0.0405
vn 0.0106 0.9998 -0.0147
vn 0.1551 -0.9842 0.0849
vn 0.0336 -0.9981 -0.0509
vn -0.0556 -0.9944 0.0902
vn -0.9511 0.0004 0.3088
vn -0.9509 0.0004 0.3095
vn -0.9901 0.0041 -0.1404
vn -0.9901 0.0041 -0.1404
vn -0.9900 0.0042 -0.1412
vn -0.9511 0.0004 0.3088
vn -0.7990 0.0077 -0.6013
vn -0.8276 0.0075 -0.5613
vn -0.9900 0.0042 -0.1412
vn -0.9900 0.0042 -0.1412
vn -0.9901 0.0041 -0.1404
vn -0.7990 0.0077 -0.6013
vn 0.6607 -0.0037 0.7506
vn 0.6608 -0.0038 0.7505
vn 0.4051 -0.0039 0.9143
vn 0.4051 -0.0039 0.9143
vn 0.4235 -0.0039 0.9059
vn 0.6607 -0.0037 0.7506
vn 0.0075 1.0000 -0.0037
vn -0.0395 0.9991 0.0132
vn 0.0075 1.0000 -0.0019
vn -0.0050 0.9999 -0.0149
vn -0.0072 0.9992 0.0401
vn 0.0268 0.9931 0.1138
vn -0.0050 0.9999 -0.0149
vn 0.0538 0.9944 0.0913
vn 0.0331 0.9993 0.0157
vn -0.8738 0.3555 -0.3317
vn -0.7817 0.0000 -0.6236
vn -0.7938 0.0153 -0.6080
vn -0.7938 0.0153 -0.6080
vn -0.9668 0.0222 -0.2545
vn -0.8738 0.3555 -0.3317
vn -0.9977 0.0046 0.0681
vn -0.9976 0.0047 0.0697
vn -0.9619 0.0002 -0.2735
vn -0.9619 0.0002 -0.2735
vn -0.9668 0.0222 -0.2545
vn -0.9977 0.0046 0.0681
vn -0.2316 0.0000 -0.9728
vn -0.2359 0.0000 -0.9718
vn -0.1274 0.0000 -0.9919
vn -0.1274 0.0000 -0.9919
vn -0.1261 0.0000 -0.9920
vn -0.2316 0.0000 -0.9728
vn -0.1261 0.0000 -0.9920
vn -0.3696 0.0000 -0.9292
vn -0.3601 0.0000 -0.9329
vn -0.3601 0.0000 -0.9329
vn -0.1241 0.0000 -0.9923
vn -0.1261 0.0000 -0.9920
vn 0.0188 0.9969 0.0769
vn -0.0256 0.9996 0.0134
vn 0.0515 0.9939 0.0972
vn 0.6231 0.0096 -0.7821
vn 0.6270 0.0095 -0.7789
vn 0.6213 0.0100 -0.7835
vn 0.6213 0.0100 -0.7835
vn 0.6275 0.0094 -0.7785
vn 0.6231 0.0096 -0.7821
vn 0.5475 0.0011 -0.8368
vn 0.6068 0.0090 -0.7948
vn 0.5971 0.0085 -0.8021
vn 0.5971 0.0085 -0.8021
vn 0.5460 0.0000 -0.8378
vn 0.5475 0.0011 -0.8368
vn -0.5197 0.0324 0.8537
vn -0.5298 -0.0038 0.8481
vn -0.8339 0.2204 0.5059
vn -0.8339 0.2204 0.5059
vn -0.4884 0.0507 0.8712
vn -0.5197 0.0324 0.8537
vn -0.9025 -0.0009 0.4307
vn -0.9040 -0.0008 0.4276
vn -0.2733 -0.0084 0.9619
vn -0.2733 -0.0084 0.9619
vn -0.2721 -0.0083 0.9622
vn -0.9025 -0.0009 0.4307
vn 0.1053 0.9944 0.0034
vn 0.0331 0.9993 0.0157
vn 0.0216 0.9995 0.0213
vn 0.0216 0.9995 0.0213
vn 0.0331 0.9993 0.0157
vn -0.0317 0.9988 0.0372
vn 0.9985 -0.0043 0.0540
vn 0.8594 -0.0079 0.5112
vn 0.8599 -0.0079 0.5103
vn 0.8599 -0.0079 0.5103
vn 0.9986 -0.0043 0.0527
vn 0.9985 -0.0043 0.0540
vn 0.9865 -0.0070 0.1638
vn 0.9538 -0.0200 0.2997
vn 0.9499 -0.0196 0.3120
vn 0.9499 -0.0196 0.3120
vn 0.9878 -0.0056 0.1558
vn 0.9865 -0.0070 0.1638
vn 0.8731 -0.0044 0.4876
vn 0.8728 -0.0044 0.4880
vn 0.8716 -0.0047 0.4902
vn 0.8716 -0.0047 0.4902
vn 0.8716 -0.0047 0.4903
vn 0.8731 -0.0044 0.4876
vn 0.0082 1.0000 0.0049
vn -0.0300 0.9993 -0.0244
vn 0.0083 1.0000 0.0046
vn -0.9040 -0.0008 0.4276
vn -0.9025 -0.0009 0.4307
vn -0.9768 0.0017 0.2142
vn -0.9768 0.0017 0.2142
vn -0.9763 0.0017 0.2163
vn -0.9040 -0.0008 0.4276
vn 0.4625 0.0134 -0.8865
vn 0.0066 0.0200 -0.9998
vn 0.0081 0.0199 -0.9998
vn 0.0081 0.0199 -0.9998
vn 0.4658 0.0132 -0.8848
vn 0.4625 0.0134 -0.8865
vn 0.6502 -0.0041 0.7597
vn 0.6503 -0.0040 0.7597
vn 0.6211 -0.0042 0.7837
vn 0.6211 -0.0042 0.7837
vn 0.6307 -0.0042 0.7760
vn 0.6502 -0.0041 0.7597
vn -0.0056 0.9968 0.0802
vn -0.0349 0.9993 -0.0125
vn 0.0445 0.9977 0.0513
vn 0.8934 -0.0029 0.4493
vn 0.8968 -0.0030 0.4425
vn 0.6930 -0.0030 0.7209
vn 0.6930 -0.0030 0.7209
vn 0.6719 -0.0029 0.7406
vn 0.8934 -0.0029 0.4493
vn -0.0805 -0.9956 0.0482
vn 0.0334 -0.9981 -0.0518
vn 0.0309 -0.9979 -0.0567
vn -0.6818 -0.0019 0.7316
vn -0.6182 -0.0023 0.7860
vn -0.6181 -0.0023 0.7861
vn -0.6181 -0.0023 0.7861
vn -0.6820 -0.0019 0.7314
vn -0.6818 -0.0019 0.7316
vn 0.6917 -0.0044 0.7222
vn 0.6947 -0.0044 0.7192
vn 0.9779 -0.0027 0.2091
vn 0.9779 -0.0027 0.2091
vn 0.9786 -0.0027 0.2057
vn 0.6917 -0.0044 0.7222
vn 0.0729 -0.9973 -0.0044
vn 0.0248 -0.9994 0.0229
vn 0.1223 -0.9898 0.0728
vn -0.1777 0.0000 -0.9841
vn -0.1781 0.0000 -0.9840
vn -0.2923 0.0000 -0.9563
vn -0.2923 0.0000 -0.9563
vn -0.2925 0.0000 -0.9563
vn -0.1777 0.0000 -0.9841
vn 0.1221 -0.9910 -0.0550
vn 0.1186 -0.9927 -0.0202
vn 0.1653 -0.9861 -0.0156
vn -0.4592 0.0104 0.8883
vn -0.8299 -0.0010 0.5580
vn -0.7982 -0.0012 0.6024
vn -0.7982 -0.0012 0.6024
vn -0.4619 -0.0026 0.8869
vn -0.4592 0.0104 0.8883
vn -0.0107 0.9999 -0.0043
vn 0.0871 0.9952 0.0440
vn -0.0050 0.9999 0.0090
vn 0.4051 -0.0039 0.9143
vn 0.4286 -0.0039 0.9035
vn 0.4092 -0.0039 0.9124
vn 0.4092 -0.0039 0.9124
vn 0.4235 -0.0039 0.9059
vn 0.4051 -0.0039 0.9143
vn -0.0241 0.9991 0.0341
vn 0.0000 1.0000 0.0000
vn 0.0139 0.9998 0.0129
vn -0.1337 -0.9904 0.0354
vn -0.1159 -0.9931 0.0153
vn -0.1769 -0.9842 -0.0013
vn -0.0050 0.9999 -0.0149
vn -0.0256 0.9996 0.0134
vn -0.0395 0.9991 0.0132
vn -0.0395 0.9991 0.0132
vn -0.0256 0.9996 0.0134
vn 0.0188 0.9969 0.0769
vn -0.6778 -0.0024 0.7352
vn -0.7047 -0.0022 0.7095
vn -0.7596 -0.0019 0.6504
vn -0.7596 -0.0019 0.6504
vn -0.7595 -0.0020 0.6505
vn -0.6778 -0.0024 0.7352
vn -0.4757 0.0000 -0.8796
vn -0.4750 0.0000 -0.8800
vn -0.2276 0.0000 -0.9737
vn -0.2276 0.0000 -0.9737
vn -0.2448 0.0000 -0.9696
vn -0.4757 0.0000 -0.8796
vn 0.0704 0.9938 -0.0858
vn 0.0135 0.9996 0.0247
vn -0.0159 0.9980 -0.0613
vn -0.9804 0.0007 0.1972
vn -0.7982 -0.0012 0.6024
vn -0.8299 -0.0010 0.5580
vn -0.8299 -0.0010 0.5580
vn -0.9858 0.0009 0.1678
vn -0.9804 0.0007 0.1972
vn 0.9538 -0.0200 0.2997
vn 0.9834 -0.0154 0.1808
vn 0.9832 -0.0155 0.1817
vn 0.9832 -0.0155 0.1817
vn 0.9499 -0.0196 0.3120
vn 0.9538 -0.0200 0.2997
vn -0.8131 -0.0017 0.5821
vn -0.7801 -0.0020 0.6257
vn -0.8898 -0.0008 0.4564
vn -0.8898 -0.0008 0.4564
vn -0.8838 -0.0009 0.4679
vn -0.8131 -0.0017 0.5821
vn -0.1777 0.0000 -0.9841
vn -0.1580 0.0000 -0.9874
vn -0.1468 0.0000 -0.9892
vn -0.1468 0.0000 -0.9892
vn -0.1781 0.0000 -0.9840
vn -0.1777 0.0000 -0.9841
vn -0.7817 0.0000 -0.6236
vn -0.7987 0.0000 -0.6017
vn -0.7973 0.0000 -0.6036
vn -0.7973 0.0000 -0.6036
vn -0.7938 0.0153 -0.6080
vn -0.7817 0.0000 -0.6236
vn -0.6777 0.0000 -0.7353
vn -0.6771 0.0000 -0.7359
vn -0.3601 0.0000 -0.9329
vn -0.3601 0.0000 -0.9329
vn -0.3696 0.0000 -0.9292
vn -0.6777 0.0000 -0.7353
vn -0.1159 -0.9931 0.0153
vn -0.0279 -0.9963 0.0818
vn 0.0017 -0.9985 0.0542
vn -0.9521 0.0006 0.3059
vn -0.9456 0.0004 0.3252
vn -0.9855 0.0027 0.1694
vn -0.9855 0.0027 0.1694
vn -0.9848 0.0026 0.1735
vn -0.9521 0.0006 0.3059
vn 0.0001 0.0000 -1.0000
vn 0.0016 0.0000 -1.0000
vn -0.0013 0.0000 -1.0000
vn -0.0013 0.0000 -1.0000
vn -0.0003 0.0000 -1.0000
vn 0.0001 0.0000 -1.0000
vn 0.3602 0.0004 -0.9329
vn 0.3602 0.0000 -0.9329
vn -0.0003 0.0000 -1.0000
vn -0.0003 0.0000 -1.0000
vn -0.0013 0.0000 -1.0000
vn 0.3602 0.0004 -0.9329
vn -0.1765 -0.9804 -0.0878
vn -0.1938 -0.9687 -0.1551
vn -0.1853 -0.9794 -0.0804
vn 0.9106 0.0009 -0.4133
vn 0.9049 0.0013 -0.4255
vn 0.9067 0.0013 -0.4218
vn 0.9067 0.0013 -0.4218
vn 0.8942 0.0016 -0.4477
vn 0.9106 0.0009 -0.4133
vn 0.8942 0.0016 -0.4477
vn 0.8914 0.0026 -0.4532
vn 0.8757 0.0033 -0.4829
vn 0.8757 0.0033 -0.4829
vn 0.9106 0.0009 -0.4133
vn 0.8942 0.0016 -0.4477
vn -0.0080 -0.9541 -0.2993
vn -0.0038 -0.9999 -0.0100
vn -0.0038 -0.9999 -0.0100
vn -0.8148 0.0081 -0.5797
vn -0.8152 0.0080 -0.5791
vn -0.4412 0.0098 -0.8973
vn -0.4412 0.0098 -0.8973
vn -0.4411 0.0098 -0.8974
vn -0.8148 0.0081 -0.5797
vn -0.0361 0.0000 -0.9993
vn -0.0100 0.0000 -0.9999
vn 0.0016 0.0000 -1.0000
vn 0.0016 0.0000 -1.0000
vn 0.0001 0.0000 -1.0000
vn -0.0361 0.0000 -0.9993
vn -0.0402 0.9988 -0.0291
vn -0.0050 0.9999 -0.0149
vn 0.0122 0.9999 0.0038
vn -0.0519 0.9970 0.0582
vn -0.0402 0.9988 -0.0291
vn 0.0122 0.9999 0.0038
vn -0.0296 0.9967 -0.0761
vn 0.0319 0.9994 -0.0120
vn -0.0594 0.9968 -0.0541
vn -0.0333 -0.9902 -0.1357
vn -0.0107 -0.9807 -0.1950
vn -0.0486 -0.9806 -0.1897
vn -0.0486 -0.9806 -0.1897
vn -0.0263 -0.9908 -0.1328
vn -0.0333 -0.9902 -0.1357
vn 0.3806 -0.0032 0.9247
vn -0.0004 -0.0028 1.0000
vn -0.0003 -0.0028 1.0000
vn -0.0003 -0.0028 1.0000
vn 0.3744 -0.0032 0.9273
vn 0.3806 -0.0032 0.9247
vn 0.9049 0.0013 -0.4255
vn 0.5971 0.0085 -0.8021
vn 0.6068 0.0090 -0.7948
vn 0.6068 0.0090 -0.7948
vn 0.9067 0.0013 -0.4218
vn 0.9049 0.0013 -0.4255
vn -0.0721 0.9941 0.0809
vn 0.0262 0.9997 0.0002
vn -0.0673 0.9936 0.0905
vn -0.0907 -0.9836 0.1560
vn -0.0462 -0.9884 0.1445
vn -0.0534 -0.9925 0.1096
vn -0.0534 -0.9925 0.1096
vn -0.0556 -0.9944 0.0902
vn -0.0907 -0.9836 0.1560
vn 0.4258 -0.0095 0.9048
vn 0.4328 -0.0097 0.9014
vn 0.6469 -0.0073 0.7626
vn 0.6469 -0.0073 0.7626
vn 0.5919 -0.0073 0.8060
vn 0.4258 -0.0095 0.9048
vn 0.9832 -0.0155 0.1817
vn 0.9834 -0.0154 0.1808
vn 0.9944 -0.0118 0.1048
vn 0.9944 -0.0118 0.1048
vn 0.9947 -0.0116 0.1021
vn 0.9832 -0.0155 0.1817
vn 0.9944 -0.0118 0.1048
vn 0.9603 0.0163 -0.2786
vn 0.9677 0.0155 -0.2516
vn 0.9677 0.0155 -0.2516
vn 0.9947 -0.0116 0.1021
vn 0.9944 -0.0118 0.1048
vn 0.1502 -0.9828 0.1077
vn 0.1085 -0.9816 0.1573
vn 0.0019 -1.0000 0.0079
vn 0.8213 0.0036 -0.5705
vn 0.8108 0.0044 -0.5853
vn 0.8090 0.0044 -0.5878
vn 0.8090 0.0044 -0.5878
vn 0.8229 0.0035 -0.5682
vn 0.8213 0.0036 -0.5705
vn 0.8229 0.0035 -0.5682
vn 0.8994 0.0023 -0.4370
vn 0.9002 0.0012 -0.4356
vn 0.9002 0.0012 -0.4356
vn 0.8213 0.0036 -0.5705
vn 0.8229 0.0035 -0.5682
vn -0.7987 0.0000 -0.6017
vn -0.8395 0.0000 -0.5433
vn -0.8406 0.0000 -0.5416
vn -0.8406 0.0000 -0.5416
vn -0.7973 0.0000 -0.6036
vn -0.7987 0.0000 -0.6017
vn -0.0899 -0.9954 0.0335
vn -0.0024 -1.0000 -0.0051
vn -0.0476 -0.9948 -0.0895
vn -0.0476 -0.9948 -0.0895
vn -0.0832 -0.9942 -0.0677
vn -0.0899 -0.9954 0.0335
vn -0.8395 0.0000 -0.5433
vn -0.5478 0.0000 -0.8366
vn -0.5323 0.0000 -0.8465
vn -0.5323 0.0000 -0.8465
vn -0.8406 0.0000 -0.5416
vn -0.8395 0.0000 -0.5433
vn 0.0066 0.0200 -0.9998
vn 0.1796 0.0182 -0.9836
vn 0.1746 0.0188 -0.9845
vn 0.1746 0.0188 -0.9845
vn 0.0081 0.0199 -0.9998
vn 0.0066 0.0200 -0.9998
vn -0.1580 0.0000 -0.9874
vn -0.0100 0.0000 -0.9999
vn -0.0361 0.0000 -0.9993
vn -0.0361 0.0000 -0.9993
vn -0.1468 0.0000 -0.9892
vn -0.1580 0.0000 -0.9874
vn -0.0093 0.9994 -0.0332
vn 0.0993 0.9786 -0.1800
vn -0.0279 0.9990 -0.0342
vn -0.0093 0.9994 -0.0332
vn -0.0279 0.9990 -0.0342
vn 0.1197 0.9922 -0.0345
vn 0.0207 0.9995 -0.0229
vn 0.0483 0.9936 -0.1018
vn -0.0020 0.9994 -0.0340
vn 0.0483 0.9936 -0.1018
vn 0.0262 0.9997 0.0002
vn -0.0020 0.9994 -0.0340
vn 0.1796 0.0182 -0.9836
vn 0.3602 0.0000 -0.9329
vn 0.3602 0.0004 -0.9329
vn 0.3602 0.0004 -0.9329
vn 0.1746 0.0188 -0.9845
vn 0.1796 0.0182 -0.9836
vn -0.2359 0.1260 0.9636
vn 0.0294 -0.0033 0.9996
vn 0.0419 0.0121 0.9990
vn 0.1125 -0.9911 -0.0715
vn 0.1496 -0.9854 -0.0819
vn 0.1225 -0.9846 -0.1250
vn 0.0019 -1.0000 0.0079
vn 0.1225 -0.9846 -0.1250
vn 0.1496 -0.9854 -0.0819
vn 0.0268 0.9931 0.1138
vn 0.0167 0.9985 0.0527
vn 0.0075 0.9985 0.0546
vn 0.0075 0.9985 0.0546
vn 0.0167 0.9985 0.0527
vn 0.0117 0.9999 -0.0083
vn 0.0266 0.9952 0.0941
vn 0.0207 0.9995 -0.0229
vn 0.1264 0.9873 0.0966
vn -0.0394 0.9687 0.2452
vn 0.0000 1.0000 0.0000
vn 0.0000 1.0000 0.0000
vn 0.0019 -1.0000 0.0079
vn -0.0351 -0.9823 0.1840
vn -0.0907 -0.9836 0.1560
vn 0.9986 -0.0043 0.0527
vn 0.9865 -0.0070 0.1638
vn 0.9878 -0.0056 0.1558
vn 0.9878 -0.0056 0.1558
vn 0.9985 -0.0043 0.0540
vn 0.9986 -0.0043 0.0527
vn 0.0649 0.9978 0.0156
vn -0.0300 0.9993 -0.0244
vn 0.0623 0.9981 0.0026
vn 0.8108 0.0044 -0.5853
vn 0.8153 0.0047 -0.5790
vn 0.8173 0.0046 -0.5762
vn 0.8173 0.0046 -0.5762
vn 0.8090 0.0044 -0.5878
vn 0.8108 0.0044 -0.5853
vn 0.0922 0.9952 -0.0335
vn 0.0159 0.9995 -0.0259
vn 0.0262 0.9997 0.0002
vn 0.0922 0.9952 -0.0335
vn 0.0140 0.9997 0.0180
vn 0.0159 0.9995 -0.0259
vn 0.8994 0.0023 -0.4370
vn 0.9677 0.0155 -0.2516
vn 0.9603 0.0163 -0.2786
vn 0.9603 0.0163 -0.2786
vn 0.9002 0.0012 -0.4356
vn 0.8994 0.0023 -0.4370
vn 0.0538 0.9944 0.0913
vn 0.0135 0.9996 0.0247
vn 0.0331 0.9993 0.0157
vn 0.0331 0.9993 0.0157
vn 0.0135 0.9996 0.0247
vn 0.0704 0.9938 -0.0858
vn 0.0442 0.9944 0.0958
vn 0.0159 0.9995 -0.0259
vn -0.0068 1.0000 0.0057
vn 0.0346 -0.9896 0.1395
vn 0.0949 -0.9946 0.0409
vn 0.1264 -0.9897 0.0675
vn 0.8824 -0.0052 0.4704
vn 0.8742 -0.0053 0.4855
vn 0.8810 -0.0050 0.4730
vn 0.8810 -0.0050 0.4730
vn 0.8810 -0.0050 0.4732
vn 0.8824 -0.0052 0.4704
vn -0.0342 0.9942 0.1024
vn -0.0100 0.9995 0.0286
vn -0.0152 0.9989 0.0451
vn -0.0342 0.9942 0.1024
vn -0.0152 0.9989 0.0451
vn -0.0072 0.9992 0.0401
vn 0.4658 0.0132 -0.8848
vn 0.6270 0.0095 -0.7789
vn 0.6231 0.0096 -0.7821
vn 0.6231 0.0096 -0.7821
vn 0.4625 0.0134 -0.8865
vn 0.4658 0.0132 -0.8848
vn 0.5475 0.0011 -0.8368
vn 0.5460 0.0000 -0.8378
vn 0.6275 0.0094 -0.7785
vn 0.6275 0.0094 -0.7785
vn 0.6213 0.0100 -0.7835
vn 0.5475 0.0011 -0.8368
vn 0.1083 0.9941 0.0087
vn -0.0100 0.9995 0.0286
vn 0.0334 0.9970 -0.0703
vn 0.4258 -0.0095 0.9048
vn 0.8599 -0.0079 0.5103
vn 0.8594 -0.0079 0.5112
vn 0.8594 -0.0079 0.5112
vn 0.4328 -0.0097 0.9014
vn 0.4258 -0.0095 0.9048
vn -0.0190 -0.9986 -0.0487
vn -0.0263 -0.9908 -0.1328
vn 0.0345 -0.9960 -0.0828
vn -0.1261 0.0000 -0.9920
vn -0.1241 0.0000 -0.9923
vn -0.1261 0.0000 -0.9920
vn -0.1261 0.0000 -0.9920
vn -0.1274 0.0000 -0.9919
vn -0.1261 0.0000 -0.9920
vn -0.2977 0.9497 -0.0969
vn -0.0519 0.9970 0.0582
vn -0.5694 0.6759 -0.4680
vn -0.0807 0.9944 0.0689
vn -0.0395 0.9991 0.0132
vn -0.0388 0.9991 0.0165
vn -0.0807 0.9944 0.0689
vn -0.0388 0.9991 0.0165
vn -0.0100 0.9995 0.0286
vn 0.8534 0.0038 -0.5213
vn 0.8757 0.0033 -0.4829
vn 0.8914 0.0026 -0.4532
vn 0.8914 0.0026 -0.4532
vn 0.8505 0.0039 -0.5259
vn 0.8534 0.0038 -0.5213
vn 0.8505 0.0039 -0.5259
vn 0.8173 0.0046 -0.5762
vn 0.8153 0.0047 -0.5790
vn 0.8153 0.0047 -0.5790
vn 0.8534 0.0038 -0.5213
vn 0.8505 0.0039 -0.5259
vn -0.0600 0.9974 0.0396
vn 0.0216 0.9995 0.0213
vn -0.0648 0.9947 0.0801
vn -0.9619 0.0002 -0.2735
vn -0.8738 0.3555 -0.3317
vn -0.9668 0.0222 -0.2545
vn -0.1056 0.9939 -0.0313
vn -0.0300 0.9993 -0.0244
vn -0.0256 0.9996 0.0134
vn -0.1056 0.9939 -0.0313
vn -0.0349 0.9993 -0.0125
vn -0.0300 0.9993 -0.0244
vn 0.1193 0.9912 0.0580
vn 0.0319 0.9994 -0.0120
vn 0.0871 0.9952 0.0440
vn 0.1193 0.9912 0.0580
vn 0.0871 0.9952 0.0440
vn 0.1179 0.9892 0.0876
vn 0.1193 0.9912 0.0580
vn 0.1053 0.9944 0.0034
vn 0.0319 0.9994 -0.0120
vn 0.1053 0.9944 0.0034
vn 0.0216 0.9995 0.0213
vn 0.0319 0.9994 -0.0120
vn 0.1179 0.9892 0.0876
vn 0.0871 0.9952 0.0440
vn 0.0140 0.9997 0.0180
vn 0.0922 0.9952 -0.0335
vn 0.1179 0.9892 0.0876
vn 0.0140 0.9997 0.0180
vn 0.0038 1.0000 -0.0067
vn -0.0152 0.9989 0.0451
vn 0.0535 0.9985 0.0073
vn 0.0380 -0.9993 -0.0065
vn 0.1137 -0.9931 0.0299
vn 0.0347 -0.9990 0.0299
vn 0.0654 0.9934 -0.0940
vn -0.0300 0.9993 -0.0244
vn 0.0090 0.9999 0.0046
vn 0.0993 0.9786 -0.1800
vn 0.0106 0.9998 -0.0147
vn -0.0279 0.9990 -0.0342
vn 0.0993 0.9786 -0.1800
vn 0.1092 0.9862 -0.1242
vn 0.0106 0.9998 -0.0147
vn -0.4884 0.0507 0.8712
vn -0.8339 0.2204 0.5059
vn -0.4655 -0.0037 0.8851
vn -0.0828 -0.9950 -0.0564
vn -0.0077 -1.0000 -0.0021
vn 0.0549 -0.9946 -0.0876
vn 0.2079 -0.9677 0.1428
vn 0.0725 -0.9742 0.2137
vn 0.3098 -0.9195 0.2418
vn -0.0903 -0.9942 -0.0579
vn -0.0838 -0.9962 -0.0232
vn 0.0129 -0.9986 -0.0506
vn -0.0423 0.9987 0.0273
vn 0.0075 0.9985 0.0546
vn 0.0117 0.9999 -0.0083
vn -0.0333 -0.9902 -0.1357
vn -0.0609 -0.9980 -0.0193
vn -0.0339 -0.9993 -0.0124
vn -0.2359 0.0000 -0.9718
vn -0.2316 0.0000 -0.9728
vn -0.2925 0.0000 -0.9563
vn -0.2925 0.0000 -0.9563
vn -0.2923 0.0000 -0.9563
vn -0.2359 0.0000 -0.9718
vn 0.0477 0.9982 -0.0364
vn 0.0167 0.9985 0.0527
vn 0.0172 0.9990 -0.0423
vn 0.1264 -0.9897 0.0675
vn 0.1680 -0.9845 0.0511
vn 0.1137 -0.9931 0.0299
vn -0.0050 0.9999 -0.0149
vn 0.0268 0.9931 0.1138
vn 0.0538 0.9944 0.0913
vn 0.0538 0.9944 0.0913
vn 0.0268 0.9931 0.1138
vn 0.0075 0.9985 0.0546
# 1794 vertex normals

vt 0.5605 0.9771 0.0000
vt 0.0000 0.6094 0.0000
vt 0.6870 0.4619 0.0000
vt 0.6849 0.4711 0.0000
vt 0.0252 0.5947 0.0000
vt 0.5579 0.9639 0.0000
vt 0.3625 0.8832 0.0000
vt 0.3606 0.8891 0.0000
vt 0.7086 0.6795 0.0000
vt 0.7148 0.6802 0.0000
vt 0.1829 0.3770 0.0000
vt 0.2061 0.3791 0.0000
vt 0.1741 0.9314 0.0000
vt 0.1932 0.9161 0.0000
vt 0.3763 0.6877 0.0000
vt 0.4277 0.9814 0.0000
vt 0.4177 0.9664 0.0000
vt 0.0408 0.7234 0.0000
vt 0.0219 0.7439 0.0000
vt 0.7204 0.8272 0.0000
vt 0.7358 0.8187 0.0000
vt 0.4101 0.3662 0.0000
vt 0.3965 0.3589 0.0000
vt 0.3032 0.9423 0.0000
vt 0.2997 0.9296 0.0000
vt 0.3691 0.6921 0.0000
vt 0.0859 0.4736 0.0000
vt 0.1114 0.4686 0.0000
vt 0.7236 0.7183 0.0000
vt 0.7081 0.7095 0.0000
vt 0.7250 0.5476 0.0000
vt 0.7305 0.5415 0.0000
vt 0.2839 0.3564 0.0000
vt 0.3027 0.3616 0.0000
vt 0.5923 0.9476 0.0000
vt 0.5897 0.9350 0.0000
vt 0.6807 0.6963 0.0000
vt 0.6759 0.6946 0.0000
vt 0.5979 0.4096 0.0000
vt 0.5938 0.3994 0.0000
vt 0.3082 0.8978 0.0000
vt 0.3091 0.9089 0.0000
vt 0.0508 0.7761 0.0000
vt 0.0666 0.7560 0.0000
vt 0.6829 0.8640 0.0000
vt 0.6899 0.8729 0.0000
vt 0.6133 0.7029 0.0000
vt 0.5098 0.9822 0.0000
vt 0.5101 0.9683 0.0000
vt 0.1024 0.8369 0.0000
vt 0.0925 0.8594 0.0000
vt 0.4495 0.9852 0.0000
vt 0.4465 1.0000 0.0000
vt 0.3784 0.9235 0.0000
vt 0.3832 0.9142 0.0000
vt 0.0882 0.5054 0.0000
vt 0.0633 0.5129 0.0000
vt 0.1968 0.4800 0.0000
vt 0.6387 0.4399 0.0000
vt 0.6395 0.4494 0.0000
vt 0.5296 0.8839 0.0000
vt 0.1361 0.4257 0.0000
vt 0.1106 0.4277 0.0000
vt 0.0923 0.6528 0.0000
vt 0.2839 0.8807 0.0000
vt 0.6352 0.7925 0.0000
vt 0.4996 0.5562 0.0000
vt 0.3414 0.8819 0.0000
vt 0.3406 0.8884 0.0000
vt 0.7353 0.7432 0.0000
vt 0.7441 0.7456 0.0000
vt 0.6133 0.5269 0.0000
vt 0.2458 0.5680 0.0000
vt 0.5346 0.6959 0.0000
vt 0.5298 0.8935 0.0000
vt 0.2551 0.9613 0.0000
vt 0.2523 0.9426 0.0000
vt 0.2391 0.7632 0.0000
vt 0.0488 0.5494 0.0000
vt 0.0231 0.5605 0.0000
vt 0.2174 0.8683 0.0000
vt 0.6392 0.7981 0.0000
vt 0.4059 0.8984 0.0000
vt 0.3518 0.4375 0.0000
vt 0.6136 0.5315 0.0000
vt 0.3628 0.8398 0.0000
vt 0.3658 0.4397 0.0000
vt 0.2523 0.3798 0.0000
vt 0.2314 0.3765 0.0000
vt 0.6126 0.7003 0.0000
vt 0.1182 0.6065 0.0000
vt 0.3646 0.8371 0.0000
vt 0.3857 0.9556 0.0000
vt 0.3908 0.9443 0.0000
vt 0.2215 0.8520 0.0000
vt 0.6181 0.9090 0.0000
vt 0.6226 0.9202 0.0000
vt 0.1203 0.8900 0.0000
vt 0.1442 0.8777 0.0000
vt 0.1309 0.7226 0.0000
vt 0.0424 0.7550 0.0000
vt 0.0597 0.7351 0.0000
vt 0.4021 0.9079 0.0000
vt 0.2660 0.4518 0.0000
vt 0.5459 0.9723 0.0000
vt 0.5442 0.9591 0.0000
vt 0.3459 0.3521 0.0000
vt 0.3618 0.3589 0.0000
vt 0.6903 0.4888 0.0000
vt 0.6929 0.4805 0.0000
vt 0.2837 0.8940 0.0000
vt 0.4911 0.9852 0.0000
vt 0.4897 1.0000 0.0000
vt 0.3298 0.9069 0.0000
vt 0.3285 0.8982 0.0000
vt 0.6507 0.8822 0.0000
vt 0.6567 0.8915 0.0000
vt 0.7395 0.7918 0.0000
vt 0.7490 0.7970 0.0000
vt 0.3710 0.9112 0.0000
vt 0.3660 0.9190 0.0000
vt 0.4674 0.8264 0.0000
vt 0.6500 0.7389 0.0000
vt 0.1166 0.7383 0.0000
vt 0.6543 0.7422 0.0000
vt 0.2112 0.9492 0.0000
vt 0.2111 0.9288 0.0000
vt 0.2343 0.9823 0.0000
vt 0.2705 0.9947 0.0000
vt 0.2188 0.9823 0.0000
vt 0.4317 0.9677 0.0000
vt 0.7212 0.6509 0.0000
vt 0.7150 0.6516 0.0000
vt 0.5524 0.6362 0.0000
vt 0.0779 0.8217 0.0000
vt 0.0904 0.8004 0.0000
vt 0.6997 0.6909 0.0000
vt 0.6942 0.6896 0.0000
vt 0.2046 0.6904 0.0000
vt 0.5483 0.7580 0.0000
vt 0.2757 0.3663 0.0000
vt 0.2556 0.3618 0.0000
vt 0.1448 0.9933 0.0000
vt 0.2013 0.9832 0.0000
vt 0.2013 0.9933 0.0000
vt 0.2330 0.9933 0.0000
vt 0.7209 0.7295 0.0000
vt 0.7285 0.7327 0.0000
vt 0.0000 0.6396 0.0000
vt 0.0241 0.6232 0.0000
vt 0.0403 0.7066 0.0000
vt 0.0206 0.7261 0.0000
vt 0.7273 0.5857 0.0000
vt 0.7334 0.5815 0.0000
vt 0.7059 0.4997 0.0000
vt 0.7095 0.4917 0.0000
vt 0.5750 0.9547 0.0000
vt 0.5786 0.9671 0.0000
vt 0.1638 0.5370 0.0000
vt 0.6206 0.4165 0.0000
vt 0.6228 0.4268 0.0000
vt 0.7520 0.7655 0.0000
vt 0.7425 0.7621 0.0000
vt 0.0935 0.4881 0.0000
vt 0.0684 0.4946 0.0000
vt 0.1448 0.9832 0.0000
vt 0.0846 0.9832 0.0000
vt 0.4619 0.9120 0.0000
vt 0.0670 0.5343 0.0000
vt 0.0419 0.5439 0.0000
vt 0.1436 0.5439 0.0000
vt 0.1158 0.4492 0.0000
vt 0.0900 0.4531 0.0000
vt 0.1569 0.8956 0.0000
vt 0.1525 0.9182 0.0000
vt 0.2295 0.3748 0.0000
vt 0.2073 0.3721 0.0000
vt 0.5472 0.3993 0.0000
vt 0.5405 0.3901 0.0000
vt 0.4128 0.9798 0.0000
vt 0.2333 0.9947 0.0000
vt 0.3029 0.5305 0.0000
vt 0.4641 0.3794 0.0000
vt 0.4746 0.3872 0.0000
vt 0.3140 0.8162 0.0000
vt 0.1523 0.4193 0.0000
vt 0.1274 0.4209 0.0000
vt 0.3328 0.9933 0.0000
vt 0.2808 0.9832 0.0000
vt 0.3328 0.9832 0.0000
vt 0.1198 0.9947 0.0000
vt 0.1198 0.9823 0.0000
vt 0.1478 0.9823 0.0000
vt 0.7077 0.6645 0.0000
vt 0.7139 0.6643 0.0000
vt 0.0448 0.9848 0.0000
vt 0.0448 0.9939 0.0000
vt 0.0081 0.9939 0.0000
vt 0.1231 0.9939 0.0000
vt 0.4597 0.9230 0.0000
vt 0.2905 0.9525 0.0000
vt 0.2865 0.9375 0.0000
vt 0.3966 0.8286 0.0000
vt 0.3958 0.9848 0.0000
vt 0.3958 0.9939 0.0000
vt 0.3293 0.9848 0.0000
vt 0.0337 0.9933 0.0000
vt 0.0337 0.9832 0.0000
vt 0.6382 0.6284 0.0000
vt 0.3225 0.3659 0.0000
vt 0.3047 0.3604 0.0000
vt 0.3693 0.5223 0.0000
vt 0.4503 0.4607 0.0000
vt 0.1261 0.9820 0.0000
vt 0.1614 0.9918 0.0000
vt 0.0861 0.9820 0.0000
vt 0.2330 0.9918 0.0000
vt 0.1059 0.9848 0.0000
vt 0.1475 0.9939 0.0000
vt 0.2808 0.9933 0.0000
vt 0.2605 0.9933 0.0000
vt 0.6280 0.6668 0.0000
vt 0.1704 0.8005 0.0000
vt 0.3675 0.7894 0.0000
vt 0.1616 0.8176 0.0000
vt 0.1913 0.9823 0.0000
vt 0.1913 0.9947 0.0000
vt 0.4404 0.4575 0.0000
vt 0.0752 0.5167 0.0000
vt 0.0499 0.5251 0.0000
vt 0.1774 0.9933 0.0000
vt 0.6089 0.9405 0.0000
vt 0.2651 0.9819 0.0000
vt 0.2651 0.9918 0.0000
vt 0.2024 0.9918 0.0000
vt 0.3435 0.9918 0.0000
vt 0.0339 0.6920 0.0000
vt 0.0130 0.7112 0.0000
vt 0.3030 0.9918 0.0000
vt 0.3030 0.9820 0.0000
vt 0.3955 0.9918 0.0000
vt 0.3069 0.9823 0.0000
vt 0.3042 0.9947 0.0000
vt 0.3206 0.9823 0.0000
vt 0.3037 0.9848 0.0000
vt 0.2634 0.9848 0.0000
vt 0.7271 0.8123 0.0000
vt 0.0324 0.7537 0.0000
vt 0.0503 0.7333 0.0000
vt 0.3037 0.9933 0.0000
vt 0.5317 0.9820 0.0000
vt 0.2026 0.4860 0.0000
vt 0.6099 0.8278 0.0000
vt 0.6736 0.4602 0.0000
vt 0.6748 0.4507 0.0000
vt 0.6791 0.6885 0.0000
vt 0.0335 0.9848 0.0000
vt 0.3086 0.9270 0.0000
vt 0.3061 0.9148 0.0000
vt 0.3098 0.9944 0.0000
vt 0.3098 0.9819 0.0000
vt 0.3491 0.9945 0.0000
vt 0.2817 0.9950 0.0000
vt 0.3638 0.3564 0.0000
vt 0.3790 0.3635 0.0000
vt 0.6948 0.7065 0.0000
vt 0.0728 0.9939 0.0000
vt 0.2605 0.9832 0.0000
vt 0.1153 0.9819 0.0000
vt 0.1153 0.9918 0.0000
vt 0.0795 0.9819 0.0000
vt 0.1465 0.9819 0.0000
vt 0.3040 0.9840 0.0000
vt 0.3042 0.9942 0.0000
vt 0.1725 0.9857 0.0000
vt 0.3311 0.9942 0.0000
vt 0.3833 0.9819 0.0000
vt 0.3833 0.9918 0.0000
vt 0.1915 0.9370 0.0000
vt 0.7295 0.8335 0.0000
vt 0.3293 0.9939 0.0000
vt 0.6068 0.8208 0.0000
vt 0.1793 0.9939 0.0000
vt 0.1475 0.9848 0.0000
vt 0.3267 0.8482 0.0000
vt 0.1472 0.9947 0.0000
vt 0.3325 0.9947 0.0000
vt 0.3362 0.9947 0.0000
vt 0.0424 0.9918 0.0000
vt 0.0080 0.9918 0.0000
vt 0.0080 0.9819 0.0000
vt 0.6293 0.5605 0.0000
vt 0.3955 0.9820 0.0000
vt 0.0526 0.9854 0.0000
vt 0.0106 0.9937 0.0000
vt 0.0106 0.9854 0.0000
vt 0.2478 0.4521 0.0000
vt 0.3242 0.8547 0.0000
vt 0.0846 0.9933 0.0000
vt 0.6052 0.9283 0.0000
vt 0.1774 0.9832 0.0000
vt 0.5306 0.9682 0.0000
vt 0.3037 0.9832 0.0000
vt 0.2134 0.9939 0.0000
vt 0.2134 0.9848 0.0000
vt 0.1766 0.9093 0.0000
vt 0.0422 0.9918 0.0000
vt 0.0422 0.9820 0.0000
vt 0.0379 0.5753 0.0000
vt 0.0126 0.5881 0.0000
vt 0.4949 0.5542 0.0000
vt 0.0087 0.9957 0.0000
vt 0.0981 0.9866 0.0000
vt 0.0981 0.9947 0.0000
vt 0.2181 0.9947 0.0000
vt 0.1921 0.9823 0.0000
vt 0.1921 0.9949 0.0000
vt 0.1132 0.9817 0.0000
vt 0.2480 0.9953 0.0000
vt 0.0063 0.6692 0.0000
vt 0.0292 0.6519 0.0000
vt 0.0358 0.9949 0.0000
vt 0.0358 0.9833 0.0000
vt 0.1333 0.9949 0.0000
vt 0.0105 0.9833 0.0000
vt 0.0795 0.9918 0.0000
vt 0.3828 0.9829 0.0000
vt 0.3831 0.9942 0.0000
vt 0.3601 0.9942 0.0000
vt 0.0081 0.9848 0.0000
vt 0.2330 0.9832 0.0000
vt 0.0424 0.9819 0.0000
vt 0.6299 0.5569 0.0000
vt 0.2634 0.9939 0.0000
vt 0.0979 0.9937 0.0000
vt 0.1313 0.9854 0.0000
vt 0.1312 0.9937 0.0000
vt 0.1622 0.9937 0.0000
vt 0.3381 0.9918 0.0000
vt 0.0656 0.8054 0.0000
vt 0.3308 0.9836 0.0000
vt 0.1334 0.9833 0.0000
vt 0.1678 0.9949 0.0000
vt 0.1261 0.9918 0.0000
vt 0.1379 0.9001 0.0000
vt 0.2725 0.9823 0.0000
vt 0.3429 0.7964 0.0000
vt 0.6328 0.9006 0.0000
vt 0.1208 0.9832 0.0000
vt 0.3174 0.9947 0.0000
vt 0.1793 0.9848 0.0000
vt 0.1278 0.8673 0.0000
vt 0.1614 0.9820 0.0000
vt 0.1132 0.9942 0.0000
vt 0.0382 0.9815 0.0000
vt 0.1114 0.6396 0.0000
vt 0.6890 0.7048 0.0000
vt 0.0728 0.9848 0.0000
vt 0.4306 0.9122 0.0000
vt 0.0861 0.9918 0.0000
vt 0.2024 0.9819 0.0000
vt 0.1743 0.9918 0.0000
vt 0.6836 0.6899 0.0000
vt 0.0335 0.9939 0.0000
vt 0.0105 0.9820 0.0000
vt 0.0105 0.9918 0.0000
vt 0.3435 0.9819 0.0000
vt 0.3611 0.9068 0.0000
vt 0.3311 0.9947 0.0000
vt 0.6367 0.6291 0.0000
vt 0.1726 0.9942 0.0000
vt 0.0981 0.6179 0.0000
vt 0.6901 0.8525 0.0000
vt 0.0145 0.9832 0.0000
vt 0.3230 0.9945 0.0000
vt 0.6519 0.4409 0.0000
vt 0.1465 0.9918 0.0000
vt 0.1626 0.9854 0.0000
vt 0.2411 0.9937 0.0000
vt 0.3037 0.9939 0.0000
vt 0.0055 0.9811 0.0000
vt 0.0382 0.9940 0.0000
vt 0.3801 0.9937 0.0000
vt 0.4014 0.9810 0.0000
vt 0.4014 0.9935 0.0000
vt 0.0087 0.9877 0.0000
vt 0.2480 0.9827 0.0000
vt 0.7193 0.6219 0.0000
vt 0.2455 0.9847 0.0000
vt 0.2808 0.9949 0.0000
vt 0.2808 0.9833 0.0000
vt 0.3101 0.9949 0.0000
vt 0.2411 0.9949 0.0000
vt 0.5561 0.7161 0.0000
vt 0.3318 0.9838 0.0000
vt 0.2893 0.9940 0.0000
vt 0.2893 0.9838 0.0000
vt 0.2345 0.9940 0.0000
vt 0.7161 0.7158 0.0000
vt 0.1230 0.9848 0.0000
vt 0.3101 0.9833 0.0000
vt 0.3679 0.9949 0.0000
vt 0.2330 0.9820 0.0000
vt 0.0794 0.7845 0.0000
vt 0.3381 0.9820 0.0000
vt 0.4272 0.9230 0.0000
vt 0.7256 0.6199 0.0000
vt 0.2456 0.9942 0.0000
vt 0.3996 0.9557 0.0000
vt 0.2566 0.9823 0.0000
vt 0.5048 0.4700 0.0000
vt 0.4676 0.9852 0.0000
vt 0.1730 0.9823 0.0000
vt 0.3979 0.9838 0.0000
vt 0.3318 0.9940 0.0000
vt 0.1208 0.9933 0.0000
vt 0.6382 0.9113 0.0000
vt 0.5413 0.5931 0.0000
vt 0.5132 0.8956 0.0000
vt 0.0526 0.9937 0.0000
vt 0.0712 0.9854 0.0000
vt 0.2974 0.9854 0.0000
vt 0.2969 0.9937 0.0000
vt 0.3528 0.9937 0.0000
vt 0.2663 0.7928 0.0000
vt 0.2817 0.9825 0.0000
vt 0.1177 0.9940 0.0000
vt 0.0673 0.9940 0.0000
vt 0.0673 0.9838 0.0000
vt 0.0072 0.9940 0.0000
vt 0.3660 0.9943 0.0000
vt 0.3801 0.9811 0.0000
vt 0.5616 0.4907 0.0000
vt 0.3660 0.9817 0.0000
vt 0.2018 0.9949 0.0000
vt 0.1680 0.9833 0.0000
vt 0.3491 0.9820 0.0000
vt 0.3933 0.9833 0.0000
vt 0.3933 0.9949 0.0000
vt 0.0055 0.9936 0.0000
vt 0.2507 0.8849 0.0000
vt 0.4648 0.8346 0.0000
vt 0.3649 0.9001 0.0000
vt 0.3362 0.9823 0.0000
vt 0.2019 0.9833 0.0000
vt 0.2677 0.9407 0.0000
vt 0.2369 0.9819 0.0000
vt 0.2122 0.6184 0.0000
vt 0.4978 0.4658 0.0000
vt 0.3601 0.9832 0.0000
vt 0.2000 0.6559 0.0000
vt 0.6520 0.4507 0.0000
vt 0.3230 0.9820 0.0000
vt 0.1718 0.9947 0.0000
vt 0.4658 1.0000 0.0000
vt 0.7148 0.7114 0.0000
vt 0.1059 0.9939 0.0000
vt 0.4335 0.8373 0.0000
vt 0.3679 0.9833 0.0000
vt 0.2411 0.9833 0.0000
vt 0.1166 0.9937 0.0000
vt 0.0194 0.7341 0.0000
vt 0.1591 0.9940 0.0000
vt 0.1177 0.9838 0.0000
vt 0.5591 0.7446 0.0000
vt 0.3984 0.9854 0.0000
vt 0.3984 0.9937 0.0000
vt 0.0072 0.9838 0.0000
vt 0.5576 0.4854 0.0000
vt 0.2415 0.9854 0.0000
vt 0.0105 0.9949 0.0000
vt 0.3979 0.9940 0.0000
vt 0.0145 0.9933 0.0000
vt 0.6978 0.8607 0.0000
vt 0.0732 0.7664 0.0000
vt 0.3730 0.9820 0.0000
vt 0.2526 0.8699 0.0000
vt 0.2883 0.5320 0.0000
vt 0.1743 0.9819 0.0000
vt 0.4618 0.5424 0.0000
vt 0.1948 0.3893 0.0000
vt 0.1113 0.9833 0.0000
vt 0.0584 0.9949 0.0000
vt 0.1393 0.4097 0.0000
vt 0.0711 0.9937 0.0000
vt 0.5196 0.3963 0.0000
vt 0.1628 0.9820 0.0000
vt 0.2551 0.9947 0.0000
vt 0.3857 0.9556 0.0000
vt 0.4128 0.9798 0.0000
vt 0.3955 0.9673 0.0000
vt 0.0979 0.9854 0.0000
vt 0.5578 0.7406 0.0000
vt 0.2296 0.5728 0.0000
vt 0.1957 0.9940 0.0000
vt 0.1957 0.9838 0.0000
vt 0.7207 0.5217 0.0000
vt 0.0630 0.9951 0.0000
vt 0.3530 0.9854 0.0000
vt 0.1912 0.7017 0.0000
vt 0.5317 0.6995 0.0000
vt 0.5513 0.6370 0.0000
vt 0.1591 0.9838 0.0000
vt 0.5566 0.7190 0.0000
vt 0.1112 0.9949 0.0000
vt 0.1711 0.3882 0.0000
vt 0.0389 0.7140 0.0000
vt 0.1166 0.9854 0.0000
vt 0.3730 0.9918 0.0000
vt 0.0582 0.7867 0.0000
vt 0.3123 0.8267 0.0000
vt 0.3341 0.8931 0.0000
vt 0.0659 0.9819 0.0000
vt 0.1639 0.4090 0.0000
vt 0.0584 0.9833 0.0000
vt 0.4128 0.8374 0.0000
vt 0.6394 0.5916 0.0000
vt 0.1628 0.9945 0.0000
vt 0.5112 0.3877 0.0000
vt 0.4494 0.3789 0.0000
vt 0.0840 0.9816 0.0000
vt 0.0840 0.9941 0.0000
vt 0.4380 0.3711 0.0000
vt 0.1217 0.6987 0.0000
vt 0.2344 0.9838 0.0000
vt 0.6493 0.7663 0.0000
vt 0.4889 0.8981 0.0000
vt 0.4548 0.5410 0.0000
# 528 texture coords

o SM_Coral_Table_Acropora_01_LOD1
g SM_Coral_Table_Acropora_01_LOD1
usemtl MAT_Coral_Table
s 2147483648
f 546/919/2245 624/1057/2246 637/1077/2247 
f 384/623/2248 609/1033/2249 487/793/2250 
f 384/623/2251 494/811/2252 668/1124/2253 
f 668/1124/2254 630/1066/2255 384/623/2256 
f 390/634/2257 661/1112/2258 635/1073/2259 
f 601/1019/2260 645/1088/2261 414/675/2262 
f 414/675/2263 613/1041/2264 601/1019/2265 
f 637/1077/2266 624/1057/2267 397/648/2268 
f 390/634/2269 581/980/2270 653/1102/2271 
f 430/695/2272 485/790/2273 498/820/2274 
f 513/743/2275 506/833/2276 403/659/2277 
f 609/1033/2278 436/703/2279 642/1085/2280 
f 642/1085/2281 487/793/2282 609/1033/2283 
f 428/693/2284 613/1041/2285 414/675/2286 
f 414/675/2287 605/1026/2288 428/693/2289 
f 592/1002/2290 419/682/2291 384/623/2292 
f 384/623/2293 652/1101/2294 592/1002/2295 
f 628/1063/2296 492/808/2297 534/721/2298 
f 426/691/2299 494/811/2300 434/700/2301 
f 434/700/2302 535/615/2303 426/691/2304 
f 626/1059/2305 462/747/2306 384/623/2307 
f 384/623/2308 623/1056/2309 626/1059/2310 
f 479/779/2311 581/980/2312 478/778/2313 
f 463/748/2314 652/1101/2315 384/623/2316 
f 384/623/2317 452/730/2318 463/748/2319 
f 390/634/2320 635/1073/2321 619/1050/2322 
f 589/647/2323 549/786/2324 601/1019/2325 
f 601/1019/2326 613/1041/2327 589/647/2328 
f 473/768/2329 637/1077/2330 397/648/2331 
f 390/634/2332 506/833/2333 657/1108/2334 
f 555/676/2335 535/615/2336 434/700/2337 
f 434/700/2338 533/893/2339 555/676/2340 
f 539/906/2341 429/694/2342 415/677/2343 
f 390/634/2344 619/1050/2345 492/808/2346 
f 509/838/2347 479/779/2348 478/778/2349 
f 570/964/2350 467/758/2351 638/929/2352 
f 638/929/2353 585/845/2354 570/964/2355 
f 557/727/2356 455/733/2357 543/770/2358 
f 675/1134/2359 515/855/2360 450/726/2361 
f 450/726/2362 474/771/2363 675/1134/2364 
f 589/647/2365 613/1041/2366 610/769/2367 
f 655/1105/2368 556/941/2369 470/764/2370 
f 639/671/2371 407/666/2372 603/781/2373 
f 442/712/2374 632/749/2375 621/696/2376 
f 420/683/2377 519/861/2378 437/705/2379 
f 477/776/2380 404/660/2381 602/1020/2382 
f 602/1020/2383 447/720/2384 477/776/2385 
f 599/1015/2386 496/817/2387 580/762/2388 
f 469/761/2389 669/1125/2390 579/978/2391 
f 579/978/2392 590/996/2393 469/761/2394 
f 499/821/2395 601/1019/2396 649/1094/2397 
f 649/1094/2398 486/792/2399 499/821/2400 
f 670/1127/2401 508/836/2402 569/791/2403 
f 421/685/2404 622/1054/2405 412/673/2406 
f 412/673/2407 642/1085/2408 421/685/2409 
f 456/734/2410 618/1049/2411 511/684/2412 
f 550/928/2413 411/672/2414 512/846/2415 
f 585/845/2416 558/759/2417 673/1132/2418 
f 673/1132/2419 570/964/2420 585/845/2421 
f 565/956/2422 449/724/2423 531/890/2424 
f 425/690/2425 455/733/2426 586/629/2427 
f 461/745/2428 496/817/2429 490/803/2430 
f 525/874/2431 401/655/2432 491/645/2433 
f 471/766/2434 420/683/2435 395/643/2436 
f 542/910/2437 606/1027/2438 676/1135/2439 
f 676/1135/2440 489/657/2441 542/910/2442 
f 504/831/2443 439/708/2444 460/744/2445 
f 460/744/2446 596/658/2447 504/831/2448 
f 562/953/2449 424/689/2450 573/783/2451 
f 385/625/2452 572/967/2453 426/691/2454 
f 426/691/2455 514/663/2456 385/625/2457 
f 548/624/2458 598/1014/2459 507/661/2460 
f 441/711/2461 484/788/2462 405/662/2463 
f 426/691/2464 535/615/2465 514/663/2466 
f 433/699/2467 626/1059/2468 623/1056/2469 
f 391/635/2470 479/779/2471 475/773/2472 
f 444/715/2473 427/692/2474 497/819/2475 
f 464/750/2476 538/905/2477 431/697/2478 
f 520/863/2479 417/680/2480 583/984/2481 
f 627/1060/2482 428/693/2483 616/862/2484 
f 409/669/2485 541/908/2486 476/704/2487 
f 476/704/2488 531/890/2489 409/669/2490 
f 465/644/2491 409/669/2492 554/765/2493 
f 518/860/2494 442/712/2495 646/1089/2496 
f 646/1089/2497 667/1122/2498 518/860/2499 
f 662/1114/2500 407/666/2501 647/1092/2502 
f 454/732/2503 506/833/2504 513/743/2505 
f 607/709/2506 454/732/2507 399/651/2508 
f 533/893/2509 412/673/2510 527/649/2511 
f 527/649/2512 555/676/2513 533/893/2514 
f 622/1054/2515 522/867/2516 527/649/2517 
f 527/649/2518 412/673/2519 622/1054/2520 
f 413/674/2521 387/628/2522 515/855/2523 
f 515/855/2524 675/1134/2525 413/674/2526 
f 413/674/2527 582/981/2528 387/628/2529 
f 384/623/2530 645/1088/2531 498/820/2532 
f 498/820/2533 485/790/2534 384/623/2535 
f 384/623/2536 605/1026/2537 414/675/2538 
f 429/694/2539 380/616/2540 415/677/2541 
f 453/731/2542 567/678/2543 532/755/2544 
f 416/679/2545 455/733/2546 466/756/2547 
f 496/817/2548 556/941/2549 580/762/2550 
f 390/634/2551 417/680/2552 659/1110/2553 
f 485/790/2554 430/695/2555 442/712/2556 
f 518/860/2557 472/767/2558 418/681/2559 
f 453/731/2560 432/698/2561 592/1002/2562 
f 592/1002/2563 652/1101/2564 453/731/2565 
f 669/1125/2566 605/1026/2567 459/742/2568 
f 459/742/2569 579/978/2570 669/1125/2571 
f 517/859/2572 420/683/2573 502/713/2574 
f 492/808/2575 420/683/2576 402/656/2577 
f 511/684/2578 398/650/2579 493/809/2580 
f 462/747/2581 626/1059/2582 570/964/2583 
f 570/964/2584 673/1132/2585 462/747/2586 
f 422/686/2587 439/708/2588 504/831/2589 
f 636/917/2590 656/613/2591 433/699/2592 
f 433/699/2593 611/687/2594 636/917/2595 
f 423/688/2596 581/980/2597 545/918/2598 
f 618/1049/2599 446/719/2600 511/684/2601 
f 390/634/2602 665/1119/2603 424/689/2604 
f 604/1025/2605 519/861/2606 540/725/2607 
f 640/1082/2608 425/690/2609 530/888/2610 
f 572/967/2611 457/739/2612 404/660/2613 
f 404/660/2614 477/776/2615 572/967/2616 
f 390/634/2617 643/1086/2618 427/692/2619 
f 427/692/2620 538/905/2621 394/641/2622 
f 588/763/2623 536/900/2624 547/639/2625 
f 441/711/2626 429/694/2627 390/634/2628 
f 390/634/2629 429/694/2630 539/906/2631 
f 430/695/2632 631/716/2633 595/818/2634 
f 430/695/2635 595/818/2636 591/642/2637 
f 591/642/2638 442/712/2639 430/695/2640 
f 561/620/2641 646/1089/2642 442/712/2643 
f 442/712/2644 615/784/2645 561/620/2646 
f 482/785/2647 538/905/2648 382/619/2649 
f 532/755/2650 501/638/2651 571/965/2652 
f 571/965/2653 453/731/2654 532/755/2655 
f 503/830/2656 521/864/2657 553/746/2658 
f 553/746/2659 560/802/2660 503/830/2661 
f 593/636/2662 674/772/2663 472/767/2664 
f 634/777/2665 433/699/2666 472/767/2667 
f 472/767/2668 660/837/2669 634/777/2670 
f 487/793/2671 564/955/2672 384/623/2673 
f 384/623/2674 564/955/2675 505/832/2676 
f 505/832/2677 494/811/2678 384/623/2679 
f 484/788/2680 435/701/2681 405/662/2682 
f 563/702/2683 600/1017/2684 385/625/2685 
f 385/625/2686 514/663/2687 563/702/2688 
f 421/685/2689 642/1085/2690 577/735/2691 
f 436/703/2692 504/831/2693 438/707/2694 
f 438/707/2695 481/782/2696 436/703/2697 
f 510/840/2698 420/683/2699 437/705/2700 
f 403/659/2701 506/833/2702 500/706/2703 
f 504/831/2704 596/658/2705 568/960/2706 
f 537/652/2707 439/708/2708 440/710/2709 
f 386/627/2710 454/732/2711 648/856/2712 
f 516/857/2713 440/710/2714 439/708/2715 
f 439/708/2716 651/626/2717 516/857/2718 
f 441/711/2719 405/662/2720 380/616/2721 
f 429/694/2722 441/711/2723 380/616/2724 
f 518/860/2725 551/794/2726 410/670/2727 
f 410/670/2728 480/780/2729 518/860/2730 
f 480/780/2731 593/636/2732 472/767/2733 
f 472/767/2734 518/860/2735 480/780/2736 
f 502/713/2737 420/683/2738 378/609/2739 
f 606/1027/2740 542/910/2741 443/714/2742 
f 443/714/2743 526/614/2744 606/1027/2745 
f 587/631/2746 427/692/2747 617/872/2748 
f 430/695/2749 499/821/2750 388/630/2751 
f 388/630/2752 524/873/2753 430/695/2754 
f 614/612/2755 616/862/2756 428/693/2757 
f 428/693/2758 612/717/2759 614/612/2760 
f 445/718/2761 417/680/2762 379/611/2763 
f 539/906/2764 415/677/2765 398/650/2766 
f 446/719/2767 398/650/2768 511/684/2769 
f 489/657/2770 676/1135/2771 477/776/2772 
f 477/776/2773 447/720/2774 489/657/2775 
f 534/721/2776 492/808/2777 402/656/2778 
f 415/677/2779 552/722/2780 398/650/2781 
f 527/649/2782 448/723/2783 666/1120/2784 
f 666/1120/2785 555/676/2786 527/649/2787 
f 531/890/2788 449/724/2789 495/653/2790 
f 540/725/2791 519/861/2792 400/654/2793 
f 586/629/2794 455/733/2795 557/727/2796 
f 620/1051/2797 451/728/2798 514/663/2799 
f 514/663/2800 535/615/2801 620/1051/2802 
f 578/976/2803 405/662/2804 566/729/2805 
f 572/967/2806 477/776/2807 630/1066/2808 
f 409/669/2809 531/890/2810 463/748/2811 
f 463/748/2812 452/730/2813 409/669/2814 
f 571/965/2815 396/646/2816 432/698/2817 
f 432/698/2818 453/731/2819 571/965/2820 
f 390/634/2821 657/1108/2822 411/672/2823 
f 411/672/2824 454/732/2825 512/846/2826 
f 390/634/2827 658/1109/2828 661/1112/2829 
f 455/733/2830 401/655/2831 525/874/2832 
f 383/621/2833 424/689/2834 529/887/2835 
f 642/1085/2836 436/703/2837 576/622/2838 
f 576/622/2839 577/735/2840 642/1085/2841 
s 1
f 484/789/2842 385/736/2843 600/1018/2844 
f 600/1018/2845 650/1096/2846 484/789/2847 
s 2147483648
f 572/967/2848 385/625/2849 457/739/2850 
f 490/803/2851 496/817/2852 528/740/2853 
f 458/741/2854 579/978/2855 503/830/2856 
f 503/830/2857 560/802/2858 458/741/2859 
f 419/682/2860 432/698/2861 503/830/2862 
f 503/830/2863 459/742/2864 419/682/2865 
f 459/742/2866 605/1026/2867 384/623/2868 
f 384/623/2869 419/682/2870 459/742/2871 
f 664/1118/2872 454/732/2873 559/948/2874 
f 597/1012/2875 460/744/2876 439/708/2877 
f 439/708/2878 641/1083/2879 597/1012/2880 
f 575/971/2881 496/817/2882 461/745/2883 
f 439/708/2884 422/686/2885 462/747/2886 
f 462/747/2887 422/686/2888 384/623/2889 
f 675/1134/2890 453/731/2891 652/1101/2892 
f 652/1101/2893 413/674/2894 675/1134/2895 
f 442/712/2896 591/642/2897 632/749/2898 
f 394/641/2899 538/905/2900 464/750/2901 
s 1
f 510/839/2902 437/751/2903 476/774/2904 
f 476/774/2905 541/909/2906 510/839/2907 
f 554/939/2908 471/754/2909 395/753/2910 
f 395/753/2911 465/752/2912 554/939/2913 
s 2147483648
f 466/756/2914 455/733/2915 525/874/2916 
f 377/610/2917 581/980/2918 608/757/2919 
f 467/758/2920 570/964/2921 433/699/2922 
f 433/699/2923 656/613/2924 467/758/2925 
f 439/708/2926 673/1132/2927 663/1115/2928 
f 663/1115/2929 651/626/2930 439/708/2931 
f 633/1070/2932 454/732/2933 386/627/2934 
f 669/1125/2935 469/761/2936 547/639/2937 
f 580/762/2938 556/941/2939 393/640/2940 
f 428/693/2941 536/900/2942 588/763/2943 
f 588/763/2944 612/717/2945 428/693/2946 
f 470/764/2947 417/680/2948 445/718/2949 
f 409/669/2950 606/1027/2951 526/614/2952 
f 526/614/2953 554/765/2954 409/669/2955 
f 378/609/2956 420/683/2957 471/766/2958 
f 472/767/2959 433/699/2960 623/1056/2961 
f 523/667/2962 637/1077/2963 473/768/2964 
f 408/668/2965 610/769/2966 613/1041/2967 
f 543/770/2968 455/733/2969 416/679/2970 
f 453/731/2971 675/1134/2972 474/771/2973 
f 474/771/2974 567/678/2975 453/731/2976 
f 674/772/2977 654/664/2978 472/767/2979 
f 475/773/2980 479/779/2981 406/665/2982 
s 1
f 540/907/2983 449/775/2984 565/957/2985 
f 565/957/2986 604/1024/2987 540/907/2988 
s 2147483648
f 676/1135/2989 452/730/2990 630/1066/2991 
f 630/1066/2992 477/776/2993 676/1135/2994 
f 433/699/2995 634/777/2996 611/687/2997 
f 478/778/2998 581/980/2999 423/688/3000 
f 390/634/3001 653/1102/3002 643/1086/3003 
f 407/666/3004 479/779/3005 603/781/3006 
f 603/781/3007 479/779/3008 391/635/3009 
f 544/914/3010 576/622/3011 436/703/3012 
f 436/703/3013 481/782/3014 544/914/3015 
f 573/783/3016 424/689/3017 383/621/3018 
f 442/712/3019 621/696/3020 615/784/3021 
f 431/697/3022 538/905/3023 482/785/3024 
f 397/648/3025 624/1057/3026 483/787/3027 
f 484/788/3028 598/1014/3029 548/624/3030 
s 1
f 484/789/3031 548/923/3032 457/738/3033 
f 457/738/3034 385/736/3035 484/789/3036 
s 2147483648
f 518/860/3037 418/681/3038 485/790/3039 
f 384/623/3040 485/790/3041 418/681/3042 
f 672/1131/3043 508/836/3044 587/631/3045 
f 499/821/3046 671/1128/3047 388/630/3048 
f 533/893/3049 434/700/3050 564/955/3051 
f 564/955/3052 487/793/3053 533/893/3054 
f 412/673/3055 487/793/3056 642/1085/3057 
f 488/795/3058 407/666/3059 639/671/3060 
s 1
f 489/798/3061 402/796/3062 517/858/3063 
f 517/858/3064 542/911/3065 489/798/3066 
f 447/801/3067 534/894/3068 402/799/3069 
f 402/799/3070 489/800/3071 447/801/3072 
s 2147483648
f 553/746/3073 625/617/3074 560/802/3075 
f 461/745/3076 490/803/3077 381/618/3078 
s 1
f 461/806/3079 553/938/3080 521/865/3081 
f 521/865/3082 575/972/3083 461/806/3084 
f 491/805/3085 396/804/3086 571/966/3087 
f 571/966/3088 525/875/3089 491/805/3090 
s 2147483648
f 390/634/3091 492/808/3092 598/1014/3093 
f 598/1014/3094 492/808/3095 507/661/3096 
f 493/809/3097 398/650/3098 584/866/3099 
f 574/810/3100 644/633/3101 522/867/3102 
f 522/867/3103 622/1054/3104 574/810/3105 
f 668/1124/3106 426/691/3107 572/967/3108 
f 572/967/3109 630/1066/3110 668/1124/3111 
s 1
f 530/889/3112 387/814/3113 582/812/3114 
f 582/812/3115 640/813/3116 530/889/3117 
f 495/816/3118 449/775/3119 540/907/3120 
f 540/907/3121 400/815/3122 495/816/3123 
s 2147483648
f 390/634/3124 659/1110/3125 658/1109/3126 
f 401/655/3127 496/817/3128 575/971/3129 
f 497/819/3130 427/692/3131 394/641/3132 
f 384/623/3133 414/675/3134 645/1088/3135 
f 499/821/3136 430/695/3137 498/820/3138 
s 1
f 573/968/3139 481/824/3140 438/822/3141 
f 438/822/3142 562/952/3143 573/968/3144 
f 596/1011/3145 403/825/3146 500/823/3147 
f 500/823/3148 568/961/3149 596/1011/3150 
f 501/826/3151 629/1065/3152 525/875/3153 
f 525/875/3154 571/966/3155 501/826/3156 
f 532/892/3157 466/827/3158 392/807/3159 
f 392/807/3160 594/1008/3161 532/892/3162 
f 502/828/3163 443/797/3164 542/911/3165 
f 542/911/3166 517/858/3167 502/828/3168 
f 502/828/3169 378/829/3170 526/876/3171 
f 526/876/3172 443/797/3173 502/828/3174 
s 2147483648
f 432/698/3175 396/646/3176 521/864/3177 
f 521/864/3178 503/830/3179 432/698/3180 
f 609/1033/3181 422/686/3182 504/831/3183 
f 504/831/3184 436/703/3185 609/1033/3186 
f 505/832/3187 564/955/3188 434/700/3189 
f 434/700/3190 494/811/3191 505/832/3192 
f 390/634/3193 424/689/3194 506/833/3195 
f 506/833/3196 424/689/3197 562/953/3198 
s 1
f 628/1062/3199 534/894/3200 447/801/3201 
f 447/801/3202 602/1021/3203 628/1062/3204 
f 457/738/3205 548/923/3206 507/835/3207 
f 507/835/3208 404/834/3209 457/738/3210 
s 2147483648
f 677/1136/3211 427/692/3212 508/836/3213 
f 508/836/3214 427/692/3215 587/631/3216 
f 654/664/3217 660/837/3218 472/767/3219 
f 406/665/3220 479/779/3221 509/838/3222 
s 1
f 541/909/3223 465/752/3224 395/753/3225 
f 395/753/3226 510/839/3227 541/909/3228 
s 2147483648
f 395/643/3229 420/683/3230 510/840/3231 
s 1
f 493/843/3232 574/969/3233 622/1055/3234 
f 622/1055/3235 511/842/3236 493/843/3237 
f 577/975/3238 456/844/3239 511/842/3240 
f 511/842/3241 421/841/3242 577/975/3243 
s 2147483648
f 512/846/3244 454/732/3245 468/760/3246 
s 1
f 641/1084/3247 664/1117/3248 559/947/3249 
f 559/947/3250 597/1013/3251 641/1084/3252 
f 513/847/3253 403/825/3254 596/1011/3255 
f 596/1011/3256 460/848/3257 513/847/3258 
f 435/737/3259 563/954/3260 514/850/3261 
f 514/850/3262 405/851/3263 435/737/3264 
f 451/852/3265 566/958/3266 405/851/3267 
f 405/851/3268 514/850/3269 451/852/3270 
f 557/942/3271 450/854/3272 515/853/3273 
f 515/853/3274 586/988/3275 557/942/3276 
s 2147483648
f 648/856/3277 454/732/3278 607/709/3279 
f 402/656/3280 420/683/3281 517/859/3282 
f 442/712/3283 518/860/3284 485/790/3285 
f 619/1050/3286 635/1073/3287 519/861/3288 
f 519/861/3289 425/690/3290 400/654/3291 
f 379/611/3292 417/680/3293 520/863/3294 
s 1
f 396/804/3295 491/805/3296 575/972/3297 
f 575/972/3298 521/865/3299 396/804/3300 
s 2147483648
f 493/809/3301 584/866/3302 389/632/3303 
s 1
f 616/1045/3304 520/870/3305 583/983/3306 
f 583/983/3307 627/1061/3308 616/1045/3309 
f 523/868/3310 473/871/3311 610/1034/3312 
f 610/1034/3313 408/869/3314 523/868/3315 
s 2147483648
f 617/872/3316 427/692/3317 444/715/3318 
f 524/873/3319 631/716/3320 430/695/3321 
f 629/1064/3322 466/756/3323 525/874/3324 
s 1
f 471/754/3325 554/939/3326 526/876/3327 
f 526/876/3328 378/829/3329 471/754/3330 
f 552/934/3331 448/879/3332 527/877/3333 
f 527/877/3334 398/878/3335 552/934/3336 
f 527/877/3337 522/880/3338 584/985/3339 
f 584/985/3340 398/878/3341 527/877/3342 
f 580/979/3343 469/883/3344 590/997/3345 
f 590/997/3346 599/1016/3347 580/979/3348 
f 560/949/3349 490/884/3350 528/882/3351 
f 528/882/3352 458/881/3353 560/949/3354 
f 529/886/3355 456/844/3356 577/975/3357 
f 577/975/3358 576/885/3359 529/886/3360 
s 2147483648
f 529/887/3361 618/1049/3362 456/734/3363 
f 530/888/3364 425/690/3365 586/629/3366 
f 495/653/3367 582/981/3368 413/674/3369 
f 413/674/3370 531/890/3371 495/653/3372 
f 413/674/3373 652/1101/3374 463/748/3375 
f 463/748/3376 531/890/3377 413/674/3378 
s 1
f 532/892/3379 567/959/3380 416/891/3381 
f 416/891/3382 466/827/3383 532/892/3384 
s 2147483648
f 412/673/3385 533/893/3386 487/793/3387 
s 1
f 535/896/3388 380/895/3389 578/977/3390 
f 578/977/3391 620/1052/3392 535/896/3393 
f 535/899/3394 555/940/3395 415/897/3396 
f 415/897/3397 380/898/3398 535/899/3399 
s 2147483648
f 605/1026/3400 669/1125/3401 536/900/3402 
f 536/900/3403 428/693/3404 605/1026/3405 
s 1
f 537/904/3406 440/902/3407 607/1028/3408 
f 607/1028/3409 399/903/3410 537/904/3411 
s 2147483648
f 643/1086/3412 653/1102/3413 407/666/3414 
f 538/905/3415 407/666/3416 662/1114/3417 
f 390/634/3418 539/906/3419 665/1119/3420 
f 539/906/3421 398/650/3422 446/719/3423 
f 465/644/3424 541/908/3425 409/669/3426 
s 1
f 450/854/3427 557/942/3428 543/912/3429 
f 543/912/3430 474/913/3431 450/854/3432 
f 416/891/3433 567/959/3434 474/913/3435 
f 474/913/3436 543/912/3437 416/891/3438 
f 481/824/3439 573/968/3440 383/915/3441 
f 383/915/3442 544/916/3443 481/824/3444 
s 2147483648
f 545/918/3445 581/980/3446 377/610/3447 
f 390/634/3448 427/692/3449 677/1136/3450 
f 390/634/3451 546/919/3452 417/680/3453 
s 1
f 655/1106/3454 470/920/3455 588/994/3456 
f 588/994/3457 547/921/3458 655/1106/3459 
f 469/883/3460 580/979/3461 393/922/3462 
f 393/922/3463 547/921/3464 469/883/3465 
f 569/962/3466 486/926/3467 649/1095/3468 
f 649/1095/3469 670/1126/3470 569/962/3471 
f 549/924/3472 589/995/3473 397/927/3474 
f 397/927/3475 483/925/3476 549/924/3477 
s 2147483648
f 608/757/3478 411/672/3479 550/928/3480 
s 1
f 646/1090/3481 662/1113/3482 647/1091/3483 
f 647/1091/3484 667/1123/3485 646/1090/3486 
f 488/930/3487 639/1079/3488 410/933/3489 
f 410/933/3490 551/931/3491 488/930/3492 
f 415/897/3493 555/940/3494 666/1121/3495 
f 666/1121/3496 552/934/3497 415/897/3498 
f 381/937/3499 625/1058/3500 553/935/3501 
f 553/935/3502 461/936/3503 381/937/3504 
s 2147483648
f 659/1110/3505 417/680/3506 556/941/3507 
f 556/941/3508 417/680/3509 470/764/3510 
s 1
f 633/1069/3511 386/943/3512 651/1100/3513 
f 651/1100/3514 663/1116/3515 633/1069/3516 
f 558/944/3517 585/986/3518 512/946/3519 
f 512/946/3520 468/945/3521 558/944/3522 
f 513/847/3523 460/848/3524 597/1013/3525 
f 597/1013/3526 559/947/3527 513/847/3528 
s 2147483648
f 559/948/3529 454/732/3530 513/743/3531 
s 1
f 625/1058/3532 381/937/3533 490/884/3534 
f 490/884/3535 560/949/3536 625/1058/3537 
f 561/950/3538 615/1044/3539 482/951/3540 
f 482/951/3541 382/932/3542 561/950/3543 
f 562/952/3544 438/822/3545 568/961/3546 
f 568/961/3547 500/823/3548 562/952/3549 
s 2147483648
f 500/706/3550 506/833/3551 562/953/3552 
s 1
f 563/954/3553 435/737/3554 650/1096/3555 
f 650/1096/3556 600/1018/3557 563/954/3558 
s 2147483648
f 531/890/3559 476/704/3560 565/956/3561 
s 1
f 437/751/3562 604/1024/3563 565/957/3564 
f 565/957/3565 476/774/3566 437/751/3567 
f 566/958/3568 451/852/3569 620/1052/3570 
f 620/1052/3571 578/977/3572 566/958/3573 
s 2147483648
f 568/960/3574 438/707/3575 504/831/3576 
s 1
f 587/990/3577 388/963/3578 671/1129/3579 
f 671/1129/3580 672/1130/3581 587/990/3582 
s 2147483648
f 433/699/3583 570/964/3584 626/1059/3585 
s 1
f 493/843/3586 389/970/3587 644/1087/3588 
f 644/1087/3589 574/969/3590 493/843/3591 
s 2147483648
f 491/645/3592 401/655/3593 575/971/3594 
s 1
f 383/915/3595 529/974/3596 576/973/3597 
f 576/973/3598 544/916/3599 383/915/3600 
s 2147483648
f 405/662/3601 578/976/3602 380/616/3603 
f 503/830/3604 579/978/3605 459/742/3606 
f 390/634/3607 411/672/3608 581/980/3609 
f 581/980/3610 411/672/3611 608/757/3612 
s 1
f 495/816/3613 400/815/3614 640/1081/3615 
f 640/1081/3616 582/982/3617 495/816/3618 
f 523/868/3619 408/869/3620 627/1061/3621 
f 627/1061/3622 583/983/3623 523/868/3624 
s 2147483648
f 583/984/3625 637/1077/3626 523/667/3627 
s 1
f 522/880/3628 644/1087/3629 389/970/3630 
f 389/970/3631 584/985/3632 522/880/3633 
f 585/986/3634 638/1078/3635 550/987/3636 
f 550/987/3637 512/946/3638 585/986/3639 
f 387/814/3640 530/889/3641 586/988/3642 
f 586/988/3643 515/853/3644 387/814/3645 
f 587/990/3646 617/1048/3647 524/989/3648 
f 524/989/3649 388/963/3650 587/990/3651 
f 470/993/3652 445/991/3653 612/1040/3654 
f 612/1040/3655 588/992/3656 470/993/3657 
f 610/1034/3658 473/871/3659 397/927/3660 
f 397/927/3661 589/995/3662 610/1034/3663 
s 2147483648
f 579/978/3664 458/741/3665 590/996/3666 
s 1
f 458/881/3667 528/882/3668 599/1016/3669 
f 599/1016/3670 590/997/3671 458/881/3672 
f 595/1009/3673 497/1000/3674 394/998/3675 
f 394/998/3676 591/999/3677 595/1009/3678 
f 464/1001/3679 632/1068/3680 591/999/3681 
f 591/999/3682 394/998/3683 464/1001/3684 
s 2147483648
f 419/682/3685 592/1002/3686 432/698/3687 
s 1
f 593/1005/3688 480/1003/3689 603/1023/3690 
f 603/1023/3691 391/1004/3692 593/1005/3693 
f 391/1004/3694 475/1006/3695 674/1133/3696 
f 674/1133/3697 593/1005/3698 391/1004/3699 
s 2147483648
f 532/755/3700 594/1007/3701 501/638/3702 
s 1
f 594/1008/3703 392/807/3704 629/1065/3705 
f 629/1065/3706 501/826/3707 594/1008/3708 
f 631/1067/3709 444/1010/3710 497/1000/3711 
f 497/1000/3712 595/1009/3713 631/1067/3714 
s 2147483648
f 441/711/3715 390/634/3716 598/1014/3717 
f 484/788/3718 441/711/3719 598/1014/3720 
f 528/740/3721 496/817/3722 599/1015/3723 
f 499/821/3724 498/820/3725 645/1088/3726 
f 645/1088/3727 601/1019/3728 499/821/3729 
s 1
f 507/835/3730 628/1062/3731 602/1021/3732 
f 602/1021/3733 404/834/3734 507/835/3735 
f 480/1003/3736 410/1022/3737 639/1080/3738 
f 639/1080/3739 603/1023/3740 480/1003/3741 
s 2147483648
f 437/705/3742 519/861/3743 604/1025/3744 
f 452/730/3745 676/1135/3746 606/1027/3747 
f 606/1027/3748 409/669/3749 452/730/3750 
s 1
f 516/1029/3751 648/1093/3752 607/1028/3753 
f 607/1028/3754 440/902/3755 516/1029/3756 
f 550/987/3757 638/1078/3758 467/1030/3759 
f 467/1030/3760 608/1031/3761 550/987/3762 
f 467/1030/3763 656/1107/3764 377/1032/3765 
f 377/1032/3766 608/1031/3767 467/1030/3768 
s 2147483648
f 422/686/3769 609/1033/3770 384/623/3771 
s 1
f 611/1037/3772 634/1072/3773 478/1035/3774 
f 478/1035/3775 423/1036/3776 611/1037/3777 
f 423/1036/3778 545/1038/3779 636/1076/3780 
f 636/1076/3781 611/1037/3782 423/1036/3783 
f 445/991/3784 379/1039/3785 614/1042/3786 
f 614/1042/3787 612/1040/3788 445/991/3789 
s 2147483648
f 627/1060/3790 408/668/3791 613/1041/3792 
f 613/1041/3793 428/693/3794 627/1060/3795 
s 1
f 379/1039/3796 520/870/3797 616/1045/3798 
f 616/1045/3799 614/1042/3800 379/1039/3801 
f 615/1044/3802 621/1053/3803 431/1043/3804 
f 431/1043/3805 482/951/3806 615/1044/3807 
f 617/1047/3808 444/1010/3809 631/1067/3810 
f 631/1067/3811 524/1046/3812 617/1047/3813 
s 2147483648
f 424/689/3814 665/1119/3815 618/1049/3816 
f 424/689/3817 618/1049/3818 529/887/3819 
f 492/808/3820 619/1050/3821 420/683/3822 
f 619/1050/3823 519/861/3824 420/683/3825 
s 1
f 621/1053/3826 632/1068/3827 464/1001/3828 
f 464/1001/3829 431/1043/3830 621/1053/3831 
f 622/1055/3832 421/841/3833 511/842/3834 
s 2147483648
f 472/767/3835 623/1056/3836 418/681/3837 
f 384/623/3838 418/681/3839 623/1056/3840 
f 677/1136/3841 508/836/3842 624/1057/3843 
f 624/1057/3844 508/836/3845 670/1127/3846 
f 507/661/3847 492/808/3848 628/1063/3849 
f 466/756/3850 629/1064/3851 392/637/3852 
f 384/623/3853 630/1066/3854 452/730/3855 
s 1
f 663/1116/3856 558/944/3857 468/945/3858 
f 468/945/3859 633/1069/3860 663/1116/3861 
s 2147483648
f 468/760/3862 454/732/3863 633/1070/3864 
s 1
f 634/1072/3865 660/1111/3866 509/1071/3867 
f 509/1071/3868 478/1035/3869 634/1072/3870 
s 2147483648
f 635/1073/3871 425/690/3872 519/861/3873 
f 635/1073/3874 455/733/3875 425/690/3876 
s 1
f 545/1075/3877 377/1032/3878 656/1107/3879 
f 656/1107/3880 636/1074/3881 545/1075/3882 
s 2147483648
f 546/919/3883 637/1077/3884 417/680/3885 
f 417/680/3886 637/1077/3887 583/984/3888 
f 400/654/3889 425/690/3890 640/1082/3891 
f 537/652/3892 641/1083/3893 439/708/3894 
s 1
f 537/901/3895 399/849/3896 664/1117/3897 
f 664/1117/3898 641/1084/3899 537/901/3900 
s 2147483648
f 643/1086/3901 407/666/3902 538/905/3903 
f 643/1086/3904 538/905/3905 427/692/3906 
s 1
f 382/932/3907 662/1113/3908 646/1090/3909 
f 646/1090/3910 561/950/3911 382/932/3912 
f 488/930/3913 551/931/3914 667/1123/3915 
f 667/1123/3916 647/1091/3917 488/930/3918 
s 2147483648
f 647/1092/3919 407/666/3920 488/795/3921 
s 1
f 516/1029/3922 651/1100/3923 386/943/3924 
f 386/943/3925 648/1093/3926 516/1029/3927 
s 2147483648
f 649/1094/3928 601/1019/3929 549/786/3930 
s 1
f 549/924/3931 483/925/3932 670/1126/3933 
f 670/1126/3934 649/1095/3935 549/924/3936 
s 2147483648
f 435/1097/3937 484/1098/3938 650/1099/3939 
f 653/1102/3940 581/980/3941 479/779/3942 
f 653/1102/3943 479/779/3944 407/666/3945 
s 1
f 654/1104/3946 674/1133/3947 475/1006/3948 
f 475/1006/3949 406/1103/3950 654/1104/3951 
f 406/1103/3952 509/1071/3953 660/1111/3954 
f 660/1111/3955 654/1104/3956 406/1103/3957 
s 2147483648
f 393/640/3958 556/941/3959 655/1105/3960 
s 1
f 393/922/3961 655/1106/3962 547/921/3963 
s 2147483648
f 657/1108/3964 454/732/3965 411/672/3966 
f 657/1108/3967 506/833/3968 454/732/3969 
f 658/1109/3970 496/817/3971 401/655/3972 
f 658/1109/3973 401/655/3974 661/1112/3975 
f 658/1109/3976 659/1110/3977 496/817/3978 
f 659/1110/3979 556/941/3980 496/817/3981 
f 661/1112/3982 401/655/3983 455/733/3984 
f 635/1073/3985 661/1112/3986 455/733/3987 
f 382/619/3988 538/905/3989 662/1114/3990 
f 663/1115/3991 673/1132/3992 558/759/3993 
f 399/651/3994 454/732/3995 664/1118/3996 
f 665/1119/3997 446/719/3998 618/1049/3999 
f 665/1119/4000 539/906/4001 446/719/4002 
s 1
f 552/934/4003 666/1121/4004 448/879/4005 
s 2147483648
f 667/1122/4006 551/794/4007 518/860/4008 
f 426/691/4009 668/1124/4010 494/811/4011 
f 536/900/4012 669/1125/4013 547/639/4014 
f 483/787/4015 624/1057/4016 670/1127/4017 
f 499/821/4018 486/792/4019 671/1128/4020 
s 1
f 486/926/4021 569/962/4022 672/1130/4023 
f 672/1130/4024 671/1129/4025 486/926/4026 
s 2147483648
f 569/791/4027 508/836/4028 672/1131/4029 
f 439/708/4030 462/747/4031 673/1132/4032 
f 390/634/4033 677/1136/4034 546/919/4035 
f 546/919/4036 677/1136/4037 624/1057/4038 
# 598 faces

#
# object SM_Coral_Table_Acropora_01_LOD2
#

v  114.4995 16.2050 -20.3002
v  -56.2238 16.2049 91.6646
v  -94.6961 16.4610 -65.2974
v  4.6801 16.2050 64.8683
v  -103.1876 16.2050 1.2377
v  58.8188 16.2050 -91.0964
v  61.4858 14.7304 77.7587
v  2.0646 -0.0000 4.9626
v  -11.2539 11.8016 92.5021
v  107.8179 14.5870 20.6049
v  -107.6407 14.3259 47.9277
v  -6.2568 14.2485 -96.6693
v  22.1511 14.6916 81.0817
v  2.0371 7.6324 4.8901
v  88.3303 14.7146 -61.6177
v  -105.8438 16.2050 12.8455
v  -108.0236 14.7765 -41.0171
v  28.0095 16.3165 -97.4132
v  -65.8816 13.5351 82.7055
v  -92.7700 14.6888 6.0976
v  -66.4117 15.2618 -84.3633
v  20.3430 16.2050 70.9036
v  99.0267 16.2050 30.4790
v  -95.6507 16.2050 59.9554
v  -72.3164 16.4335 8.1871
v  -40.8435 16.2049 93.2418
v  86.3356 16.2050 55.8218
v  -21.4778 12.3678 98.6459
v  -0.7398 16.2050 75.3574
v  95.2254 16.2050 -49.6838
v  54.5524 16.4335 -59.6971
v  -80.0770 14.1401 -71.9244
v  -46.8151 12.7311 66.2036
v  80.8112 13.7622 -75.6415
v  86.3839 16.4335 -7.1213
v  28.1090 12.4447 66.3571
v  -80.2232 13.1493 37.1631
v  -36.2383 7.9059 -37.0670
v  10.7610 16.2050 64.6645
v  -112.0843 14.2485 21.1901
v  -72.2407 16.4335 -45.4651
v  44.5755 7.5427 -31.4854
v  -47.5258 7.5059 7.1042
v  -46.8109 16.4334 66.2147
v  36.8022 13.0822 86.8530
v  44.1940 6.9239 30.3760
v  107.4477 16.2050 -35.2045
v  48.2700 16.4334 58.5367
v  -80.2179 16.4334 37.1770
v  -7.9331 12.5392 70.5939
v  7.3693 16.4335 -72.7525
v  -72.2480 13.9477 -45.4845
v  4.0193 16.4334 49.8738
v  7.3620 13.9187 -72.7716
v  44.0120 16.2050 -91.2255
v  -72.3224 13.4100 8.1714
v  84.6158 13.0731 -17.7421
v  4.0152 12.7017 49.8629
v  -3.0055 16.2049 85.1213
v  48.2665 12.4466 58.5276
v  -75.0667 13.5351 74.3486
v  72.4730 13.3504 68.2288
v  78.9680 12.7268 18.9366
v  101.5996 13.4914 24.0441
v  -7.9294 16.4334 70.6036
v  39.0250 13.7533 -68.2916
v  -51.8198 13.6896 90.2178
v  9.1396 16.4006 -98.6519
v  -96.5556 16.4114 -59.6467
v  28.1124 16.4334 66.3662
v  -34.6742 14.0174 98.6456
v  14.0283 14.8604 70.2887
v  -85.5082 11.3946 65.6072
v  -113.5908 12.5035 36.8087
v  3.0209 14.6241 73.9824
v  -27.0859 7.0152 48.2968
v  -84.7648 13.3374 20.1290
v  78.9721 16.4335 18.9476
v  -84.7590 16.4334 20.1441
v  50.1784 16.2049 83.1755
v  -15.7625 12.4987 92.9829
v  -105.1564 14.8745 -7.7249
v  -53.4323 7.7192 -11.9286
v  90.7697 14.9471 44.3300
v  -98.6051 16.2050 4.4927
v  56.2945 7.1041 7.8120
v  -52.7930 7.3322 26.4320
v  36.6031 16.2670 -95.7393
v  -65.8847 11.1486 82.6973
v  -107.4095 16.2050 17.2553
v  114.4957 15.3370 -11.1876
v  108.2346 14.5870 15.2382
v  -108.9191 13.6083 -28.7935
v  -101.6292 16.3962 -56.2125
v  -61.6996 16.2049 88.6315
v  70.7517 13.3518 -40.2704
v  -74.5313 15.2396 -79.0703
v  -114.4995 12.6029 27.2349
v  93.6642 16.2050 -55.3036
v  -75.0701 11.2673 74.3397
v  -25.4984 12.5598 75.2015
v  101.7399 16.2050 -40.2306
v  70.7575 16.4335 -40.2552
v  87.0964 13.7634 -67.9070
v  68.0692 13.3120 73.7341
v  51.3635 16.2050 -92.6615
v  -50.1376 16.5106 -87.1410
v  -11.2516 14.3734 92.5082
v  26.7058 7.7348 -43.8712
v  -26.8850 14.8605 -90.3759
v  19.4284 6.8624 45.8947
v  75.6749 14.4484 -77.8263
v  -40.8461 13.9640 93.2350
v  -102.8548 16.2050 -3.5568
v  -92.7646 16.2050 6.1117
v  -25.4946 16.4334 75.2114
v  26.0134 14.6916 84.1960
v  -4.5997 6.9254 48.7192
v  -95.6547 14.1598 59.9450
v  -79.9352 16.4335 -14.5336
v  21.6542 16.3281 -96.1643
v  5.5971 7.8450 -46.8578
v  -19.6564 13.9591 -66.5645
v  77.8718 14.7304 65.1488
v  -103.2789 14.6818 10.7749
v  -51.8170 16.2049 90.2251
v  -77.2120 13.5356 -2.4998
v  65.2573 12.5369 43.0792
v  3.3659 7.0337 34.8985
v  65.2610 16.4334 43.0889
v  -21.4755 14.3734 98.6519
v  -19.6491 16.4335 -66.5452
v  99.2944 16.2050 -45.9586
v  -70.8945 13.5351 80.5301
v  36.8042 14.6916 86.8582
v  110.5376 14.5870 10.6961
v  90.7723 16.2050 44.3367
v  -0.7424 14.7490 75.3504
v  -109.6784 12.4220 43.4476
v  104.6142 13.7311 23.6257
v  -47.4695 16.2049 93.1761
v  58.9258 13.5636 -56.9139
v  -71.2288 16.4334 46.1891
v  -90.9797 16.4810 -68.7045
v  -93.7516 14.7118 4.1677
v  20.5031 14.7623 76.4136
v  -80.0770 15.1891 -71.9244
v  3.7134 14.3135 -97.3057
v  -97.1010 16.2050 9.2861
v  -56.2265 14.2842 91.6573
v  20.3405 14.8303 70.8969
v  -105.1506 16.2050 -7.7095
v  56.1602 16.2049 79.4398
v  -107.6363 16.2050 47.9393
v  -71.2337 13.0248 46.1761
v  -107.4147 14.6327 17.2416
v  15.7627 12.6116 54.3900
v  -34.6718 16.2049 98.6519
v  4.6772 15.0117 64.8608
v  -77.3978 13.8757 -36.3454
v  99.0239 15.0547 30.4716
v  39.0319 16.4335 -68.2736
v  15.7665 16.4334 54.4002
v  -85.5045 13.5351 65.6170
v  -70.8976 11.1895 80.5217
v  -47.4721 13.9898 93.1691
v  -114.4944 14.2485 27.2481
v  61.4838 13.2967 77.7535
v  110.6691 16.2050 -26.7538
v  -36.2434 13.2589 -37.0804
v  -108.0236 13.7275 -41.0171
v  -15.7601 14.3734 92.9891
v  -50.1376 15.4616 -87.1410
v  112.5806 14.5870 -2.1286
v  75.6749 13.4795 -77.8263
v  14.0309 16.2050 70.2957
v  -98.6105 14.7272 4.4783
v  -61.7025 14.3355 88.6238
v  10.7582 14.9293 64.6570
v  -77.3906 16.4335 -36.3265
v  -113.5860 14.2485 36.8212
v  108.2315 13.8015 15.2299
v  94.5266 16.2050 39.4053
v  -102.8605 14.8241 -3.5718
v  58.8124 15.3083 -91.1132
v  72.4751 14.7304 68.2344
v  -3.0079 14.5411 85.1150
v  11.1976 6.9737 37.9166
v  -79.8080 11.3127 71.6133
v  3.0236 16.2050 73.9893
v  -112.0895 12.6545 21.1766
v  77.8697 13.3608 65.1432
v  -26.8850 15.9095 -90.3759
v  86.3791 12.9601 -7.1339
v  -97.1063 14.6734 9.2721
v  -15.6010 12.5222 75.2018
v  68.0712 14.7304 73.7394
v  26.0113 13.1500 84.1903
v  -93.7463 16.2050 4.1819
v  56.1582 14.7747 79.4345
v  50.1765 14.7977 83.1704
v  4.5586 16.2050 70.2653
v  -79.9418 13.6668 -14.5510
v  -108.9127 14.7133 -28.7766
v  84.6209 16.4335 -17.7287
v  -97.9661 14.2060 56.2160
v  -84.0852 15.2011 -71.6035
# 207 vertices

vn 0.0521 0.9933 0.1028
vn 0.0199 0.9990 0.0399
vn 0.0296 0.9995 0.0095
vn 0.0022 -1.0000 0.0083
vn 0.1389 -0.9831 0.1193
vn -0.1452 -0.9484 0.2818
vn 0.2540 -0.9378 0.2366
vn -0.0710 -0.9845 0.1604
vn 0.0022 -1.0000 0.0083
vn -0.0048 0.9999 -0.0143
vn 0.0096 0.9998 0.0170
vn 0.0109 0.9997 -0.0233
vn -0.0414 -0.9909 -0.1279
vn -0.0130 -0.9809 -0.1943
vn -0.0946 -0.9811 -0.1690
vn -0.0946 -0.9811 -0.1690
vn -0.0852 -0.9935 -0.0758
vn -0.0414 -0.9909 -0.1279
vn 0.0296 0.9995 0.0095
vn 0.0199 0.9990 0.0399
vn -0.6084 -0.0053 -0.7936
vn -0.0048 0.9999 -0.0143
vn -0.0320 0.9993 0.0173
vn -0.0286 0.9996 0.0079
vn 0.0090 -0.9912 -0.1321
vn 0.0564 -0.9831 -0.1741
vn -0.0130 -0.9809 -0.1943
vn 0.0083 1.0000 0.0046
vn -0.0346 0.9993 -0.0114
vn 0.8298 0.2102 0.5169
vn 0.0679 -0.9915 0.1111
vn -0.1452 -0.9484 0.2818
vn 0.1389 -0.9831 0.1193
vn -0.0946 -0.9811 -0.1690
vn -0.1695 -0.9853 -0.0215
vn -0.0852 -0.9935 -0.0758
vn 0.0022 -1.0000 0.0083
vn -0.1490 -0.9877 0.0477
vn -0.1726 -0.9849 -0.0117
vn 0.1071 0.9910 0.0798
vn 0.0223 0.9996 -0.0172
vn 0.0650 0.9973 0.0352
vn 0.2079 -0.9677 0.1428
vn 0.2540 -0.9378 0.2366
vn 0.1800 -0.9409 0.2870
vn 0.1800 -0.9409 0.2870
vn 0.1375 -0.9826 0.1248
vn 0.2079 -0.9677 0.1428
vn 0.1657 -0.9860 0.0212
vn 0.1389 -0.9831 0.1193
vn 0.0022 -1.0000 0.0083
vn 0.0022 -1.0000 0.0083
vn 0.1269 -0.9856 -0.1116
vn 0.1657 -0.9860 0.0212
vn -0.0286 0.9996 0.0079
vn -0.0320 0.9993 0.0173
vn 0.7904 0.0574 -0.6099
vn 0.0022 -1.0000 0.0083
vn -0.0710 -0.9845 0.1604
vn -0.1490 -0.9877 0.0477
vn -0.0048 0.9999 -0.0143
vn 0.0109 0.9997 -0.0233
vn -0.0047 0.9996 -0.0295
vn -0.6084 -0.0053 -0.7936
vn -0.0071 -0.9980 -0.0623
vn -0.0414 -0.9909 -0.1279
vn -0.0414 -0.9909 -0.1279
vn -0.0852 -0.9935 -0.0758
vn -0.6084 -0.0053 -0.7936
vn -0.1632 0.0247 -0.9863
vn 0.0296 0.9995 0.0095
vn -0.6084 -0.0053 -0.7936
vn -0.0048 0.9999 -0.0143
vn -0.0346 0.9993 -0.0114
vn -0.0225 0.9995 -0.0207
vn -0.0660 -0.9871 0.1459
vn 0.1375 -0.9826 0.1248
vn 0.1800 -0.9409 0.2870
vn 0.1800 -0.9409 0.2870
vn -0.2337 -0.9256 0.2978
vn -0.0660 -0.9871 0.1459
vn 0.1002 0.9880 -0.1179
vn -0.0975 0.9868 -0.1290
vn -0.0058 0.9999 0.0149
vn -0.0048 0.9999 -0.0143
vn -0.0047 0.9996 -0.0295
vn 0.0223 0.9996 -0.0172
vn 0.8415 0.0427 -0.5386
vn -0.0286 0.9996 0.0079
vn 0.7904 0.0574 -0.6099
vn 0.1207 -0.9926 -0.0118
vn 0.9979 0.0153 0.0631
vn 0.9832 -0.0302 0.1798
vn 0.9832 -0.0302 0.1798
vn 0.9807 0.0327 -0.1926
vn 0.1207 -0.9926 -0.0118
vn -0.0653 0.9977 0.0178
vn 0.0096 0.9998 0.0170
vn -0.0750 0.9972 -0.0072
vn -0.0784 -0.9954 -0.0555
vn 0.0522 -0.9891 0.1375
vn 0.0186 -0.9997 -0.0179
vn 0.0186 -0.9997 -0.0179
vn 0.0229 -0.9997 -0.0075
vn -0.0784 -0.9954 -0.0555
vn -0.6084 -0.0053 -0.7936
vn -0.0852 -0.9935 -0.0758
vn -0.1632 0.0247 -0.9863
vn -0.0597 0.9975 0.0375
vn -0.0201 0.9998 0.0054
vn -0.5235 0.1069 -0.8453
vn 0.9915 -0.0631 -0.1137
vn 0.0306 0.9995 -0.0125
vn 0.8619 -0.0506 -0.5045
vn 0.0336 -0.9900 -0.1367
vn 0.3198 0.0398 -0.9466
vn 0.1636 0.0605 -0.9847
vn -0.0047 0.9996 -0.0295
vn -0.0110 0.9991 0.0398
vn -0.0795 0.9937 0.0793
vn -0.0694 -0.9976 0.0062
vn -0.0786 -0.9964 0.0312
vn -0.0375 -0.9941 0.1021
vn -0.0179 0.9993 -0.0327
vn 0.0274 0.9996 -0.0077
vn -0.0458 0.9987 -0.0224
vn -0.0055 -0.9999 0.0150
vn -0.0876 -0.9944 -0.0594
vn -0.1121 -0.9937 0.0052
vn -0.1121 -0.9937 0.0052
vn -0.0394 -0.9984 0.0394
vn -0.0055 -0.9999 0.0150
vn -0.0071 -0.9980 -0.0623
vn -0.0336 -0.9991 -0.0276
vn -0.0414 -0.9909 -0.1279
vn -0.0411 0.9971 0.0645
vn 0.0199 0.9990 0.0399
vn 0.0436 0.9984 -0.0352
vn -0.0957 -0.9822 0.1614
vn 0.0679 -0.9915 0.1111
vn 0.0200 -0.9995 0.0254
vn -0.0645 0.9978 0.0142
vn -0.0113 0.9996 -0.0240
vn -0.0330 0.9973 0.0653
vn 0.9832 -0.0302 0.1798
vn -0.0154 0.9999 0.0061
vn 0.9807 0.0327 -0.1926
vn 0.9807 0.0327 -0.1926
vn 0.0313 -0.9986 -0.0425
vn 0.1310 -0.9898 0.0559
vn 0.1310 -0.9898 0.0559
vn 0.1207 -0.9926 -0.0118
vn 0.9807 0.0327 -0.1926
vn 0.0309 -0.9979 -0.0567
vn -0.0550 -0.9908 -0.1235
vn -0.0805 -0.9956 0.0482
vn 0.0109 0.9997 -0.0233
vn 0.0096 0.9998 0.0170
vn -0.4157 -0.6867 -0.5964
vn -0.0038 1.0000 0.0060
vn 0.0274 0.9996 -0.0077
vn -0.0067 1.0000 0.0036
vn -0.0084 0.9999 -0.0104
vn 0.0780 0.9963 0.0369
vn -0.0107 0.9999 -0.0043
vn -0.1460 0.9855 -0.0869
vn -0.0047 0.9996 -0.0295
vn -0.1709 0.9850 -0.0245
vn -0.0417 -0.9947 0.0937
vn -0.0227 -0.9986 0.0488
vn 0.0117 -0.9988 0.0469
vn 0.1281 -0.9888 0.0769
vn 0.1310 -0.9898 0.0559
vn 0.0891 -0.9927 0.0816
vn 0.0891 -0.9927 0.0816
vn 0.8298 0.2102 0.5169
vn 0.1281 -0.9888 0.0769
vn 0.0445 0.9977 0.0513
vn -0.0113 0.9996 -0.0240
vn 0.0466 0.9976 0.0510
vn 0.0011 -1.0000 0.0024
vn 0.0034 -0.9968 0.0793
vn 0.2079 -0.9677 0.1428
vn 0.2079 -0.9677 0.1428
vn 0.2155 -0.9759 0.0351
vn 0.0011 -1.0000 0.0024
vn 0.0995 0.9871 0.1256
vn -0.0230 0.9996 -0.0177
vn 0.1071 0.9910 0.0798
vn -0.0230 0.9996 -0.0177
vn -0.0289 0.9967 0.0761
vn -0.0241 0.9991 0.0341
vn 0.2079 -0.9677 0.1428
vn 0.1375 -0.9826 0.1248
vn 0.2155 -0.9759 0.0351
vn 0.1232 -0.9906 -0.0595
vn 0.1657 -0.9860 0.0212
vn 0.1269 -0.9856 -0.1116
vn 0.9280 0.0856 -0.3626
vn -0.0286 0.9996 0.0079
vn 0.8695 0.0956 -0.4845
vn -0.0424 0.1208 -0.9918
vn -0.0163 0.9995 0.0274
vn -0.0799 0.0602 -0.9950
vn 0.3198 0.0398 -0.9466
vn -0.0166 0.9992 0.0359
vn 0.1636 0.0605 -0.9847
vn -0.5281 0.5163 -0.6742
vn 0.0296 0.9995 0.0095
vn 0.0773 0.9936 -0.0819
vn -0.0030 -1.0000 -0.0064
vn -0.0852 -0.9935 -0.0758
vn -0.5281 0.5163 -0.6742
vn -0.0417 -0.9947 0.0937
vn 0.0336 -0.9981 -0.0509
vn 0.0334 -0.9981 -0.0518
vn 0.0334 -0.9981 -0.0518
vn -0.0805 -0.9956 0.0482
vn -0.0417 -0.9947 0.0937
vn 0.1551 -0.9842 0.0849
vn -0.0417 -0.9947 0.0937
vn 0.1218 -0.9810 0.1511
vn 0.0549 -0.9947 -0.0865
vn 0.0336 -0.9900 -0.1367
vn -0.0531 -0.9947 -0.0882
vn -0.0531 -0.9947 -0.0882
vn -0.0098 -0.9999 -0.0038
vn 0.0549 -0.9947 -0.0865
vn 0.0399 0.9992 -0.0024
vn 0.0306 0.9995 -0.0125
vn 0.1112 0.9936 0.0208
vn -0.0225 0.9995 -0.0207
vn -0.0346 0.9993 -0.0114
vn 0.0083 1.0000 0.0046
vn 0.3685 -0.4432 0.8172
vn -0.0225 0.9995 -0.0207
vn 0.0966 0.9842 -0.1485
vn -0.2337 -0.9256 0.2978
vn -0.0957 -0.9822 0.1614
vn -0.1531 -0.9819 0.1111
vn -0.1531 -0.9819 0.1111
vn -0.0660 -0.9871 0.1459
vn -0.2337 -0.9256 0.2978
vn 0.0200 -0.9995 0.0254
vn -0.8878 -0.1899 0.4192
vn -0.1531 -0.9819 0.1111
vn -0.1531 -0.9819 0.1111
vn -0.0957 -0.9822 0.1614
vn 0.0200 -0.9995 0.0254
vn -0.0766 -0.9959 0.0478
vn -0.4157 -0.6867 -0.5964
vn 0.0522 -0.9891 0.1375
vn 0.0522 -0.9891 0.1375
vn -0.0784 -0.9954 -0.0555
vn -0.0766 -0.9959 0.0478
vn -0.0766 -0.9959 0.0478
vn -0.0388 -0.9991 0.0192
vn -0.4157 -0.6867 -0.5964
vn 0.0022 -1.0000 0.0083
vn -0.0946 -0.9811 -0.1690
vn -0.0130 -0.9809 -0.1943
vn -0.0130 -0.9809 -0.1943
vn 0.0564 -0.9831 -0.1741
vn 0.0022 -1.0000 0.0083
vn 0.0022 -1.0000 0.0083
vn -0.1695 -0.9853 -0.0215
vn -0.0946 -0.9811 -0.1690
vn -0.0975 0.9868 -0.1290
vn 0.0139 0.9998 0.0129
vn -0.0058 0.9999 0.0149
vn -0.0784 -0.9954 -0.0555
vn 0.0203 -0.9928 -0.1182
vn -0.0082 -0.9480 -0.3183
vn -0.0765 0.9941 0.0770
vn 0.0096 0.9998 0.0170
vn -0.0394 0.9687 0.2452
vn 0.0274 0.9996 -0.0077
vn -0.0201 0.9998 0.0054
vn -0.0458 0.9987 -0.0224
vn -0.0048 0.9999 -0.0143
vn 0.0296 0.9995 0.0095
vn 0.0274 0.9996 -0.0077
vn 0.0564 -0.9831 -0.1741
vn 0.0090 -0.9912 -0.1321
vn 0.0336 -0.9900 -0.1367
vn 0.0549 -0.9947 -0.0865
vn 0.1233 -0.9896 -0.0737
vn 0.1269 -0.9856 -0.1116
vn -0.0784 -0.9954 -0.0555
vn -0.1812 -0.9807 -0.0736
vn -0.1726 -0.9849 -0.0117
vn -0.1726 -0.9849 -0.0117
vn -0.1490 -0.9877 0.0477
vn -0.0784 -0.9954 -0.0555
vn -0.0876 -0.9944 -0.0594
vn -0.0852 -0.9935 -0.0758
vn -0.1695 -0.9853 -0.0215
vn -0.1695 -0.9853 -0.0215
vn -0.1121 -0.9937 0.0052
vn -0.0876 -0.9944 -0.0594
vn -0.0023 1.0000 0.0084
vn -0.0047 0.9996 -0.0295
vn -0.0010 1.0000 0.0093
vn 0.0223 0.9996 -0.0172
vn -0.0047 0.9996 -0.0295
vn -0.0036 1.0000 0.0082
vn -0.0330 0.9973 0.0653
vn -0.0345 0.9974 0.0627
vn -0.0563 0.9904 0.1266
vn 0.1207 -0.9926 -0.0118
vn 0.1310 -0.9898 0.0559
vn 0.1657 -0.9860 0.0212
vn 0.1281 -0.9888 0.0769
vn 0.0679 -0.9915 0.1111
vn 0.1389 -0.9831 0.1193
vn 0.1389 -0.9831 0.1193
vn 0.1310 -0.9898 0.0559
vn 0.1281 -0.9888 0.0769
vn 0.8961 0.0559 -0.4404
vn 0.9689 0.0733 -0.2362
vn 0.1232 -0.9906 -0.0595
vn 0.1232 -0.9906 -0.0595
vn 0.8175 0.0440 -0.5742
vn 0.8961 0.0559 -0.4404
vn 0.8175 0.0440 -0.5742
vn -0.0320 0.9993 0.0173
vn 0.8961 0.0559 -0.4404
vn -0.0113 0.9996 -0.0240
vn 0.0097 0.9999 -0.0068
vn -0.0330 0.9973 0.0653
vn -0.0048 0.9999 -0.0143
vn 0.0097 0.9999 -0.0068
vn -0.0113 0.9996 -0.0240
vn -0.0795 0.9937 0.0793
vn -0.0110 0.9991 0.0398
vn 0.0243 0.9860 0.1649
vn 0.0409 0.9952 0.0891
vn 0.0109 0.9997 -0.0233
vn -0.2975 0.5968 -0.7452
vn 0.0034 -0.9968 0.0793
vn -0.0451 -0.9990 -0.0017
vn -0.0694 -0.9976 0.0062
vn -0.0694 -0.9976 0.0062
vn -0.0375 -0.9941 0.1021
vn 0.0034 -0.9968 0.0793
vn -0.0048 0.9999 -0.0143
vn -0.0166 0.9992 0.0359
vn -0.0163 0.9995 0.0274
vn -0.0163 0.9995 0.0274
vn -0.0166 0.9992 0.0359
vn 0.0423 0.0425 -0.9982
vn -0.5235 0.1069 -0.8453
vn -0.0876 -0.9944 -0.0594
vn 0.0172 -0.9966 -0.0809
vn -0.0230 0.9996 -0.0177
vn -0.0975 0.9868 -0.1290
vn -0.0048 0.9999 -0.0143
vn -0.0048 0.9999 -0.0143
vn -0.0975 0.9868 -0.1290
vn 0.1002 0.9880 -0.1179
vn 0.0090 -0.9912 -0.1321
vn -0.0424 0.1208 -0.9918
vn -0.0799 0.0602 -0.9950
vn 0.0090 -0.9912 -0.1321
vn -0.0799 0.0602 -0.9950
vn 0.0423 0.0425 -0.9982
vn 0.0423 0.0425 -0.9982
vn 0.0336 -0.9900 -0.1367
vn 0.0090 -0.9912 -0.1321
vn 0.0336 -0.9900 -0.1367
vn -0.4183 0.0945 -0.9034
vn -0.0531 -0.9947 -0.0882
vn -0.4183 0.0945 -0.9034
vn -0.0166 0.9992 0.0359
vn 0.0399 0.9992 -0.0024
vn -0.0082 -0.9480 -0.3183
vn -0.0038 -0.9999 -0.0100
vn -0.0452 -0.9971 -0.0614
vn -0.0452 -0.9971 -0.0614
vn -0.0784 -0.9954 -0.0555
vn -0.0082 -0.9480 -0.3183
vn -0.1337 -0.9904 0.0354
vn -0.0160 -0.9906 0.1360
vn -0.1276 -0.9888 0.0775
vn -0.1276 -0.9888 0.0775
vn -0.1158 -0.9920 0.0498
vn -0.1337 -0.9904 0.0354
vn 0.9280 0.0856 -0.3626
vn 0.8695 0.0956 -0.4845
vn 0.1233 -0.9896 -0.0737
vn 0.7904 0.0574 -0.6099
vn 0.1232 -0.9906 -0.0595
vn 0.1233 -0.9896 -0.0737
vn 0.1233 -0.9896 -0.0737
vn 0.8415 0.0427 -0.5386
vn 0.7904 0.0574 -0.6099
vn -0.1452 -0.9484 0.2818
vn -0.2163 -0.9263 0.3084
vn 0.0022 -1.0000 0.0083
vn 0.0022 -1.0000 0.0083
vn -0.2163 -0.9263 0.3084
vn 0.1437 -0.9557 0.2568
vn 0.1437 -0.9557 0.2568
vn 0.2540 -0.9378 0.2366
vn 0.0022 -1.0000 0.0083
vn -0.0289 0.9967 0.0761
vn -0.2695 0.9610 -0.0625
vn -0.0241 0.9991 0.0341
vn 0.0011 -1.0000 0.0024
vn 0.2155 -0.9759 0.0351
vn 0.3668 -0.9280 0.0654
vn 0.0200 -0.9995 0.0254
vn 0.0679 -0.9915 0.1111
vn 0.1122 -0.9900 0.0858
vn 0.0679 -0.9915 0.1111
vn 0.1281 -0.9888 0.0769
vn 0.0248 -0.9994 0.0229
vn 0.0248 -0.9994 0.0229
vn 0.0262 -0.9994 0.0228
vn 0.0679 -0.9915 0.1111
vn -0.0726 0.9942 0.0792
vn -0.0047 0.9996 -0.0295
vn -0.0795 0.9937 0.0793
vn 0.8298 0.2102 0.5169
vn -0.0346 0.9993 -0.0114
vn -0.0056 0.9968 0.0802
vn 0.1281 -0.9888 0.0769
vn 0.8298 0.2102 0.5169
vn 0.1109 -0.9935 -0.0263
vn 0.0381 -0.9903 0.1337
vn 0.1310 -0.9898 0.0559
vn 0.3685 -0.4432 0.8172
vn 0.6325 0.0767 0.7707
vn -0.0225 0.9995 -0.0207
vn 0.5688 -0.2016 0.7974
vn 0.5688 -0.2016 0.7974
vn 0.3685 -0.4432 0.8172
vn 0.1310 -0.9898 0.0559
vn 0.1310 -0.9898 0.0559
vn 0.6325 0.0767 0.7707
vn 0.5688 -0.2016 0.7974
vn -0.0230 0.9996 -0.0177
vn -0.0241 0.9991 0.0341
vn 0.0139 0.9998 0.0129
vn -0.0975 0.9868 -0.1290
vn -0.0230 0.9996 -0.0177
vn 0.0139 0.9998 0.0129
vn 0.0549 -0.9947 -0.0865
vn -0.0098 -0.9999 -0.0038
vn 0.9915 -0.0631 -0.1137
vn 0.9915 -0.0631 -0.1137
vn 0.8619 -0.0506 -0.5045
vn 0.0549 -0.9947 -0.0865
vn 0.8619 -0.0506 -0.5045
vn 0.9280 0.0856 -0.3626
vn 0.1233 -0.9896 -0.0737
vn 0.1233 -0.9896 -0.0737
vn 0.0549 -0.9947 -0.0865
vn 0.8619 -0.0506 -0.5045
vn -0.0010 1.0000 0.0093
vn -0.0047 0.9996 -0.0295
vn -0.0012 1.0000 0.0085
vn -0.0417 -0.9947 0.0937
vn 0.0117 -0.9988 0.0469
vn -0.0493 -0.9983 0.0296
vn -0.0493 -0.9983 0.0296
vn -0.0723 -0.9968 0.0341
vn -0.0417 -0.9947 0.0937
vn -0.0120 -0.0522 -0.9986
vn -0.0163 0.9995 0.0274
vn -0.0982 -0.1486 -0.9840
vn 0.0090 -0.9912 -0.1321
vn -0.0414 -0.9909 -0.1279
vn -0.0120 -0.0522 -0.9986
vn -0.0120 -0.0522 -0.9986
vn -0.0982 -0.1486 -0.9840
vn 0.0090 -0.9912 -0.1321
vn -0.8289 0.0376 -0.5582
vn -0.5281 0.5163 -0.6742
vn -0.0852 -0.9935 -0.0758
vn -0.0852 -0.9935 -0.0758
vn -0.7754 0.0550 -0.6290
vn -0.8289 0.0376 -0.5582
vn -0.7754 0.0550 -0.6290
vn 0.0296 0.9995 0.0095
vn -0.8289 0.0376 -0.5582
vn 0.1002 0.9880 -0.1179
vn -0.0058 0.9999 0.0149
vn -0.0345 0.9974 0.0627
vn 0.0097 0.9999 -0.0068
vn -0.0345 0.9974 0.0627
vn -0.0330 0.9973 0.0653
vn -0.0227 -0.9986 0.0488
vn -0.0417 -0.9947 0.0937
vn -0.0375 -0.9941 0.1021
vn -0.0375 -0.9941 0.1021
vn -0.0786 -0.9964 0.0312
vn -0.0227 -0.9986 0.0488
vn 0.0650 0.9973 0.0352
vn 0.0223 0.9996 -0.0172
vn -0.0036 1.0000 0.0082
vn -0.0058 0.9999 0.0149
vn -0.0000 1.0000 0.0000
vn -0.0345 0.9974 0.0627
vn -0.0038 -0.9999 -0.0100
vn -0.0660 -0.9871 0.1459
vn -0.1531 -0.9819 0.1111
vn -0.0805 -0.9956 0.0482
vn -0.0550 -0.9908 -0.1235
vn -0.0861 -0.9941 -0.0664
vn 0.0243 0.9860 0.1649
vn -0.0110 0.9991 0.0398
vn 0.0409 0.9952 0.0891
vn -0.4157 -0.6867 -0.5964
vn 0.0096 0.9998 0.0170
vn -0.0653 0.9977 0.0178
vn 0.2155 -0.9759 0.0351
vn 0.1375 -0.9826 0.1248
vn -0.0519 -0.9973 -0.0518
vn 0.0000 1.0000 0.0000
vn -0.0241 0.9991 0.0341
vn 0.0000 1.0000 -0.0000
vn 0.0034 -0.9968 0.0793
vn -0.0375 -0.9941 0.1021
vn -0.0710 -0.9845 0.1604
vn -0.0417 -0.9947 0.0937
vn -0.0805 -0.9956 0.0482
vn -0.1490 -0.9877 0.0477
vn -0.1490 -0.9877 0.0477
vn -0.0710 -0.9845 0.1604
vn -0.0417 -0.9947 0.0937
vn -0.0452 -0.9971 -0.0614
vn -0.0592 -0.9977 -0.0320
vn -0.1812 -0.9807 -0.0736
vn -0.1812 -0.9807 -0.0736
vn -0.0784 -0.9954 -0.0555
vn -0.0452 -0.9971 -0.0614
vn -0.0048 0.9999 -0.0143
vn -0.0225 0.9995 -0.0207
vn -0.0154 0.9999 0.0061
vn -0.0154 0.9999 0.0061
vn -0.0225 0.9995 -0.0207
vn 0.9807 0.0327 -0.1926
vn -0.0048 0.9999 -0.0143
vn 0.0780 0.9963 0.0369
vn 0.0096 0.9998 0.0170
vn 0.0096 0.9998 0.0170
vn 0.0780 0.9963 0.0369
vn -0.0084 0.9999 -0.0104
vn 0.1284 0.9917 -0.0004
vn -0.0113 0.9996 -0.0240
vn 0.1199 0.9922 -0.0344
vn -0.0717 -0.9880 0.1371
vn 0.1122 -0.9900 0.0858
vn 0.0679 -0.9915 0.1111
vn 0.3966 -0.0026 0.9180
vn 0.8694 -0.0031 0.4941
vn 0.4209 -0.0027 0.9071
vn 0.0034 -0.9968 0.0793
vn 0.0011 -1.0000 0.0024
vn -0.0451 -0.9990 -0.0017
vn -0.0067 1.0000 0.0036
vn 0.0274 0.9996 -0.0077
vn -0.0179 0.9993 -0.0327
vn -0.0394 -0.9984 0.0394
vn -0.1121 -0.9937 0.0052
vn -0.1337 -0.9904 0.0354
vn -0.1337 -0.9904 0.0354
vn -0.1158 -0.9920 0.0498
vn -0.0394 -0.9984 0.0394
vn -0.1726 -0.9849 -0.0117
vn -0.1812 -0.9807 -0.0736
vn -0.1337 -0.9904 0.0354
vn -0.1337 -0.9904 0.0354
vn -0.1695 -0.9853 -0.0215
vn -0.1726 -0.9849 -0.0117
vn 0.0022 -1.0000 0.0083
vn -0.1726 -0.9849 -0.0117
vn -0.1695 -0.9853 -0.0215
vn 0.0966 0.9842 -0.1485
vn -0.0225 0.9995 -0.0207
vn 0.0079 1.0000 0.0052
vn 0.1310 -0.9898 0.0559
vn 0.0381 -0.9903 0.1337
vn 0.0891 -0.9927 0.0816
vn -0.0050 0.9999 0.0090
vn 0.0274 0.9996 -0.0077
vn -0.0038 1.0000 0.0060
vn 0.1310 -0.9898 0.0559
vn 0.1389 -0.9831 0.1193
vn 0.1657 -0.9860 0.0212
vn -0.1490 -0.9877 0.0477
vn -0.0766 -0.9959 0.0478
vn -0.0784 -0.9954 -0.0555
vn 0.0336 -0.9900 -0.1367
vn 0.0423 0.0425 -0.9982
vn 0.3198 0.0398 -0.9466
vn 0.0423 0.0425 -0.9982
vn -0.0166 0.9992 0.0359
vn 0.3198 0.0398 -0.9466
vn -0.6386 -0.0019 0.7695
vn -0.6965 0.0520 0.7157
vn -0.6820 -0.0019 0.7314
vn -0.6820 -0.0019 0.7314
vn -0.6382 -0.0019 0.7698
vn -0.6386 -0.0019 0.7695
vn -0.6870 -0.0019 0.7266
vn -0.6452 -0.0021 0.7640
vn -0.6529 -0.0018 0.7574
vn -0.6529 -0.0018 0.7574
vn -0.5973 -0.0020 0.8020
vn -0.6870 -0.0019 0.7266
vn -0.0394 0.9687 0.2452
vn 0.0096 0.9998 0.0170
vn -0.0084 0.9999 -0.0104
vn 0.9689 0.0733 -0.2362
vn -0.0320 0.9993 0.0173
vn 0.9979 0.0153 0.0631
vn 0.9979 0.0153 0.0631
vn 0.1207 -0.9926 -0.0118
vn 0.1232 -0.9906 -0.0595
vn 0.1232 -0.9906 -0.0595
vn 0.9689 0.0733 -0.2362
vn 0.9979 0.0153 0.0631
vn 0.0313 -0.9986 -0.0425
vn 0.6325 0.0767 0.7707
vn 0.1310 -0.9898 0.0559
vn 0.0658 0.9976 0.0228
vn -0.0225 0.9995 -0.0207
vn 0.6325 0.0767 0.7707
vn -0.0876 -0.9944 -0.0594
vn -0.0055 -0.9999 0.0150
vn 0.0172 -0.9966 -0.0809
vn -0.0458 0.9987 -0.0224
vn -0.0201 0.9998 0.0054
vn -0.0597 0.9975 0.0375
vn -0.0852 -0.9935 -0.0758
vn -0.0876 -0.9944 -0.0594
vn -0.5235 0.1069 -0.8453
vn -0.5235 0.1069 -0.8453
vn -0.7754 0.0550 -0.6290
vn -0.0852 -0.9935 -0.0758
vn -0.5235 0.1069 -0.8453
vn 0.0296 0.9995 0.0095
vn -0.7754 0.0550 -0.6290
vn -0.0723 -0.9968 0.0341
vn 0.1218 -0.9810 0.1511
vn -0.0417 -0.9947 0.0937
vn -0.0012 1.0000 0.0085
vn -0.0047 0.9996 -0.0295
vn -0.1460 0.9855 -0.0869
vn 0.1233 -0.9896 -0.0737
vn 0.1232 -0.9906 -0.0595
vn 0.1269 -0.9856 -0.1116
vn -0.0282 0.9989 -0.0386
vn 0.0296 0.9995 0.0095
vn -0.1632 0.0247 -0.9863
vn -0.0030 -1.0000 -0.0064
vn -0.1632 0.0247 -0.9863
vn -0.0852 -0.9935 -0.0758
vn -0.0750 0.9972 -0.0072
vn 0.0096 0.9998 0.0170
vn -0.0765 0.9941 0.0770
vn 0.0229 -0.9997 -0.0075
vn 0.0203 -0.9928 -0.1182
vn -0.0784 -0.9954 -0.0555
vn 0.8695 0.0956 -0.4845
vn 0.8275 0.0631 -0.5579
vn 0.1233 -0.9896 -0.0737
vn 0.8695 0.0956 -0.4845
vn -0.0286 0.9996 0.0079
vn 0.8275 0.0631 -0.5579
vn -0.5984 0.0310 0.8006
vn -0.6233 -0.0025 0.7820
vn -0.5993 0.3134 0.7366
vn -0.5993 0.3134 0.7366
vn -0.6965 0.0520 0.7157
vn -0.5984 0.0310 0.8006
vn -0.0710 -0.9845 0.1604
vn -0.0375 -0.9941 0.1021
vn -0.0417 -0.9947 0.0937
vn 0.1232 -0.9906 -0.0595
vn 0.7904 0.0574 -0.6099
vn 0.8175 0.0440 -0.5742
vn 0.7904 0.0574 -0.6099
vn -0.0320 0.9993 0.0173
vn 0.8175 0.0440 -0.5742
vn -0.0048 0.9999 -0.0143
vn -0.0286 0.9996 0.0079
vn -0.0166 0.9992 0.0359
vn 0.0306 0.9995 -0.0125
vn -0.0286 0.9996 0.0079
vn 0.8619 -0.0506 -0.5045
vn 0.8619 -0.0506 -0.5045
vn -0.0286 0.9996 0.0079
vn 0.9280 0.0856 -0.3626
vn -0.0815 -0.9917 0.0999
vn -0.0717 -0.9880 0.1371
vn 0.0679 -0.9915 0.1111
vn 0.0679 -0.9915 0.1111
vn 0.0262 -0.9994 0.0228
vn -0.0815 -0.9917 0.0999
vn 0.0466 0.9976 0.0510
vn -0.0113 0.9996 -0.0240
vn 0.1284 0.9917 -0.0004
vn 0.0336 -0.9900 -0.1367
vn 0.1636 0.0605 -0.9847
vn -0.4183 0.0945 -0.9034
vn 0.1636 0.0605 -0.9847
vn -0.0166 0.9992 0.0359
vn -0.4183 0.0945 -0.9034
vn -0.6084 -0.0053 -0.7936
vn 0.0199 0.9990 0.0399
vn -0.0411 0.9971 0.0645
vn -0.0289 0.9967 0.0761
vn -0.0230 0.9996 -0.0177
vn 0.0995 0.9871 0.1256
vn 0.4209 -0.0027 0.9071
vn 0.4292 -0.0035 0.9032
vn 0.4159 -0.0033 0.9094
vn 0.4159 -0.0033 0.9094
vn 0.3966 -0.0026 0.9180
vn 0.4209 -0.0027 0.9071
vn 0.0549 -0.9947 -0.0865
vn 0.1269 -0.9856 -0.1116
vn 0.0564 -0.9831 -0.1741
vn 0.0022 -1.0000 0.0083
vn 0.0564 -0.9831 -0.1741
vn 0.1269 -0.9856 -0.1116
vn 0.0436 0.9984 -0.0352
vn 0.0199 0.9990 0.0399
vn -0.0120 -0.0522 -0.9986
vn -0.0414 -0.9909 -0.1279
vn -0.0336 -0.9991 -0.0276
vn -0.0120 -0.0522 -0.9986
vn -0.2337 -0.9256 0.2978
vn 0.1800 -0.9409 0.2870
vn -0.2163 -0.9263 0.3084
vn -0.2163 -0.9263 0.3084
vn -0.1452 -0.9484 0.2818
vn -0.2337 -0.9256 0.2978
vn -0.0957 -0.9822 0.1614
vn -0.1452 -0.9484 0.2818
vn 0.0679 -0.9915 0.1111
vn 0.1112 0.9936 0.0208
vn 0.0306 0.9995 -0.0125
vn 0.9915 -0.0631 -0.1137
vn -0.3561 -0.0024 0.9345
vn -0.3572 -0.0024 0.9340
vn -0.2982 -0.0026 0.9545
vn -0.2982 -0.0026 0.9545
vn -0.3036 -0.0026 0.9528
vn -0.3561 -0.0024 0.9345
vn -0.3400 -0.0023 0.9404
vn -0.3680 -0.0022 0.9298
vn -0.3572 -0.0024 0.9340
vn -0.3572 -0.0024 0.9340
vn -0.3561 -0.0024 0.9345
vn -0.3400 -0.0023 0.9404
vn -0.1276 -0.9888 0.0775
vn -0.8332 0.3597 0.4199
vn -0.1158 -0.9920 0.0498
vn -0.0038 1.0000 0.0060
vn -0.0067 1.0000 0.0036
vn -0.8332 0.3597 0.4199
vn -0.2721 -0.0083 0.9622
vn -0.2439 -0.0085 0.9698
vn -0.4954 -0.0065 0.8686
vn -0.4954 -0.0065 0.8686
vn -0.4977 -0.0065 0.8673
vn -0.2721 -0.0083 0.9622
vn -0.9719 0.0056 -0.2353
vn -0.9726 0.0056 -0.2322
vn -0.4217 0.0098 -0.9067
vn -0.4217 0.0098 -0.9067
vn -0.4311 0.0567 -0.9005
vn -0.9719 0.0056 -0.2353
vn -0.0048 0.9999 -0.0143
vn 0.0223 0.9996 -0.0172
vn -0.0230 0.9996 -0.0177
vn -0.0230 0.9996 -0.0177
vn 0.0223 0.9996 -0.0172
vn 0.1071 0.9910 0.0798
vn -0.0563 0.9904 0.1266
vn -0.0345 0.9974 0.0627
vn -0.8878 -0.1899 0.4192
vn -0.0052 -0.9799 -0.1995
vn -0.9020 0.2869 0.3228
vn -0.8878 -0.1899 0.4192
vn -0.8878 -0.1899 0.4192
vn 0.0200 -0.9995 0.0254
vn -0.0052 -0.9799 -0.1995
vn 0.2540 -0.9378 0.2366
vn 0.2079 -0.9677 0.1428
vn 0.0034 -0.9968 0.0793
vn 0.0034 -0.9968 0.0793
vn -0.0710 -0.9845 0.1604
vn 0.2540 -0.9378 0.2366
vn -0.6556 -0.0523 0.7533
vn -0.7007 -0.0347 0.7126
vn -0.6780 -0.3703 0.6350
vn -0.6780 -0.3703 0.6350
vn -0.6781 -0.0777 0.7309
vn -0.6556 -0.0523 0.7533
vn -0.6778 -0.0024 0.7352
vn -0.6233 -0.0025 0.7820
vn -0.5984 0.0310 0.8006
vn -0.5984 0.0310 0.8006
vn -0.6781 -0.0777 0.7309
vn -0.6778 -0.0024 0.7352
vn -0.0048 0.9999 -0.0143
vn 0.0274 0.9996 -0.0077
vn 0.0780 0.9963 0.0369
vn 0.0780 0.9963 0.0369
vn 0.0274 0.9996 -0.0077
vn -0.0050 0.9999 0.0090
vn -0.0799 0.0602 -0.9950
vn -0.0163 0.9995 0.0274
vn 0.0423 0.0425 -0.9982
vn -0.0414 -0.9909 -0.1279
vn 0.0090 -0.9912 -0.1321
vn -0.0130 -0.9809 -0.1943
vn 0.6608 -0.0038 0.7505
vn 0.6607 -0.0037 0.7506
vn 0.6503 -0.0040 0.7597
vn 0.6503 -0.0040 0.7597
vn 0.6502 -0.0041 0.7597
vn 0.6608 -0.0038 0.7505
vn 0.6307 -0.0042 0.7760
vn 0.6169 -0.0042 0.7870
vn 0.8494 -0.0039 0.5278
vn -0.4273 0.3408 -0.8374
vn -0.7467 -0.3585 -0.5603
vn -0.4311 0.0567 -0.9005
vn -0.4311 0.0567 -0.9005
vn -0.4217 0.0098 -0.9067
vn -0.4273 0.3408 -0.8374
vn -0.7944 -0.0577 -0.6046
vn -0.8385 0.0075 -0.5448
vn -0.7467 -0.3585 -0.5603
vn -0.7467 -0.3585 -0.5603
vn -0.4273 0.3408 -0.8374
vn -0.7944 -0.0577 -0.6046
vn -0.1404 -0.0029 0.9901
vn -0.1511 -0.0027 0.9885
vn -0.3036 -0.0026 0.9528
vn -0.3036 -0.0026 0.9528
vn -0.2982 -0.0026 0.9545
vn -0.1404 -0.0029 0.9901
vn -0.1404 -0.0029 0.9901
vn -0.0945 -0.0036 0.9955
vn -0.0774 -0.0035 0.9970
vn -0.0774 -0.0035 0.9970
vn -0.1511 -0.0027 0.9885
vn -0.1404 -0.0029 0.9901
vn -0.1812 -0.9807 -0.0736
vn -0.0592 -0.9977 -0.0320
vn -0.0160 -0.9906 0.1360
vn -0.0160 -0.9906 0.1360
vn -0.1337 -0.9904 0.0354
vn -0.1812 -0.9807 -0.0736
vn 0.1437 -0.9557 0.2568
vn -0.2163 -0.9263 0.3084
vn 0.1800 -0.9409 0.2870
vn 0.1800 -0.9409 0.2870
vn 0.2540 -0.9378 0.2366
vn 0.1437 -0.9557 0.2568
vn -0.0048 0.9999 -0.0143
vn -0.0113 0.9996 -0.0240
vn -0.0346 0.9993 -0.0114
vn -0.0346 0.9993 -0.0114
vn -0.0113 0.9996 -0.0240
vn 0.0445 0.9977 0.0513
vn 0.3643 -0.0032 0.9313
vn -0.3680 -0.0022 0.9298
vn -0.3400 -0.0023 0.9404
vn -0.3400 -0.0023 0.9404
vn 0.3941 -0.0032 0.9191
vn 0.3643 -0.0032 0.9313
vn 0.4159 -0.0033 0.9094
vn 0.4292 -0.0035 0.9032
vn 0.3643 -0.0032 0.9313
vn 0.3643 -0.0032 0.9313
vn 0.3941 -0.0032 0.9191
vn 0.4159 -0.0033 0.9094
vn 0.0521 0.9933 0.1028
vn -0.0163 0.9995 0.0274
vn 0.0199 0.9990 0.0399
vn 0.0199 0.9990 0.0399
vn -0.0163 0.9995 0.0274
vn -0.0120 -0.0522 -0.9986
vn 0.8275 0.0631 -0.5579
vn 0.8415 0.0427 -0.5386
vn 0.1233 -0.9896 -0.0737
vn 0.8275 0.0631 -0.5579
vn -0.0286 0.9996 0.0079
vn 0.8415 0.0427 -0.5386
vn -0.6382 -0.0019 0.7698
vn -0.5973 -0.0020 0.8020
vn -0.6529 -0.0018 0.7574
vn -0.6529 -0.0018 0.7574
vn -0.6386 -0.0019 0.7695
vn -0.6382 -0.0019 0.7698
vn -0.1709 0.9850 -0.0245
vn -0.0047 0.9996 -0.0295
vn -0.0726 0.9942 0.0792
vn -0.4438 -0.0027 0.8961
vn -0.4230 -0.0028 0.9061
vn 0.0033 -0.0032 1.0000
vn 0.0033 -0.0032 1.0000
vn 0.0225 -0.0033 0.9997
vn -0.4438 -0.0027 0.8961
vn 0.3971 -0.0039 0.9178
vn 0.4067 -0.0039 0.9135
vn 0.0225 -0.0033 0.9997
vn 0.0225 -0.0033 0.9997
vn 0.0033 -0.0032 1.0000
vn 0.3971 -0.0039 0.9178
vn 0.9807 0.0327 -0.1926
vn -0.0225 0.9995 -0.0207
vn 0.0658 0.9976 0.0228
vn 0.9111 -0.0256 0.4114
vn 0.9088 -0.0049 0.4173
vn 0.7629 -0.4578 0.4564
vn 0.7629 -0.4578 0.4564
vn 0.8735 -0.0416 0.4851
vn 0.9111 -0.0256 0.4114
vn 0.8494 -0.0039 0.5278
vn 0.8735 -0.0416 0.4851
vn 0.8731 -0.0044 0.4876
vn 0.8694 -0.0031 0.4941
vn 0.8484 -0.0032 0.5294
vn 0.7467 -0.0045 0.6651
vn 0.7467 -0.0045 0.6651
vn 0.7489 -0.0045 0.6627
vn 0.8694 -0.0031 0.4941
vn 0.7071 -0.0764 0.7030
vn 0.6916 -0.0043 0.7222
vn 0.7489 -0.0045 0.6627
vn 0.7489 -0.0045 0.6627
vn 0.7467 -0.0045 0.6651
vn 0.7071 -0.0764 0.7030
vn -0.9516 -0.0127 0.3069
vn -0.9511 0.0004 0.3088
vn -0.8691 -0.1540 0.4701
vn -0.8691 -0.1540 0.4701
vn -0.7007 -0.0347 0.7126
vn -0.9516 -0.0127 0.3069
vn 0.5688 -0.2016 0.7974
vn -0.0225 0.9995 -0.0207
vn 0.3685 -0.4432 0.8172
vn -0.0036 1.0000 0.0082
vn -0.0047 0.9996 -0.0295
vn -0.0023 1.0000 0.0084
vn 0.0336 -0.9900 -0.1367
vn 0.0549 -0.9947 -0.0865
vn 0.0564 -0.9831 -0.1741
vn -0.0047 0.9996 -0.0295
vn 0.0109 0.9997 -0.0233
vn -0.0110 0.9991 0.0398
vn -0.0110 0.9991 0.0398
vn 0.0109 0.9997 -0.0233
vn 0.0409 0.9952 0.0891
vn -0.8289 0.0376 -0.5582
vn 0.0296 0.9995 0.0095
vn -0.5281 0.5163 -0.6742
vn -0.9726 0.0056 -0.2322
vn -0.9719 0.0056 -0.2353
vn -0.4977 -0.0065 0.8673
vn -0.4977 -0.0065 0.8673
vn -0.4954 -0.0065 0.8686
vn -0.9726 0.0056 -0.2322
vn -0.0563 0.9904 0.1266
vn -0.8878 -0.1899 0.4192
vn -0.9020 0.2869 0.3228
vn -0.2665 -0.9158 -0.3006
vn -0.5016 -0.0754 -0.8618
vn -0.2660 -0.9390 -0.2181
vn -0.7900 0.0000 -0.6131
vn -0.5016 -0.0754 -0.8618
vn -0.4757 0.0000 -0.8796
vn -0.0982 -0.1486 -0.9840
vn -0.0163 0.9995 0.0274
vn -0.0424 0.1208 -0.9918
vn -0.0982 -0.1486 -0.9840
vn -0.0424 0.1208 -0.9918
vn 0.0090 -0.9912 -0.1321
vn 0.0000 1.0000 0.0000
vn -0.0394 0.9687 0.2452
vn -0.0084 0.9999 -0.0104
vn -0.6452 -0.0021 0.7640
vn -0.6870 -0.0019 0.7266
vn -0.0774 -0.0035 0.9970
vn -0.0774 -0.0035 0.9970
vn -0.0945 -0.0036 0.9955
vn -0.6452 -0.0021 0.7640
vn -0.5389 -0.0033 0.8424
vn -0.5389 -0.0033 0.8423
vn -0.7321 -0.0020 0.6812
vn -0.7321 -0.0020 0.6812
vn -0.6764 -0.0024 0.7365
vn -0.5389 -0.0033 0.8424
vn -0.9996 0.0017 0.0295
vn -0.6764 -0.0024 0.7365
vn -0.7321 -0.0020 0.6812
vn -0.9984 0.0049 0.0557
vn -0.9988 0.0049 0.0487
vn -0.9437 0.0003 0.3307
vn -0.9437 0.0003 0.3307
vn -0.9408 0.0002 0.3390
vn -0.9984 0.0049 0.0557
vn -0.9694 0.0013 0.2454
vn -0.9768 0.0017 0.2141
vn -0.9408 0.0002 0.3390
vn -0.9408 0.0002 0.3390
vn -0.9437 0.0003 0.3307
vn -0.9694 0.0013 0.2454
vn 0.4286 -0.0039 0.9035
vn 0.4067 -0.0039 0.9135
vn 0.3971 -0.0039 0.9178
vn 0.3971 -0.0039 0.9178
vn 0.4092 -0.0039 0.9124
vn 0.4286 -0.0039 0.9035
vn 0.1199 0.9922 -0.0344
vn -0.0113 0.9996 -0.0240
vn -0.0645 0.9978 0.0142
vn -0.2975 0.5968 -0.7452
vn 0.0109 0.9997 -0.0233
vn -0.4157 -0.6867 -0.5964
vn -0.0861 -0.9941 -0.0664
vn -0.0388 -0.9991 0.0192
vn -0.0766 -0.9959 0.0478
vn -0.0766 -0.9959 0.0478
vn -0.0805 -0.9956 0.0482
vn -0.0861 -0.9941 -0.0664
vn -0.1490 -0.9877 0.0477
vn -0.0805 -0.9956 0.0482
vn -0.0766 -0.9959 0.0478
vn -0.7944 -0.0577 -0.6046
vn -0.8276 0.0075 -0.5613
vn -0.7990 0.0077 -0.6013
vn -0.7990 0.0077 -0.6013
vn -0.8385 0.0075 -0.5448
vn -0.7944 -0.0577 -0.6046
vn -0.0957 -0.9822 0.1614
vn -0.2337 -0.9256 0.2978
vn -0.1452 -0.9484 0.2818
vn 0.7063 -0.0721 0.7042
vn 0.7118 -0.0062 0.7023
vn 0.8909 -0.4254 0.1590
vn 0.8909 -0.4254 0.1590
vn 0.7071 -0.0764 0.7030
vn 0.7063 -0.0721 0.7042
vn 0.7063 -0.0721 0.7042
vn -0.4870 -0.0040 0.8734
vn -0.4857 -0.0041 0.8741
vn -0.4857 -0.0041 0.8741
vn 0.7118 -0.0062 0.7023
vn 0.7063 -0.0721 0.7042
vn 0.9278 -0.0047 0.3730
vn 0.9088 -0.0049 0.4173
vn 0.9111 -0.0256 0.4114
vn -0.0166 0.9992 0.0359
vn -0.0286 0.9996 0.0079
vn 0.0306 0.9995 -0.0125
vn -0.0166 0.9992 0.0359
vn 0.0306 0.9995 -0.0125
vn 0.0399 0.9992 -0.0024
vn -0.0048 0.9999 -0.0143
vn 0.1002 0.9880 -0.1179
vn 0.0097 0.9999 -0.0068
vn 0.1002 0.9880 -0.1179
vn -0.0345 0.9974 0.0627
vn 0.0097 0.9999 -0.0068
vn 0.1551 -0.9842 0.0849
vn 0.0336 -0.9981 -0.0509
vn -0.0417 -0.9947 0.0937
vn -0.9511 0.0004 0.3088
vn -0.9516 -0.0127 0.3069
vn -0.9901 0.0041 -0.1404
vn -0.9901 0.0041 -0.1404
vn -0.9900 0.0042 -0.1412
vn -0.9511 0.0004 0.3088
vn -0.7990 0.0077 -0.6013
vn -0.8276 0.0075 -0.5613
vn -0.9900 0.0042 -0.1412
vn -0.9900 0.0042 -0.1412
vn -0.9901 0.0041 -0.1404
vn -0.7990 0.0077 -0.6013
vn 0.6607 -0.0037 0.7506
vn 0.6608 -0.0038 0.7505
vn 0.4051 -0.0039 0.9143
vn 0.4051 -0.0039 0.9143
vn 0.4235 -0.0039 0.9059
vn 0.6607 -0.0037 0.7506
vn 0.8961 0.0559 -0.4404
vn -0.0320 0.9993 0.0173
vn 0.9689 0.0733 -0.2362
vn -0.0048 0.9999 -0.0143
vn -0.0163 0.9995 0.0274
vn 0.0521 0.9933 0.1028
vn -0.0048 0.9999 -0.0143
vn 0.0521 0.9933 0.1028
vn 0.0296 0.9995 0.0095
vn -0.9217 0.0000 -0.3879
vn -0.9745 0.0000 -0.2245
vn -0.9711 0.0002 -0.2386
vn -0.9988 0.0049 0.0487
vn -0.9984 0.0049 0.0557
vn -0.9711 0.0002 -0.2386
vn -0.9711 0.0002 -0.2386
vn -0.9745 0.0000 -0.2245
vn -0.9988 0.0049 0.0487
vn -0.2129 0.0000 -0.9771
vn -0.2168 0.0000 -0.9762
vn -0.1530 0.0000 -0.9882
vn -0.1530 0.0000 -0.9882
vn -0.1528 0.0000 -0.9883
vn -0.2129 0.0000 -0.9771
vn -0.1683 0.0000 -0.9857
vn -0.1528 0.0000 -0.9883
vn -0.1530 0.0000 -0.9882
vn 0.9979 0.0153 0.0631
vn -0.0154 0.9999 0.0061
vn 0.9832 -0.0302 0.1798
vn 0.4354 0.0136 -0.9001
vn 0.4198 0.0140 -0.9075
vn 0.5172 0.0001 -0.8559
vn 0.5172 0.0001 -0.8559
vn 0.5083 0.0000 -0.8612
vn 0.4354 0.0136 -0.9001
vn 0.3914 0.0000 -0.9202
vn 0.5083 0.0000 -0.8612
vn 0.5172 0.0001 -0.8559
vn -0.4857 -0.0041 0.8741
vn -0.4870 -0.0040 0.8734
vn -0.5389 -0.0033 0.8423
vn -0.5389 -0.0033 0.8423
vn -0.5389 -0.0033 0.8424
vn -0.4857 -0.0041 0.8741
vn -0.2439 -0.0085 0.9698
vn -0.2721 -0.0083 0.9622
vn -0.9132 -0.0003 0.4074
vn 0.0274 0.9996 -0.0077
vn 0.0296 0.9995 0.0095
vn -0.0201 0.9998 0.0054
vn -0.0201 0.9998 0.0054
vn 0.0296 0.9995 0.0095
vn -0.5235 0.1069 -0.8453
vn 0.9970 -0.0048 0.0774
vn 0.9627 -0.0067 0.2706
vn 0.9631 -0.0067 0.2689
vn 0.8919 -0.0083 0.4522
vn 0.9631 -0.0067 0.2689
vn 0.9627 -0.0067 0.2706
vn 0.8735 -0.0416 0.4851
vn 0.7629 -0.4578 0.4564
vn 0.8731 -0.0044 0.4876
vn 0.0079 1.0000 0.0052
vn -0.0225 0.9995 -0.0207
vn 0.0083 1.0000 0.0046
vn -0.9768 0.0017 0.2141
vn -0.9694 0.0013 0.2454
vn -0.9132 -0.0003 0.4074
vn 0.2054 0.0169 -0.9785
vn 0.4198 0.0140 -0.9075
vn 0.4354 0.0136 -0.9001
vn 0.6502 -0.0041 0.7597
vn 0.6503 -0.0040 0.7597
vn 0.6169 -0.0042 0.7870
vn 0.6169 -0.0042 0.7870
vn 0.6307 -0.0042 0.7760
vn 0.6502 -0.0041 0.7597
vn -0.0056 0.9968 0.0802
vn -0.0346 0.9993 -0.0114
vn 0.0445 0.9977 0.0513
vn 0.8694 -0.0031 0.4941
vn 0.3966 -0.0026 0.9180
vn 0.8484 -0.0032 0.5294
vn -0.0805 -0.9956 0.0482
vn 0.0334 -0.9981 -0.0518
vn 0.0309 -0.9979 -0.0567
vn -0.5993 0.3134 0.7366
vn -0.6820 -0.0019 0.7314
vn -0.6965 0.0520 0.7157
vn 0.7071 -0.0764 0.7030
vn 0.8909 -0.4254 0.1590
vn 0.6916 -0.0043 0.7222
vn 0.1109 -0.9935 -0.0263
vn 0.0248 -0.9994 0.0229
vn 0.1281 -0.9888 0.0769
vn -0.2168 0.0000 -0.9762
vn -0.2129 0.0000 -0.9771
vn -0.2918 0.0000 -0.9565
vn 0.1232 -0.9906 -0.0595
vn 0.1207 -0.9926 -0.0118
vn 0.1657 -0.9860 0.0212
vn -0.6277 -0.0020 0.7785
vn -0.4230 -0.0028 0.9061
vn -0.4438 -0.0027 0.8961
vn -0.0107 0.9999 -0.0043
vn 0.0780 0.9963 0.0369
vn -0.0050 0.9999 0.0090
vn 0.4051 -0.0039 0.9143
vn 0.4286 -0.0039 0.9035
vn 0.4092 -0.0039 0.9124
vn 0.4092 -0.0039 0.9124
vn 0.4235 -0.0039 0.9059
vn 0.4051 -0.0039 0.9143
vn -0.0241 0.9991 0.0341
vn 0.0000 1.0000 0.0000
vn 0.0139 0.9998 0.0129
vn -0.1337 -0.9904 0.0354
vn -0.1121 -0.9937 0.0052
vn -0.1695 -0.9853 -0.0215
vn -0.0048 0.9999 -0.0143
vn -0.0154 0.9999 0.0061
vn -0.0320 0.9993 0.0173
vn -0.0320 0.9993 0.0173
vn -0.0154 0.9999 0.0061
vn 0.9979 0.0153 0.0631
vn -0.6781 -0.0777 0.7309
vn -0.6780 -0.3703 0.6350
vn -0.6778 -0.0024 0.7352
vn -0.5016 -0.0754 -0.8618
vn -0.2665 -0.9158 -0.3006
vn -0.4757 0.0000 -0.8796
vn 0.0773 0.9936 -0.0819
vn 0.0296 0.9995 0.0095
vn -0.0282 0.9989 -0.0386
# 1230 vertex normals

vt 0.5605 0.9771 0.0000
vt 0.0000 0.6094 0.0000
vt 0.6870 0.4619 0.0000
vt 0.6849 0.4711 0.0000
vt 0.0252 0.5947 0.0000
vt 0.5579 0.9639 0.0000
vt 0.3625 0.8832 0.0000
vt 0.3606 0.8891 0.0000
vt 0.7086 0.6795 0.0000
vt 0.7148 0.6802 0.0000
vt 0.1829 0.3770 0.0000
vt 0.2061 0.3791 0.0000
vt 0.1741 0.9314 0.0000
vt 0.1932 0.9161 0.0000
vt 0.3763 0.6877 0.0000
vt 0.4277 0.9814 0.0000
vt 0.4177 0.9664 0.0000
vt 0.0408 0.7234 0.0000
vt 0.0219 0.7439 0.0000
vt 0.7204 0.8272 0.0000
vt 0.7358 0.8187 0.0000
vt 0.4101 0.3662 0.0000
vt 0.3965 0.3589 0.0000
vt 0.3032 0.9423 0.0000
vt 0.2997 0.9296 0.0000
vt 0.3691 0.6921 0.0000
vt 0.0859 0.4736 0.0000
vt 0.1114 0.4686 0.0000
vt 0.7236 0.7183 0.0000
vt 0.7081 0.7095 0.0000
vt 0.7250 0.5476 0.0000
vt 0.7305 0.5415 0.0000
vt 0.2839 0.3564 0.0000
vt 0.3027 0.3616 0.0000
vt 0.5923 0.9476 0.0000
vt 0.5897 0.9350 0.0000
vt 0.6807 0.6963 0.0000
vt 0.6759 0.6946 0.0000
vt 0.5979 0.4096 0.0000
vt 0.5938 0.3994 0.0000
vt 0.3082 0.8978 0.0000
vt 0.3091 0.9089 0.0000
vt 0.0508 0.7761 0.0000
vt 0.0666 0.7560 0.0000
vt 0.6829 0.8640 0.0000
vt 0.6899 0.8729 0.0000
vt 0.6133 0.7029 0.0000
vt 0.5098 0.9822 0.0000
vt 0.5101 0.9683 0.0000
vt 0.1024 0.8369 0.0000
vt 0.0925 0.8594 0.0000
vt 0.4495 0.9852 0.0000
vt 0.4465 1.0000 0.0000
vt 0.3784 0.9235 0.0000
vt 0.3832 0.9142 0.0000
vt 0.0882 0.5054 0.0000
vt 0.0633 0.5129 0.0000
vt 0.1968 0.4800 0.0000
vt 0.6387 0.4399 0.0000
vt 0.6395 0.4494 0.0000
vt 0.5296 0.8839 0.0000
vt 0.1361 0.4257 0.0000
vt 0.1106 0.4277 0.0000
vt 0.0923 0.6528 0.0000
vt 0.2839 0.8807 0.0000
vt 0.6352 0.7925 0.0000
vt 0.4996 0.5562 0.0000
vt 0.3414 0.8819 0.0000
vt 0.3406 0.8884 0.0000
vt 0.7353 0.7432 0.0000
vt 0.7441 0.7456 0.0000
vt 0.6133 0.5269 0.0000
vt 0.2458 0.5680 0.0000
vt 0.5346 0.6959 0.0000
vt 0.5298 0.8935 0.0000
vt 0.2551 0.9613 0.0000
vt 0.2523 0.9426 0.0000
vt 0.2391 0.7632 0.0000
vt 0.0488 0.5494 0.0000
vt 0.0231 0.5605 0.0000
vt 0.2174 0.8683 0.0000
vt 0.6392 0.7981 0.0000
vt 0.4059 0.8984 0.0000
vt 0.3518 0.4375 0.0000
vt 0.6136 0.5315 0.0000
vt 0.3628 0.8398 0.0000
vt 0.3658 0.4397 0.0000
vt 0.2523 0.3798 0.0000
vt 0.2314 0.3765 0.0000
vt 0.6126 0.7003 0.0000
vt 0.1182 0.6065 0.0000
vt 0.3646 0.8371 0.0000
vt 0.3857 0.9556 0.0000
vt 0.3908 0.9443 0.0000
vt 0.2215 0.8520 0.0000
vt 0.6181 0.9090 0.0000
vt 0.6226 0.9202 0.0000
vt 0.1203 0.8900 0.0000
vt 0.1442 0.8777 0.0000
vt 0.1309 0.7226 0.0000
vt 0.0424 0.7550 0.0000
vt 0.0597 0.7351 0.0000
vt 0.4021 0.9079 0.0000
vt 0.2660 0.4518 0.0000
vt 0.5459 0.9723 0.0000
vt 0.5442 0.9591 0.0000
vt 0.3459 0.3521 0.0000
vt 0.3618 0.3589 0.0000
vt 0.6903 0.4888 0.0000
vt 0.6929 0.4805 0.0000
vt 0.2837 0.8940 0.0000
vt 0.4911 0.9852 0.0000
vt 0.4897 1.0000 0.0000
vt 0.3298 0.9069 0.0000
vt 0.3285 0.8982 0.0000
vt 0.6507 0.8822 0.0000
vt 0.6567 0.8915 0.0000
vt 0.7395 0.7918 0.0000
vt 0.7490 0.7970 0.0000
vt 0.3710 0.9112 0.0000
vt 0.3660 0.9190 0.0000
vt 0.4674 0.8264 0.0000
vt 0.6500 0.7389 0.0000
vt 0.1166 0.7383 0.0000
vt 0.6543 0.7422 0.0000
vt 0.2112 0.9492 0.0000
vt 0.2111 0.9288 0.0000
vt 0.2343 0.9823 0.0000
vt 0.2705 0.9947 0.0000
vt 0.2188 0.9823 0.0000
vt 0.4317 0.9677 0.0000
vt 0.7212 0.6509 0.0000
vt 0.7150 0.6516 0.0000
vt 0.5524 0.6362 0.0000
vt 0.0779 0.8217 0.0000
vt 0.0904 0.8004 0.0000
vt 0.6997 0.6909 0.0000
vt 0.6942 0.6896 0.0000
vt 0.2046 0.6904 0.0000
vt 0.5483 0.7580 0.0000
vt 0.2757 0.3663 0.0000
vt 0.2556 0.3618 0.0000
vt 0.1448 0.9933 0.0000
vt 0.2013 0.9832 0.0000
vt 0.2013 0.9933 0.0000
vt 0.2330 0.9933 0.0000
vt 0.7209 0.7295 0.0000
vt 0.7285 0.7327 0.0000
vt 0.0000 0.6396 0.0000
vt 0.0241 0.6232 0.0000
vt 0.0403 0.7066 0.0000
vt 0.0206 0.7261 0.0000
vt 0.7273 0.5857 0.0000
vt 0.7334 0.5815 0.0000
vt 0.7059 0.4997 0.0000
vt 0.7095 0.4917 0.0000
vt 0.5750 0.9547 0.0000
vt 0.5786 0.9671 0.0000
vt 0.1638 0.5370 0.0000
vt 0.6206 0.4165 0.0000
vt 0.6228 0.4268 0.0000
vt 0.7520 0.7655 0.0000
vt 0.7425 0.7621 0.0000
vt 0.0935 0.4881 0.0000
vt 0.0684 0.4946 0.0000
vt 0.1448 0.9832 0.0000
vt 0.0846 0.9832 0.0000
vt 0.4619 0.9120 0.0000
vt 0.0670 0.5343 0.0000
vt 0.0419 0.5439 0.0000
vt 0.1436 0.5439 0.0000
vt 0.1158 0.4492 0.0000
vt 0.0900 0.4531 0.0000
vt 0.1569 0.8956 0.0000
vt 0.1525 0.9182 0.0000
vt 0.2295 0.3748 0.0000
vt 0.2073 0.3721 0.0000
vt 0.5472 0.3993 0.0000
vt 0.5405 0.3901 0.0000
vt 0.4128 0.9798 0.0000
vt 0.2333 0.9947 0.0000
vt 0.3029 0.5305 0.0000
vt 0.4641 0.3794 0.0000
vt 0.4746 0.3872 0.0000
vt 0.3140 0.8162 0.0000
vt 0.1523 0.4193 0.0000
vt 0.1274 0.4209 0.0000
vt 0.3328 0.9933 0.0000
vt 0.2808 0.9832 0.0000
vt 0.3328 0.9832 0.0000
vt 0.1198 0.9947 0.0000
vt 0.1198 0.9823 0.0000
vt 0.1478 0.9823 0.0000
vt 0.7077 0.6645 0.0000
vt 0.7139 0.6643 0.0000
vt 0.0448 0.9848 0.0000
vt 0.0448 0.9939 0.0000
vt 0.0081 0.9939 0.0000
vt 0.1231 0.9939 0.0000
vt 0.4597 0.9230 0.0000
vt 0.2905 0.9525 0.0000
vt 0.2865 0.9375 0.0000
vt 0.3966 0.8286 0.0000
vt 0.3958 0.9848 0.0000
vt 0.3958 0.9939 0.0000
vt 0.3293 0.9848 0.0000
vt 0.0337 0.9933 0.0000
vt 0.0337 0.9832 0.0000
vt 0.6382 0.6284 0.0000
vt 0.3225 0.3659 0.0000
vt 0.3047 0.3604 0.0000
vt 0.3693 0.5223 0.0000
vt 0.4503 0.4607 0.0000
vt 0.1261 0.9820 0.0000
vt 0.1614 0.9918 0.0000
vt 0.0861 0.9820 0.0000
vt 0.2330 0.9918 0.0000
vt 0.1059 0.9848 0.0000
vt 0.1475 0.9939 0.0000
vt 0.2808 0.9933 0.0000
vt 0.2605 0.9933 0.0000
vt 0.6280 0.6668 0.0000
vt 0.1704 0.8005 0.0000
vt 0.3675 0.7894 0.0000
vt 0.1616 0.8176 0.0000
vt 0.1913 0.9823 0.0000
vt 0.1913 0.9947 0.0000
vt 0.4404 0.4575 0.0000
vt 0.0752 0.5167 0.0000
vt 0.0499 0.5251 0.0000
vt 0.1774 0.9933 0.0000
vt 0.6089 0.9405 0.0000
vt 0.2651 0.9819 0.0000
vt 0.2651 0.9918 0.0000
vt 0.2024 0.9918 0.0000
vt 0.3435 0.9918 0.0000
vt 0.0339 0.6920 0.0000
vt 0.0130 0.7112 0.0000
vt 0.3030 0.9918 0.0000
vt 0.3030 0.9820 0.0000
vt 0.3955 0.9918 0.0000
vt 0.3069 0.9823 0.0000
vt 0.3042 0.9947 0.0000
vt 0.3206 0.9823 0.0000
vt 0.3037 0.9848 0.0000
vt 0.2634 0.9848 0.0000
vt 0.7271 0.8123 0.0000
vt 0.0324 0.7537 0.0000
vt 0.0503 0.7333 0.0000
vt 0.3037 0.9933 0.0000
vt 0.5317 0.9820 0.0000
vt 0.2026 0.4860 0.0000
vt 0.6099 0.8278 0.0000
vt 0.6736 0.4602 0.0000
vt 0.6748 0.4507 0.0000
vt 0.6791 0.6885 0.0000
vt 0.0335 0.9848 0.0000
vt 0.3086 0.9270 0.0000
vt 0.3061 0.9148 0.0000
vt 0.3098 0.9944 0.0000
vt 0.3098 0.9819 0.0000
vt 0.3491 0.9945 0.0000
vt 0.2817 0.9950 0.0000
vt 0.3638 0.3564 0.0000
vt 0.3790 0.3635 0.0000
vt 0.6948 0.7065 0.0000
vt 0.0728 0.9939 0.0000
vt 0.2605 0.9832 0.0000
vt 0.1153 0.9819 0.0000
vt 0.1153 0.9918 0.0000
vt 0.0795 0.9819 0.0000
vt 0.1465 0.9819 0.0000
vt 0.3040 0.9840 0.0000
vt 0.3042 0.9942 0.0000
vt 0.1725 0.9857 0.0000
vt 0.3311 0.9942 0.0000
vt 0.3833 0.9819 0.0000
vt 0.3833 0.9918 0.0000
vt 0.1915 0.9370 0.0000
vt 0.7295 0.8335 0.0000
vt 0.3293 0.9939 0.0000
vt 0.6068 0.8208 0.0000
vt 0.1793 0.9939 0.0000
vt 0.1475 0.9848 0.0000
vt 0.3267 0.8482 0.0000
vt 0.1472 0.9947 0.0000
vt 0.3325 0.9947 0.0000
vt 0.3362 0.9947 0.0000
vt 0.0424 0.9918 0.0000
vt 0.0080 0.9918 0.0000
vt 0.0080 0.9819 0.0000
vt 0.6293 0.5605 0.0000
vt 0.3955 0.9820 0.0000
vt 0.0526 0.9854 0.0000
vt 0.0106 0.9937 0.0000
vt 0.0106 0.9854 0.0000
vt 0.2478 0.4521 0.0000
vt 0.3242 0.8547 0.0000
vt 0.0846 0.9933 0.0000
vt 0.6052 0.9283 0.0000
vt 0.1774 0.9832 0.0000
vt 0.5306 0.9682 0.0000
vt 0.3037 0.9832 0.0000
vt 0.2134 0.9939 0.0000
vt 0.2134 0.9848 0.0000
vt 0.1766 0.9093 0.0000
vt 0.0422 0.9918 0.0000
vt 0.0422 0.9820 0.0000
vt 0.0379 0.5753 0.0000
vt 0.0126 0.5881 0.0000
vt 0.4949 0.5542 0.0000
vt 0.0087 0.9957 0.0000
vt 0.0981 0.9866 0.0000
vt 0.0981 0.9947 0.0000
vt 0.2181 0.9947 0.0000
vt 0.1921 0.9823 0.0000
vt 0.1921 0.9949 0.0000
vt 0.1132 0.9817 0.0000
vt 0.2480 0.9953 0.0000
vt 0.0063 0.6692 0.0000
vt 0.0292 0.6519 0.0000
vt 0.0358 0.9949 0.0000
vt 0.0358 0.9833 0.0000
vt 0.1333 0.9949 0.0000
vt 0.0105 0.9833 0.0000
vt 0.0795 0.9918 0.0000
vt 0.3828 0.9829 0.0000
vt 0.3831 0.9942 0.0000
vt 0.3601 0.9942 0.0000
vt 0.0081 0.9848 0.0000
vt 0.2330 0.9832 0.0000
vt 0.0424 0.9819 0.0000
vt 0.6299 0.5569 0.0000
vt 0.2634 0.9939 0.0000
vt 0.0979 0.9937 0.0000
vt 0.1313 0.9854 0.0000
vt 0.1312 0.9937 0.0000
vt 0.1622 0.9937 0.0000
vt 0.3381 0.9918 0.0000
vt 0.0656 0.8054 0.0000
vt 0.3308 0.9836 0.0000
vt 0.1334 0.9833 0.0000
vt 0.1678 0.9949 0.0000
vt 0.1261 0.9918 0.0000
vt 0.1379 0.9001 0.0000
vt 0.2725 0.9823 0.0000
vt 0.3429 0.7964 0.0000
vt 0.6328 0.9006 0.0000
vt 0.1208 0.9832 0.0000
vt 0.3174 0.9947 0.0000
vt 0.1793 0.9848 0.0000
vt 0.1278 0.8673 0.0000
vt 0.1614 0.9820 0.0000
vt 0.1132 0.9942 0.0000
vt 0.0382 0.9815 0.0000
vt 0.1114 0.6396 0.0000
vt 0.6890 0.7048 0.0000
vt 0.0728 0.9848 0.0000
vt 0.4306 0.9122 0.0000
vt 0.0861 0.9918 0.0000
vt 0.2024 0.9819 0.0000
vt 0.1743 0.9918 0.0000
vt 0.6836 0.6899 0.0000
vt 0.0335 0.9939 0.0000
vt 0.0105 0.9820 0.0000
vt 0.0105 0.9918 0.0000
vt 0.3435 0.9819 0.0000
vt 0.3611 0.9068 0.0000
vt 0.3311 0.9947 0.0000
vt 0.6367 0.6291 0.0000
vt 0.1726 0.9942 0.0000
vt 0.0981 0.6179 0.0000
vt 0.6901 0.8525 0.0000
vt 0.0145 0.9832 0.0000
vt 0.3230 0.9945 0.0000
vt 0.6519 0.4409 0.0000
# 376 texture coords

o SM_Coral_Table_Acropora_01_LOD2
g SM_Coral_Table_Acropora_01_LOD2
usemtl MAT_Coral_Table
s 2147483648
f 847/1447/4039 809/1364/4040 718/1208/4041 
f 685/1151/4042 723/1214/4043 788/1321/4044 
f 795/1339/4045 753/1258/4046 685/1151/4047 
f 691/1162/4048 756/1261/4049 726/1218/4050 
f 800/1349/4051 799/1348/4052 715/1203/4053 
f 715/1203/4054 729/1221/4055 800/1349/4056 
f 718/1208/4057 809/1364/4058 698/1176/4059 
f 691/1162/4060 882/1508/4061 780/1307/4062 
f 731/1223/4063 786/1318/4064 799/1348/4065 
f 814/1271/4066 807/1361/4067 704/1187/4068 
f 737/1231/4069 788/1321/4070 723/1214/4071 
f 715/1203/4072 760/1270/4073 729/1221/4074 
f 685/1151/4075 764/1276/4076 720/1210/4077 
f 808/1189/4078 793/1336/4079 835/1249/4080 
f 727/1219/4081 795/1339/4082 735/1228/4083 
f 735/1228/4084 836/1143/4085 727/1219/4086 
f 763/1275/4087 723/1214/4088 685/1151/4089 
f 685/1151/4090 719/1209/4091 763/1275/4092 
f 780/1307/4093 882/1508/4094 779/1306/4095 
f 685/1151/4096 753/1258/4097 764/1276/4098 
f 691/1162/4099 726/1218/4100 721/1211/4101 
f 698/1175/4102 850/1314/4103 800/1349/4104 
f 800/1349/4105 729/1221/4106 698/1175/4107 
f 774/1296/4108 718/1208/4109 698/1176/4110 
f 691/1162/4111 807/1361/4112 755/1260/4113 
f 856/1204/4114 836/1143/4115 735/1228/4116 
f 735/1228/4117 834/1421/4118 856/1204/4119 
f 840/1434/4120 730/1222/4121 716/1205/4122 
f 691/1162/4123 721/1211/4124 793/1336/4125 
f 810/1366/4126 780/1307/4127 779/1306/4128 
f 871/1492/4129 768/1286/4130 851/1457/4131 
f 851/1457/4132 813/1373/4133 871/1492/4134 
f 858/1255/4135 756/1261/4136 844/1298/4137 
f 754/1259/4138 816/1383/4139 751/1254/4140 
f 751/1254/4141 775/1299/4142 754/1259/4143 
f 698/1175/4144 729/1221/4145 774/1297/4146 
f 694/1168/4147 857/1469/4148 771/1292/4149 
f 711/1199/4150 708/1194/4151 781/1309/4152 
f 743/1240/4153 765/1277/4154 732/1224/4155 
f 721/1211/4156 820/1389/4157 738/1233/4158 
f 705/1188/4159 748/1248/4160 778/1304/4161 
f 829/1268/4162 797/1345/4163 881/1290/4164 
f 770/1289/4165 837/1428/4166 880/1506/4167 
f 880/1506/4168 759/1269/4169 770/1289/4170 
f 850/1314/4171 787/1320/4172 800/1349/4173 
f 784/1315/4174 809/1364/4175 870/1319/4176 
f 713/1201/4177 737/1231/4178 722/1213/4179 
f 757/1262/4180 725/1217/4181 812/1212/4182 
f 851/1456/4183 712/1200/4184 813/1374/4185 
f 813/1373/4186 859/1287/4187 740/1236/4188 
f 740/1236/4189 871/1492/4190 813/1373/4191 
f 866/1484/4192 750/1252/4193 832/1418/4194 
f 726/1218/4195 756/1261/4196 688/1157/4197 
f 762/1273/4198 797/1345/4199 791/1331/4200 
f 826/1402/4201 702/1183/4202 792/1173/4203 
f 772/1294/4204 721/1211/4205 696/1171/4206 
f 710/1197/4207 790/1185/4208 843/1438/4209 
f 805/1359/4210 740/1236/4211 761/1272/4212 
f 761/1272/4213 704/1186/4214 805/1359/4215 
f 863/1481/4216 725/1217/4217 874/1311/4218 
f 686/1153/4219 873/1495/4220 727/1219/4221 
f 727/1219/4222 815/1191/4223 686/1153/4224 
f 849/1152/4225 742/1239/4226 808/1189/4227 
f 742/1239/4228 785/1316/4229 706/1190/4230 
f 727/1219/4231 836/1143/4232 815/1191/4233 
f 734/1227/4234 763/1275/4235 719/1209/4236 
f 692/1163/4237 780/1307/4238 776/1301/4239 
f 745/1243/4240 728/1220/4241 798/1347/4242 
f 765/1278/4243 839/1433/4244 732/1225/4245 
f 821/1391/4246 718/1208/4247 884/1512/4248 
f 709/1196/4249 729/1221/4250 821/1390/4251 
f 710/1197/4252 842/1436/4253 777/1232/4254 
f 777/1232/4255 832/1418/4256 710/1197/4257 
f 766/1172/4258 710/1197/4259 855/1293/4260 
f 819/1388/4261 743/1240/4262 862/1148/4263 
f 862/1148/4264 852/1322/4265 819/1388/4266 
f 683/1147/4267 708/1194/4268 789/1323/4269 
f 755/1260/4270 807/1361/4271 814/1271/4272 
f 741/1237/4273 755/1260/4274 700/1179/4275 
f 834/1421/4276 713/1201/4277 828/1177/4278 
f 828/1177/4279 856/1204/4280 834/1421/4281 
f 722/1213/4282 823/1395/4283 828/1177/4284 
f 828/1177/4285 713/1201/4286 722/1213/4287 
f 714/1202/4288 688/1156/4289 816/1383/4290 
f 816/1383/4291 754/1259/4292 714/1202/4293 
f 714/1202/4294 883/1509/4295 688/1156/4296 
f 685/1151/4297 715/1203/4298 799/1348/4299 
f 799/1348/4300 786/1318/4301 685/1151/4302 
f 685/1151/4303 760/1270/4304 715/1203/4305 
f 730/1222/4306 681/1144/4307 716/1205/4308 
f 754/1259/4309 868/1206/4310 833/1283/4311 
f 717/1207/4312 756/1261/4313 767/1284/4314 
f 797/1345/4315 857/1469/4316 881/1290/4317 
f 691/1162/4318 718/1208/4319 797/1345/4320 
f 786/1318/4321 731/1223/4322 743/1240/4323 
f 819/1388/4324 773/1295/4325 719/1209/4326 
f 754/1259/4327 733/1226/4328 720/1210/4329 
f 720/1210/4330 764/1276/4331 754/1259/4332 
f 837/1428/4333 729/1221/4334 760/1270/4335 
f 760/1270/4336 880/1506/4337 837/1428/4338 
f 818/1387/4339 721/1211/4340 803/1241/4341 
f 793/1336/4342 721/1211/4343 703/1184/4344 
f 812/1212/4345 699/1178/4346 794/1337/4347 
f 871/1492/4348 740/1236/4349 763/1275/4350 
f 805/1359/4351 737/1231/4352 723/1214/4353 
f 723/1214/4354 740/1236/4355 805/1359/4356 
f 846/1445/4357 678/1141/4358 734/1227/4359 
f 734/1227/4360 724/1215/4361 846/1445/4362 
f 724/1216/4363 882/1508/4364 846/1446/4365 
f 725/1217/4366 747/1247/4367 812/1212/4368 
f 691/1162/4369 747/1247/4370 725/1217/4371 
f 738/1233/4372 820/1389/4373 841/1253/4374 
f 701/1182/4375 726/1218/4376 831/1416/4377 
f 873/1495/4378 758/1267/4379 705/1188/4380 
f 705/1188/4381 778/1304/4382 873/1495/4383 
f 691/1162/4384 839/1433/4385 728/1220/4386 
f 728/1220/4387 839/1433/4388 695/1169/4389 
f 771/1291/4390 837/1428/4391 848/1167/4392 
f 742/1239/4393 730/1222/4394 691/1162/4395 
f 691/1162/4396 730/1222/4397 840/1434/4398 
f 731/1223/4399 745/1244/4400 798/1346/4401 
f 731/1223/4402 798/1346/4403 695/1170/4404 
f 695/1170/4405 743/1240/4406 731/1223/4407 
f 743/1240/4408 783/1312/4409 862/1148/4410 
f 783/1313/4411 839/1433/4412 683/1147/4413 
f 833/1283/4414 802/1166/4415 872/1493/4416 
f 872/1493/4417 754/1259/4418 833/1283/4419 
f 804/1358/4420 822/1392/4421 854/1274/4422 
f 854/1274/4423 861/1330/4424 804/1358/4425 
f 692/1164/4426 776/1300/4427 773/1295/4428 
f 779/1305/4429 734/1227/4430 773/1295/4431 
f 773/1295/4432 810/1365/4433 779/1305/4434 
f 788/1321/4435 865/1483/4436 685/1151/4437 
f 685/1151/4438 865/1483/4439 806/1360/4440 
f 806/1360/4441 795/1339/4442 685/1151/4443 
f 785/1316/4444 736/1229/4445 706/1190/4446 
f 686/1153/4447 815/1191/4448 864/1230/4449 
f 722/1213/4450 737/1231/4451 878/1263/4452 
f 737/1231/4453 805/1359/4454 739/1235/4455 
f 739/1235/4456 782/1310/4457 737/1231/4458 
f 811/1368/4459 721/1211/4460 738/1233/4461 
f 704/1187/4462 807/1361/4463 801/1234/4464 
f 805/1359/4465 704/1186/4466 869/1488/4467 
f 838/1180/4468 740/1236/4469 741/1238/4470 
f 687/1155/4471 755/1260/4472 817/1384/4473 
f 817/1385/4474 741/1238/4475 740/1236/4476 
f 740/1236/4477 687/1154/4478 817/1385/4479 
f 742/1239/4480 706/1190/4481 681/1144/4482 
f 730/1222/4483 742/1239/4484 681/1144/4485 
f 819/1388/4486 852/1322/4487 711/1198/4488 
f 711/1198/4489 781/1308/4490 819/1388/4491 
f 781/1308/4492 692/1164/4493 773/1295/4494 
f 773/1295/4495 819/1388/4496 781/1308/4497 
f 803/1241/4498 721/1211/4499 679/1137/4500 
f 710/1197/4501 843/1438/4502 744/1242/4503 
f 744/1242/4504 827/1142/4505 710/1197/4506 
f 689/1159/4507 728/1220/4508 825/1400/4509 
f 731/1223/4510 800/1349/4511 689/1158/4512 
f 689/1158/4513 825/1401/4514 731/1223/4515 
f 680/1140/4516 821/1390/4517 729/1221/4518 
f 729/1221/4519 746/1245/4520 680/1140/4521 
f 746/1246/4522 718/1208/4523 680/1139/4524 
f 840/1434/4525 716/1205/4526 699/1178/4527 
f 747/1247/4528 699/1178/4529 812/1212/4530 
f 790/1185/4531 710/1197/4532 778/1304/4533 
f 778/1304/4534 748/1248/4535 790/1185/4536 
f 835/1249/4537 793/1336/4538 703/1184/4539 
f 716/1205/4540 853/1250/4541 699/1178/4542 
f 749/1251/4543 856/1204/4544 828/1177/4545 
f 832/1418/4546 750/1252/4547 796/1181/4548 
f 841/1253/4549 820/1389/4550 701/1182/4551 
f 688/1157/4552 756/1261/4553 858/1255/4554 
f 815/1191/4555 836/1143/4556 752/1256/4557 
f 879/1504/4558 706/1190/4559 867/1257/4560 
f 873/1495/4561 778/1304/4562 753/1258/4563 
f 710/1197/4564 832/1418/4565 764/1276/4566 
f 764/1276/4567 753/1258/4568 710/1197/4569 
f 872/1493/4570 697/1174/4571 733/1226/4572 
f 733/1226/4573 754/1259/4574 872/1493/4575 
f 691/1162/4576 755/1260/4577 712/1200/4578 
f 712/1200/4579 755/1260/4580 813/1374/4581 
f 691/1162/4582 702/1183/4583 756/1261/4584 
f 756/1261/4585 702/1183/4586 826/1402/4587 
f 684/1149/4588 725/1217/4589 830/1415/4590 
f 877/1150/4591 878/1263/4592 737/1231/4593 
s 1
f 686/1264/4594 736/1265/4595 785/1317/4596 
s 2147483648
f 873/1495/4597 686/1153/4598 758/1267/4599 
f 791/1331/4600 797/1345/4601 829/1268/4602 
f 759/1269/4603 880/1506/4604 804/1358/4605 
f 804/1358/4606 861/1330/4607 759/1269/4608 
f 720/1210/4609 733/1226/4610 804/1358/4611 
f 804/1358/4612 760/1270/4613 720/1210/4614 
f 685/1151/4615 720/1210/4616 760/1270/4617 
f 700/1179/4618 755/1260/4619 860/1476/4620 
f 740/1236/4621 838/1180/4622 761/1272/4623 
f 876/1499/4624 797/1345/4625 762/1273/4626 
f 740/1236/4627 723/1214/4628 763/1275/4629 
f 764/1276/4630 714/1202/4631 754/1259/4632 
f 743/1240/4633 695/1170/4634 765/1277/4635 
f 695/1169/4636 839/1433/4637 765/1278/4638 
s 1
f 811/1367/4639 738/1279/4640 777/1302/4641 
f 777/1302/4642 842/1437/4643 811/1367/4644 
f 855/1467/4645 772/1282/4646 696/1281/4647 
f 696/1281/4648 766/1280/4649 855/1467/4650 
s 2147483648
f 767/1284/4651 756/1261/4652 826/1402/4653 
f 678/1138/4654 882/1508/4655 768/1285/4656 
f 768/1286/4657 871/1492/4658 734/1227/4659 
f 734/1227/4660 678/1141/4661 768/1286/4662 
f 859/1287/4663 687/1154/4664 740/1236/4665 
f 769/1288/4666 755/1260/4667 687/1155/4668 
f 837/1428/4669 770/1289/4670 848/1167/4671 
f 881/1290/4672 857/1469/4673 694/1168/4674 
f 729/1221/4675 837/1428/4676 771/1291/4677 
f 771/1291/4678 746/1245/4679 729/1221/4680 
f 771/1292/4681 718/1208/4682 746/1246/4683 
f 827/1142/4684 855/1293/4685 710/1197/4686 
f 679/1137/4687 721/1211/4688 772/1294/4689 
f 773/1295/4690 734/1227/4691 719/1209/4692 
f 824/1195/4693 718/1208/4694 774/1296/4695 
f 709/1196/4696 774/1297/4697 729/1221/4698 
f 844/1298/4699 756/1261/4700 717/1207/4701 
f 775/1299/4702 868/1206/4703 754/1259/4704 
f 776/1300/4705 707/1192/4706 773/1295/4707 
f 776/1301/4708 780/1307/4709 707/1193/4710 
s 1
f 841/1435/4711 750/1303/4712 866/1485/4713 
f 866/1485/4714 738/1279/4715 841/1435/4716 
s 2147483648
f 753/1258/4717 778/1304/4718 710/1197/4719 
f 734/1227/4720 779/1305/4721 724/1215/4722 
f 779/1306/4723 882/1508/4724 724/1216/4725 
f 691/1162/4726 780/1307/4727 839/1433/4728 
f 708/1194/4729 780/1307/4730 781/1309/4731 
f 781/1309/4732 780/1307/4733 692/1163/4734 
f 845/1442/4735 877/1150/4736 737/1231/4737 
f 737/1231/4738 782/1310/4739 845/1442/4740 
f 874/1311/4741 725/1217/4742 684/1149/4743 
f 743/1240/4744 732/1224/4745 783/1312/4746 
f 732/1225/4747 839/1433/4748 783/1313/4749 
f 698/1176/4750 809/1364/4751 784/1315/4752 
f 785/1316/4753 742/1239/4754 849/1152/4755 
s 1
f 785/1317/4756 849/1451/4757 758/1266/4758 
f 758/1266/4759 686/1264/4760 785/1317/4761 
s 2147483648
f 819/1388/4762 719/1209/4763 786/1318/4764 
f 685/1151/4765 786/1318/4766 719/1209/4767 
f 870/1319/4768 809/1364/4769 689/1159/4770 
f 800/1349/4771 787/1320/4772 689/1158/4773 
f 834/1421/4774 735/1228/4775 865/1483/4776 
f 865/1483/4777 788/1321/4778 834/1421/4779 
f 713/1201/4780 788/1321/4781 737/1231/4782 
f 789/1323/4783 708/1194/4784 711/1199/4785 
s 1
f 790/1326/4786 703/1324/4787 818/1386/4788 
f 818/1386/4789 843/1439/4790 790/1326/4791 
f 748/1329/4792 835/1422/4793 703/1327/4794 
f 703/1327/4795 790/1328/4796 748/1329/4797 
s 2147483648
f 854/1274/4798 682/1145/4799 861/1330/4800 
f 762/1273/4801 791/1331/4802 682/1146/4803 
s 1
f 762/1334/4804 854/1466/4805 822/1393/4806 
f 822/1393/4807 876/1500/4808 762/1334/4809 
f 792/1333/4810 697/1332/4811 872/1494/4812 
f 872/1494/4813 826/1403/4814 792/1333/4815 
s 2147483648
f 691/1162/4816 793/1336/4817 742/1239/4818 
f 742/1239/4819 793/1336/4820 808/1189/4821 
f 794/1337/4822 699/1178/4823 823/1394/4824 
f 875/1338/4825 690/1161/4826 823/1395/4827 
f 823/1395/4828 722/1213/4829 875/1338/4830 
f 795/1339/4831 727/1219/4832 873/1495/4833 
f 873/1495/4834 753/1258/4835 795/1339/4836 
s 1
f 831/1417/4837 688/1342/4838 883/1340/4839 
f 883/1340/4840 701/1341/4841 831/1417/4842 
f 796/1344/4843 750/1303/4844 841/1435/4845 
f 841/1435/4846 701/1343/4847 796/1344/4848 
s 2147483648
f 691/1162/4849 797/1345/4850 702/1183/4851 
f 702/1183/4852 797/1345/4853 876/1499/4854 
f 798/1347/4855 728/1220/4856 695/1169/4857 
f 800/1349/4858 731/1223/4859 799/1348/4860 
s 1
f 874/1496/4861 782/1352/4862 739/1350/4863 
f 739/1350/4864 863/1480/4865 874/1496/4866 
f 801/1351/4867 869/1489/4868 704/1353/4869 
f 802/1354/4870 693/1335/4871 826/1403/4872 
f 826/1403/4873 872/1494/4874 802/1354/4875 
f 833/1420/4876 767/1355/4877 693/1335/4878 
f 693/1335/4879 802/1354/4880 833/1420/4881 
f 803/1356/4882 744/1325/4883 843/1439/4884 
f 843/1439/4885 818/1386/4886 803/1356/4887 
f 803/1356/4888 679/1357/4889 827/1404/4890 
f 827/1404/4891 744/1325/4892 803/1356/4893 
s 2147483648
f 733/1226/4894 697/1174/4895 822/1392/4896 
f 822/1392/4897 804/1358/4898 733/1226/4899 
f 806/1360/4900 865/1483/4901 735/1228/4902 
f 735/1228/4903 795/1339/4904 806/1360/4905 
f 691/1162/4906 725/1217/4907 807/1361/4908 
f 807/1361/4909 725/1217/4910 863/1481/4911 
s 1
f 808/1363/4912 835/1422/4913 748/1329/4914 
f 748/1329/4915 705/1362/4916 808/1363/4917 
f 758/1266/4918 849/1451/4919 808/1363/4920 
f 808/1363/4921 705/1362/4922 758/1266/4923 
s 2147483648
f 847/1447/4924 728/1220/4925 809/1364/4926 
f 809/1364/4927 728/1220/4928 689/1159/4929 
f 707/1192/4930 810/1365/4931 773/1295/4932 
f 707/1193/4933 780/1307/4934 810/1366/4935 
s 1
f 842/1437/4936 766/1280/4937 696/1281/4938 
f 696/1281/4939 811/1367/4940 842/1437/4941 
s 2147483648
f 696/1171/4942 721/1211/4943 811/1368/4944 
s 1
f 794/1371/4945 875/1497/4946 722/1369/4947 
f 722/1369/4948 812/1370/4949 794/1371/4950 
f 878/1503/4951 757/1372/4952 812/1370/4953 
f 812/1370/4954 722/1369/4955 878/1503/4956 
s 2147483648
f 813/1374/4957 755/1260/4958 769/1288/4959 
s 1
f 838/1429/4960 700/1377/4961 860/1475/4962 
f 860/1475/4963 761/1376/4964 838/1429/4965 
f 704/1353/4966 761/1376/4967 814/1375/4968 
f 736/1265/4969 864/1482/4970 815/1378/4971 
f 815/1378/4972 706/1379/4973 736/1265/4974 
f 752/1380/4975 867/1486/4976 706/1379/4977 
f 706/1379/4978 815/1378/4979 752/1380/4980 
f 858/1470/4981 751/1382/4982 816/1381/4983 
f 816/1381/4984 688/1342/4985 858/1470/4986 
s 2147483648
f 817/1384/4987 755/1260/4988 741/1237/4989 
f 703/1184/4990 721/1211/4991 818/1387/4992 
f 743/1240/4993 819/1388/4994 786/1318/4995 
f 721/1211/4996 726/1218/4997 820/1389/4998 
f 820/1389/4999 726/1218/5000 701/1182/5001 
f 680/1139/5002 718/1208/5003 821/1391/5004 
s 1
f 697/1332/5005 792/1333/5006 876/1500/5007 
f 876/1500/5008 822/1393/5009 697/1332/5010 
s 2147483648
f 794/1337/5011 823/1394/5012 690/1160/5013 
s 1
f 884/1511/5014 709/1397/5015 821/1398/5016 
f 774/1399/5017 709/1397/5018 824/1396/5019 
s 2147483648
f 825/1400/5020 728/1220/5021 745/1243/5022 
f 825/1401/5023 745/1244/5024 731/1223/5025 
f 693/1165/5026 767/1284/5027 826/1402/5028 
s 1
f 772/1282/5029 855/1467/5030 827/1404/5031 
f 827/1404/5032 679/1357/5033 772/1282/5034 
f 853/1462/5035 749/1407/5036 828/1405/5037 
f 828/1405/5038 699/1406/5039 853/1462/5040 
f 823/1408/5041 699/1406/5042 828/1405/5043 
f 881/1507/5044 770/1411/5045 759/1409/5046 
f 759/1409/5047 829/1410/5048 881/1507/5049 
f 861/1477/5050 791/1412/5051 829/1410/5052 
f 829/1410/5053 759/1409/5054 861/1477/5055 
f 830/1414/5056 757/1372/5057 878/1503/5058 
f 878/1503/5059 877/1413/5060 830/1414/5061 
s 2147483648
f 830/1415/5062 725/1217/5063 757/1262/5064 
f 831/1416/5065 726/1218/5066 688/1157/5067 
f 796/1181/5068 883/1509/5069 714/1202/5070 
f 714/1202/5071 832/1418/5072 796/1181/5073 
f 764/1276/5074 832/1418/5075 714/1202/5076 
s 1
f 833/1420/5077 868/1487/5078 717/1419/5079 
f 717/1419/5080 767/1355/5081 833/1420/5082 
s 2147483648
f 713/1201/5083 834/1421/5084 788/1321/5085 
s 1
f 836/1424/5086 681/1423/5087 879/1505/5088 
f 879/1505/5089 752/1380/5090 836/1424/5091 
f 836/1427/5092 856/1468/5093 716/1425/5094 
f 716/1425/5095 681/1426/5096 836/1427/5097 
f 741/1430/5098 700/1431/5099 838/1432/5100 
s 2147483648
f 839/1433/5101 780/1307/5102 708/1194/5103 
f 839/1433/5104 708/1194/5105 683/1147/5106 
f 691/1162/5107 840/1434/5108 747/1247/5109 
f 840/1434/5110 699/1178/5111 747/1247/5112 
f 766/1172/5113 842/1436/5114 710/1197/5115 
s 1
f 751/1382/5116 858/1470/5117 844/1440/5118 
f 844/1440/5119 775/1441/5120 751/1382/5121 
f 717/1419/5122 868/1487/5123 775/1441/5124 
f 775/1441/5125 844/1440/5126 717/1419/5127 
f 782/1352/5128 874/1496/5129 684/1443/5130 
f 684/1443/5131 845/1444/5132 782/1352/5133 
s 2147483648
f 846/1446/5134 882/1508/5135 678/1138/5136 
f 691/1162/5137 728/1220/5138 847/1447/5139 
f 691/1162/5140 847/1447/5141 718/1208/5142 
s 1
f 771/1448/5143 848/1449/5144 694/1450/5145 
f 770/1411/5146 881/1507/5147 694/1450/5148 
f 694/1450/5149 848/1449/5150 770/1411/5151 
f 870/1490/5152 787/1454/5153 850/1452/5154 
f 850/1452/5155 784/1453/5156 870/1490/5157 
f 698/1455/5158 784/1453/5159 850/1452/5160 
s 2147483648
f 768/1285/5161 712/1200/5162 851/1456/5163 
s 1
f 862/1478/5164 683/1460/5165 789/1458/5166 
f 789/1458/5167 852/1459/5168 862/1478/5169 
f 711/1461/5170 852/1459/5171 789/1458/5172 
f 716/1425/5173 856/1468/5174 749/1407/5175 
f 749/1407/5176 853/1462/5177 716/1425/5178 
f 854/1463/5179 762/1464/5180 682/1465/5181 
s 2147483648
f 797/1345/5182 718/1208/5183 857/1469/5184 
f 857/1469/5185 718/1208/5186 771/1292/5187 
s 1
f 687/1471/5188 859/1472/5189 769/1473/5190 
f 813/1474/5191 769/1473/5192 859/1472/5193 
f 761/1376/5194 860/1475/5195 814/1375/5196 
s 2147483648
f 860/1476/5197 755/1260/5198 814/1271/5199 
s 1
f 791/1412/5200 861/1477/5201 682/1465/5202 
f 783/1479/5203 683/1460/5204 862/1478/5205 
f 863/1480/5206 739/1350/5207 869/1489/5208 
f 869/1489/5209 801/1351/5210 863/1480/5211 
s 2147483648
f 801/1234/5212 807/1361/5213 863/1481/5214 
s 1
f 736/1265/5215 686/1264/5216 864/1482/5217 
s 2147483648
f 832/1418/5218 777/1232/5219 866/1484/5220 
s 1
f 866/1485/5221 777/1302/5222 738/1279/5223 
f 752/1380/5224 879/1505/5225 867/1486/5226 
s 2147483648
f 869/1488/5227 739/1235/5228 805/1359/5229 
s 1
f 787/1454/5230 870/1490/5231 689/1491/5232 
s 2147483648
f 734/1227/5233 871/1492/5234 763/1275/5235 
s 1
f 690/1498/5236 875/1497/5237 794/1371/5238 
s 2147483648
f 792/1173/5239 702/1183/5240 876/1499/5241 
s 1
f 684/1443/5242 830/1502/5243 877/1501/5244 
f 877/1501/5245 845/1444/5246 684/1443/5247 
s 2147483648
f 706/1190/5248 879/1504/5249 681/1144/5250 
f 804/1358/5251 880/1506/5252 760/1270/5253 
f 691/1162/5254 712/1200/5255 882/1508/5256 
f 882/1508/5257 712/1200/5258 768/1285/5259 
s 1
f 701/1343/5260 883/1510/5261 796/1344/5262 
f 709/1397/5263 884/1511/5264 824/1396/5265 
s 2147483648
f 884/1512/5266 718/1208/5267 824/1195/5268 
# 410 faces

