# 3ds Max Wavefront OBJ Exporter v0.97b - (c)2007 guruware
# File Created: 10.02.2024 08:36:01

mtllib SM_Coral_Table_Acropora_03.mtl

#
# object SM_Coral_Table_Acropora_03_LOD0
#

v  -1.5161 10.8340 35.6258
v  2.9528 11.2763 38.8549
v  -37.0901 8.1424 18.5228
v  -43.6020 10.2276 13.3034
v  -44.4100 7.8096 -18.6970
v  -36.5618 7.4501 -31.5818
v  -31.7008 8.5614 -35.4803
v  3.9002 11.2763 -26.4662
v  36.7998 9.3202 -27.1171
v  29.0548 10.0477 -31.7319
v  5.0368 7.2205 7.9210
v  8.6317 11.2763 31.5908
v  14.2196 11.2763 32.4277
v  16.0128 11.2763 30.3972
v  17.1190 7.2205 17.0544
v  26.6548 11.2763 29.6128
v  28.8984 11.2763 29.0567
v  37.3582 11.2763 22.7805
v  47.9592 13.0045 -0.3224
v  -9.1683 9.5581 39.2745
v  -6.9576 9.9706 38.8908
v  -49.3093 10.6802 -7.8051
v  -12.5274 8.1686 31.3586
v  -26.6385 10.1779 -39.2285
v  -11.0397 11.2763 -35.3268
v  -8.3184 11.2763 -31.5944
v  1.5738 11.2763 -28.7883
v  43.5904 11.9316 -13.9502
v  22.0341 10.9604 -33.8823
v  11.8466 11.2763 26.8234
v  6.9814 11.2763 33.3107
v  6.1449 11.2763 36.5199
v  -4.4415 10.2573 35.9371
v  -6.2723 9.7572 34.9004
v  -11.1079 8.5056 33.8683
v  -11.3380 8.6073 35.7488
v  -11.9919 8.7214 37.5674
v  -7.8167 9.4907 36.4066
v  -7.1183 7.1288 16.0015
v  -17.4319 7.6886 34.9194
v  -24.0892 7.4364 30.6093
v  -16.0267 6.9618 13.8558
v  -28.7077 7.4364 26.4651
v  -20.2316 6.7136 10.7654
v  -32.1747 7.4364 21.9042
v  -45.8412 11.2014 7.3248
v  -47.2642 11.2763 5.7940
v  -46.1042 11.2763 2.2482
v  -25.7831 6.9617 5.2029
v  -48.0317 11.2763 -0.2384
v  -28.3666 7.2205 -2.4832
v  -48.0484 9.6159 -12.2252
v  -45.6391 8.7114 -14.7563
v  -26.8016 6.8729 -8.8269
v  -41.3640 7.3173 -22.4310
v  -36.5789 7.3172 -22.9533
v  -34.6788 7.3172 -24.3575
v  -34.2221 7.6190 -31.6666
v  -36.9953 7.3172 -29.2252
v  -21.0932 6.5361 -17.2821
v  -18.1591 11.2612 -38.7568
v  -2.0320 7.2205 -14.6819
v  10.0238 11.2763 -31.0352
v  14.5413 11.2763 -32.7828
v  7.0350 7.2205 -18.3899
v  43.8993 12.5336 -10.7974
v  17.8131 7.2205 -8.4239
v  47.3024 13.0045 -6.1603
v  49.3071 13.0045 3.7744
v  20.6714 7.2205 0.4384
v  46.0658 12.1034 14.5018
v  41.7982 11.4063 20.2752
v  34.1922 11.2763 23.3451
v  32.7880 11.2763 26.0779
v  22.3696 11.2763 27.7897
v  19.0508 7.2205 5.8021
v  -7.9642 0.3999 -2.8976
v  14.4178 7.2205 -15.0073
v  -9.5020 7.2205 -19.1122
v  -17.3013 6.9486 -21.0630
v  -22.2716 6.8232 -12.9254
v  0.3338 7.2205 14.3466
v  7.0042 8.6679 14.0208
v  9.1047 11.2763 21.8271
v  8.9553 9.1120 17.0338
v  -21.3795 7.4364 33.6498
v  -16.1432 7.7186 34.4561
v  -15.8095 7.6726 31.0933
v  -1.4986 10.4404 35.6951
v  2.9760 10.8817 38.9163
v  -37.1619 7.7497 18.4966
v  -43.6895 9.8389 13.2675
v  -44.4574 7.4153 -18.6498
v  -36.5337 7.0515 -31.5991
v  -31.6570 8.1720 -35.5605
v  3.8824 10.8966 -26.5907
v  36.8432 8.9227 -27.1268
v  29.0461 9.6546 -31.8059
v  5.0993 6.8421 8.0347
v  8.6830 10.8807 31.6206
v  14.2196 10.8763 32.4277
v  16.0128 10.8763 30.3972
v  17.2599 6.8469 17.0786
v  26.6535 10.8820 29.6804
v  28.9256 10.8814 29.1140
v  37.3898 10.8821 22.8406
v  48.0415 12.6136 -0.3415
v  -9.0844 9.1702 39.3243
v  -6.8768 9.5816 38.9380
v  -49.3881 10.2924 -7.7469
v  -12.4929 7.7712 31.3876
v  -26.5852 9.7933 -39.3243
v  -10.9732 10.8945 -35.4258
v  -8.2157 10.9058 -31.7050
v  1.6341 10.8942 -28.8903
v  43.6724 11.5436 -13.8981
v  22.0151 10.5720 -33.9760
v  11.8466 10.8763 26.8234
v  7.0553 10.8852 33.3502
v  6.2007 10.8826 36.5634
v  -4.3612 9.8687 35.9872
v  -6.1875 9.3689 34.9459
v  -11.0290 8.1155 33.9084
v  -11.2499 8.2195 35.7913
v  -11.9096 8.3337 37.6214
v  -7.7272 9.1028 36.4455
v  -7.1023 6.7385 16.0875
v  -17.4133 7.2891 34.9289
v  -24.0970 7.0366 30.6168
v  -16.0424 6.5678 13.9236
v  -28.7161 7.0366 26.4756
v  -20.2760 6.3199 10.8205
v  -32.2041 7.0375 21.9066
v  -45.9216 10.8102 7.3463
v  -47.3428 10.8841 5.8002
v  -46.1818 10.8843 2.2661
v  -25.8683 6.5715 5.2245
v  -48.1066 10.8864 -0.1895
v  -28.4611 6.8322 -2.4673
v  -48.1200 9.2280 -12.1590
v  -45.7006 8.3234 -14.6812
v  -26.8686 6.4788 -8.8408
v  -41.3876 6.9181 -22.4202
v  -36.5826 6.9175 -22.9678
v  -34.6862 6.9175 -24.3694
v  -34.1951 7.2219 -31.7064
v  -36.9653 6.9187 -29.2404
v  -21.1442 6.1412 -17.3199
v  -18.1075 10.8764 -38.8531
v  -2.0353 6.8608 -14.8567
v  9.9587 10.9052 -31.1696
v  14.5027 10.8988 -32.9093
v  7.0197 6.8429 -18.5210
v  43.9815 12.1425 -10.7817
v  17.8893 6.8285 -8.4459
v  47.3840 12.6132 -6.1740
v  49.3881 12.6132 3.7574
v  20.7529 6.8289 0.4352
v  46.1404 11.7104 14.5007
v  41.8565 11.0112 20.2979
v  34.2314 10.8823 23.4023
v  32.8382 10.8820 26.1227
v  22.3679 10.8830 27.8625
v  19.1093 6.8266 5.8392
v  -7.9704 0.0000 -2.9032
v  14.4622 6.8272 -15.0648
v  -9.4440 6.8462 -19.2408
v  -17.2882 6.5604 -21.1586
v  -22.3542 6.4332 -12.9588
v  0.4032 6.8365 14.4343
v  7.0664 8.2845 14.1164
v  9.2112 10.8922 21.8602
v  8.7921 8.7811 17.1883
v  -21.3682 7.0367 33.6612
v  -16.1315 7.3189 34.4627
v  -15.7742 7.2744 31.1078
# 176 vertices

vn -0.0000 1.0000 -0.0000
vn -0.0000 1.0000 -0.0000
vn -0.0000 1.0000 -0.0000
vn -0.0000 1.0000 -0.0000
vn -0.1282 0.9889 -0.0745
vn -0.0000 1.0000 -0.0000
vn -0.2663 0.9603 -0.0827
vn -0.1282 0.9889 -0.0745
vn -0.0000 1.0000 -0.0000
vn -0.2663 0.9603 -0.0827
vn -0.1736 0.9602 -0.2191
vn -0.1282 0.9889 -0.0745
vn -0.1736 0.9602 -0.2191
vn -0.1847 0.9778 -0.0987
vn -0.1282 0.9889 -0.0745
vn -0.1736 0.9602 -0.2191
vn -0.0400 0.9758 -0.2151
vn -0.1847 0.9778 -0.0987
vn -0.0400 0.9758 -0.2151
vn -0.1396 0.9842 -0.1087
vn -0.1847 0.9778 -0.0987
vn -0.0400 0.9758 -0.2151
vn -0.0582 0.9865 -0.1534
vn -0.1396 0.9842 -0.1087
vn -0.0400 0.9758 -0.2151
vn -0.0436 0.9839 -0.1733
vn -0.0582 0.9865 -0.1534
vn -0.2009 0.9715 -0.1255
vn -0.0436 0.9839 -0.1733
vn -0.0400 0.9758 -0.2151
vn -0.0400 0.9758 -0.2151
vn -0.2120 0.9706 -0.1136
vn -0.2009 0.9715 -0.1255
vn -0.0400 0.9758 -0.2151
vn -0.1974 0.9752 -0.1002
vn -0.2120 0.9706 -0.1136
vn -0.1974 0.9752 -0.1002
vn -0.2238 0.9698 -0.0973
vn -0.2120 0.9706 -0.1136
vn -0.2201 0.9697 -0.1061
vn -0.2238 0.9698 -0.0973
vn -0.1974 0.9752 -0.1002
vn -0.2097 0.9698 -0.1245
vn -0.2238 0.9698 -0.0973
vn -0.2201 0.9697 -0.1061
vn -0.2097 0.9698 -0.1245
vn -0.2201 0.9697 -0.1061
vn -0.2057 0.9693 -0.1348
vn -0.2019 0.9723 -0.1180
vn -0.2238 0.9698 -0.0973
vn -0.2097 0.9698 -0.1245
vn -0.0400 0.9758 -0.2151
vn -0.0863 0.9936 -0.0728
vn -0.1974 0.9752 -0.1002
vn -0.0400 0.9758 -0.2151
vn 0.0394 0.9848 -0.1693
vn -0.0863 0.9936 -0.0728
vn 0.0394 0.9848 -0.1693
vn -0.0883 0.9954 -0.0363
vn -0.0863 0.9936 -0.0728
vn -0.0883 0.9954 -0.0363
vn 0.0394 0.9848 -0.1693
vn -0.0282 0.9992 -0.0284
vn -0.0883 0.9954 -0.0363
vn -0.0282 0.9992 -0.0284
vn -0.0464 0.9986 -0.0239
vn -0.0883 0.9954 -0.0363
vn -0.0464 0.9986 -0.0239
vn -0.0293 0.9994 -0.0166
vn 0.0394 0.9848 -0.1693
vn 0.0195 0.9996 -0.0189
vn -0.0282 0.9992 -0.0284
vn 0.0394 0.9848 -0.1693
vn 0.0210 0.9994 -0.0261
vn 0.0195 0.9996 -0.0189
vn 0.0394 0.9848 -0.1693
vn 0.1108 0.9843 -0.1377
vn 0.0210 0.9994 -0.0261
vn 0.1108 0.9843 -0.1377
vn 0.0736 0.9973 -0.0060
vn 0.0210 0.9994 -0.0261
vn 0.1108 0.9843 -0.1377
vn 0.2129 0.9756 -0.0540
vn 0.0736 0.9973 -0.0060
vn 0.2129 0.9756 -0.0540
vn 0.1796 0.9816 0.0654
vn 0.0736 0.9973 -0.0060
vn 0.2129 0.9756 -0.0540
vn 0.2188 0.9716 0.0897
vn 0.1796 0.9816 0.0654
vn 0.2129 0.9756 -0.0540
vn 0.2011 0.9781 -0.0537
vn 0.2188 0.9716 0.0897
vn 0.2129 0.9756 -0.0540
vn 0.1965 0.9804 -0.0154
vn 0.2011 0.9781 -0.0537
vn 0.2129 0.9756 -0.0540
vn 0.1939 0.9800 -0.0448
vn 0.1965 0.9804 -0.0154
vn 0.2129 0.9756 -0.0540
vn 0.2362 0.9709 -0.0399
vn 0.1939 0.9800 -0.0448
vn 0.2362 0.9709 -0.0399
vn 0.1871 0.9747 -0.1221
vn 0.1939 0.9800 -0.0448
vn 0.2362 0.9709 -0.0399
vn 0.1971 0.9695 -0.1455
vn 0.1871 0.9747 -0.1221
vn 0.2362 0.9709 -0.0399
vn 0.1789 0.9699 -0.1655
vn 0.1971 0.9695 -0.1455
vn 0.2362 0.9709 -0.0399
vn 0.1675 0.9853 0.0347
vn 0.1789 0.9699 -0.1655
vn 0.1675 0.9853 0.0347
vn 0.1538 0.9701 -0.1878
vn 0.1789 0.9699 -0.1655
vn 0.1675 0.9853 0.0347
vn 0.1186 0.9859 -0.1180
vn 0.1538 0.9701 -0.1878
vn 0.1675 0.9853 0.0347
vn 0.0589 0.9979 -0.0269
vn 0.1186 0.9859 -0.1180
vn 0.1675 0.9853 0.0347
vn 0.2067 0.9749 0.0834
vn 0.0589 0.9979 -0.0269
vn 0.2067 0.9749 0.0834
vn 0.0091 0.9993 0.0363
vn 0.0589 0.9979 -0.0269
vn 0.2067 0.9749 0.0834
vn 0.0183 0.9994 0.0300
vn 0.0091 0.9993 0.0363
vn 0.1276 0.9873 0.0947
vn 0.0183 0.9994 0.0300
vn 0.2067 0.9749 0.0834
vn 0.1276 0.9873 0.0947
vn -0.0675 0.9928 0.0993
vn 0.0183 0.9994 0.0300
vn -0.0675 0.9928 0.0993
vn -0.0748 0.9965 0.0382
vn 0.0183 0.9994 0.0300
vn -0.0748 0.9965 0.0382
vn -0.0675 0.9928 0.0993
vn -0.0704 0.9966 0.0432
vn 0.1276 0.9873 0.0947
vn -0.1095 0.9735 0.2006
vn -0.0675 0.9928 0.0993
vn 0.1276 0.9873 0.0947
vn -0.0328 0.9705 0.2388
vn -0.1095 0.9735 0.2006
vn -0.0328 0.9705 0.2388
vn -0.1332 0.9617 0.2394
vn -0.1095 0.9735 0.2006
vn -0.0328 0.9705 0.2388
vn -0.1289 0.9620 0.2407
vn -0.1332 0.9617 0.2394
vn -0.0328 0.9705 0.2388
vn -0.1663 0.9545 0.2475
vn -0.1289 0.9620 0.2407
vn -0.0328 0.9705 0.2388
vn -0.1449 0.9357 0.3216
vn -0.1663 0.9545 0.2475
vn -0.1449 0.9357 0.3216
vn -0.2567 0.9261 0.2766
vn -0.1663 0.9545 0.2475
vn -0.1449 0.9357 0.3216
vn -0.1508 0.9551 0.2550
vn -0.2567 0.9261 0.2766
vn -0.1449 0.9357 0.3216
vn 0.0083 0.8994 0.4370
vn -0.1508 0.9551 0.2550
vn 0.0083 0.8994 0.4370
vn 0.0444 0.9493 0.3112
vn -0.1508 0.9551 0.2550
vn 0.0083 0.8994 0.4370
vn 0.0381 0.9440 0.3278
vn 0.0444 0.9493 0.3112
vn 0.0381 0.9440 0.3278
vn 0.1627 0.9277 0.3360
vn 0.0444 0.9493 0.3112
vn 0.0381 0.9440 0.3278
vn 0.0965 0.9437 0.3163
vn 0.1627 0.9277 0.3360
vn 0.0381 0.9440 0.3278
vn 0.0477 0.9710 0.2344
vn 0.0965 0.9437 0.3163
vn 0.0381 0.9440 0.3278
vn -0.1110 0.9834 0.1437
vn 0.0477 0.9710 0.2344
vn -0.1110 0.9834 0.1437
vn 0.0216 0.9825 0.1850
vn 0.0477 0.9710 0.2344
vn -0.1110 0.9834 0.1437
vn -0.1085 0.9938 0.0243
vn 0.0216 0.9825 0.1850
vn -0.1110 0.9834 0.1437
vn -0.1906 0.9801 0.0551
vn -0.1085 0.9938 0.0243
vn -0.1906 0.9801 0.0551
vn -0.2052 0.9700 -0.1302
vn -0.1085 0.9938 0.0243
vn -0.1906 0.9801 0.0551
vn -0.2055 0.9779 -0.0394
vn -0.2052 0.9700 -0.1302
vn -0.1906 0.9801 0.0551
vn -0.2038 0.9790 0.0080
vn -0.2055 0.9779 -0.0394
vn -0.2038 0.9790 0.0080
vn -0.2040 0.9784 0.0343
vn -0.2055 0.9779 -0.0394
vn -0.2038 0.9790 0.0080
vn -0.2058 0.9774 0.0478
vn -0.2040 0.9784 0.0343
vn -0.2038 0.9790 0.0080
vn -0.2026 0.9783 0.0425
vn -0.2058 0.9774 0.0478
vn -0.2038 0.9790 0.0080
vn -0.1865 0.9825 0.0028
vn -0.2026 0.9783 0.0425
vn -0.2038 0.9790 0.0080
vn -0.1463 0.9849 -0.0928
vn -0.1865 0.9825 0.0028
vn -0.1463 0.9849 -0.0928
vn -0.1457 0.9877 -0.0566
vn -0.1865 0.9825 0.0028
vn -0.1463 0.9849 -0.0928
vn -0.0789 0.9855 -0.1503
vn -0.1457 0.9877 -0.0566
vn -0.1463 0.9849 -0.0928
vn -0.0980 0.9848 -0.1431
vn -0.0789 0.9855 -0.1503
vn -0.1463 0.9849 -0.0928
vn -0.1257 0.9857 -0.1120
vn -0.0980 0.9848 -0.1431
vn -0.1463 0.9849 -0.0928
vn -0.0680 0.9873 -0.1434
vn -0.1257 0.9857 -0.1120
vn -0.1463 0.9849 -0.0928
vn 0.0033 0.9856 -0.1689
vn -0.0680 0.9873 -0.1434
vn -0.1463 0.9849 -0.0928
vn 0.0043 0.9833 -0.1820
vn 0.0033 0.9856 -0.1689
vn -0.1463 0.9849 -0.0928
vn -0.3521 0.9340 -0.0604
vn 0.0043 0.9833 -0.1820
vn -0.1463 0.9849 -0.0928
vn -0.1563 0.9459 -0.2842
vn -0.3521 0.9340 -0.0604
vn 0.0156 0.9998 0.0142
vn -0.1563 0.9459 -0.2842
vn -0.1463 0.9849 -0.0928
vn -0.2038 0.9790 0.0080
vn 0.0156 0.9998 0.0142
vn -0.1463 0.9849 -0.0928
vn -0.1906 0.9801 0.0551
vn 0.0156 0.9998 0.0142
vn -0.2038 0.9790 0.0080
vn -0.1110 0.9834 0.1437
vn 0.0156 0.9998 0.0142
vn -0.1906 0.9801 0.0551
vn 0.0381 0.9440 0.3278
vn 0.0156 0.9998 0.0142
vn -0.1110 0.9834 0.1437
vn 0.0083 0.8994 0.4370
vn 0.0156 0.9998 0.0142
vn 0.0381 0.9440 0.3278
vn -0.1449 0.9357 0.3216
vn 0.0156 0.9998 0.0142
vn 0.0083 0.8994 0.4370
vn -0.0328 0.9705 0.2388
vn 0.0156 0.9998 0.0142
vn -0.1449 0.9357 0.3216
vn 0.1276 0.9873 0.0947
vn 0.0156 0.9998 0.0142
vn -0.0328 0.9705 0.2388
vn 0.2067 0.9749 0.0834
vn 0.0156 0.9998 0.0142
vn 0.1276 0.9873 0.0947
vn 0.1675 0.9853 0.0347
vn 0.0156 0.9998 0.0142
vn 0.2067 0.9749 0.0834
vn 0.2362 0.9709 -0.0399
vn 0.0156 0.9998 0.0142
vn 0.1675 0.9853 0.0347
vn 0.2129 0.9756 -0.0540
vn 0.0156 0.9998 0.0142
vn 0.2362 0.9709 -0.0399
vn 0.1108 0.9843 -0.1377
vn 0.0156 0.9998 0.0142
vn 0.2129 0.9756 -0.0540
vn 0.0394 0.9848 -0.1693
vn 0.0156 0.9998 0.0142
vn 0.1108 0.9843 -0.1377
vn -0.0400 0.9758 -0.2151
vn 0.0156 0.9998 0.0142
vn 0.0394 0.9848 -0.1693
vn -0.1736 0.9602 -0.2191
vn 0.0156 0.9998 0.0142
vn -0.0400 0.9758 -0.2151
vn -0.1736 0.9602 -0.2191
vn -0.1563 0.9459 -0.2842
vn 0.0156 0.9998 0.0142
vn -0.1736 0.9602 -0.2191
vn -0.1557 0.9585 -0.2390
vn -0.1563 0.9459 -0.2842
vn -0.2663 0.9603 -0.0827
vn -0.1557 0.9585 -0.2390
vn -0.1736 0.9602 -0.2191
vn -0.2663 0.9603 -0.0827
vn 0.4081 0.8272 -0.3862
vn -0.1557 0.9585 -0.2390
vn -0.0000 -1.0000 0.0000
vn -0.0004 -1.0000 0.0002
vn -0.0023 -1.0000 -0.0007
vn -0.0004 -1.0000 0.0002
vn 0.1282 -0.9889 0.0748
vn -0.0023 -1.0000 -0.0007
vn -0.0023 -1.0000 -0.0007
vn 0.1282 -0.9889 0.0748
vn 0.2688 -0.9598 0.0804
vn 0.1282 -0.9889 0.0748
vn 0.1735 -0.9603 0.2185
vn 0.2688 -0.9598 0.0804
vn 0.1282 -0.9889 0.0748
vn 0.1843 -0.9779 0.0988
vn 0.1735 -0.9603 0.2185
vn 0.1843 -0.9779 0.0988
vn 0.0402 -0.9759 0.2146
vn 0.1735 -0.9603 0.2185
vn 0.1843 -0.9779 0.0988
vn 0.1395 -0.9842 0.1085
vn 0.0402 -0.9759 0.2146
vn 0.1395 -0.9842 0.1085
vn 0.0582 -0.9865 0.1533
vn 0.0402 -0.9759 0.2146
vn 0.0582 -0.9865 0.1533
vn 0.0442 -0.9839 0.1731
vn 0.0402 -0.9759 0.2146
vn 0.0402 -0.9759 0.2146
vn 0.0442 -0.9839 0.1731
vn 0.2022 -0.9714 0.1249
vn 0.2022 -0.9714 0.1249
vn 0.2121 -0.9707 0.1133
vn 0.0402 -0.9759 0.2146
vn 0.2121 -0.9707 0.1133
vn 0.1974 -0.9752 0.1001
vn 0.0402 -0.9759 0.2146
vn 0.2121 -0.9707 0.1133
vn 0.2239 -0.9698 0.0972
vn 0.1974 -0.9752 0.1001
vn 0.1974 -0.9752 0.1001
vn 0.2239 -0.9698 0.0972
vn 0.2202 -0.9697 0.1060
vn 0.2202 -0.9697 0.1060
vn 0.2239 -0.9698 0.0972
vn 0.2097 -0.9698 0.1244
vn 0.2058 -0.9693 0.1347
vn 0.2202 -0.9697 0.1060
vn 0.2097 -0.9698 0.1244
vn 0.2097 -0.9698 0.1244
vn 0.2239 -0.9698 0.0972
vn 0.2019 -0.9723 0.1179
vn 0.1974 -0.9752 0.1001
vn 0.0871 -0.9935 0.0727
vn 0.0402 -0.9759 0.2146
vn 0.0871 -0.9935 0.0727
vn -0.0392 -0.9849 0.1689
vn 0.0402 -0.9759 0.2146
vn 0.0871 -0.9935 0.0727
vn 0.0884 -0.9954 0.0360
vn -0.0392 -0.9849 0.1689
vn 0.0282 -0.9992 0.0282
vn -0.0392 -0.9849 0.1689
vn 0.0884 -0.9954 0.0360
vn 0.0464 -0.9986 0.0238
vn 0.0282 -0.9992 0.0282
vn 0.0884 -0.9954 0.0360
vn 0.0291 -0.9994 0.0164
vn 0.0464 -0.9986 0.0238
vn 0.0884 -0.9954 0.0360
vn 0.0282 -0.9992 0.0282
vn -0.0192 -0.9996 0.0188
vn -0.0392 -0.9849 0.1689
vn -0.0192 -0.9996 0.0188
vn -0.0209 -0.9994 0.0259
vn -0.0392 -0.9849 0.1689
vn -0.0209 -0.9994 0.0259
vn -0.1105 -0.9844 0.1372
vn -0.0392 -0.9849 0.1689
vn -0.0209 -0.9994 0.0259
vn -0.0735 -0.9973 0.0058
vn -0.1105 -0.9844 0.1372
vn -0.0735 -0.9973 0.0058
vn -0.2125 -0.9757 0.0537
vn -0.1105 -0.9844 0.1372
vn -0.0735 -0.9973 0.0058
vn -0.1795 -0.9816 -0.0656
vn -0.2125 -0.9757 0.0537
vn -0.1795 -0.9816 -0.0656
vn -0.2188 -0.9716 -0.0900
vn -0.2125 -0.9757 0.0537
vn -0.2188 -0.9716 -0.0900
vn -0.2012 -0.9781 0.0529
vn -0.2125 -0.9757 0.0537
vn -0.2012 -0.9781 0.0529
vn -0.1965 -0.9804 0.0152
vn -0.2125 -0.9757 0.0537
vn -0.1965 -0.9804 0.0152
vn -0.1938 -0.9800 0.0450
vn -0.2125 -0.9757 0.0537
vn -0.1938 -0.9800 0.0450
vn -0.2358 -0.9710 0.0398
vn -0.2125 -0.9757 0.0537
vn -0.1938 -0.9800 0.0450
vn -0.1870 -0.9747 0.1223
vn -0.2358 -0.9710 0.0398
vn -0.1870 -0.9747 0.1223
vn -0.1970 -0.9696 0.1455
vn -0.2358 -0.9710 0.0398
vn -0.1970 -0.9696 0.1455
vn -0.1787 -0.9699 0.1655
vn -0.2358 -0.9710 0.0398
vn -0.1787 -0.9699 0.1655
vn -0.1674 -0.9853 -0.0346
vn -0.2358 -0.9710 0.0398
vn -0.1787 -0.9699 0.1655
vn -0.1534 -0.9701 0.1881
vn -0.1674 -0.9853 -0.0346
vn -0.1534 -0.9701 0.1881
vn -0.1184 -0.9859 0.1181
vn -0.1674 -0.9853 -0.0346
vn -0.1184 -0.9859 0.1181
vn -0.0588 -0.9979 0.0271
vn -0.1674 -0.9853 -0.0346
vn -0.0588 -0.9979 0.0271
vn -0.2054 -0.9751 -0.0831
vn -0.1674 -0.9853 -0.0346
vn -0.0588 -0.9979 0.0271
vn -0.0091 -0.9993 -0.0354
vn -0.2054 -0.9751 -0.0831
vn -0.0091 -0.9993 -0.0354
vn -0.0181 -0.9994 -0.0298
vn -0.2054 -0.9751 -0.0831
vn -0.2054 -0.9751 -0.0831
vn -0.0181 -0.9994 -0.0298
vn -0.1274 -0.9873 -0.0948
vn -0.0181 -0.9994 -0.0298
vn 0.0678 -0.9927 -0.0994
vn -0.1274 -0.9873 -0.0948
vn -0.0181 -0.9994 -0.0298
vn 0.0752 -0.9964 -0.0380
vn 0.0678 -0.9927 -0.0994
vn 0.0706 -0.9966 -0.0432
vn 0.0678 -0.9927 -0.0994
vn 0.0752 -0.9964 -0.0380
vn 0.0678 -0.9927 -0.0994
vn 0.1095 -0.9736 -0.2003
vn -0.1274 -0.9873 -0.0948
vn 0.1095 -0.9736 -0.2003
vn 0.0329 -0.9706 -0.2386
vn -0.1274 -0.9873 -0.0948
vn 0.1095 -0.9736 -0.2003
vn 0.1332 -0.9618 -0.2393
vn 0.0329 -0.9706 -0.2386
vn 0.1332 -0.9618 -0.2393
vn 0.1289 -0.9620 -0.2406
vn 0.0329 -0.9706 -0.2386
vn 0.1289 -0.9620 -0.2406
vn 0.1665 -0.9545 -0.2475
vn 0.0329 -0.9706 -0.2386
vn 0.1665 -0.9545 -0.2475
vn 0.1448 -0.9361 -0.3204
vn 0.0329 -0.9706 -0.2386
vn 0.1665 -0.9545 -0.2475
vn 0.2548 -0.9266 -0.2767
vn 0.1448 -0.9361 -0.3204
vn 0.2548 -0.9266 -0.2767
vn 0.1522 -0.9551 -0.2541
vn 0.1448 -0.9361 -0.3204
vn 0.1522 -0.9551 -0.2541
vn -0.0066 -0.9009 -0.4339
vn 0.1448 -0.9361 -0.3204
vn 0.1522 -0.9551 -0.2541
vn -0.0428 -0.9498 -0.3100
vn -0.0066 -0.9009 -0.4339
vn -0.0428 -0.9498 -0.3100
vn -0.0385 -0.9441 -0.3274
vn -0.0066 -0.9009 -0.4339
vn -0.0428 -0.9498 -0.3100
vn -0.1630 -0.9277 -0.3358
vn -0.0385 -0.9441 -0.3274
vn -0.1630 -0.9277 -0.3358
vn -0.0964 -0.9438 -0.3162
vn -0.0385 -0.9441 -0.3274
vn -0.0964 -0.9438 -0.3162
vn -0.0476 -0.9710 -0.2343
vn -0.0385 -0.9441 -0.3274
vn -0.0476 -0.9710 -0.2343
vn 0.1106 -0.9834 -0.1439
vn -0.0385 -0.9441 -0.3274
vn -0.0476 -0.9710 -0.2343
vn -0.0215 -0.9826 -0.1846
vn 0.1106 -0.9834 -0.1439
vn -0.0215 -0.9826 -0.1846
vn 0.1084 -0.9938 -0.0243
vn 0.1106 -0.9834 -0.1439
vn 0.1084 -0.9938 -0.0243
vn 0.1903 -0.9802 -0.0550
vn 0.1106 -0.9834 -0.1439
vn 0.1084 -0.9938 -0.0243
vn 0.2050 -0.9700 0.1307
vn 0.1903 -0.9802 -0.0550
vn 0.2050 -0.9700 0.1307
vn 0.2054 -0.9779 0.0395
vn 0.1903 -0.9802 -0.0550
vn 0.2054 -0.9779 0.0395
vn 0.2036 -0.9790 -0.0080
vn 0.1903 -0.9802 -0.0550
vn 0.2054 -0.9779 0.0395
vn 0.2040 -0.9784 -0.0344
vn 0.2036 -0.9790 -0.0080
vn 0.2040 -0.9784 -0.0344
vn 0.2058 -0.9774 -0.0478
vn 0.2036 -0.9790 -0.0080
vn 0.2058 -0.9774 -0.0478
vn 0.2026 -0.9783 -0.0425
vn 0.2036 -0.9790 -0.0080
vn 0.2026 -0.9783 -0.0425
vn 0.1865 -0.9825 -0.0028
vn 0.2036 -0.9790 -0.0080
vn 0.1865 -0.9825 -0.0028
vn 0.1459 -0.9849 0.0931
vn 0.2036 -0.9790 -0.0080
vn 0.1865 -0.9825 -0.0028
vn 0.1457 -0.9877 0.0566
vn 0.1459 -0.9849 0.0931
vn 0.1457 -0.9877 0.0566
vn 0.0789 -0.9855 0.1502
vn 0.1459 -0.9849 0.0931
vn 0.0789 -0.9855 0.1502
vn 0.0981 -0.9849 0.1430
vn 0.1459 -0.9849 0.0931
vn 0.0981 -0.9849 0.1430
vn 0.1258 -0.9857 0.1119
vn 0.1459 -0.9849 0.0931
vn 0.1258 -0.9857 0.1119
vn 0.0680 -0.9873 0.1433
vn 0.1459 -0.9849 0.0931
vn 0.0680 -0.9873 0.1433
vn -0.0034 -0.9857 0.1688
vn 0.1459 -0.9849 0.0931
vn -0.0034 -0.9857 0.1688
vn -0.0047 -0.9833 0.1818
vn 0.1459 -0.9849 0.0931
vn -0.0047 -0.9833 0.1818
vn 0.3584 -0.9316 0.0607
vn 0.1459 -0.9849 0.0931
vn 0.3584 -0.9316 0.0607
vn 0.1565 -0.9465 0.2822
vn 0.1459 -0.9849 0.0931
vn 0.1459 -0.9849 0.0931
vn 0.1565 -0.9465 0.2822
vn -0.0158 -0.9998 -0.0139
vn 0.1459 -0.9849 0.0931
vn -0.0158 -0.9998 -0.0139
vn 0.2036 -0.9790 -0.0080
vn 0.2036 -0.9790 -0.0080
vn -0.0158 -0.9998 -0.0139
vn 0.1903 -0.9802 -0.0550
vn 0.1903 -0.9802 -0.0550
vn -0.0158 -0.9998 -0.0139
vn 0.1106 -0.9834 -0.1439
vn 0.1106 -0.9834 -0.1439
vn -0.0158 -0.9998 -0.0139
vn -0.0385 -0.9441 -0.3274
vn -0.0385 -0.9441 -0.3274
vn -0.0158 -0.9998 -0.0139
vn -0.0066 -0.9009 -0.4339
vn -0.0066 -0.9009 -0.4339
vn -0.0158 -0.9998 -0.0139
vn 0.1448 -0.9361 -0.3204
vn 0.1448 -0.9361 -0.3204
vn -0.0158 -0.9998 -0.0139
vn 0.0329 -0.9706 -0.2386
vn 0.0329 -0.9706 -0.2386
vn -0.0158 -0.9998 -0.0139
vn -0.1274 -0.9873 -0.0948
vn -0.1274 -0.9873 -0.0948
vn -0.0158 -0.9998 -0.0139
vn -0.2054 -0.9751 -0.0831
vn -0.2054 -0.9751 -0.0831
vn -0.0158 -0.9998 -0.0139
vn -0.1674 -0.9853 -0.0346
vn -0.1674 -0.9853 -0.0346
vn -0.0158 -0.9998 -0.0139
vn -0.2358 -0.9710 0.0398
vn -0.2358 -0.9710 0.0398
vn -0.0158 -0.9998 -0.0139
vn -0.2125 -0.9757 0.0537
vn -0.2125 -0.9757 0.0537
vn -0.0158 -0.9998 -0.0139
vn -0.1105 -0.9844 0.1372
vn -0.1105 -0.9844 0.1372
vn -0.0158 -0.9998 -0.0139
vn -0.0392 -0.9849 0.1689
vn -0.0392 -0.9849 0.1689
vn -0.0158 -0.9998 -0.0139
vn 0.0402 -0.9759 0.2146
vn 0.0402 -0.9759 0.2146
vn -0.0158 -0.9998 -0.0139
vn 0.1735 -0.9603 0.2185
vn -0.0158 -0.9998 -0.0139
vn 0.1565 -0.9465 0.2822
vn 0.1735 -0.9603 0.2185
vn 0.1565 -0.9465 0.2822
vn 0.1607 -0.9580 0.2376
vn 0.1735 -0.9603 0.2185
vn 0.1735 -0.9603 0.2185
vn 0.1607 -0.9580 0.2376
vn 0.2688 -0.9598 0.0804
vn 0.1607 -0.9580 0.2376
vn -0.4808 -0.7821 0.3965
vn 0.2688 -0.9598 0.0804
vn 0.3434 0.0157 0.9391
vn 0.9976 0.0000 -0.0691
vn 0.9976 0.0000 -0.0691
vn 0.9976 0.0000 -0.0691
vn 0.3433 0.0157 0.9391
vn 0.3434 0.0157 0.9391
vn 0.9976 0.0000 -0.0691
vn 0.7772 0.0504 -0.6272
vn 0.7773 0.0504 -0.6271
vn 0.7773 0.0504 -0.6271
vn 0.9976 0.0000 -0.0691
vn 0.9976 0.0000 -0.0691
vn 0.2942 0.1089 0.9495
vn 0.3434 0.0157 0.9391
vn 0.3433 0.0157 0.9391
vn 0.3433 0.0157 0.9391
vn 0.3479 0.1180 0.9301
vn 0.2942 0.1089 0.9495
vn 0.7772 0.0504 -0.6272
vn 0.9685 0.0048 -0.2489
vn 0.9640 0.0116 -0.2655
vn 0.9640 0.0116 -0.2655
vn 0.7773 0.0504 -0.6271
vn 0.7772 0.0504 -0.6272
vn 0.8581 0.1841 0.4794
vn 0.2942 0.1089 0.9495
vn 0.3479 0.1180 0.9301
vn 0.3479 0.1180 0.9301
vn 0.8587 0.1841 0.4783
vn 0.8581 0.1841 0.4794
vn 0.8102 0.1842 0.5565
vn 0.8581 0.1841 0.4794
vn 0.8587 0.1841 0.4783
vn 0.8587 0.1841 0.4783
vn 0.8129 0.1843 0.5525
vn 0.8102 0.1842 0.5565
vn -0.0007 0.1649 0.9863
vn 0.8102 0.1842 0.5565
vn 0.8129 0.1843 0.5525
vn 0.8129 0.1843 0.5525
vn -0.0072 0.1645 0.9863
vn -0.0007 0.1649 0.9863
vn -0.2640 0.1404 0.9542
vn -0.0007 0.1649 0.9863
vn -0.0072 0.1645 0.9863
vn -0.0072 0.1645 0.9863
vn -0.2884 0.1383 0.9475
vn -0.2640 0.1404 0.9542
vn -0.2219 0.0845 0.9714
vn -0.2640 0.1404 0.9542
vn -0.2884 0.1383 0.9475
vn -0.2884 0.1383 0.9475
vn -0.2220 0.0844 0.9714
vn -0.2219 0.0845 0.9714
vn 0.1110 0.1432 0.9835
vn -0.2219 0.0845 0.9714
vn -0.2220 0.0844 0.9714
vn -0.2220 0.0844 0.9714
vn 0.0938 0.1398 0.9857
vn 0.1110 0.1432 0.9835
vn 0.9479 0.2331 0.2172
vn 0.1110 0.1432 0.9835
vn 0.0938 0.1398 0.9857
vn 0.0938 0.1398 0.9857
vn 0.9463 0.2335 0.2235
vn 0.9479 0.2331 0.2172
vn -0.9665 -0.1598 0.2010
vn -0.9497 -0.2314 -0.2109
vn -0.9496 -0.2315 -0.2113
vn -0.9496 -0.2315 -0.2113
vn -0.9630 -0.1555 0.2200
vn -0.9665 -0.1598 0.2010
vn -0.9497 -0.2314 -0.2109
vn -0.9249 -0.1529 0.3481
vn -0.9249 -0.1529 0.3480
vn -0.9249 -0.1529 0.3480
vn -0.9496 -0.2315 -0.2113
vn -0.9497 -0.2314 -0.2109
vn -0.9249 -0.1529 0.3481
vn -0.1994 0.0831 0.9764
vn -0.2005 0.0828 0.9762
vn -0.2005 0.0828 0.9762
vn -0.9249 -0.1529 0.3480
vn -0.9249 -0.1529 0.3481
vn 0.8341 0.2474 0.4931
vn 0.9479 0.2331 0.2172
vn 0.9463 0.2335 0.2235
vn 0.9463 0.2335 0.2235
vn 0.8341 0.2474 0.4931
vn 0.8341 0.2474 0.4931
vn -0.1994 0.0831 0.9764
vn 0.8341 0.2474 0.4931
vn 0.8341 0.2474 0.4931
vn 0.8341 0.2474 0.4931
vn -0.2005 0.0828 0.9762
vn -0.1994 0.0831 0.9764
vn -0.5259 -0.0171 0.8504
vn -0.9665 -0.1598 0.2010
vn -0.9630 -0.1555 0.2200
vn -0.9630 -0.1555 0.2200
vn -0.5447 -0.0202 0.8384
vn -0.5259 -0.0171 0.8504
vn 0.6516 0.0759 0.7547
vn -0.5259 -0.0171 0.8504
vn -0.5447 -0.0202 0.8384
vn -0.5447 -0.0202 0.8384
vn 0.6167 0.0754 0.7836
vn 0.6516 0.0759 0.7547
vn -0.5439 0.0134 0.8390
vn 0.0178 0.0239 0.9996
vn 0.0168 0.0239 0.9996
vn 0.0168 0.0239 0.9996
vn -0.5461 0.0134 0.8376
vn -0.5439 0.0134 0.8390
vn 0.0178 0.0239 0.9996
vn 0.7866 0.0550 0.6150
vn 0.7866 0.0550 0.6150
vn 0.7866 0.0550 0.6150
vn 0.0168 0.0239 0.9996
vn 0.0178 0.0239 0.9996
vn 0.7866 0.0550 0.6150
vn 0.6516 0.0759 0.7547
vn 0.6167 0.0754 0.7836
vn 0.6167 0.0754 0.7836
vn 0.7866 0.0550 0.6150
vn 0.7866 0.0550 0.6150
vn -0.7076 0.0214 0.7063
vn -0.5439 0.0134 0.8390
vn -0.5461 0.0134 0.8376
vn -0.5461 0.0134 0.8376
vn -0.7076 0.0214 0.7063
vn -0.7076 0.0214 0.7063
vn -0.7341 0.0390 0.6780
vn -0.7076 0.0214 0.7063
vn -0.7076 0.0214 0.7063
vn -0.7076 0.0214 0.7063
vn -0.7345 0.0390 0.6775
vn -0.7341 0.0390 0.6780
vn -0.6878 0.0478 0.7244
vn -0.7341 0.0390 0.6780
vn -0.7345 0.0390 0.6775
vn -0.7345 0.0390 0.6775
vn -0.6862 0.0478 0.7258
vn -0.6878 0.0478 0.7244
vn -0.5871 0.0546 0.8077
vn -0.6878 0.0478 0.7244
vn -0.6862 0.0478 0.7258
vn -0.6862 0.0478 0.7258
vn -0.5870 0.0546 0.8078
vn -0.5871 0.0546 0.8077
vn -0.7879 0.1300 0.6019
vn -0.5871 0.0546 0.8077
vn -0.5870 0.0546 0.8078
vn -0.5870 0.0546 0.8078
vn -0.7883 0.1302 0.6014
vn -0.7879 0.1300 0.6019
vn -0.8292 0.1824 0.5283
vn -0.7879 0.1300 0.6019
vn -0.7883 0.1302 0.6014
vn -0.7883 0.1302 0.6014
vn -0.8252 0.1820 0.5347
vn -0.8292 0.1824 0.5283
vn -0.9570 0.2004 0.2099
vn -0.8292 0.1824 0.5283
vn -0.8252 0.1820 0.5347
vn -0.8252 0.1820 0.5347
vn -0.9561 0.2004 0.2140
vn -0.9570 0.2004 0.2099
vn -0.9632 0.2135 0.1636
vn -0.9570 0.2004 0.2099
vn -0.9561 0.2004 0.2140
vn -0.9561 0.2004 0.2140
vn -0.9620 0.2137 0.1700
vn -0.9632 0.2135 0.1636
vn -0.8974 0.2132 0.3862
vn -0.9632 0.2135 0.1636
vn -0.9620 0.2137 0.1700
vn -0.9620 0.2137 0.1700
vn -0.8971 0.2132 0.3869
vn -0.8974 0.2132 0.3862
vn -0.9809 0.1775 -0.0796
vn -0.8974 0.2132 0.3862
vn -0.8971 0.2132 0.3869
vn -0.8971 0.2132 0.3869
vn -0.9809 0.1774 -0.0804
vn -0.9809 0.1775 -0.0796
vn -0.8562 0.0677 -0.5121
vn -0.9809 0.1775 -0.0796
vn -0.9809 0.1774 -0.0804
vn -0.9809 0.1774 -0.0804
vn -0.8579 0.0687 -0.5092
vn -0.8562 0.0677 -0.5121
vn -0.8558 0.0413 -0.5157
vn -0.8562 0.0677 -0.5121
vn -0.8579 0.0687 -0.5092
vn -0.8579 0.0687 -0.5092
vn -0.8561 0.0415 -0.5152
vn -0.8558 0.0413 -0.5157
vn -0.8744 0.0536 -0.4822
vn -0.8558 0.0413 -0.5157
vn -0.8561 0.0415 -0.5152
vn -0.8561 0.0415 -0.5152
vn -0.8745 0.0537 -0.4821
vn -0.8744 0.0536 -0.4822
vn -0.4795 0.0170 -0.8774
vn -0.8744 0.0536 -0.4822
vn -0.8745 0.0537 -0.4821
vn -0.8745 0.0537 -0.4821
vn -0.4755 0.0169 -0.8796
vn -0.4795 0.0170 -0.8774
vn -0.3657 0.0224 -0.9305
vn -0.4795 0.0170 -0.8774
vn -0.4755 0.0169 -0.8796
vn -0.4755 0.0169 -0.8796
vn -0.3643 0.0223 -0.9310
vn -0.3657 0.0224 -0.9305
vn -0.9720 -0.0041 -0.2348
vn -0.3657 0.0224 -0.9305
vn -0.3643 0.0223 -0.9310
vn -0.3643 0.0223 -0.9310
vn -0.9672 -0.0029 -0.2540
vn -0.9720 -0.0041 -0.2348
vn -0.9903 -0.0547 0.1278
vn -0.9720 -0.0041 -0.2348
vn -0.9672 -0.0029 -0.2540
vn -0.9672 -0.0029 -0.2540
vn -0.9903 -0.0547 0.1274
vn -0.9903 -0.0547 0.1278
vn -0.4828 0.0440 -0.8746
vn -0.6564 0.0027 -0.7544
vn -0.6564 0.0027 -0.7545
vn -0.6564 0.0027 -0.7545
vn -0.5063 0.0422 -0.8613
vn -0.4828 0.0440 -0.8746
vn -0.6564 0.0027 -0.7544
vn -0.9903 -0.0547 0.1278
vn -0.9903 -0.0547 0.1274
vn -0.9903 -0.0547 0.1274
vn -0.6564 0.0027 -0.7545
vn -0.6564 0.0027 -0.7544
vn -0.7353 0.0555 -0.6754
vn -0.4828 0.0440 -0.8746
vn -0.5063 0.0422 -0.8613
vn -0.5063 0.0422 -0.8613
vn -0.7343 0.0559 -0.6765
vn -0.7353 0.0555 -0.6754
vn -0.3139 0.1841 -0.9314
vn -0.7353 0.0555 -0.6754
vn -0.7343 0.0559 -0.6765
vn -0.7343 0.0559 -0.6765
vn -0.3138 0.1841 -0.9315
vn -0.3139 0.1841 -0.9314
vn 0.2237 0.2703 -0.9364
vn -0.3139 0.1841 -0.9314
vn -0.3138 0.1841 -0.9315
vn -0.3138 0.1841 -0.9315
vn 0.2234 0.2703 -0.9365
vn 0.2237 0.2703 -0.9364
vn 0.6009 0.3138 -0.7352
vn 0.2237 0.2703 -0.9364
vn 0.2234 0.2703 -0.9365
vn 0.2234 0.2703 -0.9365
vn 0.6079 0.3146 -0.7291
vn 0.6009 0.3138 -0.7352
vn 0.5286 0.3368 -0.7792
vn 0.6009 0.3138 -0.7352
vn 0.6079 0.3146 -0.7291
vn 0.6079 0.3146 -0.7291
vn 0.5455 0.3372 -0.7673
vn 0.5286 0.3368 -0.7792
vn 0.4899 0.2867 -0.8233
vn 0.5286 0.3368 -0.7792
vn 0.5455 0.3372 -0.7673
vn 0.5455 0.3372 -0.7673
vn 0.4898 0.2867 -0.8233
vn 0.4899 0.2867 -0.8233
vn 0.1026 0.3626 -0.9263
vn 0.4899 0.2867 -0.8233
vn 0.4898 0.2867 -0.8233
vn 0.4898 0.2867 -0.8233
vn 0.0480 0.3661 -0.9294
vn 0.1026 0.3626 -0.9263
vn -0.4543 0.3404 -0.8232
vn 0.1026 0.3626 -0.9263
vn 0.0480 0.3661 -0.9294
vn 0.0480 0.3661 -0.9294
vn -0.4573 0.3401 -0.8217
vn -0.4543 0.3404 -0.8232
vn -0.2318 0.3190 -0.9190
vn -0.4543 0.3404 -0.8232
vn -0.4573 0.3401 -0.8217
vn -0.4573 0.3401 -0.8217
vn -0.2327 0.3193 -0.9186
vn -0.2318 0.3190 -0.9190
vn 0.0977 0.2415 -0.9655
vn -0.2318 0.3190 -0.9190
vn -0.2327 0.3193 -0.9186
vn -0.2327 0.3193 -0.9186
vn 0.0929 0.2425 -0.9657
vn 0.0977 0.2415 -0.9655
vn 0.4177 0.1516 -0.8958
vn 0.0977 0.2415 -0.9655
vn 0.0929 0.2425 -0.9657
vn 0.0929 0.2425 -0.9657
vn 0.4168 0.1519 -0.8962
vn 0.4177 0.1516 -0.8958
vn 0.7211 0.1172 -0.6829
vn 0.4177 0.1516 -0.8958
vn 0.4168 0.1519 -0.8962
vn 0.4168 0.1519 -0.8962
vn 0.7192 0.1172 -0.6848
vn 0.7211 0.1172 -0.6829
vn 0.9385 0.1563 -0.3080
vn 0.7211 0.1172 -0.6829
vn 0.7192 0.1172 -0.6848
vn 0.7192 0.1172 -0.6848
vn 0.9383 0.1562 -0.3084
vn 0.9385 0.1563 -0.3080
vn 0.9096 0.1843 -0.3724
vn 0.9385 0.1563 -0.3080
vn 0.9383 0.1562 -0.3084
vn 0.9383 0.1562 -0.3084
vn 0.9064 0.1838 -0.3804
vn 0.9096 0.1843 -0.3724
vn 0.9109 0.1924 -0.3650
vn 0.9096 0.1843 -0.3724
vn 0.9064 0.1838 -0.3804
vn 0.9064 0.1838 -0.3804
vn 0.9108 0.1923 -0.3654
vn 0.9109 0.1924 -0.3650
vn 0.9554 0.2093 -0.2083
vn 0.9109 0.1924 -0.3650
vn 0.9108 0.1923 -0.3654
vn 0.9108 0.1923 -0.3654
vn 0.9553 0.2093 -0.2087
vn 0.9554 0.2093 -0.2083
vn 0.9791 0.2031 -0.0035
vn 0.9554 0.2093 -0.2083
vn 0.9553 0.2093 -0.2087
vn 0.9553 0.2093 -0.2087
vn 0.9791 0.2031 -0.0039
vn 0.9791 0.2031 -0.0035
vn 0.8745 0.1664 0.4556
vn 0.9791 0.2031 -0.0035
vn 0.9791 0.2031 -0.0039
vn 0.9791 0.2031 -0.0039
vn 0.8747 0.1665 0.4552
vn 0.8745 0.1664 0.4556
vn 0.6497 0.1504 0.7452
vn 0.8745 0.1664 0.4556
vn 0.8747 0.1665 0.4552
vn 0.8747 0.1665 0.4552
vn 0.6478 0.1503 0.7468
vn 0.6497 0.1504 0.7452
vn 0.3345 0.1550 0.9296
vn 0.6497 0.1504 0.7452
vn 0.6478 0.1503 0.7468
vn 0.6478 0.1503 0.7468
vn 0.3324 0.1551 0.9303
vn 0.3345 0.1550 0.9296
vn 0.5864 0.1771 0.7904
vn 0.3345 0.1550 0.9296
vn 0.3324 0.1551 0.9303
vn 0.3324 0.1551 0.9303
vn 0.5836 0.1771 0.7925
vn 0.5864 0.1771 0.7904
vn 0.7568 0.1631 0.6330
vn 0.5864 0.1771 0.7904
vn 0.5836 0.1771 0.7925
vn 0.5836 0.1771 0.7925
vn 0.7577 0.1631 0.6318
vn 0.7568 0.1631 0.6330
vn 0.4276 0.1632 0.8891
vn 0.7568 0.1631 0.6330
vn 0.7577 0.1631 0.6318
vn 0.7577 0.1631 0.6318
vn 0.4278 0.1632 0.8890
vn 0.4276 0.1632 0.8891
vn -0.0756 0.1699 0.9826
vn 0.4276 0.1632 0.8891
vn 0.4278 0.1632 0.8890
vn 0.4278 0.1632 0.8890
vn -0.0796 0.1699 0.9822
vn -0.0756 0.1699 0.9826
vn -0.6858 0.0292 0.7272
vn -0.0756 0.1699 0.9826
vn -0.0796 0.1699 0.9822
vn -0.0796 0.1699 0.9822
vn -0.6696 0.0379 0.7417
vn -0.6858 0.0292 0.7272
vn -0.7712 -0.0635 0.6334
vn -0.6858 0.0292 0.7272
vn -0.6696 0.0379 0.7417
vn -0.6696 0.0379 0.7417
vn -0.7507 -0.0573 0.6582
vn -0.7712 -0.0635 0.6334
vn 0.4307 0.0772 0.8992
vn -0.7712 -0.0635 0.6334
vn -0.7507 -0.0573 0.6582
vn -0.7507 -0.0573 0.6582
vn 0.7506 0.0936 0.6541
vn 0.4307 0.0772 0.8992
vn 0.9064 -0.1208 -0.4048
vn 0.4307 0.0772 0.8992
vn 0.7506 0.0936 0.6541
vn 0.7506 0.0936 0.6541
vn 0.9137 -0.0964 -0.3948
vn 0.9064 -0.1208 -0.4048
vn 0.9685 0.0048 -0.2489
vn 0.9493 -0.1892 -0.2512
vn 0.9493 -0.1892 -0.2511
vn 0.9493 -0.1892 -0.2511
vn 0.9640 0.0116 -0.2655
vn 0.9685 0.0048 -0.2489
vn 0.9493 -0.1892 -0.2512
vn 0.9064 -0.1208 -0.4048
vn 0.9137 -0.0964 -0.3948
vn 0.9137 -0.0964 -0.3948
vn 0.9493 -0.1892 -0.2511
vn 0.9493 -0.1892 -0.2512
# 1044 vertex normals

vt 0.8965 0.1523 0.0000
vt 0.8911 0.1465 0.0000
vt 0.8843 0.1626 0.0000
vt 0.8750 0.1489 0.0000
vt 0.8765 0.1768 0.0000
vt 0.8516 0.1982 0.0000
vt 0.8706 0.1436 0.0000
vt 0.8301 0.1934 0.0000
vt 0.8682 0.1348 0.0000
vt 0.8589 0.1279 0.0000
vt 0.8462 0.1372 0.0000
vt 0.8379 0.1362 0.0000
vt 0.8325 0.1392 0.0000
vt 0.8184 0.1421 0.0000
vt 0.8281 0.1348 0.0000
vt 0.8179 0.1367 0.0000
vt 0.8242 0.1265 0.0000
vt 0.8159 0.1313 0.0000
vt 0.8306 0.1279 0.0000
vt 0.8145 0.1494 0.0000
vt 0.8042 0.1997 0.0000
vt 0.8052 0.1499 0.0000
vt 0.7891 0.1426 0.0000
vt 0.8003 0.1392 0.0000
vt 0.8042 0.1406 0.0000
vt 0.7813 0.1514 0.0000
vt 0.7681 0.1636 0.0000
vt 0.7925 0.2085 0.0000
vt 0.7583 0.1763 0.0000
vt 0.7764 0.2246 0.0000
vt 0.7441 0.1860 0.0000
vt 0.7251 0.2012 0.0000
vt 0.7188 0.2183 0.0000
vt 0.7148 0.2227 0.0000
vt 0.7183 0.2329 0.0000
vt 0.7690 0.2466 0.0000
vt 0.7124 0.2402 0.0000
vt 0.7090 0.2617 0.0000
vt 0.7124 0.2744 0.0000
vt 0.7734 0.2646 0.0000
vt 0.7197 0.2817 0.0000
vt 0.7231 0.2930 0.0000
vt 0.7319 0.3037 0.0000
vt 0.7866 0.2764 0.0000
vt 0.7456 0.3052 0.0000
vt 0.7510 0.3091 0.0000
vt 0.7900 0.2891 0.0000
vt 0.7524 0.3301 0.0000
vt 0.7441 0.3232 0.0000
vt 0.7456 0.3301 0.0000
vt 0.7593 0.3413 0.0000
vt 0.8008 0.2998 0.0000
vt 0.7739 0.3521 0.0000
vt 0.7983 0.3506 0.0000
vt 0.8188 0.3408 0.0000
vt 0.8232 0.2939 0.0000
vt 0.8267 0.3301 0.0000
vt 0.8550 0.3218 0.0000
vt 0.8447 0.2813 0.0000
vt 0.8618 0.3154 0.0000
vt 0.8706 0.2920 0.0000
vt 0.8789 0.3281 0.0000
vt 0.8921 0.3335 0.0000
vt 0.9136 0.3364 0.0000
vt 0.8916 0.2822 0.0000
vt 0.9336 0.3306 0.0000
vt 0.9561 0.3169 0.0000
vt 0.9014 0.2637 0.0000
vt 0.9756 0.2793 0.0000
vt 0.9761 0.2705 0.0000
vt 0.9097 0.2383 0.0000
vt 0.9858 0.2568 0.0000
vt 0.9878 0.2402 0.0000
vt 0.9917 0.2285 0.0000
vt 0.9824 0.1978 0.0000
vt 0.9053 0.2227 0.0000
vt 0.9702 0.1812 0.0000
vt 0.9575 0.1738 0.0000
vt 0.9482 0.1724 0.0000
vt 0.9443 0.1646 0.0000
vt 0.9331 0.1558 0.0000
vt 0.9268 0.1543 0.0000
vt 0.9146 0.1597 0.0000
vt 0.8994 0.1904 0.0000
vt 0.8647 0.2168 0.0000
vt 0.8276 0.2476 0.0000
vt 0.8706 0.1992 0.0000
vt 0.8760 0.1904 0.0000
vt 0.0022 0.9864 0.0000
vt 0.0022 0.9918 0.0000
vt 0.0780 0.9864 0.0000
vt 0.0780 0.9918 0.0000
vt 0.1101 0.9864 0.0000
vt 0.1101 0.9918 0.0000
vt 0.1546 0.9864 0.0000
vt 0.1546 0.9918 0.0000
vt 0.2082 0.9864 0.0000
vt 0.2082 0.9918 0.0000
vt 0.2825 0.9864 0.0000
vt 0.2825 0.9918 0.0000
vt 0.0449 0.9862 0.0000
vt 0.0449 0.9920 0.0000
vt 0.0761 0.9862 0.0000
vt 0.0761 0.9920 0.0000
vt 0.1074 0.9862 0.0000
vt 0.1074 0.9920 0.0000
vt 0.1459 0.9862 0.0000
vt 0.1459 0.9920 0.0000
vt 0.1788 0.9862 0.0000
vt 0.1788 0.9920 0.0000
vt 0.2279 0.9862 0.0000
vt 0.2279 0.9920 0.0000
vt 0.2559 0.9862 0.0000
vt 0.2559 0.9920 0.0000
vt 0.2832 0.9862 0.0000
vt 0.2832 0.9920 0.0000
vt 0.0443 0.9862 0.0000
vt 0.0443 0.9920 0.0000
vt 0.0924 0.9862 0.0000
vt 0.0924 0.9920 0.0000
vt 0.1411 0.9862 0.0000
vt 0.1411 0.9920 0.0000
vt 0.1609 0.9862 0.0000
vt 0.1609 0.9920 0.0000
vt 0.2209 0.9862 0.0000
vt 0.2209 0.9920 0.0000
vt 0.2797 0.9862 0.0000
vt 0.2797 0.9920 0.0000
vt 0.3693 0.9862 0.0000
vt 0.3693 0.9920 0.0000
vt 0.0844 0.9862 0.0000
vt 0.0844 0.9920 0.0000
vt 0.1714 0.9862 0.0000
vt 0.1714 0.9920 0.0000
vt 0.2948 0.9862 0.0000
vt 0.2948 0.9920 0.0000
vt 0.3871 0.9862 0.0000
vt 0.3871 0.9920 0.0000
vt 0.0323 0.9862 0.0000
vt 0.0323 0.9920 0.0000
vt 0.0859 0.9862 0.0000
vt 0.0859 0.9920 0.0000
vt 0.1308 0.9862 0.0000
vt 0.1308 0.9920 0.0000
vt 0.2415 0.9862 0.0000
vt 0.2415 0.9920 0.0000
vt 0.0694 0.9862 0.0000
vt 0.0694 0.9919 0.0000
vt 0.1210 0.9862 0.0000
vt 0.1210 0.9919 0.0000
vt 0.1817 0.9862 0.0000
vt 0.1817 0.9919 0.0000
vt 0.2519 0.9862 0.0000
vt 0.2519 0.9919 0.0000
vt 0.3211 0.9862 0.0000
vt 0.3211 0.9919 0.0000
vt 0.0361 0.9862 0.0000
vt 0.0361 0.9919 0.0000
vt 0.1137 0.9862 0.0000
vt 0.1137 0.9919 0.0000
vt 0.1483 0.9862 0.0000
vt 0.1483 0.9919 0.0000
vt 0.1822 0.9862 0.0000
vt 0.1822 0.9919 0.0000
vt 0.2493 0.9862 0.0000
vt 0.2493 0.9919 0.0000
vt 0.0961 0.9862 0.0000
vt 0.0961 0.9920 0.0000
vt 0.2197 0.9862 0.0000
vt 0.2197 0.9920 0.0000
vt 0.3338 0.9862 0.0000
vt 0.3338 0.9920 0.0000
vt 0.0683 0.9862 0.0000
vt 0.0683 0.9920 0.0000
vt 0.2156 0.9862 0.0000
vt 0.2156 0.9920 0.0000
vt 0.2625 0.9862 0.0000
vt 0.2625 0.9920 0.0000
vt 0.1083 0.9862 0.0000
vt 0.1083 0.9919 0.0000
vt 0.1773 0.9862 0.0000
vt 0.1773 0.9919 0.0000
vt 0.2854 0.9862 0.0000
vt 0.2854 0.9919 0.0000
vt 0.1079 0.9862 0.0000
vt 0.1079 0.9919 0.0000
vt 0.2383 0.9862 0.0000
vt 0.2383 0.9919 0.0000
vt 0.2137 0.9862 0.0000
vt 0.2137 0.9919 0.0000
vt 0.2581 0.9862 0.0000
vt 0.2581 0.9919 0.0000
vt 0.3409 0.9862 0.0000
vt 0.3409 0.9919 0.0000
vt 0.0866 0.9862 0.0000
vt 0.0866 0.9919 0.0000
vt 0.1487 0.9862 0.0000
vt 0.1487 0.9919 0.0000
vt 0.3106 0.9862 0.0000
vt 0.3106 0.9919 0.0000
vt 0.1054 0.9862 0.0000
vt 0.1054 0.9920 0.0000
vt 0.1792 0.9862 0.0000
vt 0.1792 0.9920 0.0000
vt 0.2254 0.9862 0.0000
vt 0.2254 0.9920 0.0000
vt 0.2693 0.9862 0.0000
vt 0.2693 0.9920 0.0000
vt 0.3400 0.9862 0.0000
vt 0.3400 0.9920 0.0000
vt 0.0297 0.9865 0.0000
vt 0.0297 0.9913 0.0000
vt 0.0852 0.9865 0.0000
vt 0.0852 0.9913 0.0000
vt 0.2335 0.9865 0.0000
vt 0.2335 0.9913 0.0000
vt 0.4063 0.9865 0.0000
vt 0.4063 0.9913 0.0000
vt 0.0929 0.9858 0.0000
vt 0.0929 0.9923 0.0000
vt 0.1430 0.9858 0.0000
vt 0.1430 0.9923 0.0000
vt 0.2146 0.9858 0.0000
vt 0.2146 0.9923 0.0000
vt 0.2922 0.9858 0.0000
vt 0.2922 0.9923 0.0000
vt 0.3681 0.9858 0.0000
vt 0.3681 0.9923 0.0000
vt 0.4057 0.9858 0.0000
vt 0.4057 0.9923 0.0000
vt 0.0022 0.9858 0.0000
vt 0.0022 0.9923 0.0000
vt 0.0022 0.9862 0.0000
vt 0.0022 0.9919 0.0000
vt 0.0022 0.9862 0.0000
vt 0.0022 0.9920 0.0000
vt 0.0022 0.9862 0.0000
vt 0.0022 0.9920 0.0000
vt 0.0022 0.9862 0.0000
vt 0.0022 0.9919 0.0000
vt 0.0022 0.9862 0.0000
vt 0.0022 0.9920 0.0000
vt 0.0022 0.9862 0.0000
vt 0.0022 0.9920 0.0000
vt 0.0022 0.9862 0.0000
vt 0.0022 0.9920 0.0000
vt 0.0022 0.9862 0.0000
vt 0.0022 0.9920 0.0000
vt 0.0022 0.9862 0.0000
vt 0.0022 0.9920 0.0000
vt 0.0022 0.9862 0.0000
vt 0.0022 0.9919 0.0000
vt 0.0022 0.9862 0.0000
vt 0.0022 0.9919 0.0000
vt 0.0022 0.9865 0.0000
vt 0.0022 0.9913 0.0000
vt 0.0022 0.9862 0.0000
vt 0.0022 0.9919 0.0000
vt 0.0022 0.9862 0.0000
vt 0.0022 0.9919 0.0000
# 260 texture coords

o SM_Coral_Table_Acropora_03_LOD0
g SM_Coral_Table_Acropora_03_LOD0
usemtl MAT_Coral_Table
s 64
f 30/3/1 13/2/2 14/1/3 
f 30/3/4 12/4/5 13/2/6 
f 84/5/7 12/4/8 30/3/9 
f 84/5/10 82/6/11 12/4/12 
f 82/6/13 31/7/14 12/4/15 
f 82/6/16 39/8/17 31/7/18 
f 39/8/19 32/9/20 31/7/21 
f 39/8/22 2/10/23 32/9/24 
f 39/8/25 1/11/26 2/10/27 
f 33/12/28 1/11/29 39/8/30 
f 39/8/31 34/13/32 33/12/33 
f 39/8/34 35/14/35 34/13/36 
f 35/14/37 38/15/38 34/13/39 
f 36/16/40 38/15/41 35/14/42 
f 20/17/43 38/15/44 36/16/45 
f 20/17/46 36/16/47 37/18/48 
f 21/19/49 38/15/50 20/17/51 
f 39/8/52 23/20/53 35/14/54 
f 39/8/55 42/21/56 23/20/57 
f 42/21/58 88/22/59 23/20/60 
f 88/22/61 42/21/62 86/23/63 
f 88/22/64 86/23/65 40/24/66 
f 88/22/67 40/24/68 87/25/69 
f 42/21/70 41/26/71 86/23/72 
f 42/21/73 43/27/74 41/26/75 
f 42/21/76 44/28/77 43/27/78 
f 44/28/79 45/29/80 43/27/81 
f 44/28/82 49/30/83 45/29/84 
f 49/30/85 3/31/86 45/29/87 
f 49/30/88 4/32/89 3/31/90 
f 49/30/91 46/33/92 4/32/93 
f 49/30/94 47/34/95 46/33/96 
f 49/30/97 48/35/98 47/34/99 
f 49/30/100 51/36/101 48/35/102 
f 51/36/103 50/37/104 48/35/105 
f 51/36/106 22/38/107 50/37/108 
f 51/36/109 52/39/110 22/38/111 
f 51/36/112 54/40/113 52/39/114 
f 54/40/115 53/41/116 52/39/117 
f 54/40/118 5/42/119 53/41/120 
f 54/40/121 55/43/122 5/42/123 
f 54/40/124 81/44/125 55/43/126 
f 81/44/127 56/45/128 55/43/129 
f 81/44/130 57/46/131 56/45/132 
f 60/47/133 57/46/134 81/44/135 
f 60/47/136 58/48/137 57/46/138 
f 58/48/139 59/49/140 57/46/141 
f 59/49/142 58/48/143 6/50/144 
f 60/47/145 7/51/146 58/48/147 
f 60/47/148 80/52/149 7/51/150 
f 80/52/151 24/53/152 7/51/153 
f 80/52/154 61/54/155 24/53/156 
f 80/52/157 25/55/158 61/54/159 
f 80/52/160 79/56/161 25/55/162 
f 79/56/163 26/57/164 25/55/165 
f 79/56/166 27/58/167 26/57/168 
f 79/56/169 62/59/170 27/58/171 
f 62/59/172 8/60/173 27/58/174 
f 62/59/175 65/61/176 8/60/177 
f 65/61/178 63/62/179 8/60/180 
f 65/61/181 64/63/182 63/62/183 
f 65/61/184 29/64/185 64/63/186 
f 65/61/187 78/65/188 29/64/189 
f 78/65/190 10/66/191 29/64/192 
f 78/65/193 9/67/194 10/66/195 
f 78/65/196 67/68/197 9/67/198 
f 67/68/199 28/69/200 9/67/201 
f 67/68/202 66/70/203 28/69/204 
f 67/68/205 70/71/206 66/70/207 
f 70/71/208 68/72/209 66/70/210 
f 70/71/211 19/73/212 68/72/213 
f 70/71/214 69/74/215 19/73/216 
f 70/71/217 71/75/218 69/74/219 
f 70/71/220 76/76/221 71/75/222 
f 76/76/223 72/77/224 71/75/225 
f 76/76/226 18/78/227 72/77/228 
f 76/76/229 73/79/230 18/78/231 
f 76/76/232 74/80/233 73/79/234 
f 76/76/235 17/81/236 74/80/237 
f 76/76/238 16/82/239 17/81/240 
f 76/76/241 75/83/242 16/82/243 
f 76/76/244 15/84/245 75/83/246 
f 76/76/247 11/85/248 15/84/249 
f 77/86/250 11/85/251 76/76/252 
f 70/71/253 77/86/254 76/76/255 
f 67/68/256 77/86/257 70/71/258 
f 78/65/259 77/86/260 67/68/261 
f 65/61/262 77/86/263 78/65/264 
f 62/59/265 77/86/266 65/61/267 
f 79/56/268 77/86/269 62/59/270 
f 80/52/271 77/86/272 79/56/273 
f 60/47/274 77/86/275 80/52/276 
f 81/44/277 77/86/278 60/47/279 
f 54/40/280 77/86/281 81/44/282 
f 51/36/283 77/86/284 54/40/285 
f 49/30/286 77/86/287 51/36/288 
f 44/28/289 77/86/290 49/30/291 
f 42/21/292 77/86/293 44/28/294 
f 39/8/295 77/86/296 42/21/297 
f 82/6/298 77/86/299 39/8/300 
f 82/6/301 11/85/302 77/86/303 
f 82/6/304 83/87/305 11/85/306 
f 84/5/307 83/87/308 82/6/309 
f 84/5/310 85/88/311 83/87/312 
f 102/1/313 101/2/314 118/3/315 
f 101/2/316 100/4/317 118/3/318 
f 118/3/319 100/4/320 172/5/321 
f 100/4/322 170/6/323 172/5/324 
f 100/4/325 119/7/326 170/6/327 
f 119/7/328 127/8/329 170/6/330 
f 119/7/331 120/9/332 127/8/333 
f 120/9/334 90/10/335 127/8/336 
f 90/10/337 89/11/338 127/8/339 
f 127/8/340 89/11/341 121/12/342 
f 121/12/343 122/13/344 127/8/345 
f 122/13/346 123/14/347 127/8/348 
f 122/13/349 126/15/350 123/14/351 
f 123/14/352 126/15/353 124/16/354 
f 124/16/355 126/15/356 108/17/357 
f 125/18/358 124/16/359 108/17/360 
f 108/17/361 126/15/362 109/19/363 
f 123/14/364 111/20/365 127/8/366 
f 111/20/367 130/21/368 127/8/369 
f 111/20/370 176/22/371 130/21/372 
f 174/23/373 130/21/374 176/22/375 
f 128/24/376 174/23/377 176/22/378 
f 175/25/379 128/24/380 176/22/381 
f 174/23/382 129/26/383 130/21/384 
f 129/26/385 131/27/386 130/21/387 
f 131/27/388 132/28/389 130/21/390 
f 131/27/391 133/29/392 132/28/393 
f 133/29/394 137/30/395 132/28/396 
f 133/29/397 91/31/398 137/30/399 
f 91/31/400 92/32/401 137/30/402 
f 92/32/403 134/33/404 137/30/405 
f 134/33/406 135/34/407 137/30/408 
f 135/34/409 136/35/410 137/30/411 
f 136/35/412 139/36/413 137/30/414 
f 136/35/415 138/37/416 139/36/417 
f 138/37/418 110/38/419 139/36/420 
f 110/38/421 140/39/422 139/36/423 
f 140/39/424 142/40/425 139/36/426 
f 140/39/427 141/41/428 142/40/429 
f 141/41/430 93/42/431 142/40/432 
f 93/42/433 143/43/434 142/40/435 
f 143/43/436 169/44/437 142/40/438 
f 143/43/439 144/45/440 169/44/441 
f 144/45/442 145/46/443 169/44/444 
f 169/44/445 145/46/446 148/47/447 
f 145/46/448 146/48/449 148/47/450 
f 145/46/451 147/49/452 146/48/453 
f 94/50/454 146/48/455 147/49/456 
f 146/48/457 95/51/458 148/47/459 
f 95/51/460 168/52/461 148/47/462 
f 95/51/463 112/53/464 168/52/465 
f 112/53/466 149/54/467 168/52/468 
f 149/54/469 113/55/470 168/52/471 
f 113/55/472 167/56/473 168/52/474 
f 113/55/475 114/57/476 167/56/477 
f 114/57/478 115/58/479 167/56/480 
f 115/58/481 150/59/482 167/56/483 
f 115/58/484 96/60/485 150/59/486 
f 96/60/487 153/61/488 150/59/489 
f 96/60/490 151/62/491 153/61/492 
f 151/62/493 152/63/494 153/61/495 
f 152/63/496 117/64/497 153/61/498 
f 117/64/499 166/65/500 153/61/501 
f 117/64/502 98/66/503 166/65/504 
f 98/66/505 97/67/506 166/65/507 
f 97/67/508 155/68/509 166/65/510 
f 97/67/511 116/69/512 155/68/513 
f 116/69/514 154/70/515 155/68/516 
f 154/70/517 158/71/518 155/68/519 
f 154/70/520 156/72/521 158/71/522 
f 156/72/523 107/73/524 158/71/525 
f 107/73/526 157/74/527 158/71/528 
f 157/74/529 159/75/530 158/71/531 
f 159/75/532 164/76/533 158/71/534 
f 159/75/535 160/77/536 164/76/537 
f 160/77/538 106/78/539 164/76/540 
f 106/78/541 161/79/542 164/76/543 
f 161/79/544 162/80/545 164/76/546 
f 162/80/547 105/81/548 164/76/549 
f 105/81/550 104/82/551 164/76/552 
f 104/82/553 163/83/554 164/76/555 
f 163/83/556 103/84/557 164/76/558 
f 103/84/559 99/85/560 164/76/561 
f 164/76/562 99/85/563 165/86/564 
f 164/76/565 165/86/566 158/71/567 
f 158/71/568 165/86/569 155/68/570 
f 155/68/571 165/86/572 166/65/573 
f 166/65/574 165/86/575 153/61/576 
f 153/61/577 165/86/578 150/59/579 
f 150/59/580 165/86/581 167/56/582 
f 167/56/583 165/86/584 168/52/585 
f 168/52/586 165/86/587 148/47/588 
f 148/47/589 165/86/590 169/44/591 
f 169/44/592 165/86/593 142/40/594 
f 142/40/595 165/86/596 139/36/597 
f 139/36/598 165/86/599 137/30/600 
f 137/30/601 165/86/602 132/28/603 
f 132/28/604 165/86/605 130/21/606 
f 130/21/607 165/86/608 127/8/609 
f 127/8/610 165/86/611 170/6/612 
f 165/86/613 99/85/614 170/6/615 
f 99/85/616 171/87/617 170/6/618 
f 170/6/619 171/87/620 172/5/621 
f 171/87/622 173/88/623 172/5/624 
s 128
f 101/230/625 102/228/626 14/227/627 
f 14/227/628 13/229/629 101/230/630 
f 102/228/631 118/226/632 30/225/633 
f 30/225/634 14/227/635 102/228/636 
f 100/92/637 101/90/638 13/89/639 
f 13/89/640 12/91/641 100/92/642 
f 118/226/643 172/224/644 84/223/645 
f 84/223/646 30/225/647 118/226/648 
f 119/94/649 100/92/650 12/91/651 
f 12/91/652 31/93/653 119/94/654 
f 120/96/655 119/94/656 31/93/657 
f 31/93/658 32/95/659 120/96/660 
f 90/98/661 120/96/662 32/95/663 
f 32/95/664 2/97/665 90/98/666 
f 89/100/667 90/98/668 2/97/669 
f 2/97/670 1/99/671 89/100/672 
f 121/102/673 89/246/674 1/245/675 
f 1/245/676 33/101/677 121/102/678 
f 122/104/679 121/102/680 33/101/681 
f 33/101/682 34/103/683 122/104/684 
f 126/106/685 122/104/686 34/103/687 
f 34/103/688 38/105/689 126/106/690 
f 123/116/691 124/114/692 36/113/693 
f 36/113/694 35/115/695 123/116/696 
f 124/114/697 125/112/698 37/111/699 
f 37/111/700 36/113/701 124/114/702 
f 125/112/703 108/110/704 20/109/705 
f 20/109/706 37/111/707 125/112/708 
f 109/108/709 126/106/710 38/105/711 
f 38/105/712 21/107/713 109/108/714 
f 108/110/715 109/108/716 21/107/717 
f 21/107/718 20/109/719 108/110/720 
f 111/118/721 123/244/722 35/243/723 
f 35/243/724 23/117/725 111/118/726 
f 176/120/727 111/118/728 23/117/729 
f 23/117/730 88/119/731 176/120/732 
f 174/126/733 128/124/734 40/123/735 
f 40/123/736 86/125/737 174/126/738 
f 128/124/739 175/122/740 87/121/741 
f 87/121/742 40/123/743 128/124/744 
f 175/122/745 176/120/746 88/119/747 
f 88/119/748 87/121/749 175/122/750 
f 129/128/751 174/126/752 86/125/753 
f 86/125/754 41/127/755 129/128/756 
f 131/130/757 129/128/758 41/127/759 
f 41/127/760 43/129/761 131/130/762 
f 133/132/763 131/242/764 43/241/765 
f 43/241/766 45/131/767 133/132/768 
f 91/134/769 133/132/770 45/131/771 
f 45/131/772 3/133/773 91/134/774 
f 92/136/775 91/134/776 3/133/777 
f 3/133/778 4/135/779 92/136/780 
f 134/138/781 92/136/782 4/135/783 
f 4/135/784 46/137/785 134/138/786 
f 135/140/787 134/248/788 46/247/789 
f 46/247/790 47/139/791 135/140/792 
f 136/142/793 135/140/794 47/139/795 
f 47/139/796 48/141/797 136/142/798 
f 138/144/799 136/142/800 48/141/801 
f 48/141/802 50/143/803 138/144/804 
f 110/146/805 138/144/806 50/143/807 
f 50/143/808 22/145/809 110/146/810 
f 140/148/811 110/240/812 22/239/813 
f 22/239/814 52/147/815 140/148/816 
f 141/150/817 140/148/818 52/147/819 
f 52/147/820 53/149/821 141/150/822 
f 93/152/823 141/150/824 53/149/825 
f 53/149/826 5/151/827 93/152/828 
f 143/154/829 93/152/830 5/151/831 
f 5/151/832 55/153/833 143/154/834 
f 144/156/835 143/154/836 55/153/837 
f 55/153/838 56/155/839 144/156/840 
f 145/158/841 144/252/842 56/251/843 
f 56/251/844 57/157/845 145/158/846 
f 147/160/847 145/158/848 57/157/849 
f 57/157/850 59/159/851 147/160/852 
f 146/164/853 94/162/854 6/161/855 
f 6/161/856 58/163/857 146/164/858 
f 94/162/859 147/160/860 59/159/861 
f 59/159/862 6/161/863 94/162/864 
f 95/166/865 146/164/866 58/163/867 
f 58/163/868 7/165/869 95/166/870 
f 112/168/871 95/238/872 7/237/873 
f 7/237/874 24/167/875 112/168/876 
f 149/170/877 112/168/878 24/167/879 
f 24/167/880 61/169/881 149/170/882 
f 113/172/883 149/170/884 61/169/885 
f 61/169/886 25/171/887 113/172/888 
f 114/174/889 113/250/890 25/249/891 
f 25/249/892 26/173/893 114/174/894 
f 115/176/895 114/174/896 26/173/897 
f 26/173/898 27/175/899 115/176/900 
f 96/178/901 115/176/902 27/175/903 
f 27/175/904 8/177/905 96/178/906 
f 151/180/907 96/234/908 8/233/909 
f 8/233/910 63/179/911 151/180/912 
f 152/182/913 151/180/914 63/179/915 
f 63/179/916 64/181/917 152/182/918 
f 117/184/919 152/182/920 64/181/921 
f 64/181/922 29/183/923 117/184/924 
f 98/186/925 117/258/926 29/257/927 
f 29/257/928 10/185/929 98/186/930 
f 97/188/931 98/186/932 10/185/933 
f 10/185/934 9/187/935 97/188/936 
f 116/190/937 97/254/938 9/253/939 
f 9/253/940 28/189/941 116/190/942 
f 154/192/943 116/190/944 28/189/945 
f 28/189/946 66/191/947 154/192/948 
f 156/194/949 154/192/950 66/191/951 
f 66/191/952 68/193/953 156/194/954 
f 107/196/955 156/260/956 68/259/957 
f 68/259/958 19/195/959 107/196/960 
f 157/198/961 107/196/962 19/195/963 
f 19/195/964 69/197/965 157/198/966 
f 159/200/967 157/198/968 69/197/969 
f 69/197/970 71/199/971 159/200/972 
f 160/202/973 159/236/974 71/235/975 
f 71/235/976 72/201/977 160/202/978 
f 106/204/979 160/202/980 72/201/981 
f 72/201/982 18/203/983 106/204/984 
f 161/206/985 106/204/986 18/203/987 
f 18/203/988 73/205/989 161/206/990 
f 162/208/991 161/206/992 73/205/993 
f 73/205/994 74/207/995 162/208/996 
f 105/210/997 162/208/998 74/207/999 
f 74/207/1000 17/209/1001 105/210/1002 
f 104/212/1003 105/256/1004 17/255/1005 
f 17/255/1006 16/211/1007 104/212/1008 
f 163/214/1009 104/212/1010 16/211/1011 
f 16/211/1012 75/213/1013 163/214/1014 
f 103/216/1015 163/214/1016 75/213/1017 
f 75/213/1018 15/215/1019 103/216/1020 
f 99/218/1021 103/216/1022 15/215/1023 
f 15/215/1024 11/217/1025 99/218/1026 
f 171/220/1027 99/232/1028 11/231/1029 
f 11/231/1030 83/219/1031 171/220/1032 
f 172/224/1033 173/222/1034 85/221/1035 
f 85/221/1036 84/223/1037 172/224/1038 
f 173/222/1039 171/220/1040 83/219/1041 
f 83/219/1042 85/221/1043 173/222/1044 
# 348 faces

#
# object SM_Coral_Table_Acropora_03_LOD1
#

v  3.9002 11.2763 -26.4662
v  -11.1079 8.5056 33.8683
v  -34.6788 7.3172 -24.3575
v  16.0128 11.2763 30.3972
v  49.3881 12.6132 3.7574
v  -47.3428 10.8841 5.8002
v  26.6535 10.8820 29.6804
v  22.0151 10.5720 -33.9760
v  -26.6385 10.1779 -39.2285
v  -7.9704 0.0000 -2.9032
v  -7.9642 0.3999 -2.8976
v  -48.1200 9.2280 -12.1590
v  8.9553 9.1120 17.0338
v  41.7982 11.4063 20.2752
v  -16.1315 7.3189 34.4627
v  2.9760 10.8817 38.9163
v  -32.2041 7.0375 21.9066
v  -36.5618 7.4501 -31.5818
v  17.2599 6.8469 17.0786
v  -6.1875 9.3689 34.9459
v  -8.2157 10.9058 -31.7050
v  8.6830 10.8807 31.6206
v  36.7998 9.3202 -27.1171
v  43.9815 12.1425 -10.7817
v  -20.2316 6.7136 10.7654
v  -6.8768 9.5816 38.9380
v  -21.1442 6.1412 -17.3199
v  34.1922 11.2763 23.3451
v  19.0508 7.2205 5.8021
v  -2.0320 7.2205 -14.6819
v  -46.1042 11.2763 2.2482
v  -21.0932 6.5361 -17.2821
v  5.0993 6.8421 8.0347
v  -20.2760 6.3199 10.8205
v  -21.3682 7.0367 33.6612
v  9.9587 10.9052 -31.1696
v  19.1093 6.8266 5.8392
v  -1.4986 10.4404 35.6951
v  -11.9096 8.3337 37.6214
v  -41.3640 7.3173 -22.4310
v  -26.8686 6.4788 -8.8408
v  -26.8016 6.8729 -8.8269
v  -43.6895 9.8389 13.2675
v  7.0197 6.8429 -18.5210
v  22.3696 11.2763 27.7897
v  -15.8095 7.6726 31.0933
v  -45.7006 8.3234 -14.6812
v  -18.1591 11.2612 -38.7568
v  7.0350 7.2205 -18.3899
v  9.2112 10.8922 21.8602
v  -7.1183 7.1288 16.0015
v  -34.1951 7.2219 -31.7064
v  -2.0353 6.8608 -14.8567
v  47.3840 12.6132 -6.1740
v  -7.1023 6.7385 16.0875
v  14.2196 11.2763 32.4277
v  6.1449 11.2763 36.5199
v  -12.4929 7.7712 31.3876
v  46.0658 12.1034 14.5018
v  -7.7272 9.1028 36.4455
v  17.8893 6.8285 -8.4459
v  17.8131 7.2205 -8.4239
v  -49.3093 10.6802 -7.8051
v  -11.0397 11.2763 -35.3268
v  11.8466 10.8763 26.8234
v  32.7880 11.2763 26.0779
v  29.0548 10.0477 -31.7319
v  -31.7008 8.5614 -35.4803
v  1.5738 11.2763 -28.7883
v  -25.8683 6.5715 5.2245
v  -25.7831 6.9617 5.2029
v  -17.2882 6.5604 -21.1586
v  -17.3013 6.9486 -21.0630
v  0.4032 6.8365 14.4343
v  -44.4574 7.4153 -18.6498
v  -48.1066 10.8864 -0.1895
v  -9.1683 9.5581 39.2745
v  -36.9653 6.9187 -29.2404
v  0.3338 7.2205 14.3466
v  -28.7161 7.0366 26.4756
v  -4.4415 10.2573 35.9371
v  7.0553 10.8852 33.3502
v  -36.5826 6.9175 -22.9678
v  43.5904 11.9316 -13.9502
v  37.3898 10.8821 22.8406
v  14.5413 11.2763 -32.7828
v  7.0042 8.6679 14.0208
v  14.4622 6.8272 -15.0648
v  14.4178 7.2205 -15.0073
v  -9.5020 7.2205 -19.1122
v  -9.4440 6.8462 -19.2408
v  28.8984 11.2763 29.0567
v  47.9592 13.0045 -0.3224
v  -28.4611 6.8322 -2.4673
v  -28.3666 7.2205 -2.4832
v  -45.9216 10.8102 7.3463
v  -17.4319 7.6886 34.9194
v  20.7529 6.8289 0.4352
v  20.6714 7.2205 0.4384
v  -37.1619 7.7497 18.4966
v  -22.2716 6.8232 -12.9254
v  -22.3542 6.4332 -12.9588
v  -21.3795 7.4364 33.6498
v  -11.0290 8.1155 33.9084
v  -16.0424 6.5678 13.9236
v  -16.0267 6.9618 13.8558
v  -7.8167 9.4907 36.4066
v  -15.7742 7.2744 31.1078
v  -34.6862 6.9175 -24.3694
v  -34.2221 7.6190 -31.6666
v  8.6317 11.2763 31.5908
v  5.0368 7.2205 7.9210
v  9.1047 11.2763 21.8271
v  -28.7077 7.4364 26.4651
v  -9.0844 9.1702 39.3243
v  11.8466 11.2763 26.8234
v  -6.2723 9.7572 34.9004
v  -32.1747 7.4364 21.9042
v  1.6341 10.8942 -28.8903
v  46.1404 11.7104 14.5007
v  -12.5274 8.1686 31.3586
v  -41.3876 6.9181 -22.4202
v  -46.1818 10.8843 2.2661
v  22.0341 10.9604 -33.8823
v  6.9814 11.2763 33.3107
v  -48.0484 9.6159 -12.2252
v  -31.6570 8.1720 -35.5605
v  -10.9732 10.8945 -35.4258
v  43.8993 12.5336 -10.7974
v  36.8432 8.9227 -27.1268
v  3.8824 10.8966 -26.5907
v  -24.0892 7.4364 30.6093
v  7.0664 8.2845 14.1164
v  -11.2499 8.2195 35.7913
v  -49.3881 10.2924 -7.7469
v  -4.3612 9.8687 35.9872
v  43.6724 11.5436 -13.8981
v  14.5027 10.8988 -32.9093
v  -48.0317 11.2763 -0.2384
v  29.0461 9.6546 -31.8059
v  49.3071 13.0045 3.7744
# 141 vertices

vn 0.1652 0.9857 0.0336
vn 0.0156 0.9998 0.0142
vn 0.2058 0.9751 0.0828
vn 0.1448 -0.9361 -0.3204
vn -0.0158 -0.9998 -0.0139
vn 0.0318 -0.9693 -0.2436
vn -0.0394 0.9761 -0.2137
vn 0.0156 0.9998 0.0142
vn 0.0394 0.9848 -0.1693
vn 0.1903 -0.9802 -0.0550
vn -0.0158 -0.9998 -0.0139
vn 0.1106 -0.9834 -0.1439
vn 0.1084 -0.9938 -0.0243
vn 0.2050 -0.9700 0.1307
vn 0.1903 -0.9802 -0.0550
vn -0.1906 0.9801 0.0551
vn -0.2052 0.9700 -0.1302
vn -0.1085 0.9938 0.0243
vn 0.0405 -0.9757 0.2151
vn -0.0158 -0.9998 -0.0139
vn 0.1735 -0.9603 0.2185
vn -0.0394 0.9761 -0.2137
vn 0.0394 0.9848 -0.1693
vn -0.0863 0.9936 -0.0728
vn 0.0156 0.9998 0.0142
vn -0.1559 0.9473 -0.2799
vn -0.1498 0.9852 -0.0837
vn 0.1480 -0.9843 0.0966
vn 0.1565 -0.9465 0.2822
vn -0.0158 -0.9998 -0.0139
vn -0.1110 0.9834 0.1437
vn -0.1906 0.9801 0.0551
vn -0.1085 0.9938 0.0243
vn -0.0385 -0.9441 -0.3274
vn -0.0158 -0.9998 -0.0139
vn -0.0066 -0.9009 -0.4339
vn 0.1652 0.9857 0.0336
vn 0.2058 0.9751 0.0828
vn 0.0398 0.9990 -0.0219
vn -0.6534 0.1236 -0.7469
vn 0.1390 -0.9555 -0.2600
vn 0.0318 -0.9693 -0.2436
vn -0.2358 -0.9710 0.0398
vn -0.0158 -0.9998 -0.0139
vn -0.2125 -0.9757 0.0537
vn -0.0392 -0.9849 0.1688
vn -0.0158 -0.9998 -0.0139
vn 0.0405 -0.9757 0.2151
vn -0.0328 0.9705 0.2388
vn -0.1437 0.9373 0.3176
vn -0.1328 0.9602 0.2458
vn 0.0385 0.9452 0.3241
vn 0.0477 0.9710 0.2344
vn 0.0689 0.9503 0.3037
vn -0.1870 -0.9747 0.1223
vn -0.1970 -0.9696 0.1455
vn -0.2358 -0.9710 0.0398
vn 0.1652 0.9857 0.0336
vn 0.0398 0.9990 -0.0219
vn -0.8074 0.0453 0.5883
vn -0.1736 0.9602 -0.2191
vn 0.0156 0.9998 0.0142
vn -0.0394 0.9761 -0.2137
vn 0.1161 -0.9810 0.1554
vn 0.0405 -0.9757 0.2151
vn 0.1735 -0.9603 0.2185
vn 0.2070 -0.9744 -0.0881
vn 0.1788 -0.9836 0.0218
vn 0.2044 -0.9789 -0.0080
vn -0.2029 0.9792 0.0078
vn -0.1865 0.9825 0.0028
vn -0.2026 0.9783 0.0425
vn 0.0871 -0.9935 0.0727
vn 0.0771 -0.9955 0.0542
vn -0.0392 -0.9849 0.1688
vn 0.0394 0.9848 -0.1693
vn -0.0649 0.9975 -0.0264
vn -0.0863 0.9936 -0.0728
vn -0.0394 0.9761 -0.2137
vn 0.9383 0.2693 0.2171
vn 0.1064 0.0955 0.9897
vn 0.1161 -0.9810 0.1554
vn -0.6251 -0.0364 0.7797
vn 0.0405 -0.9757 0.2151
vn 0.2070 0.9770 -0.0506
vn 0.0156 0.9998 0.0142
vn 0.2362 0.9709 -0.0399
vn -0.1938 -0.9800 0.0450
vn -0.2358 -0.9710 0.0398
vn -0.2125 -0.9757 0.0537
vn 0.1319 -0.9661 -0.2218
vn 0.5730 0.3119 -0.7579
vn 0.0318 -0.9693 -0.2436
vn 0.1276 0.9873 0.0947
vn -0.0953 0.9875 0.1258
vn -0.0439 0.9960 0.0778
vn -0.1498 0.9852 -0.0837
vn 0.4187 0.1965 0.8866
vn 0.7369 0.1562 0.6577
vn 0.7369 0.1562 0.6577
vn 0.4187 0.1965 0.8866
vn 0.1480 -0.9843 0.0966
vn 0.0871 -0.9935 0.0727
vn -0.0392 -0.9849 0.1688
vn 0.0405 -0.9757 0.2151
vn -0.0394 0.9761 -0.2137
vn -0.2193 0.9706 -0.0991
vn -0.2120 0.9706 -0.1136
vn 0.1390 -0.9555 -0.2600
vn 0.1448 -0.9361 -0.3204
vn 0.0318 -0.9693 -0.2436
vn -0.1437 0.9373 0.3176
vn -0.1624 0.9565 0.2422
vn 0.9088 0.3911 -0.1454
vn 0.0233 -0.9996 0.0178
vn 0.1460 -0.9855 0.0866
vn 0.2847 -0.9555 0.0772
vn -0.2663 0.9603 -0.0827
vn -0.1282 0.9889 -0.0745
vn -0.0000 1.0000 -0.0000
vn 0.1084 -0.9938 -0.0243
vn 0.1903 -0.9802 -0.0550
vn 0.1106 -0.9834 -0.1439
vn -0.1110 0.9834 0.1437
vn -0.1085 0.9938 0.0243
vn 0.0216 0.9825 0.1850
vn 0.6086 0.0769 0.7898
vn 0.1855 0.1830 -0.9655
vn 0.2044 -0.9789 -0.0080
vn -0.2029 0.9792 0.0078
vn 0.1855 0.1830 -0.9655
vn 0.6086 0.0769 0.7898
vn 0.2070 0.9770 -0.0506
vn -0.8065 0.1262 0.5777
vn -0.9960 0.0635 -0.0630
vn 0.0394 0.9848 -0.1693
vn 0.0210 0.9994 -0.0261
vn 0.0195 0.9996 -0.0189
vn -0.1801 0.9817 -0.0621
vn -0.1812 0.9800 -0.0828
vn -0.2193 0.9706 -0.0991
vn 0.2202 -0.9697 0.1060
vn 0.2239 -0.9698 0.0972
vn 0.2097 -0.9698 0.1244
vn -0.8074 0.0453 0.5883
vn -0.0588 -0.9979 0.0271
vn -0.1674 -0.9853 -0.0346
vn -0.0181 -0.9994 -0.0298
vn 0.0379 -0.9904 -0.1327
vn -0.1274 -0.9873 -0.0948
vn -0.1498 0.9852 -0.0837
vn 0.3732 0.0818 0.9241
vn -0.1883 0.0089 0.9821
vn -0.1883 0.0089 0.9821
vn 0.3732 0.0818 0.9241
vn 0.1480 -0.9843 0.0966
vn -0.1498 0.9852 -0.0837
vn -0.1559 0.9473 -0.2799
vn -0.5038 -0.5084 0.6984
vn -0.1498 0.9852 -0.0837
vn -0.5038 -0.5084 0.6984
vn -0.5474 0.2865 0.7863
vn -0.1110 0.9834 0.1437
vn 0.0156 0.9998 0.0142
vn -0.1906 0.9801 0.0551
vn -0.0328 0.9705 0.2388
vn 0.0156 0.9998 0.0142
vn -0.1437 0.9373 0.3176
vn -0.2421 -0.0435 0.9693
vn -0.1938 -0.9800 0.0450
vn -0.2125 -0.9757 0.0537
vn 0.2070 0.9770 -0.0506
vn 0.1877 0.9822 -0.0000
vn -0.2421 -0.0435 0.9693
vn -0.0328 0.9705 0.2388
vn -0.1328 0.9602 0.2458
vn -0.6534 0.1236 -0.7469
vn -0.0328 0.9705 0.2388
vn 0.5730 0.3119 -0.7579
vn -0.1095 0.9735 0.2006
vn 0.1460 -0.9855 0.0866
vn 0.1735 -0.9603 0.2185
vn 0.2847 -0.9555 0.0772
vn -0.1736 0.9602 -0.2191
vn -0.1559 0.9473 -0.2799
vn 0.0156 0.9998 0.0142
vn -0.9960 0.0635 -0.0630
vn -0.8065 0.1262 0.5777
vn -0.2125 -0.9757 0.0537
vn 0.0440 -0.9970 0.0639
vn -0.0213 -0.9995 0.0254
vn -0.0392 -0.9849 0.1688
vn -0.0649 0.9975 -0.0264
vn 0.0394 0.9848 -0.1693
vn -0.0282 0.9992 -0.0284
vn 0.0440 -0.9970 0.0639
vn -0.0392 -0.9849 0.1688
vn 0.0771 -0.9955 0.0542
vn -0.0428 -0.9498 -0.3100
vn -0.8298 0.2051 -0.5189
vn -0.0385 -0.9441 -0.3274
vn 0.0385 0.9452 0.3241
vn -0.8298 0.2051 -0.5189
vn 0.0645 0.9507 0.3033
vn -0.5038 -0.5084 0.6984
vn 0.1565 -0.9465 0.2822
vn 0.1480 -0.9843 0.0966
vn -0.5474 0.2865 0.7863
vn -0.5038 -0.5084 0.6984
vn 0.1480 -0.9843 0.0966
vn 0.2121 -0.9707 0.1133
vn 0.1974 -0.9752 0.1001
vn 0.0405 -0.9757 0.2151
vn -0.1167 0.9834 -0.1387
vn 0.9383 0.2693 0.2171
vn -0.0394 0.9761 -0.2137
vn 0.1974 -0.9752 0.1001
vn 0.2239 -0.9698 0.0972
vn 0.2202 -0.9697 0.1060
vn -0.1801 0.9817 -0.0621
vn -0.2193 0.9706 -0.0991
vn -0.9084 -0.0116 0.4180
vn -0.0588 -0.9979 0.0271
vn 0.1096 -0.2043 -0.9728
vn -0.2054 -0.9751 -0.0831
vn 0.2058 0.9751 0.0828
vn 0.1096 -0.2043 -0.9728
vn 0.0398 0.9990 -0.0219
vn -0.2054 -0.9751 -0.0831
vn -0.0158 -0.9998 -0.0139
vn -0.1674 -0.9853 -0.0346
vn -0.0588 -0.9979 0.0271
vn -0.2054 -0.9751 -0.0831
vn -0.1674 -0.9853 -0.0346
vn 0.2362 0.9709 -0.0399
vn 0.1971 0.9695 -0.1455
vn 0.1871 0.9747 -0.1221
vn 0.2070 0.9770 -0.0506
vn 0.2362 0.9709 -0.0399
vn 0.1877 0.9822 -0.0000
vn 0.2070 0.9770 -0.0506
vn -0.7779 0.2509 0.5761
vn -0.8065 0.1262 0.5777
vn -0.8065 0.1262 0.5777
vn -0.7779 0.2509 0.5761
vn -0.2125 -0.9757 0.0537
vn -0.0215 -0.9826 -0.1846
vn 0.1084 -0.9938 -0.0243
vn 0.1106 -0.9834 -0.1439
vn -0.0964 -0.9438 -0.3162
vn -0.0476 -0.9710 -0.2343
vn -0.0385 -0.9441 -0.3274
vn -0.1498 0.9852 -0.0837
vn -0.5474 0.2865 0.7863
vn -0.0204 0.0540 0.9983
vn -0.0204 0.0540 0.9983
vn -0.5474 0.2865 0.7863
vn 0.1480 -0.9843 0.0966
vn 0.3955 0.1559 0.9052
vn 0.0440 -0.9970 0.0639
vn 0.0771 -0.9955 0.0542
vn -0.0649 0.9975 -0.0264
vn -0.0282 0.9992 -0.0284
vn 0.3955 0.1559 0.9052
vn 0.1652 0.9857 0.0336
vn 0.0068 -0.3019 -0.9533
vn 0.1851 0.9595 -0.2123
vn -0.1787 -0.9699 0.1655
vn 0.0068 -0.3019 -0.9533
vn -0.1674 -0.9853 -0.0346
vn 0.5730 0.3119 -0.7579
vn -0.6534 0.1236 -0.7469
vn 0.0318 -0.9693 -0.2436
vn -0.0328 0.9705 0.2388
vn -0.6534 0.1236 -0.7469
vn 0.5730 0.3119 -0.7579
vn 0.0083 0.8994 0.4370
vn 0.0156 0.9998 0.0142
vn 0.0385 0.9452 0.3241
vn 0.0083 0.8994 0.4370
vn 0.0385 0.9452 0.3241
vn 0.0645 0.9507 0.3033
vn -0.1736 0.9602 -0.2191
vn -0.1557 0.9585 -0.2390
vn -0.1559 0.9473 -0.2799
vn 0.1735 -0.9603 0.2185
vn 0.1871 -0.9550 0.2301
vn 0.2847 -0.9555 0.0772
vn -0.0394 0.9761 -0.2137
vn -0.6251 -0.0364 0.7797
vn -0.1847 0.9778 -0.0987
vn -0.1736 0.9602 -0.2191
vn -0.0394 0.9761 -0.2137
vn -0.1847 0.9778 -0.0987
vn -0.0953 0.9875 0.1258
vn -0.9769 -0.1868 -0.1041
vn -0.0439 0.9960 0.0778
vn -0.0181 -0.9994 -0.0298
vn -0.9769 -0.1868 -0.1041
vn 0.0379 -0.9904 -0.1327
vn 0.9088 0.3911 -0.1454
vn 0.1522 -0.9551 -0.2541
vn 0.1448 -0.9361 -0.3204
vn -0.0428 -0.9498 -0.3100
vn -0.0385 -0.9441 -0.3274
vn -0.0066 -0.9009 -0.4339
vn -0.2029 0.9792 0.0078
vn 0.6086 0.0769 0.7898
vn -0.1913 0.9815 -0.0085
vn 0.2054 -0.9779 0.0395
vn 0.6086 0.0769 0.7898
vn 0.2044 -0.9789 -0.0080
vn 0.0405 -0.9757 0.2151
vn 0.9383 0.2693 0.2171
vn 0.2022 -0.9714 0.1249
vn 0.1064 0.0955 0.9897
vn 0.9383 0.2693 0.2171
vn 0.0405 -0.9757 0.2151
vn 0.7905 0.0233 0.6120
vn 0.1460 -0.9855 0.0866
vn 0.0233 -0.9996 0.0178
vn -0.0000 1.0000 -0.0000
vn -0.1282 0.9889 -0.0745
vn 0.7905 0.0233 0.6120
vn -0.6251 -0.0364 0.7797
vn 0.1064 0.0955 0.9897
vn 0.0405 -0.9757 0.2151
vn -0.0394 0.9761 -0.2137
vn 0.1064 0.0955 0.9897
vn -0.6251 -0.0364 0.7797
vn 0.1974 -0.9752 0.1001
vn 0.0871 -0.9935 0.0727
vn 0.0405 -0.9757 0.2151
vn -0.0394 0.9761 -0.2137
vn -0.0863 0.9936 -0.0728
vn -0.2193 0.9706 -0.0991
vn 0.1788 -0.9836 0.0218
vn -0.1883 0.0089 0.9821
vn 0.1480 -0.9843 0.0966
vn -0.1498 0.9852 -0.0837
vn -0.1883 0.0089 0.9821
vn -0.1865 0.9825 0.0028
vn -0.2193 0.9706 -0.0991
vn -0.1812 0.9800 -0.0828
vn -0.2120 0.9706 -0.1136
vn 0.2121 -0.9707 0.1133
vn 0.2239 -0.9698 0.0972
vn 0.1974 -0.9752 0.1001
vn 0.2044 -0.9789 -0.0080
vn -0.0158 -0.9998 -0.0139
vn 0.1903 -0.9802 -0.0550
vn 0.2054 -0.9779 0.0395
vn 0.2044 -0.9789 -0.0080
vn 0.1903 -0.9802 -0.0550
vn -0.1906 0.9801 0.0551
vn 0.0156 0.9998 0.0142
vn -0.2029 0.9792 0.0078
vn -0.1906 0.9801 0.0551
vn -0.2029 0.9792 0.0078
vn -0.1913 0.9815 -0.0085
vn 0.2362 0.9709 -0.0399
vn 0.1851 0.9595 -0.2123
vn 0.1971 0.9695 -0.1455
vn -0.1970 -0.9696 0.1455
vn -0.1787 -0.9699 0.1655
vn -0.2358 -0.9710 0.0398
vn 0.1390 -0.9555 -0.2600
vn 0.9088 0.3911 -0.1454
vn 0.1448 -0.9361 -0.3204
vn -0.1437 0.9373 0.3176
vn 0.9088 0.3911 -0.1454
vn -0.1328 0.9602 0.2458
vn -0.0000 1.0000 -0.0000
vn 0.7905 0.0233 0.6120
vn 0.7491 0.0360 0.6615
vn 0.7491 0.0360 0.6615
vn 0.7905 0.0233 0.6120
vn 0.0233 -0.9996 0.0178
vn 0.5659 0.3355 0.7531
vn 0.7369 0.1562 0.6577
vn 0.1480 -0.9843 0.0966
vn -0.1498 0.9852 -0.0837
vn 0.7369 0.1562 0.6577
vn 0.5659 0.3355 0.7531
vn -0.1110 0.9834 0.1437
vn 0.0216 0.9825 0.1850
vn 0.0477 0.9710 0.2344
vn -0.0476 -0.9710 -0.2343
vn -0.0215 -0.9826 -0.1846
vn 0.1106 -0.9834 -0.1439
vn 0.1276 0.9873 0.0947
vn -0.1095 0.9735 0.2006
vn -0.0953 0.9875 0.1258
vn 0.0379 -0.9904 -0.1327
vn 0.1319 -0.9661 -0.2218
vn -0.1274 -0.9873 -0.0948
vn 0.1522 -0.9551 -0.2541
vn -0.0428 -0.9498 -0.3100
vn -0.0066 -0.9009 -0.4339
vn 0.0083 0.8994 0.4370
vn 0.0645 0.9507 0.3033
vn -0.1624 0.9565 0.2422
vn -0.2125 -0.9757 0.0537
vn -0.0158 -0.9998 -0.0139
vn -0.1105 -0.9844 0.1372
vn -0.0735 -0.9973 0.0058
vn -0.2125 -0.9757 0.0537
vn -0.1105 -0.9844 0.1372
vn 0.1108 0.9843 -0.1377
vn 0.0156 0.9998 0.0142
vn 0.2070 0.9770 -0.0506
vn 0.1108 0.9843 -0.1377
vn 0.2070 0.9770 -0.0506
vn 0.0491 0.9987 -0.0154
vn 0.0318 -0.9693 -0.2436
vn -0.0158 -0.9998 -0.0139
vn -0.1274 -0.9873 -0.0948
vn 0.1319 -0.9661 -0.2218
vn 0.0318 -0.9693 -0.2436
vn -0.1274 -0.9873 -0.0948
vn 0.1276 0.9873 0.0947
vn 0.0156 0.9998 0.0142
vn -0.0328 0.9705 0.2388
vn 0.1276 0.9873 0.0947
vn -0.0328 0.9705 0.2388
vn -0.1095 0.9735 0.2006
vn 0.1565 -0.9465 0.2822
vn 0.1871 -0.9550 0.2301
vn 0.1735 -0.9603 0.2185
vn -0.0158 -0.9998 -0.0139
vn 0.1565 -0.9465 0.2822
vn 0.1735 -0.9603 0.2185
vn 0.1652 0.9857 0.0336
vn -0.8074 0.0453 0.5883
vn 0.0068 -0.3019 -0.9533
vn 0.0068 -0.3019 -0.9533
vn -0.8074 0.0453 0.5883
vn -0.1674 -0.9853 -0.0346
vn -0.1938 -0.9800 0.0450
vn -0.1870 -0.9747 0.1223
vn -0.2358 -0.9710 0.0398
vn 0.2362 0.9709 -0.0399
vn 0.1871 0.9747 -0.1221
vn 0.1877 0.9822 -0.0000
vn 0.2097 -0.9698 0.1244
vn 0.2239 -0.9698 0.0972
vn 0.9044 0.0383 0.4250
vn 0.9044 0.0383 0.4250
vn -0.1812 0.9800 -0.0828
vn -0.1801 0.9817 -0.0621
vn -0.9769 -0.1868 -0.1041
vn -0.0953 0.9875 0.1258
vn -0.9818 0.1279 -0.1402
vn -0.9818 0.1279 -0.1402
vn 0.0379 -0.9904 -0.1327
vn -0.9769 -0.1868 -0.1041
vn -0.2663 0.9603 -0.0827
vn -0.1557 0.9585 -0.2390
vn -0.1736 0.9602 -0.2191
vn -0.2663 0.9603 -0.0827
vn -0.1736 0.9602 -0.2191
vn -0.1282 0.9889 -0.0745
vn 0.1108 0.9843 -0.1377
vn 0.0491 0.9987 -0.0154
vn 0.0210 0.9994 -0.0261
vn -0.0213 -0.9995 0.0254
vn -0.0735 -0.9973 0.0058
vn -0.1105 -0.9844 0.1372
vn -0.0394 0.9761 -0.2137
vn -0.2120 0.9706 -0.1136
vn -0.1167 0.9834 -0.1387
vn 0.2022 -0.9714 0.1249
vn 0.2121 -0.9707 0.1133
vn 0.0405 -0.9757 0.2151
vn -0.1736 0.9602 -0.2191
vn -0.1847 0.9778 -0.0987
vn -0.1282 0.9889 -0.0745
vn 0.1460 -0.9855 0.0866
vn 0.1161 -0.9810 0.1554
vn 0.1735 -0.9603 0.2185
vn 0.1096 -0.2043 -0.9728
vn -0.0181 -0.9994 -0.0298
vn -0.2054 -0.9751 -0.0831
vn 0.2058 0.9751 0.0828
vn -0.0439 0.9960 0.0778
vn 0.1096 -0.2043 -0.9728
vn -0.1906 0.9801 0.0551
vn -0.1913 0.9815 -0.0085
vn -0.2052 0.9700 -0.1302
vn 0.2050 -0.9700 0.1307
vn 0.2054 -0.9779 0.0395
vn 0.1903 -0.9802 -0.0550
vn -0.1498 0.9852 -0.0837
vn 0.5659 0.3355 0.7531
vn 0.3732 0.0818 0.9241
vn 0.3732 0.0818 0.9241
vn 0.5659 0.3355 0.7531
vn 0.1480 -0.9843 0.0966
vn -0.8298 0.2051 -0.5189
vn -0.0964 -0.9438 -0.3162
vn -0.0385 -0.9441 -0.3274
vn 0.0385 0.9452 0.3241
vn 0.0689 0.9503 0.3037
vn -0.8298 0.2051 -0.5189
vn 0.1871 -0.9550 0.2301
vn 0.8948 -0.4389 -0.0823
vn 0.2847 -0.9555 0.0772
vn -0.2663 0.9603 -0.0827
vn 0.8948 -0.4389 -0.0823
vn -0.1557 0.9585 -0.2390
vn 0.1106 -0.9834 -0.1439
vn -0.0158 -0.9998 -0.0139
vn -0.0385 -0.9441 -0.3274
vn -0.0476 -0.9710 -0.2343
vn 0.1106 -0.9834 -0.1439
vn -0.0385 -0.9441 -0.3274
vn 0.0385 0.9452 0.3241
vn 0.0156 0.9998 0.0142
vn -0.1110 0.9834 0.1437
vn 0.0385 0.9452 0.3241
vn -0.1110 0.9834 0.1437
vn 0.0477 0.9710 0.2344
vn -0.1437 0.9373 0.3176
vn 0.0156 0.9998 0.0142
vn 0.0083 0.8994 0.4370
vn -0.1437 0.9373 0.3176
vn 0.0083 0.8994 0.4370
vn -0.1624 0.9565 0.2422
vn -0.0066 -0.9009 -0.4339
vn -0.0158 -0.9998 -0.0139
vn 0.1448 -0.9361 -0.3204
vn 0.1522 -0.9551 -0.2541
vn -0.0066 -0.9009 -0.4339
vn 0.1448 -0.9361 -0.3204
vn 0.4187 0.1965 0.8866
vn -0.0204 0.0540 0.9983
vn 0.1480 -0.9843 0.0966
vn -0.1498 0.9852 -0.0837
vn -0.0204 0.0540 0.9983
vn 0.4187 0.1965 0.8866
vn -0.2029 0.9792 0.0078
vn -0.2026 0.9783 0.0425
vn 0.1855 0.1830 -0.9655
vn 0.1855 0.1830 -0.9655
vn 0.2070 -0.9744 -0.0881
vn 0.2044 -0.9789 -0.0080
vn -0.1674 -0.9853 -0.0346
vn -0.0158 -0.9998 -0.0139
vn -0.2358 -0.9710 0.0398
vn -0.1787 -0.9699 0.1655
vn -0.1674 -0.9853 -0.0346
vn -0.2358 -0.9710 0.0398
vn 0.2362 0.9709 -0.0399
vn 0.0156 0.9998 0.0142
vn 0.1652 0.9857 0.0336
vn 0.2362 0.9709 -0.0399
vn 0.1652 0.9857 0.0336
vn 0.1851 0.9595 -0.2123
vn 0.2070 0.9770 -0.0506
vn -0.2421 -0.0435 0.9693
vn -0.7779 0.2509 0.5761
vn -0.7779 0.2509 0.5761
vn -0.2421 -0.0435 0.9693
vn -0.2125 -0.9757 0.0537
vn 0.2238 -0.3407 0.9131
vn 0.3955 0.1559 0.9052
vn 0.0771 -0.9955 0.0542
vn -0.0649 0.9975 -0.0264
vn 0.3955 0.1559 0.9052
vn 0.2238 -0.3407 0.9131
vn 0.1480 -0.9843 0.0966
vn -0.0158 -0.9998 -0.0139
vn 0.2044 -0.9789 -0.0080
vn 0.1788 -0.9836 0.0218
vn 0.1480 -0.9843 0.0966
vn 0.2044 -0.9789 -0.0080
vn -0.2029 0.9792 0.0078
vn 0.0156 0.9998 0.0142
vn -0.1498 0.9852 -0.0837
vn -0.2029 0.9792 0.0078
vn -0.1498 0.9852 -0.0837
vn -0.1865 0.9825 0.0028
vn 0.2070 0.9770 -0.0506
vn -0.9960 0.0635 -0.0630
vn 0.0491 0.9987 -0.0154
vn -0.0735 -0.9973 0.0058
vn -0.9960 0.0635 -0.0630
vn -0.2125 -0.9757 0.0537
vn 0.2058 0.9751 0.0828
vn 0.0156 0.9998 0.0142
vn 0.1276 0.9873 0.0947
vn 0.1276 0.9873 0.0947
vn -0.0439 0.9960 0.0778
vn 0.2058 0.9751 0.0828
vn -0.1274 -0.9873 -0.0948
vn -0.0158 -0.9998 -0.0139
vn -0.2054 -0.9751 -0.0831
vn -0.2054 -0.9751 -0.0831
vn -0.0181 -0.9994 -0.0298
vn -0.1274 -0.9873 -0.0948
vn -0.5854 0.5487 0.5968
vn -0.7344 0.0338 0.6779
vn -0.7342 0.0468 0.6774
vn -0.7342 0.0468 0.6774
vn -0.5500 0.0318 0.8346
vn -0.5854 0.5487 0.5968
vn -0.3072 0.0183 0.9515
vn -0.5470 0.0083 0.8371
vn -0.5500 0.0318 0.8346
vn -0.9631 -0.1739 0.2053
vn -0.6220 -0.7665 -0.1599
vn -0.9522 -0.2035 0.2279
vn -0.9522 -0.2035 0.2279
vn -0.5516 0.0115 0.8340
vn -0.5324 0.0116 0.8464
vn -0.5324 0.0116 0.8464
vn -0.9631 -0.1739 0.2053
vn -0.9522 -0.2035 0.2279
vn -0.1105 -0.9844 0.1372
vn -0.0158 -0.9998 -0.0139
vn -0.0392 -0.9849 0.1688
vn -0.0213 -0.9995 0.0254
vn -0.1105 -0.9844 0.1372
vn -0.0392 -0.9849 0.1688
vn 0.0394 0.9848 -0.1693
vn 0.0156 0.9998 0.0142
vn 0.1108 0.9843 -0.1377
vn 0.0394 0.9848 -0.1693
vn 0.1108 0.9843 -0.1377
vn 0.0210 0.9994 -0.0261
vn 0.7800 0.2585 0.5699
vn 0.9461 0.2404 0.2172
vn 0.9363 0.2417 0.2547
vn 0.9461 0.2404 0.2172
vn 0.1118 0.1408 0.9837
vn 0.0952 0.1360 0.9861
vn 0.0952 0.1360 0.9861
vn 0.9363 0.2417 0.2547
vn 0.9461 0.2404 0.2172
vn 0.9903 0.0916 0.1043
vn 0.6502 0.0871 0.7548
vn 0.5856 0.0814 0.8065
vn 0.6502 0.0871 0.7548
vn -0.5324 0.0116 0.8464
vn -0.5516 0.0115 0.8340
vn -0.5516 0.0115 0.8340
vn 0.5856 0.0814 0.8065
vn 0.6502 0.0871 0.7548
vn -0.9057 0.0039 0.4238
vn -0.9714 0.0249 -0.2360
vn -0.9729 0.0247 -0.2298
vn -0.4490 0.0173 -0.8934
vn -0.9729 0.0247 -0.2298
vn -0.9714 0.0249 -0.2360
vn -0.5050 0.0525 -0.8615
vn -0.7337 0.0570 -0.6771
vn -0.7371 0.0553 -0.6736
vn -0.7371 0.0553 -0.6736
vn -0.5066 0.0517 -0.8607
vn -0.5050 0.0525 -0.8615
vn -0.0430 0.0966 -0.9944
vn -0.5050 0.0525 -0.8615
vn -0.5066 0.0517 -0.8607
vn 0.3501 0.1191 0.9291
vn 0.8537 0.2094 0.4767
vn 0.8491 0.2062 0.4864
vn 0.8491 0.2062 0.4864
vn 0.3072 0.1110 0.9451
vn 0.3501 0.1191 0.9291
vn -0.1479 0.0552 0.9875
vn 0.3501 0.1191 0.9291
vn 0.3072 0.1110 0.9451
vn 0.7449 0.3026 0.5946
vn 0.9029 0.0399 -0.4280
vn 0.8971 0.0356 -0.4403
vn 0.8971 0.0356 -0.4403
vn 0.4248 0.3241 0.8453
vn 0.7449 0.3026 0.5946
vn -0.5908 0.1410 0.7944
vn 0.7449 0.3026 0.5946
vn 0.4248 0.3241 0.8453
vn 0.9127 0.1047 -0.3951
vn 0.9229 0.2235 -0.3137
vn 0.9245 0.2302 -0.3039
vn 0.9229 0.2235 -0.3137
vn 0.7764 0.0000 -0.6302
vn 0.7792 0.0046 -0.6268
vn 0.7792 0.0046 -0.6268
vn 0.9245 0.2302 -0.3039
vn 0.9229 0.2235 -0.3137
vn -0.7344 0.0338 0.6779
vn -0.6887 0.0551 0.7229
vn -0.6878 0.0544 0.7238
vn -0.6878 0.0544 0.7238
vn -0.7342 0.0468 0.6774
vn -0.7344 0.0338 0.6779
vn 0.7800 0.2585 0.5699
vn -0.2067 0.0805 0.9751
vn -0.1985 0.0825 0.9766
vn -0.7210 -0.6107 0.3274
vn -0.1985 0.0825 0.9766
vn -0.2067 0.0805 0.9751
vn 0.6511 0.0000 -0.7590
vn 0.7792 0.0046 -0.6268
vn 0.7764 0.0000 -0.6302
vn 0.1118 0.1408 0.9837
vn -0.2226 0.0794 0.9717
vn -0.2356 0.0753 0.9689
vn -0.2356 0.0753 0.9689
vn 0.0952 0.1360 0.9861
vn 0.1118 0.1408 0.9837
vn -0.5616 0.0464 0.8261
vn -0.6878 0.0544 0.7238
vn -0.6887 0.0551 0.7229
vn 0.4919 0.2927 -0.8200
vn 0.0587 0.3084 -0.9494
vn 0.0987 0.3098 -0.9457
vn 0.0987 0.3098 -0.9457
vn 0.4890 0.2962 -0.8205
vn 0.4919 0.2927 -0.8200
vn 0.6392 0.2963 -0.7097
vn 0.4919 0.2927 -0.8200
vn 0.4890 0.2962 -0.8205
vn 0.7868 0.1476 0.5994
vn 0.8762 0.1650 0.4528
vn 0.8750 0.1648 0.4552
vn 0.8762 0.1650 0.4528
vn 0.9793 0.2025 0.0061
vn 0.9792 0.2029 -0.0041
vn 0.9792 0.2029 -0.0041
vn 0.8750 0.1648 0.4552
vn 0.8762 0.1650 0.4528
vn -0.4490 0.0173 -0.8934
vn -0.4806 0.0048 -0.8769
vn -0.4766 0.0045 -0.8791
vn -0.7733 0.0286 -0.6334
vn -0.4766 0.0045 -0.8791
vn -0.4806 0.0048 -0.8769
vn -0.9608 0.2010 0.1911
vn -0.8963 0.2205 0.3847
vn -0.8969 0.2185 0.3845
vn -0.8969 0.2185 0.3845
vn -0.9659 0.1987 0.1659
vn -0.9608 0.2010 0.1911
vn -0.9360 0.1711 -0.3075
vn -0.9608 0.2010 0.1911
vn -0.9659 0.1987 0.1659
vn 0.0909 0.2288 -0.9692
vn 0.4162 0.1584 -0.8954
vn 0.4172 0.1599 -0.8946
vn 0.4172 0.1599 -0.8946
vn 0.0960 0.2306 -0.9683
vn 0.0909 0.2288 -0.9692
vn 0.0960 0.2306 -0.9683
vn -0.2290 0.3302 -0.9157
vn -0.2273 0.3287 -0.9167
vn -0.2273 0.3287 -0.9167
vn 0.0909 0.2288 -0.9692
vn 0.0960 0.2306 -0.9683
vn 0.9473 0.2039 0.2469
vn 0.8491 0.2062 0.4864
vn 0.8537 0.2094 0.4767
vn -0.7191 0.0140 -0.6948
vn -0.8554 0.0708 -0.5131
vn -0.8615 0.0731 -0.5025
vn -0.8554 0.0708 -0.5131
vn -0.9790 0.1866 -0.0817
vn -0.9791 0.1860 -0.0823
vn -0.9791 0.1860 -0.0823
vn -0.8615 0.0731 -0.5025
vn -0.8554 0.0708 -0.5131
vn -0.6115 0.0931 -0.7857
vn -0.7371 0.0553 -0.6736
vn -0.7337 0.0570 -0.6771
vn 0.6392 0.2963 -0.7097
vn 0.6078 0.2969 -0.7365
vn 0.6070 0.2969 -0.7371
vn 0.4142 0.2954 -0.8609
vn 0.6070 0.2969 -0.7371
vn 0.6078 0.2969 -0.7365
vn 0.7893 0.1419 -0.5974
vn 0.9108 0.1760 -0.3735
vn 0.9098 0.1761 -0.3758
vn 0.9108 0.1760 -0.3735
vn 0.9383 0.1570 -0.3081
vn 0.9381 0.1574 -0.3086
vn 0.9381 0.1574 -0.3086
vn 0.9098 0.1761 -0.3758
vn 0.9108 0.1760 -0.3735
vn 0.7195 0.0954 -0.6879
vn 0.9381 0.1574 -0.3086
vn 0.9383 0.1570 -0.3081
vn 0.9383 0.1570 -0.3081
vn 0.7214 0.0966 -0.6857
vn 0.7195 0.0954 -0.6879
vn 0.7214 0.0966 -0.6857
vn 0.4172 0.1599 -0.8946
vn 0.4162 0.1584 -0.8954
vn 0.4162 0.1584 -0.8954
vn 0.7195 0.0954 -0.6879
vn 0.7214 0.0966 -0.6857
vn -0.4339 0.3128 -0.8449
vn 0.0987 0.3098 -0.9457
vn 0.0587 0.3084 -0.9494
vn -0.5470 0.0083 0.8371
vn -0.5854 0.5487 0.5968
vn -0.5500 0.0318 0.8346
vn 0.0394 0.9848 -0.1693
vn 0.0195 0.9996 -0.0189
vn -0.0282 0.9992 -0.0284
vn 0.9127 0.1047 -0.3951
vn 0.8971 0.0356 -0.4403
vn 0.9029 0.0399 -0.4280
vn -0.7210 -0.6107 0.3274
vn -0.9522 -0.2035 0.2279
vn -0.6220 -0.7665 -0.1599
vn -0.9084 -0.0116 0.4180
vn 0.2202 -0.9697 0.1060
vn 0.2097 -0.9698 0.1244
vn -0.9790 0.1866 -0.0817
vn -0.8969 0.2185 0.3845
vn -0.8963 0.2205 0.3847
vn -0.8963 0.2205 0.3847
vn -0.9791 0.1860 -0.0823
vn -0.9790 0.1866 -0.0817
vn 0.0723 0.1424 0.9872
vn -0.2356 0.0753 0.9689
vn -0.2226 0.0794 0.9717
vn -0.4339 0.3128 -0.8449
vn -0.2273 0.3287 -0.9167
vn -0.2290 0.3302 -0.9157
vn 0.9296 0.2058 -0.3058
vn 0.9792 0.2029 -0.0041
vn 0.9793 0.2025 0.0061
# 834 vertex normals

vt 0.8184 0.1421 0.0000
vt 0.8618 0.3154 0.0000
vt 0.7510 0.3091 0.0000
vt 0.8965 0.1523 0.0000
vt 0.9917 0.2285 0.0000
vt 0.7148 0.2227 0.0000
vt 0.9268 0.1543 0.0000
vt 0.9136 0.3364 0.0000
vt 0.7739 0.3521 0.0000
vt 0.8276 0.2476 0.0000
vt 0.7124 0.2744 0.0000
vt 0.8760 0.1904 0.0000
vt 0.9702 0.1812 0.0000
vt 0.8042 0.1406 0.0000
vt 0.8589 0.1279 0.0000
vt 0.7583 0.1763 0.0000
vt 0.7456 0.3301 0.0000
vt 0.8994 0.1904 0.0000
vt 0.8325 0.1392 0.0000
vt 0.8267 0.3301 0.0000
vt 0.8750 0.1489 0.0000
vt 0.9561 0.3169 0.0000
vt 0.9761 0.2705 0.0000
vt 0.7925 0.2085 0.0000
vt 0.8306 0.1279 0.0000
vt 0.7900 0.2891 0.0000
vt 0.9482 0.1724 0.0000
vt 0.9053 0.2227 0.0000
vt 0.8447 0.2813 0.0000
vt 0.7183 0.2329 0.0000
vt 0.8647 0.2168 0.0000
vt 0.7891 0.1426 0.0000
vt 0.8789 0.3281 0.0000
vt 0.8462 0.1372 0.0000
vt 0.8159 0.1313 0.0000
vt 0.7319 0.3037 0.0000
vt 0.7734 0.2646 0.0000
vt 0.7251 0.2012 0.0000
vt 0.8706 0.2920 0.0000
vt 0.9146 0.1597 0.0000
vt 0.8052 0.1499 0.0000
vt 0.7197 0.2817 0.0000
vt 0.7983 0.3506 0.0000
vt 0.8765 0.1768 0.0000
vt 0.8301 0.1934 0.0000
vt 0.7524 0.3301 0.0000
vt 0.9858 0.2568 0.0000
vt 0.8911 0.1465 0.0000
vt 0.8682 0.1348 0.0000
vt 0.8145 0.1494 0.0000
vt 0.9824 0.1978 0.0000
vt 0.8281 0.1348 0.0000
vt 0.9014 0.2637 0.0000
vt 0.7090 0.2617 0.0000
vt 0.8188 0.3408 0.0000
vt 0.8843 0.1626 0.0000
vt 0.9443 0.1646 0.0000
vt 0.9336 0.3306 0.0000
vt 0.7593 0.3413 0.0000
vt 0.8550 0.3218 0.0000
vt 0.7764 0.2246 0.0000
vt 0.8008 0.2998 0.0000
vt 0.8516 0.1982 0.0000
vt 0.7231 0.2930 0.0000
vt 0.7124 0.2402 0.0000
vt 0.8242 0.1265 0.0000
vt 0.7441 0.3232 0.0000
vt 0.7681 0.1636 0.0000
vt 0.8379 0.1362 0.0000
vt 0.8706 0.1436 0.0000
vt 0.7456 0.3052 0.0000
vt 0.9756 0.2793 0.0000
vt 0.9575 0.1738 0.0000
vt 0.8921 0.3335 0.0000
vt 0.8706 0.1992 0.0000
vt 0.8916 0.2822 0.0000
vt 0.8232 0.2939 0.0000
vt 0.9331 0.1558 0.0000
vt 0.9878 0.2402 0.0000
vt 0.7690 0.2466 0.0000
vt 0.7188 0.2183 0.0000
vt 0.8003 0.1392 0.0000
vt 0.9097 0.2383 0.0000
vt 0.7441 0.1860 0.0000
vt 0.7866 0.2764 0.0000
vt 0.3693 0.9920 0.0000
vt 0.2209 0.9920 0.0000
vt 0.2209 0.9862 0.0000
vt 0.1609 0.9862 0.0000
vt 0.2832 0.9920 0.0000
vt 0.2279 0.9920 0.0000
vt 0.2832 0.9862 0.0000
vt 0.0443 0.9920 0.0000
vt 0.0022 0.9920 0.0000
vt 0.0022 0.9862 0.0000
vt 0.8042 0.1997 0.0000
vt 0.1459 0.9920 0.0000
vt 0.1074 0.9920 0.0000
vt 0.1074 0.9862 0.0000
vt 0.0761 0.9920 0.0000
vt 0.1411 0.9920 0.0000
vt 0.0924 0.9920 0.0000
vt 0.0924 0.9862 0.0000
vt 0.1137 0.9919 0.0000
vt 0.0361 0.9919 0.0000
vt 0.0361 0.9862 0.0000
vt 0.0022 0.9919 0.0000
vt 0.2493 0.9862 0.0000
vt 0.1822 0.9919 0.0000
vt 0.1822 0.9862 0.0000
vt 0.1483 0.9862 0.0000
vt 0.1101 0.9918 0.0000
vt 0.0780 0.9918 0.0000
vt 0.0780 0.9864 0.0000
vt 0.0022 0.9864 0.0000
vt 0.0929 0.9858 0.0000
vt 0.0022 0.9923 0.0000
vt 0.0022 0.9858 0.0000
vt 0.2335 0.9913 0.0000
vt 0.4063 0.9865 0.0000
vt 0.4063 0.9913 0.0000
vt 0.1430 0.9858 0.0000
vt 0.2146 0.9858 0.0000
vt 0.2146 0.9923 0.0000
vt 0.2922 0.9923 0.0000
vt 0.0844 0.9920 0.0000
vt 0.0022 0.9920 0.0000
vt 0.0022 0.9862 0.0000
vt 0.3693 0.9862 0.0000
vt 0.1788 0.9862 0.0000
vt 0.1788 0.9920 0.0000
vt 0.2922 0.9858 0.0000
vt 0.3681 0.9858 0.0000
vt 0.0761 0.9862 0.0000
vt 0.0449 0.9862 0.0000
vt 0.1714 0.9920 0.0000
vt 0.0844 0.9862 0.0000
vt 0.2625 0.9862 0.0000
vt 0.2156 0.9920 0.0000
vt 0.2156 0.9862 0.0000
vt 0.0683 0.9920 0.0000
vt 0.1054 0.9862 0.0000
vt 0.0022 0.9920 0.0000
vt 0.0022 0.9862 0.0000
vt 0.1487 0.9919 0.0000
vt 0.3106 0.9862 0.0000
vt 0.3106 0.9919 0.0000
vt 0.0443 0.9862 0.0000
vt 0.3211 0.9919 0.0000
vt 0.2519 0.9919 0.0000
vt 0.2519 0.9862 0.0000
vt 0.1817 0.9919 0.0000
vt 0.1308 0.9920 0.0000
vt 0.0859 0.9920 0.0000
vt 0.0859 0.9862 0.0000
vt 0.0323 0.9920 0.0000
vt 0.1079 0.9862 0.0000
vt 0.0022 0.9919 0.0000
vt 0.0022 0.9862 0.0000
vt 0.1773 0.9862 0.0000
vt 0.2854 0.9862 0.0000
vt 0.2854 0.9919 0.0000
vt 0.1546 0.9864 0.0000
vt 0.1101 0.9864 0.0000
vt 0.1210 0.9919 0.0000
vt 0.0694 0.9919 0.0000
vt 0.0694 0.9862 0.0000
vt 0.0022 0.9862 0.0000
vt 0.0961 0.9862 0.0000
vt 0.0022 0.9920 0.0000
vt 0.0022 0.9862 0.0000
vt 0.2493 0.9919 0.0000
vt 0.0022 0.9920 0.0000
vt 0.0022 0.9862 0.0000
vt 0.2197 0.9862 0.0000
vt 0.3338 0.9862 0.0000
vt 0.3338 0.9920 0.0000
vt 0.3409 0.9919 0.0000
vt 0.2581 0.9919 0.0000
vt 0.2581 0.9862 0.0000
vt 0.2137 0.9862 0.0000
vt 0.0022 0.9919 0.0000
vt 0.0022 0.9862 0.0000
vt 0.2383 0.9862 0.0000
vt 0.2383 0.9919 0.0000
vt 0.1083 0.9919 0.0000
vt 0.0022 0.9919 0.0000
vt 0.0022 0.9862 0.0000
vt 0.2625 0.9920 0.0000
vt 0.2797 0.9862 0.0000
vt 0.7813 0.1514 0.0000
vt 0.0929 0.9923 0.0000
vt 0.2559 0.9920 0.0000
vt 0.8179 0.1367 0.0000
vt 0.0022 0.9919 0.0000
vt 0.2415 0.9862 0.0000
vt 0.2415 0.9920 0.0000
vt 0.0449 0.9920 0.0000
vt 0.0022 0.9920 0.0000
vt 0.2137 0.9919 0.0000
vt 0.1773 0.9919 0.0000
vt 0.1308 0.9862 0.0000
vt 0.1079 0.9919 0.0000
vt 0.1487 0.9862 0.0000
vt 0.0866 0.9862 0.0000
# 205 texture coords

o SM_Coral_Table_Acropora_03_LOD1
g SM_Coral_Table_Acropora_03_LOD1
usemtl MAT_Coral_Table
s 64
f 218/297/1045 187/270/1046 277/345/1047 
f 267/337/1048 186/270/1049 248/322/1050 
f 227/305/1051 187/270/1052 282/356/1053 
f 237/313/1054 186/270/1055 264/336/1056 
f 306/282/1057 313/332/1058 237/313/1059 
f 238/313/1060 260/332/1061 199/282/1062 
f 231/305/1063 186/270/1064 250/323/1065 
f 227/305/1066 282/356/1067 297/310/1068 
f 187/270/1069 288/291/1070 205/288/1071 
f 213/288/1072 209/291/1073 186/270/1074 
f 265/336/1075 238/313/1076 199/282/1077 
f 220/299/1078 186/270/1079 229/289/1080 
f 218/297/1081 277/345/1082 216/296/1083 
f 224/303/1084 304/315/1085 248/322/1086 
f 270/340/1087 186/270/1088 246/321/1089 
f 281/356/1090 186/270/1091 231/305/1092 
f 249/322/1093 266/337/1094 240/315/1095 
f 225/299/1096 300/268/1097 262/334/1098 
f 252/325/1099 311/314/1100 270/340/1101 
f 218/297/1102 216/296/1103 251/324/1104 
f 255/323/1105 187/270/1106 227/305/1107 
f 258/330/1108 231/305/1109 250/323/1110 
f 181/265/1111 296/311/1112 274/343/1113 
f 275/343/1114 235/311/1115 317/265/1116 
f 234/310/1117 284/301/1118 281/356/1119 
f 282/356/1120 222/301/1121 297/310/1122 
f 227/305/1123 214/294/1124 192/275/1125 
f 258/330/1126 233/309/1127 231/305/1128 
f 247/321/1129 187/270/1130 271/340/1131 
f 299/290/1132 270/340/1133 246/321/1134 
f 303/319/1135 185/269/1136 248/322/1137 
f 208/286/1138 286/306/1139 179/263/1140 
f 205/288/1141 268/338/1142 242/317/1143 
f 242/317/1144 268/338/1145 213/288/1146 
f 234/310/1147 281/356/1148 231/305/1149 
f 227/305/1150 178/261/1151 293/279/1152 
f 304/315/1153 267/337/1154 248/322/1155 
f 266/337/1156 245/320/1157 197/280/1158 
f 241/316/1159 198/281/1160 226/304/1161 
f 289/304/1162 287/281/1163 292/316/1164 
f 306/282/1165 237/313/1166 264/336/1167 
f 265/336/1168 199/282/1169 243/318/1170 
f 230/307/1171 269/339/1172 274/343/1173 
f 275/343/1174 269/339/1175 230/307/1176 
f 247/321/1177 219/298/1178 276/344/1179 
f 282/356/1180 290/328/1181 308/451/1182 
f 253/326/1183 283/312/1184 178/261/1185 
f 310/454/1186 236/312/1187 291/326/1188 
f 251/324/1189 298/296/1190 217/297/1191 
f 285/263/1192 228/306/1193 203/286/1194 
f 205/288/1195 261/333/1196 190/273/1197 
f 190/273/1198 261/333/1199 213/288/1200 
f 205/288/1201 288/291/1202 195/278/1203 
f 205/288/1204 195/278/1205 221/300/1206 
f 265/336/1207 187/270/1208 238/313/1209 
f 249/322/1210 187/270/1211 266/337/1212 
f 182/266/1213 299/290/1214 246/321/1215 
f 247/321/1216 207/290/1217 182/266/1218 
f 249/322/1219 240/315/1220 224/303/1221 
f 249/322/1222 185/269/1223 244/319/1224 
f 198/281/1225 250/323/1226 226/304/1227 
f 255/323/1228 288/291/1229 187/270/1230 
f 276/344/1231 219/298/1232 246/321/1233 
f 211/292/1234 256/328/1235 281/356/1236 
f 222/301/1237 282/356/1238 279/292/1239 
f 211/292/1240 281/356/1241 284/301/1242 
f 307/262/1243 212/293/1244 220/299/1245 
f 225/299/1246 212/293/1247 177/262/1248 
f 195/278/1249 209/291/1250 213/288/1251 
f 221/300/1252 195/278/1253 213/288/1254 
f 196/279/1255 280/261/1256 231/305/1257 
f 257/329/1258 214/294/1259 227/305/1260 
f 280/261/1261 236/312/1262 310/454/1263 
f 253/326/1264 178/261/1265 215/295/1266 
f 298/296/1267 259/331/1268 278/345/1269 
f 277/345/1270 259/331/1271 216/296/1272 
f 278/345/1273 186/270/1274 217/297/1275 
f 298/296/1276 278/345/1277 217/297/1278 
f 271/340/1279 239/314/1280 315/325/1281 
f 247/321/1282 271/340/1283 207/290/1284 
f 247/321/1285 272/341/1286 219/298/1287 
f 219/298/1288 272/341/1289 246/321/1290 
f 316/318/1291 306/282/1292 264/336/1293 
f 314/334/1294 184/268/1295 220/299/1296 
f 205/288/1297 221/300/1298 183/267/1299 
f 183/267/1300 221/300/1301 213/288/1302 
f 273/342/1303 211/292/1304 284/301/1305 
f 222/301/1306 279/292/1307 273/342/1308 
f 218/297/1309 223/302/1310 302/271/1311 
f 188/271/1312 223/302/1313 217/297/1314 
f 185/269/1315 224/303/1316 248/322/1317 
f 249/322/1318 224/303/1319 185/269/1320 
f 206/289/1321 187/270/1322 225/299/1323 
f 206/289/1324 225/299/1325 177/262/1326 
f 255/323/1327 263/335/1328 288/291/1329 
f 250/323/1330 309/335/1331 226/304/1332 
f 227/305/1333 233/309/1334 301/330/1335 
f 255/323/1336 227/305/1337 301/330/1338 
f 286/306/1339 254/327/1340 179/263/1341 
f 285/263/1342 254/327/1343 228/306/1344 
f 197/280/1345 295/320/1346 267/337/1347 
f 307/262/1348 220/299/1349 229/289/1350 
f 275/343/1351 230/307/1352 305/283/1353 
f 200/283/1354 230/307/1355 274/343/1356 
f 231/305/1357 214/294/1358 312/329/1359 
f 192/275/1360 214/294/1361 231/305/1362 
f 232/308/1363 198/281/1364 241/316/1365 
f 292/316/1366 287/281/1367 232/308/1368 
f 233/309/1369 192/275/1370 231/305/1371 
f 227/305/1372 192/275/1373 233/309/1374 
f 280/261/1375 234/310/1376 231/305/1377 
f 227/305/1378 297/310/1379 178/261/1380 
f 296/311/1381 190/273/1382 213/288/1383 
f 205/288/1384 190/273/1385 235/311/1386 
f 178/261/1387 283/312/1388 293/279/1389 
f 196/279/1390 236/312/1391 280/261/1392 
f 274/343/1393 186/270/1394 237/313/1395 
f 200/283/1396 274/343/1397 237/313/1398 
f 238/313/1399 187/270/1400 275/343/1401 
f 238/313/1402 275/343/1403 305/283/1404 
f 271/340/1405 302/271/1406 239/314/1407 
f 311/314/1408 188/271/1409 270/340/1410 
f 304/315/1411 197/280/1412 267/337/1413 
f 266/337/1414 197/280/1415 240/315/1416 
f 292/316/1417 232/308/1418 180/264/1419 
f 180/264/1420 232/308/1421 241/316/1422 
f 204/287/1423 242/317/1424 213/288/1425 
f 205/288/1426 242/317/1427 204/287/1428 
f 265/336/1429 243/318/1430 300/268/1431 
f 184/268/1432 316/318/1433 264/336/1434 
f 208/286/1435 244/319/1436 286/306/1437 
f 228/306/1438 303/319/1439 203/286/1440 
f 295/320/1441 307/262/1442 229/289/1443 
f 206/289/1444 177/262/1445 245/320/1446 
f 246/321/1447 186/270/1448 210/284/1449 
f 193/276/1450 246/321/1451 210/284/1452 
f 201/284/1453 187/270/1454 247/321/1455 
f 201/284/1456 247/321/1457 294/276/1458 
f 248/322/1459 186/270/1460 203/286/1461 
f 303/319/1462 248/322/1463 203/286/1464 
f 208/286/1465 187/270/1466 249/322/1467 
f 208/286/1468 249/322/1469 244/319/1470 
f 209/291/1471 309/335/1472 250/323/1473 
f 186/270/1474 209/291/1475 250/323/1476 
f 218/297/1477 251/324/1478 223/302/1479 
f 223/302/1480 251/324/1481 217/297/1482 
f 299/290/1483 252/325/1484 270/340/1485 
f 271/340/1486 315/325/1487 207/290/1488 
f 291/326/1489 236/312/1490 202/285/1491 
f 202/285/1492 283/312/1493 253/326/1494 
f 254/327/1495 286/306/1496 194/277/1497 
f 194/277/1498 228/306/1499 254/327/1500 
f 289/304/1501 263/335/1502 255/323/1503 
f 289/304/1504 255/323/1505 287/281/1506 
f 201/284/1507 294/276/1508 290/328/1509 
f 256/328/1510 193/276/1511 210/284/1512 
f 227/305/1513 293/279/1514 257/329/1515 
f 312/329/1516 196/279/1517 231/305/1518 
f 255/323/1519 301/330/1520 287/281/1521 
f 198/281/1522 258/330/1523 250/323/1524 
f 259/331/1525 285/263/1526 278/345/1527 
f 277/345/1528 179/263/1529 259/331/1530 
f 238/313/1531 305/283/1532 260/332/1533 
f 313/332/1534 200/283/1535 237/313/1536 
f 205/288/1537 204/287/1538 261/333/1539 
f 261/333/1540 204/287/1541 213/288/1542 
f 212/293/1543 314/334/1544 220/299/1545 
f 225/299/1546 262/334/1547 212/293/1548 
f 309/335/1549 189/272/1550 226/304/1551 
f 289/304/1552 189/272/1553 263/335/1554 
f 264/336/1555 186/270/1556 220/299/1557 
f 184/268/1558 264/336/1559 220/299/1560 
f 225/299/1561 187/270/1562 265/336/1563 
f 225/299/1564 265/336/1565 300/268/1566 
f 266/337/1567 187/270/1568 206/289/1569 
f 266/337/1570 206/289/1571 245/320/1572 
f 229/289/1573 186/270/1574 267/337/1575 
f 295/320/1576 229/289/1577 267/337/1578 
f 268/338/1579 183/267/1580 213/288/1581 
f 205/288/1582 183/267/1583 268/338/1584 
f 275/343/1585 317/265/1586 269/339/1587 
f 269/339/1588 181/265/1589 274/343/1590 
f 217/297/1591 186/270/1592 270/340/1593 
f 188/271/1594 217/297/1595 270/340/1596 
f 271/340/1597 187/270/1598 218/297/1599 
f 271/340/1600 218/297/1601 302/271/1602 
f 247/321/1603 182/266/1604 272/341/1605 
f 272/341/1606 182/266/1607 246/321/1608 
f 191/274/1609 273/342/1610 284/301/1611 
f 222/301/1612 273/342/1613 191/274/1614 
f 213/288/1615 186/270/1616 274/343/1617 
f 296/311/1618 213/288/1619 274/343/1620 
f 275/343/1621 187/270/1622 205/288/1623 
f 275/343/1624 205/288/1625 235/311/1626 
f 247/321/1627 276/344/1628 294/276/1629 
f 193/276/1630 276/344/1631 246/321/1632 
f 277/345/1633 187/270/1634 208/286/1635 
f 208/286/1636 179/263/1637 277/345/1638 
f 203/286/1639 186/270/1640 278/345/1641 
f 278/345/1642 285/263/1643 203/286/1644 
s 128
f 308/450/1645 290/389/1646 256/346/1647 
f 256/346/1648 211/347/1649 308/450/1650 
f 273/349/1651 279/348/1652 211/347/1653 
f 280/350/1654 310/453/1655 178/352/1656 
f 178/355/1657 297/408/1658 234/353/1659 
f 234/353/1660 280/354/1661 178/355/1662 
s 64
f 210/284/1663 186/270/1664 281/356/1665 
f 256/328/1666 210/284/1667 281/356/1668 
f 282/356/1669 187/270/1670 201/284/1671 
f 282/356/1672 201/284/1673 290/328/1674 
s 128
f 202/357/1675 236/358/1676 283/359/1677 
f 236/358/1678 196/360/1679 293/394/1680 
f 293/394/1681 283/359/1682 236/358/1683 
f 191/361/1684 284/362/1685 222/363/1686 
f 284/362/1687 234/353/1688 297/408/1689 
f 297/408/1690 222/363/1691 284/362/1692 
f 254/364/1693 285/365/1694 179/366/1695 
f 259/367/1696 179/366/1697 285/365/1698 
f 286/370/1699 244/368/1700 303/432/1701 
f 303/432/1702 228/369/1703 286/370/1704 
f 194/371/1705 286/370/1706 228/369/1707 
f 287/374/1708 301/424/1709 258/372/1710 
f 258/372/1711 198/373/1712 287/374/1713 
f 232/375/1714 287/374/1715 198/373/1716 
f 288/378/1717 263/376/1718 309/452/1719 
f 309/452/1720 209/377/1721 288/378/1722 
f 195/379/1723 288/380/1724 209/381/1725 
f 189/382/1726 289/383/1727 226/384/1728 
f 289/383/1729 292/392/1730 241/385/1731 
f 241/385/1732 226/384/1733 289/383/1734 
f 290/388/1735 294/397/1736 193/386/1737 
f 193/386/1738 256/387/1739 290/388/1740 
f 202/357/1741 253/390/1742 291/391/1743 
f 215/351/1744 291/391/1745 253/390/1746 
f 180/393/1747 241/385/1748 292/392/1749 
f 196/360/1750 312/458/1751 257/395/1752 
f 257/395/1753 293/394/1754 196/360/1755 
f 276/396/1756 193/386/1757 294/397/1758 
f 245/400/1759 177/398/1760 307/449/1761 
f 307/449/1762 295/399/1763 245/400/1764 
f 197/401/1765 245/400/1766 295/399/1767 
f 190/402/1768 296/403/1769 235/404/1770 
f 296/407/1771 181/405/1772 317/464/1773 
f 317/464/1774 235/406/1775 296/407/1776 
f 259/409/1777 298/410/1778 216/411/1779 
f 251/412/1780 216/411/1781 298/410/1782 
f 207/415/1783 315/462/1784 252/413/1785 
f 252/413/1786 299/414/1787 207/415/1788 
f 182/416/1789 207/415/1790 299/414/1791 
f 300/419/1792 243/417/1793 316/463/1794 
f 316/463/1795 184/418/1796 300/419/1797 
f 184/422/1798 314/461/1799 262/420/1800 
f 262/420/1801 300/421/1802 184/422/1803 
f 233/423/1804 258/372/1805 301/424/1806 
f 223/425/1807 188/426/1808 302/427/1809 
f 188/426/1810 311/455/1811 239/428/1812 
f 239/428/1813 302/427/1814 188/426/1815 
f 185/429/1816 303/430/1817 244/431/1818 
f 197/401/1819 304/433/1820 240/434/1821 
f 224/435/1822 240/436/1823 304/437/1824 
f 230/438/1825 200/439/1826 305/440/1827 
f 200/439/1828 313/460/1829 260/441/1830 
f 260/441/1831 305/440/1832 200/439/1833 
f 199/443/1834 260/441/1835 313/460/1836 
f 313/460/1837 306/442/1838 199/443/1839 
f 306/445/1840 316/463/1841 243/417/1842 
f 243/417/1843 199/444/1844 306/445/1845 
f 212/446/1846 307/447/1847 177/448/1848 
f 279/348/1849 308/450/1850 211/347/1851 
s 64
f 282/356/1852 308/451/1853 279/292/1854 
s 128
f 189/382/1855 309/452/1856 263/376/1857 
f 215/351/1858 178/352/1859 310/453/1860 
s 64
f 215/295/1861 310/454/1862 291/326/1863 
s 128
f 311/457/1864 252/413/1865 315/462/1866 
f 315/462/1867 239/456/1868 311/457/1869 
f 214/459/1870 257/395/1871 312/458/1872 
f 212/446/1873 262/420/1874 314/461/1875 
f 269/465/1876 317/464/1877 181/405/1878 
# 278 faces

#
# object SM_Coral_Table_Acropora_03_LOD2
#

v  -1.5161 10.8340 35.6258
v  -31.7008 8.5614 -35.4803
v  3.9002 11.2763 -26.4662
v  36.7998 9.3202 -27.1171
v  5.0368 7.2205 7.9210
v  14.2196 11.2763 32.4277
v  -49.3093 10.6802 -7.8051
v  -11.0397 11.2763 -35.3268
v  22.0341 10.9604 -33.8823
v  -11.1079 8.5056 33.8683
v  -28.7077 7.4364 26.4651
v  -45.8412 11.2014 7.3248
v  -36.5789 7.3172 -22.9533
v  47.3024 13.0045 -6.1603
v  46.0658 12.1034 14.5018
v  -1.4986 10.4404 35.6951
v  -31.6570 8.1720 -35.5605
v  3.8824 10.8966 -26.5907
v  5.0993 6.8421 8.0347
v  28.9256 10.8814 29.1140
v  -49.3881 10.2924 -7.7469
v  22.0151 10.5720 -33.9760
v  -11.0290 8.1155 33.9084
v  -28.7161 7.0366 26.4756
v  -45.9216 10.8102 7.3463
v  -36.5826 6.9175 -22.9678
v  47.3840 12.6132 -6.1740
v  46.1404 11.7104 14.5007
v  -44.4336 7.6133 -18.6735
v  -37.1259 7.9466 18.5097
v  -36.7597 7.1854 -30.4351
v  -8.2931 9.5196 39.1542
v  9.9914 11.0912 -31.1022
v  48.0004 12.8087 -0.3320
v  2.9644 11.0797 38.8855
v  14.2196 10.8763 32.4277
v  17.1900 7.0323 17.0665
v  28.8984 11.2763 29.0567
v  37.3739 11.0794 22.8105
v  16.0128 11.0756 30.3972
v  29.0505 9.8514 -31.7689
v  36.8432 8.9227 -27.1268
v  43.6314 11.7375 -13.9241
v  -23.1408 6.5719 6.6241
v  -12.5102 7.9697 31.3731
v  -22.8714 6.9138 7.9088
v  -26.6119 9.9857 -39.2764
v  -10.9732 10.8945 -35.4258
v  26.6541 11.0806 29.6464
v  7.0364 8.4695 14.0703
v  -24.0930 7.2367 30.6130
v  -43.6458 10.0331 13.2855
v  -48.0842 9.4218 -12.1921
v  -46.1432 11.0790 2.2572
v  -5.4622 9.7724 35.3593
v  11.8466 11.0769 26.8234
v  -7.9642 0.3999 -2.8976
v  -7.9704 0.0000 -2.9032
v  7.9613 11.0791 32.3383
v  33.5949 11.0789 24.5764
v  15.8810 7.2205 -12.1701
v  -34.6825 7.1177 -24.3635
v  -16.8186 7.5028 34.7057
v  -18.1333 11.0687 -38.8051
v  -11.5525 8.4583 36.4884
v  -8.2667 11.0898 -31.6501
v  9.1572 11.0871 21.8434
v  -23.7495 6.3349 -12.9951
v  -25.4085 8.0615 -9.6541
v  -32.1894 7.2373 21.9054
v  1.6039 11.0855 -28.8393
v  -41.3758 7.1181 -22.4256
v  41.8273 11.2091 20.2866
v  -34.2087 7.4212 -31.6864
v  22.3687 11.0761 27.8267
v  -7.7721 9.2973 36.4260
v  15.9438 6.8277 -12.2034
v  -2.3813 4.6224 15.0476
v  19.3661 7.2205 4.7587
v  19.4310 6.8270 4.7817
v  14.5220 11.0877 -32.8460
v  -13.1999 6.0534 -20.1591
v  6.1726 11.0805 36.5416
v  -15.7918 7.4738 31.1005
v  -21.3738 7.2369 33.6555
v  49.3475 12.8093 3.7659
v  8.8728 8.9447 17.1119
v  -45.6698 8.5176 -14.7188
v  43.9405 12.3374 -10.7895
v  -48.0690 11.0820 -0.2141
v  -47.3031 11.0826 5.7971
v  -21.3738 7.2369 33.6555
v  -15.7918 7.4738 31.1005
v  -15.7918 7.4738 31.1005
v  -21.3738 7.2369 33.6555
v  -11.5525 8.4583 36.4884
v  -7.7721 9.2973 36.4260
v  -7.7721 9.2973 36.4260
v  -11.5525 8.4583 36.4884
v  11.8466 11.0769 26.8234
v  7.9613 11.0791 32.3383
v  9.1572 11.0871 21.8434
v  7.9613 11.0791 32.3383
v  -34.2087 7.4212 -31.6864
v  -34.6825 7.1177 -24.3635
v  -34.6825 7.1177 -24.3635
v  -34.2087 7.4212 -31.6864
v  9.1572 11.0871 21.8434
v  7.0364 8.4695 14.0703
v  7.0364 8.4695 14.0703
v  9.1572 11.0871 21.8434
v  -36.7597 7.1854 -30.4351
v  -8.2931 9.5196 39.1542
v  11.8466 11.0769 26.8234
v  7.9613 11.0791 32.3383
v  -16.8186 7.5028 34.7057
v  9.1572 11.0871 21.8434
v  8.8728 8.9447 17.1119
# 118 vertices

vn -0.2902 0.8424 0.4540
vn -0.7436 0.6650 0.0696
vn -0.1645 0.0022 0.9864
vn -0.2902 0.8424 0.4540
vn 0.1733 0.9838 -0.0468
vn -0.9093 -0.0715 0.4100
vn 0.1733 0.9838 -0.0468
vn -0.5081 0.7177 0.4762
vn -0.1531 0.0247 0.9879
vn 0.1733 0.9838 -0.0468
vn -0.3788 0.8941 0.2389
vn -0.4779 0.0092 0.8784
vn 0.1733 0.9838 -0.0468
vn -0.9038 0.1068 -0.4145
vn -0.3788 0.8941 0.2389
vn 0.1464 0.9875 0.0583
vn -0.6255 0.7648 -0.1543
vn -0.8500 0.1880 0.4921
vn 0.1464 0.9875 0.0583
vn -0.6165 -0.0677 -0.7845
vn -0.6255 0.7648 -0.1543
vn 0.1464 0.9875 0.0583
vn -0.6259 0.6626 -0.4113
vn -0.9657 -0.1845 -0.1829
vn 0.1464 0.9875 0.0583
vn 0.8795 0.3179 -0.3542
vn -0.6259 0.6626 -0.4113
vn 0.8795 0.3179 -0.3542
vn -0.0342 0.9861 -0.1627
vn 0.4431 0.0941 -0.8915
vn -0.0342 0.9861 -0.1627
vn 0.1237 0.7989 -0.5886
vn -0.3566 0.1107 -0.9277
vn -0.0342 0.9861 -0.1627
vn -0.1207 0.9838 0.1327
vn 0.1237 0.7989 -0.5886
vn -0.1207 0.9838 0.1327
vn 0.4243 0.0940 -0.9006
vn 0.1237 0.7989 -0.5886
vn -0.1588 0.9866 -0.0369
vn 0.5545 0.7927 -0.2533
vn 0.2356 0.0961 -0.9671
vn -0.1588 0.9866 -0.0369
vn 0.8013 0.1502 0.5791
vn 0.5545 0.7927 -0.2533
vn -0.1588 0.9866 -0.0369
vn 0.5232 0.7798 0.3439
vn 0.8574 0.1734 -0.4846
vn 0.0561 0.9978 0.0361
vn -0.1330 0.9865 -0.0950
vn -0.1588 0.9866 -0.0369
vn -0.0342 0.9861 -0.1627
vn 0.0561 0.9978 0.0361
vn -0.1207 0.9838 0.1327
vn 0.8795 0.3179 -0.3542
vn 0.0561 0.9978 0.0361
vn -0.0342 0.9861 -0.1627
vn 0.9491 0.3065 -0.0725
vn 0.0561 0.9978 0.0361
vn -0.2902 0.8424 0.4540
vn 0.9491 0.3065 -0.0725
vn -0.1330 0.9865 -0.0950
vn 0.0561 0.9978 0.0361
vn -0.4387 -0.8632 0.2498
vn -0.9093 -0.0715 0.4100
vn 0.1493 -0.9735 0.1734
vn -0.9093 -0.0715 0.4100
vn -0.1816 -0.9811 0.0663
vn 0.1493 -0.9735 0.1734
vn -0.1531 0.0247 0.9879
vn -0.5371 -0.6751 0.5057
vn -0.1816 -0.9811 0.0663
vn -0.5371 -0.6751 0.5057
vn -0.9946 0.0158 0.1025
vn -0.1816 -0.9811 0.0663
vn -0.4779 0.0092 0.8784
vn -0.7112 -0.6143 0.3418
vn -0.1816 -0.9811 0.0663
vn -0.8500 0.1880 0.4921
vn -0.8685 -0.4950 0.0270
vn -0.1816 -0.9811 0.0663
vn -0.7330 -0.0383 -0.6791
vn -0.2383 -0.7555 -0.6103
vn -0.1535 -0.9869 -0.0500
vn -0.9657 -0.1845 -0.1829
vn -0.4721 -0.6278 -0.6189
vn -0.1535 -0.9869 -0.0500
vn -0.4721 -0.6278 -0.6189
vn 0.0290 -0.9636 -0.2656
vn -0.1535 -0.9869 -0.0500
vn 0.0277 -0.4977 -0.8669
vn 0.1263 -0.9831 -0.1325
vn 0.1053 -0.6738 -0.7313
vn 0.2356 0.0961 -0.9671
vn 0.8124 -0.5031 -0.2948
vn 0.1610 -0.9859 0.0452
vn 0.8574 0.1734 -0.4846
vn 0.7669 -0.5502 0.3305
vn 0.1610 -0.9859 0.0452
vn 0.1610 -0.9859 0.0452
vn -0.0390 -0.9992 -0.0119
vn 0.1263 -0.9831 -0.1325
vn 0.1263 -0.9831 -0.1325
vn -0.0390 -0.9992 -0.0119
vn 0.1053 -0.6738 -0.7313
vn 0.1053 -0.6738 -0.7313
vn -0.0390 -0.9992 -0.0119
vn 0.0290 -0.9636 -0.2656
vn 0.2992 -0.8661 0.4004
vn 0.9491 0.3065 -0.0725
vn 0.1493 -0.9735 0.1734
vn 0.1223 0.1273 0.9843
vn -0.2902 0.8424 0.4540
vn -0.2096 -0.5998 0.7722
vn -0.1645 0.0022 0.9864
vn -0.2096 -0.5998 0.7722
vn -0.2902 0.8424 0.4540
vn -0.1531 0.0247 0.9879
vn -0.5081 0.7177 0.4762
vn -0.5371 -0.6751 0.5057
vn -0.4779 0.0092 0.8784
vn -0.3788 0.8941 0.2389
vn -0.7112 -0.6143 0.3418
vn -0.8500 0.1880 0.4921
vn -0.6255 0.7648 -0.1543
vn -0.8685 -0.4950 0.0270
vn -0.7330 -0.0383 -0.6791
vn -0.2218 0.7758 -0.5907
vn -0.2383 -0.7555 -0.6103
vn -0.9657 -0.1845 -0.1829
vn -0.6259 0.6626 -0.4113
vn -0.4721 -0.6278 -0.6189
vn -0.1369 0.2173 -0.9665
vn -0.4721 -0.6278 -0.6189
vn -0.6259 0.6626 -0.4113
vn -0.3813 0.0075 -0.9244
vn 0.1053 -0.6738 -0.7313
vn -0.0342 0.9861 -0.1627
vn 0.4243 0.0940 -0.9006
vn 0.0277 -0.4977 -0.8669
vn 0.1237 0.7989 -0.5886
vn 0.2356 0.0961 -0.9671
vn 0.5545 0.7927 -0.2533
vn 0.8124 -0.5031 -0.2948
vn 0.8574 0.1734 -0.4846
vn 0.5232 0.7798 0.3439
vn 0.7669 -0.5502 0.3305
vn 0.1529 0.0320 0.9877
vn 0.7669 -0.5502 0.3305
vn 0.5232 0.7798 0.3439
vn -0.5699 -0.3705 0.7334
vn -0.1330 0.9865 -0.0950
vn 0.2992 -0.8661 0.4004
vn 0.9491 0.3065 -0.0725
vn 0.2992 -0.8661 0.4004
vn -0.1330 0.9865 -0.0950
vn -0.6165 -0.0677 -0.7845
vn -0.8685 -0.4950 0.0270
vn -0.6255 0.7648 -0.1543
vn -0.8685 -0.4950 0.0270
vn -0.6165 -0.0677 -0.7845
vn -0.1816 -0.9811 0.0663
vn -0.9946 0.0158 0.1025
vn -0.5371 -0.6751 0.5057
vn -0.5081 0.7177 0.4762
vn 0.1733 0.9838 -0.0468
vn -0.9946 0.0158 0.1025
vn -0.5081 0.7177 0.4762
vn -0.6809 -0.0505 -0.7307
vn -0.2383 -0.7555 -0.6103
vn -0.2218 0.7758 -0.5907
vn -0.2383 -0.7555 -0.6103
vn -0.6809 -0.0505 -0.7307
vn -0.1535 -0.9869 -0.0500
vn -0.6140 -0.0597 0.7870
vn -0.7436 0.6650 0.0696
vn -0.4387 -0.8632 0.2498
vn -0.1645 0.0022 0.9864
vn -0.4387 -0.8632 0.2498
vn 0.1493 -0.9735 0.1734
vn -0.3566 0.1107 -0.9277
vn 0.1237 0.7989 -0.5886
vn 0.0277 -0.4977 -0.8669
vn -0.3566 0.1107 -0.9277
vn 0.0277 -0.4977 -0.8669
vn 0.1053 -0.6738 -0.7313
vn 0.8124 -0.5031 -0.2948
vn 0.8013 0.1502 0.5791
vn 0.1610 -0.9859 0.0452
vn 0.8013 0.1502 0.5791
vn 0.8124 -0.5031 -0.2948
vn 0.5545 0.7927 -0.2533
vn -0.9496 0.0005 0.3136
vn 0.3174 -0.6464 0.6938
vn 0.3178 0.6463 0.6938
vn 0.9593 -0.0003 -0.2823
vn 0.3178 0.6463 0.6938
vn 0.3174 -0.6464 0.6938
vn -0.6237 0.0935 0.7760
vn 0.3839 -0.5540 0.7387
vn 0.2967 0.7687 0.5666
vn 0.9765 0.1408 0.1630
vn 0.2967 0.7687 0.5666
vn 0.3839 -0.5540 0.7387
vn 0.9765 0.1408 0.1630
vn 0.3839 -0.5540 0.7387
vn 0.1610 -0.9859 0.0452
vn -0.1588 0.9866 -0.0369
vn 0.1529 0.0320 0.9877
vn 0.5232 0.7798 0.3439
vn -0.1588 0.9866 -0.0369
vn 0.2967 0.7687 0.5666
vn 0.9765 0.1408 0.1630
vn 0.7669 -0.5502 0.3305
vn 0.1529 0.0320 0.9877
vn 0.1610 -0.9859 0.0452
vn 0.9699 0.2269 0.0881
vn 0.1493 -0.9735 0.1734
vn -0.8228 -0.5638 0.0715
vn 0.9491 0.3065 -0.0725
vn -0.2902 0.8424 0.4540
vn 0.9699 0.2269 0.0881
vn 0.3174 -0.6464 0.6938
vn -0.9496 0.0005 0.3136
vn -0.2005 -0.0000 -0.9797
vn -0.2005 -0.0000 -0.9797
vn -0.9496 0.0005 0.3136
vn 0.3178 0.6463 0.6938
vn 0.5933 -0.6242 -0.5083
vn 0.9736 0.1724 0.1495
vn 0.1263 -0.9831 -0.1325
vn 0.4243 0.0940 -0.9006
vn 0.5018 0.6827 -0.5312
vn 0.5933 -0.6242 -0.5083
vn 0.2356 0.0961 -0.9671
vn 0.1610 -0.9859 0.0452
vn 0.1263 -0.9831 -0.1325
vn -0.1207 0.9838 0.1327
vn 0.5018 0.6827 -0.5312
vn 0.4243 0.0940 -0.9006
vn -0.1207 0.9838 0.1327
vn 0.9736 0.1724 0.1495
vn 0.5018 0.6827 -0.5312
vn 0.9736 0.1724 0.1495
vn 0.5933 -0.6242 -0.5083
vn 0.5018 0.6827 -0.5312
vn 0.1610 -0.9859 0.0452
vn 0.2992 -0.8661 0.4004
vn -0.0390 -0.9992 -0.0119
vn -0.0390 -0.9992 -0.0119
vn 0.2992 -0.8661 0.4004
vn 0.1493 -0.9735 0.1734
vn -0.2902 0.8424 0.4540
vn -0.9093 -0.0715 0.4100
vn -0.7436 0.6650 0.0696
vn -0.9093 -0.0715 0.4100
vn -0.4387 -0.8632 0.2498
vn -0.7436 0.6650 0.0696
vn 0.1464 0.9875 0.0583
vn -0.6809 -0.0505 -0.7307
vn -0.2218 0.7758 -0.5907
vn 0.1464 0.9875 0.0583
vn -0.2218 0.7758 -0.5907
vn -0.7330 -0.0383 -0.6791
vn 0.8795 0.3179 -0.3542
vn -0.1369 0.2173 -0.9665
vn -0.6259 0.6626 -0.4113
vn 0.0380 0.2468 -0.9683
vn 0.3820 0.8074 -0.4496
vn 0.5654 -0.4190 -0.7105
vn 0.0380 0.2468 -0.9683
vn 0.5654 -0.4190 -0.7105
vn 0.0290 -0.9636 -0.2656
vn -0.4721 -0.6278 -0.6189
vn -0.1369 0.2173 -0.9665
vn 0.0290 -0.9636 -0.2656
vn 0.3839 -0.5540 0.7387
vn -0.6237 0.0935 0.7760
vn 0.1610 -0.9859 0.0452
vn -0.1588 0.9866 -0.0369
vn -0.6237 0.0935 0.7760
vn 0.2967 0.7687 0.5666
vn 0.1493 -0.9735 0.1734
vn 0.9491 0.3065 -0.0725
vn -0.8228 -0.5638 0.0715
vn -0.8228 -0.5638 0.0715
vn 0.9491 0.3065 -0.0725
vn 0.9699 0.2269 0.0881
vn -0.1335 0.0028 0.9910
vn -0.1816 -0.9811 0.0663
vn 0.1402 -0.0292 0.9897
vn 0.1402 -0.0292 0.9897
vn 0.1733 0.9838 -0.0468
vn -0.1335 0.0028 0.9910
vn 0.1733 0.9838 -0.0468
vn -0.4779 0.0092 0.8784
vn -0.5391 -0.0361 0.8415
vn -0.5391 -0.0361 0.8415
vn -0.4779 0.0092 0.8784
vn -0.1816 -0.9811 0.0663
vn -0.8832 -0.0425 -0.4670
vn -0.9332 -0.0134 -0.3590
vn -0.1535 -0.9869 -0.0500
vn 0.1464 0.9875 0.0583
vn -0.9332 -0.0134 -0.3590
vn -0.8832 -0.0425 -0.4670
vn -0.9038 0.1068 -0.4145
vn -0.6588 0.2182 0.7200
vn -0.1816 -0.9811 0.0663
vn 0.1733 0.9838 -0.0468
vn -0.6588 0.2182 0.7200
vn -0.9038 0.1068 -0.4145
vn -0.4387 -0.8632 0.2498
vn 0.2709 0.1365 0.9529
vn -0.6140 -0.0597 0.7870
vn -0.6140 -0.0597 0.7870
vn 0.2709 0.1365 0.9529
vn -0.7436 0.6650 0.0696
vn 0.9593 -0.0003 -0.2823
vn 0.3174 -0.6464 0.6938
vn -0.2005 -0.0000 -0.9797
vn -0.2005 -0.0000 -0.9797
vn 0.3178 0.6463 0.6938
vn 0.9593 -0.0003 -0.2823
vn -0.2902 0.8424 0.4540
vn 0.0561 0.9978 0.0361
vn 0.1733 0.9838 -0.0468
vn 0.1464 0.9875 0.0583
vn 0.0561 0.9978 0.0361
vn 0.8795 0.3179 -0.3542
vn 0.0290 -0.9636 -0.2656
vn -0.0390 -0.9992 -0.0119
vn -0.1535 -0.9869 -0.0500
vn -0.1816 -0.9811 0.0663
vn -0.0390 -0.9992 -0.0119
vn 0.1493 -0.9735 0.1734
vn -0.2902 0.8424 0.4540
vn 0.7179 0.1449 0.6809
vn 0.9699 0.2269 0.0881
vn 0.9699 0.2269 0.0881
vn 0.7179 0.1449 0.6809
vn 0.1493 -0.9735 0.1734
vn 0.4569 0.1485 0.8770
vn 0.9765 0.1408 0.1630
vn 0.1610 -0.9859 0.0452
vn -0.1588 0.9866 -0.0369
vn 0.9765 0.1408 0.1630
vn 0.4569 0.1485 0.8770
vn -0.1588 0.9866 -0.0369
vn -0.1330 0.9865 -0.0950
vn -0.5699 -0.3705 0.7334
vn -0.1588 0.9866 -0.0369
vn -0.5699 -0.3705 0.7334
vn -0.5643 0.1996 0.8011
vn -0.6809 -0.0505 -0.7307
vn -0.9657 -0.1845 -0.1829
vn -0.1535 -0.9869 -0.0500
vn 0.1464 0.9875 0.0583
vn -0.9657 -0.1845 -0.1829
vn -0.6809 -0.0505 -0.7307
vn 0.0529 -0.9983 0.0231
vn 0.0529 -0.9983 0.0231
vn 0.0529 -0.9983 0.0231
vn -0.0529 0.9983 -0.0231
vn -0.0529 0.9983 -0.0231
vn -0.0529 0.9983 -0.0231
vn -0.1369 0.2173 -0.9665
vn 0.0380 0.2468 -0.9683
vn 0.0290 -0.9636 -0.2656
vn 0.8795 0.3179 -0.3542
vn 0.0380 0.2468 -0.9683
vn -0.1369 0.2173 -0.9665
vn 0.2170 -0.9687 0.1204
vn 0.2170 -0.9687 0.1204
vn 0.2170 -0.9687 0.1204
vn -0.2170 0.9687 -0.1204
vn -0.2170 0.9687 -0.1204
vn -0.2170 0.9687 -0.1204
vn 0.8795 0.3179 -0.3542
vn 0.5654 -0.4190 -0.7105
vn 0.3820 0.8074 -0.4496
vn 0.8795 0.3179 -0.3542
vn 0.3820 0.8074 -0.4496
vn 0.0380 0.2468 -0.9683
vn -0.0020 -1.0000 -0.0010
vn -0.0020 -1.0000 -0.0010
vn -0.0020 -1.0000 -0.0010
vn 0.0020 1.0000 0.0010
vn 0.0020 1.0000 0.0010
vn 0.0020 1.0000 0.0010
vn -0.1535 -0.9869 -0.0500
vn -0.0390 -0.9992 -0.0119
vn -0.1816 -0.9811 0.0663
vn -0.6165 -0.0677 -0.7845
vn -0.1535 -0.9869 -0.0500
vn -0.1816 -0.9811 0.0663
vn 0.1733 0.9838 -0.0468
vn 0.1464 0.9875 0.0583
vn -0.6588 0.2182 0.7200
vn 0.1733 0.9838 -0.0468
vn 0.0561 0.9978 0.0361
vn 0.1464 0.9875 0.0583
vn -0.9946 0.0158 0.1025
vn -0.5391 -0.0361 0.8415
vn -0.1816 -0.9811 0.0663
vn 0.1733 0.9838 -0.0468
vn -0.5391 -0.0361 0.8415
vn -0.9946 0.0158 0.1025
vn 0.4431 0.0941 -0.8915
vn -0.0342 0.9861 -0.1627
vn 0.1053 -0.6738 -0.7313
vn 0.4431 0.0941 -0.8915
vn 0.1053 -0.6738 -0.7313
vn 0.0290 -0.9636 -0.2656
vn -0.9332 -0.0134 -0.3590
vn -0.7330 -0.0383 -0.6791
vn -0.1535 -0.9869 -0.0500
vn 0.1464 0.9875 0.0583
vn -0.7330 -0.0383 -0.6791
vn -0.9332 -0.0134 -0.3590
vn -0.1588 0.9866 -0.0369
vn 0.4569 0.1485 0.8770
vn 0.1529 0.0320 0.9877
vn 0.1529 0.0320 0.9877
vn 0.4569 0.1485 0.8770
vn 0.1610 -0.9859 0.0452
vn 0.0742 -0.9966 -0.0365
vn 0.0742 -0.9966 -0.0365
vn 0.0742 -0.9966 -0.0365
vn -0.0742 0.9966 0.0365
vn -0.0742 0.9966 0.0365
vn -0.0742 0.9966 0.0365
vn -0.1588 0.9866 -0.0369
vn -0.5643 0.1996 0.8011
vn -0.6237 0.0935 0.7760
vn -0.6237 0.0935 0.7760
vn -0.5643 0.1996 0.8011
vn 0.1610 -0.9859 0.0452
vn -0.7436 0.6650 0.0696
vn 0.2709 0.1365 0.9529
vn -0.1645 0.0022 0.9864
vn -0.1645 0.0022 0.9864
vn 0.2709 0.1365 0.9529
vn -0.4387 -0.8632 0.2498
vn 0.4243 0.0940 -0.9006
vn 0.5933 -0.6242 -0.5083
vn 0.1263 -0.9831 -0.1325
vn 0.0277 -0.4977 -0.8669
vn 0.4243 0.0940 -0.9006
vn 0.1263 -0.9831 -0.1325
vn 0.1493 -0.9735 0.1734
vn -0.2096 -0.5998 0.7722
vn -0.1645 0.0022 0.9864
vn 0.1223 0.1273 0.9843
vn -0.2096 -0.5998 0.7722
vn 0.1493 -0.9735 0.1734
vn -0.1207 0.9838 0.1327
vn -0.1588 0.9866 -0.0369
vn 0.2356 0.0961 -0.9671
vn -0.1207 0.9838 0.1327
vn 0.0561 0.9978 0.0361
vn -0.1588 0.9866 -0.0369
vn -0.5699 -0.3705 0.7334
vn 0.2992 -0.8661 0.4004
vn 0.1610 -0.9859 0.0452
vn -0.5643 0.1996 0.8011
vn -0.5699 -0.3705 0.7334
vn 0.1610 -0.9859 0.0452
vn -0.3813 0.0075 -0.9244
vn -0.3566 0.1107 -0.9277
vn 0.1053 -0.6738 -0.7313
vn -0.0342 0.9861 -0.1627
vn -0.3566 0.1107 -0.9277
vn -0.3813 0.0075 -0.9244
vn 0.8795 0.3179 -0.3542
vn 0.4431 0.0941 -0.8915
vn 0.0290 -0.9636 -0.2656
vn 0.5654 -0.4190 -0.7105
vn 0.8795 0.3179 -0.3542
vn 0.0290 -0.9636 -0.2656
vn 0.7179 0.1449 0.6809
vn 0.1223 0.1273 0.9843
vn 0.1493 -0.9735 0.1734
vn -0.2902 0.8424 0.4540
vn 0.1223 0.1273 0.9843
vn 0.7179 0.1449 0.6809
vn -0.9093 -0.0715 0.4100
vn 0.1402 -0.0292 0.9897
vn -0.1816 -0.9811 0.0663
vn 0.1733 0.9838 -0.0468
vn 0.1402 -0.0292 0.9897
vn -0.9093 -0.0715 0.4100
vn 0.1733 0.9838 -0.0468
vn -0.1531 0.0247 0.9879
vn -0.1335 0.0028 0.9910
vn -0.1335 0.0028 0.9910
vn -0.1531 0.0247 0.9879
vn -0.1816 -0.9811 0.0663
vn 0.8013 0.1502 0.5791
vn 0.8574 0.1734 -0.4846
vn 0.1610 -0.9859 0.0452
vn -0.1588 0.9866 -0.0369
vn 0.8574 0.1734 -0.4846
vn 0.8013 0.1502 0.5791
vn -0.4405 -0.8076 0.3921
vn -0.4405 -0.8076 0.3921
vn -0.4405 -0.8076 0.3921
vn 0.4405 0.8076 -0.3921
vn 0.4405 0.8076 -0.3921
vn 0.4405 0.8076 -0.3921
vn -0.6165 -0.0677 -0.7845
vn -0.8832 -0.0425 -0.4670
vn -0.1535 -0.9869 -0.0500
vn 0.1464 0.9875 0.0583
vn -0.8832 -0.0425 -0.4670
vn -0.6165 -0.0677 -0.7845
vn -0.1207 0.9838 0.1327
vn 0.2356 0.0961 -0.9671
vn 0.9736 0.1724 0.1495
vn 0.9736 0.1724 0.1495
vn 0.2356 0.0961 -0.9671
vn 0.1263 -0.9831 -0.1325
vn -0.6588 0.2182 0.7200
vn -0.8500 0.1880 0.4921
vn -0.1816 -0.9811 0.0663
vn 0.1464 0.9875 0.0583
vn -0.8500 0.1880 0.4921
vn -0.6588 0.2182 0.7200
vn -0.9038 0.1068 -0.4145
vn -0.7112 -0.6143 0.3418
vn -0.3788 0.8941 0.2389
vn -0.7112 -0.6143 0.3418
vn -0.9038 0.1068 -0.4145
vn -0.1816 -0.9811 0.0663
# 534 vertex normals

vt 0.8965 0.1523 0.0000
vt 0.8911 0.1465 0.0000
vt 0.8843 0.1626 0.0000
vt 0.8731 0.1466 0.0000
vt 0.8765 0.1768 0.0000
vt 0.8436 0.1964 0.0000
vt 0.8682 0.1348 0.0000
vt 0.8589 0.1279 0.0000
vt 0.8462 0.1372 0.0000
vt 0.8348 0.1379 0.0000
vt 0.8184 0.1421 0.0000
vt 0.8281 0.1348 0.0000
vt 0.8171 0.1346 0.0000
vt 0.8266 0.1270 0.0000
vt 0.8145 0.1494 0.0000
vt 0.7781 0.2321 0.0000
vt 0.8052 0.1499 0.0000
vt 0.7891 0.1426 0.0000
vt 0.8021 0.1398 0.0000
vt 0.7813 0.1514 0.0000
vt 0.7681 0.1636 0.0000
vt 0.7583 0.1763 0.0000
vt 0.7441 0.1860 0.0000
vt 0.7251 0.2012 0.0000
vt 0.7188 0.2183 0.0000
vt 0.7148 0.2227 0.0000
vt 0.7183 0.2329 0.0000
vt 0.7773 0.2662 0.0000
vt 0.7124 0.2402 0.0000
vt 0.7090 0.2617 0.0000
vt 0.7124 0.2744 0.0000
vt 0.7821 0.2750 0.0000
vt 0.7197 0.2817 0.0000
vt 0.7231 0.2930 0.0000
vt 0.7319 0.3037 0.0000
vt 0.7456 0.3052 0.0000
vt 0.7510 0.3091 0.0000
vt 0.7524 0.3301 0.0000
vt 0.7449 0.3267 0.0000
vt 0.7593 0.3413 0.0000
vt 0.7739 0.3521 0.0000
vt 0.7983 0.3506 0.0000
vt 0.8188 0.3408 0.0000
vt 0.8069 0.2982 0.0000
vt 0.8267 0.3301 0.0000
vt 0.8550 0.3218 0.0000
vt 0.8618 0.3154 0.0000
vt 0.8789 0.3281 0.0000
vt 0.8921 0.3335 0.0000
vt 0.9136 0.3364 0.0000
vt 0.9336 0.3306 0.0000
vt 0.9561 0.3169 0.0000
vt 0.8934 0.2788 0.0000
vt 0.9756 0.2793 0.0000
vt 0.9761 0.2705 0.0000
vt 0.9054 0.2233 0.0000
vt 0.9858 0.2568 0.0000
vt 0.9878 0.2402 0.0000
vt 0.9917 0.2285 0.0000
vt 0.9824 0.1978 0.0000
vt 0.9702 0.1812 0.0000
vt 0.9575 0.1738 0.0000
vt 0.9465 0.1689 0.0000
vt 0.9331 0.1558 0.0000
vt 0.9268 0.1543 0.0000
vt 0.9146 0.1597 0.0000
vt 0.8994 0.1904 0.0000
vt 0.8647 0.2168 0.0000
vt 0.8276 0.2476 0.0000
vt 0.8706 0.1992 0.0000
vt 0.8760 0.1904 0.0000
vt 0.0022 0.9864 0.0000
vt 0.0022 0.9918 0.0000
vt 0.0780 0.9891 0.0000
vt 0.2082 0.9891 0.0000
vt 0.2825 0.9864 0.0000
vt 0.2825 0.9918 0.0000
vt 0.0449 0.9891 0.0000
vt 0.2559 0.9891 0.0000
vt 0.2832 0.9862 0.0000
vt 0.2832 0.9920 0.0000
vt 0.0443 0.9891 0.0000
vt 0.2797 0.9891 0.0000
vt 0.3693 0.9862 0.0000
vt 0.3693 0.9920 0.0000
vt 0.0844 0.9891 0.0000
vt 0.2948 0.9891 0.0000
vt 0.3871 0.9862 0.0000
vt 0.3871 0.9920 0.0000
vt 0.0323 0.9890 0.0000
vt 0.1308 0.9891 0.0000
vt 0.2415 0.9862 0.0000
vt 0.2415 0.9920 0.0000
vt 0.0694 0.9891 0.0000
vt 0.2519 0.9891 0.0000
vt 0.3211 0.9862 0.0000
vt 0.3211 0.9919 0.0000
vt 0.0361 0.9891 0.0000
vt 0.1822 0.9891 0.0000
vt 0.2493 0.9862 0.0000
vt 0.2493 0.9919 0.0000
vt 0.0961 0.9891 0.0000
vt 0.2197 0.9891 0.0000
vt 0.3338 0.9862 0.0000
vt 0.3338 0.9920 0.0000
vt 0.0683 0.9891 0.0000
vt 0.2156 0.9891 0.0000
vt 0.2625 0.9862 0.0000
vt 0.2625 0.9920 0.0000
vt 0.1083 0.9891 0.0000
vt 0.1773 0.9891 0.0000
vt 0.2854 0.9862 0.0000
vt 0.2854 0.9919 0.0000
vt 0.1079 0.9891 0.0000
vt 0.2383 0.9862 0.0000
vt 0.2383 0.9919 0.0000
vt 0.2137 0.9891 0.0000
vt 0.2581 0.9891 0.0000
vt 0.3409 0.9862 0.0000
vt 0.3409 0.9919 0.0000
vt 0.0866 0.9891 0.0000
vt 0.1487 0.9891 0.0000
vt 0.3106 0.9862 0.0000
vt 0.3106 0.9919 0.0000
vt 0.1054 0.9891 0.0000
vt 0.2693 0.9891 0.0000
vt 0.3400 0.9862 0.0000
vt 0.3400 0.9920 0.0000
vt 0.0297 0.9889 0.0000
vt 0.2335 0.9889 0.0000
vt 0.4063 0.9865 0.0000
vt 0.4063 0.9913 0.0000
vt 0.0929 0.9892 0.0000
vt 0.3681 0.9891 0.0000
vt 0.4057 0.9858 0.0000
vt 0.4057 0.9923 0.0000
vt 0.0022 0.9858 0.0000
vt 0.0022 0.9923 0.0000
vt 0.0022 0.9862 0.0000
vt 0.0022 0.9919 0.0000
vt 0.0022 0.9862 0.0000
vt 0.0022 0.9920 0.0000
vt 0.0022 0.9862 0.0000
vt 0.0022 0.9920 0.0000
vt 0.0022 0.9862 0.0000
vt 0.0022 0.9919 0.0000
vt 0.0022 0.9862 0.0000
vt 0.0022 0.9920 0.0000
vt 0.0022 0.9862 0.0000
vt 0.0022 0.9920 0.0000
vt 0.0022 0.9862 0.0000
vt 0.0022 0.9920 0.0000
vt 0.0022 0.9862 0.0000
vt 0.0022 0.9920 0.0000
vt 0.0022 0.9862 0.0000
vt 0.0022 0.9920 0.0000
vt 0.0022 0.9862 0.0000
vt 0.0022 0.9919 0.0000
vt 0.0022 0.9862 0.0000
vt 0.0022 0.9919 0.0000
vt 0.0022 0.9865 0.0000
vt 0.0022 0.9913 0.0000
vt 0.0022 0.9862 0.0000
vt 0.0022 0.9919 0.0000
vt 0.0022 0.9862 0.0000
vt 0.0022 0.9919 0.0000
# 166 texture coords

o SM_Coral_Table_Acropora_03_LOD2
g SM_Coral_Table_Acropora_03_LOD2
usemtl MAT_Coral_Table
s 1
f 318/474/1879 327/476/1880 372/475/1881 
f 318/474/1882 363/481/1883 362/480/1884 
f 363/481/1885 328/486/1886 368/485/1887 
f 363/481/1888 329/490/1889 369/489/1890 
f 363/481/1891 408/491/1892 329/490/1893 
f 386/493/1894 324/495/1895 407/494/1896 
f 386/493/1897 370/496/1898 324/495/1899 
f 386/493/1900 319/505/1901 391/503/1902 
f 386/493/1903 383/510/1904 319/505/1905 
f 383/510/1906 320/512/1907 388/511/1908 
f 320/512/1909 326/515/1910 398/514/1911 
f 320/512/1912 378/518/1913 326/515/1914 
f 378/518/1915 358/516/1916 326/515/1917 
f 396/521/1918 331/522/1919 406/520/1920 
f 396/521/1921 351/523/1922 331/522/1923 
f 396/521/1924 332/525/1925 403/524/1926 
f 374/534/1927 322/533/1928 396/521/1929 
f 320/512/1930 374/534/1931 378/518/1932 
f 383/510/1933 374/534/1934 320/512/1935 
f 367/535/1936 374/534/1937 318/474/1938 
f 367/535/1939 322/533/1940 374/534/1941 
f 340/476/1942 362/480/1943 395/471/1944 
f 362/480/1945 361/481/1946 395/471/1947 
f 368/485/1948 341/486/1949 361/481/1950 
f 341/486/1951 387/487/1952 361/481/1953 
f 369/489/1954 342/490/1955 361/481/1956 
f 407/494/1957 338/495/1958 361/481/1959 
f 389/500/1960 343/501/1961 385/497/1962 
f 391/503/1963 334/505/1964 385/497/1965 
f 334/505/1966 399/509/1967 385/497/1968 
f 339/515/1969 394/518/1970 335/512/1971 
f 406/520/1972 344/522/1973 397/521/1974 
f 403/524/1975 345/525/1976 397/521/1977 
f 397/521/1978 375/534/1979 394/518/1980 
f 394/518/1981 375/534/1982 335/512/1983 
f 335/512/1984 375/534/1985 399/509/1986 
f 336/533/1987 367/535/1988 395/471/1989 
f 352/540/1990 318/541/1991 333/542/1992 
f 372/543/1993 333/617/1994 318/616/1995 
f 368/548/1996 328/549/1997 341/550/1998 
f 369/552/1999 329/553/2000 342/554/2001 
f 407/556/2002 324/557/2003 338/558/2004 
f 389/560/2005 330/561/2006 343/562/2007 
f 391/564/2008 319/565/2009 334/566/2010 
f 364/567/2011 334/609/2012 319/608/2013 
f 350/575/2014 335/605/2015 320/604/2016 
f 358/579/2017 339/629/2018 326/628/2019 
f 406/583/2020 331/584/2021 344/585/2022 
f 403/587/2023 332/588/2024 345/589/2025 
f 390/590/2026 345/607/2027 332/606/2028 
f 354/595/2029 322/596/2030 336/597/2031 
f 367/598/2032 336/603/2033 322/602/2034 
f 370/559/2035 338/611/2036 324/610/2037 
f 338/495/2038 370/496/2039 361/481/2040 
f 387/551/2041 341/613/2042 328/612/2043 
f 363/481/2044 387/487/2045 328/486/2046 
f 379/563/2047 343/623/2048 330/622/2049 
f 343/501/2050 379/502/2051 385/497/2052 
f 382/544/2053 327/545/2054 340/546/2055 
f 372/475/2056 340/476/2057 395/471/2058 
f 398/576/2059 326/577/2060 339/578/2061 
f 398/514/2062 339/515/2063 335/512/2064 
f 344/522/2065 351/523/2066 397/521/2067 
f 351/586/2068 344/631/2069 331/630/2070 
f 376/539/2071 353/538/2072 323/537/2073 
f 357/599/2074 323/600/2075 353/601/2076 
f 366/594/2077 337/627/2078 355/626/2079 
f 377/591/2080 355/592/2081 337/593/2082 
f 377/528/2083 337/529/2084 397/521/2085 
f 396/521/2086 390/526/2087 332/525/2088 
f 396/521/2089 355/529/2090 377/528/2091 
f 345/525/2092 390/526/2093 397/521/2094 
f 432/469/2095 395/471/2096 434/470/2097 
f 367/535/2098 318/474/2099 432/469/2100 
f 353/467/2101 376/469/2102 431/468/2103 
f 431/468/2104 376/469/2105 323/467/2106 
f 359/517/2107 360/519/2108 394/518/2109 
f 358/579/2110 321/580/2111 359/581/2112 
f 406/520/2113 397/521/2114 394/518/2115 
f 378/518/2116 321/517/2117 358/516/2118 
f 378/518/2119 360/519/2120 321/517/2121 
f 360/582/2122 359/625/2123 321/624/2124 
f 397/521/2125 336/533/2126 375/534/2127 
f 375/534/2128 336/533/2129 395/471/2130 
f 318/474/2131 362/480/2132 327/476/2133 
f 362/547/2134 340/615/2135 327/614/2136 
f 386/493/2137 379/502/2138 330/501/2139 
f 386/493/2140 330/501/2141 389/500/2142 
f 383/510/2143 364/506/2144 319/505/2145 
f 381/568/2146 325/569/2147 365/570/2148 
f 381/507/2149 365/508/2150 399/509/2151 
f 334/505/2152 364/506/2153 399/509/2154 
f 337/529/2155 366/530/2156 397/521/2157 
f 396/521/2158 366/530/2159 355/529/2160 
f 395/471/2161 367/535/2162 434/470/2163 
f 434/470/2164 367/535/2165 432/469/2166 
f 402/483/2167 361/481/2168 401/482/2169 
f 401/482/2170 363/481/2171 402/483/2172 
f 363/481/2173 369/489/2174 347/488/2175 
f 347/488/2176 369/489/2177 361/481/2178 
f 405/498/2179 346/499/2180 385/497/2181 
f 386/493/2182 346/499/2183 405/498/2184 
f 408/491/2185 371/492/2186 361/481/2187 
f 363/481/2188 371/492/2189 408/491/2190 
f 340/476/2191 393/477/2192 382/478/2193 
f 382/478/2194 393/477/2195 327/476/2196 
f 357/466/2197 353/467/2198 431/468/2199 
f 431/468/2200 323/467/2201 357/466/2202 
f 318/474/2203 374/534/2204 363/481/2205 
f 386/493/2206 374/534/2207 383/510/2208 
f 399/509/2209 375/534/2210 385/497/2211 
f 361/481/2212 375/534/2213 395/471/2214 
f 318/474/2215 400/472/2216 432/469/2217 
f 432/469/2218 400/472/2219 395/471/2220 
f 356/527/2221 377/528/2222 397/521/2223 
f 396/521/2224 377/528/2225 356/527/2226 
f 396/521/2227 322/533/2228 354/532/2229 
f 396/521/2230 354/532/2231 392/531/2232 
f 379/502/2233 391/503/2234 385/497/2235 
f 386/493/2236 391/503/2237 379/502/2238 
f 380/484/2239 409/483/2240 410/482/2241 
f 411/482/2242 412/483/2243 433/484/2244 
f 364/506/2245 381/507/2246 399/509/2247 
f 383/510/2248 381/507/2249 364/506/2250 
f 413/478/2251 414/477/2252 349/479/2253 
f 430/479/2254 415/477/2255 416/478/2256 
f 383/571/2257 365/621/2258 325/620/2259 
f 383/510/2260 325/508/2261 381/507/2262 
f 417/468/2263 418/469/2264 384/470/2265 
f 419/470/2266 420/469/2267 373/468/2268 
f 385/497/2269 375/534/2270 361/481/2271 
f 370/496/2272 385/497/2273 361/481/2274 
f 363/481/2275 386/493/2276 371/492/2277 
f 363/481/2278 374/534/2279 386/493/2280 
f 387/487/2281 347/488/2282 361/481/2283 
f 363/481/2284 347/488/2285 387/487/2286 
f 388/572/2287 320/573/2288 335/574/2289 
f 388/511/2290 335/512/2291 399/509/2292 
f 346/499/2293 389/500/2294 385/497/2295 
f 386/493/2296 389/500/2297 346/499/2298 
f 396/521/2299 356/527/2300 390/526/2301 
f 390/526/2302 356/527/2303 397/521/2304 
f 422/502/2305 348/504/2306 421/503/2307 
f 424/503/2308 429/504/2309 423/502/2310 
f 396/521/2311 392/531/2312 366/530/2313 
f 366/530/2314 392/531/2315 397/521/2316 
f 327/476/2317 393/477/2318 372/475/2319 
f 372/475/2320 393/477/2321 340/476/2322 
f 358/516/2323 359/517/2324 394/518/2325 
f 339/515/2326 358/516/2327 394/518/2328 
f 395/471/2329 333/474/2330 372/475/2331 
f 352/473/2332 333/474/2333 395/471/2334 
f 378/518/2335 396/521/2336 406/520/2337 
f 378/518/2338 374/534/2339 396/521/2340 
f 354/532/2341 336/533/2342 397/521/2343 
f 392/531/2344 354/532/2345 397/521/2346 
f 350/513/2347 398/514/2348 335/512/2349 
f 320/512/2350 398/514/2351 350/513/2352 
f 383/510/2353 388/511/2354 399/509/2355 
f 365/508/2356 383/510/2357 399/509/2358 
f 400/472/2359 352/473/2360 395/471/2361 
f 318/474/2362 352/473/2363 400/472/2364 
f 362/480/2365 401/482/2366 361/481/2367 
f 363/481/2368 401/482/2369 362/480/2370 
f 363/481/2371 368/485/2372 402/483/2373 
f 402/483/2374 368/485/2375 361/481/2376 
f 351/523/2377 403/524/2378 397/521/2379 
f 396/521/2380 403/524/2381 351/523/2382 
f 426/535/2383 404/536/2384 425/470/2385 
f 428/470/2386 435/536/2387 427/535/2388 
f 370/496/2389 405/498/2390 385/497/2391 
f 386/493/2392 405/498/2393 370/496/2394 
f 378/518/2395 406/520/2396 360/519/2397 
f 360/519/2398 406/520/2399 394/518/2400 
f 371/492/2401 407/494/2402 361/481/2403 
f 386/493/2404 407/494/2405 371/492/2406 
f 408/555/2407 342/619/2408 329/618/2409 
f 342/490/2410 408/491/2411 361/481/2412 
# 178 faces

