# 3ds Max Wavefront OBJ Exporter v0.97b - (c)2007 guruware
# File Created: 10.02.2024 08:35:57

mtllib SM_Urchin_Group_01.mtl

#
# object SM_Urchin_Group_01_LOD0
#

v  12.8998 7.1816 10.4396
v  12.8998 15.4390 13.0648
v  12.8998 17.6015 9.3191
v  12.8998 11.0243 3.7839
v  12.8998 14.4460 3.2140
v  12.8998 16.3013 11.6776
v  12.8998 20.6264 11.6776
v  12.8998 22.1315 3.2140
v  12.8998 24.3527 5.6130
v  12.8998 28.1954 12.2688
v  12.8998 17.9506 11.4516
v  12.8998 20.1131 15.1972
v  12.8998 19.9574 22.9852
v  12.8998 12.2720 22.9852
v  12.8998 18.1021 14.5215
v  12.8998 13.7770 14.5215
v  12.8998 27.3034 15.5620
v  12.8998 23.4607 22.2178
v  12.8998 19.0460 12.9369
v  12.8998 16.8835 16.6825
v  12.8998 9.8557 20.3350
v  12.8998 16.2578 14.4964
v  12.8998 14.0953 10.7508
v  12.8998 6.0130 13.6792
v  10.2399 7.1816 13.0996
v  12.8650 15.4390 13.0996
v  9.1194 17.6015 13.0996
v  3.5841 11.0243 13.0996
v  5.4133 24.3527 13.0996
v  12.0690 28.1954 13.0996
v  11.2518 17.9506 13.0996
v  14.9974 20.1131 13.0996
v  15.3623 27.3034 13.0996
v  12.7372 19.0460 13.0996
v  16.4828 16.8835 13.0996
v  22.0180 23.4607 13.0996
v  20.1352 9.8557 13.0996
v  14.2967 16.2578 13.0996
v  13.4795 6.0130 13.0996
v  10.5511 14.0953 13.0996
v  10.3305 7.1816 13.7880
v  12.8662 15.4390 13.1086
v  3.9015 11.0243 15.5107
v  9.2482 17.6015 14.0780
v  3.3510 11.5338 12.6003
v  3.3510 19.2192 15.7545
v  11.5263 16.3013 13.4676
v  11.5263 20.6264 13.4676
v  5.6684 24.3527 15.0372
v  12.0973 28.1954 13.3146
v  11.3080 17.9506 13.5261
v  14.9260 20.1131 12.5567
v  22.4486 10.0643 10.5410
v  22.4486 17.7497 10.5410
v  14.2733 13.7770 12.7316
v  14.2733 18.1021 12.7316
v  15.2784 27.3034 12.4622
v  21.7073 23.4607 10.7396
v  12.7427 19.0460 13.1417
v  16.3607 16.8835 12.1722
v  19.8887 9.8557 11.2269
v  14.2491 16.2578 12.7381
v  13.4597 6.0130 12.9496
v  10.6311 14.0953 13.7075
v  10.5962 7.1816 14.4296
v  12.8697 15.4390 13.1170
v  4.8322 11.0243 17.7574
v  9.6259 17.6015 14.9898
v  6.4163 24.3527 16.8429
v  12.1803 28.1954 13.5150
v  11.4726 17.9506 13.9236
v  14.7164 20.1131 12.0508
v  21.4610 19.9574 8.1568
v  21.4610 12.2720 8.1568
v  14.1313 18.1021 12.3886
v  14.1313 13.7770 12.3886
v  15.0323 27.3034 11.8684
v  12.7589 19.0460 13.1809
v  16.0027 16.8835 11.3081
v  20.7964 23.4607 8.5405
v  19.1659 9.8557 9.4819
v  14.1095 16.2578 12.4012
v  10.8657 14.0953 14.2740
v  13.4018 6.0130 12.8098
v  6.3126 11.0243 19.6868
v  9.7266 10.5528 12.6471
v  12.8752 15.4390 13.1242
v  10.2266 17.6015 15.7728
v  7.6060 24.3527 18.3934
v  11.7345 17.9506 14.2649
v  12.3123 28.1954 13.6870
v  14.3831 20.1131 11.6163
v  19.8900 19.9574 6.1094
v  13.9053 18.1021 12.0941
v  13.9053 13.7770 12.0941
v  17.4507 12.8854 8.5488
v  21.2175 23.4892 7.2459
v  13.3059 24.4522 11.3749
v  12.7848 19.0460 13.2146
v  15.4333 16.8835 10.5661
v  18.0160 9.8557 7.9834
v  13.3097 6.0130 12.6897
v  13.8875 16.2578 12.1119
v  11.2390 14.0953 14.7604
v  11.5699 7.1816 15.4032
v  12.8824 15.4390 13.1298
v  11.0096 17.6015 16.3736
v  8.2420 11.0243 21.1672
v  7.9570 14.4460 21.6608
v  7.9570 22.1315 21.6608
v  12.1888 16.3013 14.3310
v  12.1888 20.6264 14.3310
v  9.1566 24.3527 19.5831
v  12.0758 17.9506 14.5268
v  12.4844 28.1954 13.8191
v  13.9486 20.1131 11.2830
v  17.8427 19.9574 4.5384
v  13.6108 18.1021 11.8681
v  13.6108 13.7770 11.8681
v  17.8427 12.2720 4.5384
v  20.1811 22.3488 6.5970
v  16.8532 26.1915 12.3610
v  14.6913 16.8835 9.9967
v  12.8185 19.0460 13.2405
v  16.5175 9.8557 6.8336
v  13.5982 16.2578 11.8899
v  11.7254 14.0953 15.1337
v  13.1896 6.0130 12.5976
v  12.2114 7.1816 15.6689
v  12.8908 15.4390 13.1332
v  11.9214 17.6015 16.7512
v  10.4887 11.0243 22.0979
v  10.3412 14.4460 22.6484
v  12.5318 16.3013 14.4731
v  12.5318 20.6264 14.4731
v  10.3412 22.1315 22.6484
v  10.9622 24.3527 20.3311
v  12.4733 17.9506 14.6914
v  12.6848 28.1954 13.9021
v  13.4427 20.1131 11.0734
v  15.4584 19.9574 3.5508
v  13.2679 18.1021 11.7261
v  13.2679 13.7770 11.7261
v  15.4584 12.2720 3.5508
v  13.5371 27.3034 10.7210
v  12.8577 19.0460 13.2567
v  15.2598 23.4607 4.2921
v  13.8271 16.8835 9.6387
v  14.7725 9.8557 6.1107
v  13.2614 16.2578 11.7503
v  13.0498 6.0130 12.5397
v  12.2919 14.0953 15.3683
v  12.2114 7.1816 10.5303
v  12.8908 15.4390 13.0659
v  11.9214 17.6015 9.4479
v  10.4887 11.0243 4.1013
v  10.3412 14.4460 3.5508
v  12.5318 16.3013 11.7261
v  12.5318 20.6264 11.7261
v  10.3412 22.1315 3.5508
v  10.9622 24.3527 5.8681
v  12.4733 17.9506 11.5078
v  13.4427 20.1131 15.1257
v  12.6848 28.1954 12.2971
v  15.4584 19.9574 22.6484
v  13.2679 18.1021 14.4731
v  13.2679 13.7770 14.4731
v  15.4584 12.2720 22.6484
v  13.5371 27.3034 15.4781
v  12.8577 19.0460 12.9424
v  13.8271 16.8835 16.5605
v  15.2598 23.4607 21.9071
v  14.7725 9.8557 20.0884
v  13.2614 16.2578 14.4488
v  12.2919 14.0953 10.8308
v  13.0498 6.0130 13.6595
v  11.5699 7.1816 10.7960
v  12.8824 15.4390 13.0694
v  11.0096 17.6015 9.8256
v  8.2420 11.0243 5.0319
v  6.3017 14.4460 4.5384
v  12.1888 16.3013 11.8681
v  6.3017 22.1315 4.5384
v  12.1888 20.6264 11.8681
v  9.1566 24.3527 6.6160
v  12.0758 17.9506 11.6724
v  12.4844 28.1954 12.3801
v  13.9486 20.1131 14.9162
v  14.1310 27.3034 15.2321
v  17.4589 23.4607 20.9962
v  12.8185 19.0460 12.9587
v  14.6913 16.8835 16.2025
v  16.5175 9.8557 19.3656
v  13.5982 16.2578 14.3093
v  13.1896 6.0130 13.6016
v  11.7254 14.0953 11.0655
v  11.0190 7.1816 11.2187
v  12.8752 15.4390 13.0750
v  10.2267 17.6015 10.4264
v  6.3126 11.0243 6.5124
v  5.9096 14.4460 6.1094
v  11.8943 16.3013 12.0941
v  5.9096 22.1315 6.1094
v  11.8943 20.6264 12.0941
v  19.8900 19.9574 20.0898
v  13.9053 18.1021 14.1050
v  19.8900 12.2720 20.0898
v  13.9053 13.7770 14.1050
v  14.6410 27.3034 14.8408
v  12.7848 19.0460 12.9846
v  19.3474 23.4607 19.5471
v  15.4333 16.8835 15.6331
v  18.0160 9.8557 18.2158
v  13.8875 16.2578 14.0873
v  11.2390 14.0953 11.4388
v  13.3097 6.0130 13.5095
v  10.5962 7.1816 11.7696
v  12.8697 15.4390 13.0822
v  9.6259 17.6015 11.2094
v  4.8322 11.0243 8.4417
v  6.4163 24.3527 9.3563
v  11.4726 17.9506 12.2756
v  14.7164 20.1131 14.1484
v  12.1803 28.1954 12.6842
v  21.4610 19.9574 18.0424
v  14.1313 18.1021 13.8106
v  14.1313 13.7770 13.8106
v  21.4610 12.2720 17.1779
v  15.0323 27.3034 14.3308
v  12.7589 19.0460 13.0182
v  16.0027 16.8835 14.8911
v  20.7964 21.3476 17.6587
v  13.4018 6.0130 16.1070
v  10.8657 14.0953 11.9252
v  19.1659 9.8557 16.7173
v  14.1095 16.2578 13.7980
v  10.3305 7.1816 12.4111
v  12.8662 15.4390 13.0906
v  9.2482 17.6015 12.1211
v  3.9015 11.0243 10.6885
v  5.6684 24.3527 11.1619
v  11.3080 17.9506 12.6731
v  14.9260 20.1131 13.6425
v  12.0973 28.1954 12.8846
v  22.4486 19.9574 15.6582
v  14.2733 18.1021 13.4676
v  22.4486 12.2720 15.6582
v  14.2733 13.7770 13.4676
v  15.2784 27.3034 13.7369
v  12.7427 19.0460 13.0575
v  16.3607 16.8835 14.0269
v  20.1243 21.5133 15.0354
v  19.8887 9.8557 14.9723
v  13.4597 6.0130 13.2496
v  14.2491 16.2578 13.4611
v  10.6311 14.0953 12.4917
v  10.2399 17.2017 23.0069
v  12.8650 17.2017 14.7495
v  9.1194 17.2017 12.5870
v  3.5841 17.2017 19.1642
v  3.0142 17.2017 8.0570
v  3.0142 17.2017 13.8451
v  11.4779 17.2017 9.5621
v  11.4779 17.2017 13.8871
v  5.4133 17.2017 5.8358
v  12.0690 17.2017 1.9931
v  11.2518 17.2017 12.2379
v  14.9974 17.2017 10.0754
v  22.7855 17.2017 10.2311
v  22.7855 17.2017 17.9165
v  14.3218 17.2017 12.0864
v  14.3218 17.2017 16.4114
v  15.3623 17.2017 2.8851
v  22.0180 17.2017 6.7278
v  12.7372 17.2017 11.1425
v  16.4828 17.2017 13.3050
v  20.1352 17.2017 20.3328
v  14.2967 17.2017 13.9306
v  13.4795 17.2017 24.1755
v  10.5511 17.2017 16.0932
v  10.5962 18.5317 23.0069
v  12.8697 17.2191 14.7495
v  9.6259 19.0919 12.5870
v  4.8322 21.8596 19.1642
v  6.4163 20.9450 5.8358
v  11.4726 18.0257 12.2379
v  14.7164 16.1529 10.0754
v  12.1803 17.6171 1.9931
v  21.4610 12.2589 10.2311
v  21.4610 12.2589 17.9165
v  14.1313 16.4907 12.0864
v  14.1313 16.4907 16.4114
v  15.0323 15.9705 2.8851
v  12.7589 17.2831 11.1425
v  16.0027 15.4102 13.3050
v  20.7964 12.6426 6.7278
v  19.1659 13.5840 20.3328
v  14.1095 16.5033 13.9306
v  10.8657 18.3761 16.0932
v  13.4018 16.9119 24.1755
v  11.5699 19.5053 23.0069
v  12.8824 17.2319 14.7495
v  11.0096 20.4757 12.5870
v  8.2420 25.2694 19.1642
v  7.9570 25.7629 8.0570
v  7.9570 25.7629 13.8451
v  12.1888 18.4332 9.5621
v  12.1888 18.4332 13.8871
v  9.1566 23.6853 5.8358
v  12.0758 18.6289 12.2379
v  12.4844 17.9212 1.9931
v  13.9486 15.3851 10.0754
v  17.8427 8.6405 10.2311
v  13.6108 15.9703 12.0864
v  13.6108 15.9703 16.4114
v  17.8427 8.6405 17.9165
v  14.1310 15.0692 2.8851
v  12.8185 17.3426 11.1425
v  14.6913 14.0988 13.3050
v  17.4589 9.3051 6.7278
v  16.5175 10.9357 20.3328
v  13.5982 15.9920 13.9306
v  11.7254 19.2358 16.0932
v  13.1896 16.6997 24.1755
v  14.2298 19.5053 23.0069
v  12.9172 17.2319 14.7495
v  17.5577 25.2694 19.1642
v  14.7900 20.4757 12.5870
v  17.8427 25.7629 8.0570
v  17.8427 25.7629 13.8451
v  13.6108 18.4332 13.8871
v  13.6108 18.4332 9.5621
v  16.6431 23.6853 5.8358
v  13.3152 17.9212 1.9931
v  13.7238 18.6289 12.2379
v  11.8510 15.3851 10.0754
v  7.9570 8.6405 10.2311
v  7.9570 8.6405 17.9165
v  12.1888 15.9703 12.0864
v  12.1888 15.9703 16.4114
v  11.6686 15.0692 2.8851
v  12.9812 17.3426 11.1425
v  8.3407 9.3051 6.7278
v  11.1083 14.0988 13.3050
v  9.2821 10.9357 20.3328
v  12.2014 15.9920 13.9306
v  14.0742 19.2358 16.0932
v  12.6100 16.6997 24.1755
v  15.2034 18.5317 23.0069
v  12.9300 17.2191 14.7495
v  16.1738 19.0919 12.5870
v  20.9675 21.8596 19.1642
v  21.4610 22.1445 8.0570
v  21.4610 22.1445 13.8451
v  14.1313 17.9127 13.8871
v  14.1313 17.9127 9.5621
v  19.3834 20.9450 5.8358
v  14.3270 18.0257 12.2379
v  11.0832 16.1529 10.0754
v  13.6193 17.6171 1.9931
v  10.7673 15.9705 2.8851
v  5.0032 12.6426 6.7278
v  13.0407 17.2831 11.1425
v  9.7969 15.4102 13.3050
v  6.6338 13.5840 20.3328
v  12.3978 16.9119 24.1755
v  11.6901 16.5033 13.9306
v  14.9339 18.3761 16.0932
v  3.0142 22.1315 10.6354
v  3.0142 14.4460 13.0996
v  11.4779 20.6264 13.0996
v  11.4779 16.3013 13.0996
v  4.3386 22.1315 18.0424
v  4.3386 16.3434 18.0424
v  11.6684 20.6264 13.8105
v  11.6684 16.3013 13.8106
v  5.1902 19.3774 21.2136
v  7.4063 14.9100 18.5931
v  11.8943 16.3013 14.1050
v  11.8943 20.6264 14.1050
v  4.3386 14.4460 8.1568
v  11.6684 16.3013 12.3886
v  11.6684 20.6264 12.3886
v  4.3386 22.1315 8.1568
v  3.3510 14.4460 10.5410
v  11.5263 16.3013 12.7316
v  11.5263 20.6264 12.7316
v  3.3510 22.1315 10.5410
v  4.3386 22.1445 8.0570
v  11.6684 17.9127 9.5621
v  4.3386 22.1445 13.8451
v  11.6684 17.9127 13.8871
v  4.3386 12.2589 10.2311
v  11.6684 16.4907 12.0864
v  4.3386 12.2589 17.9165
v  11.6684 16.4907 16.4114
v  2.9449 6.2201 5.2383
v  2.9449 11.0720 -3.1655
v  2.9449 16.6461 8.5528
v  2.9449 19.3766 3.8235
v  2.9449 15.3925 -3.8851
v  2.9449 25.0963 -3.8851
v  2.9449 17.7350 6.8014
v  2.9449 23.1960 6.8014
v  2.9449 27.9009 -0.8560
v  2.9449 19.8174 6.5160
v  2.9449 22.5479 11.2453
v  2.9449 32.7528 7.5478
v  2.9449 22.3513 21.0787
v  2.9449 20.0087 10.3922
v  2.9449 14.5478 10.3922
v  2.9449 12.6474 21.0787
v  2.9449 31.6265 11.7059
v  2.9449 26.7746 20.1097
v  2.9449 21.2005 8.3914
v  2.9449 18.4700 13.1207
v  2.9449 9.5966 17.7324
v  2.9449 17.6801 10.3605
v  2.9449 14.9496 5.6311
v  2.9449 4.7446 9.3286
v  -0.4137 6.2201 8.5968
v  -8.8174 11.0720 8.5968
v  2.9009 16.6461 8.5968
v  -1.8285 19.3766 8.5968
v  -6.5079 27.9009 8.5968
v  0.8640 19.8174 8.5968
v  5.5934 22.5479 8.5968
v  1.8959 32.7528 8.5968
v  6.0540 31.6265 8.5968
v  2.7394 21.2005 8.5968
v  14.4578 26.7746 8.5968
v  7.4688 18.4700 8.5968
v  12.0805 9.5966 8.5968
v  4.7086 17.6801 8.5968
v  -0.0208 14.9496 8.5968
v  3.6767 4.7446 8.5968
v  -0.2993 6.2201 9.4660
v  -8.4167 11.0720 11.6411
v  2.9024 16.6461 8.6082
v  -1.6658 19.3766 9.8322
v  -9.1117 11.7153 7.9664
v  1.2106 17.7350 9.0615
v  1.2106 23.1960 9.0615
v  -9.1117 21.4192 11.9490
v  -6.1858 27.9009 11.0433
v  0.9349 19.8174 9.1353
v  5.5031 22.5479 7.9113
v  1.9316 32.7528 8.8683
v  15.0015 9.8599 5.3662
v  15.0015 19.5638 5.3662
v  4.6791 14.5478 8.1321
v  4.6791 20.0087 8.1321
v  5.9481 31.6265 7.7921
v  14.0655 26.7746 5.6170
v  2.7465 21.2005 8.6499
v  7.3146 18.4700 7.4259
v  11.7692 9.5966 6.2323
v  4.6485 17.6801 8.1403
v  3.6518 4.7446 8.4073
v  0.0803 14.9496 9.3643
v  0.0363 6.2201 10.2761
v  2.9068 16.6461 8.6188
v  -1.1890 19.3766 10.9835
v  -7.2416 11.0720 14.4779
v  -5.2415 27.9009 13.3232
v  1.1428 19.8174 9.6372
v  5.2386 22.5479 7.2725
v  2.0364 32.7528 9.1213
v  13.7545 22.3512 2.3558
v  4.4997 20.0087 7.6991
v  13.7545 12.6474 2.3558
v  4.4997 14.5478 7.6991
v  5.6375 31.6265 7.0422
v  2.7670 21.2005 8.6995
v  6.8627 18.4700 6.3348
v  12.9153 26.7746 2.8403
v  10.8566 9.5966 4.0290
v  4.4723 17.6801 7.7149
v  3.5787 4.7446 8.2308
v  0.3765 14.9496 10.0796
v  -5.3723 11.0720 16.9140
v  -1.0617 10.4767 8.0255
v  -0.4304 19.3766 11.9720
v  2.9138 16.6461 8.6279
v  -3.7393 27.9009 15.2809
v  1.4735 19.8174 10.0681
v  4.8177 22.5479 6.7240
v  2.2031 32.7528 9.3385
v  11.7709 22.3512 -0.2292
v  4.2144 20.0087 7.3272
v  4.2144 14.5478 7.3272
v  8.6909 13.4220 2.8508
v  13.4470 26.8106 1.2057
v  3.4576 28.0265 6.4192
v  2.7996 21.2005 8.7420
v  6.1438 18.4700 5.3979
v  9.4047 9.5966 2.1369
v  3.4624 4.7446 8.0793
v  4.1920 17.6801 7.3497
v  0.8478 14.9496 10.6938
v  1.2656 6.2201 11.5054
v  2.9229 16.6461 8.6349
v  0.5582 19.3766 12.7306
v  -2.9363 11.0720 18.7832
v  -3.2961 15.3925 19.4064
v  2.0471 17.7350 10.1516
v  2.0471 23.1960 10.1516
v  -3.2961 25.0963 19.4064
v  -1.7815 27.9009 16.7831
v  1.9044 19.8174 10.3988
v  4.2691 22.5479 6.3031
v  2.4203 32.7528 9.5052
v  9.1858 22.3512 -2.2129
v  9.1858 12.6474 -2.2129
v  3.8426 20.0087 7.0419
v  3.8426 14.5478 7.0419
v  12.1384 25.3708 0.3864
v  7.9365 30.2227 7.6642
v  5.2068 18.4700 4.6790
v  2.8422 21.2005 8.7747
v  7.5127 9.5966 0.6851
v  3.8267 17.6801 7.0694
v  1.4620 14.9496 11.1651
v  3.3108 4.7446 7.9630
v  2.0756 6.2201 11.8409
v  2.9335 16.6461 8.6393
v  1.7094 19.3766 13.2075
v  -0.0995 11.0720 19.9583
v  -0.2857 15.3925 20.6534
v  -0.2857 25.0963 20.6534
v  2.4802 17.7350 10.3310
v  2.4802 23.1960 10.3310
v  0.4983 27.9009 17.7274
v  2.4063 19.8174 10.6067
v  2.6733 32.7528 9.6100
v  3.6303 22.5479 6.0385
v  6.1754 22.3512 -3.4598
v  3.4095 20.0087 6.8625
v  6.1754 12.6474 -3.4598
v  3.4095 14.5478 6.8625
v  3.7496 31.6265 5.5936
v  5.9246 26.7746 -2.5239
v  2.8917 21.2005 8.7952
v  4.1157 18.4700 4.2270
v  5.3093 9.5966 -0.2276
v  3.1343 4.7446 7.8898
v  3.4013 17.6801 6.8932
v  2.1773 14.9496 11.4614
v  2.0756 6.2201 5.3527
v  2.9335 16.6461 8.5543
v  1.7094 19.3766 3.9861
v  -0.0995 11.0720 -2.7647
v  -0.2857 15.3925 -3.4598
v  2.4802 17.7350 6.8625
v  2.4802 23.1960 6.8625
v  -0.2857 25.0963 -3.4598
v  0.4983 27.9009 -0.5339
v  2.4063 19.8174 6.5869
v  3.6303 22.5479 11.1551
v  2.6734 32.7528 7.5835
v  6.1754 22.3513 20.6534
v  3.4095 20.0087 10.3310
v  3.4095 14.5478 10.3310
v  6.1754 12.6474 20.6534
v  3.7496 31.6265 11.6000
v  5.9246 26.7746 19.7174
v  2.8917 21.2005 8.3984
v  4.1157 18.4700 12.9666
v  5.3093 9.5966 17.4211
v  3.4013 17.6801 10.3004
v  2.1773 14.9496 5.7322
v  3.1343 4.7446 9.3037
v  1.2656 6.2201 5.6882
v  2.9229 16.6461 8.5587
v  -2.9363 11.0720 -1.5897
v  0.5582 19.3766 4.4630
v  -5.3861 15.3925 -2.2129
v  2.0471 17.7350 7.0419
v  2.0471 23.1960 7.0419
v  -5.3861 25.0963 -2.2129
v  -1.7815 27.9009 0.4104
v  1.9044 19.8174 6.7947
v  4.2691 22.5479 10.8905
v  2.4203 32.7528 7.6883
v  4.4994 31.6265 11.2894
v  2.8422 21.2005 8.4189
v  5.2068 18.4700 12.5146
v  8.7013 26.7746 18.5673
v  7.5127 9.5966 16.5085
v  3.8267 17.6801 10.1242
v  1.4620 14.9496 6.0284
v  3.3108 4.7446 9.2306
v  0.5700 6.2201 6.2220
v  2.9138 16.6461 8.5657
v  -0.4304 19.3766 5.2215
v  -5.3723 11.0720 0.2796
v  -5.8812 15.3925 -0.2292
v  1.6753 17.7350 7.3272
v  -5.8812 25.0963 -0.2292
v  1.6753 23.1960 7.3272
v  11.7709 22.3513 17.4228
v  4.2144 20.0087 9.8663
v  4.2144 14.5478 9.8663
v  11.7709 12.6474 17.4228
v  5.1434 31.6265 10.7953
v  11.0857 26.7746 16.7376
v  2.7996 21.2005 8.4515
v  6.1438 18.4700 11.7957
v  9.4047 9.5966 15.0567
v  4.1920 17.6801 9.8439
v  0.8478 14.9496 6.4998
v  3.4624 4.7446 9.1143
v  0.0363 6.2201 6.9175
v  2.9068 16.6461 8.5748
v  -1.1890 19.3766 6.2101
v  -7.2416 11.0720 2.7156
v  -5.2415 27.9009 3.8704
v  1.1428 19.8174 7.5564
v  2.0364 32.7528 8.0723
v  5.2386 22.5479 9.9211
v  13.7545 22.3513 14.8377
v  4.4997 20.0087 9.4945
v  4.4997 14.5478 9.4945
v  13.7545 12.6474 13.7462
v  5.6375 31.6265 10.1513
v  12.9153 24.1066 14.3532
v  2.7670 21.2005 8.4941
v  6.8627 18.4700 10.8587
v  3.5787 4.7447 12.3940
v  0.3765 14.9496 7.1140
v  10.8566 9.5966 13.1646
v  4.4723 17.6801 9.4786
v  -0.2993 6.2201 7.7275
v  -8.4167 11.0720 5.5525
v  2.9024 16.6461 8.5854
v  -1.6658 19.3766 7.3614
v  -6.1858 27.9009 6.1502
v  0.9349 19.8174 8.0582
v  5.5031 22.5479 9.2823
v  1.9316 32.7528 8.3253
v  15.0015 22.3513 11.8273
v  4.6791 20.0087 9.0615
v  4.6791 14.5478 9.0615
v  15.0015 12.6474 11.8273
v  5.9481 31.6265 9.4015
v  2.7465 21.2005 8.5436
v  12.0667 24.3158 11.0410
v  7.3146 18.4700 9.7677
v  11.7692 9.5966 10.9612
v  4.6485 17.6801 9.0533
v  0.0803 14.9496 7.8292
v  3.6518 4.7446 8.7862
v  -0.4137 18.8719 21.1061
v  2.9009 18.8719 10.6801
v  -1.8285 18.8719 7.9496
v  -8.8174 18.8719 16.2542
v  -9.5370 18.8719 2.2299
v  -9.5370 18.8719 9.5381
v  1.1495 18.8719 9.5912
v  1.1495 18.8719 4.1302
v  -6.5079 18.8719 -0.5747
v  0.8640 18.8719 7.5088
v  5.5934 18.8719 4.7783
v  1.8959 18.8719 -5.4266
v  15.4268 18.8719 4.9749
v  15.4268 18.8719 14.6788
v  4.7403 18.8719 7.3175
v  4.7403 18.8719 12.7784
v  6.0540 18.8719 -4.3004
v  14.4578 18.8719 0.5515
v  2.7394 18.8719 6.1257
v  7.4688 18.8719 8.8562
v  12.0805 18.8719 17.7296
v  4.7086 18.8719 9.6461
v  3.6767 18.8719 22.5815
v  -0.0208 18.8719 12.3766
v  0.0363 20.5511 21.1061
v  2.9068 18.8939 10.6801
v  -1.1890 21.2585 7.9496
v  -7.2416 24.7530 16.2542
v  -5.2415 23.5982 -0.5747
v  2.0364 19.3964 -5.4266
v  1.1428 19.9123 7.5088
v  5.2386 17.5476 4.7783
v  13.7545 12.6309 4.9749
v  13.7545 12.6309 14.6788
v  4.4997 17.9742 7.3175
v  4.4997 17.9742 12.7784
v  5.6375 17.3173 -4.3004
v  2.7670 18.9746 6.1257
v  6.8627 16.6099 8.8562
v  12.9153 13.1154 0.5515
v  10.8566 14.3040 17.7296
v  4.4723 17.9900 9.6461
v  0.3765 20.3547 12.3766
v  3.5787 18.5059 22.5815
v  1.2656 21.7804 21.1061
v  2.9229 18.9099 10.6801
v  0.5582 23.0057 7.9496
v  -2.9363 29.0583 16.2542
v  -3.2961 29.6815 2.2299
v  -3.2961 29.6815 9.5381
v  2.0471 20.4267 4.1302
v  2.0471 20.4267 9.5912
v  -1.7815 27.0582 -0.5747
v  1.9044 20.6739 7.5088
v  4.2691 16.5782 4.7783
v  2.4203 19.7803 -5.4266
v  9.1858 8.0622 4.9749
v  3.8426 17.3170 7.3175
v  3.8426 17.3170 12.7784
v  9.1858 8.0622 14.6788
v  4.4994 16.1793 -4.3004
v  2.8422 19.0497 6.1257
v  5.2068 14.9540 8.8562
v  8.7013 8.9014 0.5515
v  7.5127 10.9602 17.7296
v  3.8267 17.3445 9.6461
v  1.4620 21.4402 12.3766
v  3.3108 18.2380 22.5815
v  4.6241 21.7804 21.1061
v  2.9669 18.9099 10.6801
v  5.3315 23.0057 7.9496
v  8.8260 29.0583 16.2542
v  9.1858 29.6815 2.2299
v  3.8426 20.4267 4.1302
v  9.1858 29.6815 9.5381
v  3.8426 20.4267 9.5912
v  7.6712 27.0582 -0.5747
v  3.9853 20.6739 7.5088
v  1.6206 16.5782 4.7783
v  3.4694 19.7803 -5.4266
v  -3.2961 8.0622 4.9749
v  2.0471 17.3170 7.3175
v  2.0471 17.3170 12.7784
v  -3.2961 8.0622 14.6788
v  1.3903 16.1793 -4.3004
v  -2.8116 8.9014 0.5515
v  3.0475 19.0497 6.1257
v  0.6829 14.9540 8.8562
v  -1.6230 10.9602 17.7296
v  2.5789 18.2380 22.5815
v  2.0630 17.3445 9.6461
v  4.4277 21.4402 12.3766
v  5.8535 20.5511 21.1061
v  2.9829 18.8939 10.6801
v  7.0787 21.2585 7.9496
v  13.1313 24.7530 16.2542
v  13.7545 25.1128 2.2299
v  13.7545 25.1128 9.5381
v  4.4997 19.7696 9.5912
v  4.4997 19.7696 4.1302
v  11.1312 23.5982 -0.5747
v  4.7469 19.9123 7.5088
v  0.6512 17.5476 4.7783
v  3.8533 19.3964 -5.4266
v  0.2523 17.3173 -4.3004
v  3.1227 18.9746 6.1257
v  -0.9730 16.6099 8.8562
v  -7.0256 13.1154 0.5515
v  -4.9668 14.3040 17.7296
v  2.3110 18.5059 22.5815
v  1.4174 17.9900 9.6461
v  5.5132 20.3547 12.3766
v  -9.5370 25.0963 5.4854
v  -9.5370 15.3925 8.5968
v  1.1495 23.1960 8.5968
v  1.1495 17.7350 8.5968
v  -7.8648 25.0963 14.8377
v  -7.8648 17.7881 14.8377
v  1.3900 17.7350 9.4945
v  1.3900 23.1960 9.4945
v  -6.7895 21.6189 18.8418
v  -3.9915 15.9783 15.5331
v  1.6753 23.1960 9.8663
v  1.6753 17.7350 9.8663
v  -7.8648 15.3925 2.3558
v  1.3900 17.7350 7.6991
v  1.3900 23.1960 7.6991
v  -7.8648 25.0963 2.3558
v  -9.1117 15.3925 5.3662
v  1.2106 17.7350 8.1321
v  1.2106 23.1960 8.1321
v  -9.1117 25.0963 5.3662
v  -7.8648 25.1128 2.2299
v  -7.8648 25.1128 9.5381
v  1.3900 19.7696 9.5912
v  1.3900 19.7696 4.1302
v  -7.8648 12.6309 4.9749
v  1.3900 17.9742 7.3175
v  1.3900 17.9742 12.7784
v  -7.8648 12.6309 14.6788
v  -16.9283 10.9383 0.0202
v  -16.9283 14.7916 12.3228
v  -16.9283 22.3293 -0.9818
v  -16.9283 21.2020 11.7589
v  -16.9283 25.9458 2.7006
v  -16.9283 17.2181 12.1889
v  -16.9283 20.9116 17.4586
v  -16.9283 32.5090 12.0645
v  -16.9283 31.4828 16.8196
v  -16.9283 18.9019 14.0053
v  -16.9283 26.6551 27.1854
v  -16.9283 16.1850 19.8388
v  -16.9283 6.5632 26.2999
v  -16.9283 15.2909 16.8116
v  -16.9283 11.5974 11.5420
v  -16.9283 -0.0000 16.9360
v  -16.9283 21.8809 28.9109
v  -16.9283 10.4900 29.9129
v  -16.9283 18.0277 16.6084
v  -16.9283 11.6173 17.1722
v  -16.9283 1.1656 11.7289
v  -16.9283 13.7465 14.5431
v  -16.9283 5.9933 1.3630
v  -16.9283 16.4634 8.7096
v  -20.8860 7.6975 2.2917
v  -30.7889 10.9791 6.9737
v  -16.9801 14.7491 12.3525
v  -22.5531 16.5959 14.9873
v  -28.0674 22.3613 23.2130
v  -19.3803 16.8940 15.4127
v  -13.8073 18.7407 18.0475
v  -18.1644 25.6429 27.8949
v  -13.2645 24.8811 26.8081
v  -17.1703 17.8295 16.7473
v  -11.5974 15.9827 14.1125
v  -3.3616 21.5995 22.1261
v  -6.1629 9.9811 5.5499
v  -16.0659 6.6996 0.8680
v  -14.8500 15.4484 13.3503
v  -20.4230 13.6017 10.7154
v  -20.7511 6.8587 2.8797
v  -16.9784 14.7381 12.3602
v  -30.3166 8.0414 9.0327
v  -22.3615 15.4037 15.8229
v  -31.1357 12.0224 7.1681
v  -31.1357 14.7426 19.2256
v  -18.9719 15.0372 13.7175
v  -18.9719 18.7307 18.9872
v  -27.6878 20.0004 24.8677
v  -19.2968 16.3743 15.7769
v  -13.9136 19.4022 17.5838
v  -18.1223 25.3809 28.0785
v  -2.7209 13.2766 3.6191
v  -14.8847 13.7783 10.0134
v  -2.7209 19.8398 12.9829
v  -14.8847 17.4718 15.2830
v  -13.3893 25.6576 26.2638
v  -17.1621 17.7782 16.7833
v  -11.7790 17.1125 13.3206
v  -3.8239 24.4749 20.1108
v  -6.5298 12.2628 3.9507
v  -16.0952 6.8823 0.7399
v  -14.9208 15.8889 13.0415
v  -20.3039 12.8610 11.2346
v  -20.3557 6.0770 3.4276
v  -16.9732 14.7279 12.3674
v  -21.7996 14.2928 16.6016
v  -28.9319 5.3040 10.9514
v  -26.5750 17.8005 26.4096
v  -19.0518 15.8900 16.1163
v  -17.9988 25.1367 28.2496
v  -14.2254 20.0186 17.1518
v  -4.1903 24.6301 13.6367
v  -15.0961 17.8896 14.9901
v  -15.0961 14.1961 9.7205
v  -4.1903 18.0669 4.2728
v  -13.7554 26.3812 25.7566
v  -5.1792 27.1543 18.2328
v  -17.1379 17.7303 16.8168
v  -12.3116 18.1654 12.5826
v  -7.6052 14.3889 2.4605
v  -15.1284 16.2994 12.7538
v  -19.9548 12.1708 11.7183
v  -16.1814 7.0527 0.6205
v  -26.7292 2.9533 12.5990
v  -21.6496 11.1278 6.0128
v  -20.9057 13.3389 17.2702
v  -16.9649 14.7191 12.3736
v  -24.8048 15.9113 27.7337
v  -18.6621 15.4742 16.4078
v  -14.7214 20.5479 16.7808
v  -17.8024 24.9271 28.3965
v  -6.5278 27.1246 11.8882
v  -10.1573 18.1132 5.3550
v  -15.4323 18.2485 14.7386
v  -15.4323 14.5549 9.4690
v  -4.5526 28.7559 17.1619
v  -16.3241 24.5475 21.8614
v  -13.1588 19.0695 11.9489
v  -17.0995 17.6893 16.8456
v  -9.3160 16.2147 1.1808
v  -16.3185 7.1989 0.5180
v  -15.4587 16.6519 12.5067
v  -19.3994 11.5781 12.1338
v  -18.9071 4.8908 4.2590
v  -16.9542 14.7124 12.3783
v  -19.7407 12.6069 17.7833
v  -23.8586 1.1495 13.8633
v  -24.2826 3.4703 18.4539
v  -17.9861 13.9852 14.4549
v  -17.9861 17.6787 19.7245
v  -24.2826 10.0335 27.8177
v  -22.4978 14.4618 28.7498
v  -17.5464 24.7662 28.5093
v  -18.1543 15.1551 16.6315
v  -15.3678 20.9541 16.4961
v  -9.5740 29.0387 10.5466
v  -15.8705 18.5238 14.5457
v  -15.8705 14.8303 9.2760
v  -9.5740 22.4755 1.1828
v  -6.0947 28.5728 15.2184
v  -14.2628 19.7633 11.4627
v  -11.0462 24.8315 24.8227
v  -17.0493 17.6578 16.8676
v  -11.5456 17.6156 0.1989
v  -15.8891 16.9223 12.3172
v  -16.4971 7.3112 0.4393
v  -18.6756 11.1233 12.4525
v  -17.9526 4.5670 4.4859
v  -20.5157 0.0156 14.6581
v  -16.9417 14.7081 12.3813
v  -18.3841 12.1468 18.1058
v  -20.7352 2.2670 19.2972
v  -17.4759 13.8121 14.5762
v  -17.4759 17.5056 19.8458
v  -20.7352 8.8302 28.6611
v  -19.8113 13.5505 29.3885
v  -17.5629 14.9545 16.7721
v  -16.1205 21.2094 16.3172
v  -17.2482 24.6651 28.5802
v  -13.1214 30.2420 9.7033
v  -16.3807 18.6969 14.4243
v  -16.3807 15.0033 9.1547
v  -13.1214 23.6788 0.3394
v  -15.9800 27.7791 24.7769
v  -13.4170 32.3305 14.6047
v  -16.9909 17.6380 16.8815
v  -15.5486 20.1994 11.1570
v  -14.1420 18.4963 -0.4184
v  -16.7051 7.3817 0.3899
v  -16.3904 17.0923 12.1980
v  -17.8328 10.8374 12.6529
v  -17.9526 10.8279 0.0976
v  -16.9417 14.7901 12.3238
v  -18.3841 21.0450 11.8689
v  -20.5157 21.9425 -0.7107
v  -20.7352 25.5354 2.9883
v  -17.4759 17.1590 12.2303
v  -20.7352 32.0986 12.3521
v  -17.4759 20.8526 17.4999
v  -19.8113 31.1720 17.0374
v  -17.5629 18.8335 14.0533
v  -16.1205 16.2721 19.7778
v  -17.2482 26.6206 27.2096
v  -13.1214 6.9736 26.0122
v  -16.3807 15.3499 16.7702
v  -16.3807 11.6564 11.5006
v  -13.1214 0.4104 16.6484
v  -15.9800 21.9831 28.8393
v  -16.9909 18.0209 16.6131
v  -15.5486 11.7660 17.0680
v  -13.4170 10.8685 29.6476
v  -14.1420 1.4660 11.5183
v  -16.3904 13.8045 14.5025
v  -16.7051 6.0174 1.3462
v  -17.8328 16.3659 8.7780
v  -18.9071 10.5041 0.3246
v  -23.8586 20.8086 0.0841
v  -16.9542 14.7859 12.3268
v  -19.7407 20.5849 12.1914
v  -26.7454 24.3321 3.8317
v  -17.9861 16.9860 12.3516
v  -17.9861 20.6795 17.6212
v  -26.7454 30.8953 13.1955
v  -22.4978 30.2608 17.6761
v  -18.1543 18.6329 14.1938
v  -15.3678 16.5274 19.5988
v  -17.5464 26.5195 27.2805
v  -15.0964 22.2828 28.6292
v  -17.0493 18.0011 16.6270
v  -14.2628 12.2021 16.7623
v  -10.1449 11.9784 28.8697
v  -11.5456 2.3466 10.9010
v  -15.8891 13.9745 14.3833
v  -16.4971 6.0879 1.2967
v  -18.6756 16.0800 8.9783
v  -19.7268 9.9891 0.6855
v  -26.7292 19.0049 1.3484
v  -16.9649 14.7791 12.3315
v  -20.9056 19.8529 12.7045
v  -27.3288 22.4180 5.1733
v  -18.4243 16.7106 12.5446
v  -27.3288 28.9812 14.5371
v  -18.4243 20.4041 17.8142
v  -6.5278 10.0910 23.8272
v  -15.4323 15.7983 16.4559
v  -15.4323 12.1048 11.1863
v  -6.5278 3.5278 14.4634
v  -14.3376 22.7596 28.2950
v  -17.0995 17.9696 16.6491
v  -7.3352 13.7439 27.6322
v  -13.1588 12.8959 16.2761
v  -9.3160 3.7476 9.9191
v  -15.4587 14.2450 14.1937
v  -19.3994 15.6252 9.2971
v  -16.3185 6.2002 1.2180
v  -20.3557 9.3179 1.1560
v  -16.9732 14.7703 12.3376
v  -21.7996 18.8989 13.3731
v  -28.9319 16.6542 2.9960
v  -26.5750 26.9221 20.0163
v  -19.0518 17.8979 14.7090
v  -14.2254 17.4629 18.9431
v  -17.9988 26.1490 27.5401
v  -4.1903 12.5855 22.0788
v  -15.0961 16.1572 16.2044
v  -15.0961 12.4636 10.9348
v  -4.1903 7.0755 11.9767
v  -13.7554 23.3810 27.8595
v  -17.1379 17.9286 16.6779
v  -12.3116 13.8000 15.6424
v  -5.1792 14.2402 23.4449
v  -16.1814 3.0353 3.4363
v  -19.9548 15.0325 9.7125
v  -7.6052 5.5734 8.6394
v  -15.1284 14.5975 13.9467
v  -20.7511 8.5363 1.7039
v  -16.9784 14.7601 12.3448
v  -22.3615 17.7880 14.1518
v  -30.3166 13.9167 4.9147
v  -27.6878 24.7221 21.5582
v  -19.2968 17.4137 15.0484
v  -18.1223 25.9049 27.7112
v  -13.9136 18.0793 18.5111
v  -2.7209 15.4904 20.0427
v  -2.7209 8.9272 10.6789
v  -14.8847 16.5750 15.9116
v  -14.8847 12.8815 10.6419
v  -13.3893 24.1046 27.3523
v  -6.1792 17.5780 21.4066
v  -17.1621 17.8808 16.7114
v  -11.7790 14.8528 14.9044
v  -6.5298 7.6995 7.1492
v  -14.9208 15.0079 13.6590
v  -20.3039 14.3423 10.1963
v  -16.0952 6.5168 0.9961
v  -20.8860 4.1835 22.9609
v  -16.9801 14.2442 15.9093
v  -22.5531 16.8790 14.0625
v  -30.7889 8.8654 19.6793
v  -31.6368 22.3983 10.1940
v  -31.6368 15.3462 15.1369
v  -19.0440 15.2949 15.1728
v  -19.0440 20.5646 11.4793
v  -28.0674 25.1046 8.2971
v  -18.1644 29.7866 5.0155
v  -19.3803 17.3043 13.7644
v  -13.8073 19.9392 11.9177
v  -2.2197 19.7494 12.0506
v  -14.8126 17.4890 13.6350
v  -14.8126 12.2193 17.3285
v  -2.2197 10.3856 18.6138
v  -13.2645 28.6998 5.7773
v  -3.3616 24.0178 9.0589
v  -17.1703 18.6390 12.8289
v  -11.5974 16.0042 14.6757
v  -6.1629 7.4416 20.6772
v  -14.8500 15.2419 15.2100
v  -16.0659 2.7597 23.9588
v  -20.4230 12.6071 17.0567
v  -20.3557 5.3192 24.5814
v  -16.9732 14.2591 15.9305
v  -21.7996 18.4933 16.3655
v  -28.9319 12.8431 25.3544
v  -26.5750 28.3013 12.8579
v  -19.0518 18.0080 14.7684
v  -14.2254 19.0435 10.6398
v  -17.9988 30.1413 5.5216
v  -4.1903 15.5284 6.0283
v  -15.0961 16.8818 12.7687
v  -15.0961 11.6122 16.4623
v  -4.1903 6.1645 12.5915
v  -13.7554 27.6483 4.2772
v  -17.1379 18.7085 12.9280
v  -12.3116 14.4743 12.4930
v  -5.1792 20.1245 3.5041
v  -7.6052 4.3522 16.2695
v  -16.1814 2.5122 23.6057
v  -15.1284 14.6455 14.3590
v  -19.9548 13.6100 18.4876
v  -18.9071 6.1507 25.7676
v  -16.9542 14.2700 15.9460
v  -19.7407 19.6749 18.0515
v  -23.8586 15.7550 29.5089
v  -24.2826 29.7094 20.6249
v  -17.9861 21.6162 12.9797
v  -24.2826 22.6573 25.5678
v  -17.9861 16.3465 16.6732
v  -22.4978 30.6415 16.1966
v  -18.1543 18.5231 15.5033
v  -15.3678 18.3878 9.7043
v  -17.5464 30.4010 5.8922
v  -9.5740 12.4383 1.6197
v  -9.5740 3.0745 8.1829
v  -15.8705 16.4374 12.1346
v  -15.8705 11.1677 15.8281
v  -15.0964 26.8786 3.1790
v  -17.0493 18.7593 13.0006
v  -14.2628 13.3543 10.8951
v  -10.1449 17.2743 -0.5623
v  -11.5456 2.0906 13.0428
v  -15.8891 14.2089 13.7361
v  -18.6756 14.3442 19.5351
v  -16.4971 2.3310 23.3472
v  -14.9495 6.1507 25.7676
v  -16.9024 14.2700 15.9460
v  -9.9980 15.7550 29.5089
v  -14.1159 19.6749 18.0515
v  -9.5740 29.7094 20.6249
v  -9.5740 22.6573 25.5678
v  -15.8705 16.3465 16.6732
v  -15.8705 21.6162 12.9797
v  -11.3588 30.6415 16.1966
v  -15.7023 18.5231 15.5033
v  -18.4888 18.3878 9.7043
v  -16.3102 30.4010 5.8922
v  -24.2826 12.4383 1.6197
v  -17.9861 16.4374 12.1346
v  -17.9861 11.1677 15.8281
v  -24.2826 3.0745 8.1829
v  -18.7602 26.8786 3.1790
v  -23.7117 17.2743 -0.5623
v  -16.8073 18.7593 13.0006
v  -19.5938 13.3543 10.8951
v  -22.3110 2.0906 13.0428
v  -17.9675 14.2089 13.7361
v  -15.1810 14.3442 19.5351
v  -17.3595 2.3310 23.3472
v  -13.5009 5.3192 24.5814
v  -16.8834 14.2591 15.9305
v  -12.0570 18.4933 16.3655
v  -4.9247 12.8431 25.3544
v  -4.1903 26.6194 16.2163
v  -4.1903 19.5673 21.1592
v  -15.0961 15.9021 16.0391
v  -15.0961 21.1717 12.3456
v  -7.2816 28.3013 12.8579
v  -14.8048 18.0080 14.7684
v  -19.6312 19.0435 10.6398
v  -15.8578 30.1413 5.5216
v  -20.1012 27.6483 4.2772
v  -16.7187 18.7085 12.9280
v  -21.5450 14.4743 12.4930
v  -28.6774 20.1245 3.5041
v  -26.2514 4.3522 16.2695
v  -17.6752 2.5122 23.6057
v  -18.7282 14.6455 14.3590
v  -13.9018 13.6100 18.4876
v  -31.6368 23.4668 18.4023
v  -31.6368 13.9012 11.1428
v  -19.0440 15.4856 13.4032
v  -19.0440 19.1791 18.6729
v  -29.6663 14.4421 24.7277
v  -29.6663 9.4992 17.6756
v  -18.7605 18.3128 19.2800
v  -18.7605 14.6193 14.0104
v  -28.3992 8.2264 24.0803
v  -18.4243 17.9540 19.5315
v  -25.1020 7.6041 16.3994
v  -18.4243 14.2605 14.2619
v  -29.6663 19.9235 6.9217
v  -18.7605 16.3518 12.7961
v  -29.6663 26.4867 16.2856
v  -18.7605 20.0453 18.0657
v  -31.1357 17.0186 8.9578
v  -18.9719 15.9340 13.0890
v  -31.1357 23.5818 18.3216
v  -18.9719 19.6275 18.3586
v  -29.6663 26.6194 16.2163
v  -29.6663 19.5673 21.1592
v  -18.7605 15.9021 16.0391
v  -18.7605 21.1717 12.3456
v  -29.6663 15.5284 6.0283
v  -18.7605 16.8818 12.7687
v  -18.7605 11.6122 16.4623
v  -29.6663 6.1645 12.5915
v  9.2509 6.4579 -21.0687
v  12.8566 17.9954 -12.4925
v  14.4893 23.2198 -17.4697
v  12.1522 15.7413 -29.9129
v  13.9038 21.3461 -29.0601
v  13.4911 20.0258 -14.3037
v  15.5933 26.7521 -12.0520
v  17.6391 33.2984 -25.0591
v  18.3461 35.5608 -19.9937
v  14.3278 22.7030 -13.8134
v  19.1802 38.2297 -7.1484
v  14.7972 24.2050 -6.5846
v  13.5121 20.0929 6.0240
v  13.9247 21.4132 -8.7324
v  11.8227 14.6869 -10.9841
v  9.7768 8.1406 2.0229
v  18.2352 35.2060 -2.2468
v  15.3340 25.9226 6.5974
v  14.6296 23.6685 -10.8230
v  12.9969 18.4442 -5.8458
v  9.0140 5.6997 -3.5532
v  13.0323 18.5575 -9.7335
v  12.5629 17.0555 -16.9623
v  8.1799 3.0308 -16.3985
v  4.4951 6.4933 -16.7346
v  -4.5038 15.8655 -14.7341
v  12.7943 17.9958 -12.4358
v  7.7301 23.2701 -11.3099
v  4.9605 35.6606 -7.7952
v  11.3813 22.7250 -11.1282
v  18.5477 24.1770 -10.0024
v  17.6948 38.2408 -5.7947
v  22.6379 35.1732 -6.2591
v  14.3387 23.6707 -10.5579
v  31.6368 25.8010 -8.2596
v  19.4030 18.3964 -11.6837
v  21.9505 5.6033 -15.3424
v  15.5298 18.5389 -12.0094
v  8.3634 17.0868 -13.1353
v  9.2163 3.0231 -17.3430
v  4.5362 6.1050 -15.6129
v  12.7949 17.9907 -12.4211
v  7.7885 22.7182 -9.7157
v  -4.3600 14.5055 -10.8055
v  -4.5592 17.0249 -15.2823
v  10.9707 19.8371 -11.3871
v  -1.3137 27.4099 -6.1419
v  13.0728 26.5635 -9.1355
v  5.0761 34.5676 -4.6381
v  11.4067 22.4844 -10.4332
v  17.7076 38.1195 -5.4443
v  18.5153 24.4832 -10.8870
v  26.2262 6.0187 -19.4027
v  29.9615 17.9710 -15.4017
v  16.4452 21.6019 -11.6490
v  14.3431 14.8755 -13.9006
v  22.5999 35.5327 -7.2975
v  14.3412 23.6470 -10.4893
v  19.3477 18.9195 -13.1947
v  31.4961 27.1322 -12.1049
v  21.8388 6.6596 -18.3937
v  15.5082 18.7428 -12.5985
v  8.3997 16.7439 -12.1447
v  9.2073 3.1077 -17.5874
v  4.8704 5.6506 -14.5676
v  12.7993 17.9848 -12.4074
v  8.2635 22.0725 -8.2300
v  -3.1895 12.9142 -7.1447
v  6.0168 33.2888 -1.6960
v  11.6138 22.2029 -9.7856
v  18.2517 24.8415 -11.7113
v  17.8120 37.9776 -5.1179
v  29.7924 23.0930 -18.1371
v  26.0570 11.1407 -22.1382
v  16.2665 21.8447 -12.2078
v  14.1644 15.1184 -14.4594
v  22.2905 35.9533 -8.2652
v  30.3504 28.6898 -15.6881
v  14.3617 23.6192 -10.4254
v  18.8975 19.5315 -14.6027
v  20.9297 7.8955 -21.2370
v  9.1345 3.2067 -17.8152
v  15.3327 18.9814 -13.1474
v  8.6948 16.3427 -11.2217
v  -1.0720 11.2001 -4.0010
v  5.3659 12.2230 -15.7168
v  12.8072 17.9784 -12.3956
v  9.1227 21.3769 -6.9543
v  7.7185 31.9112 0.8304
v  11.9884 21.8996 -9.2295
v  17.7749 25.2275 -12.4191
v  18.0008 37.8247 -4.8375
v  27.5454 24.9119 -21.4731
v  15.9433 22.1064 -12.6876
v  19.7467 13.9462 -21.1801
v  13.8412 15.3800 -14.9392
v  31.2527 29.1625 -17.7827
v  18.1627 32.6452 -10.5535
v  14.3987 23.5892 -10.3705
v  18.0831 20.1908 -15.8118
v  19.2851 9.2268 -23.6786
v  9.0028 3.3134 -18.0108
v  15.0152 19.2384 -13.6188
v  9.2287 15.9105 -10.4291
v  6.3088 4.6701 -12.9812
v  12.8181 17.9720 -12.3866
v  10.3077 20.6788 -5.9754
v  1.8481 9.4801 -1.5888
v  2.9692 14.7018 0.9968
v  6.7046 26.6541 4.9978
v  11.9183 19.0701 -9.9803
v  14.0204 25.7964 -7.7287
v  10.0652 30.5289 2.7689
v  18.2612 37.6713 -4.6224
v  12.5050 21.5953 -8.8027
v  17.1174 25.6148 -12.9623
v  24.4467 26.7372 -24.0329
v  15.4976 22.3689 -13.0558
v  13.3955 15.6426 -15.3074
v  20.7114 14.7849 -28.0339
v  29.1071 28.2403 -19.4337
v  24.6464 33.0503 -8.0413
v  14.4496 23.5592 -10.3284
v  16.9600 20.8523 -16.7396
v  17.0171 10.5627 -25.5522
v  14.5773 19.4963 -13.9805
v  9.9649 15.4769 -9.8210
v  8.8211 3.4204 -18.1609
v  7.3149 4.2107 -12.5482
v  5.3717 7.8712 -0.0724
v  12.8313 17.9659 -12.3809
v  11.7377 20.0260 -5.3600
v  6.7085 12.9945 2.6059
v  12.4562 18.8245 -9.7489
v  14.5583 25.5508 -7.4972
v  10.4438 24.9469 6.6070
v  12.8970 29.2360 3.9875
v  13.1283 21.3107 -8.5345
v  18.5755 37.5278 -4.4872
v  16.3240 25.9771 -13.3037
v  20.7074 28.4445 -25.6420
v  16.9721 16.4921 -29.6431
v  14.9597 22.6145 -13.2873
v  12.8576 15.8882 -15.5389
v  20.0275 37.2863 -10.1346
v  14.5112 23.5311 -10.3019
v  15.6047 21.4711 -17.3228
v  21.9707 33.6258 -22.6104
v  14.2803 11.8123 -26.7299
v  14.0490 19.7376 -14.2079
v  10.8533 15.0712 -9.4386
v  8.6018 3.5205 -18.2552
v  8.1129 6.7641 -20.9210
v  12.8417 17.9994 -12.4906
v  12.8718 23.6550 -17.2598
v  8.1664 16.8138 -29.3957
v  9.6742 22.4842 -28.5112
v  12.8828 20.1895 -14.2248
v  13.4095 34.4365 -24.5102
v  14.9849 26.9158 -11.9731
v  15.1429 36.4227 -19.5780
v  13.6227 22.8927 -13.7219
v  18.8247 38.3253 -7.1023
v  15.6947 23.9635 -6.7010
v  17.7417 18.9548 5.4751
v  14.5331 21.2495 -8.8114
v  12.4310 14.5232 -11.0630
v  14.0064 7.0025 1.4741
v  19.2888 34.9225 -2.3835
v  14.5600 23.6873 -10.8140
v  14.5298 18.0317 -6.0447
v  19.2353 24.8728 6.0912
v  12.1097 4.8667 -3.9549
v  13.6299 18.3967 -9.8110
v  11.5580 17.3259 -16.8319
v  8.4279 2.9641 -16.4307
v  7.0242 6.9594 -20.4880
v  12.8275 18.0019 -12.4849
v  4.3537 17.4977 -27.8793
v  11.3246 23.9325 -16.6445
v  2.9257 24.0545 -26.9021
v  12.3008 20.2939 -13.9933
v  14.4029 27.0202 -11.7416
v  6.6610 36.0069 -22.9011
v  12.0789 36.9723 -18.3594
v  12.9482 23.0137 -13.4537
v  18.4847 38.3863 -6.9670
v  16.5532 23.8095 -7.0424
v  20.2966 34.7418 -2.7844
v  14.4934 23.6992 -10.7875
v  15.9963 17.7686 -6.6279
v  22.9671 24.2034 4.6069
v  15.0710 4.3355 -5.1327
v  8.6652 2.9215 -16.5250
v  14.2016 18.2941 -10.0384
v  10.5966 17.4984 -16.4496
v  6.0591 7.0304 -19.7993
v  12.8148 18.0029 -12.4759
v  9.9530 24.0335 -15.6656
v  0.9738 17.7465 -25.4671
v  2.0416 23.4740 -24.3423
v  11.7849 20.3319 -13.6251
v  13.8870 27.0582 -11.3734
v  5.7769 35.4263 -20.3413
v  25.3743 17.9650 1.3062
v  21.6390 6.0127 -2.6948
v  15.6310 21.1071 -9.4110
v  13.5289 14.3808 -11.6627
v  21.1900 34.6760 -3.4220
v  14.4344 23.7036 -10.7454
v  17.2962 17.6729 -7.5557
v  26.2753 23.9599 2.2459
v  17.6961 4.1423 -7.0062
v  14.7084 18.2568 -10.4001
v  8.8755 2.9060 -16.6751
v  9.7445 17.5611 -15.8414
v  5.2834 6.9724 -18.9016
v  -1.7428 17.5432 -22.3235
v  12.8047 18.0021 -12.4641
v  8.8505 23.9510 -14.3898
v  7.1794 37.0089 -13.8944
v  17.9410 38.3904 -6.4716
v  11.8697 23.0218 -12.4708
v  17.9260 23.7992 -8.2935
v  28.2572 18.1808 -2.0297
v  16.0457 21.1382 -9.8909
v  13.9436 14.4118 -12.1425
v  24.6561 6.6580 -7.4393
v  21.9081 34.7297 -4.2530
v  27.9074 20.8726 -1.9312
v  14.3869 23.7000 -10.6905
v  18.3411 17.7511 -8.7648
v  8.6225 1.5683 -12.4427
v  19.8061 4.3002 -9.4478
v  9.0595 17.5098 -15.0488
v  15.1158 18.2873 -10.8715
v  4.7500 6.7892 -17.8563
v  12.7977 17.9997 -12.4504
v  -3.6111 16.9016 -18.6626
v  8.0923 23.6906 -12.9042
v  5.6779 36.4932 -10.9524
v  11.5392 22.9083 -11.8232
v  17.7744 38.3332 -6.1451
v  18.3466 23.9437 -9.1178
v  30.2398 18.8616 -5.9145
v  16.3309 21.2361 -10.4496
v  26.5045 6.9093 -9.9156
v  14.2288 14.5098 -12.7013
v  22.4020 34.8993 -5.2206
v  14.3543 23.6888 -10.6265
v  19.0596 17.9979 -10.1728
v  27.2980 22.7768 -6.1193
v  21.2572 4.7985 -12.2911
v  15.3959 18.3835 -11.4204
v  8.5885 17.3481 -14.1258
v  9.1608 2.9586 -17.0985
v  7.8267 17.1537 4.6247
v  -2.4432 22.4591 -1.6365
v  13.3949 19.9174 -8.8297
v  7.6154 22.9031 -12.3533
v  -1.6488 28.2691 -19.7343
v  11.9357 23.2028 -17.2820
v  -2.5476 25.3930 -10.3034
v  11.2641 21.0537 -10.2348
v  2.6130 28.1488 -23.3535
v  14.0763 26.6623 -29.6147
v  11.1512 21.9885 -12.9221
v  17.6023 21.1520 -16.4456
v  30.2932 17.1009 -16.1919
v  16.1869 20.4974 -13.1690
v  15.5152 18.3483 -6.1218
v  29.0998 13.2820 -3.6695
v  19.3145 24.5387 -28.1613
v  29.5843 19.2333 -21.9001
v  13.7463 21.7750 -14.7069
v  19.5258 18.7893 -11.1833
v  24.3976 13.4336 0.2675
v  12.9343 14.9201 6.5287
v  15.8595 19.5938 -10.1639
v  9.4083 20.4304 -6.6404
v  9.0549 19.0403 5.3171
v  13.4109 19.9421 -8.8206
v  1.8583 29.0662 0.7884
v  9.3610 25.5844 -11.3692
v  6.0699 33.4586 -21.4048
v  14.4599 27.2515 -29.3985
v  11.9121 23.1574 -12.4931
v  16.6337 19.6642 -16.9916
v  25.7285 10.0896 -18.7652
v  15.5303 19.4889 -13.5391
v  14.8586 17.3398 -6.4919
v  24.5351 6.2707 -6.2427
v  18.1775 22.7922 -28.8023
v  13.8214 21.8904 -14.6646
v  25.3740 12.7663 -24.2736
v  17.8713 16.2481 -12.1160
v  21.0567 8.3019 -1.6159
v  12.6667 14.5090 6.3778
v  15.2145 18.6031 -10.5276
v  10.4929 22.0963 -6.0290
v  11.1176 20.0576 5.8240
v  13.4380 19.9554 -8.8140
v  9.0826 32.6294 2.5636
v  12.2927 27.0303 -10.6488
v  10.5821 39.0615 -15.2773
v  13.6950 24.7552 -16.6409
v  9.6833 36.1854 -5.8464
v  13.0234 22.6061 -9.5937
v  11.8756 36.3221 -19.9781
v  13.1901 23.7877 -12.1790
v  15.0070 18.8619 -17.3914
v  15.1042 27.5693 -29.2402
v  18.0623 6.3085 -20.6489
v  14.4276 18.9451 -13.8101
v  13.7559 16.7959 -6.7629
v  16.8689 2.4896 -8.1265
v  16.2679 21.8504 -29.2715
v  13.9475 21.9526 -14.6335
v  18.3029 9.2787 -26.0111
v  15.0928 14.8777 -12.7987
v  15.4457 5.5345 -2.9946
v  14.1312 18.0689 -10.7937
v  12.3143 22.9946 -5.5814
v  12.2172 14.2873 6.2674
v  15.4604 18.7005 5.8240
v  13.4948 19.9377 -8.8140
v  18.4649 25.1014 -10.6488
v  24.2919 27.8762 2.5636
v  26.7219 34.0176 -15.2773
v  16.0166 24.0297 -16.6409
v  25.8231 31.1415 -5.8464
v  15.3449 21.8805 -9.5937
v  24.0986 32.5022 -19.9781
v  16.4606 27.1454 -29.2402
v  15.8807 22.9468 -12.1790
v  11.5823 19.9322 -17.3914
v  1.9225 11.3525 -20.6489
v  12.1060 19.6706 -13.8101
v  11.4344 17.5214 -6.7629
v  0.7290 7.5335 -8.1265
v  12.2475 23.1068 -29.2715
v  14.2131 21.8696 -14.6335
v  3.4160 13.9311 -26.0111
v  9.2431 16.7058 -12.7987
v  3.6328 9.2262 -2.9946
v  11.2708 14.5830 6.2674
v  11.8507 18.7816 -10.7937
v  16.1491 21.7962 -5.5814
v  16.5768 16.6895 5.3171
v  13.5095 19.9113 -8.8206
v  28.2017 20.8335 0.7884
v  20.0515 22.2434 -11.3692
v  30.8708 26.5440 -17.1610
v  29.9720 23.6679 -7.7301
v  16.6134 22.9547 -16.9119
v  15.9417 20.8055 -9.8647
v  27.2407 26.8423 -21.4048
v  16.5724 21.7009 -12.4931
v  10.7020 21.5180 -16.9916
v  16.8093 26.5173 -29.3985
v  11.2141 24.9684 -28.8023
v  -0.4108 20.8244 -24.2736
v  14.2814 21.7466 -14.6646
v  7.7393 19.4145 -12.1160
v  0.5961 14.6962 -1.6159
v  11.0276 15.0213 6.3778
v  11.2644 19.8376 -10.5276
v  17.1349 20.0205 -6.0290
v  0.3468 34.6547 -12.9667
v  13.0509 26.7711 -9.7352
v  -3.7712 21.4778 -12.9527
v  10.9488 20.0447 -11.9868
v  1.3589 30.2983 -0.8979
v  -1.4543 21.2968 -3.9112
v  13.2515 26.3206 -8.5767
v  11.1494 19.5942 -10.8283
v  0.9183 24.0049 2.8354
v  13.5747 26.0590 -8.0969
v  2.7720 17.2287 -3.7601
v  11.4726 19.3326 -10.3485
v  -0.8413 23.2582 -21.0064
v  2.8940 35.2105 -17.0053
v  11.3702 20.3008 -13.1452
v  13.4723 27.0272 -10.8936
v  -2.8239 22.5773 -17.1216
v  0.9114 34.5297 -13.1205
v  11.0851 20.2029 -12.5865
v  13.1871 26.9292 -10.3348
v  2.9159 35.2804 -17.1610
v  2.0170 32.4043 -7.7301
v  11.9207 22.0622 -9.8647
v  12.5923 24.2113 -16.9119
v  -2.2264 18.8260 -18.7652
v  11.5092 20.7456 -13.5391
v  -3.4199 15.0071 -6.2427
v  10.8376 18.5964 -6.4919
v  14.3218 13.7770 13.0996
v  14.3218 18.1021 13.0996
v  18.5536 19.0298 13.0996
v  18.5536 13.0245 13.0996
v  20.9314 12.2720 11.6783
v  22.5624 19.9574 11.6783
v  14.3831 20.1131 14.5828
v  13.3477 24.1542 13.5475
v  11.7345 17.9506 11.9343
v  9.6703 21.1516 9.8700
v  10.2612 23.8284 5.5787
v  14.9675 27.6711 10.2850
v  4.7403 14.5478 8.5968
v  10.0835 13.5976 8.5968
v  4.7403 20.0087 8.5968
v  10.0835 21.1800 8.5968
v  15.1452 22.3513 6.8022
v  13.0857 12.6474 6.8022
v  4.8177 22.5479 10.4696
v  1.4735 19.8174 7.1254
v  3.5104 27.6503 9.1623
v  -1.1329 23.8591 4.5190
v  -0.3868 27.2389 -0.8993
v  5.5556 32.0909 5.0430
v  -14.8126 13.3299 10.3277
v  -14.8126 17.0234 15.5973
v  -8.5162 17.8156 16.7275
v  -8.5162 12.6872 9.4108
v  -4.9784 13.7763 7.2801
v  -2.5515 20.3395 16.6440
v  -14.7214 16.9336 19.3141
v  -18.6621 18.3138 14.4175
v  -21.7335 23.5625 16.5548
v  -16.2619 21.6461 23.3537
v  -20.8543 31.0770 16.1515
v  -13.8519 28.6244 24.8525
v  14.3650 14.6679 -13.3010
v  16.4671 21.3943 -11.0493
v  20.9084 11.3384 -13.6927
v  31.0437 20.7812 -12.3994
v  23.8271 20.6777 -10.5664
v  24.6454 9.6611 -16.4004
v  17.3142 23.7534 -7.5856
v  17.7487 31.0810 -7.1688
v  12.3503 23.0577 -13.0269
v  22.6093 37.3451 -10.6536
v  10.8565 30.1150 -14.7239
v  13.7886 36.1088 -20.3225
v  20.6468 12.2720 19.9432
v  20.6468 19.9574 17.0296
v  16.3843 19.0298 17.9959
v  16.3843 13.0245 17.9959
v  13.6108 18.1021 14.3310
v  13.6108 13.7770 14.3310
v  12.7264 12.6474 17.2377
v  12.7264 22.3513 13.5590
v  7.3444 13.5976 14.7791
v  7.3444 21.1800 14.7791
v  3.8426 20.0087 10.1516
v  3.8426 14.5478 10.1516
v  -5.4018 3.7064 14.3382
v  -5.4018 13.8194 21.2139
v  -11.7439 11.8499 20.9089
v  -11.7439 6.7216 13.5921
v  -15.8705 15.5230 16.6489
v  -15.8705 11.8295 11.3793
v  22.8973 5.6994 -2.9337
v  27.0851 19.0995 -3.6799
v  19.5250 19.3516 -2.5884
v  15.1151 21.1451 -9.0428
v  13.0130 14.4188 -11.2945
v  16.6063 10.0122 -5.7148
v  13.2259 17.0958 10.9197
v  13.1013 16.9244 10.9197
v  13.8461 16.8943 11.1316
v  13.8107 15.9480 11.5346
v  14.3737 16.7228 11.5346
v  14.7570 16.5983 12.0893
v  14.0476 15.6219 12.0893
v  14.9585 16.5328 12.7415
v  14.1721 15.4505 12.7415
v  14.7570 16.5983 14.0792
v  14.0476 15.6219 14.0792
v  13.8107 15.9480 14.6339
v  13.8461 16.8943 15.0370
v  13.1013 16.9244 15.2489
v  12.8998 16.2068 15.0370
v  13.4846 16.3968 15.0370
v  12.8998 15.2490 14.0792
v  12.8998 15.0371 13.4271
v  14.1721 15.4505 13.4271
v  12.8998 15.0371 12.7415
v  12.8998 15.6520 11.5346
v  12.8998 16.2068 11.1316
v  13.4846 16.3968 11.1316
v  12.8998 16.8589 10.9197
v  12.3150 16.3968 11.1316
v  11.9890 15.9480 11.5346
v  12.8998 15.2490 12.0893
v  11.7520 15.6219 12.0893
v  11.6275 15.4505 12.7415
v  11.6275 15.4505 13.4271
v  12.8998 15.6520 14.6339
v  12.8998 16.8589 15.2489
v  12.3150 16.3968 15.0370
v  12.8998 17.2017 15.2758
v  12.5738 17.0958 15.2489
v  12.6983 16.9244 15.2489
v  11.9890 15.9480 14.6339
v  11.7520 15.6219 14.0792
v  10.8412 16.5328 13.4271
v  11.9536 16.8943 11.1316
v  12.5738 17.0958 10.9197
v  12.6983 16.9244 10.9197
v  3.6833 17.8555 6.1119
v  4.0950 17.2889 6.6208
v  5.2897 18.1100 7.3212
v  4.3941 16.8772 7.3212
v  4.5513 16.6608 9.0103
v  5.2897 18.1100 9.8337
v  4.8058 18.2672 10.5341
v  4.3941 16.8772 9.8337
v  4.0950 17.2889 10.5341
v  4.1396 18.4837 11.0430
v  3.3565 18.7381 11.3105
v  3.1993 18.5217 11.3105
v  2.9449 18.4390 11.3105
v  3.6833 17.8555 11.0430
v  2.9449 16.4063 9.8337
v  4.5513 16.6608 8.1446
v  2.9449 18.4390 5.8444
v  3.1993 18.5217 5.8444
v  2.9449 18.8719 5.8103
v  2.6904 18.5217 5.8444
v  2.2065 17.8555 6.1119
v  2.9449 17.6156 6.1119
v  2.9449 16.9152 6.6208
v  2.9449 16.4063 7.3212
v  1.4956 16.8772 7.3212
v  2.9449 16.1388 8.1446
v  2.9449 16.1388 9.0103
v  1.3384 16.6608 9.0103
v  1.4956 16.8772 9.8337
v  2.9449 16.9152 10.5341
v  2.9449 17.6156 11.0430
v  2.2065 17.8555 11.0430
v  2.6904 18.5217 11.3105
v  1.7948 17.2889 10.5341
v  0.6000 18.1100 9.8337
v  1.3384 16.6608 8.1446
v  0.3456 18.0273 8.1446
v  1.7948 17.2889 6.6208
v  -14.7354 17.7523 12.5803
v  -15.5730 17.0906 11.6363
v  -14.1651 16.9701 12.9023
v  -13.8653 16.1196 13.3794
v  -15.0352 15.1954 12.0608
v  -15.2206 13.7118 13.4121
v  -16.0582 13.2066 15.1740
v  -16.4432 13.5453 16.2066
v  -16.6285 13.3990 15.9978
v  -16.9283 13.6029 16.3587
v  -15.5730 13.3144 14.2831
v  -16.9283 13.3933 12.9577
v  -15.0352 14.3599 12.6463
v  -16.9283 14.8423 11.5571
v  -15.2206 16.1363 11.7127
v  -16.9283 16.8379 11.2757
v  -16.0582 17.9649 11.8389
v  -16.9283 17.8026 11.6074
v  -16.6285 18.6736 12.3008
v  -16.9283 18.6177 12.2210
v  -16.9283 18.9433 12.6156
v  -17.7984 17.9649 11.8389
v  -18.2836 17.0906 11.6363
v  -16.9283 15.8178 11.2584
v  -18.6360 16.1363 11.7127
v  -16.9283 14.0069 12.1426
v  -16.9283 13.0616 13.9225
v  -18.6360 13.7118 13.4121
v  -16.9283 13.0443 14.9425
v  -16.9283 13.3430 15.9180
v  -17.2281 13.3990 15.9978
v  -18.3362 13.6314 15.7802
v  -17.7984 13.2066 15.1740
v  -19.1212 13.9761 15.2271
v  -18.2836 13.3144 14.2831
v  -19.6915 14.5456 14.6017
v  -19.9913 15.2842 13.9650
v  -18.8214 14.3599 12.6463
v  -18.8214 15.1954 12.0608
v  -19.6915 16.9701 12.9023
v  -18.3362 18.3897 12.4450
v  -17.2281 18.6736 12.3008
v  14.2407 21.2685 -15.2143
v  15.4091 20.7364 -14.8848
v  14.5771 20.1472 -15.1437
v  16.1245 20.0004 -14.3173
v  14.8288 19.0826 -14.7207
v  16.6036 19.3355 -13.4783
v  14.9709 18.1790 -13.9866
v  16.7995 18.8068 -12.4498
v  14.9897 17.5248 -13.0133
v  16.2946 18.3467 -10.2360
v  15.6432 18.4603 -9.2673
v  14.3475 17.5425 -9.6707
v  14.8026 18.7958 -8.5214
v  13.8550 19.3204 -8.0712
v  13.5684 19.1173 -8.1605
v  13.3700 19.6381 -7.9721
v  13.2076 19.1183 -8.1945
v  12.9235 18.2095 -8.8793
v  13.9707 18.2066 -8.7804
v  12.6068 17.1959 -10.9384
v  14.6619 17.1902 -10.7443
v  12.6050 17.1904 -12.1113
v  14.8832 17.1841 -11.8961
v  13.5300 20.1501 -15.2427
v  13.8799 21.2695 -15.2484
v  14.0507 21.8161 -15.1139
v  13.1978 19.0871 -14.8748
v  11.2231 19.3503 -13.9866
v  12.9158 18.1847 -14.1807
v  12.7115 17.5311 -13.2285
v  10.8352 18.8232 -13.0133
v  10.7287 18.4825 -11.8961
v  10.9141 18.3615 -10.7443
v  12.7165 17.5470 -9.8248
v  12.9104 19.3230 -8.1605
v  11.7127 19.7615 -8.5214
v  12.0611 18.8034 -8.7804
v  10.8307 19.9643 -9.2673
v  11.3732 18.4720 -9.6707
v  10.2305 20.2418 -10.2360
v  9.9709 20.5669 -11.3326
v  10.0774 20.9076 -12.4498
v  10.5395 21.2306 -13.4783
v  11.8545 20.0121 -14.7207
v  11.3120 21.5044 -14.3173
v  12.3192 21.7021 -14.8848
v  12.6675 20.7440 -15.1437
v  13.5827 21.4742 -15.2143
v  12.8998 17.5446 10.9197
v  13.2259 17.3077 10.9197
v  12.8998 17.2017 10.8927
v  13.8461 17.5092 11.1316
v  14.9585 17.8706 12.7415
v  14.9585 16.5328 13.4271
v  14.3737 16.7228 14.6339
v  14.3737 17.6806 14.6339
v  13.2259 17.0958 15.2489
v  13.2259 17.3077 15.2489
v  13.1013 17.4791 15.2489
v  13.8461 17.5092 15.0370
v  13.8107 18.4554 14.6339
v  14.7570 17.8051 14.0792
v  14.9585 17.8706 13.4271
v  14.1721 18.9529 13.4271
v  14.1721 18.9529 12.7415
v  14.7570 17.8051 12.0893
v  14.3737 17.6806 11.5346
v  13.8107 18.4554 11.5346
v  13.1013 17.4791 10.9197
v  13.4846 18.0067 11.1316
v  12.8998 18.7514 11.5346
v  14.0476 18.7815 12.0893
v  12.8998 19.3663 13.4271
v  12.8998 19.1544 14.0792
v  14.0476 18.7815 14.0792
v  12.8998 18.7514 14.6339
v  12.8998 17.5446 15.2489
v  13.4846 18.0067 15.0370
v  12.8998 18.1967 11.1316
v  11.9890 18.4554 11.5346
v  11.7520 18.7815 12.0893
v  12.8998 19.1544 12.0893
v  12.8998 19.3663 12.7415
v  11.6275 18.9529 13.4271
v  11.7520 18.7815 14.0792
v  12.8998 18.1967 15.0370
v  12.3150 18.0067 15.0370
v  12.6983 17.4791 15.2489
v  12.5738 17.3077 15.2489
v  11.9890 18.4554 14.6339
v  11.9536 17.5092 15.0370
v  11.4260 17.6806 14.6339
v  10.8412 17.8706 13.4271
v  11.6275 18.9529 12.7415
v  12.3150 18.0067 11.1316
v  11.9536 17.5092 11.1316
v  12.6983 17.4791 10.9197
v  12.5738 17.3077 10.9197
v  11.4260 17.6806 11.5346
v  11.4260 16.7228 11.5346
v  11.0427 16.5983 12.0893
v  11.0427 17.8051 12.0893
v  10.8412 16.5328 12.7415
v  10.8412 17.8706 12.7415
v  11.0427 17.8051 14.0792
v  11.0427 16.5983 14.0792
v  11.4260 16.7228 14.6339
v  11.9536 16.8943 15.0370
v  3.3565 19.0056 5.8444
v  3.3565 18.7381 5.8444
v  4.1396 18.4837 6.1119
v  4.8058 18.2672 6.6208
v  5.5442 18.0273 8.1446
v  5.5442 19.7164 9.0103
v  5.5442 18.0273 9.0103
v  5.2897 19.6338 9.8337
v  4.1396 19.2601 11.0430
v  3.3565 19.0056 11.3105
v  3.1993 19.2221 11.3105
v  3.6833 19.8882 11.0430
v  4.8058 19.4765 10.5341
v  4.3941 20.8665 9.8337
v  4.5513 21.0830 9.0103
v  5.5442 19.7164 8.1446
v  4.5513 21.0830 8.1446
v  5.2897 19.6338 7.3212
v  4.8058 19.4765 6.6208
v  4.1396 19.2601 6.1119
v  3.6833 19.8882 6.1119
v  3.1993 19.2221 5.8444
v  2.9449 20.1281 6.1119
v  2.9449 20.8285 6.6208
v  4.0950 20.4548 6.6208
v  4.3941 20.8665 7.3212
v  2.9449 21.6049 8.1446
v  2.9449 21.3374 9.8337
v  2.9449 20.8285 10.5341
v  4.0950 20.4548 10.5341
v  2.9449 20.1281 11.0430
v  2.9449 18.8719 11.3446
v  1.7501 18.4837 6.1119
v  2.5332 18.7381 5.8444
v  2.5332 19.0056 5.8444
v  2.9449 19.3047 5.8444
v  2.9449 21.3374 7.3212
v  1.4956 20.8665 7.3212
v  2.9449 21.6049 9.0103
v  2.9449 19.3047 11.3105
v  2.6904 19.2221 11.3105
v  2.5332 19.0056 11.3105
v  2.2065 19.8882 11.0430
v  1.7501 19.2601 11.0430
v  1.7948 20.4548 10.5341
v  1.4956 20.8665 9.8337
v  1.3384 21.0830 9.0103
v  0.6000 19.6338 9.8337
v  1.3384 21.0830 8.1446
v  0.3456 19.7164 8.1446
v  0.6000 19.6338 7.3212
v  1.7948 20.4548 6.6208
v  2.2065 19.8882 6.1119
v  2.6904 19.2221 5.8444
v  1.7501 19.2601 6.1119
v  1.0840 18.2672 6.6208
v  1.0840 19.4765 6.6208
v  0.6000 18.1100 7.3212
v  0.3456 18.0273 9.0103
v  0.3456 19.7164 9.0103
v  1.0840 18.2672 10.5341
v  1.0840 19.4765 10.5341
v  1.7501 18.4837 11.0430
v  2.5332 18.7381 11.3105
v  -16.6285 19.1473 12.9766
v  -16.4432 18.8200 12.5096
v  -16.4432 19.0009 12.7678
v  -15.5204 18.3897 12.4450
v  -15.5204 18.9149 13.1942
v  -14.1651 18.0007 14.3727
v  -13.8653 15.2842 13.9650
v  -14.1651 14.5456 14.6017
v  -14.7354 14.7940 16.3940
v  -14.7354 13.9761 15.2271
v  -15.5204 14.1565 16.5294
v  -15.5204 13.6314 15.7802
v  -16.6285 13.8727 16.6736
v  -16.4432 13.7263 16.4648
v  -16.0582 14.5814 17.1355
v  -15.5730 15.4557 17.3381
v  -14.1651 15.5762 16.0721
v  -15.0352 17.3509 16.9136
v  -13.8653 16.4267 15.5949
v  -13.8653 17.2621 15.0094
v  -14.7354 18.5702 13.7473
v  -16.9283 19.5020 14.0319
v  -16.0582 19.3397 13.8004
v  -15.5730 19.2319 14.6913
v  -16.9283 19.4846 15.0519
v  -15.2206 18.8345 15.5623
v  -15.0352 18.1863 16.3280
v  -16.9283 17.7039 17.4173
v  -15.2206 16.4100 17.2616
v  -17.4134 18.8200 12.5096
v  -17.2281 19.1473 12.9766
v  -16.9283 19.2032 13.0564
v  -17.7984 19.3397 13.8004
v  -18.2836 19.2319 14.6913
v  -16.9283 19.1529 16.0167
v  -16.9283 18.5394 16.8317
v  -18.8214 17.3509 16.9136
v  -18.6360 16.4100 17.2616
v  -16.9283 16.7285 17.7160
v  -16.9283 15.7084 17.6987
v  -18.2836 15.4557 17.3381
v  -16.9283 14.7436 17.3670
v  -16.9283 13.9286 16.7534
v  -17.4134 13.7263 16.4648
v  -17.2281 13.8727 16.6736
v  -17.7984 14.5814 17.1355
v  -18.3362 14.1565 16.5294
v  -19.1212 14.7940 16.3940
v  -18.8214 18.1863 16.3280
v  -18.6360 18.8345 15.5623
v  -19.9913 17.2621 15.0094
v  -19.6915 18.0007 14.3727
v  -19.1212 18.5702 13.7473
v  -17.4134 19.0009 12.7678
v  -18.3362 18.9149 13.1942
v  -19.1212 17.7523 12.5803
v  -19.9913 16.1196 13.3794
v  -19.9913 16.4267 15.5949
v  -19.6915 15.5762 16.0721
v  -17.4134 13.5453 16.2066
v  14.2131 22.3359 -14.8914
v  14.5103 22.1312 -14.9255
v  14.5273 21.4716 -15.1251
v  17.4497 20.8873 -11.7534
v  16.6931 18.4661 -11.3326
v  16.1087 19.9498 -8.7687
v  13.9580 19.6499 -7.9609
v  15.1014 19.7521 -8.2012
v  14.7531 20.7102 -7.9423
v  16.8812 20.2236 -9.6077
v  17.3433 20.5466 -10.6362
v  16.5854 22.6310 -10.0727
v  17.1902 21.2124 -12.8500
v  16.5900 21.4899 -13.8187
v  15.7079 21.6928 -14.5646
v  15.3596 22.6508 -14.3056
v  14.6303 21.8011 -15.0148
v  16.0475 22.9822 -13.4153
v  14.8139 24.2583 -12.1476
v  16.5066 23.0927 -12.3417
v  16.6919 22.9717 -11.1899
v  16.1975 22.1039 -9.0994
v  13.8907 21.3041 -7.8433
v  15.5662 21.4421 -8.3653
v  13.8380 19.9800 -7.8717
v  13.4626 21.8043 -15.1251
v  13.8523 22.3369 -14.9255
v  14.4971 23.2448 -14.2067
v  13.0732 23.9117 -13.4153
v  14.7042 23.9072 -13.2612
v  14.8156 24.2638 -10.9747
v  12.5374 24.2701 -11.1899
v  14.7091 23.9231 -9.8575
v  12.4310 23.9294 -10.0727
v  12.4497 23.2752 -9.0994
v  14.5049 23.2696 -8.9053
v  12.5919 22.3716 -8.3653
v  14.2229 22.3671 -8.2112
v  13.5408 20.1847 -7.8376
v  13.1800 20.1857 -7.8717
v  12.8435 21.3070 -7.9423
v  12.0116 20.7178 -8.2012
v  12.7587 24.2640 -12.3417
v  10.7276 22.9881 -11.7534
v  11.1261 23.1075 -12.8500
v  11.7775 22.9939 -13.8187
v  13.4500 23.2476 -14.3056
v  13.5656 22.1338 -15.0148
v  12.6181 22.6584 -14.5646
v  10.6211 22.6474 -10.6362
v  10.8170 22.1187 -9.6077
v  11.2962 21.4538 -8.7687
v  12.7904 19.6531 -8.0712
v  12.8933 19.9826 -7.9609
# 2064 vertices

vn 1.0000 0.0010 -0.0010
vn 1.0000 0.0010 -0.0010
vn 1.0000 0.0010 -0.0010
vn 1.0000 0.0010 -0.0010
vn 1.0000 0.0010 -0.0010
vn 1.0000 0.0010 -0.0010
vn 1.0000 0.0010 -0.0010
vn 1.0000 0.0010 -0.0010
vn 1.0000 0.0010 -0.0010
vn 1.0000 0.0010 -0.0010
vn 1.0000 0.0010 -0.0010
vn 1.0000 0.0010 -0.0010
vn 1.0000 0.0008 -0.0010
vn 1.0000 0.0010 -0.0010
vn 1.0000 0.0008 -0.0010
vn 1.0000 0.0008 -0.0010
vn 1.0000 0.0008 -0.0010
vn 1.0000 0.0010 -0.0010
vn 1.0000 0.0010 -0.0010
vn 1.0000 0.0010 -0.0010
vn 1.0000 0.0010 -0.0010
vn 1.0000 0.0010 -0.0010
vn 1.0000 0.0010 -0.0010
vn 1.0000 0.0010 -0.0010
vn 1.0000 0.0008 -0.0010
vn 1.0000 0.0010 -0.0010
vn 1.0000 0.0011 -0.0010
vn 1.0000 0.0008 -0.0010
vn 1.0000 0.0011 -0.0011
vn 1.0000 0.0010 -0.0010
vn 1.0000 0.0010 -0.0010
vn 1.0000 0.0010 -0.0010
vn 1.0000 0.0010 -0.0013
vn 1.0000 0.0010 -0.0010
vn 1.0000 0.0010 -0.0010
vn 1.0000 0.0010 -0.0010
vn 0.0010 0.0010 -1.0000
vn 0.0010 0.0010 -1.0000
vn 0.0010 0.0010 -1.0000
vn 0.0010 0.0010 -1.0000
vn 0.0008 0.0010 -1.0000
vn 0.0010 0.0010 -1.0000
vn 0.0010 0.0008 -1.0000
vn 0.0010 0.0010 -1.0000
vn 0.0010 0.0010 -1.0000
vn 0.0010 0.0008 -1.0000
vn 0.0010 0.0008 -1.0000
vn 0.0010 0.0010 -1.0000
vn 0.0010 0.0011 -1.0000
vn 0.0010 0.0010 -1.0000
vn 0.0010 0.0011 -1.0000
vn 0.0010 0.0011 -1.0000
vn 0.0010 0.0010 -1.0000
vn 0.0010 0.0010 -1.0000
vn 0.0010 0.0010 -1.0000
vn 0.0010 0.0010 -1.0000
vn 0.0013 0.0010 -1.0000
vn 0.0010 0.0010 -1.0000
vn 0.0010 0.0010 -1.0000
vn 0.0010 0.0010 -1.0000
vn -0.2589 0.0010 -0.9659
vn -0.2588 0.0010 -0.9659
vn -0.2588 0.0010 -0.9659
vn -0.2589 0.0010 -0.9659
vn -0.2587 0.0010 -0.9660
vn -0.2588 0.0010 -0.9659
vn -0.1771 0.2495 -0.9520
vn -0.1771 0.2495 -0.9520
vn -0.1771 0.2495 -0.9520
vn -0.1771 0.2495 -0.9520
vn -0.1771 0.2495 -0.9520
vn -0.1771 0.2495 -0.9520
vn -0.2588 0.0008 -0.9659
vn -0.2588 0.0010 -0.9659
vn -0.2588 0.0010 -0.9659
vn -0.2588 0.0008 -0.9659
vn -0.2588 0.0008 -0.9659
vn -0.2588 0.0010 -0.9659
vn -0.2588 0.0010 -0.9659
vn -0.2586 0.0010 -0.9660
vn -0.2586 0.0010 -0.9660
vn -0.2588 0.0010 -0.9659
vn -0.2588 0.0010 -0.9659
vn -0.2586 0.0010 -0.9660
vn -0.2590 0.0011 -0.9659
vn -0.2588 0.0010 -0.9659
vn -0.2588 0.0011 -0.9659
vn -0.2590 0.0011 -0.9659
vn -0.2590 0.0010 -0.9659
vn -0.2588 0.0010 -0.9659
vn -0.2587 0.0010 -0.9660
vn -0.2588 0.0010 -0.9659
vn -0.2586 0.0010 -0.9660
vn -0.2587 0.0010 -0.9660
vn -0.2588 0.0010 -0.9659
vn -0.2588 0.0010 -0.9659
vn -0.4999 0.0010 -0.8661
vn -0.4999 0.0010 -0.8661
vn -0.5000 0.0010 -0.8660
vn -0.4999 0.0010 -0.8661
vn -0.4999 0.0010 -0.8661
vn -0.4999 0.0010 -0.8661
vn -0.5000 0.0008 -0.8660
vn -0.5001 0.0010 -0.8660
vn -0.5000 0.0011 -0.8660
vn -0.5000 0.0008 -0.8660
vn -0.4999 0.0008 -0.8661
vn -0.5001 0.0010 -0.8660
vn -0.4999 0.0010 -0.8661
vn -0.5000 0.0010 -0.8660
vn -0.4999 0.0008 -0.8661
vn -0.4999 0.0010 -0.8661
vn -0.5000 0.0010 -0.8660
vn -0.5000 0.0010 -0.8660
vn -0.4999 0.0010 -0.8661
vn -0.5000 0.0010 -0.8660
vn -0.5001 0.0011 -0.8660
vn -0.4999 0.0010 -0.8661
vn -0.5001 0.0010 -0.8660
vn -0.5000 0.0010 -0.8660
vn -0.5000 -0.0010 -0.8660
vn -0.5000 -0.0010 -0.8660
vn -0.5001 -0.0010 -0.8660
vn -0.5000 -0.0010 -0.8660
vn -0.5000 -0.0010 -0.8660
vn -0.5000 -0.0010 -0.8660
vn -0.7675 0.3042 -0.5643
vn -0.7676 0.3041 -0.5641
vn -0.7676 0.3041 -0.5642
vn -0.7675 0.3042 -0.5643
vn -0.7676 0.3041 -0.5641
vn -0.7676 0.3041 -0.5641
vn -0.7071 -0.0011 -0.7071
vn -0.7071 -0.0010 -0.7071
vn -0.7072 -0.0008 -0.7071
vn -0.7071 -0.0011 -0.7071
vn -0.7071 -0.0011 -0.7071
vn -0.7071 -0.0010 -0.7071
vn -0.7071 0.0010 -0.7071
vn -0.7071 0.0010 -0.7071
vn -0.7071 0.0008 -0.7071
vn -0.7071 0.0010 -0.7071
vn -0.7071 0.0010 -0.7071
vn -0.7071 0.0010 -0.7071
vn -0.5527 -0.0675 -0.8306
vn -0.5529 -0.0677 -0.8305
vn -0.5527 -0.0677 -0.8306
vn -0.5527 -0.0675 -0.8306
vn -0.5527 -0.0675 -0.8306
vn -0.5529 -0.0677 -0.8305
vn -0.7071 0.0010 -0.7072
vn -0.7071 0.0010 -0.7071
vn -0.7069 0.0010 -0.7073
vn -0.7071 0.0010 -0.7072
vn -0.7071 0.0010 -0.7071
vn -0.7071 0.0010 -0.7071
vn -0.8661 0.0010 -0.4999
vn -0.8660 0.0010 -0.5000
vn -0.8660 0.0010 -0.5000
vn -0.8661 0.0010 -0.4999
vn -0.8660 0.0010 -0.5001
vn -0.8660 0.0010 -0.5000
vn -0.8661 0.0010 -0.4999
vn -0.8660 0.0011 -0.5000
vn -0.8661 0.0010 -0.4999
vn -0.8661 0.0010 -0.4999
vn -0.8660 0.0010 -0.5000
vn -0.8660 0.0011 -0.5000
vn -0.8661 0.0008 -0.4999
vn -0.8660 0.0010 -0.5000
vn -0.8661 0.0011 -0.4999
vn -0.8661 0.0008 -0.4999
vn -0.8661 0.0008 -0.4999
vn -0.8660 0.0010 -0.5000
vn -0.8660 0.0010 -0.5001
vn -0.8661 0.0010 -0.4999
vn -0.8660 0.0008 -0.5001
vn -0.8660 0.0010 -0.5001
vn -0.8661 0.0010 -0.4999
vn -0.8661 0.0010 -0.4999
vn -0.7099 0.3231 -0.6258
vn -0.7099 0.3233 -0.6258
vn -0.7099 0.3231 -0.6258
vn -0.7099 0.3231 -0.6258
vn -0.7099 0.3231 -0.6258
vn -0.7099 0.3233 -0.6258
vn -0.8661 0.0010 -0.4999
vn -0.8660 0.0010 -0.5000
vn -0.8660 0.0010 -0.5000
vn -0.8661 0.0010 -0.4999
vn -0.8660 0.0010 -0.5000
vn -0.8660 0.0010 -0.5000
vn -0.9660 0.0010 -0.2586
vn -0.9659 0.0010 -0.2588
vn -0.9660 0.0010 -0.2586
vn -0.9660 0.0010 -0.2586
vn -0.9659 0.0010 -0.2588
vn -0.9659 0.0010 -0.2588
vn -0.9659 0.0010 -0.2590
vn -0.9659 0.0011 -0.2588
vn -0.9659 0.0010 -0.2590
vn -0.9659 0.0010 -0.2590
vn -0.9659 0.0010 -0.2588
vn -0.9659 0.0011 -0.2588
vn -0.9660 0.0008 -0.2587
vn -0.9659 0.0010 -0.2588
vn -0.9660 0.0011 -0.2586
vn -0.9660 0.0008 -0.2587
vn -0.9660 0.0008 -0.2587
vn -0.9659 0.0010 -0.2588
vn -0.9659 0.0010 -0.2588
vn -0.9659 0.0010 -0.2588
vn -0.9659 0.0010 -0.2588
vn -0.9659 0.0010 -0.2588
vn -0.9659 0.0010 -0.2588
vn -0.9659 0.0010 -0.2588
vn -0.9659 0.0010 -0.2588
vn -0.9660 0.0010 -0.2587
vn -0.9659 0.0011 -0.2588
vn -0.9659 0.0010 -0.2588
vn -0.9660 0.0010 -0.2587
vn -0.9660 0.0010 -0.2587
vn -0.9660 0.0010 -0.2586
vn -0.9659 0.0010 -0.2588
vn -0.9659 0.0010 -0.2588
vn -0.9660 0.0010 -0.2586
vn -0.9660 0.0010 -0.2586
vn -0.9659 0.0010 -0.2588
vn 0.9659 0.0010 -0.2589
vn 0.9660 0.0010 -0.2587
vn 0.9659 0.0010 -0.2588
vn 0.9659 0.0010 -0.2589
vn 0.9659 0.0010 -0.2588
vn 0.9660 0.0010 -0.2587
vn 0.9659 0.0010 -0.2588
vn 0.9659 0.0010 -0.2588
vn 0.9659 0.0010 -0.2588
vn 0.9659 0.0010 -0.2588
vn 0.9659 0.0010 -0.2588
vn 0.9659 0.0010 -0.2588
vn 0.9659 0.0008 -0.2588
vn 0.9659 0.0010 -0.2588
vn 0.9659 0.0008 -0.2588
vn 0.9659 0.0008 -0.2588
vn 0.9659 0.0008 -0.2588
vn 0.9659 0.0010 -0.2588
vn 0.9659 0.0010 -0.2590
vn 0.9659 0.0010 -0.2588
vn 0.9659 0.0010 -0.2590
vn 0.9659 0.0010 -0.2590
vn 0.9659 0.0010 -0.2588
vn 0.9659 0.0010 -0.2588
vn 0.9660 0.0008 -0.2586
vn 0.9660 0.0010 -0.2587
vn 0.9660 0.0011 -0.2586
vn 0.9660 0.0008 -0.2586
vn 0.9659 0.0011 -0.2590
vn 0.9660 0.0010 -0.2587
vn 0.9659 0.0010 -0.2588
vn 0.9659 0.0010 -0.2588
vn 0.9659 0.0010 -0.2590
vn 0.9659 0.0010 -0.2588
vn 0.9659 0.0010 -0.2588
vn 0.9659 0.0010 -0.2588
vn 0.8660 0.0010 -0.5001
vn 0.8660 0.0010 -0.5000
vn 0.8660 0.0010 -0.5000
vn 0.8660 0.0010 -0.5001
vn 0.8660 0.0010 -0.5000
vn 0.8660 0.0010 -0.5000
vn 0.7792 0.0011 -0.6267
vn 0.7792 0.0010 -0.6267
vn 0.7793 0.0010 -0.6267
vn 0.7792 0.0011 -0.6267
vn 0.7792 0.0010 -0.6267
vn 0.7792 0.0010 -0.6267
vn 0.8661 0.0008 -0.4999
vn 0.8660 0.0010 -0.5000
vn 0.8660 0.0008 -0.5001
vn 0.8661 0.0008 -0.4999
vn 0.8660 0.0008 -0.5000
vn 0.8660 0.0010 -0.5000
vn 0.8661 0.0010 -0.4999
vn 0.8660 0.0010 -0.5000
vn 0.8660 0.0011 -0.5001
vn 0.8661 0.0010 -0.4999
vn 0.8660 0.0011 -0.5001
vn 0.8660 0.0010 -0.5000
vn 0.8661 0.0010 -0.4999
vn 0.8660 0.0010 -0.5000
vn 0.8661 0.0010 -0.4999
vn 0.8661 0.0010 -0.4999
vn 0.8660 0.0010 -0.5000
vn 0.8660 0.0010 -0.5000
vn 0.7071 0.0010 -0.7072
vn 0.7071 0.0010 -0.7072
vn 0.7072 0.0010 -0.7071
vn 0.7071 0.0010 -0.7072
vn 0.7071 0.0010 -0.7071
vn 0.7071 0.0010 -0.7072
vn 0.7071 0.0011 -0.7071
vn 0.7071 0.0010 -0.7071
vn 0.7071 0.0010 -0.7071
vn 0.7071 0.0011 -0.7071
vn 0.7071 0.0010 -0.7071
vn 0.7071 0.0010 -0.7071
vn 0.7073 0.0010 -0.7069
vn 0.7071 0.0010 -0.7072
vn 0.7073 0.0011 -0.7069
vn 0.7073 0.0010 -0.7069
vn 0.7071 0.0010 -0.7072
vn 0.7071 0.0010 -0.7072
vn 0.7071 0.0010 -0.7071
vn 0.7072 0.0010 -0.7071
vn 0.7072 0.0011 -0.7071
vn 0.7071 0.0010 -0.7071
vn 0.7071 0.0011 -0.7072
vn 0.7072 0.0010 -0.7071
vn 0.7071 0.0010 -0.7072
vn 0.7072 0.0010 -0.7071
vn 0.7071 0.0010 -0.7071
vn 0.7071 0.0010 -0.7072
vn 0.7072 0.0010 -0.7071
vn 0.7072 0.0010 -0.7071
vn 0.5001 0.0010 -0.8660
vn 0.5000 0.0010 -0.8660
vn 0.4999 0.0010 -0.8661
vn 0.5001 0.0010 -0.8660
vn 0.5000 0.0010 -0.8660
vn 0.5000 0.0010 -0.8660
vn 0.5000 0.0008 -0.8660
vn 0.5000 0.0010 -0.8660
vn 0.5000 0.0008 -0.8660
vn 0.5000 0.0008 -0.8660
vn 0.5000 0.0008 -0.8660
vn 0.5000 0.0010 -0.8660
vn 0.4585 0.0636 -0.8864
vn 0.4585 0.0635 -0.8864
vn 0.4586 0.0635 -0.8864
vn 0.4585 0.0636 -0.8864
vn 0.4585 0.0636 -0.8864
vn 0.4585 0.0635 -0.8864
vn 0.4999 0.0010 -0.8661
vn 0.5001 0.0010 -0.8660
vn 0.5000 0.0011 -0.8660
vn 0.4999 0.0010 -0.8661
vn 0.4999 0.0011 -0.8661
vn 0.5001 0.0010 -0.8660
vn 0.3980 -0.2278 -0.8887
vn 0.3978 -0.2277 -0.8887
vn 0.3979 -0.2278 -0.8887
vn 0.3980 -0.2278 -0.8887
vn 0.3979 -0.2277 -0.8887
vn 0.3978 -0.2277 -0.8887
vn 0.2589 0.0010 -0.9659
vn 0.2587 0.0010 -0.9660
vn 0.2586 0.0010 -0.9660
vn 0.2589 0.0010 -0.9659
vn 0.2588 0.0010 -0.9659
vn 0.2587 0.0010 -0.9660
vn 0.2588 0.0008 -0.9659
vn 0.2588 0.0010 -0.9659
vn 0.2587 0.0010 -0.9660
vn 0.2588 0.0008 -0.9659
vn 0.2588 0.0008 -0.9659
vn 0.2588 0.0010 -0.9659
vn 0.2590 0.0010 -0.9659
vn 0.2588 0.0010 -0.9659
vn 0.2590 0.0011 -0.9659
vn 0.2590 0.0010 -0.9659
vn 0.2588 0.0010 -0.9659
vn 0.2588 0.0010 -0.9659
vn 0.2590 0.0011 -0.9659
vn 0.2588 0.0010 -0.9659
vn 0.2588 0.0011 -0.9659
vn 0.2590 0.0011 -0.9659
vn 0.2586 0.0010 -0.9660
vn 0.2588 0.0010 -0.9659
vn 0.2588 0.0010 -0.9659
vn 0.2588 0.0010 -0.9659
vn 0.2590 0.0010 -0.9659
vn 0.2588 0.0010 -0.9659
vn 0.2588 0.0010 -0.9659
vn 0.2588 0.0010 -0.9659
vn 0.0010 -1.0000 -0.0010
vn 0.0010 -1.0000 -0.0010
vn 0.0010 -1.0000 -0.0013
vn 0.0010 -1.0000 -0.0010
vn 0.0008 -1.0000 -0.0010
vn 0.0010 -1.0000 -0.0010
vn 0.0010 -1.0000 -0.0010
vn 0.0010 -1.0000 -0.0010
vn 0.0010 -1.0000 -0.0010
vn 0.0010 -1.0000 -0.0010
vn 0.0010 -1.0000 -0.0010
vn 0.0010 -1.0000 -0.0010
vn 0.0010 -1.0000 -0.0010
vn 0.0010 -1.0000 -0.0010
vn 0.0010 -1.0000 -0.0010
vn 0.0010 -1.0000 -0.0010
vn 0.0010 -1.0000 -0.0010
vn 0.0010 -1.0000 -0.0010
vn 0.0010 -1.0000 -0.0010
vn 0.0010 -1.0000 -0.0010
vn 0.0010 -1.0000 -0.0010
vn 0.0010 -1.0000 -0.0010
vn 0.0010 -1.0000 -0.0010
vn 0.0010 -1.0000 -0.0010
vn 0.0010 -1.0000 -0.0010
vn 0.0010 -1.0000 -0.0010
vn 0.0010 -1.0000 -0.0010
vn 0.0010 -1.0000 -0.0010
vn 0.0010 -1.0000 -0.0010
vn 0.0010 -1.0000 -0.0010
vn 0.0010 -1.0000 -0.0010
vn 0.0010 -1.0000 -0.0010
vn 0.0013 -1.0000 -0.0010
vn 0.0010 -1.0000 -0.0010
vn 0.0010 -1.0000 -0.0010
vn 0.0010 -1.0000 -0.0010
vn -0.5000 -0.8660 -0.0010
vn -0.5001 -0.8660 -0.0010
vn -0.5001 -0.8660 -0.0013
vn -0.5000 -0.8660 -0.0010
vn -0.5000 -0.8660 -0.0010
vn -0.5001 -0.8660 -0.0010
vn -0.5001 -0.8660 -0.0010
vn -0.5002 -0.8659 -0.0010
vn -0.4999 -0.8661 -0.0010
vn -0.5001 -0.8660 -0.0010
vn -0.5000 -0.8660 -0.0010
vn -0.5002 -0.8659 -0.0010
vn -0.4999 -0.8661 -0.0010
vn -0.5001 -0.8660 -0.0010
vn -0.4999 -0.8661 -0.0010
vn -0.4999 -0.8661 -0.0010
vn -0.5000 -0.8660 -0.0010
vn -0.5001 -0.8660 -0.0010
vn -0.4999 -0.8661 -0.0010
vn -0.5001 -0.8660 -0.0010
vn -0.5002 -0.8659 -0.0010
vn -0.4999 -0.8661 -0.0010
vn -0.5001 -0.8660 -0.0010
vn -0.5001 -0.8660 -0.0010
vn -0.5000 -0.8660 -0.0010
vn -0.5001 -0.8660 -0.0010
vn -0.5001 -0.8660 -0.0010
vn -0.5000 -0.8660 -0.0010
vn -0.5001 -0.8660 -0.0010
vn -0.5001 -0.8660 -0.0010
vn -0.8660 -0.5001 -0.0010
vn -0.8660 -0.5001 -0.0010
vn -0.8660 -0.5001 -0.0013
vn -0.8660 -0.5001 -0.0010
vn -0.8660 -0.5001 -0.0010
vn -0.8660 -0.5001 -0.0010
vn -0.8660 -0.5001 -0.0010
vn -0.8660 -0.5001 -0.0010
vn -0.8660 -0.5001 -0.0010
vn -0.8660 -0.5001 -0.0010
vn -0.8660 -0.5001 -0.0010
vn -0.8660 -0.5001 -0.0010
vn -0.8660 -0.5001 -0.0010
vn -0.8660 -0.5001 -0.0010
vn -0.8660 -0.5001 -0.0010
vn -0.8660 -0.5001 -0.0010
vn -0.8660 -0.5000 -0.0010
vn -0.8660 -0.5001 -0.0010
vn -0.8660 -0.5000 -0.0010
vn -0.8661 -0.4999 -0.0010
vn -0.8660 -0.5001 -0.0010
vn -0.8660 -0.5000 -0.0010
vn -0.8661 -0.4999 -0.0010
vn -0.8661 -0.4999 -0.0010
vn -0.8660 -0.5001 -0.0010
vn -0.8660 -0.5001 -0.0010
vn -0.8661 -0.4999 -0.0010
vn -0.8660 -0.5001 -0.0010
vn -0.8660 -0.5000 -0.0010
vn -0.8660 -0.5001 -0.0010
vn -0.8660 -0.5001 -0.0010
vn -0.8660 -0.5000 -0.0010
vn -0.8660 -0.5000 -0.0010
vn -0.8660 -0.5001 -0.0010
vn -0.8661 -0.4999 -0.0010
vn -0.8660 -0.5000 -0.0010
vn -0.8660 0.5001 -0.0010
vn -0.8661 0.4999 -0.0010
vn -0.8661 0.4999 -0.0013
vn -0.8660 0.5001 -0.0010
vn -0.8660 0.5001 -0.0010
vn -0.8661 0.4999 -0.0010
vn -0.8661 0.4999 -0.0010
vn -0.8660 0.5000 -0.0010
vn -0.8660 0.5000 -0.0010
vn -0.8661 0.4999 -0.0010
vn -0.8660 0.5001 -0.0010
vn -0.8660 0.5000 -0.0010
vn -0.8661 0.4999 -0.0010
vn -0.8661 0.4999 -0.0010
vn -0.8660 0.5000 -0.0010
vn -0.8661 0.4999 -0.0010
vn -0.8660 0.5000 -0.0010
vn -0.8661 0.4999 -0.0010
vn -0.8660 0.5000 -0.0010
vn -0.8660 0.5000 -0.0010
vn -0.8660 0.5000 -0.0010
vn -0.8660 0.5000 -0.0010
vn -0.8660 0.5001 -0.0010
vn -0.8660 0.5000 -0.0010
vn -0.8660 0.5000 -0.0010
vn -0.8661 0.4999 -0.0010
vn -0.8660 0.5001 -0.0010
vn -0.8660 0.5000 -0.0010
vn -0.8660 0.5000 -0.0010
vn -0.8661 0.4999 -0.0010
vn -0.8660 0.5001 -0.0010
vn -0.8660 0.5000 -0.0010
vn -0.8660 0.5001 -0.0010
vn -0.8660 0.5001 -0.0010
vn -0.8661 0.4999 -0.0010
vn -0.8660 0.5000 -0.0010
vn -0.4999 0.8661 -0.0010
vn -0.5000 0.8660 -0.0010
vn -0.5001 0.8660 -0.0013
vn -0.4999 0.8661 -0.0010
vn -0.5003 0.8659 -0.0010
vn -0.5000 0.8660 -0.0010
vn -0.5001 0.8660 -0.0010
vn -0.4995 0.8663 -0.0010
vn -0.4996 0.8663 -0.0010
vn -0.5001 0.8660 -0.0010
vn -0.5001 0.8660 -0.0010
vn -0.4995 0.8663 -0.0010
vn -0.5000 0.8660 -0.0010
vn -0.5001 0.8660 -0.0010
vn -0.5000 0.8660 -0.0010
vn -0.5000 0.8660 -0.0010
vn -0.5001 0.8660 -0.0010
vn -0.5001 0.8660 -0.0010
vn -0.5000 0.8660 -0.0010
vn -0.5001 0.8660 -0.0010
vn -0.5001 0.8660 -0.0010
vn -0.5000 0.8660 -0.0010
vn -0.5000 0.8660 -0.0010
vn -0.5001 0.8660 -0.0010
vn -0.5001 0.8660 -0.0010
vn -0.5000 0.8660 -0.0010
vn -0.5001 0.8660 -0.0010
vn -0.5001 0.8660 -0.0010
vn -0.5001 0.8660 -0.0010
vn -0.5000 0.8660 -0.0010
vn 0.1457 -0.1984 -0.9692
vn 0.1457 -0.1985 -0.9692
vn 0.1457 -0.1985 -0.9692
vn 0.1457 -0.1984 -0.9692
vn 0.1457 -0.1984 -0.9692
vn 0.1457 -0.1985 -0.9692
vn -0.5000 0.0010 -0.8660
vn -0.5001 0.0010 -0.8660
vn -0.5001 0.0008 -0.8660
vn -0.5000 0.0010 -0.8660
vn -0.5000 0.0010 -0.8660
vn -0.5001 0.0010 -0.8660
vn -0.7223 0.0244 -0.6911
vn -0.7225 0.0245 -0.6909
vn -0.7224 0.0242 -0.6911
vn -0.7223 0.0244 -0.6911
vn -0.7223 0.0246 -0.6911
vn -0.7225 0.0245 -0.6909
vn 0.5000 0.0011 -0.8660
vn 0.5000 0.0010 -0.8660
vn 0.5001 0.0010 -0.8660
vn 0.5000 0.0011 -0.8660
vn 0.5000 0.0010 -0.8660
vn 0.5000 0.0010 -0.8660
vn 0.2589 0.0010 -0.9659
vn 0.2588 0.0010 -0.9659
vn 0.2589 0.0010 -0.9659
vn 0.2589 0.0010 -0.9659
vn 0.2588 0.0010 -0.9659
vn 0.2588 0.0010 -0.9659
vn -0.5000 -0.8660 -0.0010
vn -0.5001 -0.8660 -0.0010
vn -0.5001 -0.8660 -0.0010
vn -0.5000 -0.8660 -0.0010
vn -0.5000 -0.8660 -0.0010
vn -0.5001 -0.8660 -0.0010
vn -0.5001 0.8660 -0.0010
vn -0.5000 0.8660 -0.0010
vn -0.5001 0.8660 -0.0010
vn -0.5001 0.8660 -0.0010
vn -0.5001 0.8660 -0.0010
vn -0.5000 0.8660 -0.0010
vn 1.0000 0.0010 -0.0010
vn 1.0000 0.0010 -0.0010
vn 1.0000 0.0010 -0.0010
vn 1.0000 0.0010 -0.0010
vn 1.0000 0.0011 -0.0010
vn 1.0000 0.0010 -0.0010
vn 1.0000 0.0010 -0.0010
vn 1.0000 0.0010 -0.0010
vn 1.0000 0.0011 -0.0010
vn 1.0000 0.0010 -0.0010
vn 1.0000 0.0010 -0.0010
vn 1.0000 0.0010 -0.0010
vn 1.0000 0.0015 -0.0010
vn 1.0000 0.0008 -0.0010
vn 1.0000 0.0008 -0.0010
vn 1.0000 0.0015 -0.0010
vn 1.0000 0.0011 -0.0010
vn 1.0000 0.0008 -0.0010
vn 1.0000 0.0010 -0.0013
vn 1.0000 0.0008 -0.0010
vn 1.0000 0.0010 -0.0013
vn 1.0000 0.0010 -0.0013
vn 1.0000 0.0010 -0.0010
vn 1.0000 0.0008 -0.0010
vn 1.0000 0.0010 -0.0010
vn 1.0000 0.0010 -0.0010
vn 1.0000 0.0015 -0.0010
vn 1.0000 0.0010 -0.0010
vn 1.0000 0.0010 -0.0010
vn 1.0000 0.0010 -0.0010
vn 1.0000 0.0010 -0.0010
vn 1.0000 0.0010 -0.0010
vn 1.0000 0.0010 -0.0010
vn 1.0000 0.0010 -0.0010
vn 1.0000 0.0010 -0.0010
vn 1.0000 0.0010 -0.0010
vn 0.0010 0.0010 -1.0000
vn 0.0010 0.0010 -1.0000
vn 0.0010 0.0010 -1.0000
vn 0.0010 0.0010 -1.0000
vn 0.0010 0.0010 -1.0000
vn 0.0010 0.0010 -1.0000
vn 0.0010 0.0015 -1.0000
vn 0.0010 0.0011 -1.0000
vn 0.0010 0.0011 -1.0000
vn 0.0010 0.0015 -1.0000
vn 0.0010 0.0010 -1.0000
vn 0.0010 0.0011 -1.0000
vn 0.0010 0.0010 -1.0000
vn 0.0010 0.0011 -1.0000
vn 0.0010 0.0015 -1.0000
vn 0.0010 0.0010 -1.0000
vn 0.0010 0.0010 -1.0000
vn 0.0010 0.0011 -1.0000
vn 0.0010 0.0010 -1.0000
vn 0.0010 0.0010 -1.0000
vn 0.0010 0.0010 -1.0000
vn 0.0010 0.0010 -1.0000
vn 0.0010 0.0010 -1.0000
vn 0.0010 0.0010 -1.0000
vn -0.2588 0.0010 -0.9659
vn -0.2589 0.0010 -0.9659
vn -0.2588 0.0010 -0.9659
vn -0.2588 0.0010 -0.9659
vn -0.2588 0.0008 -0.9659
vn -0.2589 0.0010 -0.9659
vn -0.1772 0.2497 -0.9520
vn -0.1771 0.2495 -0.9520
vn -0.1772 0.2495 -0.9520
vn -0.1772 0.2497 -0.9520
vn -0.1771 0.2497 -0.9520
vn -0.1771 0.2495 -0.9520
vn -0.2588 0.0015 -0.9659
vn -0.2588 0.0008 -0.9659
vn -0.2588 0.0011 -0.9659
vn -0.2588 0.0015 -0.9659
vn -0.2588 0.0010 -0.9659
vn -0.2588 0.0008 -0.9659
vn -0.2588 0.0010 -0.9659
vn -0.2588 0.0010 -0.9659
vn -0.2588 0.0010 -0.9659
vn -0.2588 0.0010 -0.9659
vn -0.2588 0.0010 -0.9659
vn -0.2588 0.0010 -0.9659
vn -0.2588 0.0010 -0.9659
vn -0.2589 0.0010 -0.9659
vn -0.2588 0.0015 -0.9659
vn -0.2588 0.0010 -0.9659
vn -0.2588 0.0010 -0.9659
vn -0.2589 0.0010 -0.9659
vn -0.2589 0.0010 -0.9659
vn -0.2588 0.0008 -0.9659
vn -0.2588 0.0010 -0.9659
vn -0.2589 0.0010 -0.9659
vn -0.2589 0.0010 -0.9659
vn -0.2588 0.0008 -0.9659
vn -0.5000 0.0010 -0.8660
vn -0.5001 0.0010 -0.8660
vn -0.5000 0.0010 -0.8660
vn -0.5000 0.0010 -0.8660
vn -0.5000 0.0008 -0.8661
vn -0.5001 0.0010 -0.8660
vn -0.5000 0.0015 -0.8660
vn -0.5001 0.0008 -0.8660
vn -0.5000 0.0011 -0.8660
vn -0.5000 0.0015 -0.8660
vn -0.5001 0.0010 -0.8660
vn -0.5001 0.0008 -0.8660
vn -0.5000 0.0010 -0.8660
vn -0.5001 0.0010 -0.8660
vn -0.5000 0.0011 -0.8660
vn -0.5000 0.0010 -0.8660
vn -0.5001 0.0010 -0.8660
vn -0.5001 0.0010 -0.8660
vn -0.5000 0.0011 -0.8660
vn -0.5001 0.0010 -0.8660
vn -0.5001 0.0015 -0.8660
vn -0.5000 0.0011 -0.8660
vn -0.5000 0.0010 -0.8660
vn -0.5001 0.0010 -0.8660
vn -0.5000 0.0010 -0.8660
vn -0.5001 0.0008 -0.8660
vn -0.5000 0.0010 -0.8660
vn -0.5000 0.0010 -0.8660
vn -0.5001 0.0010 -0.8660
vn -0.5001 0.0008 -0.8660
vn -0.7677 0.3040 -0.5641
vn -0.7676 0.3041 -0.5642
vn -0.7677 0.3042 -0.5641
vn -0.7677 0.3040 -0.5641
vn -0.7676 0.3042 -0.5642
vn -0.7676 0.3041 -0.5642
vn -0.7071 0.0015 -0.7071
vn -0.7071 0.0010 -0.7071
vn -0.7071 0.0011 -0.7071
vn -0.7071 0.0015 -0.7071
vn -0.7072 0.0010 -0.7071
vn -0.7071 0.0010 -0.7071
vn -0.7071 0.0010 -0.7071
vn -0.7071 0.0010 -0.7071
vn -0.7071 0.0011 -0.7071
vn -0.7071 0.0010 -0.7071
vn -0.7071 0.0010 -0.7071
vn -0.7071 0.0010 -0.7071
vn -0.5528 -0.0675 -0.8306
vn -0.5528 -0.0675 -0.8306
vn -0.5528 -0.0675 -0.8306
vn -0.5528 -0.0675 -0.8306
vn -0.5527 -0.0675 -0.8306
vn -0.5528 -0.0675 -0.8306
vn -0.7071 0.0010 -0.7071
vn -0.7071 0.0008 -0.7072
vn -0.7071 0.0010 -0.7071
vn -0.7071 0.0010 -0.7071
vn -0.7071 0.0010 -0.7071
vn -0.7071 0.0008 -0.7072
vn -0.8661 0.0010 -0.4999
vn -0.8660 0.0010 -0.5001
vn -0.8660 0.0010 -0.5000
vn -0.8661 0.0010 -0.4999
vn -0.8660 0.0008 -0.5000
vn -0.8660 0.0010 -0.5001
vn -0.8660 0.0010 -0.5001
vn -0.8660 0.0010 -0.5000
vn -0.8660 0.0011 -0.5001
vn -0.8660 0.0010 -0.5001
vn -0.8660 0.0008 -0.5000
vn -0.8660 0.0010 -0.5000
vn -0.8660 0.0015 -0.5000
vn -0.8660 0.0010 -0.5000
vn -0.8661 0.0011 -0.4999
vn -0.8660 0.0015 -0.5000
vn -0.8660 0.0010 -0.5001
vn -0.8660 0.0010 -0.5000
vn -0.8660 0.0010 -0.5000
vn -0.8660 0.0010 -0.5000
vn -0.8660 0.0010 -0.5000
vn -0.8660 0.0010 -0.5000
vn -0.8660 0.0010 -0.5000
vn -0.8660 0.0010 -0.5000
vn -0.7098 0.3231 -0.6259
vn -0.7098 0.3231 -0.6259
vn -0.7099 0.3231 -0.6258
vn -0.7098 0.3231 -0.6259
vn -0.7099 0.3231 -0.6258
vn -0.7098 0.3231 -0.6259
vn -0.8660 0.0010 -0.5001
vn -0.8660 0.0008 -0.5001
vn -0.8660 0.0010 -0.5000
vn -0.8660 0.0010 -0.5001
vn -0.8660 0.0010 -0.5000
vn -0.8660 0.0008 -0.5001
vn -0.9660 0.0010 -0.2586
vn -0.9659 0.0010 -0.2587
vn -0.9659 0.0010 -0.2587
vn -0.9660 0.0010 -0.2586
vn -0.9659 0.0008 -0.2587
vn -0.9659 0.0010 -0.2587
vn -0.9660 0.0010 -0.2586
vn -0.9659 0.0010 -0.2588
vn -0.9660 0.0010 -0.2586
vn -0.9660 0.0010 -0.2586
vn -0.9659 0.0008 -0.2588
vn -0.9659 0.0010 -0.2588
vn -0.9659 0.0015 -0.2588
vn -0.9659 0.0010 -0.2588
vn -0.9659 0.0011 -0.2590
vn -0.9659 0.0015 -0.2588
vn -0.9659 0.0010 -0.2587
vn -0.9659 0.0010 -0.2588
vn -0.9659 0.0010 -0.2588
vn -0.9659 0.0010 -0.2588
vn -0.9659 0.0010 -0.2588
vn -0.9659 0.0010 -0.2588
vn -0.9659 0.0010 -0.2588
vn -0.9659 0.0010 -0.2588
vn -0.9659 0.0010 -0.2588
vn -0.9659 0.0010 -0.2587
vn -0.9659 0.0011 -0.2588
vn -0.9659 0.0010 -0.2588
vn -0.9659 0.0008 -0.2588
vn -0.9659 0.0010 -0.2587
vn -0.9659 0.0010 -0.2588
vn -0.9659 0.0008 -0.2588
vn -0.9659 0.0010 -0.2588
vn -0.9659 0.0010 -0.2588
vn -0.9659 0.0010 -0.2588
vn -0.9659 0.0008 -0.2588
vn 0.9659 0.0010 -0.2588
vn 0.9659 0.0010 -0.2588
vn 0.9659 0.0010 -0.2588
vn 0.9659 0.0010 -0.2588
vn 0.9659 0.0010 -0.2588
vn 0.9659 0.0010 -0.2588
vn 0.9659 0.0010 -0.2588
vn 0.9659 0.0010 -0.2588
vn 0.9659 0.0011 -0.2588
vn 0.9659 0.0010 -0.2588
vn 0.9659 0.0010 -0.2588
vn 0.9659 0.0010 -0.2588
vn 0.9659 0.0015 -0.2588
vn 0.9659 0.0008 -0.2588
vn 0.9659 0.0008 -0.2588
vn 0.9659 0.0015 -0.2588
vn 0.9659 0.0011 -0.2588
vn 0.9659 0.0008 -0.2588
vn 0.9660 0.0010 -0.2586
vn 0.9659 0.0008 -0.2588
vn 0.9660 0.0010 -0.2586
vn 0.9660 0.0010 -0.2586
vn 0.9659 0.0010 -0.2588
vn 0.9659 0.0008 -0.2588
vn 0.9659 0.0010 -0.2590
vn 0.9659 0.0010 -0.2588
vn 0.9660 0.0015 -0.2586
vn 0.9659 0.0010 -0.2590
vn 0.9659 0.0010 -0.2588
vn 0.9659 0.0010 -0.2588
vn 0.9659 0.0010 -0.2588
vn 0.9659 0.0010 -0.2588
vn 0.9659 0.0010 -0.2590
vn 0.9659 0.0010 -0.2588
vn 0.9659 0.0010 -0.2588
vn 0.9659 0.0010 -0.2588
vn 0.8660 0.0010 -0.5000
vn 0.8660 0.0010 -0.5001
vn 0.8660 0.0010 -0.5001
vn 0.8660 0.0010 -0.5000
vn 0.8660 0.0010 -0.5000
vn 0.8660 0.0010 -0.5001
vn 0.7792 0.0010 -0.6267
vn 0.7793 0.0010 -0.6267
vn 0.7792 0.0010 -0.6267
vn 0.7792 0.0010 -0.6267
vn 0.7793 0.0010 -0.6267
vn 0.7793 0.0010 -0.6267
vn 0.8660 0.0015 -0.5000
vn 0.8660 0.0008 -0.5001
vn 0.8660 0.0008 -0.5000
vn 0.8660 0.0015 -0.5000
vn 0.8660 0.0011 -0.5000
vn 0.8660 0.0008 -0.5001
vn 0.8659 0.0010 -0.5003
vn 0.8661 0.0010 -0.4999
vn 0.8660 0.0015 -0.5000
vn 0.8659 0.0010 -0.5003
vn 0.8660 0.0010 -0.5000
vn 0.8661 0.0010 -0.4999
vn 0.8660 0.0010 -0.5000
vn 0.8660 0.0010 -0.5000
vn 0.8660 0.0010 -0.5001
vn 0.8660 0.0010 -0.5000
vn 0.8660 0.0010 -0.5001
vn 0.8660 0.0010 -0.5000
vn 0.7071 0.0010 -0.7071
vn 0.7070 0.0010 -0.7072
vn 0.7071 0.0010 -0.7071
vn 0.7071 0.0010 -0.7071
vn 0.7071 0.0010 -0.7071
vn 0.7070 0.0010 -0.7072
vn 0.7071 0.0011 -0.7071
vn 0.7071 0.0010 -0.7071
vn 0.7071 0.0010 -0.7071
vn 0.7071 0.0011 -0.7071
vn 0.7071 0.0010 -0.7071
vn 0.7071 0.0010 -0.7071
vn 0.7070 0.0010 -0.7072
vn 0.7071 0.0008 -0.7071
vn 0.7070 0.0010 -0.7072
vn 0.7070 0.0010 -0.7072
vn 0.7071 0.0010 -0.7071
vn 0.7071 0.0008 -0.7071
vn 0.7071 0.0010 -0.7071
vn 0.7071 0.0010 -0.7071
vn 0.7071 0.0015 -0.7071
vn 0.7071 0.0010 -0.7071
vn 0.7072 0.0010 -0.7070
vn 0.7071 0.0010 -0.7071
vn 0.7071 0.0010 -0.7071
vn 0.7071 0.0010 -0.7071
vn 0.7071 0.0010 -0.7071
vn 0.7071 0.0010 -0.7071
vn 0.7071 0.0010 -0.7071
vn 0.7071 0.0010 -0.7071
vn 0.5000 0.0010 -0.8660
vn 0.5000 0.0010 -0.8660
vn 0.5000 0.0010 -0.8660
vn 0.5000 0.0010 -0.8660
vn 0.5001 0.0010 -0.8660
vn 0.5000 0.0010 -0.8660
vn 0.5000 0.0015 -0.8660
vn 0.5001 0.0008 -0.8660
vn 0.5001 0.0008 -0.8660
vn 0.5000 0.0015 -0.8660
vn 0.5000 0.0011 -0.8660
vn 0.5001 0.0008 -0.8660
vn 0.4585 0.0635 -0.8864
vn 0.4584 0.0635 -0.8865
vn 0.4584 0.0635 -0.8865
vn 0.4585 0.0635 -0.8864
vn 0.4584 0.0635 -0.8865
vn 0.4584 0.0635 -0.8865
vn 0.5001 0.0008 -0.8660
vn 0.5001 0.0010 -0.8660
vn 0.5001 0.0015 -0.8660
vn 0.5001 0.0008 -0.8660
vn 0.5000 0.0010 -0.8660
vn 0.5001 0.0010 -0.8660
vn 0.3979 -0.2278 -0.8887
vn 0.3979 -0.2277 -0.8887
vn 0.3979 -0.2277 -0.8887
vn 0.3979 -0.2278 -0.8887
vn 0.3979 -0.2277 -0.8887
vn 0.3979 -0.2277 -0.8887
vn 0.2588 0.0010 -0.9659
vn 0.2589 0.0010 -0.9659
vn 0.2588 0.0010 -0.9659
vn 0.2588 0.0010 -0.9659
vn 0.2588 0.0010 -0.9659
vn 0.2589 0.0010 -0.9659
vn 0.2588 0.0015 -0.9659
vn 0.2588 0.0008 -0.9659
vn 0.2588 0.0008 -0.9659
vn 0.2588 0.0015 -0.9659
vn 0.2588 0.0010 -0.9659
vn 0.2588 0.0008 -0.9659
vn 0.2587 0.0010 -0.9660
vn 0.2588 0.0010 -0.9659
vn 0.2587 0.0008 -0.9660
vn 0.2587 0.0010 -0.9660
vn 0.2588 0.0010 -0.9659
vn 0.2588 0.0010 -0.9659
vn 0.2588 0.0010 -0.9659
vn 0.2588 0.0010 -0.9659
vn 0.2588 0.0015 -0.9659
vn 0.2588 0.0010 -0.9659
vn 0.2588 0.0010 -0.9659
vn 0.2588 0.0010 -0.9659
vn 0.2589 0.0010 -0.9659
vn 0.2588 0.0010 -0.9659
vn 0.2586 0.0010 -0.9660
vn 0.2589 0.0010 -0.9659
vn 0.2588 0.0010 -0.9659
vn 0.2588 0.0010 -0.9659
vn 0.0010 -1.0000 -0.0011
vn 0.0010 -1.0000 -0.0010
vn 0.0010 -1.0000 -0.0013
vn 0.0010 -1.0000 -0.0011
vn 0.0010 -1.0000 -0.0010
vn 0.0010 -1.0000 -0.0010
vn 0.0010 -1.0000 -0.0010
vn 0.0010 -1.0000 -0.0010
vn 0.0010 -1.0000 -0.0010
vn 0.0010 -1.0000 -0.0010
vn 0.0010 -1.0000 -0.0010
vn 0.0010 -1.0000 -0.0010
vn 0.0010 -1.0000 -0.0010
vn 0.0010 -1.0000 -0.0010
vn 0.0010 -1.0000 -0.0010
vn 0.0010 -1.0000 -0.0010
vn 0.0010 -1.0000 -0.0010
vn 0.0010 -1.0000 -0.0010
vn 0.0010 -1.0000 -0.0010
vn 0.0010 -1.0000 -0.0010
vn 0.0010 -1.0000 -0.0010
vn 0.0010 -1.0000 -0.0010
vn 0.0010 -1.0000 -0.0010
vn 0.0010 -1.0000 -0.0010
vn 0.0010 -1.0000 -0.0010
vn 0.0010 -1.0000 -0.0010
vn 0.0010 -1.0000 -0.0010
vn 0.0010 -1.0000 -0.0010
vn 0.0010 -1.0000 -0.0010
vn 0.0010 -1.0000 -0.0010
vn 0.0010 -1.0000 -0.0013
vn 0.0010 -1.0000 -0.0010
vn 0.0010 -1.0000 -0.0010
vn 0.0010 -1.0000 -0.0013
vn 0.0010 -1.0000 -0.0010
vn 0.0010 -1.0000 -0.0010
vn -0.5000 -0.8660 -0.0010
vn -0.5001 -0.8660 -0.0010
vn -0.5001 -0.8660 -0.0013
vn -0.5000 -0.8660 -0.0010
vn -0.4999 -0.8661 -0.0010
vn -0.5001 -0.8660 -0.0010
vn -0.5001 -0.8660 -0.0010
vn -0.5001 -0.8660 -0.0010
vn -0.5000 -0.8660 -0.0010
vn -0.5001 -0.8660 -0.0010
vn -0.5000 -0.8660 -0.0010
vn -0.5001 -0.8660 -0.0010
vn -0.5000 -0.8660 -0.0010
vn -0.5001 -0.8660 -0.0010
vn -0.5000 -0.8660 -0.0010
vn -0.5000 -0.8660 -0.0010
vn -0.5000 -0.8660 -0.0010
vn -0.5001 -0.8660 -0.0010
vn -0.5000 -0.8660 -0.0010
vn -0.5001 -0.8660 -0.0010
vn -0.5001 -0.8660 -0.0010
vn -0.5000 -0.8660 -0.0010
vn -0.5001 -0.8660 -0.0010
vn -0.5001 -0.8660 -0.0010
vn -0.5001 -0.8660 -0.0013
vn -0.5001 -0.8660 -0.0010
vn -0.5000 -0.8660 -0.0010
vn -0.5001 -0.8660 -0.0013
vn -0.5001 -0.8660 -0.0010
vn -0.5001 -0.8660 -0.0010
vn -0.8662 -0.4998 -0.0008
vn -0.8661 -0.4999 -0.0010
vn -0.8661 -0.4999 -0.0013
vn -0.8662 -0.4998 -0.0008
vn -0.8660 -0.5001 -0.0010
vn -0.8661 -0.4999 -0.0010
vn -0.8661 -0.4999 -0.0010
vn -0.8660 -0.5001 -0.0010
vn -0.8660 -0.5001 -0.0010
vn -0.8661 -0.4999 -0.0010
vn -0.8661 -0.4999 -0.0010
vn -0.8660 -0.5001 -0.0010
vn -0.8660 -0.5001 -0.0010
vn -0.8660 -0.5001 -0.0010
vn -0.8660 -0.5001 -0.0010
vn -0.8660 -0.5001 -0.0010
vn -0.8660 -0.5001 -0.0010
vn -0.8660 -0.5001 -0.0010
vn -0.8660 -0.5001 -0.0010
vn -0.8660 -0.5001 -0.0010
vn -0.8660 -0.5000 -0.0010
vn -0.8660 -0.5001 -0.0010
vn -0.8660 -0.5001 -0.0010
vn -0.8660 -0.5001 -0.0010
vn -0.8660 -0.5000 -0.0010
vn -0.8660 -0.5001 -0.0010
vn -0.8660 -0.5001 -0.0010
vn -0.8660 -0.5000 -0.0010
vn -0.8660 -0.5001 -0.0010
vn -0.8660 -0.5001 -0.0010
vn -0.8661 -0.4999 -0.0013
vn -0.8661 -0.4999 -0.0010
vn -0.8660 -0.5000 -0.0010
vn -0.8661 -0.4999 -0.0013
vn -0.8660 -0.5001 -0.0010
vn -0.8661 -0.4999 -0.0010
vn -0.8660 0.5001 -0.0008
vn -0.8660 0.5001 -0.0010
vn -0.8661 0.4999 -0.0013
vn -0.8660 0.5001 -0.0008
vn -0.8660 0.5001 -0.0010
vn -0.8660 0.5001 -0.0010
vn -0.8661 0.4999 -0.0010
vn -0.8661 0.4998 -0.0010
vn -0.8660 0.5001 -0.0010
vn -0.8661 0.4999 -0.0010
vn -0.8661 0.4999 -0.0010
vn -0.8661 0.4998 -0.0010
vn -0.8660 0.5001 -0.0010
vn -0.8661 0.4999 -0.0010
vn -0.8662 0.4998 -0.0010
vn -0.8660 0.5001 -0.0010
vn -0.8661 0.4999 -0.0010
vn -0.8661 0.4999 -0.0010
vn -0.8660 0.5000 -0.0010
vn -0.8660 0.5001 -0.0010
vn -0.8660 0.5001 -0.0010
vn -0.8660 0.5000 -0.0010
vn -0.8660 0.5001 -0.0010
vn -0.8660 0.5001 -0.0010
vn -0.8660 0.5000 -0.0010
vn -0.8661 0.4999 -0.0010
vn -0.8661 0.4999 -0.0010
vn -0.8660 0.5000 -0.0010
vn -0.8660 0.5001 -0.0010
vn -0.8661 0.4999 -0.0010
vn -0.8660 0.5001 -0.0013
vn -0.8660 0.5001 -0.0010
vn -0.8660 0.5001 -0.0010
vn -0.8660 0.5001 -0.0013
vn -0.8661 0.4999 -0.0010
vn -0.8660 0.5001 -0.0010
vn -0.5000 0.8660 -0.0010
vn -0.5000 0.8660 -0.0010
vn -0.5000 0.8660 -0.0013
vn -0.5000 0.8660 -0.0010
vn -0.5000 0.8660 -0.0010
vn -0.5000 0.8660 -0.0010
vn -0.5001 0.8660 -0.0010
vn -0.5000 0.8660 -0.0010
vn -0.5000 0.8660 -0.0010
vn -0.5001 0.8660 -0.0010
vn -0.5001 0.8660 -0.0010
vn -0.5000 0.8660 -0.0010
vn -0.5000 0.8660 -0.0010
vn -0.5000 0.8660 -0.0010
vn -0.5001 0.8660 -0.0010
vn -0.5000 0.8660 -0.0010
vn -0.5001 0.8660 -0.0010
vn -0.5000 0.8660 -0.0010
vn -0.5000 0.8660 -0.0010
vn -0.5000 0.8660 -0.0010
vn -0.5001 0.8660 -0.0010
vn -0.5000 0.8660 -0.0010
vn -0.5001 0.8660 -0.0010
vn -0.5000 0.8660 -0.0010
vn -0.5000 0.8660 -0.0013
vn -0.5000 0.8660 -0.0010
vn -0.5000 0.8660 -0.0010
vn -0.5000 0.8660 -0.0013
vn -0.5000 0.8660 -0.0010
vn -0.5000 0.8660 -0.0010
vn 0.1457 -0.1984 -0.9692
vn 0.1456 -0.1986 -0.9692
vn 0.1456 -0.1985 -0.9692
vn 0.1457 -0.1984 -0.9692
vn 0.1457 -0.1986 -0.9692
vn 0.1456 -0.1986 -0.9692
vn -0.5001 0.0010 -0.8660
vn -0.5000 0.0011 -0.8660
vn -0.5000 0.0008 -0.8660
vn -0.5001 0.0010 -0.8660
vn -0.5001 0.0010 -0.8660
vn -0.5000 0.0011 -0.8660
vn -0.7224 0.0244 -0.6910
vn -0.7223 0.0244 -0.6911
vn -0.7224 0.0242 -0.6911
vn -0.7224 0.0244 -0.6910
vn -0.7224 0.0244 -0.6910
vn -0.7223 0.0244 -0.6911
vn 0.5001 0.0011 -0.8660
vn 0.5001 0.0010 -0.8660
vn 0.5001 0.0010 -0.8660
vn 0.5001 0.0011 -0.8660
vn 0.5001 0.0010 -0.8660
vn 0.5001 0.0010 -0.8660
vn 0.2587 0.0010 -0.9660
vn 0.2588 0.0010 -0.9659
vn 0.2587 0.0011 -0.9660
vn 0.2587 0.0010 -0.9660
vn 0.2588 0.0010 -0.9659
vn 0.2588 0.0010 -0.9659
vn -0.5001 -0.8660 -0.0010
vn -0.5000 -0.8660 -0.0010
vn -0.5000 -0.8660 -0.0010
vn -0.5001 -0.8660 -0.0010
vn -0.5001 -0.8660 -0.0010
vn -0.5000 -0.8660 -0.0010
vn -0.5001 0.8660 -0.0010
vn -0.5001 0.8660 -0.0010
vn -0.5001 0.8660 -0.0010
vn -0.5001 0.8660 -0.0010
vn -0.5001 0.8660 -0.0010
vn -0.5001 0.8660 -0.0010
vn 1.0000 0.0008 -0.0010
vn 1.0000 0.0010 -0.0010
vn 1.0000 0.0010 -0.0010
vn 1.0000 0.0008 -0.0010
vn 1.0000 0.0008 -0.0010
vn 1.0000 0.0010 -0.0010
vn 1.0000 0.0011 -0.0010
vn 1.0000 0.0008 -0.0010
vn 1.0000 0.0010 -0.0010
vn 1.0000 0.0011 -0.0010
vn 1.0000 0.0008 -0.0010
vn 1.0000 0.0008 -0.0010
vn 1.0000 0.0011 -0.0010
vn 1.0000 0.0008 -0.0010
vn 1.0000 0.0015 -0.0010
vn 1.0000 0.0011 -0.0010
vn 1.0000 0.0008 -0.0010
vn 1.0000 0.0008 -0.0010
vn 1.0000 0.0010 -0.0010
vn 1.0000 0.0010 -0.0010
vn 1.0000 0.0010 -0.0010
vn 1.0000 0.0010 -0.0010
vn 1.0000 0.0010 -0.0010
vn 1.0000 0.0010 -0.0010
vn 1.0000 0.0010 -0.0010
vn 1.0000 0.0010 -0.0010
vn 1.0000 0.0010 -0.0013
vn 1.0000 0.0010 -0.0010
vn 1.0000 0.0010 -0.0010
vn 1.0000 0.0010 -0.0010
vn 1.0000 0.0010 -0.0010
vn 1.0000 0.0010 -0.0010
vn 1.0000 0.0010 -0.0010
vn 1.0000 0.0010 -0.0010
vn 1.0000 0.0010 -0.0010
vn 1.0000 0.0010 -0.0010
vn 0.0010 0.8187 -0.5742
vn 0.0010 0.8188 -0.5740
vn 0.0013 0.8187 -0.5742
vn 0.0010 0.8187 -0.5742
vn 0.0013 0.8187 -0.5742
vn 0.0010 0.8188 -0.5740
vn 0.0010 0.8189 -0.5739
vn 0.0013 0.8187 -0.5742
vn 0.0010 0.8189 -0.5740
vn 0.0010 0.8189 -0.5739
vn 0.0010 0.8188 -0.5741
vn 0.0013 0.8187 -0.5742
vn 0.0010 0.8187 -0.5742
vn 0.0010 0.8188 -0.5741
vn 0.0010 0.8188 -0.5741
vn 0.0010 0.8187 -0.5742
vn 0.0010 0.8188 -0.5741
vn 0.0010 0.8188 -0.5741
vn 0.0010 0.8187 -0.5742
vn 0.0010 0.8188 -0.5741
vn 0.0010 0.8188 -0.5741
vn 0.0010 0.8187 -0.5742
vn 0.0013 0.8188 -0.5740
vn 0.0010 0.8188 -0.5741
vn -0.2590 0.7910 -0.5543
vn -0.2590 0.7910 -0.5544
vn -0.2590 0.7910 -0.5543
vn -0.2590 0.7910 -0.5543
vn -0.2592 0.7909 -0.5543
vn -0.2590 0.7910 -0.5544
vn -0.1770 0.9232 -0.3411
vn -0.1768 0.9233 -0.3411
vn -0.1770 0.9233 -0.3409
vn -0.1770 0.9232 -0.3411
vn -0.1768 0.9232 -0.3412
vn -0.1768 0.9233 -0.3411
vn -0.2592 0.7910 -0.5543
vn -0.2592 0.7909 -0.5543
vn -0.2590 0.7909 -0.5544
vn -0.2592 0.7910 -0.5543
vn -0.2591 0.7908 -0.5545
vn -0.2592 0.7909 -0.5543
vn -0.2591 0.7909 -0.5544
vn -0.2591 0.7908 -0.5545
vn -0.2591 0.7909 -0.5543
vn -0.2591 0.7909 -0.5544
vn -0.2591 0.7909 -0.5544
vn -0.2591 0.7908 -0.5545
vn -0.2591 0.7909 -0.5544
vn -0.2590 0.7908 -0.5545
vn -0.2589 0.7911 -0.5542
vn -0.2591 0.7909 -0.5544
vn -0.2591 0.7909 -0.5544
vn -0.2590 0.7908 -0.5545
vn -0.2590 0.7910 -0.5543
vn -0.2591 0.7909 -0.5544
vn -0.2590 0.7909 -0.5544
vn -0.2590 0.7910 -0.5543
vn -0.2592 0.7909 -0.5543
vn -0.2591 0.7909 -0.5544
vn -0.4995 0.7090 -0.4978
vn -0.4995 0.7089 -0.4979
vn -0.4995 0.7090 -0.4978
vn -0.4995 0.7090 -0.4978
vn -0.4995 0.7090 -0.4978
vn -0.4995 0.7089 -0.4979
vn -0.4999 0.7088 -0.4977
vn -0.4997 0.7089 -0.4978
vn -0.4996 0.7090 -0.4977
vn -0.4999 0.7088 -0.4977
vn -0.4997 0.7088 -0.4979
vn -0.4997 0.7089 -0.4978
vn -0.4997 0.7089 -0.4978
vn -0.4997 0.7089 -0.4978
vn -0.4996 0.7090 -0.4978
vn -0.4997 0.7089 -0.4978
vn -0.4997 0.7090 -0.4976
vn -0.4997 0.7089 -0.4978
vn -0.4997 0.7088 -0.4979
vn -0.4997 0.7090 -0.4976
vn -0.4996 0.7091 -0.4976
vn -0.4997 0.7088 -0.4979
vn -0.4996 0.7090 -0.4977
vn -0.4997 0.7090 -0.4976
vn -0.4996 0.7090 -0.4978
vn -0.4996 0.7090 -0.4977
vn -0.4997 0.7090 -0.4977
vn -0.4996 0.7090 -0.4978
vn -0.4995 0.7090 -0.4978
vn -0.4996 0.7090 -0.4977
vn -0.7677 0.6366 -0.0732
vn -0.7677 0.6366 -0.0733
vn -0.7677 0.6366 -0.0731
vn -0.7677 0.6366 -0.0732
vn -0.7677 0.6366 -0.0733
vn -0.7677 0.6366 -0.0733
vn -0.7066 0.5798 -0.4057
vn -0.7066 0.5796 -0.4059
vn -0.7069 0.5795 -0.4055
vn -0.7066 0.5798 -0.4057
vn -0.7067 0.5798 -0.4055
vn -0.7066 0.5796 -0.4059
vn -0.7067 0.5797 -0.4057
vn -0.7067 0.5797 -0.4057
vn -0.7066 0.5798 -0.4056
vn -0.7067 0.5797 -0.4057
vn -0.7066 0.5798 -0.4057
vn -0.7067 0.5797 -0.4057
vn -0.5526 0.6424 -0.5310
vn -0.5526 0.6424 -0.5310
vn -0.5525 0.6424 -0.5310
vn -0.5526 0.6424 -0.5310
vn -0.5526 0.6424 -0.5310
vn -0.5526 0.6424 -0.5310
vn -0.7067 0.5797 -0.4057
vn -0.7067 0.5797 -0.4057
vn -0.7067 0.5797 -0.4057
vn -0.7067 0.5797 -0.4057
vn -0.7067 0.5797 -0.4057
vn -0.7067 0.5797 -0.4057
vn -0.8659 0.4099 -0.2868
vn -0.8658 0.4100 -0.2868
vn -0.8659 0.4099 -0.2866
vn -0.8659 0.4099 -0.2868
vn -0.8659 0.4100 -0.2865
vn -0.8658 0.4100 -0.2868
vn -0.8659 0.4099 -0.2868
vn -0.8658 0.4099 -0.2868
vn -0.8659 0.4099 -0.2868
vn -0.8659 0.4099 -0.2868
vn -0.8660 0.4099 -0.2865
vn -0.8658 0.4099 -0.2868
vn -0.8658 0.4100 -0.2868
vn -0.8658 0.4099 -0.2868
vn -0.8658 0.4100 -0.2869
vn -0.8658 0.4100 -0.2868
vn -0.8659 0.4099 -0.2867
vn -0.8658 0.4099 -0.2868
vn -0.8659 0.4099 -0.2867
vn -0.8659 0.4099 -0.2867
vn -0.8658 0.4101 -0.2867
vn -0.8659 0.4099 -0.2867
vn -0.8659 0.4099 -0.2867
vn -0.8659 0.4099 -0.2867
vn -0.7097 0.6981 -0.0947
vn -0.7098 0.6980 -0.0946
vn -0.7100 0.6978 -0.0948
vn -0.7097 0.6981 -0.0947
vn -0.7099 0.6979 -0.0946
vn -0.7098 0.6980 -0.0946
vn -0.8660 0.4099 -0.2866
vn -0.8659 0.4099 -0.2867
vn -0.8659 0.4099 -0.2867
vn -0.8660 0.4099 -0.2866
vn -0.8659 0.4099 -0.2868
vn -0.8659 0.4099 -0.2867
vn -0.9661 0.2120 -0.1474
vn -0.9661 0.2120 -0.1475
vn -0.9661 0.2120 -0.1476
vn -0.9661 0.2120 -0.1474
vn -0.9661 0.2120 -0.1474
vn -0.9661 0.2120 -0.1475
vn -0.9661 0.2120 -0.1474
vn -0.9661 0.2119 -0.1474
vn -0.9661 0.2120 -0.1474
vn -0.9661 0.2120 -0.1474
vn -0.9661 0.2119 -0.1474
vn -0.9661 0.2119 -0.1474
vn -0.9661 0.2121 -0.1474
vn -0.9661 0.2119 -0.1476
vn -0.9661 0.2119 -0.1474
vn -0.9661 0.2121 -0.1474
vn -0.9661 0.2121 -0.1474
vn -0.9661 0.2119 -0.1476
vn -0.9661 0.2119 -0.1475
vn -0.9661 0.2119 -0.1474
vn -0.9661 0.2117 -0.1474
vn -0.9661 0.2119 -0.1475
vn -0.9661 0.2119 -0.1474
vn -0.9661 0.2119 -0.1474
vn -0.9661 0.2121 -0.1474
vn -0.9661 0.2117 -0.1474
vn -0.9661 0.2121 -0.1474
vn -0.9661 0.2121 -0.1474
vn -0.9661 0.2119 -0.1474
vn -0.9661 0.2117 -0.1474
vn -0.9661 0.2119 -0.1475
vn -0.9661 0.2119 -0.1474
vn -0.9661 0.2119 -0.1475
vn -0.9661 0.2119 -0.1475
vn -0.9661 0.2120 -0.1475
vn -0.9661 0.2119 -0.1474
vn 0.9661 0.2119 -0.1475
vn 0.9661 0.2119 -0.1474
vn 0.9661 0.2120 -0.1475
vn 0.9661 0.2119 -0.1475
vn 0.9660 0.2121 -0.1476
vn 0.9661 0.2119 -0.1474
vn 0.9661 0.2121 -0.1474
vn 0.9661 0.2119 -0.1476
vn 0.9661 0.2121 -0.1475
vn 0.9661 0.2121 -0.1474
vn 0.9661 0.2119 -0.1474
vn 0.9661 0.2119 -0.1476
vn 0.9661 0.2121 -0.1474
vn 0.9661 0.2119 -0.1475
vn 0.9661 0.2117 -0.1478
vn 0.9661 0.2121 -0.1474
vn 0.9661 0.2119 -0.1474
vn 0.9661 0.2119 -0.1475
vn 0.9661 0.2118 -0.1476
vn 0.9661 0.2119 -0.1474
vn 0.9661 0.2119 -0.1474
vn 0.9661 0.2118 -0.1476
vn 0.9661 0.2119 -0.1474
vn 0.9661 0.2119 -0.1474
vn 0.9661 0.2120 -0.1474
vn 0.9661 0.2119 -0.1474
vn 0.9661 0.2117 -0.1474
vn 0.9661 0.2120 -0.1474
vn 0.9661 0.2120 -0.1474
vn 0.9661 0.2119 -0.1474
vn 0.9661 0.2120 -0.1475
vn 0.9661 0.2118 -0.1474
vn 0.9661 0.2120 -0.1474
vn 0.9661 0.2120 -0.1475
vn 0.9661 0.2119 -0.1474
vn 0.9661 0.2118 -0.1474
vn 0.8659 0.4099 -0.2867
vn 0.8659 0.4099 -0.2868
vn 0.8659 0.4099 -0.2867
vn 0.8659 0.4099 -0.2867
vn 0.8659 0.4097 -0.2869
vn 0.8659 0.4099 -0.2868
vn 0.7794 0.5134 -0.3590
vn 0.7794 0.5135 -0.3590
vn 0.7793 0.5136 -0.3590
vn 0.7794 0.5134 -0.3590
vn 0.7792 0.5138 -0.3589
vn 0.7794 0.5135 -0.3590
vn 0.8659 0.4097 -0.2869
vn 0.8659 0.4099 -0.2867
vn 0.8657 0.4104 -0.2865
vn 0.8659 0.4097 -0.2869
vn 0.8660 0.4099 -0.2865
vn 0.8659 0.4099 -0.2867
vn 0.8659 0.4100 -0.2865
vn 0.8660 0.4097 -0.2865
vn 0.8658 0.4101 -0.2868
vn 0.8659 0.4100 -0.2865
vn 0.8659 0.4099 -0.2867
vn 0.8660 0.4097 -0.2865
vn 0.8660 0.4099 -0.2866
vn 0.8659 0.4100 -0.2867
vn 0.8660 0.4098 -0.2867
vn 0.8660 0.4099 -0.2866
vn 0.8659 0.4100 -0.2866
vn 0.8659 0.4100 -0.2867
vn 0.7067 0.5797 -0.4057
vn 0.7067 0.5797 -0.4057
vn 0.7067 0.5797 -0.4057
vn 0.7067 0.5797 -0.4057
vn 0.7068 0.5796 -0.4056
vn 0.7067 0.5797 -0.4057
vn 0.7069 0.5795 -0.4056
vn 0.7067 0.5797 -0.4057
vn 0.7068 0.5796 -0.4056
vn 0.7069 0.5795 -0.4056
vn 0.7066 0.5796 -0.4059
vn 0.7067 0.5797 -0.4057
vn 0.7068 0.5796 -0.4057
vn 0.7067 0.5797 -0.4055
vn 0.7068 0.5796 -0.4055
vn 0.7068 0.5796 -0.4057
vn 0.7067 0.5797 -0.4057
vn 0.7067 0.5797 -0.4055
vn 0.7068 0.5797 -0.4055
vn 0.7067 0.5797 -0.4057
vn 0.7069 0.5795 -0.4056
vn 0.7068 0.5797 -0.4055
vn 0.7067 0.5797 -0.4057
vn 0.7067 0.5797 -0.4057
vn 0.7067 0.5797 -0.4057
vn 0.7067 0.5797 -0.4057
vn 0.7067 0.5797 -0.4057
vn 0.7067 0.5797 -0.4057
vn 0.7069 0.5795 -0.4056
vn 0.7067 0.5797 -0.4057
vn 0.4996 0.7090 -0.4978
vn 0.4995 0.7090 -0.4978
vn 0.4995 0.7090 -0.4978
vn 0.4996 0.7090 -0.4978
vn 0.4995 0.7090 -0.4978
vn 0.4995 0.7090 -0.4978
vn 0.4996 0.7090 -0.4977
vn 0.4995 0.7090 -0.4978
vn 0.4994 0.7090 -0.4979
vn 0.4996 0.7090 -0.4977
vn 0.4997 0.7088 -0.4979
vn 0.4995 0.7090 -0.4978
vn 0.4581 0.7629 -0.4561
vn 0.4582 0.7630 -0.4561
vn 0.4581 0.7628 -0.4564
vn 0.4581 0.7629 -0.4561
vn 0.4581 0.7629 -0.4562
vn 0.4582 0.7630 -0.4561
vn 0.4997 0.7090 -0.4976
vn 0.4995 0.7090 -0.4978
vn 0.4997 0.7090 -0.4977
vn 0.4997 0.7090 -0.4976
vn 0.4996 0.7090 -0.4977
vn 0.4995 0.7090 -0.4978
vn 0.3977 0.5970 -0.6967
vn 0.3977 0.5970 -0.6967
vn 0.3977 0.5971 -0.6967
vn 0.3977 0.5970 -0.6967
vn 0.3977 0.5970 -0.6967
vn 0.3977 0.5970 -0.6967
vn 0.2590 0.7910 -0.5544
vn 0.2592 0.7909 -0.5544
vn 0.2592 0.7909 -0.5543
vn 0.2590 0.7910 -0.5544
vn 0.2590 0.7910 -0.5544
vn 0.2592 0.7909 -0.5544
vn 0.2592 0.7908 -0.5545
vn 0.2590 0.7910 -0.5544
vn 0.2592 0.7908 -0.5545
vn 0.2592 0.7908 -0.5545
vn 0.2591 0.7909 -0.5544
vn 0.2590 0.7910 -0.5544
vn 0.2591 0.7910 -0.5543
vn 0.2591 0.7909 -0.5543
vn 0.2591 0.7908 -0.5545
vn 0.2591 0.7910 -0.5543
vn 0.2591 0.7908 -0.5545
vn 0.2591 0.7909 -0.5543
vn 0.2590 0.7908 -0.5545
vn 0.2592 0.7910 -0.5543
vn 0.2591 0.7909 -0.5544
vn 0.2590 0.7908 -0.5545
vn 0.2589 0.7910 -0.5544
vn 0.2592 0.7910 -0.5543
vn 0.2592 0.7909 -0.5543
vn 0.2589 0.7910 -0.5543
vn 0.2591 0.7910 -0.5543
vn 0.2592 0.7909 -0.5543
vn 0.2590 0.7910 -0.5544
vn 0.2589 0.7910 -0.5543
vn 0.0010 -0.5741 -0.8188
vn 0.0010 -0.5742 -0.8187
vn 0.0013 -0.5741 -0.8188
vn 0.0010 -0.5741 -0.8188
vn 0.0013 -0.5741 -0.8188
vn 0.0010 -0.5742 -0.8187
vn 0.0010 -0.5741 -0.8188
vn 0.0013 -0.5742 -0.8187
vn 0.0013 -0.5740 -0.8189
vn 0.0010 -0.5741 -0.8188
vn 0.0010 -0.5741 -0.8188
vn 0.0013 -0.5742 -0.8187
vn 0.0010 -0.5741 -0.8188
vn 0.0013 -0.5743 -0.8187
vn 0.0010 -0.5740 -0.8189
vn 0.0010 -0.5741 -0.8188
vn 0.0010 -0.5741 -0.8188
vn 0.0013 -0.5743 -0.8187
vn 0.0010 -0.5742 -0.8187
vn 0.0010 -0.5741 -0.8188
vn 0.0010 -0.5741 -0.8188
vn 0.0010 -0.5742 -0.8187
vn 0.0010 -0.5742 -0.8187
vn 0.0010 -0.5741 -0.8188
vn 0.0010 -0.5743 -0.8187
vn 0.0010 -0.5741 -0.8188
vn 0.0010 -0.5741 -0.8188
vn 0.0010 -0.5743 -0.8187
vn 0.0010 -0.5742 -0.8187
vn 0.0010 -0.5741 -0.8188
vn 0.0010 -0.5742 -0.8187
vn 0.0010 -0.5741 -0.8188
vn 0.0010 -0.5743 -0.8187
vn 0.0010 -0.5742 -0.8187
vn 0.0013 -0.5741 -0.8188
vn 0.0010 -0.5741 -0.8188
vn -0.4995 -0.4977 -0.7091
vn -0.4995 -0.4978 -0.7090
vn -0.4995 -0.4976 -0.7091
vn -0.4995 -0.4977 -0.7091
vn -0.4995 -0.4976 -0.7091
vn -0.4995 -0.4978 -0.7090
vn -0.4999 -0.4975 -0.7089
vn -0.4997 -0.4976 -0.7090
vn -0.4995 -0.4978 -0.7090
vn -0.4999 -0.4975 -0.7089
vn -0.4997 -0.4977 -0.7090
vn -0.4997 -0.4976 -0.7090
vn -0.4997 -0.4978 -0.7089
vn -0.4997 -0.4977 -0.7090
vn -0.4997 -0.4978 -0.7089
vn -0.4997 -0.4978 -0.7089
vn -0.4998 -0.4978 -0.7088
vn -0.4997 -0.4977 -0.7090
vn -0.4997 -0.4978 -0.7089
vn -0.4997 -0.4976 -0.7090
vn -0.4998 -0.4975 -0.7090
vn -0.4997 -0.4978 -0.7089
vn -0.4997 -0.4977 -0.7090
vn -0.4997 -0.4976 -0.7090
vn -0.4996 -0.4978 -0.7090
vn -0.4997 -0.4977 -0.7089
vn -0.4996 -0.4976 -0.7091
vn -0.4996 -0.4978 -0.7090
vn -0.4995 -0.4978 -0.7090
vn -0.4997 -0.4977 -0.7089
vn -0.8659 -0.2866 -0.4101
vn -0.8659 -0.2867 -0.4099
vn -0.8659 -0.2866 -0.4100
vn -0.8659 -0.2866 -0.4101
vn -0.8659 -0.2866 -0.4100
vn -0.8659 -0.2867 -0.4099
vn -0.8659 -0.2868 -0.4099
vn -0.8658 -0.2868 -0.4100
vn -0.8659 -0.2865 -0.4101
vn -0.8659 -0.2868 -0.4099
vn -0.8660 -0.2865 -0.4097
vn -0.8658 -0.2868 -0.4100
vn -0.8659 -0.2865 -0.4100
vn -0.8659 -0.2868 -0.4099
vn -0.8660 -0.2865 -0.4099
vn -0.8659 -0.2865 -0.4100
vn -0.8659 -0.2867 -0.4099
vn -0.8659 -0.2868 -0.4099
vn -0.8659 -0.2866 -0.4099
vn -0.8660 -0.2867 -0.4098
vn -0.8659 -0.2867 -0.4099
vn -0.8659 -0.2866 -0.4099
vn -0.8660 -0.2867 -0.4098
vn -0.8660 -0.2867 -0.4098
vn -0.8659 -0.2865 -0.4100
vn -0.8660 -0.2867 -0.4098
vn -0.8658 -0.2869 -0.4099
vn -0.8659 -0.2865 -0.4100
vn -0.8659 -0.2867 -0.4099
vn -0.8660 -0.2867 -0.4098
vn -0.8659 -0.2866 -0.4099
vn -0.8659 -0.2867 -0.4099
vn -0.8659 -0.2867 -0.4099
vn -0.8659 -0.2866 -0.4099
vn -0.8659 -0.2866 -0.4100
vn -0.8659 -0.2867 -0.4099
vn -0.8658 0.2867 0.4101
vn -0.8659 0.2867 0.4099
vn -0.8658 0.2867 0.4101
vn -0.8658 0.2867 0.4101
vn -0.8661 0.2865 0.4097
vn -0.8659 0.2867 0.4099
vn -0.8660 0.2867 0.4098
vn -0.8658 0.2867 0.4101
vn -0.8658 0.2868 0.4101
vn -0.8660 0.2867 0.4098
vn -0.8659 0.2867 0.4099
vn -0.8658 0.2867 0.4101
vn -0.8659 0.2868 0.4099
vn -0.8660 0.2865 0.4099
vn -0.8658 0.2869 0.4099
vn -0.8659 0.2868 0.4099
vn -0.8659 0.2867 0.4100
vn -0.8660 0.2865 0.4099
vn -0.8659 0.2866 0.4099
vn -0.8659 0.2867 0.4099
vn -0.8660 0.2866 0.4098
vn -0.8659 0.2866 0.4099
vn -0.8659 0.2867 0.4099
vn -0.8659 0.2867 0.4099
vn -0.8660 0.2865 0.4099
vn -0.8660 0.2865 0.4099
vn -0.8659 0.2868 0.4099
vn -0.8660 0.2865 0.4099
vn -0.8660 0.2866 0.4098
vn -0.8660 0.2865 0.4099
vn -0.8659 0.2866 0.4100
vn -0.8659 0.2867 0.4099
vn -0.8659 0.2867 0.4099
vn -0.8659 0.2866 0.4100
vn -0.8660 0.2867 0.4097
vn -0.8659 0.2867 0.4099
vn -0.4997 0.4977 0.7089
vn -0.4997 0.4976 0.7090
vn -0.4997 0.4977 0.7089
vn -0.4997 0.4977 0.7089
vn -0.4997 0.4978 0.7088
vn -0.4997 0.4976 0.7090
vn -0.4996 0.4978 0.7089
vn -0.4997 0.4976 0.7090
vn -0.4995 0.4977 0.7090
vn -0.4996 0.4978 0.7089
vn -0.4996 0.4977 0.7091
vn -0.4997 0.4976 0.7090
vn -0.4997 0.4978 0.7089
vn -0.4997 0.4976 0.7090
vn -0.4996 0.4978 0.7089
vn -0.4997 0.4978 0.7089
vn -0.4996 0.4976 0.7091
vn -0.4997 0.4976 0.7090
vn -0.4995 0.4978 0.7090
vn -0.4996 0.4976 0.7091
vn -0.4995 0.4978 0.7090
vn -0.4995 0.4978 0.7090
vn -0.4995 0.4977 0.7090
vn -0.4996 0.4976 0.7091
vn -0.4995 0.4978 0.7090
vn -0.4997 0.4976 0.7090
vn -0.4996 0.4978 0.7090
vn -0.4995 0.4978 0.7090
vn -0.4998 0.4977 0.7088
vn -0.4997 0.4976 0.7090
vn 0.1457 0.6797 -0.7188
vn 0.1457 0.6797 -0.7189
vn 0.1457 0.6796 -0.7189
vn 0.1457 0.6797 -0.7188
vn 0.1457 0.6797 -0.7189
vn 0.1457 0.6797 -0.7189
vn -0.4996 0.7090 -0.4977
vn -0.4995 0.7089 -0.4980
vn -0.4996 0.7091 -0.4976
vn -0.4996 0.7090 -0.4977
vn -0.4995 0.7089 -0.4979
vn -0.4995 0.7089 -0.4980
vn -0.7226 0.5798 -0.3764
vn -0.7227 0.5798 -0.3763
vn -0.7227 0.5796 -0.3765
vn -0.7226 0.5798 -0.3764
vn -0.7225 0.5799 -0.3764
vn -0.7227 0.5798 -0.3763
vn 0.4995 0.7091 -0.4978
vn 0.4998 0.7088 -0.4978
vn 0.4996 0.7090 -0.4978
vn 0.4995 0.7091 -0.4978
vn 0.4997 0.7088 -0.4978
vn 0.4998 0.7088 -0.4978
vn 0.2590 0.7909 -0.5544
vn 0.2592 0.7909 -0.5544
vn 0.2590 0.7910 -0.5544
vn 0.2590 0.7909 -0.5544
vn 0.2592 0.7908 -0.5545
vn 0.2592 0.7909 -0.5544
vn -0.4996 -0.4976 -0.7091
vn -0.4995 -0.4976 -0.7091
vn -0.4996 -0.4979 -0.7089
vn -0.4996 -0.4976 -0.7091
vn -0.4996 -0.4977 -0.7090
vn -0.4995 -0.4976 -0.7091
vn -0.4995 0.4978 0.7090
vn -0.4997 0.4976 0.7090
vn -0.4995 0.4977 0.7090
vn -0.4995 0.4978 0.7090
vn -0.4996 0.4976 0.7090
vn -0.4997 0.4976 0.7090
vn 0.9546 -0.2980 -0.0013
vn 0.9546 -0.2979 -0.0010
vn 0.9545 -0.2981 -0.0010
vn 0.9546 -0.2980 -0.0013
vn 0.9546 -0.2979 -0.0010
vn 0.9546 -0.2979 -0.0010
vn 0.9546 -0.2980 -0.0013
vn 0.9545 -0.2981 -0.0010
vn 0.9545 -0.2981 -0.0010
vn 0.9546 -0.2980 -0.0013
vn 0.9546 -0.2979 -0.0010
vn 0.9545 -0.2981 -0.0010
vn 0.9546 -0.2979 -0.0010
vn 0.9545 -0.2981 -0.0010
vn 0.9546 -0.2980 -0.0013
vn 0.9546 -0.2979 -0.0010
vn 0.9545 -0.2981 -0.0010
vn 0.9545 -0.2981 -0.0010
vn 0.9546 -0.2980 -0.0010
vn 0.9546 -0.2979 -0.0010
vn 0.9545 -0.2981 -0.0010
vn 0.9546 -0.2980 -0.0010
vn 0.9546 -0.2980 -0.0010
vn 0.9546 -0.2979 -0.0010
vn 0.9546 -0.2979 -0.0010
vn 0.9546 -0.2979 -0.0010
vn 0.9546 -0.2979 -0.0010
vn 0.9546 -0.2979 -0.0010
vn 0.9545 -0.2981 -0.0010
vn 0.9546 -0.2979 -0.0010
vn 0.9546 -0.2979 -0.0010
vn 0.9546 -0.2979 -0.0010
vn 0.9546 -0.2980 -0.0010
vn 0.9546 -0.2979 -0.0010
vn 0.9546 -0.2979 -0.0010
vn 0.9546 -0.2979 -0.0010
vn 0.0908 0.2901 -0.9527
vn 0.0909 0.2903 -0.9526
vn 0.0908 0.2902 -0.9527
vn 0.0908 0.2901 -0.9527
vn 0.0908 0.2903 -0.9526
vn 0.0909 0.2903 -0.9526
vn 0.0910 0.2903 -0.9526
vn 0.0909 0.2903 -0.9526
vn 0.0908 0.2903 -0.9526
vn 0.0910 0.2903 -0.9526
vn 0.0910 0.2901 -0.9527
vn 0.0909 0.2903 -0.9526
vn 0.0910 0.2903 -0.9526
vn 0.0909 0.2899 -0.9527
vn 0.0906 0.2903 -0.9526
vn 0.0910 0.2903 -0.9526
vn 0.0910 0.2903 -0.9526
vn 0.0909 0.2899 -0.9527
vn 0.0910 0.2902 -0.9526
vn 0.0909 0.2903 -0.9526
vn 0.0910 0.2901 -0.9527
vn 0.0910 0.2902 -0.9526
vn 0.0908 0.2903 -0.9526
vn 0.0909 0.2903 -0.9526
vn -0.1592 0.3586 -0.9198
vn -0.1592 0.3588 -0.9198
vn -0.1593 0.3587 -0.9197
vn -0.1592 0.3586 -0.9198
vn -0.1593 0.3588 -0.9197
vn -0.1592 0.3588 -0.9198
vn -0.0108 0.5569 -0.8305
vn -0.0107 0.5566 -0.8307
vn -0.0108 0.5569 -0.8305
vn -0.0108 0.5569 -0.8305
vn -0.0107 0.5566 -0.8307
vn -0.0107 0.5566 -0.8307
vn -0.1591 0.3586 -0.9198
vn -0.1592 0.3586 -0.9198
vn -0.1594 0.3586 -0.9198
vn -0.1591 0.3586 -0.9198
vn -0.1591 0.3588 -0.9198
vn -0.1592 0.3586 -0.9198
vn -0.1594 0.3587 -0.9198
vn -0.1593 0.3586 -0.9198
vn -0.1596 0.3587 -0.9197
vn -0.1594 0.3587 -0.9198
vn -0.1593 0.3588 -0.9197
vn -0.1593 0.3586 -0.9198
vn -0.1596 0.3586 -0.9197
vn -0.1592 0.3588 -0.9197
vn -0.1593 0.3589 -0.9197
vn -0.1596 0.3586 -0.9197
vn -0.1593 0.3586 -0.9198
vn -0.1592 0.3588 -0.9197
vn -0.1594 0.3587 -0.9197
vn -0.1592 0.3588 -0.9197
vn -0.1596 0.3587 -0.9197
vn -0.1594 0.3587 -0.9197
vn -0.1594 0.3588 -0.9197
vn -0.1592 0.3588 -0.9197
vn -0.3984 0.4004 -0.8252
vn -0.3985 0.4004 -0.8252
vn -0.3984 0.4003 -0.8252
vn -0.3984 0.4004 -0.8252
vn -0.3984 0.4005 -0.8251
vn -0.3985 0.4004 -0.8252
vn -0.3984 0.4005 -0.8251
vn -0.3984 0.4004 -0.8252
vn -0.3985 0.4001 -0.8253
vn -0.3984 0.4005 -0.8251
vn -0.3984 0.4003 -0.8252
vn -0.3984 0.4004 -0.8252
vn -0.3985 0.4003 -0.8252
vn -0.3985 0.4002 -0.8252
vn -0.3984 0.4005 -0.8251
vn -0.3985 0.4003 -0.8252
vn -0.3985 0.4003 -0.8252
vn -0.3985 0.4002 -0.8252
vn -0.3982 0.4005 -0.8252
vn -0.3984 0.4004 -0.8252
vn -0.3985 0.4002 -0.8252
vn -0.3982 0.4005 -0.8252
vn -0.3985 0.4004 -0.8252
vn -0.3984 0.4004 -0.8252
vn -0.3984 0.4005 -0.8251
vn -0.3983 0.4002 -0.8254
vn -0.3984 0.4003 -0.8252
vn -0.3984 0.4005 -0.8251
vn -0.3984 0.4003 -0.8252
vn -0.3983 0.4002 -0.8254
vn -0.5951 0.6695 -0.4446
vn -0.5951 0.6695 -0.4446
vn -0.5952 0.6694 -0.4446
vn -0.5951 0.6695 -0.4446
vn -0.5951 0.6693 -0.4447
vn -0.5951 0.6695 -0.4446
vn -0.6112 0.4154 -0.6737
vn -0.6110 0.4156 -0.6738
vn -0.6111 0.4154 -0.6737
vn -0.6112 0.4154 -0.6737
vn -0.6111 0.4156 -0.6737
vn -0.6110 0.4156 -0.6738
vn -0.6112 0.4155 -0.6736
vn -0.6110 0.4156 -0.6737
vn -0.6113 0.4154 -0.6736
vn -0.6112 0.4155 -0.6736
vn -0.6110 0.4156 -0.6737
vn -0.6110 0.4156 -0.6737
vn -0.4717 0.3448 -0.8115
vn -0.4715 0.3449 -0.8116
vn -0.4718 0.3448 -0.8115
vn -0.4717 0.3448 -0.8115
vn -0.4716 0.3447 -0.8116
vn -0.4715 0.3449 -0.8116
vn -0.6110 0.4155 -0.6738
vn -0.6112 0.4154 -0.6737
vn -0.6113 0.4154 -0.6736
vn -0.6110 0.4155 -0.6738
vn -0.6110 0.4155 -0.6738
vn -0.6112 0.4154 -0.6737
vn -0.7812 0.4038 -0.4761
vn -0.7811 0.4038 -0.4762
vn -0.7812 0.4037 -0.4762
vn -0.7812 0.4038 -0.4761
vn -0.7812 0.4038 -0.4762
vn -0.7811 0.4038 -0.4762
vn -0.7812 0.4038 -0.4762
vn -0.7811 0.4038 -0.4762
vn -0.7812 0.4038 -0.4761
vn -0.7812 0.4038 -0.4762
vn -0.7811 0.4039 -0.4761
vn -0.7811 0.4038 -0.4762
vn -0.7813 0.4036 -0.4761
vn -0.7812 0.4038 -0.4762
vn -0.7811 0.4040 -0.4761
vn -0.7813 0.4036 -0.4761
vn -0.7812 0.4038 -0.4761
vn -0.7812 0.4038 -0.4762
vn -0.7811 0.4039 -0.4763
vn -0.7812 0.4038 -0.4761
vn -0.7810 0.4040 -0.4762
vn -0.7811 0.4039 -0.4763
vn -0.7811 0.4038 -0.4762
vn -0.7812 0.4038 -0.4761
vn -0.5291 0.6874 -0.4976
vn -0.5289 0.6874 -0.4978
vn -0.5287 0.6877 -0.4976
vn -0.5291 0.6874 -0.4976
vn -0.5290 0.6874 -0.4977
vn -0.5289 0.6874 -0.4978
vn -0.7812 0.4036 -0.4762
vn -0.7811 0.4038 -0.4762
vn -0.7811 0.4039 -0.4763
vn -0.7812 0.4036 -0.4762
vn -0.7812 0.4037 -0.4762
vn -0.7811 0.4038 -0.4762
vn -0.8985 0.3627 -0.2473
vn -0.8984 0.3628 -0.2474
vn -0.8985 0.3627 -0.2473
vn -0.8985 0.3627 -0.2473
vn -0.8985 0.3628 -0.2473
vn -0.8984 0.3628 -0.2474
vn -0.8985 0.3627 -0.2473
vn -0.8985 0.3628 -0.2473
vn -0.8985 0.3627 -0.2474
vn -0.8985 0.3627 -0.2473
vn -0.8985 0.3626 -0.2473
vn -0.8985 0.3628 -0.2473
vn -0.8984 0.3628 -0.2474
vn -0.8985 0.3626 -0.2473
vn -0.8986 0.3624 -0.2474
vn -0.8984 0.3628 -0.2474
vn -0.8984 0.3628 -0.2475
vn -0.8985 0.3626 -0.2473
vn -0.8984 0.3629 -0.2472
vn -0.8985 0.3626 -0.2475
vn -0.8985 0.3628 -0.2472
vn -0.8984 0.3629 -0.2472
vn -0.8985 0.3627 -0.2474
vn -0.8985 0.3626 -0.2475
vn -0.8984 0.3628 -0.2476
vn -0.8985 0.3626 -0.2475
vn -0.8984 0.3628 -0.2474
vn -0.8984 0.3628 -0.2476
vn -0.8984 0.3628 -0.2476
vn -0.8985 0.3626 -0.2475
vn -0.8985 0.3627 -0.2472
vn -0.8985 0.3628 -0.2473
vn -0.8985 0.3627 -0.2472
vn -0.8985 0.3627 -0.2472
vn -0.8985 0.3627 -0.2473
vn -0.8985 0.3628 -0.2473
vn 0.9455 -0.2121 -0.2472
vn 0.9454 -0.2123 -0.2473
vn 0.9454 -0.2122 -0.2474
vn 0.9455 -0.2121 -0.2472
vn 0.9454 -0.2121 -0.2474
vn 0.9454 -0.2123 -0.2473
vn 0.9455 -0.2121 -0.2472
vn 0.9454 -0.2121 -0.2475
vn 0.9454 -0.2121 -0.2476
vn 0.9455 -0.2121 -0.2472
vn 0.9454 -0.2121 -0.2475
vn 0.9454 -0.2121 -0.2475
vn 0.9454 -0.2121 -0.2473
vn 0.9454 -0.2121 -0.2475
vn 0.9455 -0.2121 -0.2472
vn 0.9454 -0.2121 -0.2473
vn 0.9454 -0.2121 -0.2473
vn 0.9454 -0.2121 -0.2475
vn 0.9454 -0.2121 -0.2473
vn 0.9454 -0.2121 -0.2473
vn 0.9455 -0.2119 -0.2474
vn 0.9454 -0.2121 -0.2473
vn 0.9454 -0.2122 -0.2473
vn 0.9454 -0.2121 -0.2473
vn 0.9454 -0.2121 -0.2473
vn 0.9454 -0.2121 -0.2473
vn 0.9454 -0.2121 -0.2473
vn 0.9454 -0.2121 -0.2473
vn 0.9454 -0.2121 -0.2473
vn 0.9454 -0.2121 -0.2473
vn 0.9454 -0.2122 -0.2474
vn 0.9454 -0.2123 -0.2473
vn 0.9454 -0.2121 -0.2473
vn 0.9454 -0.2122 -0.2474
vn 0.9454 -0.2121 -0.2474
vn 0.9454 -0.2123 -0.2473
vn 0.8723 -0.1123 -0.4759
vn 0.8724 -0.1123 -0.4757
vn 0.8723 -0.1123 -0.4759
vn 0.8723 -0.1123 -0.4759
vn 0.8723 -0.1123 -0.4759
vn 0.8724 -0.1123 -0.4757
vn 0.8005 -0.0500 -0.5972
vn 0.8006 -0.0500 -0.5972
vn 0.8005 -0.0500 -0.5972
vn 0.8005 -0.0500 -0.5972
vn 0.8006 -0.0496 -0.5972
vn 0.8006 -0.0500 -0.5972
vn 0.8724 -0.1125 -0.4757
vn 0.8723 -0.1123 -0.4758
vn 0.8724 -0.1122 -0.4757
vn 0.8724 -0.1125 -0.4757
vn 0.8724 -0.1125 -0.4757
vn 0.8723 -0.1123 -0.4758
vn 0.8724 -0.1121 -0.4758
vn 0.8724 -0.1123 -0.4757
vn 0.8723 -0.1125 -0.4759
vn 0.8724 -0.1121 -0.4758
vn 0.8723 -0.1125 -0.4758
vn 0.8724 -0.1123 -0.4757
vn 0.8723 -0.1123 -0.4759
vn 0.8724 -0.1123 -0.4757
vn 0.8724 -0.1123 -0.4758
vn 0.8723 -0.1123 -0.4759
vn 0.8724 -0.1125 -0.4757
vn 0.8724 -0.1123 -0.4757
vn 0.7395 -0.0050 -0.6731
vn 0.7396 -0.0050 -0.6730
vn 0.7394 -0.0049 -0.6733
vn 0.7395 -0.0050 -0.6731
vn 0.7397 -0.0050 -0.6729
vn 0.7396 -0.0050 -0.6730
vn 0.7395 -0.0050 -0.6731
vn 0.7396 -0.0048 -0.6730
vn 0.7395 -0.0052 -0.6731
vn 0.7395 -0.0050 -0.6731
vn 0.7396 -0.0050 -0.6731
vn 0.7396 -0.0048 -0.6730
vn 0.7396 -0.0049 -0.6730
vn 0.7396 -0.0050 -0.6730
vn 0.7396 -0.0048 -0.6730
vn 0.7396 -0.0049 -0.6730
vn 0.7396 -0.0050 -0.6730
vn 0.7396 -0.0050 -0.6730
vn 0.7396 -0.0050 -0.6730
vn 0.7396 -0.0050 -0.6730
vn 0.7395 -0.0046 -0.6731
vn 0.7396 -0.0050 -0.6730
vn 0.7395 -0.0050 -0.6732
vn 0.7396 -0.0050 -0.6730
vn 0.7396 -0.0049 -0.6731
vn 0.7396 -0.0050 -0.6731
vn 0.7396 -0.0049 -0.6730
vn 0.7396 -0.0049 -0.6731
vn 0.7395 -0.0050 -0.6731
vn 0.7396 -0.0050 -0.6731
vn 0.5564 0.1026 -0.8245
vn 0.5565 0.1028 -0.8244
vn 0.5564 0.1027 -0.8245
vn 0.5564 0.1026 -0.8245
vn 0.5565 0.1026 -0.8245
vn 0.5565 0.1028 -0.8244
vn 0.5566 0.1026 -0.8244
vn 0.5566 0.1028 -0.8244
vn 0.5566 0.1026 -0.8244
vn 0.5566 0.1026 -0.8244
vn 0.5566 0.1028 -0.8244
vn 0.5566 0.1028 -0.8244
vn 0.5363 0.1787 -0.8249
vn 0.5360 0.1785 -0.8251
vn 0.5362 0.1787 -0.8250
vn 0.5363 0.1787 -0.8249
vn 0.5360 0.1786 -0.8251
vn 0.5360 0.1785 -0.8251
vn 0.5566 0.1026 -0.8244
vn 0.5565 0.1026 -0.8245
vn 0.5566 0.1030 -0.8244
vn 0.5566 0.1026 -0.8244
vn 0.5564 0.1028 -0.8245
vn 0.5565 0.1026 -0.8245
vn 0.3941 -0.0675 -0.9166
vn 0.3944 -0.0675 -0.9164
vn 0.3943 -0.0675 -0.9165
vn 0.3941 -0.0675 -0.9166
vn 0.3941 -0.0675 -0.9166
vn 0.3944 -0.0675 -0.9164
vn 0.3352 0.2043 -0.9197
vn 0.3352 0.2043 -0.9197
vn 0.3352 0.2043 -0.9197
vn 0.3352 0.2043 -0.9197
vn 0.3352 0.2043 -0.9197
vn 0.3352 0.2043 -0.9197
vn 0.3351 0.2045 -0.9197
vn 0.3352 0.2043 -0.9197
vn 0.3353 0.2045 -0.9197
vn 0.3351 0.2045 -0.9197
vn 0.3351 0.2041 -0.9198
vn 0.3352 0.2043 -0.9197
vn 0.3351 0.2043 -0.9198
vn 0.3351 0.2043 -0.9198
vn 0.3353 0.2045 -0.9197
vn 0.3351 0.2043 -0.9198
vn 0.3351 0.2043 -0.9198
vn 0.3351 0.2043 -0.9198
vn 0.3353 0.2043 -0.9197
vn 0.3353 0.2041 -0.9197
vn 0.3351 0.2045 -0.9197
vn 0.3353 0.2043 -0.9197
vn 0.3351 0.2041 -0.9198
vn 0.3353 0.2041 -0.9197
vn 0.3353 0.2042 -0.9197
vn 0.3352 0.2045 -0.9197
vn 0.3351 0.2043 -0.9198
vn 0.3353 0.2042 -0.9197
vn 0.3351 0.2043 -0.9198
vn 0.3352 0.2045 -0.9197
vn -0.2843 -0.9093 -0.3038
vn -0.2841 -0.9094 -0.3037
vn -0.2842 -0.9093 -0.3038
vn -0.2843 -0.9093 -0.3038
vn -0.2843 -0.9093 -0.3038
vn -0.2841 -0.9094 -0.3037
vn -0.2842 -0.9094 -0.3038
vn -0.2842 -0.9093 -0.3038
vn -0.2842 -0.9093 -0.3038
vn -0.2842 -0.9094 -0.3038
vn -0.2842 -0.9094 -0.3038
vn -0.2842 -0.9093 -0.3038
vn -0.2842 -0.9094 -0.3038
vn -0.2842 -0.9094 -0.3037
vn -0.2843 -0.9093 -0.3039
vn -0.2842 -0.9094 -0.3038
vn -0.2842 -0.9094 -0.3038
vn -0.2842 -0.9094 -0.3037
vn -0.2844 -0.9093 -0.3038
vn -0.2842 -0.9094 -0.3037
vn -0.2844 -0.9093 -0.3038
vn -0.2844 -0.9093 -0.3038
vn -0.2841 -0.9094 -0.3037
vn -0.2842 -0.9094 -0.3037
vn -0.2842 -0.9094 -0.3038
vn -0.2843 -0.9093 -0.3038
vn -0.2844 -0.9092 -0.3039
vn -0.2842 -0.9094 -0.3038
vn -0.2844 -0.9093 -0.3038
vn -0.2843 -0.9093 -0.3038
vn -0.2843 -0.9093 -0.3038
vn -0.2843 -0.9094 -0.3036
vn -0.2844 -0.9093 -0.3038
vn -0.2843 -0.9093 -0.3038
vn -0.2843 -0.9093 -0.3038
vn -0.2843 -0.9094 -0.3036
vn -0.7228 -0.6390 -0.2631
vn -0.7228 -0.6389 -0.2632
vn -0.7230 -0.6387 -0.2632
vn -0.7228 -0.6390 -0.2631
vn -0.7230 -0.6388 -0.2632
vn -0.7228 -0.6389 -0.2632
vn -0.7229 -0.6389 -0.2630
vn -0.7229 -0.6388 -0.2632
vn -0.7230 -0.6387 -0.2633
vn -0.7229 -0.6389 -0.2630
vn -0.7228 -0.6389 -0.2632
vn -0.7229 -0.6388 -0.2632
vn -0.7231 -0.6387 -0.2631
vn -0.7228 -0.6389 -0.2632
vn -0.7231 -0.6388 -0.2628
vn -0.7231 -0.6387 -0.2631
vn -0.7229 -0.6389 -0.2631
vn -0.7228 -0.6389 -0.2632
vn -0.7231 -0.6388 -0.2628
vn -0.7229 -0.6388 -0.2632
vn -0.7230 -0.6388 -0.2631
vn -0.7231 -0.6388 -0.2628
vn -0.7228 -0.6389 -0.2632
vn -0.7229 -0.6388 -0.2632
vn -0.7229 -0.6389 -0.2631
vn -0.7229 -0.6388 -0.2632
vn -0.7230 -0.6387 -0.2631
vn -0.7229 -0.6389 -0.2631
vn -0.7229 -0.6388 -0.2631
vn -0.7229 -0.6388 -0.2632
vn -0.9687 -0.1968 -0.1515
vn -0.9687 -0.1966 -0.1514
vn -0.9687 -0.1966 -0.1515
vn -0.9687 -0.1968 -0.1515
vn -0.9688 -0.1961 -0.1513
vn -0.9687 -0.1966 -0.1514
vn -0.9687 -0.1965 -0.1514
vn -0.9687 -0.1968 -0.1516
vn -0.9688 -0.1961 -0.1515
vn -0.9687 -0.1965 -0.1514
vn -0.9688 -0.1963 -0.1515
vn -0.9687 -0.1968 -0.1516
vn -0.9687 -0.1965 -0.1514
vn -0.9688 -0.1965 -0.1514
vn -0.9687 -0.1968 -0.1514
vn -0.9687 -0.1965 -0.1514
vn -0.9687 -0.1965 -0.1516
vn -0.9688 -0.1965 -0.1514
vn -0.9688 -0.1964 -0.1515
vn -0.9687 -0.1966 -0.1513
vn -0.9687 -0.1965 -0.1514
vn -0.9688 -0.1964 -0.1515
vn -0.9687 -0.1965 -0.1515
vn -0.9687 -0.1966 -0.1513
vn -0.9687 -0.1965 -0.1514
vn -0.9687 -0.1965 -0.1514
vn -0.9687 -0.1966 -0.1514
vn -0.9687 -0.1965 -0.1514
vn -0.9687 -0.1966 -0.1514
vn -0.9687 -0.1965 -0.1514
vn -0.9687 -0.1965 -0.1514
vn -0.9687 -0.1965 -0.1514
vn -0.9687 -0.1965 -0.1515
vn -0.9687 -0.1965 -0.1514
vn -0.9687 -0.1965 -0.1516
vn -0.9687 -0.1965 -0.1514
vn -0.6851 0.7125 0.1515
vn -0.6852 0.7125 0.1514
vn -0.6852 0.7124 0.1515
vn -0.6851 0.7125 0.1515
vn -0.6852 0.7125 0.1513
vn -0.6852 0.7125 0.1514
vn -0.6853 0.7124 0.1514
vn -0.6851 0.7125 0.1515
vn -0.6851 0.7125 0.1514
vn -0.6853 0.7124 0.1514
vn -0.6852 0.7124 0.1514
vn -0.6851 0.7125 0.1515
vn -0.6850 0.7126 0.1515
vn -0.6851 0.7126 0.1513
vn -0.6851 0.7125 0.1514
vn -0.6850 0.7126 0.1515
vn -0.6853 0.7123 0.1515
vn -0.6851 0.7126 0.1513
vn -0.6851 0.7125 0.1515
vn -0.6852 0.7124 0.1514
vn -0.6851 0.7125 0.1514
vn -0.6851 0.7125 0.1515
vn -0.6852 0.7124 0.1515
vn -0.6852 0.7124 0.1514
vn -0.6851 0.7125 0.1514
vn -0.6852 0.7124 0.1515
vn -0.6852 0.7124 0.1516
vn -0.6851 0.7125 0.1514
vn -0.6851 0.7125 0.1516
vn -0.6852 0.7124 0.1515
vn -0.6851 0.7125 0.1515
vn -0.6852 0.7124 0.1514
vn -0.6851 0.7125 0.1515
vn -0.6851 0.7125 0.1515
vn -0.6854 0.7123 0.1516
vn -0.6852 0.7124 0.1514
vn -0.2313 0.9367 0.2627
vn -0.2316 0.9367 0.2626
vn -0.2317 0.9366 0.2628
vn -0.2313 0.9367 0.2627
vn -0.2314 0.9367 0.2628
vn -0.2316 0.9367 0.2626
vn -0.2314 0.9368 0.2625
vn -0.2314 0.9367 0.2627
vn -0.2314 0.9367 0.2629
vn -0.2314 0.9368 0.2625
vn -0.2315 0.9367 0.2628
vn -0.2314 0.9367 0.2627
vn -0.2317 0.9367 0.2625
vn -0.2313 0.9367 0.2628
vn -0.2314 0.9368 0.2625
vn -0.2317 0.9367 0.2625
vn -0.2315 0.9367 0.2628
vn -0.2313 0.9367 0.2628
vn -0.2315 0.9367 0.2626
vn -0.2316 0.9366 0.2629
vn -0.2316 0.9366 0.2629
vn -0.2315 0.9367 0.2626
vn -0.2314 0.9367 0.2628
vn -0.2316 0.9366 0.2629
vn -0.2315 0.9367 0.2627
vn -0.2315 0.9367 0.2628
vn -0.2315 0.9367 0.2628
vn -0.2315 0.9367 0.2627
vn -0.2317 0.9366 0.2627
vn -0.2315 0.9367 0.2628
vn 0.1691 0.0574 -0.9839
vn 0.1690 0.0576 -0.9839
vn 0.1690 0.0580 -0.9839
vn 0.1691 0.0574 -0.9839
vn 0.1692 0.0576 -0.9839
vn 0.1690 0.0576 -0.9839
vn -0.3985 0.4004 -0.8252
vn -0.3984 0.4002 -0.8253
vn -0.3984 0.4005 -0.8252
vn -0.3985 0.4004 -0.8252
vn -0.3985 0.4003 -0.8252
vn -0.3984 0.4002 -0.8253
vn -0.6185 0.4390 -0.6517
vn -0.6186 0.4387 -0.6518
vn -0.6186 0.4389 -0.6518
vn -0.6185 0.4390 -0.6517
vn -0.6186 0.4387 -0.6519
vn -0.6186 0.4387 -0.6518
vn 0.5565 0.1026 -0.8245
vn 0.5565 0.1026 -0.8245
vn 0.5565 0.1026 -0.8245
vn 0.5565 0.1026 -0.8245
vn 0.5564 0.1030 -0.8245
vn 0.5565 0.1026 -0.8245
vn 0.3352 0.2045 -0.9197
vn 0.3352 0.2041 -0.9198
vn 0.3352 0.2043 -0.9197
vn 0.3352 0.2045 -0.9197
vn 0.3353 0.2041 -0.9197
vn 0.3352 0.2041 -0.9198
vn -0.7229 -0.6388 -0.2632
vn -0.7231 -0.6386 -0.2631
vn -0.7230 -0.6387 -0.2633
vn -0.7229 -0.6388 -0.2632
vn -0.7228 -0.6390 -0.2632
vn -0.7231 -0.6386 -0.2631
vn -0.2315 0.9367 0.2627
vn -0.2316 0.9366 0.2629
vn -0.2315 0.9368 0.2625
vn -0.2315 0.9367 0.2627
vn -0.2315 0.9367 0.2627
vn -0.2316 0.9366 0.2629
vn 0.0010 0.0010 -1.0000
vn -0.2081 0.0244 -0.9778
vn 0.0010 0.0010 -1.0000
vn -0.2081 0.0242 -0.9778
vn -0.2081 0.0244 -0.9778
vn 0.0010 0.0010 -1.0000
vn -0.2081 0.0242 -0.9778
vn -0.4076 0.0479 -0.9119
vn -0.2081 0.0244 -0.9778
vn -0.4076 0.0479 -0.9119
vn -0.2081 0.0242 -0.9778
vn -0.4076 0.0479 -0.9119
vn 0.7071 -0.0010 -0.7071
vn 0.7877 -0.3218 -0.5254
vn 0.7072 -0.0011 -0.7071
vn 0.7877 -0.3218 -0.5254
vn 0.7877 -0.3218 -0.5254
vn 0.7071 -0.0010 -0.7071
vn 0.7877 -0.3218 -0.5254
vn 0.7558 -0.5971 -0.2690
vn 0.7877 -0.3218 -0.5254
vn 0.7558 -0.5971 -0.2690
vn 0.7877 -0.3218 -0.5254
vn 0.7557 -0.5972 -0.2688
vn 0.0010 0.0010 -1.0000
vn -0.2080 0.0245 -0.9778
vn 0.0010 0.0010 -1.0000
vn -0.2080 0.0244 -0.9778
vn -0.2080 0.0245 -0.9778
vn 0.0010 0.0010 -1.0000
vn -0.2080 0.0244 -0.9778
vn -0.4076 0.0480 -0.9119
vn -0.2080 0.0245 -0.9778
vn -0.4076 0.0480 -0.9119
vn -0.2080 0.0244 -0.9778
vn -0.4076 0.0479 -0.9119
vn 0.7071 0.0008 -0.7071
vn 0.7877 -0.3220 -0.5253
vn 0.7071 0.0011 -0.7071
vn 0.7876 -0.3218 -0.5254
vn 0.7877 -0.3220 -0.5253
vn 0.7071 0.0008 -0.7071
vn 0.7876 -0.3218 -0.5254
vn 0.7556 -0.5974 -0.2688
vn 0.7877 -0.3220 -0.5253
vn 0.7556 -0.5974 -0.2688
vn 0.7876 -0.3218 -0.5254
vn 0.7558 -0.5970 -0.2689
vn 0.0008 0.8188 -0.5740
vn -0.2085 0.8148 -0.5409
vn 0.0008 0.8187 -0.5743
vn -0.2085 0.8148 -0.5409
vn -0.2085 0.8148 -0.5409
vn 0.0008 0.8188 -0.5740
vn -0.2085 0.8148 -0.5409
vn -0.4074 0.7747 -0.4836
vn -0.2085 0.8148 -0.5409
vn -0.4074 0.7747 -0.4836
vn -0.2085 0.8148 -0.5409
vn -0.4075 0.7747 -0.4836
vn 0.7067 0.5797 -0.4057
vn 0.7879 0.2455 -0.5648
vn 0.7068 0.5797 -0.4055
vn 0.7880 0.2457 -0.5646
vn 0.7879 0.2455 -0.5648
vn 0.7067 0.5797 -0.4057
vn 0.7880 0.2457 -0.5646
vn 0.7562 -0.1225 -0.6428
vn 0.7879 0.2455 -0.5648
vn 0.7562 -0.1225 -0.6428
vn 0.7880 0.2457 -0.5646
vn 0.7564 -0.1217 -0.6427
vn 0.0910 0.2899 -0.9527
vn -0.1028 0.3686 -0.9239
vn 0.0909 0.2902 -0.9526
vn -0.1028 0.3685 -0.9239
vn -0.1028 0.3686 -0.9239
vn 0.0910 0.2899 -0.9527
vn -0.1028 0.3685 -0.9239
vn -0.2924 0.4312 -0.8536
vn -0.1028 0.3686 -0.9239
vn -0.2924 0.4312 -0.8536
vn -0.1028 0.3685 -0.9239
vn -0.2924 0.4313 -0.8535
vn 0.7396 -0.0050 -0.6731
vn 0.7092 -0.3742 -0.5975
vn 0.7396 -0.0050 -0.6730
vn 0.7089 -0.3746 -0.5976
vn 0.7092 -0.3742 -0.5975
vn 0.7396 -0.0050 -0.6731
vn 0.7089 -0.3746 -0.5976
vn 0.5756 -0.6912 -0.4369
vn 0.7092 -0.3742 -0.5975
vn 0.5756 -0.6912 -0.4369
vn 0.7089 -0.3746 -0.5976
vn 0.5758 -0.6910 -0.4370
vn 0.4980 -0.1125 -0.8598
vn 0.1165 -0.2064 -0.9715
vn 0.1165 -0.2065 -0.9715
vn 0.4980 -0.1125 -0.8598
vn 0.4980 -0.1125 -0.8598
vn 0.1165 -0.2064 -0.9715
vn 0.4980 -0.1125 -0.8598
vn 0.7974 0.0010 -0.6035
vn 0.4980 -0.1125 -0.8598
vn 0.4980 -0.1125 -0.8598
vn 0.7974 0.0010 -0.6035
vn 0.7974 0.0010 -0.6035
vn 0.4979 -0.1124 -0.8599
vn 0.1164 -0.2064 -0.9715
vn 0.1163 -0.2064 -0.9715
vn 0.4979 -0.1124 -0.8599
vn 0.4979 -0.1125 -0.8599
vn 0.1164 -0.2064 -0.9715
vn 0.4979 -0.1124 -0.8599
vn 0.7973 0.0008 -0.6036
vn 0.4979 -0.1125 -0.8599
vn 0.4979 -0.1124 -0.8599
vn 0.7973 0.0010 -0.6036
vn 0.7973 0.0008 -0.6036
vn 0.4981 0.6390 -0.5861
vn 0.1163 0.6774 -0.7263
vn 0.1163 0.6773 -0.7264
vn 0.4981 0.6390 -0.5861
vn 0.4981 0.6390 -0.5861
vn 0.1163 0.6774 -0.7263
vn 0.4981 0.6390 -0.5861
vn 0.7973 0.4939 -0.3470
vn 0.4981 0.6390 -0.5861
vn 0.4981 0.6390 -0.5861
vn 0.7972 0.4939 -0.3472
vn 0.7973 0.4939 -0.3470
vn 0.5213 -0.0010 -0.8534
vn 0.1396 0.0595 -0.9884
vn 0.1396 0.0597 -0.9884
vn 0.5213 -0.0010 -0.8534
vn 0.5211 -0.0008 -0.8535
vn 0.1396 0.0595 -0.9884
vn 0.5213 -0.0010 -0.8534
vn 0.8155 -0.0618 -0.5755
vn 0.5211 -0.0008 -0.8535
vn 0.5213 -0.0010 -0.8534
vn 0.8156 -0.0615 -0.5754
vn 0.8155 -0.0618 -0.5755
vn 0.1145 -0.1574 -0.9809
vn 0.0010 -0.0008 -1.0000
vn 0.1849 -0.0597 -0.9809
vn 0.4315 -0.1398 -0.8912
vn 0.1145 -0.1574 -0.9809
vn 0.1849 -0.0597 -0.9809
vn 0.2670 -0.3670 -0.8911
vn 0.1145 -0.1574 -0.9809
vn 0.4315 -0.1398 -0.8912
vn 0.6713 -0.2178 -0.7085
vn 0.2670 -0.3670 -0.8911
vn 0.4315 -0.1398 -0.8912
vn 0.4149 -0.5713 -0.7081
vn 0.2670 -0.3670 -0.8911
vn 0.6713 -0.2178 -0.7085
vn 0.8474 -0.2747 -0.4544
vn 0.4149 -0.5713 -0.7081
vn 0.6713 -0.2178 -0.7085
vn 0.5233 -0.7207 -0.4547
vn 0.4149 -0.5713 -0.7081
vn 0.8474 -0.2747 -0.4544
vn 0.9390 -0.3059 -0.1573
vn 0.5233 -0.7207 -0.4547
vn 0.8474 -0.2747 -0.4544
vn 0.5801 -0.7992 -0.1574
vn 0.5233 -0.7207 -0.4547
vn 0.9390 -0.3059 -0.1573
vn 0.9390 -0.3059 0.1573
vn 0.5801 -0.7992 -0.1574
vn 0.9390 -0.3059 -0.1573
vn 0.5801 -0.7992 0.1574
vn 0.5801 -0.7992 -0.1574
vn 0.9390 -0.3059 0.1573
vn 0.8474 -0.2747 0.4544
vn 0.5801 -0.7992 0.1574
vn 0.9390 -0.3059 0.1573
vn 0.5233 -0.7207 0.4547
vn 0.5801 -0.7992 0.1574
vn 0.8474 -0.2747 0.4544
vn 0.6713 -0.2180 0.7084
vn 0.5233 -0.7207 0.4547
vn 0.8474 -0.2747 0.4544
vn 0.4150 -0.5713 0.7081
vn 0.5233 -0.7207 0.4547
vn 0.6713 -0.2180 0.7084
vn 0.4314 -0.1400 0.8912
vn 0.4150 -0.5713 0.7081
vn 0.6713 -0.2180 0.7084
vn 0.2670 -0.3668 0.8912
vn 0.4150 -0.5713 0.7081
vn 0.4314 -0.1400 0.8912
vn 0.1849 -0.0595 0.9810
vn 0.2670 -0.3668 0.8912
vn 0.4314 -0.1400 0.8912
vn 0.1145 -0.1575 0.9808
vn 0.2670 -0.3668 0.8912
vn 0.1849 -0.0595 0.9810
vn 0.0010 0.0010 1.0000
vn 0.1145 -0.1575 0.9808
vn 0.1849 -0.0595 0.9810
vn 0.0010 -0.1947 0.9809
vn 0.1145 -0.1575 0.9808
vn 0.0010 0.0010 1.0000
vn 0.0010 -0.4532 0.8914
vn 0.1145 -0.1575 0.9808
vn 0.0010 -0.1947 0.9809
vn 0.0010 -0.4532 0.8914
vn 0.2670 -0.3668 0.8912
vn 0.1145 -0.1575 0.9808
vn 0.0010 -0.7061 0.7081
vn 0.2670 -0.3668 0.8912
vn 0.0010 -0.4532 0.8914
vn 0.0010 -0.7061 0.7081
vn 0.4150 -0.5713 0.7081
vn 0.2670 -0.3668 0.8912
vn 0.0010 -0.8907 0.4546
vn 0.4150 -0.5713 0.7081
vn 0.0010 -0.7061 0.7081
vn 0.0010 -0.8907 0.4546
vn 0.5233 -0.7207 0.4547
vn 0.4150 -0.5713 0.7081
vn 0.0010 -0.9876 0.1572
vn 0.5233 -0.7207 0.4547
vn 0.0010 -0.8907 0.4546
vn 0.0010 -0.9876 0.1572
vn 0.5801 -0.7992 0.1574
vn 0.5233 -0.7207 0.4547
vn 0.0010 -0.9876 -0.1572
vn 0.5801 -0.7992 0.1574
vn 0.0010 -0.9876 0.1572
vn 0.0010 -0.9876 -0.1572
vn 0.5801 -0.7992 -0.1574
vn 0.5801 -0.7992 0.1574
vn 0.0010 -0.8907 -0.4546
vn 0.5801 -0.7992 -0.1574
vn 0.0010 -0.9876 -0.1572
vn 0.0010 -0.8907 -0.4546
vn 0.5233 -0.7207 -0.4547
vn 0.5801 -0.7992 -0.1574
vn 0.0010 -0.7061 -0.7081
vn 0.5233 -0.7207 -0.4547
vn 0.0010 -0.8907 -0.4546
vn 0.0010 -0.7061 -0.7081
vn 0.4149 -0.5713 -0.7081
vn 0.5233 -0.7207 -0.4547
vn 0.0010 -0.4532 -0.8914
vn 0.4149 -0.5713 -0.7081
vn 0.0010 -0.7061 -0.7081
vn 0.0010 -0.4532 -0.8914
vn 0.2670 -0.3670 -0.8911
vn 0.4149 -0.5713 -0.7081
vn 0.0010 -0.1947 -0.9809
vn 0.2670 -0.3670 -0.8911
vn 0.0010 -0.4532 -0.8914
vn 0.0010 -0.1947 -0.9809
vn 0.1145 -0.1574 -0.9809
vn 0.2670 -0.3670 -0.8911
vn 0.0010 -0.1947 -0.9809
vn 0.0010 -0.0008 -1.0000
vn 0.1145 -0.1574 -0.9809
vn -0.1145 -0.1574 -0.9809
vn 0.0010 -0.0008 -1.0000
vn 0.0010 -0.1947 -0.9809
vn 0.0010 -0.4532 -0.8914
vn -0.1145 -0.1574 -0.9809
vn 0.0010 -0.1947 -0.9809
vn -0.2670 -0.3670 -0.8911
vn -0.1145 -0.1574 -0.9809
vn 0.0010 -0.4532 -0.8914
vn 0.0010 -0.7061 -0.7081
vn -0.2670 -0.3670 -0.8911
vn 0.0010 -0.4532 -0.8914
vn -0.4149 -0.5713 -0.7081
vn -0.2670 -0.3670 -0.8911
vn 0.0010 -0.7061 -0.7081
vn 0.0010 -0.8907 -0.4546
vn -0.4149 -0.5713 -0.7081
vn 0.0010 -0.7061 -0.7081
vn -0.5232 -0.7208 -0.4547
vn -0.4149 -0.5713 -0.7081
vn 0.0010 -0.8907 -0.4546
vn 0.0010 -0.9876 -0.1572
vn -0.5232 -0.7208 -0.4547
vn 0.0010 -0.8907 -0.4546
vn -0.5801 -0.7992 -0.1574
vn -0.5232 -0.7208 -0.4547
vn 0.0010 -0.9876 -0.1572
vn 0.0010 -0.9876 0.1572
vn -0.5801 -0.7992 -0.1574
vn 0.0010 -0.9876 -0.1572
vn -0.5801 -0.7992 0.1574
vn -0.5801 -0.7992 -0.1574
vn 0.0010 -0.9876 0.1572
vn 0.0010 -0.8907 0.4546
vn -0.5801 -0.7992 0.1574
vn 0.0010 -0.9876 0.1572
vn -0.5232 -0.7208 0.4547
vn -0.5801 -0.7992 0.1574
vn 0.0010 -0.8907 0.4546
vn 0.0010 -0.7061 0.7081
vn -0.5232 -0.7208 0.4547
vn 0.0010 -0.8907 0.4546
vn -0.4150 -0.5713 0.7081
vn -0.5232 -0.7208 0.4547
vn 0.0010 -0.7061 0.7081
vn 0.0010 -0.4532 0.8914
vn -0.4150 -0.5713 0.7081
vn 0.0010 -0.7061 0.7081
vn -0.2670 -0.3668 0.8912
vn -0.4150 -0.5713 0.7081
vn 0.0010 -0.4532 0.8914
vn 0.0010 -0.1947 0.9809
vn -0.2670 -0.3668 0.8912
vn 0.0010 -0.4532 0.8914
vn -0.1145 -0.1575 0.9808
vn -0.2670 -0.3668 0.8912
vn 0.0010 -0.1947 0.9809
vn 0.0010 0.0010 1.0000
vn -0.1145 -0.1575 0.9808
vn 0.0010 -0.1947 0.9809
vn -0.1849 -0.0595 0.9810
vn -0.1145 -0.1575 0.9808
vn 0.0010 0.0010 1.0000
vn -0.4314 -0.1400 0.8912
vn -0.1145 -0.1575 0.9808
vn -0.1849 -0.0595 0.9810
vn -0.4314 -0.1400 0.8912
vn -0.2670 -0.3668 0.8912
vn -0.1145 -0.1575 0.9808
vn -0.6713 -0.2180 0.7084
vn -0.2670 -0.3668 0.8912
vn -0.4314 -0.1400 0.8912
vn -0.6713 -0.2180 0.7084
vn -0.4150 -0.5713 0.7081
vn -0.2670 -0.3668 0.8912
vn -0.8473 -0.2747 0.4545
vn -0.4150 -0.5713 0.7081
vn -0.6713 -0.2180 0.7084
vn -0.8473 -0.2747 0.4545
vn -0.5232 -0.7208 0.4547
vn -0.4150 -0.5713 0.7081
vn -0.9390 -0.3059 0.1573
vn -0.5232 -0.7208 0.4547
vn -0.8473 -0.2747 0.4545
vn -0.9390 -0.3059 0.1573
vn -0.5801 -0.7992 0.1574
vn -0.5232 -0.7208 0.4547
vn -0.9390 -0.3059 -0.1573
vn -0.5801 -0.7992 0.1574
vn -0.9390 -0.3059 0.1573
vn -0.9390 -0.3059 -0.1573
vn -0.5801 -0.7992 -0.1574
vn -0.5801 -0.7992 0.1574
vn -0.8473 -0.2747 -0.4545
vn -0.5801 -0.7992 -0.1574
vn -0.9390 -0.3059 -0.1573
vn -0.8473 -0.2747 -0.4545
vn -0.5232 -0.7208 -0.4547
vn -0.5801 -0.7992 -0.1574
vn -0.6713 -0.2178 -0.7085
vn -0.5232 -0.7208 -0.4547
vn -0.8473 -0.2747 -0.4545
vn -0.6713 -0.2178 -0.7085
vn -0.4149 -0.5713 -0.7081
vn -0.5232 -0.7208 -0.4547
vn -0.4315 -0.1398 -0.8912
vn -0.4149 -0.5713 -0.7081
vn -0.6713 -0.2178 -0.7085
vn -0.4315 -0.1398 -0.8912
vn -0.2670 -0.3670 -0.8911
vn -0.4149 -0.5713 -0.7081
vn -0.1849 -0.0597 -0.9809
vn -0.2670 -0.3670 -0.8911
vn -0.4315 -0.1398 -0.8912
vn -0.1849 -0.0597 -0.9809
vn -0.1145 -0.1574 -0.9809
vn -0.2670 -0.3670 -0.8911
vn -0.1849 -0.0597 -0.9809
vn 0.0010 -0.0008 -1.0000
vn -0.1145 -0.1574 -0.9809
vn 0.1144 -0.1574 -0.9809
vn 0.0010 0.0010 -1.0000
vn 0.1848 -0.0597 -0.9810
vn 0.4315 -0.1398 -0.8912
vn 0.1144 -0.1574 -0.9809
vn 0.1848 -0.0597 -0.9810
vn 0.2671 -0.3670 -0.8911
vn 0.1144 -0.1574 -0.9809
vn 0.4315 -0.1398 -0.8912
vn 0.6713 -0.2180 -0.7084
vn 0.2671 -0.3670 -0.8911
vn 0.4315 -0.1398 -0.8912
vn 0.4150 -0.5713 -0.7081
vn 0.2671 -0.3670 -0.8911
vn 0.6713 -0.2180 -0.7084
vn 0.8474 -0.2747 -0.4544
vn 0.4150 -0.5713 -0.7081
vn 0.6713 -0.2180 -0.7084
vn 0.5232 -0.7208 -0.4547
vn 0.4150 -0.5713 -0.7081
vn 0.8474 -0.2747 -0.4544
vn 0.9390 -0.3059 -0.1573
vn 0.5232 -0.7208 -0.4547
vn 0.8474 -0.2747 -0.4544
vn 0.5801 -0.7992 -0.1575
vn 0.5232 -0.7208 -0.4547
vn 0.9390 -0.3059 -0.1573
vn 0.9390 -0.3057 0.1573
vn 0.5801 -0.7992 -0.1575
vn 0.9390 -0.3059 -0.1573
vn 0.5801 -0.7992 0.1574
vn 0.5801 -0.7992 -0.1575
vn 0.9390 -0.3057 0.1573
vn 0.8474 -0.2745 0.4544
vn 0.5801 -0.7992 0.1574
vn 0.9390 -0.3057 0.1573
vn 0.5232 -0.7208 0.4547
vn 0.5801 -0.7992 0.1574
vn 0.8474 -0.2745 0.4544
vn 0.6713 -0.2180 0.7084
vn 0.5232 -0.7208 0.4547
vn 0.8474 -0.2745 0.4544
vn 0.4151 -0.5713 0.7081
vn 0.5232 -0.7208 0.4547
vn 0.6713 -0.2180 0.7084
vn 0.4314 -0.1400 0.8912
vn 0.4151 -0.5713 0.7081
vn 0.6713 -0.2180 0.7084
vn 0.2670 -0.3670 0.8911
vn 0.4151 -0.5713 0.7081
vn 0.4314 -0.1400 0.8912
vn 0.1849 -0.0597 0.9809
vn 0.2670 -0.3670 0.8911
vn 0.4314 -0.1400 0.8912
vn 0.1145 -0.1575 0.9809
vn 0.2670 -0.3670 0.8911
vn 0.1849 -0.0597 0.9809
vn 0.0010 0.0011 1.0000
vn 0.1145 -0.1575 0.9809
vn 0.1849 -0.0597 0.9809
vn 0.0010 -0.1947 0.9809
vn 0.1145 -0.1575 0.9809
vn 0.0010 0.0011 1.0000
vn 0.0010 -0.4530 0.8915
vn 0.1145 -0.1575 0.9809
vn 0.0010 -0.1947 0.9809
vn 0.0010 -0.4530 0.8915
vn 0.2670 -0.3670 0.8911
vn 0.1145 -0.1575 0.9809
vn 0.0010 -0.7061 0.7081
vn 0.2670 -0.3670 0.8911
vn 0.0010 -0.4530 0.8915
vn 0.0010 -0.7061 0.7081
vn 0.4151 -0.5713 0.7081
vn 0.2670 -0.3670 0.8911
vn 0.0010 -0.8907 0.4547
vn 0.4151 -0.5713 0.7081
vn 0.0010 -0.7061 0.7081
vn 0.0010 -0.8907 0.4547
vn 0.5232 -0.7208 0.4547
vn 0.4151 -0.5713 0.7081
vn 0.0010 -0.9876 0.1572
vn 0.5232 -0.7208 0.4547
vn 0.0010 -0.8907 0.4547
vn 0.0010 -0.9876 0.1572
vn 0.5801 -0.7992 0.1574
vn 0.5232 -0.7208 0.4547
vn 0.0010 -0.9876 -0.1573
vn 0.5801 -0.7992 0.1574
vn 0.0010 -0.9876 0.1572
vn 0.0010 -0.9876 -0.1573
vn 0.5801 -0.7992 -0.1575
vn 0.5801 -0.7992 0.1574
vn 0.0010 -0.8907 -0.4546
vn 0.5801 -0.7992 -0.1575
vn 0.0010 -0.9876 -0.1573
vn 0.0010 -0.8907 -0.4546
vn 0.5232 -0.7208 -0.4547
vn 0.5801 -0.7992 -0.1575
vn 0.0010 -0.7061 -0.7081
vn 0.5232 -0.7208 -0.4547
vn 0.0010 -0.8907 -0.4546
vn 0.0010 -0.7061 -0.7081
vn 0.4150 -0.5713 -0.7081
vn 0.5232 -0.7208 -0.4547
vn 0.0010 -0.4530 -0.8915
vn 0.4150 -0.5713 -0.7081
vn 0.0010 -0.7061 -0.7081
vn 0.0010 -0.4530 -0.8915
vn 0.2671 -0.3670 -0.8911
vn 0.4150 -0.5713 -0.7081
vn 0.0010 -0.1947 -0.9809
vn 0.2671 -0.3670 -0.8911
vn 0.0010 -0.4530 -0.8915
vn 0.0010 -0.1947 -0.9809
vn 0.1144 -0.1574 -0.9809
vn 0.2671 -0.3670 -0.8911
vn 0.0010 -0.1947 -0.9809
vn 0.0010 0.0010 -1.0000
vn 0.1144 -0.1574 -0.9809
vn -0.1144 -0.1574 -0.9809
vn 0.0010 0.0010 -1.0000
vn 0.0010 -0.1947 -0.9809
vn 0.0010 -0.4530 -0.8915
vn -0.1144 -0.1574 -0.9809
vn 0.0010 -0.1947 -0.9809
vn -0.2670 -0.3670 -0.8911
vn -0.1144 -0.1574 -0.9809
vn 0.0010 -0.4530 -0.8915
vn 0.0010 -0.7061 -0.7081
vn -0.2670 -0.3670 -0.8911
vn 0.0010 -0.4530 -0.8915
vn -0.4151 -0.5713 -0.7081
vn -0.2670 -0.3670 -0.8911
vn 0.0010 -0.7061 -0.7081
vn 0.0010 -0.8907 -0.4546
vn -0.4151 -0.5713 -0.7081
vn 0.0010 -0.7061 -0.7081
vn -0.5232 -0.7208 -0.4547
vn -0.4151 -0.5713 -0.7081
vn 0.0010 -0.8907 -0.4546
vn 0.0010 -0.9876 -0.1573
vn -0.5232 -0.7208 -0.4547
vn 0.0010 -0.8907 -0.4546
vn -0.5801 -0.7992 -0.1575
vn -0.5232 -0.7208 -0.4547
vn 0.0010 -0.9876 -0.1573
vn 0.0010 -0.9876 0.1572
vn -0.5801 -0.7992 -0.1575
vn 0.0010 -0.9876 -0.1573
vn -0.5801 -0.7992 0.1574
vn -0.5801 -0.7992 -0.1575
vn 0.0010 -0.9876 0.1572
vn 0.0010 -0.8907 0.4547
vn -0.5801 -0.7992 0.1574
vn 0.0010 -0.9876 0.1572
vn -0.5232 -0.7208 0.4547
vn -0.5801 -0.7992 0.1574
vn 0.0010 -0.8907 0.4547
vn 0.0010 -0.7061 0.7081
vn -0.5232 -0.7208 0.4547
vn 0.0010 -0.8907 0.4547
vn -0.4151 -0.5713 0.7080
vn -0.5232 -0.7208 0.4547
vn 0.0010 -0.7061 0.7081
vn 0.0010 -0.4530 0.8915
vn -0.4151 -0.5713 0.7080
vn 0.0010 -0.7061 0.7081
vn -0.2670 -0.3670 0.8911
vn -0.4151 -0.5713 0.7080
vn 0.0010 -0.4530 0.8915
vn 0.0010 -0.1947 0.9809
vn -0.2670 -0.3670 0.8911
vn 0.0010 -0.4530 0.8915
vn -0.1145 -0.1575 0.9809
vn -0.2670 -0.3670 0.8911
vn 0.0010 -0.1947 0.9809
vn 0.0010 0.0011 1.0000
vn -0.1145 -0.1575 0.9809
vn 0.0010 -0.1947 0.9809
vn -0.1849 -0.0597 0.9809
vn -0.1145 -0.1575 0.9809
vn 0.0010 0.0011 1.0000
vn -0.4314 -0.1400 0.8912
vn -0.1145 -0.1575 0.9809
vn -0.1849 -0.0597 0.9809
vn -0.4314 -0.1400 0.8912
vn -0.2670 -0.3670 0.8911
vn -0.1145 -0.1575 0.9809
vn -0.6713 -0.2180 0.7084
vn -0.2670 -0.3670 0.8911
vn -0.4314 -0.1400 0.8912
vn -0.6713 -0.2180 0.7084
vn -0.4151 -0.5713 0.7080
vn -0.2670 -0.3670 0.8911
vn -0.8474 -0.2745 0.4544
vn -0.4151 -0.5713 0.7080
vn -0.6713 -0.2180 0.7084
vn -0.8474 -0.2745 0.4544
vn -0.5232 -0.7208 0.4547
vn -0.4151 -0.5713 0.7080
vn -0.9390 -0.3057 0.1573
vn -0.5232 -0.7208 0.4547
vn -0.8474 -0.2745 0.4544
vn -0.9390 -0.3057 0.1573
vn -0.5801 -0.7992 0.1574
vn -0.5232 -0.7208 0.4547
vn -0.9390 -0.3059 -0.1573
vn -0.5801 -0.7992 0.1574
vn -0.9390 -0.3057 0.1573
vn -0.9390 -0.3059 -0.1573
vn -0.5801 -0.7992 -0.1575
vn -0.5801 -0.7992 0.1574
vn -0.8474 -0.2747 -0.4545
vn -0.5801 -0.7992 -0.1575
vn -0.9390 -0.3059 -0.1573
vn -0.8474 -0.2747 -0.4545
vn -0.5232 -0.7208 -0.4547
vn -0.5801 -0.7992 -0.1575
vn -0.6713 -0.2180 -0.7084
vn -0.5232 -0.7208 -0.4547
vn -0.8474 -0.2747 -0.4545
vn -0.6713 -0.2180 -0.7084
vn -0.4151 -0.5713 -0.7081
vn -0.5232 -0.7208 -0.4547
vn -0.4314 -0.1398 -0.8912
vn -0.4151 -0.5713 -0.7081
vn -0.6713 -0.2180 -0.7084
vn -0.4314 -0.1398 -0.8912
vn -0.2670 -0.3670 -0.8911
vn -0.4151 -0.5713 -0.7081
vn -0.1848 -0.0597 -0.9810
vn -0.2670 -0.3670 -0.8911
vn -0.4314 -0.1398 -0.8912
vn -0.1848 -0.0597 -0.9810
vn -0.1144 -0.1574 -0.9809
vn -0.2670 -0.3670 -0.8911
vn -0.1848 -0.0597 -0.9810
vn 0.0010 0.0010 -1.0000
vn -0.1144 -0.1574 -0.9809
vn 0.1146 0.7130 -0.6917
vn 0.0010 0.8189 -0.5739
vn 0.1846 0.7687 -0.6124
vn 0.4310 0.6497 -0.6262
vn 0.1146 0.7130 -0.6917
vn 0.1846 0.7687 -0.6124
vn 0.2668 0.5190 -0.8121
vn 0.1146 0.7130 -0.6917
vn 0.4310 0.6497 -0.6262
vn 0.6714 0.4545 -0.5854
vn 0.2668 0.5190 -0.8121
vn 0.4310 0.6497 -0.6262
vn 0.4152 0.2510 -0.8744
vn 0.2668 0.5190 -0.8121
vn 0.6714 0.4545 -0.5854
vn 0.8474 0.2142 -0.4859
vn 0.4152 0.2510 -0.8744
vn 0.6714 0.4545 -0.5854
vn 0.5229 -0.0420 -0.8514
vn 0.4152 0.2510 -0.8744
vn 0.8474 0.2142 -0.4859
vn 0.9395 -0.0462 -0.3393
vn 0.5229 -0.0420 -0.8514
vn 0.8474 0.2142 -0.4859
vn 0.5802 -0.3298 -0.7447
vn 0.5229 -0.0420 -0.8514
vn 0.9395 -0.0462 -0.3393
vn 0.9393 -0.3039 -0.1592
vn 0.5802 -0.3298 -0.7447
vn 0.9395 -0.0462 -0.3393
vn 0.5799 -0.5877 -0.5642
vn 0.5802 -0.3298 -0.7447
vn 0.9393 -0.3039 -0.1592
vn 0.8469 -0.5305 0.0362
vn 0.5799 -0.5877 -0.5642
vn 0.9393 -0.3039 -0.1592
vn 0.5226 -0.7865 -0.3292
vn 0.5799 -0.5877 -0.5642
vn 0.8469 -0.5305 0.0362
vn 0.6717 -0.7050 0.2277
vn 0.5226 -0.7865 -0.3292
vn 0.8469 -0.5305 0.0362
vn 0.4152 -0.9077 -0.0617
vn 0.5226 -0.7865 -0.3292
vn 0.6717 -0.7050 0.2277
vn 0.4310 -0.8100 0.3977
vn 0.4152 -0.9077 -0.0617
vn 0.6717 -0.7050 0.2277
vn 0.2665 -0.9403 0.2117
vn 0.4152 -0.9077 -0.0617
vn 0.4310 -0.8100 0.3977
vn 0.1848 -0.8380 0.5135
vn 0.2665 -0.9403 0.2117
vn 0.4310 -0.8100 0.3977
vn 0.1144 -0.8942 0.4328
vn 0.2665 -0.9403 0.2117
vn 0.1848 -0.8380 0.5135
vn 0.0010 -0.8188 0.5741
vn 0.1144 -0.8942 0.4328
vn 0.1848 -0.8380 0.5135
vn 0.0010 -0.9150 0.4034
vn 0.1144 -0.8942 0.4328
vn 0.0010 -0.8188 0.5741
vn 0.0010 -0.9902 0.1398
vn 0.1144 -0.8942 0.4328
vn 0.0010 -0.9150 0.4034
vn 0.0010 -0.9902 0.1398
vn 0.2665 -0.9403 0.2117
vn 0.1144 -0.8942 0.4328
vn 0.0010 -0.9853 -0.1711
vn 0.2665 -0.9403 0.2117
vn 0.0010 -0.9902 0.1398
vn 0.0010 -0.9853 -0.1711
vn 0.4152 -0.9077 -0.0617
vn 0.2665 -0.9403 0.2117
vn 0.0010 -0.8834 -0.4686
vn 0.4152 -0.9077 -0.0617
vn 0.0010 -0.9853 -0.1711
vn 0.0010 -0.8834 -0.4686
vn 0.5226 -0.7865 -0.3292
vn 0.4152 -0.9077 -0.0617
vn 0.0010 -0.6953 -0.7187
vn 0.5226 -0.7865 -0.3292
vn 0.0010 -0.8834 -0.4686
vn 0.0010 -0.6953 -0.7187
vn 0.5799 -0.5877 -0.5642
vn 0.5226 -0.7865 -0.3292
vn 0.0010 -0.4390 -0.8985
vn 0.5799 -0.5877 -0.5642
vn 0.0010 -0.6953 -0.7187
vn 0.0010 -0.4390 -0.8985
vn 0.5802 -0.3298 -0.7447
vn 0.5799 -0.5877 -0.5642
vn 0.0010 -0.1378 -0.9905
vn 0.5802 -0.3298 -0.7447
vn 0.0010 -0.4390 -0.8985
vn 0.0010 -0.1378 -0.9905
vn 0.5229 -0.0420 -0.8514
vn 0.5802 -0.3298 -0.7447
vn 0.0010 0.1751 -0.9846
vn 0.5229 -0.0420 -0.8514
vn 0.0010 -0.1378 -0.9905
vn 0.0010 0.1751 -0.9846
vn 0.4152 0.2510 -0.8744
vn 0.5229 -0.0420 -0.8514
vn 0.0010 0.4701 -0.8826
vn 0.4152 0.2510 -0.8744
vn 0.0010 0.1751 -0.9846
vn 0.0010 0.4701 -0.8826
vn 0.2668 0.5190 -0.8121
vn 0.4152 0.2510 -0.8744
vn 0.0010 0.6913 -0.7225
vn 0.2668 0.5190 -0.8121
vn 0.0010 0.4701 -0.8826
vn 0.0010 0.6913 -0.7225
vn 0.1146 0.7130 -0.6917
vn 0.2668 0.5190 -0.8121
vn 0.0010 0.6913 -0.7225
vn 0.0010 0.8189 -0.5739
vn 0.1146 0.7130 -0.6917
vn -0.1146 0.7130 -0.6917
vn 0.0010 0.8189 -0.5739
vn 0.0010 0.6913 -0.7225
vn 0.0010 0.4701 -0.8826
vn -0.1146 0.7130 -0.6917
vn 0.0010 0.6913 -0.7225
vn -0.2665 0.5190 -0.8122
vn -0.1146 0.7130 -0.6917
vn 0.0010 0.4701 -0.8826
vn 0.0010 0.1751 -0.9846
vn -0.2665 0.5190 -0.8122
vn 0.0010 0.4701 -0.8826
vn -0.4152 0.2510 -0.8744
vn -0.2665 0.5190 -0.8122
vn 0.0010 0.1751 -0.9846
vn 0.0010 -0.1378 -0.9905
vn -0.4152 0.2510 -0.8744
vn 0.0010 0.1751 -0.9846
vn -0.5230 -0.0420 -0.8513
vn -0.4152 0.2510 -0.8744
vn 0.0010 -0.1378 -0.9905
vn 0.0010 -0.4390 -0.8985
vn -0.5230 -0.0420 -0.8513
vn 0.0010 -0.1378 -0.9905
vn -0.5804 -0.3298 -0.7446
vn -0.5230 -0.0420 -0.8513
vn 0.0010 -0.4390 -0.8985
vn 0.0010 -0.6953 -0.7187
vn -0.5804 -0.3298 -0.7446
vn 0.0010 -0.4390 -0.8985
vn -0.5800 -0.5877 -0.5641
vn -0.5804 -0.3298 -0.7446
vn 0.0010 -0.6953 -0.7187
vn 0.0010 -0.8834 -0.4686
vn -0.5800 -0.5877 -0.5641
vn 0.0010 -0.6953 -0.7187
vn -0.5228 -0.7864 -0.3291
vn -0.5800 -0.5877 -0.5641
vn 0.0010 -0.8834 -0.4686
vn 0.0010 -0.9853 -0.1711
vn -0.5228 -0.7864 -0.3291
vn 0.0010 -0.8834 -0.4686
vn -0.4152 -0.9076 -0.0617
vn -0.5228 -0.7864 -0.3291
vn 0.0010 -0.9853 -0.1711
vn 0.0010 -0.9902 0.1398
vn -0.4152 -0.9076 -0.0617
vn 0.0010 -0.9853 -0.1711
vn -0.2662 -0.9403 0.2118
vn -0.4152 -0.9076 -0.0617
vn 0.0010 -0.9902 0.1398
vn 0.0010 -0.9150 0.4034
vn -0.2662 -0.9403 0.2118
vn 0.0010 -0.9902 0.1398
vn -0.1144 -0.8942 0.4328
vn -0.2662 -0.9403 0.2118
vn 0.0010 -0.9150 0.4034
vn 0.0010 -0.8188 0.5741
vn -0.1144 -0.8942 0.4328
vn 0.0010 -0.9150 0.4034
vn -0.1848 -0.8380 0.5135
vn -0.1144 -0.8942 0.4328
vn 0.0010 -0.8188 0.5741
vn -0.4309 -0.8100 0.3978
vn -0.1144 -0.8942 0.4328
vn -0.1848 -0.8380 0.5135
vn -0.4309 -0.8100 0.3978
vn -0.2662 -0.9403 0.2118
vn -0.1144 -0.8942 0.4328
vn -0.6718 -0.7049 0.2277
vn -0.2662 -0.9403 0.2118
vn -0.4309 -0.8100 0.3978
vn -0.6718 -0.7049 0.2277
vn -0.4152 -0.9076 -0.0617
vn -0.2662 -0.9403 0.2118
vn -0.8470 -0.5303 0.0362
vn -0.4152 -0.9076 -0.0617
vn -0.6718 -0.7049 0.2277
vn -0.8470 -0.5303 0.0362
vn -0.5228 -0.7864 -0.3291
vn -0.4152 -0.9076 -0.0617
vn -0.9393 -0.3038 -0.1592
vn -0.5228 -0.7864 -0.3291
vn -0.8470 -0.5303 0.0362
vn -0.9393 -0.3038 -0.1592
vn -0.5800 -0.5877 -0.5641
vn -0.5228 -0.7864 -0.3291
vn -0.9396 -0.0462 -0.3392
vn -0.5800 -0.5877 -0.5641
vn -0.9393 -0.3038 -0.1592
vn -0.9396 -0.0462 -0.3392
vn -0.5804 -0.3298 -0.7446
vn -0.5800 -0.5877 -0.5641
vn -0.8475 0.2142 -0.4857
vn -0.5804 -0.3298 -0.7446
vn -0.9396 -0.0462 -0.3392
vn -0.8475 0.2142 -0.4857
vn -0.5230 -0.0420 -0.8513
vn -0.5804 -0.3298 -0.7446
vn -0.6715 0.4543 -0.5853
vn -0.5230 -0.0420 -0.8513
vn -0.8475 0.2142 -0.4857
vn -0.6715 0.4543 -0.5853
vn -0.4152 0.2510 -0.8744
vn -0.5230 -0.0420 -0.8513
vn -0.4309 0.6497 -0.6262
vn -0.4152 0.2510 -0.8744
vn -0.6715 0.4543 -0.5853
vn -0.4309 0.6497 -0.6262
vn -0.2665 0.5190 -0.8122
vn -0.4152 0.2510 -0.8744
vn -0.1846 0.7687 -0.6124
vn -0.2665 0.5190 -0.8122
vn -0.4309 0.6497 -0.6262
vn -0.1846 0.7687 -0.6124
vn -0.1146 0.7130 -0.6917
vn -0.2665 0.5190 -0.8122
vn -0.1846 0.7687 -0.6124
vn 0.0010 0.8189 -0.5739
vn -0.1146 0.7130 -0.6917
vn 0.1535 0.1064 -0.9824
vn 0.0910 0.2901 -0.9527
vn 0.2490 0.1747 -0.9526
vn 0.4523 0.0031 -0.8919
vn 0.1535 0.1064 -0.9824
vn 0.2490 0.1747 -0.9526
vn 0.2315 -0.1533 -0.9607
vn 0.1535 0.1064 -0.9824
vn 0.4523 0.0031 -0.8919
vn 0.6443 -0.1925 -0.7402
vn 0.2315 -0.1533 -0.9607
vn 0.4523 0.0031 -0.8919
vn 0.2985 -0.4374 -0.8483
vn 0.2315 -0.1533 -0.9607
vn 0.6443 -0.1925 -0.7402
vn 0.7714 -0.3708 -0.5171
vn 0.2985 -0.4374 -0.8483
vn 0.6443 -0.1925 -0.7402
vn 0.3354 -0.6798 -0.6522
vn 0.2985 -0.4374 -0.8483
vn 0.7714 -0.3708 -0.5171
vn 0.8246 -0.5116 -0.2416
vn 0.3354 -0.6798 -0.6522
vn 0.7714 -0.3708 -0.5171
vn 0.3416 -0.8541 -0.3923
vn 0.3354 -0.6798 -0.6522
vn 0.8246 -0.5116 -0.2416
vn 0.7954 -0.6035 0.0557
vn 0.3416 -0.8541 -0.3923
vn 0.8246 -0.5116 -0.2416
vn 0.3136 -0.9450 -0.0929
vn 0.3416 -0.8541 -0.3923
vn 0.7954 -0.6035 0.0557
vn 0.6895 -0.6346 0.3491
vn 0.3136 -0.9450 -0.0929
vn 0.7954 -0.6035 0.0557
vn 0.2531 -0.9434 0.2141
vn 0.3136 -0.9450 -0.0929
vn 0.6895 -0.6346 0.3491
vn 0.5150 -0.6052 0.6071
vn 0.2531 -0.9434 0.2141
vn 0.6895 -0.6346 0.3491
vn 0.1691 -0.8488 0.5010
vn 0.2531 -0.9434 0.2141
vn 0.5150 -0.6052 0.6071
vn 0.2902 -0.5152 0.8064
vn 0.1691 -0.8488 0.5010
vn 0.5150 -0.6052 0.6071
vn 0.0695 -0.6714 0.7378
vn 0.1691 -0.8488 0.5010
vn 0.2902 -0.5152 0.8064
vn 0.0714 -0.3956 0.9156
vn 0.0695 -0.6714 0.7378
vn 0.2902 -0.5152 0.8064
vn -0.0243 -0.4623 0.8864
vn 0.0695 -0.6714 0.7378
vn 0.0714 -0.3956 0.9156
vn -0.0911 -0.2901 0.9526
vn -0.0243 -0.4623 0.8864
vn 0.0714 -0.3956 0.9156
vn -0.1436 -0.4623 0.8750
vn -0.0243 -0.4623 0.8864
vn -0.0911 -0.2901 0.9526
vn -0.2102 -0.6715 0.7106
vn -0.0243 -0.4623 0.8864
vn -0.1436 -0.4623 0.8750
vn -0.2102 -0.6715 0.7106
vn 0.0695 -0.6714 0.7378
vn -0.0243 -0.4623 0.8864
vn -0.2648 -0.8474 0.4602
vn 0.0695 -0.6714 0.7378
vn -0.2102 -0.6715 0.7106
vn -0.2648 -0.8474 0.4602
vn 0.1691 -0.8488 0.5010
vn 0.0695 -0.6714 0.7378
vn -0.2944 -0.9419 0.1615
vn 0.1691 -0.8488 0.5010
vn -0.2648 -0.8474 0.4602
vn -0.2944 -0.9419 0.1615
vn 0.2531 -0.9434 0.2141
vn 0.1691 -0.8488 0.5010
vn -0.2944 -0.9436 -0.1514
vn 0.2531 -0.9434 0.2141
vn -0.2944 -0.9419 0.1615
vn -0.2944 -0.9436 -0.1514
vn 0.3136 -0.9450 -0.0929
vn 0.2531 -0.9434 0.2141
vn -0.2666 -0.8522 -0.4502
vn 0.3136 -0.9450 -0.0929
vn -0.2944 -0.9436 -0.1514
vn -0.2666 -0.8522 -0.4502
vn 0.3416 -0.8541 -0.3923
vn 0.3136 -0.9450 -0.0929
vn -0.2119 -0.6772 -0.7046
vn 0.3416 -0.8541 -0.3923
vn -0.2666 -0.8522 -0.4502
vn -0.2119 -0.6772 -0.7046
vn 0.3354 -0.6798 -0.6522
vn 0.3416 -0.8541 -0.3923
vn -0.1359 -0.4372 -0.8890
vn 0.3354 -0.6798 -0.6522
vn -0.2119 -0.6772 -0.7046
vn -0.1359 -0.4372 -0.8890
vn 0.2985 -0.4374 -0.8483
vn 0.3354 -0.6798 -0.6522
vn -0.0479 -0.1535 -0.9870
vn 0.2985 -0.4374 -0.8483
vn -0.1359 -0.4372 -0.8890
vn -0.0479 -0.1535 -0.9870
vn 0.2315 -0.1533 -0.9607
vn 0.2985 -0.4374 -0.8483
vn 0.0341 0.1083 -0.9935
vn 0.2315 -0.1533 -0.9607
vn -0.0479 -0.1535 -0.9870
vn 0.0341 0.1083 -0.9935
vn 0.1535 0.1064 -0.9824
vn 0.2315 -0.1533 -0.9607
vn 0.0341 0.1083 -0.9935
vn 0.0910 0.2901 -0.9527
vn 0.1535 0.1064 -0.9824
vn -0.0654 0.1749 -0.9824
vn 0.0910 0.2901 -0.9527
vn 0.0341 0.1083 -0.9935
vn -0.0479 -0.1535 -0.9870
vn -0.0654 0.1749 -0.9824
vn 0.0341 0.1083 -0.9935
vn -0.2765 0.0050 -0.9610
vn -0.0654 0.1749 -0.9824
vn -0.0479 -0.1535 -0.9870
vn -0.1359 -0.4372 -0.8890
vn -0.2765 0.0050 -0.9610
vn -0.0479 -0.1535 -0.9870
vn -0.4941 -0.1907 -0.8482
vn -0.2765 0.0050 -0.9610
vn -0.1359 -0.4372 -0.8890
vn -0.2119 -0.6772 -0.7046
vn -0.4941 -0.1907 -0.8482
vn -0.1359 -0.4372 -0.8890
vn -0.6638 -0.3666 -0.6519
vn -0.4941 -0.1907 -0.8482
vn -0.2119 -0.6772 -0.7046
vn -0.2666 -0.8522 -0.4502
vn -0.6638 -0.3666 -0.6519
vn -0.2119 -0.6772 -0.7046
vn -0.7674 -0.5074 -0.3921
vn -0.6638 -0.3666 -0.6519
vn -0.2666 -0.8522 -0.4502
vn -0.2944 -0.9436 -0.1514
vn -0.7674 -0.5074 -0.3921
vn -0.2666 -0.8522 -0.4502
vn -0.7951 -0.5993 -0.0929
vn -0.7674 -0.5074 -0.3921
vn -0.2944 -0.9436 -0.1514
vn -0.2944 -0.9419 0.1615
vn -0.7951 -0.5993 -0.0929
vn -0.2944 -0.9436 -0.1514
vn -0.7460 -0.6306 0.2141
vn -0.7951 -0.5993 -0.0929
vn -0.2944 -0.9419 0.1615
vn -0.2648 -0.8474 0.4602
vn -0.7460 -0.6306 0.2141
vn -0.2944 -0.9419 0.1615
vn -0.6226 -0.6009 0.5013
vn -0.7460 -0.6306 0.2141
vn -0.2648 -0.8474 0.4602
vn -0.2102 -0.6715 0.7106
vn -0.6226 -0.6009 0.5013
vn -0.2648 -0.8474 0.4602
vn -0.4388 -0.5131 0.7377
vn -0.6226 -0.6009 0.5013
vn -0.2102 -0.6715 0.7106
vn -0.1436 -0.4623 0.8750
vn -0.4388 -0.5131 0.7377
vn -0.2102 -0.6715 0.7106
vn -0.2434 -0.3937 0.8864
vn -0.4388 -0.5131 0.7377
vn -0.1436 -0.4623 0.8750
vn -0.0911 -0.2901 0.9526
vn -0.2434 -0.3937 0.8864
vn -0.1436 -0.4623 0.8750
vn -0.2825 -0.2846 0.9161
vn -0.2434 -0.3937 0.8864
vn -0.0911 -0.2901 0.9526
vn -0.5326 -0.2571 0.8063
vn -0.2434 -0.3937 0.8864
vn -0.2825 -0.2846 0.9161
vn -0.5326 -0.2571 0.8063
vn -0.4388 -0.5131 0.7377
vn -0.2434 -0.3937 0.8864
vn -0.7677 -0.2041 0.6075
vn -0.4388 -0.5131 0.7377
vn -0.5326 -0.2571 0.8063
vn -0.7677 -0.2041 0.6075
vn -0.6226 -0.6009 0.5013
vn -0.4388 -0.5131 0.7377
vn -0.9280 -0.1301 0.3490
vn -0.6226 -0.6009 0.5013
vn -0.7677 -0.2041 0.6075
vn -0.9280 -0.1301 0.3490
vn -0.7460 -0.6306 0.2141
vn -0.6226 -0.6009 0.5013
vn -0.9976 -0.0420 0.0556
vn -0.7460 -0.6306 0.2141
vn -0.9280 -0.1301 0.3490
vn -0.9976 -0.0420 0.0556
vn -0.7951 -0.5993 -0.0929
vn -0.7460 -0.6306 0.2141
vn -0.9692 0.0479 -0.2415
vn -0.7951 -0.5993 -0.0929
vn -0.9976 -0.0420 0.0556
vn -0.9692 0.0479 -0.2415
vn -0.7674 -0.5074 -0.3921
vn -0.7951 -0.5993 -0.0929
vn -0.8454 0.1339 -0.5170
vn -0.7674 -0.5074 -0.3921
vn -0.9692 0.0479 -0.2415
vn -0.8454 0.1339 -0.5170
vn -0.6638 -0.3666 -0.6519
vn -0.7674 -0.5074 -0.3921
vn -0.6389 0.2083 -0.7406
vn -0.6638 -0.3666 -0.6519
vn -0.8454 0.1339 -0.5170
vn -0.6389 0.2083 -0.7406
vn -0.4941 -0.1907 -0.8482
vn -0.6638 -0.3666 -0.6519
vn -0.3700 0.2607 -0.8917
vn -0.4941 -0.1907 -0.8482
vn -0.6389 0.2083 -0.7406
vn -0.3700 0.2607 -0.8917
vn -0.2765 0.0050 -0.9610
vn -0.4941 -0.1907 -0.8482
vn -0.1044 0.2863 -0.9524
vn -0.2765 0.0050 -0.9610
vn -0.3700 0.2607 -0.8917
vn -0.1044 0.2863 -0.9524
vn -0.0654 0.1749 -0.9824
vn -0.2765 0.0050 -0.9610
vn -0.1044 0.2863 -0.9524
vn 0.0910 0.2901 -0.9527
vn -0.0654 0.1749 -0.9824
vn 0.0010 0.4532 -0.8914
vn 0.1145 0.1574 -0.9809
vn 0.0010 0.1947 -0.9809
vn 0.1145 0.1574 -0.9809
vn 0.0010 -0.0008 -1.0000
vn 0.0010 0.1947 -0.9809
vn 0.1145 0.1574 -0.9809
vn 0.1849 0.0597 -0.9809
vn 0.0010 -0.0008 -1.0000
vn 0.1849 0.0597 -0.9809
vn 0.1849 -0.0597 -0.9809
vn 0.0010 -0.0008 -1.0000
vn 0.1849 0.0597 -0.9809
vn 0.4315 0.1400 -0.8912
vn 0.1849 -0.0597 -0.9809
vn 0.4315 0.1400 -0.8912
vn 0.4315 -0.1398 -0.8912
vn 0.1849 -0.0597 -0.9809
vn 0.4315 0.1400 -0.8912
vn 0.6713 0.2180 -0.7084
vn 0.4315 -0.1398 -0.8912
vn 0.6713 0.2180 -0.7084
vn 0.6713 -0.2178 -0.7085
vn 0.4315 -0.1398 -0.8912
vn 0.6713 0.2180 -0.7084
vn 0.8474 0.2747 -0.4544
vn 0.6713 -0.2178 -0.7085
vn 0.8474 0.2747 -0.4544
vn 0.8474 -0.2747 -0.4544
vn 0.6713 -0.2178 -0.7085
vn 0.8474 0.2747 -0.4544
vn 0.9390 0.3058 -0.1573
vn 0.8474 -0.2747 -0.4544
vn 0.9390 0.3058 -0.1573
vn 0.9390 -0.3059 -0.1573
vn 0.8474 -0.2747 -0.4544
vn 0.9390 0.3058 -0.1573
vn 0.9390 0.3058 0.1573
vn 0.9390 -0.3059 -0.1573
vn 0.9390 0.3058 0.1573
vn 0.9390 -0.3059 0.1573
vn 0.9390 -0.3059 -0.1573
vn 0.9390 0.3058 0.1573
vn 0.8474 0.2747 0.4544
vn 0.9390 -0.3059 0.1573
vn 0.8474 0.2747 0.4544
vn 0.8474 -0.2747 0.4544
vn 0.9390 -0.3059 0.1573
vn 0.8474 0.2747 0.4544
vn 0.6713 0.2180 0.7084
vn 0.8474 -0.2747 0.4544
vn 0.6713 0.2180 0.7084
vn 0.6713 -0.2180 0.7084
vn 0.8474 -0.2747 0.4544
vn 0.6713 0.2180 0.7084
vn 0.4315 0.1398 0.8912
vn 0.6713 -0.2180 0.7084
vn 0.4315 0.1398 0.8912
vn 0.4314 -0.1400 0.8912
vn 0.6713 -0.2180 0.7084
vn 0.4315 0.1398 0.8912
vn 0.1849 0.0595 0.9810
vn 0.4314 -0.1400 0.8912
vn 0.1849 0.0595 0.9810
vn 0.1849 -0.0595 0.9810
vn 0.4314 -0.1400 0.8912
vn 0.1849 0.0595 0.9810
vn 0.0010 0.0010 1.0000
vn 0.1849 -0.0595 0.9810
vn 0.1849 0.0595 0.9810
vn 0.1145 0.1575 0.9808
vn 0.0010 0.0010 1.0000
vn 0.4315 0.1398 0.8912
vn 0.1145 0.1575 0.9808
vn 0.1849 0.0595 0.9810
vn 0.2670 0.3668 0.8912
vn 0.1145 0.1575 0.9808
vn 0.4315 0.1398 0.8912
vn 0.6713 0.2180 0.7084
vn 0.2670 0.3668 0.8912
vn 0.4315 0.1398 0.8912
vn 0.4150 0.5713 0.7081
vn 0.2670 0.3668 0.8912
vn 0.6713 0.2180 0.7084
vn 0.8474 0.2747 0.4544
vn 0.4150 0.5713 0.7081
vn 0.6713 0.2180 0.7084
vn 0.5232 0.7207 0.4547
vn 0.4150 0.5713 0.7081
vn 0.8474 0.2747 0.4544
vn 0.9390 0.3058 0.1573
vn 0.5232 0.7207 0.4547
vn 0.8474 0.2747 0.4544
vn 0.5801 0.7992 0.1574
vn 0.5232 0.7207 0.4547
vn 0.9390 0.3058 0.1573
vn 0.9390 0.3058 -0.1573
vn 0.5801 0.7992 0.1574
vn 0.9390 0.3058 0.1573
vn 0.5801 0.7992 -0.1574
vn 0.5801 0.7992 0.1574
vn 0.9390 0.3058 -0.1573
vn 0.8474 0.2747 -0.4544
vn 0.5801 0.7992 -0.1574
vn 0.9390 0.3058 -0.1573
vn 0.5232 0.7207 -0.4547
vn 0.5801 0.7992 -0.1574
vn 0.8474 0.2747 -0.4544
vn 0.6713 0.2180 -0.7084
vn 0.5232 0.7207 -0.4547
vn 0.8474 0.2747 -0.4544
vn 0.4150 0.5713 -0.7081
vn 0.5232 0.7207 -0.4547
vn 0.6713 0.2180 -0.7084
vn 0.4315 0.1400 -0.8912
vn 0.4150 0.5713 -0.7081
vn 0.6713 0.2180 -0.7084
vn 0.2670 0.3670 -0.8911
vn 0.4150 0.5713 -0.7081
vn 0.4315 0.1400 -0.8912
vn 0.1849 0.0597 -0.9809
vn 0.2670 0.3670 -0.8911
vn 0.4315 0.1400 -0.8912
vn 0.1145 0.1574 -0.9809
vn 0.2670 0.3670 -0.8911
vn 0.1849 0.0597 -0.9809
vn 0.0010 0.4532 -0.8914
vn 0.2670 0.3670 -0.8911
vn 0.1145 0.1574 -0.9809
vn 0.0010 0.7061 -0.7081
vn 0.2670 0.3670 -0.8911
vn 0.0010 0.4532 -0.8914
vn 0.0010 0.7061 -0.7081
vn 0.4150 0.5713 -0.7081
vn 0.2670 0.3670 -0.8911
vn 0.0010 0.8907 -0.4547
vn 0.4150 0.5713 -0.7081
vn 0.0010 0.7061 -0.7081
vn 0.0010 0.8907 -0.4547
vn 0.5232 0.7207 -0.4547
vn 0.4150 0.5713 -0.7081
vn 0.0010 0.9876 -0.1572
vn 0.5232 0.7207 -0.4547
vn 0.0010 0.8907 -0.4547
vn 0.0010 0.9876 -0.1572
vn 0.5801 0.7992 -0.1574
vn 0.5232 0.7207 -0.4547
vn 0.0010 0.9876 0.1572
vn 0.5801 0.7992 -0.1574
vn 0.0010 0.9876 -0.1572
vn 0.0010 0.9876 0.1572
vn 0.5801 0.7992 0.1574
vn 0.5801 0.7992 -0.1574
vn 0.0010 0.8907 0.4547
vn 0.5801 0.7992 0.1574
vn 0.0010 0.9876 0.1572
vn 0.0010 0.8907 0.4547
vn 0.5232 0.7207 0.4547
vn 0.5801 0.7992 0.1574
vn 0.0010 0.7061 0.7081
vn 0.5232 0.7207 0.4547
vn 0.0010 0.8907 0.4547
vn 0.0010 0.7061 0.7081
vn 0.4150 0.5713 0.7081
vn 0.5232 0.7207 0.4547
vn 0.0010 0.4530 0.8915
vn 0.4150 0.5713 0.7081
vn 0.0010 0.7061 0.7081
vn 0.0010 0.4530 0.8915
vn 0.2670 0.3668 0.8912
vn 0.4150 0.5713 0.7081
vn 0.0010 0.1947 0.9809
vn 0.2670 0.3668 0.8912
vn 0.0010 0.4530 0.8915
vn 0.0010 0.1947 0.9809
vn 0.1145 0.1575 0.9808
vn 0.2670 0.3668 0.8912
vn 0.1145 0.1575 0.9808
vn 0.0010 0.1947 0.9809
vn 0.0010 0.0010 1.0000
vn -0.4315 -0.1398 -0.8912
vn -0.1849 0.0597 -0.9809
vn -0.1849 -0.0597 -0.9809
vn -0.1849 0.0597 -0.9809
vn 0.0010 -0.0008 -1.0000
vn -0.1849 -0.0597 -0.9809
vn -0.1849 0.0597 -0.9809
vn -0.1145 0.1574 -0.9809
vn 0.0010 -0.0008 -1.0000
vn -0.1145 0.1574 -0.9809
vn 0.0010 0.1947 -0.9809
vn 0.0010 -0.0008 -1.0000
vn -0.1145 0.1574 -0.9809
vn -0.2670 0.3670 -0.8911
vn 0.0010 0.1947 -0.9809
vn -0.2670 0.3670 -0.8911
vn 0.0010 0.4532 -0.8914
vn 0.0010 0.1947 -0.9809
vn -0.2670 0.3670 -0.8911
vn -0.4150 0.5713 -0.7081
vn 0.0010 0.4532 -0.8914
vn -0.4150 0.5713 -0.7081
vn 0.0010 0.7061 -0.7081
vn 0.0010 0.4532 -0.8914
vn -0.4150 0.5713 -0.7081
vn -0.5232 0.7207 -0.4548
vn 0.0010 0.7061 -0.7081
vn -0.5232 0.7207 -0.4548
vn 0.0010 0.8907 -0.4547
vn 0.0010 0.7061 -0.7081
vn -0.5232 0.7207 -0.4548
vn -0.5801 0.7992 -0.1574
vn 0.0010 0.8907 -0.4547
vn -0.5801 0.7992 -0.1574
vn 0.0010 0.9876 -0.1572
vn 0.0010 0.8907 -0.4547
vn -0.5801 0.7992 -0.1574
vn -0.5801 0.7992 0.1574
vn 0.0010 0.9876 -0.1572
vn -0.5801 0.7992 0.1574
vn 0.0010 0.9876 0.1572
vn 0.0010 0.9876 -0.1572
vn -0.5801 0.7992 0.1574
vn -0.5232 0.7207 0.4548
vn 0.0010 0.9876 0.1572
vn -0.5232 0.7207 0.4548
vn 0.0010 0.8907 0.4547
vn 0.0010 0.9876 0.1572
vn -0.5232 0.7207 0.4548
vn -0.4150 0.5713 0.7081
vn 0.0010 0.8907 0.4547
vn -0.4150 0.5713 0.7081
vn 0.0010 0.7061 0.7081
vn 0.0010 0.8907 0.4547
vn -0.4150 0.5713 0.7081
vn -0.2670 0.3668 0.8912
vn 0.0010 0.7061 0.7081
vn -0.2670 0.3668 0.8912
vn 0.0010 0.4530 0.8915
vn 0.0010 0.7061 0.7081
vn -0.2670 0.3668 0.8912
vn -0.1145 0.1575 0.9808
vn 0.0010 0.4530 0.8915
vn -0.1145 0.1575 0.9808
vn 0.0010 0.1947 0.9809
vn 0.0010 0.4530 0.8915
vn -0.1145 0.1575 0.9808
vn 0.0010 0.0010 1.0000
vn 0.0010 0.1947 0.9809
vn -0.1145 0.1575 0.9808
vn -0.1849 0.0595 0.9810
vn 0.0010 0.0010 1.0000
vn -0.2670 0.3668 0.8912
vn -0.1849 0.0595 0.9810
vn -0.1145 0.1575 0.9808
vn -0.4315 0.1398 0.8912
vn -0.1849 0.0595 0.9810
vn -0.2670 0.3668 0.8912
vn -0.4150 0.5713 0.7081
vn -0.4315 0.1398 0.8912
vn -0.2670 0.3668 0.8912
vn -0.6713 0.2180 0.7084
vn -0.4315 0.1398 0.8912
vn -0.4150 0.5713 0.7081
vn -0.5232 0.7207 0.4548
vn -0.6713 0.2180 0.7084
vn -0.4150 0.5713 0.7081
vn -0.8473 0.2747 0.4545
vn -0.6713 0.2180 0.7084
vn -0.5232 0.7207 0.4548
vn -0.5801 0.7992 0.1574
vn -0.8473 0.2747 0.4545
vn -0.5232 0.7207 0.4548
vn -0.9390 0.3058 0.1573
vn -0.8473 0.2747 0.4545
vn -0.5801 0.7992 0.1574
vn -0.5801 0.7992 -0.1574
vn -0.9390 0.3058 0.1573
vn -0.5801 0.7992 0.1574
vn -0.9390 0.3058 -0.1573
vn -0.9390 0.3058 0.1573
vn -0.5801 0.7992 -0.1574
vn -0.5232 0.7207 -0.4548
vn -0.9390 0.3058 -0.1573
vn -0.5801 0.7992 -0.1574
vn -0.8473 0.2747 -0.4545
vn -0.9390 0.3058 -0.1573
vn -0.5232 0.7207 -0.4548
vn -0.4150 0.5713 -0.7081
vn -0.8473 0.2747 -0.4545
vn -0.5232 0.7207 -0.4548
vn -0.6713 0.2180 -0.7084
vn -0.8473 0.2747 -0.4545
vn -0.4150 0.5713 -0.7081
vn -0.2670 0.3670 -0.8911
vn -0.6713 0.2180 -0.7084
vn -0.4150 0.5713 -0.7081
vn -0.4315 0.1400 -0.8912
vn -0.6713 0.2180 -0.7084
vn -0.2670 0.3670 -0.8911
vn -0.1145 0.1574 -0.9809
vn -0.4315 0.1400 -0.8912
vn -0.2670 0.3670 -0.8911
vn -0.1849 0.0597 -0.9809
vn -0.4315 0.1400 -0.8912
vn -0.1145 0.1574 -0.9809
vn -0.4315 -0.1398 -0.8912
vn -0.4315 0.1400 -0.8912
vn -0.1849 0.0597 -0.9809
vn -0.6713 -0.2178 -0.7085
vn -0.4315 0.1400 -0.8912
vn -0.4315 -0.1398 -0.8912
vn -0.6713 -0.2178 -0.7085
vn -0.6713 0.2180 -0.7084
vn -0.4315 0.1400 -0.8912
vn -0.8473 -0.2747 -0.4545
vn -0.6713 0.2180 -0.7084
vn -0.6713 -0.2178 -0.7085
vn -0.8473 -0.2747 -0.4545
vn -0.8473 0.2747 -0.4545
vn -0.6713 0.2180 -0.7084
vn -0.9390 -0.3059 -0.1573
vn -0.8473 0.2747 -0.4545
vn -0.8473 -0.2747 -0.4545
vn -0.9390 -0.3059 -0.1573
vn -0.9390 0.3058 -0.1573
vn -0.8473 0.2747 -0.4545
vn -0.9390 -0.3059 0.1573
vn -0.9390 0.3058 -0.1573
vn -0.9390 -0.3059 -0.1573
vn -0.9390 -0.3059 0.1573
vn -0.9390 0.3058 0.1573
vn -0.9390 0.3058 -0.1573
vn -0.8473 -0.2747 0.4545
vn -0.9390 0.3058 0.1573
vn -0.9390 -0.3059 0.1573
vn -0.8473 -0.2747 0.4545
vn -0.8473 0.2747 0.4545
vn -0.9390 0.3058 0.1573
vn -0.6713 -0.2180 0.7084
vn -0.8473 0.2747 0.4545
vn -0.8473 -0.2747 0.4545
vn -0.6713 -0.2180 0.7084
vn -0.6713 0.2180 0.7084
vn -0.8473 0.2747 0.4545
vn -0.4314 -0.1400 0.8912
vn -0.6713 0.2180 0.7084
vn -0.6713 -0.2180 0.7084
vn -0.4314 -0.1400 0.8912
vn -0.4315 0.1398 0.8912
vn -0.6713 0.2180 0.7084
vn -0.1849 -0.0595 0.9810
vn -0.4315 0.1398 0.8912
vn -0.4314 -0.1400 0.8912
vn -0.1849 -0.0595 0.9810
vn -0.1849 0.0595 0.9810
vn -0.4315 0.1398 0.8912
vn -0.1849 0.0595 0.9810
vn -0.1849 -0.0595 0.9810
vn 0.0010 0.0010 1.0000
vn 0.0010 0.4532 -0.8914
vn 0.1144 0.1575 -0.9809
vn 0.0010 0.1945 -0.9809
vn 0.1144 0.1575 -0.9809
vn 0.0010 0.0010 -1.0000
vn 0.0010 0.1945 -0.9809
vn 0.1144 0.1575 -0.9809
vn 0.1848 0.0597 -0.9810
vn 0.0010 0.0010 -1.0000
vn 0.1848 0.0597 -0.9810
vn 0.1848 -0.0597 -0.9810
vn 0.0010 0.0010 -1.0000
vn 0.1848 0.0597 -0.9810
vn 0.4315 0.1398 -0.8912
vn 0.1848 -0.0597 -0.9810
vn 0.4315 0.1398 -0.8912
vn 0.4315 -0.1398 -0.8912
vn 0.1848 -0.0597 -0.9810
vn 0.4315 0.1398 -0.8912
vn 0.6713 0.2180 -0.7084
vn 0.4315 -0.1398 -0.8912
vn 0.6713 0.2180 -0.7084
vn 0.6713 -0.2180 -0.7084
vn 0.4315 -0.1398 -0.8912
vn 0.6713 0.2180 -0.7084
vn 0.8474 0.2747 -0.4544
vn 0.6713 -0.2180 -0.7084
vn 0.8474 0.2747 -0.4544
vn 0.8474 -0.2747 -0.4544
vn 0.6713 -0.2180 -0.7084
vn 0.8474 0.2747 -0.4544
vn 0.9390 0.3059 -0.1573
vn 0.8474 -0.2747 -0.4544
vn 0.9390 0.3059 -0.1573
vn 0.9390 -0.3059 -0.1573
vn 0.8474 -0.2747 -0.4544
vn 0.9390 0.3059 -0.1573
vn 0.9390 0.3059 0.1573
vn 0.9390 -0.3059 -0.1573
vn 0.9390 0.3059 0.1573
vn 0.9390 -0.3057 0.1573
vn 0.9390 -0.3059 -0.1573
vn 0.9390 0.3059 0.1573
vn 0.8474 0.2745 0.4544
vn 0.9390 -0.3057 0.1573
vn 0.8474 0.2745 0.4544
vn 0.8474 -0.2745 0.4544
vn 0.9390 -0.3057 0.1573
vn 0.8474 0.2745 0.4544
vn 0.6714 0.2178 0.7084
vn 0.8474 -0.2745 0.4544
vn 0.6714 0.2178 0.7084
vn 0.6713 -0.2180 0.7084
vn 0.8474 -0.2745 0.4544
vn 0.6714 0.2178 0.7084
vn 0.4315 0.1398 0.8912
vn 0.6713 -0.2180 0.7084
vn 0.4315 0.1398 0.8912
vn 0.4314 -0.1400 0.8912
vn 0.6713 -0.2180 0.7084
vn 0.4315 0.1398 0.8912
vn 0.1849 0.0595 0.9810
vn 0.4314 -0.1400 0.8912
vn 0.1849 0.0595 0.9810
vn 0.1849 -0.0597 0.9809
vn 0.4314 -0.1400 0.8912
vn 0.1849 0.0595 0.9810
vn 0.0010 0.0011 1.0000
vn 0.1849 -0.0597 0.9809
vn 0.1849 0.0595 0.9810
vn 0.1144 0.1575 0.9809
vn 0.0010 0.0011 1.0000
vn 0.4315 0.1398 0.8912
vn 0.1144 0.1575 0.9809
vn 0.1849 0.0595 0.9810
vn 0.2671 0.3668 0.8911
vn 0.1144 0.1575 0.9809
vn 0.4315 0.1398 0.8912
vn 0.6714 0.2178 0.7084
vn 0.2671 0.3668 0.8911
vn 0.4315 0.1398 0.8912
vn 0.4150 0.5714 0.7080
vn 0.2671 0.3668 0.8911
vn 0.6714 0.2178 0.7084
vn 0.8474 0.2745 0.4544
vn 0.4150 0.5714 0.7080
vn 0.6714 0.2178 0.7084
vn 0.5232 0.7208 0.4547
vn 0.4150 0.5714 0.7080
vn 0.8474 0.2745 0.4544
vn 0.9390 0.3059 0.1573
vn 0.5232 0.7208 0.4547
vn 0.8474 0.2745 0.4544
vn 0.5801 0.7992 0.1574
vn 0.5232 0.7208 0.4547
vn 0.9390 0.3059 0.1573
vn 0.9390 0.3059 -0.1573
vn 0.5801 0.7992 0.1574
vn 0.9390 0.3059 0.1573
vn 0.5801 0.7992 -0.1575
vn 0.5801 0.7992 0.1574
vn 0.9390 0.3059 -0.1573
vn 0.8474 0.2747 -0.4544
vn 0.5801 0.7992 -0.1575
vn 0.9390 0.3059 -0.1573
vn 0.5233 0.7207 -0.4548
vn 0.5801 0.7992 -0.1575
vn 0.8474 0.2747 -0.4544
vn 0.6713 0.2180 -0.7084
vn 0.5233 0.7207 -0.4548
vn 0.8474 0.2747 -0.4544
vn 0.4150 0.5713 -0.7081
vn 0.5233 0.7207 -0.4548
vn 0.6713 0.2180 -0.7084
vn 0.4315 0.1398 -0.8912
vn 0.4150 0.5713 -0.7081
vn 0.6713 0.2180 -0.7084
vn 0.2671 0.3670 -0.8911
vn 0.4150 0.5713 -0.7081
vn 0.4315 0.1398 -0.8912
vn 0.1848 0.0597 -0.9810
vn 0.2671 0.3670 -0.8911
vn 0.4315 0.1398 -0.8912
vn 0.1144 0.1575 -0.9809
vn 0.2671 0.3670 -0.8911
vn 0.1848 0.0597 -0.9810
vn 0.0010 0.4532 -0.8914
vn 0.2671 0.3670 -0.8911
vn 0.1144 0.1575 -0.9809
vn 0.0010 0.7061 -0.7081
vn 0.2671 0.3670 -0.8911
vn 0.0010 0.4532 -0.8914
vn 0.0010 0.7061 -0.7081
vn 0.4150 0.5713 -0.7081
vn 0.2671 0.3670 -0.8911
vn 0.0010 0.8907 -0.4546
vn 0.4150 0.5713 -0.7081
vn 0.0010 0.7061 -0.7081
vn 0.0010 0.8907 -0.4546
vn 0.5233 0.7207 -0.4548
vn 0.4150 0.5713 -0.7081
vn 0.0010 0.9876 -0.1573
vn 0.5233 0.7207 -0.4548
vn 0.0010 0.8907 -0.4546
vn 0.0010 0.9876 -0.1573
vn 0.5801 0.7992 -0.1575
vn 0.5233 0.7207 -0.4548
vn 0.0010 0.9876 0.1572
vn 0.5801 0.7992 -0.1575
vn 0.0010 0.9876 -0.1573
vn 0.0010 0.9876 0.1572
vn 0.5801 0.7992 0.1574
vn 0.5801 0.7992 -0.1575
vn 0.0010 0.8907 0.4546
vn 0.5801 0.7992 0.1574
vn 0.0010 0.9876 0.1572
vn 0.0010 0.8907 0.4546
vn 0.5232 0.7208 0.4547
vn 0.5801 0.7992 0.1574
vn 0.0010 0.7062 0.7080
vn 0.5232 0.7208 0.4547
vn 0.0010 0.8907 0.4546
vn 0.0010 0.7062 0.7080
vn 0.4150 0.5714 0.7080
vn 0.5232 0.7208 0.4547
vn 0.0010 0.4532 0.8914
vn 0.4150 0.5714 0.7080
vn 0.0010 0.7062 0.7080
vn 0.0010 0.4532 0.8914
vn 0.2671 0.3668 0.8911
vn 0.4150 0.5714 0.7080
vn 0.0010 0.1947 0.9809
vn 0.2671 0.3668 0.8911
vn 0.0010 0.4532 0.8914
vn 0.0010 0.1947 0.9809
vn 0.1144 0.1575 0.9809
vn 0.2671 0.3668 0.8911
vn 0.1144 0.1575 0.9809
vn 0.0010 0.1947 0.9809
vn 0.0010 0.0011 1.0000
vn -0.4314 -0.1398 -0.8912
vn -0.1848 0.0597 -0.9810
vn -0.1848 -0.0597 -0.9810
vn -0.1848 0.0597 -0.9810
vn 0.0010 0.0010 -1.0000
vn -0.1848 -0.0597 -0.9810
vn -0.1848 0.0597 -0.9810
vn -0.1144 0.1575 -0.9809
vn 0.0010 0.0010 -1.0000
vn -0.1144 0.1575 -0.9809
vn 0.0010 0.1945 -0.9809
vn 0.0010 0.0010 -1.0000
vn -0.1144 0.1575 -0.9809
vn -0.2670 0.3670 -0.8911
vn 0.0010 0.1945 -0.9809
vn -0.2670 0.3670 -0.8911
vn 0.0010 0.4532 -0.8914
vn 0.0010 0.1945 -0.9809
vn -0.2670 0.3670 -0.8911
vn -0.4151 0.5712 -0.7081
vn 0.0010 0.4532 -0.8914
vn -0.4151 0.5712 -0.7081
vn 0.0010 0.7061 -0.7081
vn 0.0010 0.4532 -0.8914
vn -0.4151 0.5712 -0.7081
vn -0.5233 0.7207 -0.4548
vn 0.0010 0.7061 -0.7081
vn -0.5233 0.7207 -0.4548
vn 0.0010 0.8907 -0.4546
vn 0.0010 0.7061 -0.7081
vn -0.5233 0.7207 -0.4548
vn -0.5801 0.7992 -0.1575
vn 0.0010 0.8907 -0.4546
vn -0.5801 0.7992 -0.1575
vn 0.0010 0.9876 -0.1573
vn 0.0010 0.8907 -0.4546
vn -0.5801 0.7992 -0.1575
vn -0.5801 0.7992 0.1574
vn 0.0010 0.9876 -0.1573
vn -0.5801 0.7992 0.1574
vn 0.0010 0.9876 0.1572
vn 0.0010 0.9876 -0.1573
vn -0.5801 0.7992 0.1574
vn -0.5232 0.7208 0.4547
vn 0.0010 0.9876 0.1572
vn -0.5232 0.7208 0.4547
vn 0.0010 0.8907 0.4546
vn 0.0010 0.9876 0.1572
vn -0.5232 0.7208 0.4547
vn -0.4150 0.5714 0.7080
vn 0.0010 0.8907 0.4546
vn -0.4150 0.5714 0.7080
vn 0.0010 0.7062 0.7080
vn 0.0010 0.8907 0.4546
vn -0.4150 0.5714 0.7080
vn -0.2670 0.3668 0.8912
vn 0.0010 0.7062 0.7080
vn -0.2670 0.3668 0.8912
vn 0.0010 0.4532 0.8914
vn 0.0010 0.7062 0.7080
vn -0.2670 0.3668 0.8912
vn -0.1144 0.1575 0.9809
vn 0.0010 0.4532 0.8914
vn -0.1144 0.1575 0.9809
vn 0.0010 0.1947 0.9809
vn 0.0010 0.4532 0.8914
vn -0.1144 0.1575 0.9809
vn 0.0010 0.0011 1.0000
vn 0.0010 0.1947 0.9809
vn -0.1144 0.1575 0.9809
vn -0.1849 0.0595 0.9810
vn 0.0010 0.0011 1.0000
vn -0.2670 0.3668 0.8912
vn -0.1849 0.0595 0.9810
vn -0.1144 0.1575 0.9809
vn -0.4314 0.1398 0.8913
vn -0.1849 0.0595 0.9810
vn -0.2670 0.3668 0.8912
vn -0.4150 0.5714 0.7080
vn -0.4314 0.1398 0.8913
vn -0.2670 0.3668 0.8912
vn -0.6713 0.2178 0.7084
vn -0.4314 0.1398 0.8913
vn -0.4150 0.5714 0.7080
vn -0.5232 0.7208 0.4547
vn -0.6713 0.2178 0.7084
vn -0.4150 0.5714 0.7080
vn -0.8474 0.2747 0.4544
vn -0.6713 0.2178 0.7084
vn -0.5232 0.7208 0.4547
vn -0.5801 0.7992 0.1574
vn -0.8474 0.2747 0.4544
vn -0.5232 0.7208 0.4547
vn -0.9390 0.3059 0.1572
vn -0.8474 0.2747 0.4544
vn -0.5801 0.7992 0.1574
vn -0.5801 0.7992 -0.1575
vn -0.9390 0.3059 0.1572
vn -0.5801 0.7992 0.1574
vn -0.9390 0.3059 -0.1573
vn -0.9390 0.3059 0.1572
vn -0.5801 0.7992 -0.1575
vn -0.5233 0.7207 -0.4548
vn -0.9390 0.3059 -0.1573
vn -0.5801 0.7992 -0.1575
vn -0.8474 0.2747 -0.4545
vn -0.9390 0.3059 -0.1573
vn -0.5233 0.7207 -0.4548
vn -0.4151 0.5712 -0.7081
vn -0.8474 0.2747 -0.4545
vn -0.5233 0.7207 -0.4548
vn -0.6713 0.2180 -0.7084
vn -0.8474 0.2747 -0.4545
vn -0.4151 0.5712 -0.7081
vn -0.2670 0.3670 -0.8911
vn -0.6713 0.2180 -0.7084
vn -0.4151 0.5712 -0.7081
vn -0.4314 0.1398 -0.8912
vn -0.6713 0.2180 -0.7084
vn -0.2670 0.3670 -0.8911
vn -0.1144 0.1575 -0.9809
vn -0.4314 0.1398 -0.8912
vn -0.2670 0.3670 -0.8911
vn -0.1848 0.0597 -0.9810
vn -0.4314 0.1398 -0.8912
vn -0.1144 0.1575 -0.9809
vn -0.4314 -0.1398 -0.8912
vn -0.4314 0.1398 -0.8912
vn -0.1848 0.0597 -0.9810
vn -0.6713 -0.2180 -0.7084
vn -0.4314 0.1398 -0.8912
vn -0.4314 -0.1398 -0.8912
vn -0.6713 -0.2180 -0.7084
vn -0.6713 0.2180 -0.7084
vn -0.4314 0.1398 -0.8912
vn -0.8474 -0.2747 -0.4545
vn -0.6713 0.2180 -0.7084
vn -0.6713 -0.2180 -0.7084
vn -0.8474 -0.2747 -0.4545
vn -0.8474 0.2747 -0.4545
vn -0.6713 0.2180 -0.7084
vn -0.9390 -0.3059 -0.1573
vn -0.8474 0.2747 -0.4545
vn -0.8474 -0.2747 -0.4545
vn -0.9390 -0.3059 -0.1573
vn -0.9390 0.3059 -0.1573
vn -0.8474 0.2747 -0.4545
vn -0.9390 -0.3057 0.1573
vn -0.9390 0.3059 -0.1573
vn -0.9390 -0.3059 -0.1573
vn -0.9390 -0.3057 0.1573
vn -0.9390 0.3059 0.1572
vn -0.9390 0.3059 -0.1573
vn -0.8474 -0.2745 0.4544
vn -0.9390 0.3059 0.1572
vn -0.9390 -0.3057 0.1573
vn -0.8474 -0.2745 0.4544
vn -0.8474 0.2747 0.4544
vn -0.9390 0.3059 0.1572
vn -0.6713 -0.2180 0.7084
vn -0.8474 0.2747 0.4544
vn -0.8474 -0.2745 0.4544
vn -0.6713 -0.2180 0.7084
vn -0.6713 0.2178 0.7084
vn -0.8474 0.2747 0.4544
vn -0.4314 -0.1400 0.8912
vn -0.6713 0.2178 0.7084
vn -0.6713 -0.2180 0.7084
vn -0.4314 -0.1400 0.8912
vn -0.4314 0.1398 0.8913
vn -0.6713 0.2178 0.7084
vn -0.1849 -0.0597 0.9809
vn -0.4314 0.1398 0.8913
vn -0.4314 -0.1400 0.8912
vn -0.1849 -0.0597 0.9809
vn -0.1849 0.0595 0.9810
vn -0.4314 0.1398 0.8913
vn -0.1849 0.0595 0.9810
vn -0.1849 -0.0597 0.9809
vn 0.0010 0.0011 1.0000
vn 0.0010 0.9902 -0.1398
vn 0.1144 0.8942 -0.4329
vn 0.0010 0.9151 -0.4033
vn 0.1144 0.8942 -0.4329
vn 0.0010 0.8189 -0.5739
vn 0.0010 0.9151 -0.4033
vn 0.1144 0.8942 -0.4329
vn 0.1848 0.8379 -0.5136
vn 0.0010 0.8189 -0.5739
vn 0.1848 0.8379 -0.5136
vn 0.1846 0.7687 -0.6124
vn 0.0010 0.8189 -0.5739
vn 0.1848 0.8379 -0.5136
vn 0.4310 0.8100 -0.3977
vn 0.1846 0.7687 -0.6124
vn 0.4310 0.8100 -0.3977
vn 0.4310 0.6497 -0.6262
vn 0.1846 0.7687 -0.6124
vn 0.4310 0.8100 -0.3977
vn 0.6718 0.7048 -0.2278
vn 0.4310 0.6497 -0.6262
vn 0.6718 0.7048 -0.2278
vn 0.6714 0.4545 -0.5854
vn 0.4310 0.6497 -0.6262
vn 0.6718 0.7048 -0.2278
vn 0.8469 0.5305 -0.0362
vn 0.6714 0.4545 -0.5854
vn 0.8469 0.5305 -0.0362
vn 0.8474 0.2142 -0.4859
vn 0.6714 0.4545 -0.5854
vn 0.8469 0.5305 -0.0362
vn 0.9393 0.3039 0.1592
vn 0.8474 0.2142 -0.4859
vn 0.9393 0.3039 0.1592
vn 0.9395 -0.0462 -0.3393
vn 0.8474 0.2142 -0.4859
vn 0.9393 0.3039 0.1592
vn 0.9396 0.0460 0.3391
vn 0.9395 -0.0462 -0.3393
vn 0.9396 0.0460 0.3391
vn 0.9393 -0.3039 -0.1592
vn 0.9395 -0.0462 -0.3393
vn 0.9396 0.0460 0.3391
vn 0.8475 -0.2140 0.4858
vn 0.9393 -0.3039 -0.1592
vn 0.8475 -0.2140 0.4858
vn 0.8469 -0.5305 0.0362
vn 0.9393 -0.3039 -0.1592
vn 0.8475 -0.2140 0.4858
vn 0.6714 -0.4544 0.5854
vn 0.8469 -0.5305 0.0362
vn 0.6714 -0.4544 0.5854
vn 0.6717 -0.7050 0.2277
vn 0.8469 -0.5305 0.0362
vn 0.6714 -0.4544 0.5854
vn 0.4308 -0.6497 0.6263
vn 0.6717 -0.7050 0.2277
vn 0.4308 -0.6497 0.6263
vn 0.4310 -0.8100 0.3977
vn 0.6717 -0.7050 0.2277
vn 0.4308 -0.6497 0.6263
vn 0.1846 -0.7687 0.6124
vn 0.4310 -0.8100 0.3977
vn 0.1846 -0.7687 0.6124
vn 0.1848 -0.8380 0.5135
vn 0.4310 -0.8100 0.3977
vn 0.1846 -0.7687 0.6124
vn 0.0010 -0.8188 0.5741
vn 0.1848 -0.8380 0.5135
vn 0.1846 -0.7687 0.6124
vn 0.1146 -0.7131 0.6916
vn 0.0010 -0.8188 0.5741
vn 0.4308 -0.6497 0.6263
vn 0.1146 -0.7131 0.6916
vn 0.1846 -0.7687 0.6124
vn 0.2668 -0.5190 0.8121
vn 0.1146 -0.7131 0.6916
vn 0.4308 -0.6497 0.6263
vn 0.6714 -0.4544 0.5854
vn 0.2668 -0.5190 0.8121
vn 0.4308 -0.6497 0.6263
vn 0.4152 -0.2512 0.8743
vn 0.2668 -0.5190 0.8121
vn 0.6714 -0.4544 0.5854
vn 0.8475 -0.2140 0.4858
vn 0.4152 -0.2512 0.8743
vn 0.6714 -0.4544 0.5854
vn 0.5229 0.0421 0.8514
vn 0.4152 -0.2512 0.8743
vn 0.8475 -0.2140 0.4858
vn 0.9396 0.0460 0.3391
vn 0.5229 0.0421 0.8514
vn 0.8475 -0.2140 0.4858
vn 0.5803 0.3298 0.7446
vn 0.5229 0.0421 0.8514
vn 0.9396 0.0460 0.3391
vn 0.9393 0.3039 0.1592
vn 0.5803 0.3298 0.7446
vn 0.9396 0.0460 0.3391
vn 0.5799 0.5877 0.5642
vn 0.5803 0.3298 0.7446
vn 0.9393 0.3039 0.1592
vn 0.8469 0.5305 -0.0362
vn 0.5799 0.5877 0.5642
vn 0.9393 0.3039 0.1592
vn 0.5225 0.7865 0.3293
vn 0.5799 0.5877 0.5642
vn 0.8469 0.5305 -0.0362
vn 0.6718 0.7048 -0.2278
vn 0.5225 0.7865 0.3293
vn 0.8469 0.5305 -0.0362
vn 0.4151 0.9077 0.0615
vn 0.5225 0.7865 0.3293
vn 0.6718 0.7048 -0.2278
vn 0.4310 0.8100 -0.3977
vn 0.4151 0.9077 0.0615
vn 0.6718 0.7048 -0.2278
vn 0.2667 0.9402 -0.2117
vn 0.4151 0.9077 0.0615
vn 0.4310 0.8100 -0.3977
vn 0.1848 0.8379 -0.5136
vn 0.2667 0.9402 -0.2117
vn 0.4310 0.8100 -0.3977
vn 0.1144 0.8942 -0.4329
vn 0.2667 0.9402 -0.2117
vn 0.1848 0.8379 -0.5136
vn 0.0010 0.9902 -0.1398
vn 0.2667 0.9402 -0.2117
vn 0.1144 0.8942 -0.4329
vn 0.0010 0.9852 0.1713
vn 0.2667 0.9402 -0.2117
vn 0.0010 0.9902 -0.1398
vn 0.0010 0.9852 0.1713
vn 0.4151 0.9077 0.0615
vn 0.2667 0.9402 -0.2117
vn 0.0010 0.8835 0.4684
vn 0.4151 0.9077 0.0615
vn 0.0010 0.9852 0.1713
vn 0.0010 0.8835 0.4684
vn 0.5225 0.7865 0.3293
vn 0.4151 0.9077 0.0615
vn 0.0010 0.6954 0.7186
vn 0.5225 0.7865 0.3293
vn 0.0010 0.8835 0.4684
vn 0.0010 0.6954 0.7186
vn 0.5799 0.5877 0.5642
vn 0.5225 0.7865 0.3293
vn 0.0010 0.4387 0.8986
vn 0.5799 0.5877 0.5642
vn 0.0010 0.6954 0.7186
vn 0.0010 0.4387 0.8986
vn 0.5803 0.3298 0.7446
vn 0.5799 0.5877 0.5642
vn 0.0010 0.1377 0.9905
vn 0.5803 0.3298 0.7446
vn 0.0010 0.4387 0.8986
vn 0.0010 0.1377 0.9905
vn 0.5229 0.0421 0.8514
vn 0.5803 0.3298 0.7446
vn 0.0010 -0.1751 0.9846
vn 0.5229 0.0421 0.8514
vn 0.0010 0.1377 0.9905
vn 0.0010 -0.1751 0.9846
vn 0.4152 -0.2512 0.8743
vn 0.5229 0.0421 0.8514
vn 0.0010 -0.4703 0.8825
vn 0.4152 -0.2512 0.8743
vn 0.0010 -0.1751 0.9846
vn 0.0010 -0.4703 0.8825
vn 0.2668 -0.5190 0.8121
vn 0.4152 -0.2512 0.8743
vn 0.0010 -0.6913 0.7225
vn 0.2668 -0.5190 0.8121
vn 0.0010 -0.4703 0.8825
vn 0.0010 -0.6913 0.7225
vn 0.1146 -0.7131 0.6916
vn 0.2668 -0.5190 0.8121
vn 0.1146 -0.7131 0.6916
vn 0.0010 -0.6913 0.7225
vn 0.0010 -0.8188 0.5741
vn -0.4309 0.6497 -0.6262
vn -0.1848 0.8379 -0.5136
vn -0.1846 0.7687 -0.6124
vn -0.1848 0.8379 -0.5136
vn 0.0010 0.8189 -0.5739
vn -0.1846 0.7687 -0.6124
vn -0.1848 0.8379 -0.5136
vn -0.1144 0.8942 -0.4329
vn 0.0010 0.8189 -0.5739
vn -0.1144 0.8942 -0.4329
vn 0.0010 0.9151 -0.4033
vn 0.0010 0.8189 -0.5739
vn -0.1144 0.8942 -0.4329
vn -0.2663 0.9403 -0.2118
vn 0.0010 0.9151 -0.4033
vn -0.2663 0.9403 -0.2118
vn 0.0010 0.9902 -0.1398
vn 0.0010 0.9151 -0.4033
vn -0.2663 0.9403 -0.2118
vn -0.4151 0.9077 0.0615
vn 0.0010 0.9902 -0.1398
vn -0.4151 0.9077 0.0615
vn 0.0010 0.9852 0.1713
vn 0.0010 0.9902 -0.1398
vn -0.4151 0.9077 0.0615
vn -0.5228 0.7863 0.3293
vn 0.0010 0.9852 0.1713
vn -0.5228 0.7863 0.3293
vn 0.0010 0.8835 0.4684
vn 0.0010 0.9852 0.1713
vn -0.5228 0.7863 0.3293
vn -0.5801 0.5877 0.5640
vn 0.0010 0.8835 0.4684
vn -0.5801 0.5877 0.5640
vn 0.0010 0.6954 0.7186
vn 0.0010 0.8835 0.4684
vn -0.5801 0.5877 0.5640
vn -0.5804 0.3298 0.7446
vn 0.0010 0.6954 0.7186
vn -0.5804 0.3298 0.7446
vn 0.0010 0.4387 0.8986
vn 0.0010 0.6954 0.7186
vn -0.5804 0.3298 0.7446
vn -0.5230 0.0422 0.8513
vn 0.0010 0.4387 0.8986
vn -0.5230 0.0422 0.8513
vn 0.0010 0.1377 0.9905
vn 0.0010 0.4387 0.8986
vn -0.5230 0.0422 0.8513
vn -0.4152 -0.2512 0.8743
vn 0.0010 0.1377 0.9905
vn -0.4152 -0.2512 0.8743
vn 0.0010 -0.1751 0.9846
vn 0.0010 0.1377 0.9905
vn -0.4152 -0.2512 0.8743
vn -0.2665 -0.5190 0.8122
vn 0.0010 -0.1751 0.9846
vn -0.2665 -0.5190 0.8122
vn 0.0010 -0.4703 0.8825
vn 0.0010 -0.1751 0.9846
vn -0.2665 -0.5190 0.8122
vn -0.1146 -0.7131 0.6916
vn 0.0010 -0.4703 0.8825
vn -0.1146 -0.7131 0.6916
vn 0.0010 -0.6913 0.7225
vn 0.0010 -0.4703 0.8825
vn -0.1146 -0.7131 0.6916
vn 0.0010 -0.8188 0.5741
vn 0.0010 -0.6913 0.7225
vn -0.1146 -0.7131 0.6916
vn -0.1846 -0.7687 0.6124
vn 0.0010 -0.8188 0.5741
vn -0.2665 -0.5190 0.8122
vn -0.1846 -0.7687 0.6124
vn -0.1146 -0.7131 0.6916
vn -0.4307 -0.6497 0.6264
vn -0.1846 -0.7687 0.6124
vn -0.2665 -0.5190 0.8122
vn -0.4152 -0.2512 0.8743
vn -0.4307 -0.6497 0.6264
vn -0.2665 -0.5190 0.8122
vn -0.6715 -0.4543 0.5853
vn -0.4307 -0.6497 0.6264
vn -0.4152 -0.2512 0.8743
vn -0.5230 0.0422 0.8513
vn -0.6715 -0.4543 0.5853
vn -0.4152 -0.2512 0.8743
vn -0.8475 -0.2140 0.4857
vn -0.6715 -0.4543 0.5853
vn -0.5230 0.0422 0.8513
vn -0.5804 0.3298 0.7446
vn -0.8475 -0.2140 0.4857
vn -0.5230 0.0422 0.8513
vn -0.9396 0.0460 0.3391
vn -0.8475 -0.2140 0.4857
vn -0.5804 0.3298 0.7446
vn -0.5801 0.5877 0.5640
vn -0.9396 0.0460 0.3391
vn -0.5804 0.3298 0.7446
vn -0.9393 0.3038 0.1592
vn -0.9396 0.0460 0.3391
vn -0.5801 0.5877 0.5640
vn -0.5228 0.7863 0.3293
vn -0.9393 0.3038 0.1592
vn -0.5801 0.5877 0.5640
vn -0.8470 0.5304 -0.0362
vn -0.9393 0.3038 0.1592
vn -0.5228 0.7863 0.3293
vn -0.4151 0.9077 0.0615
vn -0.8470 0.5304 -0.0362
vn -0.5228 0.7863 0.3293
vn -0.6718 0.7048 -0.2278
vn -0.8470 0.5304 -0.0362
vn -0.4151 0.9077 0.0615
vn -0.2663 0.9403 -0.2118
vn -0.6718 0.7048 -0.2278
vn -0.4151 0.9077 0.0615
vn -0.4309 0.8100 -0.3977
vn -0.6718 0.7048 -0.2278
vn -0.2663 0.9403 -0.2118
vn -0.1144 0.8942 -0.4329
vn -0.4309 0.8100 -0.3977
vn -0.2663 0.9403 -0.2118
vn -0.1848 0.8379 -0.5136
vn -0.4309 0.8100 -0.3977
vn -0.1144 0.8942 -0.4329
vn -0.4309 0.6497 -0.6262
vn -0.4309 0.8100 -0.3977
vn -0.1848 0.8379 -0.5136
vn -0.6715 0.4543 -0.5853
vn -0.4309 0.8100 -0.3977
vn -0.4309 0.6497 -0.6262
vn -0.6715 0.4543 -0.5853
vn -0.6718 0.7048 -0.2278
vn -0.4309 0.8100 -0.3977
vn -0.8475 0.2142 -0.4857
vn -0.6718 0.7048 -0.2278
vn -0.6715 0.4543 -0.5853
vn -0.8475 0.2142 -0.4857
vn -0.8470 0.5304 -0.0362
vn -0.6718 0.7048 -0.2278
vn -0.9396 -0.0462 -0.3392
vn -0.8470 0.5304 -0.0362
vn -0.8475 0.2142 -0.4857
vn -0.9396 -0.0462 -0.3392
vn -0.9393 0.3038 0.1592
vn -0.8470 0.5304 -0.0362
vn -0.9393 -0.3038 -0.1592
vn -0.9393 0.3038 0.1592
vn -0.9396 -0.0462 -0.3392
vn -0.9393 -0.3038 -0.1592
vn -0.9396 0.0460 0.3391
vn -0.9393 0.3038 0.1592
vn -0.8470 -0.5303 0.0362
vn -0.9396 0.0460 0.3391
vn -0.9393 -0.3038 -0.1592
vn -0.8470 -0.5303 0.0362
vn -0.8475 -0.2140 0.4857
vn -0.9396 0.0460 0.3391
vn -0.6718 -0.7049 0.2277
vn -0.8475 -0.2140 0.4857
vn -0.8470 -0.5303 0.0362
vn -0.6718 -0.7049 0.2277
vn -0.6715 -0.4543 0.5853
vn -0.8475 -0.2140 0.4857
vn -0.4309 -0.8100 0.3978
vn -0.6715 -0.4543 0.5853
vn -0.6718 -0.7049 0.2277
vn -0.4309 -0.8100 0.3978
vn -0.4307 -0.6497 0.6264
vn -0.6715 -0.4543 0.5853
vn -0.1848 -0.8380 0.5135
vn -0.4307 -0.6497 0.6264
vn -0.4309 -0.8100 0.3978
vn -0.1848 -0.8380 0.5135
vn -0.1846 -0.7687 0.6124
vn -0.4307 -0.6497 0.6264
vn -0.1846 -0.7687 0.6124
vn -0.1848 -0.8380 0.5135
vn 0.0010 -0.8188 0.5741
vn 0.2101 0.6715 -0.7106
vn 0.2433 0.3938 -0.8864
vn 0.1436 0.4623 -0.8750
vn 0.2433 0.3938 -0.8864
vn 0.0910 0.2901 -0.9527
vn 0.1436 0.4623 -0.8750
vn 0.2433 0.3938 -0.8864
vn 0.2825 0.2842 -0.9162
vn 0.0910 0.2901 -0.9527
vn 0.2825 0.2842 -0.9162
vn 0.2490 0.1747 -0.9526
vn 0.0910 0.2901 -0.9527
vn 0.2825 0.2842 -0.9162
vn 0.5326 0.2571 -0.8063
vn 0.2490 0.1747 -0.9526
vn 0.5326 0.2571 -0.8063
vn 0.4523 0.0031 -0.8919
vn 0.2490 0.1747 -0.9526
vn 0.5326 0.2571 -0.8063
vn 0.7678 0.2041 -0.6073
vn 0.4523 0.0031 -0.8919
vn 0.7678 0.2041 -0.6073
vn 0.6443 -0.1925 -0.7402
vn 0.4523 0.0031 -0.8919
vn 0.7678 0.2041 -0.6073
vn 0.9280 0.1301 -0.3492
vn 0.6443 -0.1925 -0.7402
vn 0.9280 0.1301 -0.3492
vn 0.7714 -0.3708 -0.5171
vn 0.6443 -0.1925 -0.7402
vn 0.9280 0.1301 -0.3492
vn 0.9976 0.0420 -0.0558
vn 0.7714 -0.3708 -0.5171
vn 0.9976 0.0420 -0.0558
vn 0.8246 -0.5116 -0.2416
vn 0.7714 -0.3708 -0.5171
vn 0.9976 0.0420 -0.0558
vn 0.9692 -0.0481 0.2415
vn 0.8246 -0.5116 -0.2416
vn 0.9692 -0.0481 0.2415
vn 0.7954 -0.6035 0.0557
vn 0.8246 -0.5116 -0.2416
vn 0.9692 -0.0481 0.2415
vn 0.8453 -0.1339 0.5172
vn 0.7954 -0.6035 0.0557
vn 0.8453 -0.1339 0.5172
vn 0.6895 -0.6346 0.3491
vn 0.7954 -0.6035 0.0557
vn 0.8453 -0.1339 0.5172
vn 0.6390 -0.2083 0.7405
vn 0.6895 -0.6346 0.3491
vn 0.6390 -0.2083 0.7405
vn 0.5150 -0.6052 0.6071
vn 0.6895 -0.6346 0.3491
vn 0.6390 -0.2083 0.7405
vn 0.3700 -0.2607 0.8917
vn 0.5150 -0.6052 0.6071
vn 0.3700 -0.2607 0.8917
vn 0.2902 -0.5152 0.8064
vn 0.5150 -0.6052 0.6071
vn 0.3700 -0.2607 0.8917
vn 0.1044 -0.2863 0.9524
vn 0.2902 -0.5152 0.8064
vn 0.1044 -0.2863 0.9524
vn 0.0714 -0.3956 0.9156
vn 0.2902 -0.5152 0.8064
vn 0.1044 -0.2863 0.9524
vn -0.0911 -0.2901 0.9526
vn 0.0714 -0.3956 0.9156
vn 0.1044 -0.2863 0.9524
vn 0.0653 -0.1747 0.9824
vn -0.0911 -0.2901 0.9526
vn 0.3700 -0.2607 0.8917
vn 0.0653 -0.1747 0.9824
vn 0.1044 -0.2863 0.9524
vn 0.2766 -0.0050 0.9610
vn 0.0653 -0.1747 0.9824
vn 0.3700 -0.2607 0.8917
vn 0.6390 -0.2083 0.7405
vn 0.2766 -0.0050 0.9610
vn 0.3700 -0.2607 0.8917
vn 0.4940 0.1905 0.8483
vn 0.2766 -0.0050 0.9610
vn 0.6390 -0.2083 0.7405
vn 0.8453 -0.1339 0.5172
vn 0.4940 0.1905 0.8483
vn 0.6390 -0.2083 0.7405
vn 0.6638 0.3664 0.6520
vn 0.4940 0.1905 0.8483
vn 0.8453 -0.1339 0.5172
vn 0.9692 -0.0481 0.2415
vn 0.6638 0.3664 0.6520
vn 0.8453 -0.1339 0.5172
vn 0.7673 0.5075 0.3920
vn 0.6638 0.3664 0.6520
vn 0.9692 -0.0481 0.2415
vn 0.9976 0.0420 -0.0558
vn 0.7673 0.5075 0.3920
vn 0.9692 -0.0481 0.2415
vn 0.7951 0.5994 0.0929
vn 0.7673 0.5075 0.3920
vn 0.9976 0.0420 -0.0558
vn 0.9280 0.1301 -0.3492
vn 0.7951 0.5994 0.0929
vn 0.9976 0.0420 -0.0558
vn 0.7457 0.6309 -0.2141
vn 0.7951 0.5994 0.0929
vn 0.9280 0.1301 -0.3492
vn 0.7678 0.2041 -0.6073
vn 0.7457 0.6309 -0.2141
vn 0.9280 0.1301 -0.3492
vn 0.6225 0.6010 -0.5012
vn 0.7457 0.6309 -0.2141
vn 0.7678 0.2041 -0.6073
vn 0.5326 0.2571 -0.8063
vn 0.6225 0.6010 -0.5012
vn 0.7678 0.2041 -0.6073
vn 0.4387 0.5131 -0.7378
vn 0.6225 0.6010 -0.5012
vn 0.5326 0.2571 -0.8063
vn 0.2825 0.2842 -0.9162
vn 0.4387 0.5131 -0.7378
vn 0.5326 0.2571 -0.8063
vn 0.2433 0.3938 -0.8864
vn 0.4387 0.5131 -0.7378
vn 0.2825 0.2842 -0.9162
vn 0.2101 0.6715 -0.7106
vn 0.4387 0.5131 -0.7378
vn 0.2433 0.3938 -0.8864
vn 0.2649 0.8473 -0.4603
vn 0.4387 0.5131 -0.7378
vn 0.2101 0.6715 -0.7106
vn 0.2649 0.8473 -0.4603
vn 0.6225 0.6010 -0.5012
vn 0.4387 0.5131 -0.7378
vn 0.2946 0.9419 -0.1616
vn 0.6225 0.6010 -0.5012
vn 0.2649 0.8473 -0.4603
vn 0.2946 0.9419 -0.1616
vn 0.7457 0.6309 -0.2141
vn 0.6225 0.6010 -0.5012
vn 0.2943 0.9436 0.1515
vn 0.7457 0.6309 -0.2141
vn 0.2946 0.9419 -0.1616
vn 0.2943 0.9436 0.1515
vn 0.7951 0.5994 0.0929
vn 0.7457 0.6309 -0.2141
vn 0.2666 0.8522 0.4502
vn 0.7951 0.5994 0.0929
vn 0.2943 0.9436 0.1515
vn 0.2666 0.8522 0.4502
vn 0.7673 0.5075 0.3920
vn 0.7951 0.5994 0.0929
vn 0.2121 0.6773 0.7045
vn 0.7673 0.5075 0.3920
vn 0.2666 0.8522 0.4502
vn 0.2121 0.6773 0.7045
vn 0.6638 0.3664 0.6520
vn 0.7673 0.5075 0.3920
vn 0.1359 0.4372 0.8890
vn 0.6638 0.3664 0.6520
vn 0.2121 0.6773 0.7045
vn 0.1359 0.4372 0.8890
vn 0.4940 0.1905 0.8483
vn 0.6638 0.3664 0.6520
vn 0.0479 0.1537 0.9870
vn 0.4940 0.1905 0.8483
vn 0.1359 0.4372 0.8890
vn 0.0479 0.1537 0.9870
vn 0.2766 -0.0050 0.9610
vn 0.4940 0.1905 0.8483
vn -0.0341 -0.1085 0.9935
vn 0.2766 -0.0050 0.9610
vn 0.0479 0.1537 0.9870
vn -0.0341 -0.1085 0.9935
vn 0.0653 -0.1747 0.9824
vn 0.2766 -0.0050 0.9610
vn 0.0653 -0.1747 0.9824
vn -0.0341 -0.1085 0.9935
vn -0.0911 -0.2901 0.9526
vn -0.3700 0.2607 -0.8917
vn -0.0712 0.3960 -0.9155
vn -0.1044 0.2863 -0.9524
vn -0.0712 0.3960 -0.9155
vn 0.0910 0.2901 -0.9527
vn -0.1044 0.2863 -0.9524
vn -0.0712 0.3960 -0.9155
vn 0.0245 0.4623 -0.8864
vn 0.0910 0.2901 -0.9527
vn 0.0245 0.4623 -0.8864
vn 0.1436 0.4623 -0.8750
vn 0.0910 0.2901 -0.9527
vn 0.0245 0.4623 -0.8864
vn -0.0693 0.6714 -0.7378
vn 0.1436 0.4623 -0.8750
vn -0.0693 0.6714 -0.7378
vn 0.2101 0.6715 -0.7106
vn 0.1436 0.4623 -0.8750
vn -0.0693 0.6714 -0.7378
vn -0.1691 0.8488 -0.5010
vn 0.2101 0.6715 -0.7106
vn -0.1691 0.8488 -0.5010
vn 0.2649 0.8473 -0.4603
vn 0.2101 0.6715 -0.7106
vn -0.1691 0.8488 -0.5010
vn -0.2532 0.9434 -0.2141
vn 0.2649 0.8473 -0.4603
vn -0.2532 0.9434 -0.2141
vn 0.2946 0.9419 -0.1616
vn 0.2649 0.8473 -0.4603
vn -0.2532 0.9434 -0.2141
vn -0.3137 0.9450 0.0929
vn 0.2946 0.9419 -0.1616
vn -0.3137 0.9450 0.0929
vn 0.2943 0.9436 0.1515
vn 0.2946 0.9419 -0.1616
vn -0.3137 0.9450 0.0929
vn -0.3416 0.8541 0.3922
vn 0.2943 0.9436 0.1515
vn -0.3416 0.8541 0.3922
vn 0.2666 0.8522 0.4502
vn 0.2943 0.9436 0.1515
vn -0.3416 0.8541 0.3922
vn -0.3355 0.6797 0.6523
vn 0.2666 0.8522 0.4502
vn -0.3355 0.6797 0.6523
vn 0.2121 0.6773 0.7045
vn 0.2666 0.8522 0.4502
vn -0.3355 0.6797 0.6523
vn -0.2983 0.4375 0.8483
vn 0.2121 0.6773 0.7045
vn -0.2983 0.4375 0.8483
vn 0.1359 0.4372 0.8890
vn 0.2121 0.6773 0.7045
vn -0.2983 0.4375 0.8483
vn -0.2316 0.1535 0.9606
vn 0.1359 0.4372 0.8890
vn -0.2316 0.1535 0.9606
vn 0.0479 0.1537 0.9870
vn 0.1359 0.4372 0.8890
vn -0.2316 0.1535 0.9606
vn -0.1535 -0.1064 0.9824
vn 0.0479 0.1537 0.9870
vn -0.1535 -0.1064 0.9824
vn -0.0341 -0.1085 0.9935
vn 0.0479 0.1537 0.9870
vn -0.1535 -0.1064 0.9824
vn -0.0911 -0.2901 0.9526
vn -0.0341 -0.1085 0.9935
vn -0.1535 -0.1064 0.9824
vn -0.2492 -0.1749 0.9525
vn -0.0911 -0.2901 0.9526
vn -0.2316 0.1535 0.9606
vn -0.2492 -0.1749 0.9525
vn -0.1535 -0.1064 0.9824
vn -0.4523 -0.0027 0.8919
vn -0.2492 -0.1749 0.9525
vn -0.2316 0.1535 0.9606
vn -0.2983 0.4375 0.8483
vn -0.4523 -0.0027 0.8919
vn -0.2316 0.1535 0.9606
vn -0.6443 0.1927 0.7401
vn -0.4523 -0.0027 0.8919
vn -0.2983 0.4375 0.8483
vn -0.3355 0.6797 0.6523
vn -0.6443 0.1927 0.7401
vn -0.2983 0.4375 0.8483
vn -0.7714 0.3706 0.5173
vn -0.6443 0.1927 0.7401
vn -0.3355 0.6797 0.6523
vn -0.3416 0.8541 0.3922
vn -0.7714 0.3706 0.5173
vn -0.3355 0.6797 0.6523
vn -0.8246 0.5116 0.2416
vn -0.7714 0.3706 0.5173
vn -0.3416 0.8541 0.3922
vn -0.3137 0.9450 0.0929
vn -0.8246 0.5116 0.2416
vn -0.3416 0.8541 0.3922
vn -0.7953 0.6036 -0.0559
vn -0.8246 0.5116 0.2416
vn -0.3137 0.9450 0.0929
vn -0.2532 0.9434 -0.2141
vn -0.7953 0.6036 -0.0559
vn -0.3137 0.9450 0.0929
vn -0.6894 0.6347 -0.3492
vn -0.7953 0.6036 -0.0559
vn -0.2532 0.9434 -0.2141
vn -0.1691 0.8488 -0.5010
vn -0.6894 0.6347 -0.3492
vn -0.2532 0.9434 -0.2141
vn -0.5152 0.6050 -0.6071
vn -0.6894 0.6347 -0.3492
vn -0.1691 0.8488 -0.5010
vn -0.0693 0.6714 -0.7378
vn -0.5152 0.6050 -0.6071
vn -0.1691 0.8488 -0.5010
vn -0.2902 0.5151 -0.8065
vn -0.5152 0.6050 -0.6071
vn -0.0693 0.6714 -0.7378
vn 0.0245 0.4623 -0.8864
vn -0.2902 0.5151 -0.8065
vn -0.0693 0.6714 -0.7378
vn -0.0712 0.3960 -0.9155
vn -0.2902 0.5151 -0.8065
vn 0.0245 0.4623 -0.8864
vn -0.3700 0.2607 -0.8917
vn -0.2902 0.5151 -0.8065
vn -0.0712 0.3960 -0.9155
vn -0.6389 0.2083 -0.7406
vn -0.2902 0.5151 -0.8065
vn -0.3700 0.2607 -0.8917
vn -0.6389 0.2083 -0.7406
vn -0.5152 0.6050 -0.6071
vn -0.2902 0.5151 -0.8065
vn -0.8454 0.1339 -0.5170
vn -0.5152 0.6050 -0.6071
vn -0.6389 0.2083 -0.7406
vn -0.8454 0.1339 -0.5170
vn -0.6894 0.6347 -0.3492
vn -0.5152 0.6050 -0.6071
vn -0.9692 0.0479 -0.2415
vn -0.6894 0.6347 -0.3492
vn -0.8454 0.1339 -0.5170
vn -0.9692 0.0479 -0.2415
vn -0.7953 0.6036 -0.0559
vn -0.6894 0.6347 -0.3492
vn -0.9976 -0.0420 0.0556
vn -0.7953 0.6036 -0.0559
vn -0.9692 0.0479 -0.2415
vn -0.9976 -0.0420 0.0556
vn -0.8246 0.5116 0.2416
vn -0.7953 0.6036 -0.0559
vn -0.9280 -0.1301 0.3490
vn -0.8246 0.5116 0.2416
vn -0.9976 -0.0420 0.0556
vn -0.9280 -0.1301 0.3490
vn -0.7714 0.3706 0.5173
vn -0.8246 0.5116 0.2416
vn -0.7677 -0.2041 0.6075
vn -0.7714 0.3706 0.5173
vn -0.9280 -0.1301 0.3490
vn -0.7677 -0.2041 0.6075
vn -0.6443 0.1927 0.7401
vn -0.7714 0.3706 0.5173
vn -0.5326 -0.2571 0.8063
vn -0.6443 0.1927 0.7401
vn -0.7677 -0.2041 0.6075
vn -0.5326 -0.2571 0.8063
vn -0.4523 -0.0027 0.8919
vn -0.6443 0.1927 0.7401
vn -0.2825 -0.2846 0.9161
vn -0.4523 -0.0027 0.8919
vn -0.5326 -0.2571 0.8063
vn -0.2825 -0.2846 0.9161
vn -0.2492 -0.1749 0.9525
vn -0.4523 -0.0027 0.8919
vn -0.2492 -0.1749 0.9525
vn -0.2825 -0.2846 0.9161
vn -0.0911 -0.2901 0.9526
# 4920 vertex normals

vt 0.5781 0.0020 0.0000
vt 0.6631 0.4717 0.0000
vt 0.9980 0.0020 0.0000
vt 0.8877 0.4717 0.0000
vt 0.5781 0.0020 0.0000
vt 0.6631 0.4717 0.0000
vt 0.9980 0.0020 0.0000
vt 0.8877 0.4717 0.0000
vt 0.5781 0.0020 0.0000
vt 0.6631 0.4717 0.0000
vt 0.9980 0.0020 0.0000
vt 0.8877 0.4717 0.0000
vt 0.5781 0.0020 0.0000
vt 0.6631 0.4717 0.0000
vt 0.9980 0.0020 0.0000
vt 0.8877 0.4717 0.0000
vt 0.5781 0.0020 0.0000
vt 0.6631 0.4717 0.0000
vt 0.9980 0.0020 0.0000
vt 0.8877 0.4717 0.0000
vt 0.5781 0.0020 0.0000
vt 0.6631 0.4717 0.0000
vt 0.9980 0.0020 0.0000
vt 0.8877 0.4717 0.0000
vt 0.5781 0.0020 0.0000
vt 0.6631 0.4717 0.0000
vt 0.9980 0.0020 0.0000
vt 0.8877 0.4717 0.0000
vt 0.5781 0.0020 0.0000
vt 0.6631 0.4717 0.0000
vt 0.9980 0.0020 0.0000
vt 0.8877 0.4717 0.0000
vt 0.5781 0.0020 0.0000
vt 0.6631 0.4717 0.0000
vt 0.9980 0.0020 0.0000
vt 0.8877 0.4717 0.0000
vt 0.5781 0.0020 0.0000
vt 0.6631 0.4717 0.0000
vt 0.9980 0.0020 0.0000
vt 0.8877 0.4717 0.0000
vt 0.5781 0.0020 0.0000
vt 0.6631 0.4717 0.0000
vt 0.9980 0.0020 0.0000
vt 0.8877 0.4717 0.0000
vt 0.5781 0.0020 0.0000
vt 0.6631 0.4717 0.0000
vt 0.9980 0.0020 0.0000
vt 0.8877 0.4717 0.0000
vt 0.5781 0.0020 0.0000
vt 0.6631 0.4717 0.0000
vt 0.9980 0.0020 0.0000
vt 0.8877 0.4717 0.0000
vt 0.9980 0.0020 0.0000
vt 0.5781 0.0020 0.0000
vt 0.8877 0.4717 0.0000
vt 0.6631 0.4717 0.0000
vt 0.5781 0.0020 0.0000
vt 0.6631 0.4717 0.0000
vt 0.9980 0.0020 0.0000
vt 0.8877 0.4717 0.0000
vt 0.5781 0.0020 0.0000
vt 0.6631 0.4717 0.0000
vt 0.9980 0.0020 0.0000
vt 0.8877 0.4717 0.0000
vt 0.5781 0.0020 0.0000
vt 0.6631 0.4717 0.0000
vt 0.9980 0.0020 0.0000
vt 0.8877 0.4717 0.0000
vt 0.5781 0.0020 0.0000
vt 0.6631 0.4717 0.0000
vt 0.9980 0.0020 0.0000
vt 0.8877 0.4717 0.0000
vt 0.5781 0.0020 0.0000
vt 0.6631 0.4717 0.0000
vt 0.9980 0.0020 0.0000
vt 0.8877 0.4717 0.0000
vt 0.5781 0.0020 0.0000
vt 0.6631 0.4717 0.0000
vt 0.9980 0.0020 0.0000
vt 0.8877 0.4717 0.0000
vt 0.5781 0.0020 0.0000
vt 0.6631 0.4717 0.0000
vt 0.9980 0.0020 0.0000
vt 0.8877 0.4717 0.0000
vt 0.9980 0.0020 0.0000
vt 0.5781 0.0020 0.0000
vt 0.8877 0.4717 0.0000
vt 0.6631 0.4717 0.0000
vt 0.5781 0.0020 0.0000
vt 0.6631 0.4717 0.0000
vt 0.9980 0.0020 0.0000
vt 0.8877 0.4717 0.0000
vt 0.5781 0.0020 0.0000
vt 0.6631 0.4717 0.0000
vt 0.9980 0.0020 0.0000
vt 0.8877 0.4717 0.0000
vt 0.9980 0.0020 0.0000
vt 0.5781 0.0020 0.0000
vt 0.8877 0.4717 0.0000
vt 0.6631 0.4717 0.0000
vt 0.5781 0.0020 0.0000
vt 0.6631 0.4717 0.0000
vt 0.9980 0.0020 0.0000
vt 0.8877 0.4717 0.0000
vt 0.5781 0.0020 0.0000
vt 0.6631 0.4717 0.0000
vt 0.9980 0.0020 0.0000
vt 0.8877 0.4717 0.0000
vt 0.5781 0.0020 0.0000
vt 0.6631 0.4717 0.0000
vt 0.9980 0.0020 0.0000
vt 0.8877 0.4717 0.0000
vt 0.5781 0.0020 0.0000
vt 0.6631 0.4717 0.0000
vt 0.9980 0.0020 0.0000
vt 0.8877 0.4717 0.0000
vt 0.5781 0.0020 0.0000
vt 0.6631 0.4717 0.0000
vt 0.9980 0.0020 0.0000
vt 0.8877 0.4717 0.0000
vt 0.9980 0.0020 0.0000
vt 0.5781 0.0020 0.0000
vt 0.8877 0.4717 0.0000
vt 0.6631 0.4717 0.0000
vt 0.5781 0.0020 0.0000
vt 0.6631 0.4717 0.0000
vt 0.9980 0.0020 0.0000
vt 0.8877 0.4717 0.0000
vt 0.5781 0.0020 0.0000
vt 0.6631 0.4717 0.0000
vt 0.9980 0.0020 0.0000
vt 0.8877 0.4717 0.0000
vt 0.5781 0.0020 0.0000
vt 0.6631 0.4717 0.0000
vt 0.9980 0.0020 0.0000
vt 0.8877 0.4717 0.0000
vt 0.5781 0.0020 0.0000
vt 0.6631 0.4717 0.0000
vt 0.9980 0.0020 0.0000
vt 0.8877 0.4717 0.0000
vt 0.5781 0.0020 0.0000
vt 0.6631 0.4717 0.0000
vt 0.9980 0.0020 0.0000
vt 0.8877 0.4717 0.0000
vt 0.5781 0.0020 0.0000
vt 0.6631 0.4717 0.0000
vt 0.9980 0.0020 0.0000
vt 0.8877 0.4717 0.0000
vt 0.5781 0.0020 0.0000
vt 0.6631 0.4717 0.0000
vt 0.9980 0.0020 0.0000
vt 0.8877 0.4717 0.0000
vt 0.5781 0.0020 0.0000
vt 0.6631 0.4717 0.0000
vt 0.9980 0.0020 0.0000
vt 0.8877 0.4717 0.0000
vt 0.5781 0.0020 0.0000
vt 0.6631 0.4717 0.0000
vt 0.9980 0.0020 0.0000
vt 0.8877 0.4717 0.0000
vt 0.5781 0.0020 0.0000
vt 0.6631 0.4717 0.0000
vt 0.9980 0.0020 0.0000
vt 0.8877 0.4717 0.0000
vt 0.5781 0.0020 0.0000
vt 0.6631 0.4717 0.0000
vt 0.9980 0.0020 0.0000
vt 0.8877 0.4717 0.0000
vt 0.5781 0.0020 0.0000
vt 0.6631 0.4717 0.0000
vt 0.9980 0.0020 0.0000
vt 0.8877 0.4717 0.0000
vt 0.5781 0.0020 0.0000
vt 0.6631 0.4717 0.0000
vt 0.9980 0.0020 0.0000
vt 0.8877 0.4717 0.0000
vt 0.5781 0.0020 0.0000
vt 0.6631 0.4717 0.0000
vt 0.9980 0.0020 0.0000
vt 0.8877 0.4717 0.0000
vt 0.5781 0.0020 0.0000
vt 0.6631 0.4717 0.0000
vt 0.9980 0.0020 0.0000
vt 0.8877 0.4717 0.0000
vt 0.5781 0.0020 0.0000
vt 0.6631 0.4717 0.0000
vt 0.9980 0.0020 0.0000
vt 0.8877 0.4717 0.0000
vt 0.5781 0.0020 0.0000
vt 0.6631 0.4717 0.0000
vt 0.9980 0.0020 0.0000
vt 0.8877 0.4717 0.0000
vt 0.5781 0.0020 0.0000
vt 0.6631 0.4717 0.0000
vt 0.9980 0.0020 0.0000
vt 0.8877 0.4717 0.0000
vt 0.5781 0.0020 0.0000
vt 0.6631 0.4717 0.0000
vt 0.9980 0.0020 0.0000
vt 0.8877 0.4717 0.0000
vt 0.5781 0.0020 0.0000
vt 0.6631 0.4717 0.0000
vt 0.9980 0.0020 0.0000
vt 0.8877 0.4717 0.0000
vt 0.5781 0.0020 0.0000
vt 0.6631 0.4717 0.0000
vt 0.9980 0.0020 0.0000
vt 0.8877 0.4717 0.0000
vt 0.5781 0.0020 0.0000
vt 0.6631 0.4717 0.0000
vt 0.9980 0.0020 0.0000
vt 0.8877 0.4717 0.0000
vt 0.5781 0.0020 0.0000
vt 0.6631 0.4717 0.0000
vt 0.9980 0.0020 0.0000
vt 0.8877 0.4717 0.0000
vt 0.5781 0.0020 0.0000
vt 0.6631 0.4717 0.0000
vt 0.9980 0.0020 0.0000
vt 0.8877 0.4717 0.0000
vt 0.5781 0.0020 0.0000
vt 0.6631 0.4717 0.0000
vt 0.9980 0.0020 0.0000
vt 0.8877 0.4717 0.0000
vt 0.5781 0.0020 0.0000
vt 0.6631 0.4717 0.0000
vt 0.9980 0.0020 0.0000
vt 0.8877 0.4717 0.0000
vt 0.5781 0.0020 0.0000
vt 0.6631 0.4717 0.0000
vt 0.9980 0.0020 0.0000
vt 0.8877 0.4717 0.0000
vt 0.9980 0.0020 0.0000
vt 0.5781 0.0020 0.0000
vt 0.8877 0.4717 0.0000
vt 0.6631 0.4717 0.0000
vt 0.5781 0.0020 0.0000
vt 0.6631 0.4717 0.0000
vt 0.9980 0.0020 0.0000
vt 0.8877 0.4717 0.0000
vt 0.5781 0.0020 0.0000
vt 0.6631 0.4717 0.0000
vt 0.9980 0.0020 0.0000
vt 0.8877 0.4717 0.0000
vt 0.5781 0.0020 0.0000
vt 0.6631 0.4717 0.0000
vt 0.9980 0.0020 0.0000
vt 0.8877 0.4717 0.0000
vt 0.5781 0.0020 0.0000
vt 0.6631 0.4717 0.0000
vt 0.9980 0.0020 0.0000
vt 0.8877 0.4717 0.0000
vt 0.5781 0.0020 0.0000
vt 0.6631 0.4717 0.0000
vt 0.9980 0.0020 0.0000
vt 0.8877 0.4717 0.0000
vt 0.5781 0.0020 0.0000
vt 0.6631 0.4717 0.0000
vt 0.9980 0.0020 0.0000
vt 0.8877 0.4717 0.0000
vt 0.9980 0.0020 0.0000
vt 0.5781 0.0020 0.0000
vt 0.8877 0.4717 0.0000
vt 0.6631 0.4717 0.0000
vt 0.5781 0.0020 0.0000
vt 0.6631 0.4717 0.0000
vt 0.9980 0.0020 0.0000
vt 0.8877 0.4717 0.0000
vt 0.5781 0.0020 0.0000
vt 0.6631 0.4717 0.0000
vt 0.9980 0.0020 0.0000
vt 0.8877 0.4717 0.0000
vt 0.5781 0.0020 0.0000
vt 0.6631 0.4717 0.0000
vt 0.9980 0.0020 0.0000
vt 0.8877 0.4717 0.0000
vt 0.5781 0.0020 0.0000
vt 0.6631 0.4717 0.0000
vt 0.9980 0.0020 0.0000
vt 0.8877 0.4717 0.0000
vt 0.5781 0.0020 0.0000
vt 0.6631 0.4717 0.0000
vt 0.9980 0.0020 0.0000
vt 0.8877 0.4717 0.0000
vt 0.5781 0.0020 0.0000
vt 0.6631 0.4717 0.0000
vt 0.9980 0.0020 0.0000
vt 0.8877 0.4717 0.0000
vt 0.5781 0.0020 0.0000
vt 0.6631 0.4717 0.0000
vt 0.9980 0.0020 0.0000
vt 0.8877 0.4717 0.0000
vt 0.5781 0.0020 0.0000
vt 0.6631 0.4717 0.0000
vt 0.9980 0.0020 0.0000
vt 0.8877 0.4717 0.0000
vt 0.5781 0.0020 0.0000
vt 0.6631 0.4717 0.0000
vt 0.9980 0.0020 0.0000
vt 0.8877 0.4717 0.0000
vt 0.5781 0.0020 0.0000
vt 0.6631 0.4717 0.0000
vt 0.9980 0.0020 0.0000
vt 0.8877 0.4717 0.0000
vt 0.9980 0.0020 0.0000
vt 0.5781 0.0020 0.0000
vt 0.8877 0.4717 0.0000
vt 0.6631 0.4717 0.0000
vt 0.5781 0.0020 0.0000
vt 0.6631 0.4717 0.0000
vt 0.9980 0.0020 0.0000
vt 0.8877 0.4717 0.0000
vt 0.5781 0.0020 0.0000
vt 0.6631 0.4717 0.0000
vt 0.9980 0.0020 0.0000
vt 0.8877 0.4717 0.0000
vt 0.5781 0.0020 0.0000
vt 0.6631 0.4717 0.0000
vt 0.9980 0.0020 0.0000
vt 0.8877 0.4717 0.0000
vt 0.5781 0.0020 0.0000
vt 0.6631 0.4717 0.0000
vt 0.9980 0.0020 0.0000
vt 0.8877 0.4717 0.0000
vt 0.5781 0.0020 0.0000
vt 0.6631 0.4717 0.0000
vt 0.9980 0.0020 0.0000
vt 0.8877 0.4717 0.0000
vt 0.9980 0.0020 0.0000
vt 0.5781 0.0020 0.0000
vt 0.8877 0.4717 0.0000
vt 0.6631 0.4717 0.0000
vt 0.5781 0.0020 0.0000
vt 0.6631 0.4717 0.0000
vt 0.9980 0.0020 0.0000
vt 0.8877 0.4717 0.0000
vt 0.5781 0.0020 0.0000
vt 0.6631 0.4717 0.0000
vt 0.9980 0.0020 0.0000
vt 0.8877 0.4717 0.0000
vt 0.5781 0.0020 0.0000
vt 0.6631 0.4717 0.0000
vt 0.9980 0.0020 0.0000
vt 0.8877 0.4717 0.0000
vt 0.5781 0.0020 0.0000
vt 0.6631 0.4717 0.0000
vt 0.9980 0.0020 0.0000
vt 0.8877 0.4717 0.0000
vt 0.5781 0.0020 0.0000
vt 0.6631 0.4717 0.0000
vt 0.9980 0.0020 0.0000
vt 0.8877 0.4717 0.0000
vt 0.9980 0.0020 0.0000
vt 0.5781 0.0020 0.0000
vt 0.8877 0.4717 0.0000
vt 0.6631 0.4717 0.0000
vt 0.5781 0.0020 0.0000
vt 0.6631 0.4717 0.0000
vt 0.9980 0.0020 0.0000
vt 0.8877 0.4717 0.0000
vt 0.5781 0.0020 0.0000
vt 0.6631 0.4717 0.0000
vt 0.9980 0.0020 0.0000
vt 0.8877 0.4717 0.0000
vt 0.5781 0.0020 0.0000
vt 0.6631 0.4717 0.0000
vt 0.9980 0.0020 0.0000
vt 0.8877 0.4717 0.0000
vt 0.9980 0.0020 0.0000
vt 0.5781 0.0020 0.0000
vt 0.8877 0.4717 0.0000
vt 0.6631 0.4717 0.0000
vt 0.9980 0.0020 0.0000
vt 0.5781 0.0020 0.0000
vt 0.8877 0.4717 0.0000
vt 0.6631 0.4717 0.0000
vt 0.9980 0.0020 0.0000
vt 0.5781 0.0020 0.0000
vt 0.8877 0.4717 0.0000
vt 0.6631 0.4717 0.0000
vt 0.5781 0.0020 0.0000
vt 0.6631 0.4717 0.0000
vt 0.9980 0.0020 0.0000
vt 0.8877 0.4717 0.0000
vt 0.5781 0.0020 0.0000
vt 0.6631 0.4717 0.0000
vt 0.9980 0.0020 0.0000
vt 0.8877 0.4717 0.0000
vt 0.9980 0.0020 0.0000
vt 0.5781 0.0020 0.0000
vt 0.8877 0.4717 0.0000
vt 0.6631 0.4717 0.0000
vt 0.5781 0.0020 0.0000
vt 0.6631 0.4717 0.0000
vt 0.9980 0.0020 0.0000
vt 0.8877 0.4717 0.0000
vt 0.5781 0.0020 0.0000
vt 0.6631 0.4717 0.0000
vt 0.9980 0.0020 0.0000
vt 0.8877 0.4717 0.0000
vt 0.5781 0.0020 0.0000
vt 0.6631 0.4717 0.0000
vt 0.9980 0.0020 0.0000
vt 0.8877 0.4717 0.0000
vt 0.5781 0.0020 0.0000
vt 0.6631 0.4717 0.0000
vt 0.9980 0.0020 0.0000
vt 0.8877 0.4717 0.0000
vt 0.5781 0.0020 0.0000
vt 0.6631 0.4717 0.0000
vt 0.9980 0.0020 0.0000
vt 0.8877 0.4717 0.0000
vt 0.5781 0.0020 0.0000
vt 0.6631 0.4717 0.0000
vt 0.9980 0.0020 0.0000
vt 0.8877 0.4717 0.0000
vt 0.5781 0.0020 0.0000
vt 0.6631 0.4717 0.0000
vt 0.9980 0.0020 0.0000
vt 0.8877 0.4717 0.0000
vt 0.5781 0.0020 0.0000
vt 0.6631 0.4717 0.0000
vt 0.9980 0.0020 0.0000
vt 0.8877 0.4717 0.0000
vt 0.5781 0.0020 0.0000
vt 0.6631 0.4717 0.0000
vt 0.9980 0.0020 0.0000
vt 0.8877 0.4717 0.0000
vt 0.5781 0.0020 0.0000
vt 0.6631 0.4717 0.0000
vt 0.9980 0.0020 0.0000
vt 0.8877 0.4717 0.0000
vt 0.5781 0.0020 0.0000
vt 0.6631 0.4717 0.0000
vt 0.9980 0.0020 0.0000
vt 0.8877 0.4717 0.0000
vt 0.5781 0.0020 0.0000
vt 0.6631 0.4717 0.0000
vt 0.9980 0.0020 0.0000
vt 0.8877 0.4717 0.0000
vt 0.5781 0.0020 0.0000
vt 0.6631 0.4717 0.0000
vt 0.9980 0.0020 0.0000
vt 0.8877 0.4717 0.0000
vt 0.5781 0.0020 0.0000
vt 0.6631 0.4717 0.0000
vt 0.9980 0.0020 0.0000
vt 0.8877 0.4717 0.0000
vt 0.9980 0.0020 0.0000
vt 0.5781 0.0020 0.0000
vt 0.8877 0.4717 0.0000
vt 0.6631 0.4717 0.0000
vt 0.5781 0.0020 0.0000
vt 0.6631 0.4717 0.0000
vt 0.9980 0.0020 0.0000
vt 0.8877 0.4717 0.0000
vt 0.5781 0.0020 0.0000
vt 0.6631 0.4717 0.0000
vt 0.9980 0.0020 0.0000
vt 0.8877 0.4717 0.0000
vt 0.5781 0.0020 0.0000
vt 0.6631 0.4717 0.0000
vt 0.9980 0.0020 0.0000
vt 0.8877 0.4717 0.0000
vt 0.5781 0.0020 0.0000
vt 0.6631 0.4717 0.0000
vt 0.9980 0.0020 0.0000
vt 0.8877 0.4717 0.0000
vt 0.5781 0.0020 0.0000
vt 0.6631 0.4717 0.0000
vt 0.9980 0.0020 0.0000
vt 0.8877 0.4717 0.0000
vt 0.5781 0.0020 0.0000
vt 0.6631 0.4717 0.0000
vt 0.9980 0.0020 0.0000
vt 0.8877 0.4717 0.0000
vt 0.5781 0.0020 0.0000
vt 0.6631 0.4717 0.0000
vt 0.9980 0.0020 0.0000
vt 0.8877 0.4717 0.0000
vt 0.9980 0.0020 0.0000
vt 0.5781 0.0020 0.0000
vt 0.8877 0.4717 0.0000
vt 0.6631 0.4717 0.0000
vt 0.5781 0.0020 0.0000
vt 0.6631 0.4717 0.0000
vt 0.9980 0.0020 0.0000
vt 0.8877 0.4717 0.0000
vt 0.5781 0.0020 0.0000
vt 0.6631 0.4717 0.0000
vt 0.9980 0.0020 0.0000
vt 0.8877 0.4717 0.0000
vt 0.9980 0.0020 0.0000
vt 0.5781 0.0020 0.0000
vt 0.8877 0.4717 0.0000
vt 0.6631 0.4717 0.0000
vt 0.5781 0.0020 0.0000
vt 0.6631 0.4717 0.0000
vt 0.9980 0.0020 0.0000
vt 0.8877 0.4717 0.0000
vt 0.5781 0.0020 0.0000
vt 0.6631 0.4717 0.0000
vt 0.9980 0.0020 0.0000
vt 0.8877 0.4717 0.0000
vt 0.5781 0.0020 0.0000
vt 0.6631 0.4717 0.0000
vt 0.9980 0.0020 0.0000
vt 0.8877 0.4717 0.0000
vt 0.5781 0.0020 0.0000
vt 0.6631 0.4717 0.0000
vt 0.9980 0.0020 0.0000
vt 0.8877 0.4717 0.0000
vt 0.5781 0.0020 0.0000
vt 0.6631 0.4717 0.0000
vt 0.9980 0.0020 0.0000
vt 0.8877 0.4717 0.0000
vt 0.9980 0.0020 0.0000
vt 0.5781 0.0020 0.0000
vt 0.8877 0.4717 0.0000
vt 0.6631 0.4717 0.0000
vt 0.5781 0.0020 0.0000
vt 0.6631 0.4717 0.0000
vt 0.9980 0.0020 0.0000
vt 0.8877 0.4717 0.0000
vt 0.5781 0.0020 0.0000
vt 0.6631 0.4717 0.0000
vt 0.9980 0.0020 0.0000
vt 0.8877 0.4717 0.0000
vt 0.5781 0.0020 0.0000
vt 0.6631 0.4717 0.0000
vt 0.9980 0.0020 0.0000
vt 0.8877 0.4717 0.0000
vt 0.5781 0.0020 0.0000
vt 0.6631 0.4717 0.0000
vt 0.9980 0.0020 0.0000
vt 0.8877 0.4717 0.0000
vt 0.5781 0.0020 0.0000
vt 0.6631 0.4717 0.0000
vt 0.9980 0.0020 0.0000
vt 0.8877 0.4717 0.0000
vt 0.5781 0.0020 0.0000
vt 0.6631 0.4717 0.0000
vt 0.9980 0.0020 0.0000
vt 0.8877 0.4717 0.0000
vt 0.5781 0.0020 0.0000
vt 0.6631 0.4717 0.0000
vt 0.9980 0.0020 0.0000
vt 0.8877 0.4717 0.0000
vt 0.5781 0.0020 0.0000
vt 0.6631 0.4717 0.0000
vt 0.9980 0.0020 0.0000
vt 0.8877 0.4717 0.0000
vt 0.5781 0.0020 0.0000
vt 0.6631 0.4717 0.0000
vt 0.9980 0.0020 0.0000
vt 0.8877 0.4717 0.0000
vt 0.5781 0.0020 0.0000
vt 0.6631 0.4717 0.0000
vt 0.9980 0.0020 0.0000
vt 0.8877 0.4717 0.0000
vt 0.5781 0.0020 0.0000
vt 0.6631 0.4717 0.0000
vt 0.9980 0.0020 0.0000
vt 0.8877 0.4717 0.0000
vt 0.5781 0.0020 0.0000
vt 0.6631 0.4717 0.0000
vt 0.9980 0.0020 0.0000
vt 0.8877 0.4717 0.0000
vt 0.5781 0.0020 0.0000
vt 0.6631 0.4717 0.0000
vt 0.9980 0.0020 0.0000
vt 0.8877 0.4717 0.0000
vt 0.5781 0.0020 0.0000
vt 0.6631 0.4717 0.0000
vt 0.9980 0.0020 0.0000
vt 0.8877 0.4717 0.0000
vt 0.5781 0.0020 0.0000
vt 0.6631 0.4717 0.0000
vt 0.9980 0.0020 0.0000
vt 0.8877 0.4717 0.0000
vt 0.5781 0.0020 0.0000
vt 0.6631 0.4717 0.0000
vt 0.9980 0.0020 0.0000
vt 0.8877 0.4717 0.0000
vt 0.5781 0.0020 0.0000
vt 0.6631 0.4717 0.0000
vt 0.9980 0.0020 0.0000
vt 0.8877 0.4717 0.0000
vt 0.5781 0.0020 0.0000
vt 0.6631 0.4717 0.0000
vt 0.9980 0.0020 0.0000
vt 0.8877 0.4717 0.0000
vt 0.5781 0.0020 0.0000
vt 0.6631 0.4717 0.0000
vt 0.9980 0.0020 0.0000
vt 0.8877 0.4717 0.0000
vt 0.5781 0.0020 0.0000
vt 0.6631 0.4717 0.0000
vt 0.9980 0.0020 0.0000
vt 0.8877 0.4717 0.0000
vt 0.5781 0.0020 0.0000
vt 0.6631 0.4717 0.0000
vt 0.9980 0.0020 0.0000
vt 0.8877 0.4717 0.0000
vt 0.5781 0.0020 0.0000
vt 0.6631 0.4717 0.0000
vt 0.9980 0.0020 0.0000
vt 0.8877 0.4717 0.0000
vt 0.5781 0.0020 0.0000
vt 0.6631 0.4717 0.0000
vt 0.9980 0.0020 0.0000
vt 0.8877 0.4717 0.0000
vt 0.5781 0.0020 0.0000
vt 0.6631 0.4717 0.0000
vt 0.9980 0.0020 0.0000
vt 0.8877 0.4717 0.0000
vt 0.5781 0.0020 0.0000
vt 0.6631 0.4717 0.0000
vt 0.9980 0.0020 0.0000
vt 0.8877 0.4717 0.0000
vt 0.5781 0.0020 0.0000
vt 0.6631 0.4717 0.0000
vt 0.9980 0.0020 0.0000
vt 0.8877 0.4717 0.0000
vt 0.5781 0.0020 0.0000
vt 0.6631 0.4717 0.0000
vt 0.9980 0.0020 0.0000
vt 0.8877 0.4717 0.0000
vt 0.9980 0.0020 0.0000
vt 0.5781 0.0020 0.0000
vt 0.8877 0.4717 0.0000
vt 0.6631 0.4717 0.0000
vt 0.5781 0.0020 0.0000
vt 0.6631 0.4717 0.0000
vt 0.9980 0.0020 0.0000
vt 0.8877 0.4717 0.0000
vt 0.5781 0.0020 0.0000
vt 0.6631 0.4717 0.0000
vt 0.9980 0.0020 0.0000
vt 0.8877 0.4717 0.0000
vt 0.5781 0.0020 0.0000
vt 0.6631 0.4717 0.0000
vt 0.9980 0.0020 0.0000
vt 0.8877 0.4717 0.0000
vt 0.5781 0.0020 0.0000
vt 0.6631 0.4717 0.0000
vt 0.9980 0.0020 0.0000
vt 0.8877 0.4717 0.0000
vt 0.5781 0.0020 0.0000
vt 0.6631 0.4717 0.0000
vt 0.9980 0.0020 0.0000
vt 0.8877 0.4717 0.0000
vt 0.5781 0.0020 0.0000
vt 0.6631 0.4717 0.0000
vt 0.9980 0.0020 0.0000
vt 0.8877 0.4717 0.0000
vt 0.9980 0.0020 0.0000
vt 0.5781 0.0020 0.0000
vt 0.8877 0.4717 0.0000
vt 0.6631 0.4717 0.0000
vt 0.5781 0.0020 0.0000
vt 0.6631 0.4717 0.0000
vt 0.9980 0.0020 0.0000
vt 0.8877 0.4717 0.0000
vt 0.5781 0.0020 0.0000
vt 0.6631 0.4717 0.0000
vt 0.9980 0.0020 0.0000
vt 0.8877 0.4717 0.0000
vt 0.5781 0.0020 0.0000
vt 0.6631 0.4717 0.0000
vt 0.9980 0.0020 0.0000
vt 0.8877 0.4717 0.0000
vt 0.5781 0.0020 0.0000
vt 0.6631 0.4717 0.0000
vt 0.9980 0.0020 0.0000
vt 0.8877 0.4717 0.0000
vt 0.5781 0.0020 0.0000
vt 0.6631 0.4717 0.0000
vt 0.9980 0.0020 0.0000
vt 0.8877 0.4717 0.0000
vt 0.5781 0.0020 0.0000
vt 0.6631 0.4717 0.0000
vt 0.9980 0.0020 0.0000
vt 0.8877 0.4717 0.0000
vt 0.5781 0.0020 0.0000
vt 0.6631 0.4717 0.0000
vt 0.9980 0.0020 0.0000
vt 0.8877 0.4717 0.0000
vt 0.5781 0.0020 0.0000
vt 0.6631 0.4717 0.0000
vt 0.9980 0.0020 0.0000
vt 0.8877 0.4717 0.0000
vt 0.5781 0.0020 0.0000
vt 0.6631 0.4717 0.0000
vt 0.9980 0.0020 0.0000
vt 0.8877 0.4717 0.0000
vt 0.5781 0.0020 0.0000
vt 0.6631 0.4717 0.0000
vt 0.9980 0.0020 0.0000
vt 0.8877 0.4717 0.0000
vt 0.9980 0.0020 0.0000
vt 0.5781 0.0020 0.0000
vt 0.8877 0.4717 0.0000
vt 0.6631 0.4717 0.0000
vt 0.5781 0.0020 0.0000
vt 0.6631 0.4717 0.0000
vt 0.9980 0.0020 0.0000
vt 0.8877 0.4717 0.0000
vt 0.5781 0.0020 0.0000
vt 0.6631 0.4717 0.0000
vt 0.9980 0.0020 0.0000
vt 0.8877 0.4717 0.0000
vt 0.5781 0.0020 0.0000
vt 0.6631 0.4717 0.0000
vt 0.9980 0.0020 0.0000
vt 0.8877 0.4717 0.0000
vt 0.5781 0.0020 0.0000
vt 0.6631 0.4717 0.0000
vt 0.9980 0.0020 0.0000
vt 0.8877 0.4717 0.0000
vt 0.5781 0.0020 0.0000
vt 0.6631 0.4717 0.0000
vt 0.9980 0.0020 0.0000
vt 0.8877 0.4717 0.0000
vt 0.9980 0.0020 0.0000
vt 0.5781 0.0020 0.0000
vt 0.8877 0.4717 0.0000
vt 0.6631 0.4717 0.0000
vt 0.5781 0.0020 0.0000
vt 0.6631 0.4717 0.0000
vt 0.9980 0.0020 0.0000
vt 0.8877 0.4717 0.0000
vt 0.5781 0.0020 0.0000
vt 0.6631 0.4717 0.0000
vt 0.9980 0.0020 0.0000
vt 0.8877 0.4717 0.0000
vt 0.5781 0.0020 0.0000
vt 0.6631 0.4717 0.0000
vt 0.9980 0.0020 0.0000
vt 0.8877 0.4717 0.0000
vt 0.5781 0.0020 0.0000
vt 0.6631 0.4717 0.0000
vt 0.9980 0.0020 0.0000
vt 0.8877 0.4717 0.0000
vt 0.5781 0.0020 0.0000
vt 0.6631 0.4717 0.0000
vt 0.9980 0.0020 0.0000
vt 0.8877 0.4717 0.0000
vt 0.9980 0.0020 0.0000
vt 0.5781 0.0020 0.0000
vt 0.8877 0.4717 0.0000
vt 0.6631 0.4717 0.0000
vt 0.5781 0.0020 0.0000
vt 0.6631 0.4717 0.0000
vt 0.9980 0.0020 0.0000
vt 0.8877 0.4717 0.0000
vt 0.5781 0.0020 0.0000
vt 0.6631 0.4717 0.0000
vt 0.9980 0.0020 0.0000
vt 0.8877 0.4717 0.0000
vt 0.5781 0.0020 0.0000
vt 0.6631 0.4717 0.0000
vt 0.9980 0.0020 0.0000
vt 0.8877 0.4717 0.0000
vt 0.9980 0.0020 0.0000
vt 0.5781 0.0020 0.0000
vt 0.8877 0.4717 0.0000
vt 0.6631 0.4717 0.0000
vt 0.9980 0.0020 0.0000
vt 0.5781 0.0020 0.0000
vt 0.8877 0.4717 0.0000
vt 0.6631 0.4717 0.0000
vt 0.9980 0.0020 0.0000
vt 0.5781 0.0020 0.0000
vt 0.8877 0.4717 0.0000
vt 0.6631 0.4717 0.0000
vt 0.5781 0.0020 0.0000
vt 0.6631 0.4717 0.0000
vt 0.9980 0.0020 0.0000
vt 0.8877 0.4717 0.0000
vt 0.5781 0.0020 0.0000
vt 0.6631 0.4717 0.0000
vt 0.9980 0.0020 0.0000
vt 0.8877 0.4717 0.0000
vt 0.9980 0.0020 0.0000
vt 0.5781 0.0020 0.0000
vt 0.8877 0.4717 0.0000
vt 0.6631 0.4717 0.0000
vt 0.5781 0.0020 0.0000
vt 0.6631 0.4717 0.0000
vt 0.9980 0.0020 0.0000
vt 0.8877 0.4717 0.0000
vt 0.5781 0.0020 0.0000
vt 0.6631 0.4717 0.0000
vt 0.9980 0.0020 0.0000
vt 0.8877 0.4717 0.0000
vt 0.5781 0.0020 0.0000
vt 0.6631 0.4717 0.0000
vt 0.9980 0.0020 0.0000
vt 0.8877 0.4717 0.0000
vt 0.5781 0.0020 0.0000
vt 0.6631 0.4717 0.0000
vt 0.9980 0.0020 0.0000
vt 0.8877 0.4717 0.0000
vt 0.5781 0.0020 0.0000
vt 0.6631 0.4717 0.0000
vt 0.9980 0.0020 0.0000
vt 0.8877 0.4717 0.0000
vt 0.5781 0.0020 0.0000
vt 0.6631 0.4717 0.0000
vt 0.9980 0.0020 0.0000
vt 0.8877 0.4717 0.0000
vt 0.5781 0.0020 0.0000
vt 0.6631 0.4717 0.0000
vt 0.9980 0.0020 0.0000
vt 0.8877 0.4717 0.0000
vt 0.5781 0.0020 0.0000
vt 0.6631 0.4717 0.0000
vt 0.9980 0.0020 0.0000
vt 0.8877 0.4717 0.0000
vt 0.5781 0.0020 0.0000
vt 0.6631 0.4717 0.0000
vt 0.9980 0.0020 0.0000
vt 0.8877 0.4717 0.0000
vt 0.5781 0.0020 0.0000
vt 0.6631 0.4717 0.0000
vt 0.9980 0.0020 0.0000
vt 0.8877 0.4717 0.0000
vt 0.5781 0.0020 0.0000
vt 0.6631 0.4717 0.0000
vt 0.9980 0.0020 0.0000
vt 0.8877 0.4717 0.0000
vt 0.5781 0.0020 0.0000
vt 0.6631 0.4717 0.0000
vt 0.9980 0.0020 0.0000
vt 0.8877 0.4717 0.0000
vt 0.5781 0.0020 0.0000
vt 0.6631 0.4717 0.0000
vt 0.9980 0.0020 0.0000
vt 0.8877 0.4717 0.0000
vt 0.5781 0.0020 0.0000
vt 0.6631 0.4717 0.0000
vt 0.9980 0.0020 0.0000
vt 0.8877 0.4717 0.0000
vt 0.9980 0.0020 0.0000
vt 0.5781 0.0020 0.0000
vt 0.8877 0.4717 0.0000
vt 0.6631 0.4717 0.0000
vt 0.5781 0.0020 0.0000
vt 0.6631 0.4717 0.0000
vt 0.9980 0.0020 0.0000
vt 0.8877 0.4717 0.0000
vt 0.5781 0.0020 0.0000
vt 0.6631 0.4717 0.0000
vt 0.9980 0.0020 0.0000
vt 0.8877 0.4717 0.0000
vt 0.5781 0.0020 0.0000
vt 0.6631 0.4717 0.0000
vt 0.9980 0.0020 0.0000
vt 0.8877 0.4717 0.0000
vt 0.5781 0.0020 0.0000
vt 0.6631 0.4717 0.0000
vt 0.9980 0.0020 0.0000
vt 0.8877 0.4717 0.0000
vt 0.5781 0.0020 0.0000
vt 0.6631 0.4717 0.0000
vt 0.9980 0.0020 0.0000
vt 0.8877 0.4717 0.0000
vt 0.5781 0.0020 0.0000
vt 0.6631 0.4717 0.0000
vt 0.9980 0.0020 0.0000
vt 0.8877 0.4717 0.0000
vt 0.5781 0.0020 0.0000
vt 0.6631 0.4717 0.0000
vt 0.9980 0.0020 0.0000
vt 0.8877 0.4717 0.0000
vt 0.9980 0.0020 0.0000
vt 0.5781 0.0020 0.0000
vt 0.8877 0.4717 0.0000
vt 0.6631 0.4717 0.0000
vt 0.5781 0.0020 0.0000
vt 0.6631 0.4717 0.0000
vt 0.9980 0.0020 0.0000
vt 0.8877 0.4717 0.0000
vt 0.5781 0.0020 0.0000
vt 0.6631 0.4717 0.0000
vt 0.9980 0.0020 0.0000
vt 0.8877 0.4717 0.0000
vt 0.9980 0.0020 0.0000
vt 0.5781 0.0020 0.0000
vt 0.8877 0.4717 0.0000
vt 0.6631 0.4717 0.0000
vt 0.5781 0.0020 0.0000
vt 0.6631 0.4717 0.0000
vt 0.9980 0.0020 0.0000
vt 0.8877 0.4717 0.0000
vt 0.5781 0.0020 0.0000
vt 0.6631 0.4717 0.0000
vt 0.9980 0.0020 0.0000
vt 0.8877 0.4717 0.0000
vt 0.5781 0.0020 0.0000
vt 0.6631 0.4717 0.0000
vt 0.9980 0.0020 0.0000
vt 0.8877 0.4717 0.0000
vt 0.5781 0.0020 0.0000
vt 0.6631 0.4717 0.0000
vt 0.9980 0.0020 0.0000
vt 0.8877 0.4717 0.0000
vt 0.5781 0.0020 0.0000
vt 0.6631 0.4717 0.0000
vt 0.9980 0.0020 0.0000
vt 0.8877 0.4717 0.0000
vt 0.9980 0.0020 0.0000
vt 0.5781 0.0020 0.0000
vt 0.8877 0.4717 0.0000
vt 0.6631 0.4717 0.0000
vt 0.5781 0.0020 0.0000
vt 0.6631 0.4717 0.0000
vt 0.9980 0.0020 0.0000
vt 0.8877 0.4717 0.0000
vt 0.5781 0.0020 0.0000
vt 0.6631 0.4717 0.0000
vt 0.9980 0.0020 0.0000
vt 0.8877 0.4717 0.0000
vt 0.5781 0.0020 0.0000
vt 0.6631 0.4717 0.0000
vt 0.9980 0.0020 0.0000
vt 0.8877 0.4717 0.0000
vt 0.5781 0.0020 0.0000
vt 0.6631 0.4717 0.0000
vt 0.9980 0.0020 0.0000
vt 0.8877 0.4717 0.0000
vt 0.5781 0.0020 0.0000
vt 0.6631 0.4717 0.0000
vt 0.9980 0.0020 0.0000
vt 0.8877 0.4717 0.0000
vt 0.5781 0.0020 0.0000
vt 0.6631 0.4717 0.0000
vt 0.9980 0.0020 0.0000
vt 0.8877 0.4717 0.0000
vt 0.5781 0.0020 0.0000
vt 0.6631 0.4717 0.0000
vt 0.9980 0.0020 0.0000
vt 0.8877 0.4717 0.0000
vt 0.5781 0.0020 0.0000
vt 0.6631 0.4717 0.0000
vt 0.9980 0.0020 0.0000
vt 0.8877 0.4717 0.0000
vt 0.5781 0.0020 0.0000
vt 0.6631 0.4717 0.0000
vt 0.9980 0.0020 0.0000
vt 0.8877 0.4717 0.0000
vt 0.5781 0.0020 0.0000
vt 0.6631 0.4717 0.0000
vt 0.9980 0.0020 0.0000
vt 0.8877 0.4717 0.0000
vt 0.5781 0.0020 0.0000
vt 0.6631 0.4717 0.0000
vt 0.9980 0.0020 0.0000
vt 0.8877 0.4717 0.0000
vt 0.5781 0.0020 0.0000
vt 0.6631 0.4717 0.0000
vt 0.9980 0.0020 0.0000
vt 0.8877 0.4717 0.0000
vt 0.5781 0.0020 0.0000
vt 0.6631 0.4717 0.0000
vt 0.9980 0.0020 0.0000
vt 0.8877 0.4717 0.0000
vt 0.5781 0.0020 0.0000
vt 0.6631 0.4717 0.0000
vt 0.9980 0.0020 0.0000
vt 0.8877 0.4717 0.0000
vt 0.5781 0.0020 0.0000
vt 0.6631 0.4717 0.0000
vt 0.9980 0.0020 0.0000
vt 0.8877 0.4717 0.0000
vt 0.5781 0.0020 0.0000
vt 0.6631 0.4717 0.0000
vt 0.9980 0.0020 0.0000
vt 0.8877 0.4717 0.0000
vt 0.5781 0.0020 0.0000
vt 0.6631 0.4717 0.0000
vt 0.9980 0.0020 0.0000
vt 0.8877 0.4717 0.0000
vt 0.5781 0.0020 0.0000
vt 0.6631 0.4717 0.0000
vt 0.9980 0.0020 0.0000
vt 0.8877 0.4717 0.0000
vt 0.5781 0.0020 0.0000
vt 0.6631 0.4717 0.0000
vt 0.9980 0.0020 0.0000
vt 0.8877 0.4717 0.0000
vt 0.5781 0.0020 0.0000
vt 0.6631 0.4717 0.0000
vt 0.9980 0.0020 0.0000
vt 0.8877 0.4717 0.0000
vt 0.5781 0.0020 0.0000
vt 0.6631 0.4717 0.0000
vt 0.9980 0.0020 0.0000
vt 0.8877 0.4717 0.0000
vt 0.5781 0.0020 0.0000
vt 0.6631 0.4717 0.0000
vt 0.9980 0.0020 0.0000
vt 0.8877 0.4717 0.0000
vt 0.5781 0.0020 0.0000
vt 0.6631 0.4717 0.0000
vt 0.9980 0.0020 0.0000
vt 0.8877 0.4717 0.0000
vt 0.5781 0.0020 0.0000
vt 0.6631 0.4717 0.0000
vt 0.9980 0.0020 0.0000
vt 0.8877 0.4717 0.0000
vt 0.5781 0.0020 0.0000
vt 0.6631 0.4717 0.0000
vt 0.9980 0.0020 0.0000
vt 0.8877 0.4717 0.0000
vt 0.5781 0.0020 0.0000
vt 0.6631 0.4717 0.0000
vt 0.9980 0.0020 0.0000
vt 0.8877 0.4717 0.0000
vt 0.5781 0.0020 0.0000
vt 0.6631 0.4717 0.0000
vt 0.9980 0.0020 0.0000
vt 0.8877 0.4717 0.0000
vt 0.9980 0.0020 0.0000
vt 0.5781 0.0020 0.0000
vt 0.8877 0.4717 0.0000
vt 0.6631 0.4717 0.0000
vt 0.5781 0.0020 0.0000
vt 0.6631 0.4717 0.0000
vt 0.9980 0.0020 0.0000
vt 0.8877 0.4717 0.0000
vt 0.5781 0.0020 0.0000
vt 0.6631 0.4717 0.0000
vt 0.9980 0.0020 0.0000
vt 0.8877 0.4717 0.0000
vt 0.5781 0.0020 0.0000
vt 0.6631 0.4717 0.0000
vt 0.9980 0.0020 0.0000
vt 0.8877 0.4717 0.0000
vt 0.5781 0.0020 0.0000
vt 0.6631 0.4717 0.0000
vt 0.9980 0.0020 0.0000
vt 0.8877 0.4717 0.0000
vt 0.5781 0.0020 0.0000
vt 0.6631 0.4717 0.0000
vt 0.9980 0.0020 0.0000
vt 0.8877 0.4717 0.0000
vt 0.5781 0.0020 0.0000
vt 0.6631 0.4717 0.0000
vt 0.9980 0.0020 0.0000
vt 0.8877 0.4717 0.0000
vt 0.9980 0.0020 0.0000
vt 0.5781 0.0020 0.0000
vt 0.8877 0.4717 0.0000
vt 0.6631 0.4717 0.0000
vt 0.5781 0.0020 0.0000
vt 0.6631 0.4717 0.0000
vt 0.9980 0.0020 0.0000
vt 0.8877 0.4717 0.0000
vt 0.5781 0.0020 0.0000
vt 0.6631 0.4717 0.0000
vt 0.9980 0.0020 0.0000
vt 0.8877 0.4717 0.0000
vt 0.5781 0.0020 0.0000
vt 0.6631 0.4717 0.0000
vt 0.9980 0.0020 0.0000
vt 0.8877 0.4717 0.0000
vt 0.5781 0.0020 0.0000
vt 0.6631 0.4717 0.0000
vt 0.9980 0.0020 0.0000
vt 0.8877 0.4717 0.0000
vt 0.5781 0.0020 0.0000
vt 0.6631 0.4717 0.0000
vt 0.9980 0.0020 0.0000
vt 0.8877 0.4717 0.0000
vt 0.5781 0.0020 0.0000
vt 0.6631 0.4717 0.0000
vt 0.9980 0.0020 0.0000
vt 0.8877 0.4717 0.0000
vt 0.5781 0.0020 0.0000
vt 0.6631 0.4717 0.0000
vt 0.9980 0.0020 0.0000
vt 0.8877 0.4717 0.0000
vt 0.5781 0.0020 0.0000
vt 0.6631 0.4717 0.0000
vt 0.9980 0.0020 0.0000
vt 0.8877 0.4717 0.0000
vt 0.5781 0.0020 0.0000
vt 0.6631 0.4717 0.0000
vt 0.9980 0.0020 0.0000
vt 0.8877 0.4717 0.0000
vt 0.5781 0.0020 0.0000
vt 0.6631 0.4717 0.0000
vt 0.9980 0.0020 0.0000
vt 0.8877 0.4717 0.0000
vt 0.9980 0.0020 0.0000
vt 0.5781 0.0020 0.0000
vt 0.8877 0.4717 0.0000
vt 0.6631 0.4717 0.0000
vt 0.5781 0.0020 0.0000
vt 0.6631 0.4717 0.0000
vt 0.9980 0.0020 0.0000
vt 0.8877 0.4717 0.0000
vt 0.5781 0.0020 0.0000
vt 0.6631 0.4717 0.0000
vt 0.9980 0.0020 0.0000
vt 0.8877 0.4717 0.0000
vt 0.5781 0.0020 0.0000
vt 0.6631 0.4717 0.0000
vt 0.9980 0.0020 0.0000
vt 0.8877 0.4717 0.0000
vt 0.5781 0.0020 0.0000
vt 0.6631 0.4717 0.0000
vt 0.9980 0.0020 0.0000
vt 0.8877 0.4717 0.0000
vt 0.5781 0.0020 0.0000
vt 0.6631 0.4717 0.0000
vt 0.9980 0.0020 0.0000
vt 0.8877 0.4717 0.0000
vt 0.9980 0.0020 0.0000
vt 0.5781 0.0020 0.0000
vt 0.8877 0.4717 0.0000
vt 0.6631 0.4717 0.0000
vt 0.5781 0.0020 0.0000
vt 0.6631 0.4717 0.0000
vt 0.9980 0.0020 0.0000
vt 0.8877 0.4717 0.0000
vt 0.5781 0.0020 0.0000
vt 0.6631 0.4717 0.0000
vt 0.9980 0.0020 0.0000
vt 0.8877 0.4717 0.0000
vt 0.5781 0.0020 0.0000
vt 0.6631 0.4717 0.0000
vt 0.9980 0.0020 0.0000
vt 0.8877 0.4717 0.0000
vt 0.5781 0.0020 0.0000
vt 0.6631 0.4717 0.0000
vt 0.9980 0.0020 0.0000
vt 0.8877 0.4717 0.0000
vt 0.5781 0.0020 0.0000
vt 0.6631 0.4717 0.0000
vt 0.9980 0.0020 0.0000
vt 0.8877 0.4717 0.0000
vt 0.9980 0.0020 0.0000
vt 0.5781 0.0020 0.0000
vt 0.8877 0.4717 0.0000
vt 0.6631 0.4717 0.0000
vt 0.5781 0.0020 0.0000
vt 0.6631 0.4717 0.0000
vt 0.9980 0.0020 0.0000
vt 0.8877 0.4717 0.0000
vt 0.5781 0.0020 0.0000
vt 0.6631 0.4717 0.0000
vt 0.9980 0.0020 0.0000
vt 0.8877 0.4717 0.0000
vt 0.5781 0.0020 0.0000
vt 0.6631 0.4717 0.0000
vt 0.9980 0.0020 0.0000
vt 0.8877 0.4717 0.0000
vt 0.9980 0.0020 0.0000
vt 0.5781 0.0020 0.0000
vt 0.8877 0.4717 0.0000
vt 0.6631 0.4717 0.0000
vt 0.9980 0.0020 0.0000
vt 0.5781 0.0020 0.0000
vt 0.8877 0.4717 0.0000
vt 0.6631 0.4717 0.0000
vt 0.9980 0.0020 0.0000
vt 0.5781 0.0020 0.0000
vt 0.8877 0.4717 0.0000
vt 0.6631 0.4717 0.0000
vt 0.5781 0.0020 0.0000
vt 0.6631 0.4717 0.0000
vt 0.9980 0.0020 0.0000
vt 0.8877 0.4717 0.0000
vt 0.5781 0.0020 0.0000
vt 0.6631 0.4717 0.0000
vt 0.9980 0.0020 0.0000
vt 0.8877 0.4717 0.0000
vt 0.9980 0.0020 0.0000
vt 0.5781 0.0020 0.0000
vt 0.8877 0.4717 0.0000
vt 0.6631 0.4717 0.0000
vt 0.5781 0.0020 0.0000
vt 0.6631 0.4717 0.0000
vt 0.9980 0.0020 0.0000
vt 0.8877 0.4717 0.0000
vt 0.5781 0.0020 0.0000
vt 0.6631 0.4717 0.0000
vt 0.9980 0.0020 0.0000
vt 0.8877 0.4717 0.0000
vt 0.5781 0.0020 0.0000
vt 0.6631 0.4717 0.0000
vt 0.9980 0.0020 0.0000
vt 0.8877 0.4717 0.0000
vt 0.5781 0.0020 0.0000
vt 0.6631 0.4717 0.0000
vt 0.9980 0.0020 0.0000
vt 0.8877 0.4717 0.0000
vt 0.5781 0.0020 0.0000
vt 0.6631 0.4717 0.0000
vt 0.9980 0.0020 0.0000
vt 0.8877 0.4717 0.0000
vt 0.5781 0.0020 0.0000
vt 0.6631 0.4717 0.0000
vt 0.9980 0.0020 0.0000
vt 0.8877 0.4717 0.0000
vt 0.5781 0.0020 0.0000
vt 0.6631 0.4717 0.0000
vt 0.9980 0.0020 0.0000
vt 0.8877 0.4717 0.0000
vt 0.5781 0.0020 0.0000
vt 0.6631 0.4717 0.0000
vt 0.9980 0.0020 0.0000
vt 0.8877 0.4717 0.0000
vt 0.5781 0.0020 0.0000
vt 0.6631 0.4717 0.0000
vt 0.9980 0.0020 0.0000
vt 0.8877 0.4717 0.0000
vt 0.5781 0.0020 0.0000
vt 0.6631 0.4717 0.0000
vt 0.9980 0.0020 0.0000
vt 0.8877 0.4717 0.0000
vt 0.5781 0.0020 0.0000
vt 0.6631 0.4717 0.0000
vt 0.9980 0.0020 0.0000
vt 0.8877 0.4717 0.0000
vt 0.5781 0.0020 0.0000
vt 0.6631 0.4717 0.0000
vt 0.9980 0.0020 0.0000
vt 0.8877 0.4717 0.0000
vt 0.5781 0.0020 0.0000
vt 0.6631 0.4717 0.0000
vt 0.9980 0.0020 0.0000
vt 0.8877 0.4717 0.0000
vt 0.5781 0.0020 0.0000
vt 0.6631 0.4717 0.0000
vt 0.9980 0.0020 0.0000
vt 0.8877 0.4717 0.0000
vt 0.9980 0.0020 0.0000
vt 0.5781 0.0020 0.0000
vt 0.8877 0.4717 0.0000
vt 0.6631 0.4717 0.0000
vt 0.5781 0.0020 0.0000
vt 0.6631 0.4717 0.0000
vt 0.9980 0.0020 0.0000
vt 0.8877 0.4717 0.0000
vt 0.5781 0.0020 0.0000
vt 0.6631 0.4717 0.0000
vt 0.9980 0.0020 0.0000
vt 0.8877 0.4717 0.0000
vt 0.5781 0.0020 0.0000
vt 0.6631 0.4717 0.0000
vt 0.9980 0.0020 0.0000
vt 0.8877 0.4717 0.0000
vt 0.5781 0.0020 0.0000
vt 0.6631 0.4717 0.0000
vt 0.9980 0.0020 0.0000
vt 0.8877 0.4717 0.0000
vt 0.5781 0.0020 0.0000
vt 0.6631 0.4717 0.0000
vt 0.9980 0.0020 0.0000
vt 0.8877 0.4717 0.0000
vt 0.5781 0.0020 0.0000
vt 0.6631 0.4717 0.0000
vt 0.9980 0.0020 0.0000
vt 0.8877 0.4717 0.0000
vt 0.5781 0.0020 0.0000
vt 0.6631 0.4717 0.0000
vt 0.9980 0.0020 0.0000
vt 0.8877 0.4717 0.0000
vt 0.9980 0.0020 0.0000
vt 0.5781 0.0020 0.0000
vt 0.8877 0.4717 0.0000
vt 0.6631 0.4717 0.0000
vt 0.5781 0.0020 0.0000
vt 0.6631 0.4717 0.0000
vt 0.9980 0.0020 0.0000
vt 0.8877 0.4717 0.0000
vt 0.5781 0.0020 0.0000
vt 0.6631 0.4717 0.0000
vt 0.9980 0.0020 0.0000
vt 0.8877 0.4717 0.0000
vt 0.9980 0.0020 0.0000
vt 0.5781 0.0020 0.0000
vt 0.8877 0.4717 0.0000
vt 0.6631 0.4717 0.0000
vt 0.5781 0.0020 0.0000
vt 0.6631 0.4717 0.0000
vt 0.9980 0.0020 0.0000
vt 0.8877 0.4717 0.0000
vt 0.5781 0.0020 0.0000
vt 0.6631 0.4717 0.0000
vt 0.9980 0.0020 0.0000
vt 0.8877 0.4717 0.0000
vt 0.5781 0.0020 0.0000
vt 0.6631 0.4717 0.0000
vt 0.9980 0.0020 0.0000
vt 0.8877 0.4717 0.0000
vt 0.5781 0.0020 0.0000
vt 0.6631 0.4717 0.0000
vt 0.9980 0.0020 0.0000
vt 0.8877 0.4717 0.0000
vt 0.5781 0.0020 0.0000
vt 0.6631 0.4717 0.0000
vt 0.9980 0.0020 0.0000
vt 0.8877 0.4717 0.0000
vt 0.9980 0.0020 0.0000
vt 0.5781 0.0020 0.0000
vt 0.8877 0.4717 0.0000
vt 0.6631 0.4717 0.0000
vt 0.5781 0.0020 0.0000
vt 0.6631 0.4717 0.0000
vt 0.9980 0.0020 0.0000
vt 0.8877 0.4717 0.0000
vt 0.5781 0.0020 0.0000
vt 0.6631 0.4717 0.0000
vt 0.9980 0.0020 0.0000
vt 0.8877 0.4717 0.0000
vt 0.5781 0.0020 0.0000
vt 0.6631 0.4717 0.0000
vt 0.9980 0.0020 0.0000
vt 0.8877 0.4717 0.0000
vt 0.5781 0.0020 0.0000
vt 0.6631 0.4717 0.0000
vt 0.9980 0.0020 0.0000
vt 0.8877 0.4717 0.0000
vt 0.5781 0.0020 0.0000
vt 0.6631 0.4717 0.0000
vt 0.9980 0.0020 0.0000
vt 0.8877 0.4717 0.0000
vt 0.5781 0.0020 0.0000
vt 0.6631 0.4717 0.0000
vt 0.9980 0.0020 0.0000
vt 0.8877 0.4717 0.0000
vt 0.5781 0.0020 0.0000
vt 0.6631 0.4717 0.0000
vt 0.9980 0.0020 0.0000
vt 0.8877 0.4717 0.0000
vt 0.5781 0.0020 0.0000
vt 0.6631 0.4717 0.0000
vt 0.9980 0.0020 0.0000
vt 0.8877 0.4717 0.0000
vt 0.5781 0.0020 0.0000
vt 0.6631 0.4717 0.0000
vt 0.9980 0.0020 0.0000
vt 0.8877 0.4717 0.0000
vt 0.5781 0.0020 0.0000
vt 0.6631 0.4717 0.0000
vt 0.9980 0.0020 0.0000
vt 0.8877 0.4717 0.0000
vt 0.5781 0.0020 0.0000
vt 0.6631 0.4717 0.0000
vt 0.9980 0.0020 0.0000
vt 0.8877 0.4717 0.0000
vt 0.5781 0.0020 0.0000
vt 0.6631 0.4717 0.0000
vt 0.9980 0.0020 0.0000
vt 0.8877 0.4717 0.0000
vt 0.5781 0.0020 0.0000
vt 0.6631 0.4717 0.0000
vt 0.9980 0.0020 0.0000
vt 0.8877 0.4717 0.0000
vt 0.5781 0.0020 0.0000
vt 0.6631 0.4717 0.0000
vt 0.9980 0.0020 0.0000
vt 0.8877 0.4717 0.0000
vt 0.5781 0.0020 0.0000
vt 0.6631 0.4717 0.0000
vt 0.9980 0.0020 0.0000
vt 0.8877 0.4717 0.0000
vt 0.5781 0.0020 0.0000
vt 0.6631 0.4717 0.0000
vt 0.9980 0.0020 0.0000
vt 0.8877 0.4717 0.0000
vt 0.5781 0.0020 0.0000
vt 0.6631 0.4717 0.0000
vt 0.9980 0.0020 0.0000
vt 0.8877 0.4717 0.0000
vt 0.5781 0.0020 0.0000
vt 0.6631 0.4717 0.0000
vt 0.9980 0.0020 0.0000
vt 0.8877 0.4717 0.0000
vt 0.5781 0.0020 0.0000
vt 0.6631 0.4717 0.0000
vt 0.9980 0.0020 0.0000
vt 0.8877 0.4717 0.0000
vt 0.5781 0.0020 0.0000
vt 0.6631 0.4717 0.0000
vt 0.9980 0.0020 0.0000
vt 0.8877 0.4717 0.0000
vt 0.5781 0.0020 0.0000
vt 0.6631 0.4717 0.0000
vt 0.9980 0.0020 0.0000
vt 0.8877 0.4717 0.0000
vt 0.5781 0.0020 0.0000
vt 0.6631 0.4717 0.0000
vt 0.9980 0.0020 0.0000
vt 0.8877 0.4717 0.0000
vt 0.5781 0.0020 0.0000
vt 0.6631 0.4717 0.0000
vt 0.9980 0.0020 0.0000
vt 0.8877 0.4717 0.0000
vt 0.5781 0.0020 0.0000
vt 0.6631 0.4717 0.0000
vt 0.9980 0.0020 0.0000
vt 0.8877 0.4717 0.0000
vt 0.5781 0.0020 0.0000
vt 0.6631 0.4717 0.0000
vt 0.9980 0.0020 0.0000
vt 0.8877 0.4717 0.0000
vt 0.5781 0.0020 0.0000
vt 0.6631 0.4717 0.0000
vt 0.9980 0.0020 0.0000
vt 0.8877 0.4717 0.0000
vt 0.5781 0.0020 0.0000
vt 0.6631 0.4717 0.0000
vt 0.9980 0.0020 0.0000
vt 0.8877 0.4717 0.0000
vt 0.9980 0.0020 0.0000
vt 0.5781 0.0020 0.0000
vt 0.8877 0.4717 0.0000
vt 0.6631 0.4717 0.0000
vt 0.5781 0.0020 0.0000
vt 0.6631 0.4717 0.0000
vt 0.9980 0.0020 0.0000
vt 0.8877 0.4717 0.0000
vt 0.5781 0.0020 0.0000
vt 0.6631 0.4717 0.0000
vt 0.9980 0.0020 0.0000
vt 0.8877 0.4717 0.0000
vt 0.5781 0.0020 0.0000
vt 0.6631 0.4717 0.0000
vt 0.9980 0.0020 0.0000
vt 0.8877 0.4717 0.0000
vt 0.5781 0.0020 0.0000
vt 0.6631 0.4717 0.0000
vt 0.9980 0.0020 0.0000
vt 0.8877 0.4717 0.0000
vt 0.5781 0.0020 0.0000
vt 0.6631 0.4717 0.0000
vt 0.9980 0.0020 0.0000
vt 0.8877 0.4717 0.0000
vt 0.5781 0.0020 0.0000
vt 0.6631 0.4717 0.0000
vt 0.9980 0.0020 0.0000
vt 0.8877 0.4717 0.0000
vt 0.9980 0.0020 0.0000
vt 0.5781 0.0020 0.0000
vt 0.8877 0.4717 0.0000
vt 0.6631 0.4717 0.0000
vt 0.5781 0.0020 0.0000
vt 0.6631 0.4717 0.0000
vt 0.9980 0.0020 0.0000
vt 0.8877 0.4717 0.0000
vt 0.5781 0.0020 0.0000
vt 0.6631 0.4717 0.0000
vt 0.9980 0.0020 0.0000
vt 0.8877 0.4717 0.0000
vt 0.5781 0.0020 0.0000
vt 0.6631 0.4717 0.0000
vt 0.9980 0.0020 0.0000
vt 0.8877 0.4717 0.0000
vt 0.5781 0.0020 0.0000
vt 0.6631 0.4717 0.0000
vt 0.9980 0.0020 0.0000
vt 0.8877 0.4717 0.0000
vt 0.5781 0.0020 0.0000
vt 0.6631 0.4717 0.0000
vt 0.9980 0.0020 0.0000
vt 0.8877 0.4717 0.0000
vt 0.5781 0.0020 0.0000
vt 0.6631 0.4717 0.0000
vt 0.9980 0.0020 0.0000
vt 0.8877 0.4717 0.0000
vt 0.5781 0.0020 0.0000
vt 0.6631 0.4717 0.0000
vt 0.9980 0.0020 0.0000
vt 0.8877 0.4717 0.0000
vt 0.5781 0.0020 0.0000
vt 0.6631 0.4717 0.0000
vt 0.9980 0.0020 0.0000
vt 0.8877 0.4717 0.0000
vt 0.5781 0.0020 0.0000
vt 0.6631 0.4717 0.0000
vt 0.9980 0.0020 0.0000
vt 0.8877 0.4717 0.0000
vt 0.5781 0.0020 0.0000
vt 0.6631 0.4717 0.0000
vt 0.9980 0.0020 0.0000
vt 0.8877 0.4717 0.0000
vt 0.9980 0.0020 0.0000
vt 0.5781 0.0020 0.0000
vt 0.8877 0.4717 0.0000
vt 0.6631 0.4717 0.0000
vt 0.5781 0.0020 0.0000
vt 0.6631 0.4717 0.0000
vt 0.9980 0.0020 0.0000
vt 0.8877 0.4717 0.0000
vt 0.5781 0.0020 0.0000
vt 0.6631 0.4717 0.0000
vt 0.9980 0.0020 0.0000
vt 0.8877 0.4717 0.0000
vt 0.5781 0.0020 0.0000
vt 0.6631 0.4717 0.0000
vt 0.9980 0.0020 0.0000
vt 0.8877 0.4717 0.0000
vt 0.5781 0.0020 0.0000
vt 0.6631 0.4717 0.0000
vt 0.9980 0.0020 0.0000
vt 0.8877 0.4717 0.0000
vt 0.5781 0.0020 0.0000
vt 0.6631 0.4717 0.0000
vt 0.9980 0.0020 0.0000
vt 0.8877 0.4717 0.0000
vt 0.9980 0.0020 0.0000
vt 0.5781 0.0020 0.0000
vt 0.8877 0.4717 0.0000
vt 0.6631 0.4717 0.0000
vt 0.5781 0.0020 0.0000
vt 0.6631 0.4717 0.0000
vt 0.9980 0.0020 0.0000
vt 0.8877 0.4717 0.0000
vt 0.5781 0.0020 0.0000
vt 0.6631 0.4717 0.0000
vt 0.9980 0.0020 0.0000
vt 0.8877 0.4717 0.0000
vt 0.5781 0.0020 0.0000
vt 0.6631 0.4717 0.0000
vt 0.9980 0.0020 0.0000
vt 0.8877 0.4717 0.0000
vt 0.5781 0.0020 0.0000
vt 0.6631 0.4717 0.0000
vt 0.9980 0.0020 0.0000
vt 0.8877 0.4717 0.0000
vt 0.5781 0.0020 0.0000
vt 0.6631 0.4717 0.0000
vt 0.9980 0.0020 0.0000
vt 0.8877 0.4717 0.0000
vt 0.9980 0.0020 0.0000
vt 0.5781 0.0020 0.0000
vt 0.8877 0.4717 0.0000
vt 0.6631 0.4717 0.0000
vt 0.5781 0.0020 0.0000
vt 0.6631 0.4717 0.0000
vt 0.9980 0.0020 0.0000
vt 0.8877 0.4717 0.0000
vt 0.5781 0.0020 0.0000
vt 0.6631 0.4717 0.0000
vt 0.9980 0.0020 0.0000
vt 0.8877 0.4717 0.0000
vt 0.5781 0.0020 0.0000
vt 0.6631 0.4717 0.0000
vt 0.9980 0.0020 0.0000
vt 0.8877 0.4717 0.0000
vt 0.9980 0.0020 0.0000
vt 0.5781 0.0020 0.0000
vt 0.8877 0.4717 0.0000
vt 0.6631 0.4717 0.0000
vt 0.9980 0.0020 0.0000
vt 0.5781 0.0020 0.0000
vt 0.8877 0.4717 0.0000
vt 0.6631 0.4717 0.0000
vt 0.9980 0.0020 0.0000
vt 0.5781 0.0020 0.0000
vt 0.8877 0.4717 0.0000
vt 0.6631 0.4717 0.0000
vt 0.5781 0.0020 0.0000
vt 0.6631 0.4717 0.0000
vt 0.9980 0.0020 0.0000
vt 0.8877 0.4717 0.0000
vt 0.5781 0.0020 0.0000
vt 0.6631 0.4717 0.0000
vt 0.9980 0.0020 0.0000
vt 0.8877 0.4717 0.0000
vt 0.9980 0.0020 0.0000
vt 0.5781 0.0020 0.0000
vt 0.8877 0.4717 0.0000
vt 0.6631 0.4717 0.0000
vt 0.5781 0.0020 0.0000
vt 0.6631 0.4717 0.0000
vt 0.9980 0.0020 0.0000
vt 0.8877 0.4717 0.0000
vt 0.8877 0.4717 0.0000
vt 0.9424 0.2412 0.0000
vt 0.6631 0.4717 0.0000
vt 0.6221 0.2412 0.0000
vt 0.9980 0.0020 0.0000
vt 0.5781 0.0020 0.0000
vt 0.8877 0.4717 0.0000
vt 0.9424 0.2412 0.0000
vt 0.6631 0.4717 0.0000
vt 0.6221 0.2412 0.0000
vt 0.9980 0.0020 0.0000
vt 0.5781 0.0020 0.0000
vt 0.8877 0.4717 0.0000
vt 0.9424 0.2412 0.0000
vt 0.6631 0.4717 0.0000
vt 0.6221 0.2412 0.0000
vt 0.9980 0.0020 0.0000
vt 0.5781 0.0020 0.0000
vt 0.8877 0.4717 0.0000
vt 0.9424 0.2412 0.0000
vt 0.6631 0.4717 0.0000
vt 0.6221 0.2412 0.0000
vt 0.9980 0.0020 0.0000
vt 0.5781 0.0020 0.0000
vt 0.8877 0.4717 0.0000
vt 0.9424 0.2412 0.0000
vt 0.6631 0.4717 0.0000
vt 0.6221 0.2412 0.0000
vt 0.9980 0.0020 0.0000
vt 0.5781 0.0020 0.0000
vt 0.8877 0.4717 0.0000
vt 0.9424 0.2412 0.0000
vt 0.6631 0.4717 0.0000
vt 0.6221 0.2412 0.0000
vt 0.9980 0.0020 0.0000
vt 0.5781 0.0020 0.0000
vt 0.8877 0.4717 0.0000
vt 0.9424 0.2412 0.0000
vt 0.6631 0.4717 0.0000
vt 0.6221 0.2412 0.0000
vt 0.9980 0.0020 0.0000
vt 0.5781 0.0020 0.0000
vt 0.8877 0.4717 0.0000
vt 0.9424 0.2412 0.0000
vt 0.6631 0.4717 0.0000
vt 0.6221 0.2412 0.0000
vt 0.9980 0.0020 0.0000
vt 0.5781 0.0020 0.0000
vt 0.9980 0.0020 0.0000
vt 0.5781 0.0020 0.0000
vt 0.9424 0.2412 0.0000
vt 0.6221 0.2412 0.0000
vt 0.6631 0.4717 0.0000
vt 0.8877 0.4717 0.0000
vt 0.9980 0.0020 0.0000
vt 0.5781 0.0020 0.0000
vt 0.9424 0.2412 0.0000
vt 0.6221 0.2412 0.0000
vt 0.6631 0.4717 0.0000
vt 0.8877 0.4717 0.0000
vt 0.9980 0.0020 0.0000
vt 0.5781 0.0020 0.0000
vt 0.9424 0.2412 0.0000
vt 0.6221 0.2412 0.0000
vt 0.6631 0.4717 0.0000
vt 0.8877 0.4717 0.0000
vt 0.9980 0.0020 0.0000
vt 0.5781 0.0020 0.0000
vt 0.9424 0.2412 0.0000
vt 0.6221 0.2412 0.0000
vt 0.6631 0.4717 0.0000
vt 0.8877 0.4717 0.0000
vt 0.7100 0.4839 0.0000
vt 0.6812 0.4839 0.0000
vt 0.7012 0.5073 0.0000
vt 0.7544 0.4839 0.0000
vt 0.7427 0.5376 0.0000
vt 0.7886 0.4839 0.0000
vt 0.7808 0.5532 0.0000
vt 0.8169 0.4839 0.0000
vt 0.8145 0.5605 0.0000
vt 0.8418 0.4839 0.0000
vt 0.8452 0.5623 0.0000
vt 0.8662 0.4839 0.0000
vt 0.8735 0.5579 0.0000
vt 0.8906 0.4839 0.0000
vt 0.9009 0.5505 0.0000
vt 0.9160 0.4839 0.0000
vt 0.9277 0.5393 0.0000
vt 0.9434 0.4839 0.0000
vt 0.9551 0.5232 0.0000
vt 0.9766 0.4839 0.0000
vt 0.9829 0.4990 0.0000
vt 0.9961 0.4839 0.0000
vt 0.9946 0.5049 0.0000
vt 0.9800 0.5457 0.0000
vt 0.9556 0.5784 0.0000
vt 0.9258 0.6030 0.0000
vt 0.8916 0.6201 0.0000
vt 0.8530 0.6296 0.0000
vt 0.8057 0.6291 0.0000
vt 0.7573 0.6108 0.0000
vt 0.7134 0.5737 0.0000
vt 0.6851 0.5168 0.0000
vt 0.7012 0.5073 0.0000
vt 0.7427 0.5376 0.0000
vt 0.7808 0.5532 0.0000
vt 0.8145 0.5605 0.0000
vt 0.8452 0.5623 0.0000
vt 0.8735 0.5579 0.0000
vt 0.9009 0.5505 0.0000
vt 0.9277 0.5393 0.0000
vt 0.9551 0.5232 0.0000
vt 0.9829 0.4990 0.0000
vt 0.9766 0.4839 0.0000
vt 0.9434 0.4839 0.0000
vt 0.9160 0.4839 0.0000
vt 0.8906 0.4839 0.0000
vt 0.8662 0.4839 0.0000
vt 0.8418 0.4839 0.0000
vt 0.8169 0.4839 0.0000
vt 0.7886 0.4839 0.0000
vt 0.7544 0.4839 0.0000
vt 0.7100 0.4839 0.0000
vt 0.7100 0.4839 0.0000
vt 0.6812 0.4839 0.0000
vt 0.7012 0.5073 0.0000
vt 0.7544 0.4839 0.0000
vt 0.7427 0.5376 0.0000
vt 0.7886 0.4839 0.0000
vt 0.7808 0.5532 0.0000
vt 0.8169 0.4839 0.0000
vt 0.8145 0.5605 0.0000
vt 0.8418 0.4839 0.0000
vt 0.8452 0.5623 0.0000
vt 0.8662 0.4839 0.0000
vt 0.8735 0.5579 0.0000
vt 0.8906 0.4839 0.0000
vt 0.9009 0.5505 0.0000
vt 0.9160 0.4839 0.0000
vt 0.9277 0.5393 0.0000
vt 0.9434 0.4839 0.0000
vt 0.9551 0.5232 0.0000
vt 0.9766 0.4839 0.0000
vt 0.9829 0.4990 0.0000
vt 0.9961 0.4839 0.0000
vt 0.9946 0.5049 0.0000
vt 0.9800 0.5457 0.0000
vt 0.9556 0.5784 0.0000
vt 0.9258 0.6030 0.0000
vt 0.8916 0.6201 0.0000
vt 0.8530 0.6296 0.0000
vt 0.8057 0.6291 0.0000
vt 0.7573 0.6108 0.0000
vt 0.7134 0.5737 0.0000
vt 0.6851 0.5168 0.0000
vt 0.7012 0.5073 0.0000
vt 0.7427 0.5376 0.0000
vt 0.7808 0.5532 0.0000
vt 0.8145 0.5605 0.0000
vt 0.8452 0.5623 0.0000
vt 0.8735 0.5579 0.0000
vt 0.9009 0.5505 0.0000
vt 0.9277 0.5393 0.0000
vt 0.9551 0.5232 0.0000
vt 0.9829 0.4990 0.0000
vt 0.9766 0.4839 0.0000
vt 0.9434 0.4839 0.0000
vt 0.9160 0.4839 0.0000
vt 0.8906 0.4839 0.0000
vt 0.8662 0.4839 0.0000
vt 0.8418 0.4839 0.0000
vt 0.8169 0.4839 0.0000
vt 0.7886 0.4839 0.0000
vt 0.7544 0.4839 0.0000
vt 0.7100 0.4839 0.0000
vt 0.7100 0.4839 0.0000
vt 0.6812 0.4839 0.0000
vt 0.7012 0.5073 0.0000
vt 0.7544 0.4839 0.0000
vt 0.7427 0.5376 0.0000
vt 0.7886 0.4839 0.0000
vt 0.7808 0.5532 0.0000
vt 0.8169 0.4839 0.0000
vt 0.8145 0.5605 0.0000
vt 0.8418 0.4839 0.0000
vt 0.8452 0.5623 0.0000
vt 0.8662 0.4839 0.0000
vt 0.8735 0.5579 0.0000
vt 0.8906 0.4839 0.0000
vt 0.9009 0.5505 0.0000
vt 0.9160 0.4839 0.0000
vt 0.9277 0.5393 0.0000
vt 0.9434 0.4839 0.0000
vt 0.9551 0.5232 0.0000
vt 0.9766 0.4839 0.0000
vt 0.9829 0.4990 0.0000
vt 0.9961 0.4839 0.0000
vt 0.9946 0.5049 0.0000
vt 0.9800 0.5457 0.0000
vt 0.9556 0.5784 0.0000
vt 0.9258 0.6030 0.0000
vt 0.8916 0.6201 0.0000
vt 0.8530 0.6296 0.0000
vt 0.8057 0.6291 0.0000
vt 0.7573 0.6108 0.0000
vt 0.7134 0.5737 0.0000
vt 0.6851 0.5168 0.0000
vt 0.7012 0.5073 0.0000
vt 0.7427 0.5376 0.0000
vt 0.7808 0.5532 0.0000
vt 0.8145 0.5605 0.0000
vt 0.8452 0.5623 0.0000
vt 0.8735 0.5579 0.0000
vt 0.9009 0.5505 0.0000
vt 0.9277 0.5393 0.0000
vt 0.9551 0.5232 0.0000
vt 0.9829 0.4990 0.0000
vt 0.9766 0.4839 0.0000
vt 0.9434 0.4839 0.0000
vt 0.9160 0.4839 0.0000
vt 0.8906 0.4839 0.0000
vt 0.8662 0.4839 0.0000
vt 0.8418 0.4839 0.0000
vt 0.8169 0.4839 0.0000
vt 0.7886 0.4839 0.0000
vt 0.7544 0.4839 0.0000
vt 0.7100 0.4839 0.0000
vt 0.7100 0.4839 0.0000
vt 0.6812 0.4839 0.0000
vt 0.7012 0.5073 0.0000
vt 0.7544 0.4839 0.0000
vt 0.7427 0.5376 0.0000
vt 0.7886 0.4839 0.0000
vt 0.7808 0.5532 0.0000
vt 0.8169 0.4839 0.0000
vt 0.8145 0.5605 0.0000
vt 0.8418 0.4839 0.0000
vt 0.8452 0.5623 0.0000
vt 0.8662 0.4839 0.0000
vt 0.8735 0.5579 0.0000
vt 0.8906 0.4839 0.0000
vt 0.9009 0.5505 0.0000
vt 0.9160 0.4839 0.0000
vt 0.9277 0.5393 0.0000
vt 0.9434 0.4839 0.0000
vt 0.9551 0.5232 0.0000
vt 0.9766 0.4839 0.0000
vt 0.9829 0.4990 0.0000
vt 0.9961 0.4839 0.0000
vt 0.9946 0.5049 0.0000
vt 0.9800 0.5457 0.0000
vt 0.9556 0.5784 0.0000
vt 0.9258 0.6030 0.0000
vt 0.8916 0.6201 0.0000
vt 0.8530 0.6296 0.0000
vt 0.8057 0.6291 0.0000
vt 0.7573 0.6108 0.0000
vt 0.7134 0.5737 0.0000
vt 0.6851 0.5168 0.0000
vt 0.7012 0.5073 0.0000
vt 0.7427 0.5376 0.0000
vt 0.7808 0.5532 0.0000
vt 0.8145 0.5605 0.0000
vt 0.8452 0.5623 0.0000
vt 0.8735 0.5579 0.0000
vt 0.9009 0.5505 0.0000
vt 0.9277 0.5393 0.0000
vt 0.9551 0.5232 0.0000
vt 0.9829 0.4990 0.0000
vt 0.9766 0.4839 0.0000
vt 0.9434 0.4839 0.0000
vt 0.9160 0.4839 0.0000
vt 0.8906 0.4839 0.0000
vt 0.8662 0.4839 0.0000
vt 0.8418 0.4839 0.0000
vt 0.8169 0.4839 0.0000
vt 0.7886 0.4839 0.0000
vt 0.7544 0.4839 0.0000
vt 0.7100 0.4839 0.0000
vt 0.6880 0.5283 0.0000
vt 0.7036 0.5176 0.0000
vt 0.7202 0.5823 0.0000
vt 0.7109 0.5020 0.0000
vt 0.7559 0.5085 0.0000
vt 0.7900 0.5110 0.0000
vt 0.8184 0.5117 0.0000
vt 0.8428 0.5112 0.0000
vt 0.8677 0.5088 0.0000
vt 0.8916 0.5056 0.0000
vt 0.9165 0.5015 0.0000
vt 0.9438 0.4961 0.0000
vt 0.9766 0.4868 0.0000
vt 0.9829 0.4971 0.0000
vt 0.9556 0.5217 0.0000
vt 0.9292 0.5386 0.0000
vt 0.9028 0.5503 0.0000
vt 0.8765 0.5584 0.0000
vt 0.8486 0.5635 0.0000
vt 0.8184 0.5632 0.0000
vt 0.7847 0.5579 0.0000
vt 0.7466 0.5449 0.0000
vt 0.7651 0.6155 0.0000
vt 0.8130 0.6301 0.0000
vt 0.8584 0.6284 0.0000
vt 0.8955 0.6184 0.0000
vt 0.9287 0.6011 0.0000
vt 0.9575 0.5764 0.0000
vt 0.9810 0.5437 0.0000
vt 0.9946 0.5029 0.0000
vt 0.7109 0.5020 0.0000
vt 0.7036 0.5176 0.0000
vt 0.7466 0.5449 0.0000
vt 0.7847 0.5579 0.0000
vt 0.8184 0.5632 0.0000
vt 0.8486 0.5635 0.0000
vt 0.8765 0.5584 0.0000
vt 0.9028 0.5503 0.0000
vt 0.9292 0.5386 0.0000
vt 0.9556 0.5217 0.0000
vt 0.9829 0.4971 0.0000
vt 0.9766 0.4868 0.0000
vt 0.9438 0.4961 0.0000
vt 0.9165 0.5015 0.0000
vt 0.8916 0.5056 0.0000
vt 0.8677 0.5088 0.0000
vt 0.8428 0.5112 0.0000
vt 0.8184 0.5117 0.0000
vt 0.7900 0.5110 0.0000
vt 0.7559 0.5085 0.0000
vt 0.6880 0.5283 0.0000
vt 0.7036 0.5176 0.0000
vt 0.7202 0.5823 0.0000
vt 0.7109 0.5020 0.0000
vt 0.7559 0.5085 0.0000
vt 0.7900 0.5110 0.0000
vt 0.8184 0.5117 0.0000
vt 0.8428 0.5112 0.0000
vt 0.8677 0.5088 0.0000
vt 0.8916 0.5056 0.0000
vt 0.9165 0.5015 0.0000
vt 0.9438 0.4961 0.0000
vt 0.9766 0.4868 0.0000
vt 0.9829 0.4971 0.0000
vt 0.9556 0.5217 0.0000
vt 0.9292 0.5386 0.0000
vt 0.9028 0.5503 0.0000
vt 0.8765 0.5584 0.0000
vt 0.8486 0.5635 0.0000
vt 0.8184 0.5632 0.0000
vt 0.7847 0.5579 0.0000
vt 0.7466 0.5449 0.0000
vt 0.7651 0.6155 0.0000
vt 0.8130 0.6301 0.0000
vt 0.8584 0.6284 0.0000
vt 0.8955 0.6184 0.0000
vt 0.9287 0.6011 0.0000
vt 0.9575 0.5764 0.0000
vt 0.9810 0.5437 0.0000
vt 0.9946 0.5029 0.0000
vt 0.7109 0.5020 0.0000
vt 0.7036 0.5176 0.0000
vt 0.7466 0.5449 0.0000
vt 0.7847 0.5579 0.0000
vt 0.8184 0.5632 0.0000
vt 0.8486 0.5635 0.0000
vt 0.8765 0.5584 0.0000
vt 0.9028 0.5503 0.0000
vt 0.9292 0.5386 0.0000
vt 0.9556 0.5217 0.0000
vt 0.9829 0.4971 0.0000
vt 0.9766 0.4868 0.0000
vt 0.9438 0.4961 0.0000
vt 0.9165 0.5015 0.0000
vt 0.8916 0.5056 0.0000
vt 0.8677 0.5088 0.0000
vt 0.8428 0.5112 0.0000
vt 0.8184 0.5117 0.0000
vt 0.7900 0.5110 0.0000
vt 0.7559 0.5085 0.0000
vt 0.6880 0.5283 0.0000
vt 0.7036 0.5176 0.0000
vt 0.7202 0.5823 0.0000
vt 0.7109 0.5020 0.0000
vt 0.7559 0.5085 0.0000
vt 0.7900 0.5110 0.0000
vt 0.8184 0.5117 0.0000
vt 0.8428 0.5112 0.0000
vt 0.8677 0.5088 0.0000
vt 0.8916 0.5056 0.0000
vt 0.9165 0.5015 0.0000
vt 0.9438 0.4961 0.0000
vt 0.9766 0.4868 0.0000
vt 0.9829 0.4971 0.0000
vt 0.9556 0.5217 0.0000
vt 0.9292 0.5386 0.0000
vt 0.9028 0.5503 0.0000
vt 0.8765 0.5584 0.0000
vt 0.8486 0.5635 0.0000
vt 0.8184 0.5632 0.0000
vt 0.7847 0.5579 0.0000
vt 0.7466 0.5449 0.0000
vt 0.7651 0.6155 0.0000
vt 0.8130 0.6301 0.0000
vt 0.8584 0.6284 0.0000
vt 0.8955 0.6184 0.0000
vt 0.9287 0.6011 0.0000
vt 0.9575 0.5764 0.0000
vt 0.9810 0.5437 0.0000
vt 0.9946 0.5029 0.0000
vt 0.7109 0.5020 0.0000
vt 0.7036 0.5176 0.0000
vt 0.7466 0.5449 0.0000
vt 0.7847 0.5579 0.0000
vt 0.8184 0.5632 0.0000
vt 0.8486 0.5635 0.0000
vt 0.8765 0.5584 0.0000
vt 0.9028 0.5503 0.0000
vt 0.9292 0.5386 0.0000
vt 0.9556 0.5217 0.0000
vt 0.9829 0.4971 0.0000
vt 0.9766 0.4868 0.0000
vt 0.9438 0.4961 0.0000
vt 0.9165 0.5015 0.0000
vt 0.8916 0.5056 0.0000
vt 0.8677 0.5088 0.0000
vt 0.8428 0.5112 0.0000
vt 0.8184 0.5117 0.0000
vt 0.7900 0.5110 0.0000
vt 0.7559 0.5085 0.0000
vt 0.6880 0.5283 0.0000
vt 0.7036 0.5176 0.0000
vt 0.7202 0.5823 0.0000
vt 0.7109 0.5020 0.0000
vt 0.7559 0.5085 0.0000
vt 0.7900 0.5110 0.0000
vt 0.8184 0.5117 0.0000
vt 0.8428 0.5112 0.0000
vt 0.8677 0.5088 0.0000
vt 0.8916 0.5056 0.0000
vt 0.9165 0.5015 0.0000
vt 0.9438 0.4961 0.0000
vt 0.9766 0.4868 0.0000
vt 0.9829 0.4971 0.0000
vt 0.9556 0.5217 0.0000
vt 0.9292 0.5386 0.0000
vt 0.9028 0.5503 0.0000
vt 0.8765 0.5584 0.0000
vt 0.8486 0.5635 0.0000
vt 0.8184 0.5632 0.0000
vt 0.7847 0.5579 0.0000
vt 0.7466 0.5449 0.0000
vt 0.7651 0.6155 0.0000
vt 0.8130 0.6301 0.0000
vt 0.8584 0.6284 0.0000
vt 0.8955 0.6184 0.0000
vt 0.9287 0.6011 0.0000
vt 0.9575 0.5764 0.0000
vt 0.9810 0.5437 0.0000
vt 0.9946 0.5029 0.0000
vt 0.7109 0.5020 0.0000
vt 0.7036 0.5176 0.0000
vt 0.7466 0.5449 0.0000
vt 0.7847 0.5579 0.0000
vt 0.8184 0.5632 0.0000
vt 0.8486 0.5635 0.0000
vt 0.8765 0.5584 0.0000
vt 0.9028 0.5503 0.0000
vt 0.9292 0.5386 0.0000
vt 0.9556 0.5217 0.0000
vt 0.9829 0.4971 0.0000
vt 0.9766 0.4868 0.0000
vt 0.9438 0.4961 0.0000
vt 0.9165 0.5015 0.0000
vt 0.8916 0.5056 0.0000
vt 0.8677 0.5088 0.0000
vt 0.8428 0.5112 0.0000
vt 0.8184 0.5117 0.0000
vt 0.7900 0.5110 0.0000
vt 0.7559 0.5085 0.0000
# 2064 texture coords

o SM_Urchin_Group_01_LOD0
g SM_Urchin_Group_01_LOD0
usemtl MAT_Urchin
s 1
f 4/3/1 2/2/2 1/1/3 
f 4/3/4 3/4/5 2/2/6 
f 8/7/7 6/6/8 5/5/9 
f 8/7/10 7/8/11 6/6/12 
f 10/11/13 11/10/14 9/9/15 
f 10/11/16 12/12/17 11/10/18 
f 14/15/19 15/14/20 13/13/21 
f 14/15/22 16/16/23 15/14/24 
f 18/19/25 19/18/26 17/17/27 
f 18/19/28 20/20/29 19/18/30 
f 24/23/31 22/22/32 21/21/33 
f 24/23/34 23/24/35 22/22/36 
f 28/27/37 26/26/38 25/25/39 
f 28/27/40 27/28/41 26/26/42 
f 30/31/43 31/30/44 29/29/45 
f 30/31/46 32/32/47 31/30/48 
f 36/35/49 34/34/50 33/33/51 
f 36/35/52 35/36/53 34/34/54 
f 39/39/55 38/38/56 37/37/57 
f 39/39/58 40/40/59 38/38/60 
f 43/43/61 42/42/62 41/41/63 
f 43/43/64 44/44/65 42/42/66 
f 46/47/67 47/46/68 45/45/69 
f 46/47/70 48/48/71 47/46/72 
f 50/51/73 51/50/74 49/49/75 
f 50/51/76 52/52/77 51/50/78 
f 55/55/79 54/54/80 53/53/81 
f 55/55/82 56/56/83 54/54/84 
f 58/59/85 59/58/86 57/57/87 
f 58/59/88 60/60/89 59/58/90 
f 63/63/91 62/62/92 61/61/93 
f 63/63/94 64/64/95 62/62/96 
f 67/67/97 66/66/98 65/65/99 
f 67/67/100 68/68/101 66/66/102 
f 70/71/103 71/70/104 69/69/105 
f 70/71/106 72/72/107 71/70/108 
f 74/75/109 75/74/110 73/73/111 
f 74/75/112 76/76/113 75/74/114 
f 80/79/115 78/78/116 77/77/117 
f 80/79/118 79/80/119 78/78/120 
f 84/83/121 82/82/122 81/81/123 
f 84/83/124 83/84/125 82/82/126 
f 88/87/127 86/86/128 85/85/129 
f 88/87/130 87/88/131 86/86/132 
f 91/91/133 90/90/134 89/89/135 
f 91/91/136 92/92/137 90/90/138 
f 96/95/139 94/94/140 93/93/141 
f 96/95/142 95/96/143 94/94/144 
f 100/99/145 98/98/146 97/97/147 
f 100/99/148 99/100/149 98/98/150 
f 102/103/151 103/102/152 101/101/153 
f 102/103/154 104/104/155 103/102/156 
f 108/107/157 106/106/158 105/105/159 
f 108/107/160 107/108/161 106/106/162 
f 110/111/163 111/110/164 109/109/165 
f 110/111/166 112/112/167 111/110/168 
f 115/115/169 114/114/170 113/113/171 
f 115/115/172 116/116/173 114/114/174 
f 120/119/175 118/118/176 117/117/177 
f 120/119/178 119/120/179 118/118/180 
f 123/123/181 122/122/182 121/121/183 
f 123/123/184 124/124/185 122/122/186 
f 128/127/187 126/126/188 125/125/189 
f 128/127/190 127/128/191 126/126/192 
f 132/131/193 130/130/194 129/129/195 
f 132/131/196 131/132/197 130/130/198 
f 136/135/199 134/134/200 133/133/201 
f 136/135/202 135/136/203 134/134/204 
f 139/139/205 138/138/206 137/137/207 
f 139/139/208 140/140/209 138/138/210 
f 144/143/211 142/142/212 141/141/213 
f 144/143/214 143/144/215 142/142/216 
f 147/147/217 146/146/218 145/145/219 
f 147/147/220 148/148/221 146/146/222 
f 151/151/223 150/150/224 149/149/225 
f 151/151/226 152/152/227 150/150/228 
f 156/155/229 154/154/230 153/153/231 
f 156/155/232 155/156/233 154/154/234 
f 160/159/235 158/158/236 157/157/237 
f 160/159/238 159/160/239 158/158/240 
f 164/163/241 162/162/242 161/161/243 
f 164/163/244 163/164/245 162/162/246 
f 168/167/247 166/166/248 165/165/249 
f 168/167/250 167/168/251 166/166/252 
f 172/171/253 170/170/254 169/169/255 
f 172/171/256 171/172/257 170/170/258 
f 176/175/259 174/174/260 173/173/261 
f 176/175/262 175/176/263 174/174/264 
f 180/179/265 178/178/266 177/177/267 
f 180/179/268 179/180/269 178/178/270 
f 183/183/271 182/182/272 181/181/273 
f 183/183/274 184/184/275 182/182/276 
f 187/187/277 186/186/278 185/185/279 
f 187/187/280 188/188/281 186/186/282 
f 190/191/283 191/190/284 189/189/285 
f 190/191/286 192/192/287 191/190/288 
f 195/195/289 194/194/290 193/193/291 
f 195/195/292 196/196/293 194/194/294 
f 200/199/295 198/198/296 197/197/297 
f 200/199/298 199/200/299 198/198/300 
f 203/203/301 202/202/302 201/201/303 
f 203/203/304 204/204/305 202/202/306 
f 207/207/307 206/206/308 205/205/309 
f 207/207/310 208/208/311 206/206/312 
f 211/211/313 210/210/314 209/209/315 
f 211/211/316 212/212/317 210/210/318 
f 216/215/319 214/214/320 213/213/321 
f 216/215/322 215/216/323 214/214/324 
f 220/219/325 218/218/326 217/217/327 
f 220/219/328 219/220/329 218/218/330 
f 224/223/331 222/222/332 221/221/333 
f 224/223/334 223/224/335 222/222/336 
f 228/227/337 226/226/338 225/225/339 
f 228/227/340 227/228/341 226/226/342 
f 232/231/343 230/230/344 229/229/345 
f 232/231/346 231/232/347 230/230/348 
f 234/235/349 235/234/350 233/233/351 
f 234/235/352 236/236/353 235/234/354 
f 240/239/355 238/238/356 237/237/357 
f 240/239/358 239/240/359 238/238/360 
f 244/243/361 242/242/362 241/241/363 
f 244/243/364 243/244/365 242/242/366 
f 247/247/367 246/246/368 245/245/369 
f 247/247/370 248/248/371 246/246/372 
f 252/251/373 250/250/374 249/249/375 
f 252/251/376 251/252/377 250/250/378 
f 254/255/379 255/254/380 253/253/381 
f 254/255/382 256/256/383 255/254/384 
f 260/259/385 258/258/386 257/257/387 
f 260/259/388 259/260/389 258/258/390 
f 263/263/391 262/262/392 261/261/393 
f 263/263/394 264/264/395 262/262/396 
f 266/267/397 267/266/398 265/265/399 
f 266/267/400 268/268/401 267/266/402 
f 270/271/403 271/270/404 269/269/405 
f 270/271/406 272/272/407 271/270/408 
f 274/275/409 275/274/410 273/273/411 
f 274/275/412 276/276/413 275/274/414 
f 279/279/415 278/278/416 277/277/417 
f 279/279/418 280/280/419 278/278/420 
f 284/283/421 282/282/422 281/281/423 
f 284/283/424 283/284/425 282/282/426 
f 288/287/427 286/286/428 285/285/429 
f 288/287/430 287/288/431 286/286/432 
f 290/291/433 291/290/434 289/289/435 
f 290/291/436 292/292/437 291/290/438 
f 296/295/439 294/294/440 293/293/441 
f 296/295/442 295/296/443 294/294/444 
f 300/299/445 298/298/446 297/297/447 
f 300/299/448 299/300/449 298/298/450 
f 304/303/451 302/302/452 301/301/453 
f 304/303/454 303/304/455 302/302/456 
f 307/307/457 306/306/458 305/305/459 
f 307/307/460 308/308/461 306/306/462 
f 311/311/463 310/310/464 309/309/465 
f 311/311/466 312/312/467 310/310/468 
f 316/315/469 314/314/470 313/313/471 
f 316/315/472 315/316/473 314/314/474 
f 320/319/475 318/318/476 317/317/477 
f 320/319/478 319/320/479 318/318/480 
f 324/323/481 322/322/482 321/321/483 
f 324/323/484 323/324/485 322/322/486 
f 327/327/487 326/326/488 325/325/489 
f 327/327/490 328/328/491 326/326/492 
f 332/331/493 330/330/494 329/329/495 
f 332/331/496 331/332/497 330/330/498 
f 334/335/499 335/334/500 333/333/501 
f 334/335/502 336/336/503 335/334/504 
f 338/339/505 339/338/506 337/337/507 
f 338/339/508 340/340/509 339/338/510 
f 343/343/511 342/342/512 341/341/513 
f 343/343/514 344/344/515 342/342/516 
f 348/347/517 346/346/518 345/345/519 
f 348/347/520 347/348/521 346/346/522 
f 352/351/523 350/350/524 349/349/525 
f 352/351/526 351/352/527 350/350/528 
f 356/355/529 354/354/530 353/353/531 
f 356/355/532 355/356/533 354/354/534 
f 360/359/535 358/358/536 357/357/537 
f 360/359/538 359/360/539 358/358/540 
f 362/363/541 363/362/542 361/361/543 
f 362/363/544 364/364/545 363/362/546 
f 366/367/547 367/366/548 365/365/549 
f 366/367/550 368/368/551 367/366/552 
f 371/371/553 370/370/554 369/369/555 
f 371/371/556 372/372/557 370/370/558 
f 375/375/559 374/374/560 373/373/561 
f 375/375/562 376/376/563 374/374/564 
f 380/379/565 378/378/566 377/377/567 
f 380/379/568 379/380/569 378/378/570 
f 384/383/571 382/382/572 381/381/573 
f 384/383/574 383/384/575 382/382/576 
f 388/387/577 386/386/578 385/385/579 
f 388/387/580 387/388/581 386/386/582 
f 390/391/583 391/390/584 389/389/585 
f 390/391/586 392/392/587 391/390/588 
f 395/395/589 394/394/590 393/393/591 
f 395/395/592 396/396/593 394/394/594 
f 398/399/595 399/398/596 397/397/597 
f 398/399/598 400/400/599 399/398/600 
f 402/403/601 403/402/602 401/401/603 
f 402/403/604 404/404/605 403/402/606 
f 408/407/607 406/406/608 405/405/609 
f 408/407/610 407/408/611 406/406/612 
f 412/411/613 410/410/614 409/409/615 
f 412/411/616 411/412/617 410/410/618 
f 414/415/619 415/414/620 413/413/621 
f 414/415/622 416/416/623 415/414/624 
f 420/419/625 418/418/626 417/417/627 
f 420/419/628 419/420/629 418/418/630 
f 422/423/631 423/422/632 421/421/633 
f 422/423/634 424/424/635 423/422/636 
f 428/427/637 426/426/638 425/425/639 
f 428/427/640 427/428/641 426/426/642 
f 431/431/643 430/430/644 429/429/645 
f 431/431/646 432/432/647 430/430/648 
f 436/435/649 434/434/650 433/433/651 
f 436/435/652 435/436/653 434/434/654 
f 438/439/655 439/438/656 437/437/657 
f 438/439/658 440/440/659 439/438/660 
f 444/443/661 442/442/662 441/441/663 
f 444/443/664 443/444/665 442/442/666 
f 448/447/667 446/446/668 445/445/669 
f 448/447/670 447/448/671 446/446/672 
f 451/451/673 450/450/674 449/449/675 
f 451/451/676 452/452/677 450/450/678 
f 454/455/679 455/454/680 453/453/681 
f 454/455/682 456/456/683 455/454/684 
f 459/459/685 458/458/686 457/457/687 
f 459/459/688 460/460/689 458/458/690 
f 464/463/691 462/462/692 461/461/693 
f 464/463/694 463/464/695 462/462/696 
f 468/467/697 466/466/698 465/465/699 
f 468/467/700 467/468/701 466/466/702 
f 471/471/703 470/470/704 469/469/705 
f 471/471/706 472/472/707 470/470/708 
f 476/475/709 474/474/710 473/473/711 
f 476/475/712 475/476/713 474/474/714 
f 479/479/715 478/478/716 477/477/717 
f 479/479/718 480/480/719 478/478/720 
f 483/483/721 482/482/722 481/481/723 
f 483/483/724 484/484/725 482/482/726 
f 488/487/727 486/486/728 485/485/729 
f 488/487/730 487/488/731 486/486/732 
f 492/491/733 490/490/734 489/489/735 
f 492/491/736 491/492/737 490/490/738 
f 496/495/739 494/494/740 493/493/741 
f 496/495/742 495/496/743 494/494/744 
f 498/499/745 499/498/746 497/497/747 
f 498/499/748 500/500/749 499/498/750 
f 504/503/751 502/502/752 501/501/753 
f 504/503/754 503/504/755 502/502/756 
f 508/507/757 506/506/758 505/505/759 
f 508/507/760 507/508/761 506/506/762 
f 512/511/763 510/510/764 509/509/765 
f 512/511/766 511/512/767 510/510/768 
f 514/515/769 515/514/770 513/513/771 
f 514/515/772 516/516/773 515/514/774 
f 519/519/775 518/518/776 517/517/777 
f 519/519/778 520/520/779 518/518/780 
f 524/523/781 522/522/782 521/521/783 
f 524/523/784 523/524/785 522/522/786 
f 528/527/787 526/526/788 525/525/789 
f 528/527/790 527/528/791 526/526/792 
f 530/531/793 531/530/794 529/529/795 
f 530/531/796 532/532/797 531/530/798 
f 535/535/799 534/534/800 533/533/801 
f 535/535/802 536/536/803 534/534/804 
f 539/539/805 538/538/806 537/537/807 
f 539/539/808 540/540/809 538/538/810 
f 542/543/811 543/542/812 541/541/813 
f 542/543/814 544/544/815 543/542/816 
f 546/547/817 547/546/818 545/545/819 
f 546/547/820 548/548/821 547/546/822 
f 552/551/823 550/550/824 549/549/825 
f 552/551/826 551/552/827 550/550/828 
f 556/555/829 554/554/830 553/553/831 
f 556/555/832 555/556/833 554/554/834 
f 560/559/835 558/558/836 557/557/837 
f 560/559/838 559/560/839 558/558/840 
f 564/563/841 562/562/842 561/561/843 
f 564/563/844 563/564/845 562/562/846 
f 566/567/847 567/566/848 565/565/849 
f 566/567/850 568/568/851 567/566/852 
f 572/571/853 570/570/854 569/569/855 
f 572/571/856 571/572/857 570/570/858 
f 575/575/859 574/574/860 573/573/861 
f 575/575/862 576/576/863 574/574/864 
f 580/579/865 578/578/866 577/577/867 
f 580/579/868 579/580/869 578/578/870 
f 584/583/871 582/582/872 581/581/873 
f 584/583/874 583/584/875 582/582/876 
f 588/587/877 586/586/878 585/585/879 
f 588/587/880 587/588/881 586/586/882 
f 592/591/883 590/590/884 589/589/885 
f 592/591/886 591/592/887 590/590/888 
f 596/595/889 594/594/890 593/593/891 
f 596/595/892 595/596/893 594/594/894 
f 599/599/895 598/598/896 597/597/897 
f 599/599/898 600/600/899 598/598/900 
f 604/603/901 602/602/902 601/601/903 
f 604/603/904 603/604/905 602/602/906 
f 606/607/907 607/606/908 605/605/909 
f 606/607/910 608/608/911 607/606/912 
f 612/611/913 610/610/914 609/609/915 
f 612/611/916 611/612/917 610/610/918 
f 616/615/919 614/614/920 613/613/921 
f 616/615/922 615/616/923 614/614/924 
f 619/619/925 618/618/926 617/617/927 
f 619/619/928 620/620/929 618/618/930 
f 624/623/931 622/622/932 621/621/933 
f 624/623/934 623/624/935 622/622/936 
f 626/627/937 627/626/938 625/625/939 
f 626/627/940 628/628/941 627/626/942 
f 630/631/943 631/630/944 629/629/945 
f 630/631/946 632/632/947 631/630/948 
f 634/635/949 635/634/950 633/633/951 
f 634/635/952 636/636/953 635/634/954 
f 640/639/955 638/638/956 637/637/957 
f 640/639/958 639/640/959 638/638/960 
f 644/643/961 642/642/962 641/641/963 
f 644/643/964 643/644/965 642/642/966 
f 647/647/967 646/646/968 645/645/969 
f 647/647/970 648/648/971 646/646/972 
f 652/651/973 650/650/974 649/649/975 
f 652/651/976 651/652/977 650/650/978 
f 656/655/979 654/654/980 653/653/981 
f 656/655/982 655/656/983 654/654/984 
f 660/659/985 658/658/986 657/657/987 
f 660/659/988 659/660/989 658/658/990 
f 664/663/991 662/662/992 661/661/993 
f 664/663/994 663/664/995 662/662/996 
f 666/667/997 667/666/998 665/665/999 
f 666/667/1000 668/668/1001 667/666/1002 
f 670/671/1003 671/670/1004 669/669/1005 
f 670/671/1006 672/672/1007 671/670/1008 
f 675/675/1009 674/674/1010 673/673/1011 
f 675/675/1012 676/676/1013 674/674/1014 
f 680/679/1015 678/678/1016 677/677/1017 
f 680/679/1018 679/680/1019 678/678/1020 
f 682/683/1021 683/682/1022 681/681/1023 
f 682/683/1024 684/684/1025 683/682/1026 
f 686/687/1027 687/686/1028 685/685/1029 
f 686/687/1030 688/688/1031 687/686/1032 
f 692/691/1033 690/690/1034 689/689/1035 
f 692/691/1036 691/692/1037 690/690/1038 
f 696/695/1039 694/694/1040 693/693/1041 
f 696/695/1042 695/696/1043 694/694/1044 
f 700/699/1045 698/698/1046 697/697/1047 
f 700/699/1048 699/700/1049 698/698/1050 
f 703/703/1051 702/702/1052 701/701/1053 
f 703/703/1054 704/704/1055 702/702/1056 
f 708/707/1057 706/706/1058 705/705/1059 
f 708/707/1060 707/708/1061 706/706/1062 
f 712/711/1063 710/710/1064 709/709/1065 
f 712/711/1066 711/712/1067 710/710/1068 
f 716/715/1069 714/714/1070 713/713/1071 
f 716/715/1072 715/716/1073 714/714/1074 
f 720/719/1075 718/718/1076 717/717/1077 
f 720/719/1078 719/720/1079 718/718/1080 
f 724/723/1081 722/722/1082 721/721/1083 
f 724/723/1084 723/724/1085 722/722/1086 
f 726/727/1087 727/726/1088 725/725/1089 
f 726/727/1090 728/728/1091 727/726/1092 
f 732/731/1093 730/730/1094 729/729/1095 
f 732/731/1096 731/732/1097 730/730/1098 
f 736/735/1099 734/734/1100 733/733/1101 
f 736/735/1102 735/736/1103 734/734/1104 
f 738/739/1105 739/738/1106 737/737/1107 
f 738/739/1108 740/740/1109 739/738/1110 
f 742/743/1111 743/742/1112 741/741/1113 
f 742/743/1114 744/744/1115 743/742/1116 
f 748/747/1117 746/746/1118 745/745/1119 
f 748/747/1120 747/748/1121 746/746/1122 
f 752/751/1123 750/750/1124 749/749/1125 
f 752/751/1126 751/752/1127 750/750/1128 
f 756/755/1129 754/754/1130 753/753/1131 
f 756/755/1132 755/756/1133 754/754/1134 
f 760/759/1135 758/758/1136 757/757/1137 
f 760/759/1138 759/760/1139 758/758/1140 
f 762/763/1141 763/762/1142 761/761/1143 
f 762/763/1144 764/764/1145 763/762/1146 
f 767/767/1147 766/766/1148 765/765/1149 
f 767/767/1150 768/768/1151 766/766/1152 
f 772/771/1153 770/770/1154 769/769/1155 
f 772/771/1156 771/772/1157 770/770/1158 
f 775/775/1159 774/774/1160 773/773/1161 
f 775/775/1162 776/776/1163 774/774/1164 
f 780/779/1165 778/778/1166 777/777/1167 
f 780/779/1168 779/780/1169 778/778/1170 
f 784/783/1171 782/782/1172 781/781/1173 
f 784/783/1174 783/784/1175 782/782/1176 
f 788/787/1177 786/786/1178 785/785/1179 
f 788/787/1180 787/788/1181 786/786/1182 
f 792/791/1183 790/790/1184 789/789/1185 
f 792/791/1186 791/792/1187 790/790/1188 
f 795/795/1189 794/794/1190 793/793/1191 
f 795/795/1192 796/796/1193 794/794/1194 
f 800/799/1195 798/798/1196 797/797/1197 
f 800/799/1198 799/800/1199 798/798/1200 
f 803/803/1201 802/802/1202 801/801/1203 
f 803/803/1204 804/804/1205 802/802/1206 
f 808/807/1207 806/806/1208 805/805/1209 
f 808/807/1210 807/808/1211 806/806/1212 
f 810/811/1213 811/810/1214 809/809/1215 
f 810/811/1216 812/812/1217 811/810/1218 
f 815/815/1219 814/814/1220 813/813/1221 
f 815/815/1222 816/816/1223 814/814/1224 
f 818/819/1225 819/818/1226 817/817/1227 
f 818/819/1228 820/820/1229 819/818/1230 
f 824/823/1231 822/822/1232 821/821/1233 
f 824/823/1234 823/824/1235 822/822/1236 
f 828/827/1237 826/826/1238 825/825/1239 
f 828/827/1240 827/828/1241 826/826/1242 
f 830/831/1243 831/830/1244 829/829/1245 
f 830/831/1246 832/832/1247 831/830/1248 
f 835/835/1249 834/834/1250 833/833/1251 
f 835/835/1252 836/836/1253 834/834/1254 
f 838/839/1255 839/838/1256 837/837/1257 
f 838/839/1258 840/840/1259 839/838/1260 
f 844/843/1261 842/842/1262 841/841/1263 
f 844/843/1264 843/844/1265 842/842/1266 
f 846/847/1267 847/846/1268 845/845/1269 
f 846/847/1270 848/848/1271 847/846/1272 
f 852/851/1273 850/850/1274 849/849/1275 
f 852/851/1276 851/852/1277 850/850/1278 
f 854/855/1279 855/854/1280 853/853/1281 
f 854/855/1282 856/856/1283 855/854/1284 
f 860/859/1285 858/858/1286 857/857/1287 
f 860/859/1288 859/860/1289 858/858/1290 
f 863/863/1291 862/862/1292 861/861/1293 
f 863/863/1294 864/864/1295 862/862/1296 
f 868/867/1297 866/866/1298 865/865/1299 
f 868/867/1300 867/868/1301 866/866/1302 
f 870/871/1303 871/870/1304 869/869/1305 
f 870/871/1306 872/872/1307 871/870/1308 
f 876/875/1309 874/874/1310 873/873/1311 
f 876/875/1312 875/876/1313 874/874/1314 
f 879/879/1315 878/878/1316 877/877/1317 
f 879/879/1318 880/880/1319 878/878/1320 
f 884/883/1321 882/882/1322 881/881/1323 
f 884/883/1324 883/884/1325 882/882/1326 
f 886/887/1327 887/886/1328 885/885/1329 
f 886/887/1330 888/888/1331 887/886/1332 
f 891/891/1333 890/890/1334 889/889/1335 
f 891/891/1336 892/892/1337 890/890/1338 
f 894/895/1339 895/894/1340 893/893/1341 
f 894/895/1342 896/896/1343 895/894/1344 
f 900/899/1345 898/898/1346 897/897/1347 
f 900/899/1348 899/900/1349 898/898/1350 
f 904/903/1351 902/902/1352 901/901/1353 
f 904/903/1354 903/904/1355 902/902/1356 
f 906/907/1357 907/906/1358 905/905/1359 
f 906/907/1360 908/908/1361 907/906/1362 
f 912/911/1363 910/910/1364 909/909/1365 
f 912/911/1366 911/912/1367 910/910/1368 
f 914/915/1369 915/914/1370 913/913/1371 
f 914/915/1372 916/916/1373 915/914/1374 
f 919/919/1375 918/918/1376 917/917/1377 
f 919/919/1378 920/920/1379 918/918/1380 
f 922/923/1381 923/922/1382 921/921/1383 
f 922/923/1384 924/924/1385 923/922/1386 
f 928/927/1387 926/926/1388 925/925/1389 
f 928/927/1390 927/928/1391 926/926/1392 
f 932/931/1393 930/930/1394 929/929/1395 
f 932/931/1396 931/932/1397 930/930/1398 
f 936/935/1399 934/934/1400 933/933/1401 
f 936/935/1402 935/936/1403 934/934/1404 
f 938/939/1405 939/938/1406 937/937/1407 
f 938/939/1408 940/940/1409 939/938/1410 
f 942/943/1411 943/942/1412 941/941/1413 
f 942/943/1414 944/944/1415 943/942/1416 
f 948/947/1417 946/946/1418 945/945/1419 
f 948/947/1420 947/948/1421 946/946/1422 
f 951/951/1423 950/950/1424 949/949/1425 
f 951/951/1426 952/952/1427 950/950/1428 
f 956/955/1429 954/954/1430 953/953/1431 
f 956/955/1432 955/956/1433 954/954/1434 
f 960/959/1435 958/958/1436 957/957/1437 
f 960/959/1438 959/960/1439 958/958/1440 
f 964/963/1441 962/962/1442 961/961/1443 
f 964/963/1444 963/964/1445 962/962/1446 
f 967/967/1447 966/966/1448 965/965/1449 
f 967/967/1450 968/968/1451 966/966/1452 
f 970/971/1453 971/970/1454 969/969/1455 
f 970/971/1456 972/972/1457 971/970/1458 
f 976/975/1459 974/974/1460 973/973/1461 
f 976/975/1462 975/976/1463 974/974/1464 
f 980/979/1465 978/978/1466 977/977/1467 
f 980/979/1468 979/980/1469 978/978/1470 
f 984/983/1471 982/982/1472 981/981/1473 
f 984/983/1474 983/984/1475 982/982/1476 
f 987/987/1477 986/986/1478 985/985/1479 
f 987/987/1480 988/988/1481 986/986/1482 
f 990/991/1483 991/990/1484 989/989/1485 
f 990/991/1486 992/992/1487 991/990/1488 
f 995/995/1489 994/994/1490 993/993/1491 
f 995/995/1492 996/996/1493 994/994/1494 
f 1000/999/1495 998/998/1496 997/997/1497 
f 1000/999/1498 999/1000/1499 998/998/1500 
f 1003/1003/1501 1002/1002/1502 1001/1001/1503 
f 1003/1003/1504 1004/1004/1505 1002/1002/1506 
f 1008/1007/1507 1006/1006/1508 1005/1005/1509 
f 1008/1007/1510 1007/1008/1511 1006/1006/1512 
f 1012/1011/1513 1010/1010/1514 1009/1009/1515 
f 1012/1011/1516 1011/1012/1517 1010/1010/1518 
f 1016/1015/1519 1014/1014/1520 1013/1013/1521 
f 1016/1015/1522 1015/1016/1523 1014/1014/1524 
f 1020/1019/1525 1018/1018/1526 1017/1017/1527 
f 1020/1019/1528 1019/1020/1529 1018/1018/1530 
f 1024/1023/1531 1022/1022/1532 1021/1021/1533 
f 1024/1023/1534 1023/1024/1535 1022/1022/1536 
f 1026/1027/1537 1027/1026/1538 1025/1025/1539 
f 1026/1027/1540 1028/1028/1541 1027/1026/1542 
f 1032/1031/1543 1030/1030/1544 1029/1029/1545 
f 1032/1031/1546 1031/1032/1547 1030/1030/1548 
f 1035/1035/1549 1034/1034/1550 1033/1033/1551 
f 1035/1035/1552 1036/1036/1553 1034/1034/1554 
f 1038/1039/1555 1039/1038/1556 1037/1037/1557 
f 1038/1039/1558 1040/1040/1559 1039/1038/1560 
f 1042/1043/1561 1043/1042/1562 1041/1041/1563 
f 1042/1043/1564 1044/1044/1565 1043/1042/1566 
f 1048/1047/1567 1046/1046/1568 1045/1045/1569 
f 1048/1047/1570 1047/1048/1571 1046/1046/1572 
f 1052/1051/1573 1050/1050/1574 1049/1049/1575 
f 1052/1051/1576 1051/1052/1577 1050/1050/1578 
f 1056/1055/1579 1054/1054/1580 1053/1053/1581 
f 1056/1055/1582 1055/1056/1583 1054/1054/1584 
f 1058/1059/1585 1059/1058/1586 1057/1057/1587 
f 1058/1059/1588 1060/1060/1589 1059/1058/1590 
f 1064/1063/1591 1062/1062/1592 1061/1061/1593 
f 1064/1063/1594 1063/1064/1595 1062/1062/1596 
f 1066/1067/1597 1067/1066/1598 1065/1065/1599 
f 1066/1067/1600 1068/1068/1601 1067/1066/1602 
f 1071/1071/1603 1070/1070/1604 1069/1069/1605 
f 1071/1071/1606 1072/1072/1607 1070/1070/1608 
f 1076/1075/1609 1074/1074/1610 1073/1073/1611 
f 1076/1075/1612 1075/1076/1613 1074/1074/1614 
f 1080/1079/1615 1078/1078/1616 1077/1077/1617 
f 1080/1079/1618 1079/1080/1619 1078/1078/1620 
f 1084/1083/1621 1082/1082/1622 1081/1081/1623 
f 1084/1083/1624 1083/1084/1625 1082/1082/1626 
f 1088/1087/1627 1086/1086/1628 1085/1085/1629 
f 1088/1087/1630 1087/1088/1631 1086/1086/1632 
f 1090/1091/1633 1091/1090/1634 1089/1089/1635 
f 1090/1091/1636 1092/1092/1637 1091/1090/1638 
f 1096/1095/1639 1094/1094/1640 1093/1093/1641 
f 1096/1095/1642 1095/1096/1643 1094/1094/1644 
f 1098/1099/1645 1099/1098/1646 1097/1097/1647 
f 1098/1099/1648 1100/1100/1649 1099/1098/1650 
f 1104/1103/1651 1102/1102/1652 1101/1101/1653 
f 1104/1103/1654 1103/1104/1655 1102/1102/1656 
f 1106/1107/1657 1107/1106/1658 1105/1105/1659 
f 1106/1107/1660 1108/1108/1661 1107/1106/1662 
f 1112/1111/1663 1110/1110/1664 1109/1109/1665 
f 1112/1111/1666 1111/1112/1667 1110/1110/1668 
f 1116/1115/1669 1114/1114/1670 1113/1113/1671 
f 1116/1115/1672 1115/1116/1673 1114/1114/1674 
f 1119/1119/1675 1118/1118/1676 1117/1117/1677 
f 1119/1119/1678 1120/1120/1679 1118/1118/1680 
f 1124/1123/1681 1122/1122/1682 1121/1121/1683 
f 1124/1123/1684 1123/1124/1685 1122/1122/1686 
f 1128/1127/1687 1126/1126/1688 1125/1125/1689 
f 1128/1127/1690 1127/1128/1691 1126/1126/1692 
f 1132/1131/1693 1130/1130/1694 1129/1129/1695 
f 1132/1131/1696 1131/1132/1697 1130/1130/1698 
f 1134/1135/1699 1135/1134/1700 1133/1133/1701 
f 1134/1135/1702 1136/1136/1703 1135/1134/1704 
f 1140/1139/1705 1138/1138/1706 1137/1137/1707 
f 1140/1139/1708 1139/1140/1709 1138/1138/1710 
f 1144/1143/1711 1142/1142/1712 1141/1141/1713 
f 1144/1143/1714 1143/1144/1715 1142/1142/1716 
f 1148/1147/1717 1146/1146/1718 1145/1145/1719 
f 1148/1147/1720 1147/1148/1721 1146/1146/1722 
f 1152/1151/1723 1150/1150/1724 1149/1149/1725 
f 1152/1151/1726 1151/1152/1727 1150/1150/1728 
f 1156/1155/1729 1154/1154/1730 1153/1153/1731 
f 1156/1155/1732 1155/1156/1733 1154/1154/1734 
f 1158/1159/1735 1159/1158/1736 1157/1157/1737 
f 1158/1159/1738 1160/1160/1739 1159/1158/1740 
f 1164/1163/1741 1162/1162/1742 1161/1161/1743 
f 1164/1163/1744 1163/1164/1745 1162/1162/1746 
f 1167/1167/1747 1166/1166/1748 1165/1165/1749 
f 1167/1167/1750 1168/1168/1751 1166/1166/1752 
f 1170/1171/1753 1171/1170/1754 1169/1169/1755 
f 1170/1171/1756 1172/1172/1757 1171/1170/1758 
f 1175/1175/1759 1174/1174/1760 1173/1173/1761 
f 1175/1175/1762 1176/1176/1763 1174/1174/1764 
f 1179/1179/1765 1178/1178/1766 1177/1177/1767 
f 1179/1179/1768 1180/1180/1769 1178/1178/1770 
f 1184/1183/1771 1182/1182/1772 1181/1181/1773 
f 1184/1183/1774 1183/1184/1775 1182/1182/1776 
f 1188/1187/1777 1186/1186/1778 1185/1185/1779 
f 1188/1187/1780 1187/1188/1781 1186/1186/1782 
f 1192/1191/1783 1190/1190/1784 1189/1189/1785 
f 1192/1191/1786 1191/1192/1787 1190/1190/1788 
f 1196/1195/1789 1194/1194/1790 1193/1193/1791 
f 1196/1195/1792 1195/1196/1793 1194/1194/1794 
f 1199/1199/1795 1198/1198/1796 1197/1197/1797 
f 1199/1199/1798 1200/1200/1799 1198/1198/1800 
f 1204/1203/1801 1202/1202/1802 1201/1201/1803 
f 1204/1203/1804 1203/1204/1805 1202/1202/1806 
f 1206/1207/1807 1207/1206/1808 1205/1205/1809 
f 1206/1207/1810 1208/1208/1811 1207/1206/1812 
f 1212/1211/1813 1210/1210/1814 1209/1209/1815 
f 1212/1211/1816 1211/1212/1817 1210/1210/1818 
f 1214/1215/1819 1215/1214/1820 1213/1213/1821 
f 1214/1215/1822 1216/1216/1823 1215/1214/1824 
f 1220/1219/1825 1218/1218/1826 1217/1217/1827 
f 1220/1219/1828 1219/1220/1829 1218/1218/1830 
f 1223/1223/1831 1222/1222/1832 1221/1221/1833 
f 1223/1223/1834 1224/1224/1835 1222/1222/1836 
f 1228/1227/1837 1226/1226/1838 1225/1225/1839 
f 1228/1227/1840 1227/1228/1841 1226/1226/1842 
f 1232/1231/1843 1230/1230/1844 1229/1229/1845 
f 1232/1231/1846 1231/1232/1847 1230/1230/1848 
f 1235/1235/1849 1234/1234/1850 1233/1233/1851 
f 1235/1235/1852 1236/1236/1853 1234/1234/1854 
f 1239/1239/1855 1238/1238/1856 1237/1237/1857 
f 1239/1239/1858 1240/1240/1859 1238/1238/1860 
f 1244/1243/1861 1242/1242/1862 1241/1241/1863 
f 1244/1243/1864 1243/1244/1865 1242/1242/1866 
f 1248/1247/1867 1246/1246/1868 1245/1245/1869 
f 1248/1247/1870 1247/1248/1871 1246/1246/1872 
f 1252/1251/1873 1250/1250/1874 1249/1249/1875 
f 1252/1251/1876 1251/1252/1877 1250/1250/1878 
f 1256/1255/1879 1254/1254/1880 1253/1253/1881 
f 1256/1255/1882 1255/1256/1883 1254/1254/1884 
f 1260/1259/1885 1258/1258/1886 1257/1257/1887 
f 1260/1259/1888 1259/1260/1889 1258/1258/1890 
f 1262/1263/1891 1263/1262/1892 1261/1261/1893 
f 1262/1263/1894 1264/1264/1895 1263/1262/1896 
f 1266/1267/1897 1267/1266/1898 1265/1265/1899 
f 1266/1267/1900 1268/1268/1901 1267/1266/1902 
f 1270/1271/1903 1271/1270/1904 1269/1269/1905 
f 1270/1271/1906 1272/1272/1907 1271/1270/1908 
f 1276/1275/1909 1274/1274/1910 1273/1273/1911 
f 1276/1275/1912 1275/1276/1913 1274/1274/1914 
f 1280/1279/1915 1278/1278/1916 1277/1277/1917 
f 1280/1279/1918 1279/1280/1919 1278/1278/1920 
f 1283/1283/1921 1282/1282/1922 1281/1281/1923 
f 1283/1283/1924 1284/1284/1925 1282/1282/1926 
f 1288/1287/1927 1286/1286/1928 1285/1285/1929 
f 1288/1287/1930 1287/1288/1931 1286/1286/1932 
f 1290/1291/1933 1291/1290/1934 1289/1289/1935 
f 1290/1291/1936 1292/1292/1937 1291/1290/1938 
f 1296/1295/1939 1294/1294/1940 1293/1293/1941 
f 1296/1295/1942 1295/1296/1943 1294/1294/1944 
f 1298/1299/1945 1299/1298/1946 1297/1297/1947 
f 1298/1299/1948 1300/1300/1949 1299/1298/1950 
f 1302/1303/1951 1303/1302/1952 1301/1301/1953 
f 1302/1303/1954 1304/1304/1955 1303/1302/1956 
f 1308/1307/1957 1306/1306/1958 1305/1305/1959 
f 1308/1307/1960 1307/1308/1961 1306/1306/1962 
f 1312/1311/1963 1310/1310/1964 1309/1309/1965 
f 1312/1311/1966 1311/1312/1967 1310/1310/1968 
f 1316/1315/1969 1314/1314/1970 1313/1313/1971 
f 1316/1315/1972 1315/1316/1973 1314/1314/1974 
f 1318/1319/1975 1319/1318/1976 1317/1317/1977 
f 1318/1319/1978 1320/1320/1979 1319/1318/1980 
f 1324/1323/1981 1322/1322/1982 1321/1321/1983 
f 1324/1323/1984 1323/1324/1985 1322/1322/1986 
f 1327/1327/1987 1326/1326/1988 1325/1325/1989 
f 1327/1327/1990 1328/1328/1991 1326/1326/1992 
f 1330/1331/1993 1331/1330/1994 1329/1329/1995 
f 1330/1331/1996 1332/1332/1997 1331/1330/1998 
f 1336/1335/1999 1334/1334/2000 1333/1333/2001 
f 1336/1335/2002 1335/1336/2003 1334/1334/2004 
f 1340/1339/2005 1338/1338/2006 1337/1337/2007 
f 1340/1339/2008 1339/1340/2009 1338/1338/2010 
f 1344/1343/2011 1342/1342/2012 1341/1341/2013 
f 1344/1343/2014 1343/1344/2015 1342/1342/2016 
f 1347/1347/2017 1346/1346/2018 1345/1345/2019 
f 1347/1347/2020 1348/1348/2021 1346/1346/2022 
f 1351/1351/2023 1350/1350/2024 1349/1349/2025 
f 1351/1351/2026 1352/1352/2027 1350/1350/2028 
f 1356/1355/2029 1354/1354/2030 1353/1353/2031 
f 1356/1355/2032 1355/1356/2033 1354/1354/2034 
f 1360/1359/2035 1358/1358/2036 1357/1357/2037 
f 1360/1359/2038 1359/1360/2039 1358/1358/2040 
f 1364/1363/2041 1362/1362/2042 1361/1361/2043 
f 1364/1363/2044 1363/1364/2045 1362/1362/2046 
f 1367/1367/2047 1366/1366/2048 1365/1365/2049 
f 1367/1367/2050 1368/1368/2051 1366/1366/2052 
f 1372/1371/2053 1370/1370/2054 1369/1369/2055 
f 1372/1371/2056 1371/1372/2057 1370/1370/2058 
f 1375/1375/2059 1374/1374/2060 1373/1373/2061 
f 1375/1375/2062 1376/1376/2063 1374/1374/2064 
f 1380/1379/2065 1378/1378/2066 1377/1377/2067 
f 1380/1379/2068 1379/1380/2069 1378/1378/2070 
f 1382/1383/2071 1383/1382/2072 1381/1381/2073 
f 1382/1383/2074 1384/1384/2075 1383/1382/2076 
f 1388/1387/2077 1386/1386/2078 1385/1385/2079 
f 1388/1387/2080 1387/1388/2081 1386/1386/2082 
f 1392/1391/2083 1390/1390/2084 1389/1389/2085 
f 1392/1391/2086 1391/1392/2087 1390/1390/2088 
f 1394/1395/2089 1395/1394/2090 1393/1393/2091 
f 1394/1395/2092 1396/1396/2093 1395/1394/2094 
f 1400/1399/2095 1398/1398/2096 1397/1397/2097 
f 1400/1399/2098 1399/1400/2099 1398/1398/2100 
f 1403/1403/2101 1402/1402/2102 1401/1401/2103 
f 1403/1403/2104 1404/1404/2105 1402/1402/2106 
f 1406/1407/2107 1407/1406/2108 1405/1405/2109 
f 1406/1407/2110 1408/1408/2111 1407/1406/2112 
f 1410/1411/2113 1411/1410/2114 1409/1409/2115 
f 1410/1411/2116 1412/1412/2117 1411/1410/2118 
f 1416/1415/2119 1414/1414/2120 1413/1413/2121 
f 1416/1415/2122 1415/1416/2123 1414/1414/2124 
f 1418/1419/2125 1419/1418/2126 1417/1417/2127 
f 1418/1419/2128 1420/1420/2129 1419/1418/2130 
f 1423/1423/2131 1422/1422/2132 1421/1421/2133 
f 1423/1423/2134 1424/1424/2135 1422/1422/2136 
f 1427/1427/2137 1426/1426/2138 1425/1425/2139 
f 1427/1427/2140 1428/1428/2141 1426/1426/2142 
f 1431/1431/2143 1430/1430/2144 1429/1429/2145 
f 1431/1431/2146 1432/1432/2147 1430/1430/2148 
f 1435/1435/2149 1434/1434/2150 1433/1433/2151 
f 1435/1435/2152 1436/1436/2153 1434/1434/2154 
f 1440/1439/2155 1438/1438/2156 1437/1437/2157 
f 1440/1439/2158 1439/1440/2159 1438/1438/2160 
f 1444/1443/2161 1442/1442/2162 1441/1441/2163 
f 1444/1443/2164 1443/1444/2165 1442/1442/2166 
f 1446/1447/2167 1447/1446/2168 1445/1445/2169 
f 1446/1447/2170 1448/1448/2171 1447/1446/2172 
f 1450/1451/2173 1451/1450/2174 1449/1449/2175 
f 1450/1451/2176 1452/1452/2177 1451/1450/2178 
f 1454/1455/2179 1455/1454/2180 1453/1453/2181 
f 1454/1455/2182 1456/1456/2183 1455/1454/2184 
f 1460/1459/2185 1458/1458/2186 1457/1457/2187 
f 1460/1459/2188 1459/1460/2189 1458/1458/2190 
f 1462/1463/2191 1463/1462/2192 1461/1461/2193 
f 1462/1463/2194 1464/1464/2195 1463/1462/2196 
f 1466/1467/2197 1467/1466/2198 1465/1465/2199 
f 1466/1467/2200 1468/1468/2201 1467/1466/2202 
f 1471/1471/2203 1470/1470/2204 1469/1469/2205 
f 1471/1471/2206 1472/1472/2207 1470/1470/2208 
f 1474/1475/2209 1475/1474/2210 1473/1473/2211 
f 1474/1475/2212 1476/1476/2213 1475/1474/2214 
f 1480/1479/2215 1478/1478/2216 1477/1477/2217 
f 1480/1479/2218 1479/1480/2219 1478/1478/2220 
f 1483/1483/2221 1482/1482/2222 1481/1481/2223 
f 1483/1483/2224 1484/1484/2225 1482/1482/2226 
f 1486/1487/2227 1487/1486/2228 1485/1485/2229 
f 1486/1487/2230 1488/1488/2231 1487/1486/2232 
f 1491/1491/2233 1490/1490/2234 1489/1489/2235 
f 1491/1491/2236 1492/1492/2237 1490/1490/2238 
f 1494/1495/2239 1495/1494/2240 1493/1493/2241 
f 1494/1495/2242 1496/1496/2243 1495/1494/2244 
f 1500/1499/2245 1498/1498/2246 1497/1497/2247 
f 1500/1499/2248 1499/1500/2249 1498/1498/2250 
f 1504/1503/2251 1502/1502/2252 1501/1501/2253 
f 1504/1503/2254 1503/1504/2255 1502/1502/2256 
f 1507/1507/2257 1506/1506/2258 1505/1505/2259 
f 1507/1507/2260 1508/1508/2261 1506/1506/2262 
f 1512/1511/2263 1510/1510/2264 1509/1509/2265 
f 1512/1511/2266 1511/1512/2267 1510/1510/2268 
f 1516/1515/2269 1514/1514/2270 1513/1513/2271 
f 1516/1515/2272 1515/1516/2273 1514/1514/2274 
f 1518/1519/2275 1519/1518/2276 1517/1517/2277 
f 1518/1519/2278 1520/1520/2279 1519/1518/2280 
f 1522/1523/2281 1523/1522/2282 1521/1521/2283 
f 1522/1523/2284 1524/1524/2285 1523/1522/2286 
f 1528/1527/2287 1526/1526/2288 1525/1525/2289 
f 1528/1527/2290 1527/1528/2291 1526/1526/2292 
f 1531/1531/2293 1530/1530/2294 1529/1529/2295 
f 1531/1531/2296 1532/1532/2297 1530/1530/2298 
f 1534/1535/2299 1535/1534/2300 1533/1533/2301 
f 1534/1535/2302 1536/1536/2303 1535/1534/2304 
f 1539/1539/2305 1538/1538/2306 1537/1537/2307 
f 1539/1539/2308 1540/1540/2309 1538/1538/2310 
f 1543/1543/2311 1542/1542/2312 1541/1541/2313 
f 1543/1543/2314 1544/1544/2315 1542/1542/2316 
f 1548/1547/2317 1546/1546/2318 1545/1545/2319 
f 1548/1547/2320 1547/1548/2321 1546/1546/2322 
f 1550/1551/2323 1551/1550/2324 1549/1549/2325 
f 1550/1551/2326 1552/1552/2327 1551/1550/2328 
f 1554/1555/2329 1555/1554/2330 1553/1553/2331 
f 1554/1555/2332 1556/1556/2333 1555/1554/2334 
f 1558/1559/2335 1559/1558/2336 1557/1557/2337 
f 1558/1559/2338 1560/1560/2339 1559/1558/2340 
f 1563/1563/2341 1562/1562/2342 1561/1561/2343 
f 1563/1563/2344 1564/1564/2345 1562/1562/2346 
f 1566/1567/2347 1567/1566/2348 1565/1565/2349 
f 1566/1567/2350 1568/1568/2351 1567/1566/2352 
f 1570/1571/2353 1571/1570/2354 1569/1569/2355 
f 1570/1571/2356 1572/1572/2357 1571/1570/2358 
f 1574/1575/2359 1575/1574/2360 1573/1573/2361 
f 1574/1575/2362 1576/1576/2363 1575/1574/2364 
f 1580/1579/2365 1578/1578/2366 1577/1577/2367 
f 1580/1579/2368 1579/1580/2369 1578/1578/2370 
f 1583/1583/2371 1582/1582/2372 1581/1581/2373 
f 1583/1583/2374 1584/1584/2375 1582/1582/2376 
f 1586/1587/2377 1588/1586/2378 1585/1585/2379 
f 1587/1588/2380 1588/1586/2381 1586/1587/2382 
f 1587/1588/2383 1589/1589/2384 1588/1586/2385 
f 1589/1589/2386 1587/1588/2387 1590/1590/2388 
f 1593/1593/2389 1592/1592/2390 1591/1591/2391 
f 1594/1594/2392 1592/1592/2393 1593/1593/2394 
f 1594/1594/2395 1596/1595/2396 1592/1592/2397 
f 1596/1595/2398 1594/1594/2399 1595/1596/2400 
f 1599/1599/2401 1598/1598/2402 1597/1597/2403 
f 1600/1600/2404 1598/1598/2405 1599/1599/2406 
f 1600/1600/2407 1602/1601/2408 1598/1598/2409 
f 1602/1601/2410 1600/1600/2411 1601/1602/2412 
f 1604/1605/2413 1605/1604/2414 1603/1603/2415 
f 1606/1606/2416 1605/1604/2417 1604/1605/2418 
f 1606/1606/2419 1608/1607/2420 1605/1604/2421 
f 1608/1607/2422 1606/1606/2423 1607/1608/2424 
f 1610/1611/2425 1612/1610/2426 1609/1609/2427 
f 1611/1612/2428 1612/1610/2429 1610/1611/2430 
f 1611/1612/2431 1613/1613/2432 1612/1610/2433 
f 1613/1613/2434 1611/1612/2435 1614/1614/2436 
f 1616/1617/2437 1618/1616/2438 1615/1615/2439 
f 1617/1618/2440 1618/1616/2441 1616/1617/2442 
f 1617/1618/2443 1620/1619/2444 1618/1616/2445 
f 1620/1619/2446 1617/1618/2447 1619/1620/2448 
f 1622/1623/2449 1623/1622/2450 1621/1621/2451 
f 1625/1624/2452 1623/1622/2453 1622/1623/2454 
f 1625/1624/2455 1626/1625/2456 1623/1622/2457 
f 1626/1625/2458 1625/1624/2459 1624/1626/2460 
f 1629/1629/2461 1628/1628/2462 1627/1627/2463 
f 1631/1630/2464 1628/1628/2465 1629/1629/2466 
f 1631/1630/2467 1630/1631/2468 1628/1628/2469 
f 1630/1631/2470 1631/1630/2471 1632/1632/2472 
f 1636/1635/2473 1634/1634/2474 1633/1633/2475 
f 1636/1635/2476 1635/1636/2477 1634/1634/2478 
f 1636/1635/2479 1637/1637/2480 1635/1636/2481 
f 1636/1635/2482 1638/1638/2483 1637/1637/2484 
f 1641/1641/2485 1640/1640/2486 1639/1639/2487 
f 1641/1641/2488 1642/1642/2489 1640/1640/2490 
f 1641/1641/2491 1643/1643/2492 1642/1642/2493 
f 1641/1641/2494 1644/1644/2495 1643/1643/2496 
f 1648/1647/2497 1646/1646/2498 1645/1645/2499 
f 1648/1647/2500 1647/1648/2501 1646/1646/2502 
f 1648/1647/2503 1649/1649/2504 1647/1648/2505 
f 1648/1647/2506 1650/1650/2507 1649/1649/2508 
f 1656/1653/2509 1652/1652/2510 1651/1651/2511 
f 1656/1653/2512 1653/1654/2513 1652/1652/2514 
f 1656/1653/2515 1654/1655/2516 1653/1654/2517 
f 1656/1653/2518 1655/1656/2519 1654/1655/2520 
f 1658/1659/2521 1829/1658/2522 1657/1657/2523 
f 1659/1660/2524 1658/1659/2525 1657/1657/2526 
f 1679/1661/2527 1658/1659/2528 1659/1660/2529 
f 1661/1662/2530 1679/1661/2531 1659/1660/2532 
f 1660/1663/2533 1679/1661/2534 1661/1662/2535 
f 1662/1664/2536 1660/1663/2537 1661/1662/2538 
f 1663/1665/2539 1660/1663/2540 1662/1664/2541 
f 1664/1666/2542 1663/1665/2543 1662/1664/2544 
f 1665/1667/2545 1663/1665/2546 1664/1666/2547 
f 1832/1668/2548 1665/1667/2549 1664/1666/2550 
f 1675/1669/2551 1665/1667/2552 1832/1668/2553 
f 1666/1670/2554 1675/1669/2555 1832/1668/2556 
f 1667/1671/2557 1675/1669/2558 1666/1670/2559 
f 1833/1672/2560 1667/1671/2561 1666/1670/2562 
f 1668/1673/2563 1667/1671/2564 1833/1672/2565 
f 1669/1674/2566 1668/1673/2567 1833/1672/2568 
f 1672/1675/2569 1668/1673/2570 1669/1674/2571 
f 1835/1676/2572 1672/1675/2573 1669/1674/2574 
f 1670/1677/2575 1672/1675/2576 1835/1676/2577 
f 1690/1678/2578 1670/1677/2579 1835/1676/2580 
f 1688/1679/2581 1670/1677/2582 1690/1678/2583 
f 1671/1680/2584 1670/1677/2585 1688/1679/2586 
f 1671/1680/2587 1672/1675/2588 1670/1677/2589 
f 1687/1681/2590 1672/1675/2591 1671/1680/2592 
f 1687/1681/2593 1668/1673/2594 1672/1675/2595 
f 1673/1682/2596 1668/1673/2597 1687/1681/2598 
f 1673/1682/2599 1667/1671/2600 1668/1673/2601 
f 1674/1683/2602 1667/1671/2603 1673/1682/2604 
f 1674/1683/2605 1675/1669/2606 1667/1671/2607 
f 1676/1684/2608 1675/1669/2609 1674/1683/2610 
f 1676/1684/2611 1665/1667/2612 1675/1669/2613 
f 1683/1685/2614 1665/1667/2615 1676/1684/2616 
f 1683/1685/2617 1663/1665/2618 1665/1667/2619 
f 1677/1686/2620 1663/1665/2621 1683/1685/2622 
f 1677/1686/2623 1660/1663/2624 1663/1665/2625 
f 1678/1687/2626 1660/1663/2627 1677/1686/2628 
f 1678/1687/2629 1679/1661/2630 1660/1663/2631 
f 1680/1688/2632 1679/1661/2633 1678/1687/2634 
f 1680/1688/2635 1658/1659/2636 1679/1661/2637 
f 1680/1688/2638 1829/1658/2639 1658/1659/2640 
f 1698/1689/2641 1829/1658/2642 1680/1688/2643 
f 1678/1687/2644 1698/1689/2645 1680/1688/2646 
f 1681/1690/2647 1698/1689/2648 1678/1687/2649 
f 1677/1686/2650 1681/1690/2651 1678/1687/2652 
f 1682/1691/2653 1681/1690/2654 1677/1686/2655 
f 1683/1685/2656 1682/1691/2657 1677/1686/2658 
f 1684/1692/2659 1682/1691/2660 1683/1685/2661 
f 1676/1684/2662 1684/1692/2663 1683/1685/2664 
f 1685/1693/2665 1684/1692/2666 1676/1684/2667 
f 1674/1683/2668 1685/1693/2669 1676/1684/2670 
f 1686/1694/2671 1685/1693/2672 1674/1683/2673 
f 1673/1682/2674 1686/1694/2675 1674/1683/2676 
f 1694/1695/2677 1686/1694/2678 1673/1682/2679 
f 1687/1681/2680 1694/1695/2681 1673/1682/2682 
f 1693/1696/2683 1694/1695/2684 1687/1681/2685 
f 1671/1680/2686 1693/1696/2687 1687/1681/2688 
f 1689/1697/2689 1693/1696/2690 1671/1680/2691 
f 1688/1679/2692 1689/1697/2693 1671/1680/2694 
f 1692/1698/2695 1689/1697/2696 1688/1679/2697 
f 1690/1678/2698 1692/1698/2699 1688/1679/2700 
f 1691/1699/2701 1692/1698/2702 1690/1678/2703 
f 1886/1700/2704 1692/1698/2705 1691/1699/2706 
f 1886/1700/2707 1689/1697/2708 1692/1698/2709 
f 1885/1701/2710 1689/1697/2711 1886/1700/2712 
f 1885/1701/2713 1693/1696/2714 1689/1697/2715 
f 1884/1702/2716 1693/1696/2717 1885/1701/2718 
f 1884/1702/2719 1694/1695/2720 1693/1696/2721 
f 1695/1703/2722 1694/1695/2723 1884/1702/2724 
f 1695/1703/2725 1686/1694/2726 1694/1695/2727 
f 1881/1704/2728 1686/1694/2729 1695/1703/2730 
f 1881/1704/2731 1685/1693/2732 1686/1694/2733 
f 1879/1705/2734 1685/1693/2735 1881/1704/2736 
f 1879/1705/2737 1684/1692/2738 1685/1693/2739 
f 1878/1706/2740 1684/1692/2741 1879/1705/2742 
f 1878/1706/2743 1682/1691/2744 1684/1692/2745 
f 1696/1707/2746 1682/1691/2747 1878/1706/2748 
f 1696/1707/2749 1681/1690/2750 1682/1691/2751 
f 1697/1708/2752 1681/1690/2753 1696/1707/2754 
f 1697/1708/2755 1698/1689/2756 1681/1690/2757 
f 1697/1708/2758 1829/1658/2759 1698/1689/2760 
f 1716/1711/2761 1717/1710/2762 1888/1709/2763 
f 1889/1712/2764 1716/1711/2765 1888/1709/2766 
f 1699/1713/2767 1716/1711/2768 1889/1712/2769 
f 1890/1714/2770 1699/1713/2771 1889/1712/2772 
f 1700/1715/2773 1699/1713/2774 1890/1714/2775 
f 1701/1716/2776 1700/1715/2777 1890/1714/2778 
f 1702/1717/2779 1700/1715/2780 1701/1716/2781 
f 1891/1718/2782 1702/1717/2783 1701/1716/2784 
f 1714/1719/2785 1702/1717/2786 1891/1718/2787 
f 1893/1720/2788 1714/1719/2789 1891/1718/2790 
f 1703/1721/2791 1714/1719/2792 1893/1720/2793 
f 1704/1722/2794 1703/1721/2795 1893/1720/2796 
f 1706/1723/2797 1703/1721/2798 1704/1722/2799 
f 1705/1724/2800 1706/1723/2801 1704/1722/2802 
f 1707/1725/2803 1706/1723/2804 1705/1724/2805 
f 1708/1726/2806 1707/1725/2807 1705/1724/2808 
f 1712/1727/2809 1707/1725/2810 1708/1726/2811 
f 1709/1728/2812 1712/1727/2813 1708/1726/2814 
f 1710/1729/2815 1712/1727/2816 1709/1728/2817 
f 1918/1730/2818 1710/1729/2819 1709/1728/2820 
f 1711/1731/2821 1710/1729/2822 1918/1730/2823 
f 1729/1732/2824 1710/1729/2825 1711/1731/2826 
f 1729/1732/2827 1712/1727/2828 1710/1729/2829 
f 1728/1733/2830 1712/1727/2831 1729/1732/2832 
f 1728/1733/2833 1707/1725/2834 1712/1727/2835 
f 1713/1734/2836 1707/1725/2837 1728/1733/2838 
f 1713/1734/2839 1706/1723/2840 1707/1725/2841 
f 1725/1735/2842 1706/1723/2843 1713/1734/2844 
f 1725/1735/2845 1703/1721/2846 1706/1723/2847 
f 1724/1736/2848 1703/1721/2849 1725/1735/2850 
f 1724/1736/2851 1714/1719/2852 1703/1721/2853 
f 1722/1737/2854 1714/1719/2855 1724/1736/2856 
f 1722/1737/2857 1702/1717/2858 1714/1719/2859 
f 1721/1738/2860 1702/1717/2861 1722/1737/2862 
f 1721/1738/2863 1700/1715/2864 1702/1717/2865 
f 1720/1739/2866 1700/1715/2867 1721/1738/2868 
f 1720/1739/2869 1699/1713/2870 1700/1715/2871 
f 1715/1740/2872 1699/1713/2873 1720/1739/2874 
f 1715/1740/2875 1716/1711/2876 1699/1713/2877 
f 1715/1740/2878 1717/1710/2879 1716/1711/2880 
f 1718/1741/2881 1717/1710/2882 1715/1740/2883 
f 1720/1739/2884 1718/1741/2885 1715/1740/2886 
f 1719/1742/2887 1718/1741/2888 1720/1739/2889 
f 1721/1738/2890 1719/1742/2891 1720/1739/2892 
f 1736/1743/2893 1719/1742/2894 1721/1738/2895 
f 1722/1737/2896 1736/1743/2897 1721/1738/2898 
f 1723/1744/2899 1736/1743/2900 1722/1737/2901 
f 1724/1736/2902 1723/1744/2903 1722/1737/2904 
f 1734/1745/2905 1723/1744/2906 1724/1736/2907 
f 1725/1735/2908 1734/1745/2909 1724/1736/2910 
f 1726/1746/2911 1734/1745/2912 1725/1735/2913 
f 1713/1734/2914 1726/1746/2915 1725/1735/2916 
f 1727/1747/2917 1726/1746/2918 1713/1734/2919 
f 1728/1733/2920 1727/1747/2921 1713/1734/2922 
f 1732/1748/2923 1727/1747/2924 1728/1733/2925 
f 1729/1732/2926 1732/1748/2927 1728/1733/2928 
f 1730/1749/2929 1732/1748/2930 1729/1732/2931 
f 1711/1731/2932 1730/1749/2933 1729/1732/2934 
f 1731/1750/2935 1730/1749/2936 1711/1731/2937 
f 1918/1730/2938 1731/1750/2939 1711/1731/2940 
f 1950/1751/2941 1731/1750/2942 1918/1730/2943 
f 1949/1752/2944 1731/1750/2945 1950/1751/2946 
f 1949/1752/2947 1730/1749/2948 1731/1750/2949 
f 1947/1753/2950 1730/1749/2951 1949/1752/2952 
f 1947/1753/2953 1732/1748/2954 1730/1749/2955 
f 1733/1754/2956 1732/1748/2957 1947/1753/2958 
f 1733/1754/2959 1727/1747/2960 1732/1748/2961 
f 1945/1755/2962 1727/1747/2963 1733/1754/2964 
f 1945/1755/2965 1726/1746/2966 1727/1747/2967 
f 1735/1756/2968 1726/1746/2969 1945/1755/2970 
f 1735/1756/2971 1734/1745/2972 1726/1746/2973 
f 1944/1757/2974 1734/1745/2975 1735/1756/2976 
f 1944/1757/2977 1723/1744/2978 1734/1745/2979 
f 1942/1758/2980 1723/1744/2981 1944/1757/2982 
f 1942/1758/2983 1736/1743/2984 1723/1744/2985 
f 1919/1759/2986 1736/1743/2987 1942/1758/2988 
f 1919/1759/2989 1719/1742/2990 1736/1743/2991 
f 1920/1760/2992 1719/1742/2993 1919/1759/2994 
f 1920/1760/2995 1718/1741/2996 1719/1742/2997 
f 1920/1760/2998 1717/1710/2999 1718/1741/3000 
f 1755/1763/3001 1757/1762/3002 1952/1761/3003 
f 1954/1764/3004 1755/1763/3005 1952/1761/3006 
f 1753/1765/3007 1755/1763/3008 1954/1764/3009 
f 1737/1766/3010 1753/1765/3011 1954/1764/3012 
f 1738/1767/3013 1753/1765/3014 1737/1766/3015 
f 1739/1768/3016 1738/1767/3017 1737/1766/3018 
f 1751/1769/3019 1738/1767/3020 1739/1768/3021 
f 1740/1770/3022 1751/1769/3023 1739/1768/3024 
f 1741/1771/3025 1751/1769/3026 1740/1770/3027 
f 1957/1772/3028 1741/1771/3029 1740/1770/3030 
f 1749/1773/3031 1741/1771/3032 1957/1772/3033 
f 1958/1774/3034 1749/1773/3035 1957/1772/3036 
f 1742/1775/3037 1749/1773/3038 1958/1774/3039 
f 1960/1776/3040 1742/1775/3041 1958/1774/3042 
f 1747/1777/3043 1742/1775/3044 1960/1776/3045 
f 1962/1778/3046 1747/1777/3047 1960/1776/3048 
f 1743/1779/3049 1747/1777/3050 1962/1778/3051 
f 1744/1780/3052 1743/1779/3053 1962/1778/3054 
f 1745/1781/3055 1743/1779/3056 1744/1780/3057 
f 1746/1782/3058 1745/1781/3059 1744/1780/3060 
f 1766/1783/3061 1745/1781/3062 1746/1782/3063 
f 1765/1784/3064 1745/1781/3065 1766/1783/3066 
f 1765/1784/3067 1743/1779/3068 1745/1781/3069 
f 1763/1785/3070 1743/1779/3071 1765/1784/3072 
f 1763/1785/3073 1747/1777/3074 1743/1779/3075 
f 1748/1786/3076 1747/1777/3077 1763/1785/3078 
f 1748/1786/3079 1742/1775/3080 1747/1777/3081 
f 1762/1787/3082 1742/1775/3083 1748/1786/3084 
f 1762/1787/3085 1749/1773/3086 1742/1775/3087 
f 1750/1788/3088 1749/1773/3089 1762/1787/3090 
f 1750/1788/3091 1741/1771/3092 1749/1773/3093 
f 1760/1789/3094 1741/1771/3095 1750/1788/3096 
f 1760/1789/3097 1751/1769/3098 1741/1771/3099 
f 1752/1790/3100 1751/1769/3101 1760/1789/3102 
f 1752/1790/3103 1738/1767/3104 1751/1769/3105 
f 1754/1791/3106 1738/1767/3107 1752/1790/3108 
f 1754/1791/3109 1753/1765/3110 1738/1767/3111 
f 1756/1792/3112 1753/1765/3113 1754/1791/3114 
f 1756/1792/3115 1755/1763/3116 1753/1765/3117 
f 1756/1792/3118 1757/1762/3119 1755/1763/3120 
f 1778/1793/3121 1757/1762/3122 1756/1792/3123 
f 1754/1791/3124 1778/1793/3125 1756/1792/3126 
f 1758/1794/3127 1778/1793/3128 1754/1791/3129 
f 1752/1790/3130 1758/1794/3131 1754/1791/3132 
f 1759/1795/3133 1758/1794/3134 1752/1790/3135 
f 1760/1789/3136 1759/1795/3137 1752/1790/3138 
f 1761/1796/3139 1759/1795/3140 1760/1789/3141 
f 1750/1788/3142 1761/1796/3143 1760/1789/3144 
f 1775/1797/3145 1761/1796/3146 1750/1788/3147 
f 1762/1787/3148 1775/1797/3149 1750/1788/3150 
f 1774/1798/3151 1775/1797/3152 1762/1787/3153 
f 1748/1786/3154 1774/1798/3155 1762/1787/3156 
f 1764/1799/3157 1774/1798/3158 1748/1786/3159 
f 1763/1785/3160 1764/1799/3161 1748/1786/3162 
f 1771/1800/3163 1764/1799/3164 1763/1785/3165 
f 1765/1784/3166 1771/1800/3167 1763/1785/3168 
f 1769/1801/3169 1771/1800/3170 1765/1784/3171 
f 1766/1783/3172 1769/1801/3173 1765/1784/3174 
f 1767/1802/3175 1769/1801/3176 1766/1783/3177 
f 1746/1782/3178 1767/1802/3179 1766/1783/3180 
f 2010/1803/3181 1767/1802/3182 1746/1782/3183 
f 1768/1804/3184 1767/1802/3185 2010/1803/3186 
f 1768/1804/3187 1769/1801/3188 1767/1802/3189 
f 1770/1805/3190 1769/1801/3191 1768/1804/3192 
f 1770/1805/3193 1771/1800/3194 1769/1801/3195 
f 1772/1806/3196 1771/1800/3197 1770/1805/3198 
f 1772/1806/3199 1764/1799/3200 1771/1800/3201 
f 1773/1807/3202 1764/1799/3203 1772/1806/3204 
f 1773/1807/3205 1774/1798/3206 1764/1799/3207 
f 2007/1808/3208 1774/1798/3209 1773/1807/3210 
f 2007/1808/3211 1775/1797/3212 1774/1798/3213 
f 1776/1809/3214 1775/1797/3215 2007/1808/3216 
f 1776/1809/3217 1761/1796/3218 1775/1797/3219 
f 2006/1810/3220 1761/1796/3221 1776/1809/3222 
f 2006/1810/3223 1759/1795/3224 1761/1796/3225 
f 1777/1811/3226 1759/1795/3227 2006/1810/3228 
f 1777/1811/3229 1758/1794/3230 1759/1795/3231 
f 1980/1812/3232 1758/1794/3233 1777/1811/3234 
f 1980/1812/3235 1778/1793/3236 1758/1794/3237 
f 1980/1812/3238 1757/1762/3239 1778/1793/3240 
f 1779/1815/3241 1804/1814/3242 2013/1813/3243 
f 1780/1816/3244 1779/1815/3245 2013/1813/3246 
f 1781/1817/3247 1779/1815/3248 1780/1816/3249 
f 1782/1818/3250 1781/1817/3251 1780/1816/3252 
f 1783/1819/3253 1781/1817/3254 1782/1818/3255 
f 1784/1820/3256 1783/1819/3257 1782/1818/3258 
f 1785/1821/3259 1783/1819/3260 1784/1820/3261 
f 1786/1822/3262 1785/1821/3263 1784/1820/3264 
f 1787/1823/3265 1785/1821/3266 1786/1822/3267 
f 2015/1824/3268 1787/1823/3269 1786/1822/3270 
f 1801/1825/3271 1787/1823/3272 2015/1824/3273 
f 1788/1826/3274 1801/1825/3275 2015/1824/3276 
f 1799/1827/3277 1801/1825/3278 1788/1826/3279 
f 1789/1828/3280 1799/1827/3281 1788/1826/3282 
f 1790/1829/3283 1799/1827/3284 1789/1828/3285 
f 1791/1830/3286 1790/1829/3287 1789/1828/3288 
f 1797/1831/3289 1790/1829/3290 1791/1830/3291 
f 1792/1832/3292 1797/1831/3293 1791/1830/3294 
f 1793/1833/3295 1797/1831/3296 1792/1832/3297 
f 1794/1834/3298 1793/1833/3299 1792/1832/3300 
f 1795/1835/3301 1793/1833/3302 1794/1834/3303 
f 1796/1836/3304 1793/1833/3305 1795/1835/3306 
f 1796/1836/3307 1797/1831/3308 1793/1833/3309 
f 1812/1837/3310 1797/1831/3311 1796/1836/3312 
f 1812/1837/3313 1790/1829/3314 1797/1831/3315 
f 1798/1838/3316 1790/1829/3317 1812/1837/3318 
f 1798/1838/3319 1799/1827/3320 1790/1829/3321 
f 1800/1839/3322 1799/1827/3323 1798/1838/3324 
f 1800/1839/3325 1801/1825/3326 1799/1827/3327 
f 1808/1840/3328 1801/1825/3329 1800/1839/3330 
f 1808/1840/3331 1787/1823/3332 1801/1825/3333 
f 1807/1841/3334 1787/1823/3335 1808/1840/3336 
f 1807/1841/3337 1785/1821/3338 1787/1823/3339 
f 1805/1842/3340 1785/1821/3341 1807/1841/3342 
f 1805/1842/3343 1783/1819/3344 1785/1821/3345 
f 1802/1843/3346 1783/1819/3347 1805/1842/3348 
f 1802/1843/3349 1781/1817/3350 1783/1819/3351 
f 1803/1844/3352 1781/1817/3353 1802/1843/3354 
f 1803/1844/3355 1779/1815/3356 1781/1817/3357 
f 1803/1844/3358 1804/1814/3359 1779/1815/3360 
f 1826/1845/3361 1804/1814/3362 1803/1844/3363 
f 1802/1843/3364 1826/1845/3365 1803/1844/3366 
f 1825/1846/3367 1826/1845/3368 1802/1843/3369 
f 1805/1842/3370 1825/1846/3371 1802/1843/3372 
f 1822/1847/3373 1825/1846/3374 1805/1842/3375 
f 1807/1841/3376 1822/1847/3377 1805/1842/3378 
f 1806/1848/3379 1822/1847/3380 1807/1841/3381 
f 1808/1840/3382 1806/1848/3383 1807/1841/3384 
f 1809/1849/3385 1806/1848/3386 1808/1840/3387 
f 1800/1839/3388 1809/1849/3389 1808/1840/3390 
f 1810/1850/3391 1809/1849/3392 1800/1839/3393 
f 1798/1838/3394 1810/1850/3395 1800/1839/3396 
f 1811/1851/3397 1810/1850/3398 1798/1838/3399 
f 1812/1837/3400 1811/1851/3401 1798/1838/3402 
f 1817/1852/3403 1811/1851/3404 1812/1837/3405 
f 1796/1836/3406 1817/1852/3407 1812/1837/3408 
f 1815/1853/3409 1817/1852/3410 1796/1836/3411 
f 1795/1835/3412 1815/1853/3413 1796/1836/3414 
f 1813/1854/3415 1815/1853/3416 1795/1835/3417 
f 1794/1834/3418 1813/1854/3419 1795/1835/3420 
f 2063/1855/3421 1813/1854/3422 1794/1834/3423 
f 1814/1856/3424 1813/1854/3425 2063/1855/3426 
f 1814/1856/3427 1815/1853/3428 1813/1854/3429 
f 1816/1857/3430 1815/1853/3431 1814/1856/3432 
f 1816/1857/3433 1817/1852/3434 1815/1853/3435 
f 1818/1858/3436 1817/1852/3437 1816/1857/3438 
f 1818/1858/3439 1811/1851/3440 1817/1852/3441 
f 1819/1859/3442 1811/1851/3443 1818/1858/3444 
f 1819/1859/3445 1810/1850/3446 1811/1851/3447 
f 1820/1860/3448 1810/1850/3449 1819/1859/3450 
f 1820/1860/3451 1809/1849/3452 1810/1850/3453 
f 1821/1861/3454 1809/1849/3455 1820/1860/3456 
f 1821/1861/3457 1806/1848/3458 1809/1849/3459 
f 1823/1862/3460 1806/1848/3461 1821/1861/3462 
f 1823/1862/3463 1822/1847/3464 1806/1848/3465 
f 1824/1863/3466 1822/1847/3467 1823/1862/3468 
f 1824/1863/3469 1825/1846/3470 1822/1847/3471 
f 2036/1864/3472 1825/1846/3473 1824/1863/3474 
f 2036/1864/3475 1826/1845/3476 1825/1846/3477 
f 2036/1864/3478 1804/1814/3479 1826/1845/3480 
f 1857/1867/3481 1847/1866/3482 1827/1865/3483 
f 1847/1866/3484 1829/1658/3485 1827/1865/3486 
f 1847/1866/3487 1828/1868/3488 1829/1658/3489 
f 1828/1868/3490 1657/1657/3491 1829/1658/3492 
f 1828/1868/3493 1830/1869/3494 1657/1657/3495 
f 1830/1869/3496 1659/1660/3497 1657/1657/3498 
f 1830/1869/3499 1845/1870/3500 1659/1660/3501 
f 1845/1870/3502 1661/1662/3503 1659/1660/3504 
f 1845/1870/3505 1844/1871/3506 1661/1662/3507 
f 1844/1871/3508 1662/1664/3509 1661/1662/3510 
f 1844/1871/3511 1831/1872/3512 1662/1664/3513 
f 1831/1872/3514 1664/1666/3515 1662/1664/3516 
f 1831/1872/3517 1841/1873/3518 1664/1666/3519 
f 1841/1873/3520 1832/1668/3521 1664/1666/3522 
f 1841/1873/3523 1840/1874/3524 1832/1668/3525 
f 1840/1874/3526 1666/1670/3527 1832/1668/3528 
f 1840/1874/3529 1834/1875/3530 1666/1670/3531 
f 1834/1875/3532 1833/1672/3533 1666/1670/3534 
f 1834/1875/3535 1838/1876/3536 1833/1672/3537 
f 1838/1876/3538 1669/1674/3539 1833/1672/3540 
f 1838/1876/3541 1836/1877/3542 1669/1674/3543 
f 1836/1877/3544 1835/1676/3545 1669/1674/3546 
f 1836/1877/3547 1690/1678/3548 1835/1676/3549 
f 1836/1877/3550 1837/1878/3551 1690/1678/3552 
f 1838/1876/3553 1837/1878/3554 1836/1877/3555 
f 1856/1879/3556 1837/1878/3557 1838/1876/3558 
f 1834/1875/3559 1856/1879/3560 1838/1876/3561 
f 1839/1880/3562 1856/1879/3563 1834/1875/3564 
f 1840/1874/3565 1839/1880/3566 1834/1875/3567 
f 1853/1881/3568 1839/1880/3569 1840/1874/3570 
f 1841/1873/3571 1853/1881/3572 1840/1874/3573 
f 1842/1882/3574 1853/1881/3575 1841/1873/3576 
f 1831/1872/3577 1842/1882/3578 1841/1873/3579 
f 1843/1883/3580 1842/1882/3581 1831/1872/3582 
f 1844/1871/3583 1843/1883/3584 1831/1872/3585 
f 1850/1884/3586 1843/1883/3587 1844/1871/3588 
f 1845/1870/3589 1850/1884/3590 1844/1871/3591 
f 1846/1885/3592 1850/1884/3593 1845/1870/3594 
f 1830/1869/3595 1846/1885/3596 1845/1870/3597 
f 1848/1886/3598 1846/1885/3599 1830/1869/3600 
f 1828/1868/3601 1848/1886/3602 1830/1869/3603 
f 1847/1866/3604 1848/1886/3605 1828/1868/3606 
f 1857/1867/3607 1848/1886/3608 1847/1866/3609 
f 1849/1887/3610 1848/1886/3611 1857/1867/3612 
f 1849/1887/3613 1846/1885/3614 1848/1886/3615 
f 1860/1888/3616 1846/1885/3617 1849/1887/3618 
f 1860/1888/3619 1850/1884/3620 1846/1885/3621 
f 1861/1889/3622 1850/1884/3623 1860/1888/3624 
f 1861/1889/3625 1843/1883/3626 1850/1884/3627 
f 1851/1890/3628 1843/1883/3629 1861/1889/3630 
f 1851/1890/3631 1842/1882/3632 1843/1883/3633 
f 1852/1891/3634 1842/1882/3635 1851/1890/3636 
f 1852/1891/3637 1853/1881/3638 1842/1882/3639 
f 1854/1892/3640 1853/1881/3641 1852/1891/3642 
f 1854/1892/3643 1839/1880/3644 1853/1881/3645 
f 1864/1893/3646 1839/1880/3647 1854/1892/3648 
f 1864/1893/3649 1856/1879/3650 1839/1880/3651 
f 1855/1894/3652 1856/1879/3653 1864/1893/3654 
f 1855/1894/3655 1837/1878/3656 1856/1879/3657 
f 1837/1878/3658 1855/1894/3659 1690/1678/3660 
f 1696/1707/3661 1876/1895/3662 1697/1708/3663 
f 1876/1895/3664 1829/1658/3665 1697/1708/3666 
f 1876/1895/3667 1875/1896/3668 1829/1658/3669 
f 1875/1896/3670 1827/1865/3671 1829/1658/3672 
f 1875/1896/3673 1873/1897/3674 1827/1865/3675 
f 1873/1897/3676 1857/1867/3677 1827/1865/3678 
f 1873/1897/3679 1858/1898/3680 1857/1867/3681 
f 1858/1898/3682 1849/1887/3683 1857/1867/3684 
f 1858/1898/3685 1859/1899/3686 1849/1887/3687 
f 1859/1899/3688 1860/1888/3689 1849/1887/3690 
f 1859/1899/3691 1872/1900/3692 1860/1888/3693 
f 1872/1900/3694 1861/1889/3695 1860/1888/3696 
f 1872/1900/3697 1862/1901/3698 1861/1889/3699 
f 1862/1901/3700 1851/1890/3701 1861/1889/3702 
f 1862/1901/3703 1863/1902/3704 1851/1890/3705 
f 1863/1902/3706 1852/1891/3707 1851/1890/3708 
f 1863/1902/3709 1868/1903/3710 1852/1891/3711 
f 1868/1903/3712 1854/1892/3713 1852/1891/3714 
f 1868/1903/3715 1865/1904/3716 1854/1892/3717 
f 1865/1904/3718 1864/1893/3719 1854/1892/3720 
f 1865/1904/3721 1866/1905/3722 1864/1893/3723 
f 1866/1905/3724 1855/1894/3725 1864/1893/3726 
f 1866/1905/3727 1690/1678/3728 1855/1894/3729 
f 1866/1905/3730 1867/1906/3731 1690/1678/3732 
f 1865/1904/3733 1867/1906/3734 1866/1905/3735 
f 1869/1907/3736 1867/1906/3737 1865/1904/3738 
f 1868/1903/3739 1869/1907/3740 1865/1904/3741 
f 1870/1908/3742 1869/1907/3743 1868/1903/3744 
f 1863/1902/3745 1870/1908/3746 1868/1903/3747 
f 1883/1909/3748 1870/1908/3749 1863/1902/3750 
f 1862/1901/3751 1883/1909/3752 1863/1902/3753 
f 1871/1910/3754 1883/1909/3755 1862/1901/3756 
f 1872/1900/3757 1871/1910/3758 1862/1901/3759 
f 1882/1911/3760 1871/1910/3761 1872/1900/3762 
f 1859/1899/3763 1882/1911/3764 1872/1900/3765 
f 1880/1912/3766 1882/1911/3767 1859/1899/3768 
f 1858/1898/3769 1880/1912/3770 1859/1899/3771 
f 1877/1913/3772 1880/1912/3773 1858/1898/3774 
f 1873/1897/3775 1877/1913/3776 1858/1898/3777 
f 1874/1914/3778 1877/1913/3779 1873/1897/3780 
f 1875/1896/3781 1874/1914/3782 1873/1897/3783 
f 1876/1895/3784 1874/1914/3785 1875/1896/3786 
f 1696/1707/3787 1874/1914/3788 1876/1895/3789 
f 1878/1706/3790 1874/1914/3791 1696/1707/3792 
f 1878/1706/3793 1877/1913/3794 1874/1914/3795 
f 1879/1705/3796 1877/1913/3797 1878/1706/3798 
f 1879/1705/3799 1880/1912/3800 1877/1913/3801 
f 1881/1704/3802 1880/1912/3803 1879/1705/3804 
f 1881/1704/3805 1882/1911/3806 1880/1912/3807 
f 1695/1703/3808 1882/1911/3809 1881/1704/3810 
f 1695/1703/3811 1871/1910/3812 1882/1911/3813 
f 1884/1702/3814 1871/1910/3815 1695/1703/3816 
f 1884/1702/3817 1883/1909/3818 1871/1910/3819 
f 1885/1701/3820 1883/1909/3821 1884/1702/3822 
f 1885/1701/3823 1870/1908/3824 1883/1909/3825 
f 1886/1700/3826 1870/1908/3827 1885/1701/3828 
f 1886/1700/3829 1869/1907/3830 1870/1908/3831 
f 1691/1699/3832 1869/1907/3833 1886/1700/3834 
f 1691/1699/3835 1867/1906/3836 1869/1907/3837 
f 1867/1906/3838 1691/1699/3839 1690/1678/3840 
f 1909/1917/3841 1908/1916/3842 1922/1915/3843 
f 1908/1916/3844 1717/1710/3845 1922/1915/3846 
f 1908/1916/3847 1887/1918/3848 1717/1710/3849 
f 1887/1918/3850 1888/1709/3851 1717/1710/3852 
f 1887/1918/3853 1906/1919/3854 1888/1709/3855 
f 1906/1919/3856 1889/1712/3857 1888/1709/3858 
f 1906/1919/3859 1905/1920/3860 1889/1712/3861 
f 1905/1920/3862 1890/1714/3863 1889/1712/3864 
f 1905/1920/3865 1904/1921/3866 1890/1714/3867 
f 1904/1921/3868 1701/1716/3869 1890/1714/3870 
f 1904/1921/3871 1902/1922/3872 1701/1716/3873 
f 1902/1922/3874 1891/1718/3875 1701/1716/3876 
f 1902/1922/3877 1892/1923/3878 1891/1718/3879 
f 1892/1923/3880 1893/1720/3881 1891/1718/3882 
f 1892/1923/3883 1894/1924/3884 1893/1720/3885 
f 1894/1924/3886 1704/1722/3887 1893/1720/3888 
f 1894/1924/3889 1899/1925/3890 1704/1722/3891 
f 1899/1925/3892 1705/1724/3893 1704/1722/3894 
f 1899/1925/3895 1895/1926/3896 1705/1724/3897 
f 1895/1926/3898 1708/1726/3899 1705/1724/3900 
f 1895/1926/3901 1896/1927/3902 1708/1726/3903 
f 1896/1927/3904 1709/1728/3905 1708/1726/3906 
f 1896/1927/3907 1918/1730/3908 1709/1728/3909 
f 1896/1927/3910 1897/1928/3911 1918/1730/3912 
f 1895/1926/3913 1897/1928/3914 1896/1927/3915 
f 1898/1929/3916 1897/1928/3917 1895/1926/3918 
f 1899/1925/3919 1898/1929/3920 1895/1926/3921 
f 1916/1930/3922 1898/1929/3923 1899/1925/3924 
f 1894/1924/3925 1916/1930/3926 1899/1925/3927 
f 1900/1931/3928 1916/1930/3929 1894/1924/3930 
f 1892/1923/3931 1900/1931/3932 1894/1924/3933 
f 1901/1932/3934 1900/1931/3935 1892/1923/3936 
f 1902/1922/3937 1901/1932/3938 1892/1923/3939 
f 1903/1933/3940 1901/1932/3941 1902/1922/3942 
f 1904/1921/3943 1903/1933/3944 1902/1922/3945 
f 1912/1934/3946 1903/1933/3947 1904/1921/3948 
f 1905/1920/3949 1912/1934/3950 1904/1921/3951 
f 1911/1935/3952 1912/1934/3953 1905/1920/3954 
f 1906/1919/3955 1911/1935/3956 1905/1920/3957 
f 1907/1936/3958 1911/1935/3959 1906/1919/3960 
f 1887/1918/3961 1907/1936/3962 1906/1919/3963 
f 1908/1916/3964 1907/1936/3965 1887/1918/3966 
f 1909/1917/3967 1907/1936/3968 1908/1916/3969 
f 1910/1937/3970 1907/1936/3971 1909/1917/3972 
f 1910/1937/3973 1911/1935/3974 1907/1936/3975 
f 1923/1938/3976 1911/1935/3977 1910/1937/3978 
f 1923/1938/3979 1912/1934/3980 1911/1935/3981 
f 1913/1939/3982 1912/1934/3983 1923/1938/3984 
f 1913/1939/3985 1903/1933/3986 1912/1934/3987 
f 1925/1940/3988 1903/1933/3989 1913/1939/3990 
f 1925/1940/3991 1901/1932/3992 1903/1933/3993 
f 1914/1941/3994 1901/1932/3995 1925/1940/3996 
f 1914/1941/3997 1900/1931/3998 1901/1932/3999 
f 1915/1942/4000 1900/1931/4001 1914/1941/4002 
f 1915/1942/4003 1916/1930/4004 1900/1931/4005 
f 1917/1943/4006 1916/1930/4007 1915/1942/4008 
f 1917/1943/4009 1898/1929/4010 1916/1930/4011 
f 1926/1944/4012 1898/1929/4013 1917/1943/4014 
f 1926/1944/4015 1897/1928/4016 1898/1929/4017 
f 1897/1928/4018 1926/1944/4019 1918/1730/4020 
f 1919/1759/4021 1921/1945/4022 1920/1760/4023 
f 1921/1945/4024 1717/1710/4025 1920/1760/4026 
f 1921/1945/4027 1940/1946/4028 1717/1710/4029 
f 1940/1946/4030 1922/1915/4031 1717/1710/4032 
f 1940/1946/4033 1939/1947/4034 1922/1915/4035 
f 1939/1947/4036 1909/1917/4037 1922/1915/4038 
f 1939/1947/4039 1938/1948/4040 1909/1917/4041 
f 1938/1948/4042 1910/1937/4043 1909/1917/4044 
f 1938/1948/4045 1924/1949/4046 1910/1937/4047 
f 1924/1949/4048 1923/1938/4049 1910/1937/4050 
f 1924/1949/4051 1935/1950/4052 1923/1938/4053 
f 1935/1950/4054 1913/1939/4055 1923/1938/4056 
f 1935/1950/4057 1933/1951/4058 1913/1939/4059 
f 1933/1951/4060 1925/1940/4061 1913/1939/4062 
f 1933/1951/4063 1932/1952/4064 1925/1940/4065 
f 1932/1952/4066 1914/1941/4067 1925/1940/4068 
f 1932/1952/4069 1931/1953/4070 1914/1941/4071 
f 1931/1953/4072 1915/1942/4073 1914/1941/4074 
f 1931/1953/4075 1929/1954/4076 1915/1942/4077 
f 1929/1954/4078 1917/1943/4079 1915/1942/4080 
f 1929/1954/4081 1927/1955/4082 1917/1943/4083 
f 1927/1955/4084 1926/1944/4085 1917/1943/4086 
f 1927/1955/4087 1918/1730/4088 1926/1944/4089 
f 1927/1955/4090 1928/1956/4091 1918/1730/4092 
f 1929/1954/4093 1928/1956/4094 1927/1955/4095 
f 1930/1957/4096 1928/1956/4097 1929/1954/4098 
f 1931/1953/4099 1930/1957/4100 1929/1954/4101 
f 1948/1958/4102 1930/1957/4103 1931/1953/4104 
f 1932/1952/4105 1948/1958/4106 1931/1953/4107 
f 1934/1959/4108 1948/1958/4109 1932/1952/4110 
f 1933/1951/4111 1934/1959/4112 1932/1952/4113 
f 1946/1960/4114 1934/1959/4115 1933/1951/4116 
f 1935/1950/4117 1946/1960/4118 1933/1951/4119 
f 1936/1961/4120 1946/1960/4121 1935/1950/4122 
f 1924/1949/4123 1936/1961/4124 1935/1950/4125 
f 1937/1962/4126 1936/1961/4127 1924/1949/4128 
f 1938/1948/4129 1937/1962/4130 1924/1949/4131 
f 1943/1963/4132 1937/1962/4133 1938/1948/4134 
f 1939/1947/4135 1943/1963/4136 1938/1948/4137 
f 1941/1964/4138 1943/1963/4139 1939/1947/4140 
f 1940/1946/4141 1941/1964/4142 1939/1947/4143 
f 1921/1945/4144 1941/1964/4145 1940/1946/4146 
f 1919/1759/4147 1941/1964/4148 1921/1945/4149 
f 1942/1758/4150 1941/1964/4151 1919/1759/4152 
f 1942/1758/4153 1943/1963/4154 1941/1964/4155 
f 1944/1757/4156 1943/1963/4157 1942/1758/4158 
f 1944/1757/4159 1937/1962/4160 1943/1963/4161 
f 1735/1756/4162 1937/1962/4163 1944/1757/4164 
f 1735/1756/4165 1936/1961/4166 1937/1962/4167 
f 1945/1755/4168 1936/1961/4169 1735/1756/4170 
f 1945/1755/4171 1946/1960/4172 1936/1961/4173 
f 1733/1754/4174 1946/1960/4175 1945/1755/4176 
f 1733/1754/4177 1934/1959/4178 1946/1960/4179 
f 1947/1753/4180 1934/1959/4181 1733/1754/4182 
f 1947/1753/4183 1948/1958/4184 1934/1959/4185 
f 1949/1752/4186 1948/1958/4187 1947/1753/4188 
f 1949/1752/4189 1930/1957/4190 1948/1958/4191 
f 1950/1751/4192 1930/1957/4193 1949/1752/4194 
f 1950/1751/4195 1928/1956/4196 1930/1957/4197 
f 1928/1956/4198 1950/1751/4199 1918/1730/4200 
f 1972/1967/4201 1951/1966/4202 1982/1965/4203 
f 1951/1966/4204 1757/1762/4205 1982/1965/4206 
f 1951/1966/4207 1953/1968/4208 1757/1762/4209 
f 1953/1968/4210 1952/1761/4211 1757/1762/4212 
f 1953/1968/4213 1955/1969/4214 1952/1761/4215 
f 1955/1969/4216 1954/1764/4217 1952/1761/4218 
f 1955/1969/4219 1971/1970/4220 1954/1764/4221 
f 1971/1970/4222 1737/1766/4223 1954/1764/4224 
f 1971/1970/4225 1956/1971/4226 1737/1766/4227 
f 1956/1971/4228 1739/1768/4229 1737/1766/4230 
f 1956/1971/4231 1970/1972/4232 1739/1768/4233 
f 1970/1972/4234 1740/1770/4235 1739/1768/4236 
f 1970/1972/4237 1969/1973/4238 1740/1770/4239 
f 1969/1973/4240 1957/1772/4241 1740/1770/4242 
f 1969/1973/4243 1967/1974/4244 1957/1772/4245 
f 1967/1974/4246 1958/1774/4247 1957/1772/4248 
f 1967/1974/4249 1959/1975/4250 1958/1774/4251 
f 1959/1975/4252 1960/1776/4253 1958/1774/4254 
f 1959/1975/4255 1961/1976/4256 1960/1776/4257 
f 1961/1976/4258 1962/1778/4259 1960/1776/4260 
f 1961/1976/4261 1964/1977/4262 1962/1778/4263 
f 1964/1977/4264 1744/1780/4265 1962/1778/4266 
f 1964/1977/4267 1746/1782/4268 1744/1780/4269 
f 1964/1977/4270 1963/1978/4271 1746/1782/4272 
f 1961/1976/4273 1963/1978/4274 1964/1977/4275 
f 1965/1979/4276 1963/1978/4277 1961/1976/4278 
f 1959/1975/4279 1965/1979/4280 1961/1976/4281 
f 1966/1980/4282 1965/1979/4283 1959/1975/4284 
f 1967/1974/4285 1966/1980/4286 1959/1975/4287 
f 1979/1981/4288 1966/1980/4289 1967/1974/4290 
f 1969/1973/4291 1979/1981/4292 1967/1974/4293 
f 1968/1982/4294 1979/1981/4295 1969/1973/4296 
f 1970/1972/4297 1968/1982/4298 1969/1973/4299 
f 1977/1983/4300 1968/1982/4301 1970/1972/4302 
f 1956/1971/4303 1977/1983/4304 1970/1972/4305 
f 1976/1984/4306 1977/1983/4307 1956/1971/4308 
f 1971/1970/4309 1976/1984/4310 1956/1971/4311 
f 1974/1985/4312 1976/1984/4313 1971/1970/4314 
f 1955/1969/4315 1974/1985/4316 1971/1970/4317 
f 1973/1986/4318 1974/1985/4319 1955/1969/4320 
f 1953/1968/4321 1973/1986/4322 1955/1969/4323 
f 1951/1966/4324 1973/1986/4325 1953/1968/4326 
f 1972/1967/4327 1973/1986/4328 1951/1966/4329 
f 1975/1987/4330 1973/1986/4331 1972/1967/4332 
f 1975/1987/4333 1974/1985/4334 1973/1986/4335 
f 1985/1988/4336 1974/1985/4337 1975/1987/4338 
f 1985/1988/4339 1976/1984/4340 1974/1985/4341 
f 1986/1989/4342 1976/1984/4343 1985/1988/4344 
f 1986/1989/4345 1977/1983/4346 1976/1984/4347 
f 1978/1990/4348 1977/1983/4349 1986/1989/4350 
f 1978/1990/4351 1968/1982/4352 1977/1983/4353 
f 1989/1991/4354 1968/1982/4355 1978/1990/4356 
f 1989/1991/4357 1979/1981/4358 1968/1982/4359 
f 1990/1992/4360 1979/1981/4361 1989/1991/4362 
f 1990/1992/4363 1966/1980/4364 1979/1981/4365 
f 1992/1993/4366 1966/1980/4367 1990/1992/4368 
f 1992/1993/4369 1965/1979/4370 1966/1980/4371 
f 1993/1994/4372 1965/1979/4373 1992/1993/4374 
f 1993/1994/4375 1963/1978/4376 1965/1979/4377 
f 1963/1978/4378 1993/1994/4379 1746/1782/4380 
f 1777/1811/4381 2004/1995/4382 1980/1812/4383 
f 2004/1995/4384 1757/1762/4385 1980/1812/4386 
f 2004/1995/4387 1981/1996/4388 1757/1762/4389 
f 1981/1996/4390 1982/1965/4391 1757/1762/4392 
f 1981/1996/4393 1983/1997/4394 1982/1965/4395 
f 1983/1997/4396 1972/1967/4397 1982/1965/4398 
f 1983/1997/4399 1984/1998/4400 1972/1967/4401 
f 1984/1998/4402 1975/1987/4403 1972/1967/4404 
f 1984/1998/4405 2000/1999/4406 1975/1987/4407 
f 2000/1999/4408 1985/1988/4409 1975/1987/4410 
f 2000/1999/4411 1999/2000/4412 1985/1988/4413 
f 1999/2000/4414 1986/1989/4415 1985/1988/4416 
f 1999/2000/4417 1987/2001/4418 1986/1989/4419 
f 1987/2001/4420 1978/1990/4421 1986/1989/4422 
f 1987/2001/4423 1988/2002/4424 1978/1990/4425 
f 1988/2002/4426 1989/1991/4427 1978/1990/4428 
f 1988/2002/4429 1991/2003/4430 1989/1991/4431 
f 1991/2003/4432 1990/1992/4433 1989/1991/4434 
f 1991/2003/4435 1996/2004/4436 1990/1992/4437 
f 1996/2004/4438 1992/1993/4439 1990/1992/4440 
f 1996/2004/4441 1995/2005/4442 1992/1993/4443 
f 1995/2005/4444 1993/1994/4445 1992/1993/4446 
f 1995/2005/4447 1746/1782/4448 1993/1994/4449 
f 1995/2005/4450 1994/2006/4451 1746/1782/4452 
f 1996/2004/4453 1994/2006/4454 1995/2005/4455 
f 1997/2007/4456 1994/2006/4457 1996/2004/4458 
f 1991/2003/4459 1997/2007/4460 1996/2004/4461 
f 1998/2008/4462 1997/2007/4463 1991/2003/4464 
f 1988/2002/4465 1998/2008/4466 1991/2003/4467 
f 2009/2009/4468 1998/2008/4469 1988/2002/4470 
f 1987/2001/4471 2009/2009/4472 1988/2002/4473 
f 2008/2010/4474 2009/2009/4475 1987/2001/4476 
f 1999/2000/4477 2008/2010/4478 1987/2001/4479 
f 2001/2011/4480 2008/2010/4481 1999/2000/4482 
f 2000/1999/4483 2001/2011/4484 1999/2000/4485 
f 2002/2012/4486 2001/2011/4487 2000/1999/4488 
f 1984/1998/4489 2002/2012/4490 2000/1999/4491 
f 2003/2013/4492 2002/2012/4493 1984/1998/4494 
f 1983/1997/4495 2003/2013/4496 1984/1998/4497 
f 2005/2014/4498 2003/2013/4499 1983/1997/4500 
f 1981/1996/4501 2005/2014/4502 1983/1997/4503 
f 2004/1995/4504 2005/2014/4505 1981/1996/4506 
f 1777/1811/4507 2005/2014/4508 2004/1995/4509 
f 2006/1810/4510 2005/2014/4511 1777/1811/4512 
f 2006/1810/4513 2003/2013/4514 2005/2014/4515 
f 1776/1809/4516 2003/2013/4517 2006/1810/4518 
f 1776/1809/4519 2002/2012/4520 2003/2013/4521 
f 2007/1808/4522 2002/2012/4523 1776/1809/4524 
f 2007/1808/4525 2001/2011/4526 2002/2012/4527 
f 1773/1807/4528 2001/2011/4529 2007/1808/4530 
f 1773/1807/4531 2008/2010/4532 2001/2011/4533 
f 1772/1806/4534 2008/2010/4535 1773/1807/4536 
f 1772/1806/4537 2009/2009/4538 2008/2010/4539 
f 1770/1805/4540 2009/2009/4541 1772/1806/4542 
f 1770/1805/4543 1998/2008/4544 2009/2009/4545 
f 1768/1804/4546 1998/2008/4547 1770/1805/4548 
f 1768/1804/4549 1997/2007/4550 1998/2008/4551 
f 2010/1803/4552 1997/2007/4553 1768/1804/4554 
f 2010/1803/4555 1994/2006/4556 1997/2007/4557 
f 1994/2006/4558 2010/1803/4559 1746/1782/4560 
f 2038/2017/4561 2012/2016/4562 2011/2015/4563 
f 2012/2016/4564 1804/1814/4565 2011/2015/4566 
f 2012/2016/4567 2027/2018/4568 1804/1814/4569 
f 2027/2018/4570 2013/1813/4571 1804/1814/4572 
f 2027/2018/4573 2025/2019/4574 2013/1813/4575 
f 2025/2019/4576 1780/1816/4577 2013/1813/4578 
f 2025/2019/4579 2024/2020/4580 1780/1816/4581 
f 2024/2020/4582 1782/1818/4583 1780/1816/4584 
f 2024/2020/4585 2023/2021/4586 1782/1818/4587 
f 2023/2021/4588 1784/1820/4589 1782/1818/4590 
f 2023/2021/4591 2014/2022/4592 1784/1820/4593 
f 2014/2022/4594 1786/1822/4595 1784/1820/4596 
f 2014/2022/4597 2021/2023/4598 1786/1822/4599 
f 2021/2023/4600 2015/1824/4601 1786/1822/4602 
f 2021/2023/4603 2020/2024/4604 2015/1824/4605 
f 2020/2024/4606 1788/1826/4607 2015/1824/4608 
f 2020/2024/4609 2016/2025/4610 1788/1826/4611 
f 2016/2025/4612 1789/1828/4613 1788/1826/4614 
f 2016/2025/4615 2018/2026/4616 1789/1828/4617 
f 2018/2026/4618 1791/1830/4619 1789/1828/4620 
f 2018/2026/4621 2017/2027/4622 1791/1830/4623 
f 2017/2027/4624 1792/1832/4625 1791/1830/4626 
f 2017/2027/4627 1794/1834/4628 1792/1832/4629 
f 2017/2027/4630 2035/2028/4631 1794/1834/4632 
f 2018/2026/4633 2035/2028/4634 2017/2027/4635 
f 2019/2029/4636 2035/2028/4637 2018/2026/4638 
f 2016/2025/4639 2019/2029/4640 2018/2026/4641 
f 2034/2030/4642 2019/2029/4643 2016/2025/4644 
f 2020/2024/4645 2034/2030/4646 2016/2025/4647 
f 2032/2031/4648 2034/2030/4649 2020/2024/4650 
f 2021/2023/4651 2032/2031/4652 2020/2024/4653 
f 2022/2032/4654 2032/2031/4655 2021/2023/4656 
f 2014/2022/4657 2022/2032/4658 2021/2023/4659 
f 2031/2033/4660 2022/2032/4661 2014/2022/4662 
f 2023/2021/4663 2031/2033/4664 2014/2022/4665 
f 2030/2034/4666 2031/2033/4667 2023/2021/4668 
f 2024/2020/4669 2030/2034/4670 2023/2021/4671 
f 2028/2035/4672 2030/2034/4673 2024/2020/4674 
f 2025/2019/4675 2028/2035/4676 2024/2020/4677 
f 2026/2036/4678 2028/2035/4679 2025/2019/4680 
f 2027/2018/4681 2026/2036/4682 2025/2019/4683 
f 2012/2016/4684 2026/2036/4685 2027/2018/4686 
f 2038/2017/4687 2026/2036/4688 2012/2016/4689 
f 2040/2037/4690 2026/2036/4691 2038/2017/4692 
f 2040/2037/4693 2028/2035/4694 2026/2036/4695 
f 2029/2038/4696 2028/2035/4697 2040/2037/4698 
f 2029/2038/4699 2030/2034/4700 2028/2035/4701 
f 2041/2039/4702 2030/2034/4703 2029/2038/4704 
f 2041/2039/4705 2031/2033/4706 2030/2034/4707 
f 2043/2040/4708 2031/2033/4709 2041/2039/4710 
f 2043/2040/4711 2022/2032/4712 2031/2033/4713 
f 2046/2041/4714 2022/2032/4715 2043/2040/4716 
f 2046/2041/4717 2032/2031/4718 2022/2032/4719 
f 2048/2042/4720 2032/2031/4721 2046/2041/4722 
f 2048/2042/4723 2034/2030/4724 2032/2031/4725 
f 2033/2043/4726 2034/2030/4727 2048/2042/4728 
f 2033/2043/4729 2019/2029/4730 2034/2030/4731 
f 2049/2044/4732 2019/2029/4733 2033/2043/4734 
f 2049/2044/4735 2035/2028/4736 2019/2029/4737 
f 2035/2028/4738 2049/2044/4739 1794/1834/4740 
f 1824/1863/4741 2058/2045/4742 2036/1864/4743 
f 2058/2045/4744 1804/1814/4745 2036/1864/4746 
f 2058/2045/4747 2037/2046/4748 1804/1814/4749 
f 2037/2046/4750 2011/2015/4751 1804/1814/4752 
f 2037/2046/4753 2057/2047/4754 2011/2015/4755 
f 2057/2047/4756 2038/2017/4757 2011/2015/4758 
f 2057/2047/4759 2039/2048/4760 2038/2017/4761 
f 2039/2048/4762 2040/2037/4763 2038/2017/4764 
f 2039/2048/4765 2053/2049/4766 2040/2037/4767 
f 2053/2049/4768 2029/2038/4769 2040/2037/4770 
f 2053/2049/4771 2042/2050/4772 2029/2038/4773 
f 2042/2050/4774 2041/2039/4775 2029/2038/4776 
f 2042/2050/4777 2044/2051/4778 2041/2039/4779 
f 2044/2051/4780 2043/2040/4781 2041/2039/4782 
f 2044/2051/4783 2045/2052/4784 2043/2040/4785 
f 2045/2052/4786 2046/2041/4787 2043/2040/4788 
f 2045/2052/4789 2047/2053/4790 2046/2041/4791 
f 2047/2053/4792 2048/2042/4793 2046/2041/4794 
f 2047/2053/4795 2051/2054/4796 2048/2042/4797 
f 2051/2054/4798 2033/2043/4799 2048/2042/4800 
f 2051/2054/4801 2050/2055/4802 2033/2043/4803 
f 2050/2055/4804 2049/2044/4805 2033/2043/4806 
f 2050/2055/4807 1794/1834/4808 2049/2044/4809 
f 2050/2055/4810 2064/2056/4811 1794/1834/4812 
f 2051/2054/4813 2064/2056/4814 2050/2055/4815 
f 2052/2057/4816 2064/2056/4817 2051/2054/4818 
f 2047/2053/4819 2052/2057/4820 2051/2054/4821 
f 2062/2058/4822 2052/2057/4823 2047/2053/4824 
f 2045/2052/4825 2062/2058/4826 2047/2053/4827 
f 2061/2059/4828 2062/2058/4829 2045/2052/4830 
f 2044/2051/4831 2061/2059/4832 2045/2052/4833 
f 2060/2060/4834 2061/2059/4835 2044/2051/4836 
f 2042/2050/4837 2060/2060/4838 2044/2051/4839 
f 2054/2061/4840 2060/2060/4841 2042/2050/4842 
f 2053/2049/4843 2054/2061/4844 2042/2050/4845 
f 2055/2062/4846 2054/2061/4847 2053/2049/4848 
f 2039/2048/4849 2055/2062/4850 2053/2049/4851 
f 2056/2063/4852 2055/2062/4853 2039/2048/4854 
f 2057/2047/4855 2056/2063/4856 2039/2048/4857 
f 2059/2064/4858 2056/2063/4859 2057/2047/4860 
f 2037/2046/4861 2059/2064/4862 2057/2047/4863 
f 2058/2045/4864 2059/2064/4865 2037/2046/4866 
f 1824/1863/4867 2059/2064/4868 2058/2045/4869 
f 1823/1862/4870 2059/2064/4871 1824/1863/4872 
f 1823/1862/4873 2056/2063/4874 2059/2064/4875 
f 1821/1861/4876 2056/2063/4877 1823/1862/4878 
f 1821/1861/4879 2055/2062/4880 2056/2063/4881 
f 1820/1860/4882 2055/2062/4883 1821/1861/4884 
f 1820/1860/4885 2054/2061/4886 2055/2062/4887 
f 1819/1859/4888 2054/2061/4889 1820/1860/4890 
f 1819/1859/4891 2060/2060/4892 2054/2061/4893 
f 1818/1858/4894 2060/2060/4895 1819/1859/4896 
f 1818/1858/4897 2061/2059/4898 2060/2060/4899 
f 1816/1857/4900 2061/2059/4901 1818/1858/4902 
f 1816/1857/4903 2062/2058/4904 2061/2059/4905 
f 1814/1856/4906 2062/2058/4907 1816/1857/4908 
f 1814/1856/4909 2052/2057/4910 2062/2058/4911 
f 2063/1855/4912 2052/2057/4913 1814/1856/4914 
f 2063/1855/4915 2064/2056/4916 2052/2057/4917 
f 2064/2056/4918 2063/1855/4919 1794/1834/4920 
# 1640 faces

#
# object SM_Urchin_Group_01_LOD1
#

v  -16.4432 13.7263 16.4648
v  -16.9283 19.2032 13.0564
v  -18.6360 16.1363 11.7127
v  14.5103 22.1312 -14.9255
v  13.9580 19.6499 -7.9609
v  14.8139 24.2583 -12.1476
v  14.9709 18.1790 -13.9866
v  -18.6360 16.4100 17.2616
v  27.0851 19.0995 -3.6799
v  13.0130 14.4188 -11.2945
v  22.8973 5.6994 -2.9337
v  2.9449 18.4390 5.8444
v  3.1993 19.2221 11.3105
v  0.6000 18.1100 7.3212
v  5.2897 19.6338 7.3212
v  13.2259 17.0958 15.2489
v  12.5738 17.3077 10.9197
v  12.8998 19.1544 14.0792
v  16.8812 20.2236 -9.6077
v  -5.4018 13.8194 21.2139
v  -15.8705 11.8295 11.3793
v  -5.4018 3.7064 14.3382
v  31.0437 20.7812 -12.3994
v  14.3650 14.6679 -13.3010
v  24.6454 9.6611 -16.4004
v  14.3869 23.7000 -10.6905
v  27.9074 20.8726 -1.9312
v  21.9081 34.7297 -4.2530
v  17.3142 23.7534 -7.5856
v  13.7886 36.1088 -20.3225
v  22.6093 37.3451 -10.6536
v  10.9488 20.0447 -11.9868
v  0.3468 34.6547 -12.9667
v  -3.7712 21.4778 -12.9527
v  14.4029 27.0202 -11.7416
v  6.6610 36.0069 -22.9011
v  2.9257 24.0545 -26.9021
v  9.2431 16.7058 -12.7987
v  3.4160 13.9311 -26.0111
v  12.2475 23.1068 -29.2715
v  17.1174 25.6148 -12.9623
v  18.2612 37.6713 -4.6224
v  10.0652 30.5289 2.7689
v  15.0928 14.8777 -12.7987
v  18.3029 9.2787 -26.0111
v  16.2679 21.8504 -29.2715
v  15.5933 26.7521 -12.0520
v  17.6391 33.2984 -25.0591
v  13.9038 21.3461 -29.0601
v  13.3955 15.6426 -15.3074
v  20.7114 14.7849 -28.0339
v  24.4467 26.7372 -24.0329
v  19.3477 18.9195 -13.1947
v  31.4961 27.1322 -12.1049
v  22.5999 35.5327 -7.2975
v  19.4030 18.3964 -11.6837
v  31.6368 25.8010 -8.2596
v  22.6379 35.1732 -6.2591
v  15.6947 23.9635 -6.7010
v  18.8247 38.3253 -7.1023
v  15.1429 36.4227 -19.5780
v  17.8713 16.2481 -12.1160
v  25.3740 12.7663 -24.2736
v  18.1775 22.7922 -28.8023
v  14.5298 18.0317 -6.0447
v  19.2353 24.8728 6.0912
v  19.2888 34.9225 -2.3835
v  10.7020 21.5180 -16.9916
v  16.8093 26.5173 -29.3985
v  27.2407 26.8423 -21.4048
v  8.3997 16.7439 -12.1447
v  9.2073 3.1077 -17.5874
v  21.8388 6.6596 -18.3937
v  17.2962 17.6729 -7.5557
v  26.2753 23.9599 2.2459
v  21.1900 34.6760 -3.4220
v  11.5823 19.9322 -17.3914
v  16.4606 27.1454 -29.2402
v  24.0986 32.5022 -19.9781
v  9.2287 15.9105 -10.4291
v  9.0028 3.3134 -18.0108
v  19.2851 9.2268 -23.6786
v  9.9530 24.0335 -15.6656
v  0.9738 17.7465 -25.4671
v  6.0591 7.0304 -19.7993
v  16.1491 21.7962 -5.5814
v  11.2708 14.5830 6.2674
v  3.6328 9.2262 -2.9946
v  15.5152 18.3483 -6.1218
v  29.0998 13.2820 -3.6695
v  30.2932 17.1009 -16.1919
v  13.8870 27.0582 -11.3734
v  5.7769 35.4263 -20.3413
v  2.0416 23.4740 -24.3423
v  14.4893 23.2198 -17.4697
v  12.1522 15.7413 -29.9129
v  9.2509 6.4579 -21.0687
v  12.3143 22.9946 -5.5814
v  12.2172 14.2873 6.2674
v  15.4457 5.5345 -2.9946
v  19.5258 18.7893 -11.1833
v  29.5843 19.2333 -21.9001
v  19.3145 24.5387 -28.1613
v  9.7445 17.5611 -15.8414
v  8.8755 2.9060 -16.6751
v  17.6961 4.1423 -7.0062
v  10.8533 15.0712 -9.4386
v  8.6018 3.5205 -18.2552
v  14.2803 11.8123 -26.7299
v  10.3077 20.6788 -5.9754
v  1.8481 9.4801 -1.5888
v  6.3088 4.6701 -12.9812
v  7.6154 22.9031 -12.3533
v  -2.4432 22.4591 -1.6365
v  7.8267 17.1537 4.6247
v  8.0923 23.6906 -12.9042
v  -3.6111 16.9016 -18.6626
v  4.7500 6.7892 -17.8563
v  17.9260 23.7992 -8.2935
v  17.9410 38.3904 -6.4716
v  7.1794 37.0089 -13.8944
v  12.9969 18.4442 -5.8458
v  15.3340 25.9226 6.5974
v  18.2352 35.2060 -2.2468
v  13.7559 16.7959 -6.7629
v  16.8689 2.4896 -8.1265
v  18.0623 6.3085 -20.6489
v  14.8586 17.3398 -6.4919
v  24.5351 6.2707 -6.2427
v  25.7285 10.0896 -18.7652
v  18.3466 23.9437 -9.1178
v  17.7744 38.3332 -6.1451
v  5.6779 36.4932 -10.9524
v  11.7377 20.0260 -5.3600
v  5.3717 7.8712 -0.0724
v  7.3149 4.2107 -12.5482
v  8.6948 16.3427 -11.2217
v  9.1345 3.2067 -17.8152
v  20.9297 7.8955 -21.2370
v  12.2927 27.0303 -10.6488
v  9.0826 32.6294 2.5636
v  11.1176 20.0576 5.8240
v  11.5580 17.3259 -16.8319
v  8.4279 2.9641 -16.4307
v  12.1097 4.8667 -3.9549
v  12.8718 23.6550 -17.2598
v  8.1664 16.8138 -29.3957
v  8.1129 6.7641 -20.9210
v  14.0204 25.7964 -7.7287
v  6.7046 26.6541 4.9978
v  2.9692 14.7018 0.9968
v  17.7749 25.2275 -12.4191
v  18.0008 37.8247 -4.8375
v  7.7185 31.9112 0.8304
v  8.2635 22.0725 -8.2300
v  -3.1895 12.9142 -7.1447
v  4.8704 5.6506 -14.5676
v  11.4344 17.5214 -6.7629
v  0.7290 7.5335 -8.1265
v  1.9225 11.3525 -20.6489
v  16.5532 23.8095 -7.0424
v  18.4847 38.3863 -6.9670
v  12.0789 36.9723 -18.3594
v  13.5289 14.3808 -11.6627
v  21.6390 6.0127 -2.6948
v  25.3743 17.9650 1.3062
v  7.7301 23.2701 -11.3099
v  -4.5038 15.8655 -14.7341
v  4.4951 6.4933 -16.7346
v  15.0070 18.8619 -17.3914
v  15.1042 27.5693 -29.2402
v  11.8756 36.3221 -19.9781
v  17.6023 21.1520 -16.4456
v  14.0763 26.6623 -29.6147
v  2.6130 28.1488 -23.3535
v  7.7885 22.7182 -9.7157
v  -4.3600 14.5055 -10.8055
v  4.5362 6.1050 -15.6129
v  12.5629 17.0555 -16.9623
v  8.1799 3.0308 -16.3985
v  9.0140 5.6997 -3.5532
v  10.8376 18.5964 -6.4919
v  -3.4199 15.0071 -6.2427
v  -2.2264 18.8260 -18.7652
v  9.4083 20.4304 -6.6404
v  12.9343 14.9201 6.5287
v  24.3976 13.4336 0.2675
v  10.5966 17.4984 -16.4496
v  8.6652 2.9215 -16.5250
v  15.0710 4.3355 -5.1327
v  11.3246 23.9325 -16.6445
v  4.3537 17.4977 -27.8793
v  7.0242 6.9594 -20.4880
v  14.9849 26.9158 -11.9731
v  13.4095 34.4365 -24.5102
v  9.6742 22.4842 -28.5112
v  8.3634 17.0868 -13.1353
v  9.2163 3.0231 -17.3430
v  21.9505 5.6033 -15.3424
v  11.8227 14.6869 -10.9841
v  9.7768 8.1406 2.0229
v  13.5121 20.0929 6.0240
v  17.1349 20.0205 -6.0290
v  11.0276 15.0213 6.3778
v  0.5961 14.6962 -1.6159
v  13.1871 26.9292 -10.3348
v  0.9114 34.5297 -13.1205
v  -2.8239 22.5773 -17.1216
v  8.8505 23.9510 -14.3898
v  -1.7428 17.5432 -22.3235
v  5.2834 6.9724 -18.9016
v  15.9963 17.7686 -6.6279
v  22.9671 24.2034 4.6069
v  20.2966 34.7418 -2.7844
v  16.3240 25.9771 -13.3037
v  18.5755 37.5278 -4.4872
v  12.8970 29.2360 3.9875
v  18.2517 24.8415 -11.7113
v  17.8120 37.9776 -5.1179
v  6.0168 33.2888 -1.6960
v  12.4310 14.5232 -11.0630
v  14.0064 7.0025 1.4741
v  17.7417 18.9548 5.4751
v  9.3610 25.5844 -11.3692
v  1.8583 29.0662 0.7884
v  9.0549 19.0403 5.3171
v  8.5885 17.3481 -14.1258
v  9.1608 2.9586 -17.0985
v  21.2572 4.7985 -12.2911
v  20.0515 22.2434 -11.3692
v  28.2017 20.8335 0.7884
v  16.5768 16.6895 5.3171
v  18.4649 25.1014 -10.6488
v  24.2919 27.8762 2.5636
v  15.4604 18.7005 5.8240
v  18.5477 24.1770 -10.0024
v  17.6948 38.2408 -5.7947
v  4.9605 35.6606 -7.7952
v  10.4929 22.0963 -6.0290
v  12.6667 14.5090 6.3778
v  21.0567 8.3019 -1.6159
v  13.4723 27.0272 -10.8936
v  2.8940 35.2105 -17.0053
v  -0.8413 23.2582 -21.0064
v  14.1644 15.1184 -14.4594
v  26.0570 11.1407 -22.1382
v  29.7924 23.0930 -18.1371
v  14.5583 25.5508 -7.4972
v  10.4438 24.9469 6.6070
v  6.7085 12.9945 2.6059
v  14.2288 14.5098 -12.7013
v  26.5045 6.9093 -9.9156
v  30.2398 18.8616 -5.9145
v  9.9649 15.4769 -9.8210
v  8.8211 3.4204 -18.1609
v  17.0171 10.5627 -25.5522
v  7.7393 19.4145 -12.1160
v  -0.4108 20.8244 -24.2736
v  11.2141 24.9684 -28.8023
v  15.6047 21.4711 -17.3228
v  21.9707 33.6258 -22.6104
v  20.0275 37.2863 -10.1346
v  18.5153 24.4832 -10.8870
v  17.7076 38.1195 -5.4443
v  5.0761 34.5676 -4.6381
v  14.7972 24.2050 -6.5846
v  19.1802 38.2297 -7.1484
v  18.3461 35.5608 -19.9937
v  16.6337 19.6642 -16.9916
v  14.4599 27.2515 -29.3985
v  6.0699 33.4586 -21.4048
v  18.8975 19.5315 -14.6027
v  30.3504 28.6898 -15.6881
v  22.2905 35.9533 -8.2652
v  12.8576 15.8882 -15.5389
v  16.9721 16.4921 -29.6431
v  20.7074 28.4445 -25.6420
v  13.9436 14.4118 -12.1425
v  24.6561 6.6580 -7.4393
v  28.2572 18.1808 -2.0297
v  24.6464 33.0503 -8.0413
v  14.4496 23.5592 -10.3284
v  29.1071 28.2403 -19.4337
v  12.7264 22.3513 13.5590
v  3.8426 14.5478 10.1516
v  12.7264 12.6474 17.2377
v  13.0728 26.5635 -9.1355
v  -1.3137 27.4099 -6.1419
v  -4.5592 17.0249 -15.2823
v  -2.5515 20.3395 16.6440
v  -14.8126 13.3299 10.3277
v  -4.9784 13.7763 7.2801
v  11.1261 23.1075 -12.8500
v  -17.1379 17.9286 16.6779
v  -5.1792 14.2402 23.4449
v  -13.7554 23.3810 27.8595
v  11.7520 15.6219 12.0893
v  29.9615 17.9710 -15.4017
v  16.4452 21.6019 -11.6490
v  26.2262 6.0187 -19.4027
v  14.3987 23.5892 -10.3705
v  31.2527 29.1625 -17.7827
v  18.1627 32.6452 -10.5535
v  10.2305 20.2418 -10.2360
v  -14.7214 16.9336 19.3141
v  -20.8543 31.0770 16.1515
v  -13.8519 28.6244 24.8525
v  -19.0440 15.4856 13.4032
v  -31.6368 23.4668 18.4023
v  -31.6368 13.9012 11.1428
v  15.1158 18.2873 -10.8715
v  8.6225 1.5683 -12.4427
v  19.8061 4.3002 -9.4478
v  -17.9861 20.6795 17.6212
v  -26.7454 30.8953 13.1955
v  -26.7454 24.3321 3.8317
v  19.0596 17.9979 -10.1728
v  27.2980 22.7768 -6.1193
v  22.4020 34.8993 -5.2206
v  -17.9861 17.6787 19.7245
v  -24.2826 10.0335 27.8177
v  -24.2826 3.4703 18.4539
v  -19.9548 13.6100 18.4876
v  -16.1814 2.5122 23.6057
v  -7.6052 4.3522 16.2695
v  -14.2254 19.0435 10.6398
v  -17.9988 30.1413 5.5216
v  -26.5750 28.3013 12.8579
v  -18.9719 19.6275 18.3586
v  -31.1357 23.5818 18.3216
v  -31.1357 17.0186 8.9578
v  -22.3615 15.4037 15.8229
v  -30.3166 8.0414 9.0327
v  -20.7511 6.8587 2.8797
v  -13.9136 18.0793 18.5111
v  -18.1223 25.9049 27.7112
v  -27.6878 24.7221 21.5582
v  -15.3678 16.5274 19.5988
v  -17.5464 26.5195 27.2805
v  -22.4978 30.2608 17.6761
v  -14.2254 20.0186 17.1518
v  -17.9988 25.1367 28.2496
v  -26.5750 17.8005 26.4096
v  -15.5486 11.7660 17.0680
v  -13.4170 10.8685 29.6476
v  -15.9800 21.9831 28.8393
v  -13.9018 13.6100 18.4876
v  -17.6752 2.5122 23.6057
v  -26.2514 4.3522 16.2695
v  -18.7605 11.6122 16.4623
v  -29.6663 6.1645 12.5915
v  -29.6663 15.5284 6.0283
v  -13.9136 19.4022 17.5838
v  -18.1223 25.3809 28.0785
v  -27.6878 20.0004 24.8677
v  -12.0570 18.4933 16.3655
v  -4.9247 12.8431 25.3544
v  -13.5009 5.3192 24.5814
v  -15.1810 14.3442 19.5351
v  -17.3595 2.3310 23.3472
v  -22.3110 2.0906 13.0428
v  -18.4888 18.3878 9.7043
v  -16.3102 30.4010 5.8922
v  -11.3588 30.6415 16.1966
v  -17.8328 16.3659 8.7780
v  -16.7051 6.0174 1.3462
v  -14.1420 1.4660 11.5183
v  -16.1205 16.2721 19.7778
v  -17.2482 26.6206 27.2096
v  -19.8113 31.1720 17.0374
v  -17.4759 20.8526 17.4999
v  -20.7352 32.0986 12.3521
v  -20.7352 25.5354 2.9883
v  -12.3116 14.4743 12.4930
v  -5.1792 20.1245 3.5041
v  -13.7554 27.6483 4.2772
v  -19.5938 13.3543 10.8951
v  -23.7117 17.2743 -0.5623
v  -18.7602 26.8786 3.1790
v  -15.8705 11.1677 15.8281
v  -9.5740 3.0745 8.1829
v  -9.5740 12.4383 1.6197
v  -17.8328 10.8374 12.6529
v  -16.7051 7.3817 0.3899
v  -14.1420 18.4963 -0.4184
v  -16.9283 20.9116 17.4586
v  -16.9283 32.5090 12.0645
v  -16.9283 25.9458 2.7006
v  -12.3116 18.1654 12.5826
v  -5.1792 27.1543 18.2328
v  -13.7554 26.3812 25.7566
v  -16.9283 16.4634 8.7096
v  -16.9283 5.9933 1.3630
v  -16.9283 1.1656 11.7289
v  -21.7996 18.4933 16.3655
v  -28.9319 12.8431 25.3544
v  -20.3557 5.3192 24.5814
v  -18.6756 16.0800 8.9783
v  -16.4971 6.0879 1.2967
v  -11.5456 2.3466 10.9010
v  -19.7407 20.5849 12.1914
v  -23.8586 20.8086 0.0841
v  -18.9071 10.5041 0.3246
v  -19.6312 19.0435 10.6398
v  -15.8578 30.1413 5.5216
v  -7.2816 28.3013 12.8579
v  -18.3841 12.1468 18.1058
v  -20.5157 0.0156 14.6581
v  -17.9526 4.5670 4.4859
v  -19.3994 11.5781 12.1338
v  -16.3185 7.1989 0.5180
v  -9.3160 16.2147 1.1808
v  -14.2628 12.2021 16.7623
v  -10.1449 11.9784 28.8697
v  -15.0964 22.2828 28.6292
v  -16.9283 21.2020 11.7589
v  -16.9283 22.3293 -0.9818
v  -16.9283 10.9383 0.0202
v  -15.4323 12.1048 11.1863
v  -6.5278 3.5278 14.4634
v  -6.5278 10.0910 23.8272
v  -18.3841 21.0450 11.8689
v  -20.5157 21.9425 -0.7107
v  -17.9526 10.8279 0.0976
v  -19.9548 12.1708 11.7183
v  -16.1814 7.0527 0.6205
v  -7.6052 14.3889 2.4605
v  -22.3615 17.7880 14.1518
v  -30.3166 13.9167 4.9147
v  -20.7511 8.5363 1.7039
v  -20.9056 19.8529 12.7045
v  -26.7292 19.0049 1.3484
v  -19.7268 9.9891 0.6855
v  -16.3807 11.6564 11.5006
v  -13.1214 0.4104 16.6484
v  -13.1214 6.9736 26.0122
v  -20.3039 12.8610 11.2346
v  -16.0952 6.8823 0.7399
v  -6.5298 12.2628 3.9507
v  -18.6756 14.3442 19.5351
v  -16.4971 2.3310 23.3472
v  -11.5456 2.0906 13.0428
v  -15.0961 11.6122 16.4623
v  -4.1903 6.1645 12.5915
v  -4.1903 15.5284 6.0283
v  -11.5974 16.0042 14.6757
v  -3.3616 24.0178 9.0589
v  -13.2645 28.6998 5.7773
v  -15.5486 20.1994 11.1570
v  -13.4170 32.3305 14.6047
v  -15.9800 27.7791 24.7769
v  -20.4230 13.6017 10.7154
v  -16.0659 6.6996 0.8680
v  -6.1629 9.9811 5.5499
v  -19.3994 15.6252 9.2971
v  -16.3185 6.2002 1.2180
v  -9.3160 3.7476 9.9191
v  -14.2628 13.3543 10.8951
v  -10.1449 17.2743 -0.5623
v  -15.0964 26.8786 3.1790
v  -14.8126 12.2193 17.3285
v  -2.2197 10.3856 18.6138
v  -2.2197 19.7494 12.0506
v  -17.4759 17.5056 19.8458
v  -20.7352 8.8302 28.6611
v  -20.7352 2.2670 19.2972
v  -14.8847 12.8815 10.6419
v  -2.7209 8.9272 10.6789
v  -2.7209 15.4904 20.0427
v  -11.7790 17.1125 13.3206
v  -3.8239 24.4749 20.1108
v  -13.3893 25.6576 26.2638
v  -22.5531 16.5959 14.9873
v  -30.7889 10.9791 6.9737
v  -20.8860 7.6975 2.2917
v  -15.3678 18.3878 9.7043
v  -17.5464 30.4010 5.8922
v  -22.4978 30.6415 16.1966
v  -20.3039 14.3423 10.1963
v  -16.0952 6.5168 0.9961
v  -6.5298 7.6995 7.1492
v  -18.6756 11.1233 12.4525
v  -16.4971 7.3112 0.4393
v  -11.5456 17.6156 0.1989
v  -18.7605 20.0453 18.0657
v  -29.6663 26.4867 16.2856
v  -29.6663 19.9235 6.9217
v  -13.8073 19.9392 11.9177
v  -18.1644 29.7866 5.0155
v  -28.0674 25.1046 8.2971
v  -15.8705 14.8303 9.2760
v  -9.5740 22.4755 1.1828
v  -9.5740 29.0387 10.5466
v  -19.7407 12.6069 17.7833
v  -23.8586 1.1495 13.8633
v  -18.9071 4.8908 4.2590
v  -16.3807 15.0033 9.1547
v  -13.1214 23.6788 0.3394
v  -13.1214 30.2420 9.7033
v  -15.0961 14.1961 9.7205
v  -4.1903 18.0669 4.2728
v  -4.1903 24.6301 13.6367
v  -16.9283 11.5974 11.5420
v  -16.9283 -0.0000 16.9360
v  -16.9283 6.5632 26.2999
v  -11.5974 15.9827 14.1125
v  -3.3616 21.5995 22.1261
v  -13.2645 24.8811 26.8081
v  -14.2254 17.4629 18.9431
v  -17.9988 26.1490 27.5401
v  -26.5750 26.9221 20.0163
v  -21.7996 18.8989 13.3731
v  -28.9319 16.6542 2.9960
v  -20.3557 9.3179 1.1560
v  -18.4243 20.4041 17.8142
v  -27.3288 28.9812 14.5371
v  -27.3288 22.4180 5.1733
v  -13.8073 18.7407 18.0475
v  -18.1644 25.6429 27.8949
v  -28.0674 22.3613 23.2130
v  -21.5450 14.4743 12.4930
v  -28.6774 20.1245 3.5041
v  -20.1012 27.6483 4.2772
v  -15.3678 20.9541 16.4961
v  -17.5464 24.7662 28.5093
v  -22.4978 14.4618 28.7498
v  -17.9861 11.1677 15.8281
v  -24.2826 3.0745 8.1829
v  -24.2826 12.4383 1.6197
v  -20.4230 12.6071 17.0567
v  -16.0659 2.7597 23.9588
v  -6.1629 7.4416 20.6772
v  -14.7214 20.5479 16.7808
v  -17.8024 24.9271 28.3965
v  -24.8048 15.9113 27.7337
v  -14.1159 19.6749 18.0515
v  -9.9980 15.7550 29.5089
v  -14.9495 6.1507 25.7676
v  -21.7996 14.2928 16.6016
v  -28.9319 5.3040 10.9514
v  -20.3557 6.0770 3.4276
v  -13.1588 12.8959 16.2761
v  -7.3352 13.7439 27.6322
v  -14.3376 22.7596 28.2950
v  -22.5531 16.8790 14.0625
v  -30.7889 8.8654 19.6793
v  -20.8860 4.1835 22.9609
v  -19.7407 19.6749 18.0515
v  -23.8586 15.7550 29.5089
v  -18.9071 6.1507 25.7676
v  -16.9283 11.6173 17.1722
v  -16.9283 10.4900 29.9129
v  -16.9283 21.8809 28.9109
v  -16.9283 16.1850 19.8388
v  -16.9283 26.6551 27.1854
v  -16.9283 31.4828 16.8196
v  -16.1205 21.2094 16.3172
v  -17.2482 24.6651 28.5802
v  -19.8113 13.5505 29.3885
v  5.3659 12.2230 -15.7168
v  12.8072 17.9784 -12.3956
v  -1.0720 11.2001 -4.0010
v  -15.0961 12.4636 10.9348
v  -4.1903 7.0755 11.9767
v  -4.1903 12.5855 22.0788
v  -16.9283 13.3933 12.9577
v  -11.0462 24.8315 24.8227
v  -17.0493 17.6578 16.8676
v  -6.0947 28.5728 15.2184
v  -18.9719 18.7307 18.9872
v  -31.1357 14.7426 19.2256
v  -31.1357 12.0224 7.1681
v  13.8412 15.3800 -14.9392
v  19.7467 13.9462 -21.1801
v  27.5454 24.9119 -21.4731
v  -2.7209 19.8398 12.9829
v  -14.8847 17.4718 15.2830
v  -2.7209 13.2766 3.6191
v  15.1452 22.3513 6.8022
v  4.7403 14.5478 8.5968
v  13.0857 12.6474 6.8022
v  -17.0995 17.6893 16.8456
v  -4.5526 28.7559 17.1619
v  -16.3241 24.5475 21.8614
v  2.7670 21.2005 8.4941
v  12.9153 24.1066 14.3532
v  5.6375 31.6265 10.1513
v  2.9449 21.3374 7.3212
v  2.9449 16.4063 9.8337
v  14.7570 16.5983 12.0893
v  4.8177 22.5479 10.4696
v  -0.3868 27.2389 -0.8993
v  5.5556 32.0909 5.0430
v  -15.1284 14.5975 13.9467
v  -16.1814 3.0353 3.4363
v  -7.6052 5.5734 8.6394
v  20.6468 19.9574 17.0296
v  13.6108 13.7770 14.3310
v  20.6468 12.2720 19.9432
v  29.9720 23.6679 -7.7301
v  15.9417 20.8055 -9.8647
v  30.8708 26.5440 -17.1610
v  -2.5476 25.3930 -10.3034
v  11.2641 21.0537 -10.2348
v  -1.6488 28.2691 -19.7343
v  25.8231 31.1415 -5.8464
v  15.3449 21.8805 -9.5937
v  26.7219 34.0176 -15.2773
v  2.0170 32.4043 -7.7301
v  11.9207 22.0622 -9.8647
v  2.9159 35.2804 -17.1610
v  9.6833 36.1854 -5.8464
v  13.0234 22.6061 -9.5937
v  10.5821 39.0615 -15.2773
v  -1.4543 21.2968 -3.9112
v  11.1494 19.5942 -10.8283
v  1.3589 30.2983 -0.8979
v  -11.7790 14.8528 14.9044
v  -6.1792 17.5780 21.4066
v  -13.3893 24.1046 27.3523
v  -21.6496 11.1278 6.0128
v  -16.9649 14.7191 12.3736
v  -26.7292 2.9533 12.5990
v  1.1495 17.7350 8.5968
v  -9.5370 25.0963 5.4854
v  -9.5370 15.3925 8.5968
v  2.0471 23.1960 7.0419
v  -5.3861 25.0963 -2.2129
v  -5.3861 15.3925 -2.2129
v  1.4620 21.4402 12.3766
v  3.3108 18.2380 22.5815
v  7.5127 10.9602 17.7296
v  6.1438 18.4700 11.7957
v  11.0857 26.7746 16.7376
v  5.1434 31.6265 10.7953
v  4.1157 18.4700 4.2270
v  5.9246 26.7746 -2.5239
v  3.7496 31.6265 5.5936
v  5.5031 22.5479 9.2823
v  1.9316 32.7528 8.3253
v  -6.1858 27.9009 6.1502
v  4.1157 18.4700 12.9666
v  5.9246 26.7746 19.7174
v  3.7496 31.6265 11.6000
v  2.9449 18.4700 13.1207
v  2.9449 26.7746 20.1097
v  2.9449 31.6265 11.7059
v  5.2068 18.4700 12.5146
v  8.7013 26.7746 18.5673
v  4.4994 31.6265 11.2894
v  7.3146 18.4700 7.4259
v  14.0655 26.7746 5.6170
v  5.9481 31.6265 7.7921
v  2.0471 23.1960 10.1516
v  -3.2961 25.0963 19.4064
v  -3.2961 15.3925 19.4064
v  5.2386 22.5479 9.9211
v  2.0364 32.7528 8.0723
v  -5.2415 27.9009 3.8704
v  6.8627 16.6099 8.8562
v  12.9153 13.1154 0.5515
v  5.6375 17.3173 -4.3004
v  4.2691 22.5479 10.8905
v  2.4203 32.7528 7.6883
v  -1.7815 27.9009 0.4104
v  0.5582 19.3766 4.4630
v  -2.9363 11.0720 -1.5897
v  1.2656 6.2201 5.6882
v  4.6791 14.5478 9.0615
v  15.0015 12.6474 11.8273
v  15.0015 22.3513 11.8273
v  -0.4304 19.3766 5.2215
v  -5.3723 11.0720 0.2796
v  0.5700 6.2201 6.2220
v  0.5582 19.3766 12.7306
v  -2.9363 11.0720 18.7832
v  1.2656 6.2201 11.5054
v  0.3765 20.3547 12.3766
v  3.5787 18.5059 22.5815
v  10.8566 14.3040 17.7296
v  1.4620 14.9496 6.0284
v  3.3108 4.7446 9.2306
v  7.5127 9.5966 16.5085
v  6.8627 18.4700 6.3348
v  12.9153 26.7746 2.8403
v  5.6375 31.6265 7.0422
v  2.9449 22.5479 11.2453
v  2.9449 32.7528 7.5478
v  2.9449 27.9009 -0.8560
v  0.8478 14.9496 6.4998
v  3.4624 4.7446 9.1143
v  9.4047 9.5966 15.0567
v  1.4620 14.9496 11.1651
v  3.3108 4.7446 7.9630
v  7.5127 9.5966 0.6851
v  5.2068 14.9540 8.8562
v  8.7013 8.9014 0.5515
v  4.4994 16.1793 -4.3004
v  1.7094 19.3766 3.9861
v  -0.0995 11.0720 -2.7647
v  2.0756 6.2201 5.3527
v  3.6303 22.5479 6.0385
v  2.6733 32.7528 9.6100
v  0.4983 27.9009 17.7274
v  0.3765 14.9496 10.0796
v  3.5787 4.7446 8.2308
v  10.8566 9.5966 4.0290
v  0.6829 14.9540 8.8562
v  -2.8116 8.9014 0.5515
v  1.3903 16.1793 -4.3004
v  7.4688 18.8719 8.8562
v  14.4578 18.8719 0.5515
v  6.0540 18.8719 -4.3004
v  0.8478 14.9496 10.6938
v  3.4624 4.7446 8.0793
v  9.4047 9.5966 2.1369
v  5.5934 22.5479 8.5968
v  1.8959 32.7528 8.5968
v  -6.5079 27.9009 8.5968
v  1.6206 16.5782 4.7783
v  3.4694 19.7803 -5.4266
v  7.6712 27.0582 -0.5747
v  -1.1890 21.2585 7.9496
v  -7.2416 24.7530 16.2542
v  0.0363 20.5511 21.1061
v  4.4997 14.5478 7.6991
v  13.7545 12.6474 2.3558
v  13.7545 22.3512 2.3558
v  -1.8285 19.3766 8.5968
v  -8.8174 11.0720 8.5968
v  -0.4137 6.2201 8.5968
v  2.9449 14.5478 10.3922
v  2.9449 12.6474 21.0787
v  2.9449 22.3513 21.0787
v  2.9449 19.3766 3.8235
v  2.9449 11.0720 -3.1655
v  2.9449 6.2201 5.2383
v  1.2106 23.1960 8.1321
v  -9.1117 25.0963 5.3662
v  -9.1117 15.3925 5.3662
v  -1.8285 18.8719 7.9496
v  -8.8174 18.8719 16.2542
v  -0.4137 18.8719 21.1061
v  0.0803 14.9496 7.8292
v  3.6518 4.7446 8.7862
v  11.7692 9.5966 10.9612
v  2.9449 14.9496 5.6311
v  2.9449 4.7446 9.3286
v  2.9449 9.5966 17.7324
v  4.2691 16.5782 4.7783
v  2.4203 19.7803 -5.4266
v  -1.7815 27.0582 -0.5747
v  4.4997 17.9742 12.7784
v  13.7545 12.6309 14.6788
v  13.7545 12.6309 4.9749
v  -1.6658 19.3766 7.3614
v  -8.4167 11.0720 5.5525
v  -0.2993 6.2201 7.7275
v  0.0803 14.9496 9.3643
v  3.6518 4.7446 8.4073
v  11.7692 9.5966 6.2323
v  -0.0208 14.9496 8.5968
v  3.6767 4.7446 8.5968
v  12.0805 9.5966 8.5968
v  1.3900 23.1960 7.6991
v  -7.8648 25.0963 2.3558
v  -7.8648 15.3925 2.3558
v  5.5132 20.3547 12.3766
v  2.3110 18.5059 22.5815
v  -4.9668 14.3040 17.7296
v  -0.9730 16.6099 8.8562
v  -7.0256 13.1154 0.5515
v  0.2523 17.3173 -4.3004
v  -1.1890 19.3766 6.2101
v  -7.2416 11.0720 2.7156
v  0.0363 6.2201 6.9175
v  2.4802 23.1960 6.8625
v  -0.2857 25.0963 -3.4598
v  -0.2857 15.3925 -3.4598
v  2.1773 14.9496 11.4614
v  3.1343 4.7446 7.8898
v  5.3093 9.5966 -0.2276
v  3.8426 14.5478 7.0419
v  9.1858 12.6474 -2.2129
v  9.1858 22.3512 -2.2129
v  4.8177 22.5479 6.7240
v  2.2031 32.7528 9.3385
v  -3.7393 27.9009 15.2809
v  -1.6658 19.3766 9.8322
v  -8.4167 11.0720 11.6411
v  -0.2993 6.2201 9.4660
v  7.0787 21.2585 7.9496
v  13.1313 24.7530 16.2542
v  5.8535 20.5511 21.1061
v  3.8426 17.3170 12.7784
v  9.1858 8.0622 14.6788
v  9.1858 8.0622 4.9749
v  0.6512 17.5476 4.7783
v  3.8533 19.3964 -5.4266
v  11.1312 23.5982 -0.5747
v  4.4277 21.4402 12.3766
v  2.5789 18.2380 22.5815
v  -1.6230 10.9602 17.7296
v  5.2386 17.5476 4.7783
v  2.0364 19.3964 -5.4266
v  -5.2415 23.5982 -0.5747
v  2.1773 14.9496 5.7322
v  3.1343 4.7446 9.3037
v  5.3093 9.5966 17.4211
v  3.6303 22.5479 11.1551
v  2.6734 32.7528 7.5835
v  0.4983 27.9009 -0.5339
v  3.4095 14.5478 6.8625
v  6.1754 12.6474 -3.4598
v  6.1754 22.3512 -3.4598
v  -1.1890 19.3766 10.9835
v  -7.2416 11.0720 14.4779
v  0.0363 6.2201 10.2761
v  5.5934 18.8719 4.7783
v  1.8959 18.8719 -5.4266
v  -6.5079 18.8719 -0.5747
v  2.9449 23.1960 6.8014
v  2.9449 25.0963 -3.8851
v  2.9449 15.3925 -3.8851
v  4.2691 22.5479 6.3031
v  2.4203 32.7528 9.5052
v  -1.7815 27.9009 16.7831
v  0.5582 23.0057 7.9496
v  -2.9363 29.0583 16.2542
v  1.2656 21.7804 21.1061
v  5.3315 23.0057 7.9496
v  8.8260 29.0583 16.2542
v  4.6241 21.7804 21.1061
v  1.7094 19.3766 13.2075
v  -0.0995 11.0720 19.9583
v  2.0756 6.2201 11.8409
v  7.4688 18.4700 8.5968
v  14.4578 26.7746 8.5968
v  6.0540 31.6265 8.5968
v  1.6753 23.1960 7.3272
v  -5.8812 25.0963 -0.2292
v  -5.8812 15.3925 -0.2292
v  5.2386 22.5479 7.2725
v  2.0364 32.7528 9.1213
v  -5.2415 27.9009 13.3232
v  4.2144 14.5478 9.8663
v  11.7709 12.6474 17.4228
v  11.7709 22.3513 17.4228
v  1.3900 17.9742 12.7784
v  -7.8648 12.6309 14.6788
v  -7.8648 12.6309 4.9749
v  -0.0208 18.8719 12.3766
v  3.6767 18.8719 22.5815
v  12.0805 18.8719 17.7296
v  4.7403 18.8719 12.7784
v  15.4268 18.8719 14.6788
v  15.4268 18.8719 4.9749
v  2.0471 17.3170 12.7784
v  -3.2961 8.0622 14.6788
v  -3.2961 8.0622 4.9749
v  2.4802 23.1960 10.3310
v  -0.2857 25.0963 20.6534
v  -0.2857 15.3925 20.6534
v  3.4095 14.5478 10.3310
v  6.1754 12.6474 20.6534
v  6.1754 22.3513 20.6534
v  5.5031 22.5479 7.9113
v  1.9316 32.7528 8.8683
v  -6.1858 27.9009 11.0433
v  4.4997 14.5478 9.4945
v  13.7545 12.6474 13.7462
v  13.7545 22.3513 14.8377
v  7.9365 30.2227 7.6642
v  2.8422 21.2005 8.7747
v  12.1384 25.3708 0.3864
v  -15.4323 14.5549 9.4690
v  -10.1573 18.1132 5.3550
v  -6.5278 27.1246 11.8882
v  1.2106 23.1960 9.0615
v  -9.1117 21.4192 11.9490
v  -9.1117 11.7153 7.9664
v  15.0015 19.5638 5.3662
v  4.6791 20.0087 8.1321
v  15.0015 9.8599 5.3662
v  2.7996 21.2005 8.7420
v  13.4470 26.8106 1.2057
v  3.4576 28.0265 6.4192
v  -14.1651 18.0007 14.3727
v  -24.2826 22.6573 25.5678
v  -17.9861 16.3465 16.6732
v  -24.2826 29.7094 20.6249
v  -4.1903 19.5673 21.1592
v  -15.0961 15.9021 16.0391
v  -4.1903 26.6194 16.2163
v  -9.5740 22.6573 25.5678
v  -15.8705 16.3465 16.6732
v  -9.5740 29.7094 20.6249
v  -29.6663 9.4992 17.6756
v  -18.7605 14.6193 14.0104
v  -29.6663 14.4421 24.7277
v  -29.6663 19.5673 21.1592
v  -18.7605 15.9021 16.0391
v  -29.6663 26.6194 16.2163
v  -31.6368 15.3462 15.1369
v  -19.0440 15.2949 15.1728
v  -31.6368 22.3983 10.1940
v  4.4723 17.6801 9.4786
v  3.5787 4.7447 12.3940
v  10.8566 9.5966 13.1646
v  2.7720 17.2287 -3.7601
v  13.5747 26.0590 -8.0969
v  0.9183 24.0049 2.8354
v  22.5624 19.9574 11.6783
v  14.3218 13.7770 13.0996
v  20.9314 12.2720 11.6783
v  7.3146 18.4700 9.7677
v  12.0667 24.3158 11.0410
v  5.9481 31.6265 9.4015
v  14.6619 17.1902 -10.7443
v  -1.0617 10.4767 8.0255
v  2.9138 16.6461 8.6279
v  -5.3723 11.0720 16.9140
v  12.7589 19.0460 13.0182
v  20.7964 21.3476 17.6587
v  15.0323 27.3034 14.3308
v  14.3831 20.1131 14.5828
v  10.2612 23.8284 5.5787
v  14.9675 27.6711 10.2850
v  12.3503 23.0577 -13.0269
v  4.2144 14.5478 7.3272
v  8.6909 13.4220 2.8508
v  11.7709 22.3512 -0.2292
v  -14.1651 15.5762 16.0721
v  11.4779 16.3013 13.0996
v  3.0142 22.1315 10.6354
v  3.0142 14.4460 13.0996
v  12.1888 20.6264 11.8681
v  6.3017 22.1315 4.5384
v  6.3017 14.4460 4.5384
v  11.7254 19.2358 16.0932
v  13.1896 16.6997 24.1755
v  16.5175 10.9357 20.3328
v  15.4333 16.8835 15.6331
v  19.3474 23.4607 19.5471
v  14.6410 27.3034 14.8408
v  16.0027 16.8835 11.3081
v  20.7964 23.4607 8.5405
v  15.0323 27.3034 11.8684
v  16.4828 16.8835 13.0996
v  22.0180 23.4607 13.0996
v  15.3623 27.3034 13.0996
v  13.4427 20.1131 15.1257
v  12.6848 28.1954 12.2971
v  10.9622 24.3527 5.8681
v  10.5511 17.2017 16.0932
v  13.4795 17.2017 24.1755
v  20.1352 17.2017 20.3328
v  16.1738 19.0919 12.5870
v  20.9675 21.8596 19.1642
v  15.2034 18.5317 23.0069
v  12.2919 14.0953 10.8308
v  13.0498 6.0130 13.6595
v  14.7725 9.8557 20.0884
v  13.8271 16.8835 16.5605
v  15.2598 23.4607 21.9071
v  13.5371 27.3034 15.4781
v  11.7254 14.0953 11.0655
v  13.1896 6.0130 13.6016
v  16.5175 9.8557 19.3656
v  14.7900 20.4757 12.5870
v  17.5577 25.2694 19.1642
v  14.2298 19.5053 23.0069
v  13.4427 20.1131 11.0734
v  12.6848 28.1954 13.9021
v  10.9622 24.3527 20.3311
v  10.6311 14.0953 13.7075
v  13.4597 6.0130 12.9496
v  19.8887 9.8557 11.2269
v  16.3607 16.8835 12.1722
v  21.7073 23.4607 10.7396
v  15.2784 27.3034 12.4622
v  11.1083 14.0988 13.3050
v  8.3407 9.3051 6.7278
v  11.6686 15.0692 2.8851
v  13.9053 13.7770 14.1050
v  19.8900 12.2720 20.0898
v  19.8900 19.9574 20.0898
v  9.6259 17.6015 11.2094
v  4.8322 11.0243 8.4417
v  10.5962 7.1816 11.7696
v  12.5318 20.6264 11.7261
v  10.3412 22.1315 3.5508
v  10.3412 14.4460 3.5508
v  16.4828 17.2017 13.3050
v  22.0180 17.2017 6.7278
v  15.3623 17.2017 2.8851
v  10.6311 14.0953 12.4917
v  13.4597 6.0130 13.2496
v  19.8887 9.8557 14.9723
v  9.6259 17.6015 14.9898
v  4.8322 11.0243 17.7574
v  10.5962 7.1816 14.4296
v  11.5263 20.6264 12.7316
v  3.3510 22.1315 10.5410
v  3.3510 14.4460 10.5410
v  11.0096 20.4757 12.5870
v  8.2420 25.2694 19.1642
v  11.5699 19.5053 23.0069
v  14.6913 16.8835 16.2025
v  17.4589 23.4607 20.9962
v  14.1310 27.3034 15.2321
v  10.8657 14.0953 14.2740
v  13.4018 6.0130 12.8098
v  19.1659 9.8557 9.4819
v  12.8998 20.1131 15.1972
v  12.8998 28.1954 12.2688
v  12.8998 24.3527 5.6130
v  9.2482 17.6015 14.0780
v  3.9015 11.0243 15.5107
v  10.3305 7.1816 13.7880
v  11.6684 20.6264 12.3886
v  4.3386 22.1315 8.1568
v  4.3386 14.4460 8.1568
v  14.6913 14.0988 13.3050
v  17.4589 9.3051 6.7278
v  14.1310 15.0692 2.8851
v  12.8998 20.6264 11.6776
v  12.8998 22.1315 3.2140
v  12.8998 14.4460 3.2140
v  12.5318 20.6264 14.4731
v  10.3412 22.1315 22.6484
v  10.3412 14.4460 22.6484
v  14.3831 20.1131 11.6163
v  12.3123 28.1954 13.6870
v  7.6060 24.3527 18.3934
v  12.8998 14.0953 10.7508
v  12.8998 6.0130 13.6792
v  12.8998 9.8557 20.3350
v  11.0096 17.6015 9.8256
v  8.2420 11.0243 5.0319
v  11.5699 7.1816 10.7960
v  10.5511 14.0953 13.0996
v  13.4795 6.0130 13.0996
v  20.1352 9.8557 13.0996
v  11.8510 15.3851 10.0754
v  13.3152 17.9212 1.9931
v  16.6431 23.6853 5.8358
v  14.1313 16.4907 16.4114
v  21.4610 12.2589 17.9165
v  21.4610 12.2589 10.2311
v  13.2679 13.7770 11.7261
v  15.4584 12.2720 3.5508
v  15.4584 19.9574 3.5508
v  12.1888 20.6264 14.3310
v  7.9570 22.1315 21.6608
v  7.9570 14.4460 21.6608
v  11.7254 14.0953 15.1337
v  13.1896 6.0130 12.5976
v  16.5175 9.8557 6.8336
v  16.0027 15.4102 13.3050
v  20.7964 12.6426 6.7278
v  15.0323 15.9705 2.8851
v  14.9260 20.1131 13.6425
v  12.0973 28.1954 12.8846
v  5.6684 24.3527 11.1619
v  11.9214 17.6015 9.4479
v  10.4887 11.0243 4.1013
v  12.2114 7.1816 10.5303
v  13.9486 20.1131 11.2830
v  12.4844 28.1954 13.8191
v  9.1566 24.3527 19.5831
v  11.2390 14.0953 14.7604
v  13.3097 6.0130 12.6897
v  18.0160 9.8557 7.9834
v  9.1194 17.6015 13.0996
v  3.5841 11.0243 13.0996
v  10.2399 7.1816 13.0996
v  14.9974 17.2017 10.0754
v  12.0690 17.2017 1.9931
v  5.4133 17.2017 5.8358
v  9.7969 15.4102 13.3050
v  5.0032 12.6426 6.7278
v  10.7673 15.9705 2.8851
v  14.7164 20.1131 14.1484
v  12.1803 28.1954 12.6842
v  6.4163 24.3527 9.3563
v  12.8998 17.6015 9.3191
v  12.8998 11.0243 3.7839
v  12.8998 7.1816 10.4396
v  12.1888 15.9703 16.4114
v  7.9570 8.6405 17.9165
v  7.9570 8.6405 10.2311
v  14.7164 16.1529 10.0754
v  12.1803 17.6171 1.9931
v  6.4163 20.9450 5.8358
v  9.6259 19.0919 12.5870
v  4.8322 21.8596 19.1642
v  10.5962 18.5317 23.0069
v  11.9214 17.6015 16.7512
v  10.4887 11.0243 22.0979
v  12.2114 7.1816 15.6689
v  12.8998 13.7770 14.5215
v  12.8998 12.2720 22.9852
v  12.8998 19.9574 22.9852
v  9.2482 17.6015 12.1211
v  3.9015 11.0243 10.6885
v  10.3305 7.1816 12.4111
v  13.6108 13.7770 11.8681
v  17.8427 12.2720 4.5384
v  17.8427 19.9574 4.5384
v  11.0832 16.1529 10.0754
v  13.6193 17.6171 1.9931
v  19.3834 20.9450 5.8358
v  14.9974 20.1131 13.0996
v  12.0690 28.1954 13.0996
v  5.4133 24.3527 13.0996
v  12.8998 16.8835 16.6825
v  12.8998 23.4607 22.2178
v  12.8998 27.3034 15.5620
v  10.2267 17.6015 10.4264
v  6.3126 11.0243 6.5124
v  11.0190 7.1816 11.2187
v  13.2679 13.7770 14.4731
v  15.4584 12.2720 22.6484
v  15.4584 19.9574 22.6484
v  14.1313 13.7770 12.3886
v  21.4610 12.2720 8.1568
v  21.4610 19.9574 8.1568
v  14.7164 20.1131 12.0508
v  12.1803 28.1954 13.5150
v  6.4163 24.3527 16.8429
v  13.9486 20.1131 14.9162
v  12.4844 28.1954 12.3801
v  9.1566 24.3527 6.6160
v  11.6684 16.4907 16.4114
v  4.3386 12.2589 17.9165
v  4.3386 12.2589 10.2311
v  13.9486 15.3851 10.0754
v  12.4844 17.9212 1.9931
v  9.1566 23.6853 5.8358
v  11.8943 20.6264 12.0941
v  5.9096 22.1315 6.1094
v  5.9096 14.4460 6.1094
v  13.8271 16.8835 9.6387
v  15.2598 23.4607 4.2921
v  13.5371 27.3034 10.7210
v  11.2390 14.0953 11.4388
v  13.3097 6.0130 13.5095
v  18.0160 9.8557 18.2158
v  12.2919 14.0953 15.3683
v  13.0498 6.0130 12.5397
v  14.7725 9.8557 6.1107
v  14.3218 17.2017 16.4114
v  22.7855 17.2017 17.9165
v  22.7855 17.2017 10.2311
v  14.9339 18.3761 16.0932
v  12.3978 16.9119 24.1755
v  6.6338 13.5840 20.3328
v  13.6108 15.9703 16.4114
v  17.8427 8.6405 17.9165
v  17.8427 8.6405 10.2311
v  11.0096 17.6015 16.3736
v  8.2420 11.0243 21.1672
v  11.5699 7.1816 15.4032
v  9.1194 17.2017 12.5870
v  3.5841 17.2017 19.1642
v  10.2399 17.2017 23.0069
v  14.9260 20.1131 12.5567
v  12.0973 28.1954 13.3146
v  5.6684 24.3527 15.0372
v  14.2733 13.7770 13.4676
v  22.4486 12.2720 15.6582
v  22.4486 19.9574 15.6582
v  14.0742 19.2358 16.0932
v  12.6100 16.6997 24.1755
v  9.2821 10.9357 20.3328
v  10.8657 18.3761 16.0932
v  13.4018 16.9119 24.1755
v  19.1659 13.5840 20.3328
v  14.1313 13.7770 13.8106
v  21.4610 12.2720 17.1779
v  21.4610 19.9574 18.0424
v  16.8532 26.1915 12.3610
v  12.8185 19.0460 13.2405
v  20.1811 22.3488 6.5970
v  13.6950 24.7552 -16.6409
v  11.9357 23.2028 -17.2820
v  13.2515 26.3206 -8.5767
v  12.5923 24.2113 -16.9119
v  16.6134 22.9547 -16.9119
v  16.0166 24.0297 -16.6409
v  12.3008 20.2939 -13.9933
v  15.1151 21.1451 -9.0428
v  -25.1020 7.6041 16.3994
v  -18.4243 17.9540 19.5315
v  -28.3992 8.2264 24.0803
v  13.8214 21.8904 -14.6646
v  11.4726 19.3326 -10.3485
v  11.4067 22.4844 -10.4332
v  13.7463 21.7750 -14.7069
v  13.5095 19.9113 -8.8206
v  12.8828 20.1895 -14.2248
v  15.0152 19.2384 -13.6188
v  15.9433 22.1064 -12.6876
v  11.6138 22.2029 -9.7856
v  16.1869 20.4974 -13.1690
v  16.5724 21.7009 -12.4931
v  13.4948 19.9377 -8.8140
v  11.9121 23.1574 -12.4931
v  15.4976 22.3689 -13.0558
v  13.3949 19.9174 -8.8297
v  12.8181 17.9720 -12.3866
v  16.3309 21.2361 -10.4496
v  12.4562 18.8245 -9.7489
v  12.7943 17.9958 -12.4358
v  13.0323 18.5575 -9.7335
v  11.5092 20.7456 -13.5391
v  14.5600 23.6873 -10.8140
v  14.6296 23.6685 -10.8230
v  13.4911 20.0258 -14.3037
v  12.8566 17.9954 -12.4925
v  14.2131 21.8696 -14.6335
v  13.6227 22.8927 -13.7219
v  11.3813 22.7250 -11.1282
v  14.4934 23.6992 -10.7875
v  15.5298 18.5389 -12.0094
v  11.2644 19.8376 -10.5276
v  14.2814 21.7466 -14.6646
v  15.2145 18.6031 -10.5276
v  16.2665 21.8447 -12.2078
v  16.4671 21.3943 -11.0493
v  14.1312 18.0689 -10.7937
v  13.4109 19.9421 -8.8206
v  11.9183 19.0701 -9.9803
v  12.8275 18.0019 -12.4849
v  12.8047 18.0021 -12.4641
v  14.3617 23.6192 -10.4254
v  13.9247 21.4132 -8.7324
v  14.4276 18.9451 -13.8101
v  15.8595 19.5938 -10.1639
v  15.6310 21.1071 -9.4110
v  12.9482 23.0137 -13.4537
v  15.5082 18.7428 -12.5985
v  12.7993 17.9848 -12.4074
v  11.1512 21.9885 -12.9221
v  14.3543 23.6888 -10.6265
v  14.0490 19.7376 -14.2079
v  14.5773 19.4963 -13.9805
v  15.3327 18.9814 -13.1474
v  12.7977 17.9997 -12.4504
v  11.0851 20.2029 -12.5865
v  14.7084 18.2568 -10.4001
v  14.2016 18.2941 -10.0384
v  14.5112 23.5311 -10.3019
v  12.7949 17.9907 -12.4211
v  12.8313 17.9659 -12.3809
v  11.8507 18.7816 -10.7937
v  15.3959 18.3835 -11.4204
v  15.8807 22.9468 -12.1790
v  14.4344 23.7036 -10.7454
v  13.6299 18.3967 -9.8110
v  15.5303 19.4889 -13.5391
v  14.5331 21.2495 -8.8114
v  13.4380 19.9554 -8.8140
v  12.5050 21.5953 -8.8027
v  12.1060 19.6706 -13.8101
v  12.8417 17.9994 -12.4906
v  14.3387 23.6707 -10.5579
v  11.3702 20.3008 -13.1452
v  11.9884 21.8996 -9.2295
v  14.9597 22.6145 -13.2873
v  13.9475 21.9526 -14.6335
v  11.7849 20.3319 -13.6251
v  12.8148 18.0029 -12.4759
v  14.3412 23.6470 -10.4893
v  14.3278 22.7030 -13.8134
v  13.1901 23.7877 -12.1790
v  11.8697 23.0218 -12.4708
v  11.5392 22.9083 -11.8232
v  13.1283 21.3107 -8.5345
v  16.0457 21.1382 -9.8909
v  11.5263 20.6264 13.4676
v  3.3510 19.2192 15.7545
v  3.3510 11.5338 12.6003
v  13.7545 25.1128 9.5381
v  4.4997 19.7696 9.5912
v  13.7545 25.1128 2.2299
v  9.1858 29.6815 9.5381
v  3.8426 20.4267 9.5912
v  9.1858 29.6815 2.2299
v  -9.5370 18.8719 9.5381
v  1.1495 18.8719 9.5912
v  -9.5370 18.8719 2.2299
v  -7.8648 17.7881 14.8377
v  1.3900 17.7350 9.4945
v  -7.8648 25.0963 14.8377
v  -7.8648 25.1128 9.5381
v  1.3900 19.7696 9.5912
v  -7.8648 25.1128 2.2299
v  -3.2961 29.6815 9.5381
v  2.0471 20.4267 9.5912
v  -3.2961 29.6815 2.2299
v  9.0595 17.5098 -15.0488
v  16.9600 20.8523 -16.7396
v  13.0509 26.7711 -9.7352
v  22.4486 17.7497 10.5410
v  14.2733 18.1021 12.7316
v  22.4486 10.0643 10.5410
v  18.0831 20.1908 -15.8118
v  12.7848 19.0460 13.2146
v  21.2175 23.4892 7.2459
v  13.3059 24.4522 11.3749
v  18.3411 17.7511 -8.7648
v  9.1227 21.3769 -6.9543
v  -18.6621 18.3138 14.4175
v  14.3431 14.8755 -13.9006
v  14.1095 16.2578 13.7980
v  13.4018 6.0130 16.1070
v  19.1659 9.8557 16.7173
v  16.3607 16.8835 14.0269
v  20.1243 21.5133 15.0354
v  15.2784 27.3034 13.7369
v  9.7266 10.5528 12.6471
v  12.8752 15.4390 13.1242
v  6.3126 11.0243 19.6868
v  11.0427 16.5983 14.0792
v  -19.0440 20.5646 11.4793
v  -17.9861 21.6162 12.9797
v  -15.8705 21.6162 12.9797
v  -15.0961 21.1717 12.3456
v  -18.7605 21.1717 12.3456
v  -18.7605 18.3128 19.2800
v  -17.9861 16.9860 12.3516
v  -15.8705 15.5230 16.6489
v  -16.9784 14.7381 12.3602
v  -16.9909 18.0209 16.6131
v  -16.3807 18.6969 14.4243
v  -19.0518 15.8900 16.1163
v  -16.9732 14.7279 12.3674
v  -17.9675 14.2089 13.7361
v  -16.9732 14.2591 15.9305
v  -16.9542 14.7859 12.3268
v  -16.9542 14.7124 12.3783
v  -17.1379 17.7303 16.8168
v  -15.4587 16.6519 12.5067
v  -17.1703 17.8295 16.7473
v  -15.1284 16.2994 12.7538
v  -14.8500 15.2419 15.2100
v  -18.6621 15.4742 16.4078
v  -15.0961 16.8818 12.7687
v  -14.9208 15.8889 13.0415
v  -18.7605 16.3518 12.7961
v  -16.9024 14.2700 15.9460
v  -14.9208 15.0079 13.6590
v  -16.3807 15.3499 16.7702
v  -17.0493 18.7593 13.0006
v  -17.5629 14.9545 16.7721
v  -15.8705 16.4374 12.1346
v  -19.2968 16.3743 15.7769
v  -16.9649 14.7791 12.3315
v  -15.8705 18.5238 14.5457
v  -19.3803 16.8940 15.4127
v  -16.9801 14.7491 12.3525
v  -16.9283 18.0277 16.6084
v  -17.0995 17.9696 16.6491
v  -17.5629 18.8335 14.0533
v  -16.3904 17.0923 12.1980
v  -18.7282 14.6455 14.3590
v  -17.0493 18.0011 16.6270
v  -14.8048 18.0080 14.7684
v  -16.9801 14.2442 15.9093
v  -16.9417 14.7901 12.3238
v  -16.9283 15.2909 16.8116
v  -16.9283 13.7465 14.5431
v  -16.8834 14.2591 15.9305
v  -15.8891 13.9745 14.3833
v  -16.8073 18.7593 13.0006
v  -17.9861 16.4374 12.1346
v  -19.0518 18.0080 14.7684
v  -17.1379 18.7085 12.9280
v  -17.1703 18.6390 12.8289
v  -16.9732 14.7703 12.3376
v  -17.4759 13.8121 14.5762
v  -15.4323 18.2485 14.7386
v  -16.3904 13.8045 14.5025
v  -16.9542 14.2700 15.9460
v  -17.1621 17.8808 16.7114
v  -15.0961 17.8896 14.9901
v  -15.8891 16.9223 12.3172
v  -19.3803 17.3043 13.7644
v  -17.4759 17.1590 12.2303
v  -15.7023 18.5231 15.5033
v  -14.8847 16.5750 15.9116
v  -18.7605 16.8818 12.7687
v  -16.7187 18.7085 12.9280
v  -15.4323 15.7983 16.4559
v  -18.1543 18.6329 14.1938
v  -16.9417 14.7081 12.3813
v  -16.9283 17.2181 12.1889
v  -15.8891 14.2089 13.7361
v  -16.9909 17.6380 16.8815
v  -16.9283 14.7916 12.3228
v  -17.1621 17.7782 16.7833
v  -14.8126 17.4890 13.6350
v  -16.9283 18.9019 14.0053
v  -19.0518 17.8979 14.7090
v  -18.1543 18.5231 15.5033
v  -18.1543 15.1551 16.6315
v  -14.8126 17.0234 15.5973
v  -15.1284 14.6455 14.3590
v  -18.4243 16.7106 12.5446
v  -18.4243 14.2605 14.2619
v  -15.4587 14.2450 14.1937
v  -18.9719 15.9340 13.0890
v  -19.2968 17.4137 15.0484
v  -16.9784 14.7601 12.3448
v  -17.9861 13.9852 14.4549
v  -14.8500 15.4484 13.3503
v  -15.0961 16.1572 16.2044
v  -19.9548 15.0325 9.7125
v  -14.2628 19.7633 11.4627
v  -15.2206 16.1363 11.7127
v  13.9053 13.7770 12.0941
v  17.4507 12.8854 8.5488
v  19.8900 19.9574 6.1094
v  -3.9915 15.9783 15.5331
v  1.6753 23.1960 9.8663
v  -6.7895 21.6189 18.8418
v  -19.0440 19.1791 18.6729
v  -13.1588 19.0695 11.9489
v  2.9449 21.3374 9.8337
v  11.2231 19.3503 -13.9866
v  -12.3116 13.8000 15.6424
v  -20.9057 13.3389 17.2702
v  10.9707 19.8371 -11.3871
v  17.1902 21.2124 -12.8500
v  14.5049 23.2696 -8.9053
v  -14.8847 13.7783 10.0134
v  10.8170 22.1187 -9.6077
v  2.9449 16.4063 7.3212
v  -19.6915 18.0007 14.3727
v  1.4735 19.8174 7.1254
v  21.4610 22.1445 13.8451
v  14.1313 17.9127 13.8871
v  21.4610 22.1445 8.0570
v  4.3386 16.3434 18.0424
v  11.6684 16.3013 13.8106
v  4.3386 22.1315 18.0424
v  3.0142 17.2017 13.8451
v  11.4779 17.2017 13.8871
v  3.0142 17.2017 8.0570
v  7.9570 25.7629 13.8451
v  12.1888 18.4332 13.8871
v  7.9570 25.7629 8.0570
v  4.3386 22.1445 13.8451
v  11.6684 17.9127 13.8871
v  4.3386 22.1445 8.0570
v  17.8427 25.7629 13.8451
v  13.6108 18.4332 13.8871
v  17.8427 25.7629 8.0570
v  14.0476 18.7815 12.0893
v  1.3900 19.7696 4.1302
v  1.1495 18.8719 4.1302
v  3.8426 20.4267 4.1302
v  4.4997 19.7696 4.1302
v  2.0471 20.4267 4.1302
v  1.3900 23.1960 9.4945
v  2.0471 17.7350 7.0419
v  3.8426 20.0087 10.1516
v  2.9449 16.6461 8.5528
v  2.9068 16.6461 8.5748
v  2.9229 16.6461 8.6349
v  2.9449 21.2005 8.3914
v  2.9009 18.8719 10.6801
v  2.4063 19.8174 6.5869
v  2.7670 18.9746 6.1257
v  3.8267 17.6801 10.1242
v  4.4723 17.9900 9.6461
v  2.9449 20.0087 10.3922
v  2.7394 18.8719 6.1257
v  4.6791 20.0087 9.0615
v  2.7996 21.2005 8.4515
v  2.9229 16.6461 8.5587
v  3.1227 18.9746 6.1257
v  4.1920 17.6801 9.8439
v  2.8917 21.2005 8.7952
v  4.2144 20.0087 9.8663
v  2.4063 19.8174 10.6067
v  3.8267 17.6801 7.0694
v  4.4997 20.0087 7.6991
v  2.7465 21.2005 8.6499
v  2.9024 16.6461 8.5854
v  2.9335 16.6461 8.5543
v  3.0475 19.0497 6.1257
v  3.9853 20.6739 7.5088
v  4.7086 18.8719 9.6461
v  0.9349 19.8174 8.0582
v  2.7670 21.2005 8.6995
v  4.6485 17.6801 8.1403
v  2.7394 21.2005 8.5968
v  4.6485 17.6801 9.0533
v  2.8917 21.2005 8.3984
v  2.9335 16.6461 8.6393
v  0.9349 19.8174 9.1353
v  4.7086 17.6801 8.5968
v  4.7469 19.9123 7.5088
v  2.9449 17.6801 10.3605
v  2.0630 17.3445 9.6461
v  3.8267 17.3445 9.6461
v  2.8422 19.0497 6.1257
v  1.9044 20.6739 7.5088
v  2.9068 18.8939 10.6801
v  2.8422 21.2005 8.4189
v  3.4095 20.0087 10.3310
v  4.2144 20.0087 7.3272
v  0.8640 19.8174 8.5968
v  4.4723 17.6801 7.7149
v  1.3900 17.7350 7.6991
v  1.1428 19.8174 7.5564
v  2.4802 17.7350 10.3310
v  3.8426 20.0087 7.0419
v  2.9229 18.9099 10.6801
v  4.1920 17.6801 7.3497
v  2.9009 16.6461 8.5968
v  2.9449 17.7350 6.8014
v  4.7403 20.0087 8.5968
v  1.1428 19.9123 7.5088
v  2.7465 21.2005 8.5436
v  2.9068 16.6461 8.6188
v  1.6753 17.7350 9.8663
v  2.9669 18.9099 10.6801
v  3.4013 17.6801 10.3004
v  2.4802 17.7350 6.8625
v  3.4013 17.6801 6.8932
v  2.9024 16.6461 8.6082
v  2.9449 19.8174 6.5160
v  2.9829 18.8939 10.6801
v  3.4095 20.0087 6.8625
v  1.2106 17.7350 8.1321
v  2.9138 16.6461 8.5657
v  1.1428 19.8174 9.6372
v  0.8640 18.8719 7.5088
v  1.4174 17.9900 9.6461
v  1.4735 19.8174 10.0681
v  1.9044 19.8174 10.3988
v  2.0471 17.7350 10.1516
v  3.8426 17.3170 7.3175
v  1.6753 17.7350 7.3272
v  1.9044 19.8174 6.7947
v  1.3900 17.9742 7.3175
v  2.0471 17.3170 7.3175
v  4.4997 17.9742 7.3175
v  4.7403 18.8719 7.3175
v  4.4997 20.0087 9.4945
v  0.3765 14.9496 7.1140
v  5.2068 18.4700 4.6790
v  -19.6915 14.5456 14.6017
v  -16.9283 19.1529 16.0167
v  1.1495 23.1960 8.5968
v  -18.9719 15.0372 13.7175
v  6.1438 18.4700 5.3979
v  6.8627 18.4700 10.8587
v  -0.4304 19.3766 11.9720
v  4.6791 14.5478 8.1321
v  7.4063 14.9100 18.5931
v  11.8943 20.6264 14.1050
v  5.1902 19.3774 21.2136
v  0.6000 19.6338 9.8337
v  5.2897 18.1100 9.8337
v  11.7345 17.9506 11.9343
v  12.8998 15.2490 14.0792
v  1.2106 17.7350 9.0615
v  1.4956 16.8772 9.8337
v  1.4956 20.8665 7.3212
v  11.0427 17.8051 12.0893
v  12.1888 18.4332 9.5621
v  11.6684 17.9127 9.5621
v  11.4779 17.2017 9.5621
v  11.6684 20.6264 13.8105
v  14.1313 17.9127 9.5621
v  13.6108 18.4332 9.5621
v  12.1888 16.3013 11.8681
v  13.6108 18.1021 14.3310
v  11.6684 16.4907 12.0864
v  11.4726 17.9506 12.2756
v  12.4733 17.9506 11.5078
v  13.8875 16.2578 14.0873
v  12.2014 15.9920 13.9306
v  12.8185 17.3426 11.1425
v  12.9812 17.3426 11.1425
v  12.8185 19.0460 12.9587
v  11.3080 17.9506 12.6731
v  12.7372 19.0460 13.0996
v  11.2518 17.9506 13.0996
v  14.3218 18.1021 13.0996
v  11.6901 16.5033 13.9306
v  12.8998 19.0460 12.9369
v  13.2679 18.1021 11.7261
v  13.6108 15.9703 12.0864
v  12.8577 19.0460 13.2567
v  11.7345 17.9506 14.2649
v  11.5263 16.3013 12.7316
v  12.8662 15.4390 13.0906
v  12.7427 19.0460 13.1417
v  13.5982 16.2578 11.8899
v  12.5318 16.3013 14.4731
v  13.0407 17.2831 11.1425
v  12.9300 17.2191 14.7495
v  14.1095 16.5033 13.9306
v  14.1313 16.4907 12.0864
v  14.2733 18.1021 13.4676
v  12.0758 17.9506 11.6724
v  12.8908 15.4390 13.1332
v  12.8998 16.2578 14.4964
v  14.2967 17.2017 13.9306
v  14.1095 16.2578 12.4012
v  12.7589 17.2831 11.1425
v  14.2491 16.2578 13.4611
v  12.8577 19.0460 12.9424
v  12.8662 15.4390 13.1086
v  12.8998 16.3013 11.6776
v  11.8943 16.3013 14.1050
v  12.8824 15.4390 13.0694
v  12.8650 15.4390 13.0996
v  13.5982 16.2578 14.3093
v  13.2614 16.2578 14.4488
v  13.2614 16.2578 11.7503
v  14.3270 18.0257 12.2379
v  12.8908 15.4390 13.0659
v  12.7589 19.0460 13.1809
v  14.1313 18.1021 12.3886
v  11.6684 16.3013 12.3886
v  13.7238 18.6289 12.2379
v  12.8752 15.4390 13.0750
v  12.8824 15.4390 13.1298
v  13.8875 16.2578 12.1119
v  14.2967 16.2578 13.0996
v  12.8998 15.4390 13.0648
v  12.1888 15.9703 12.0864
v  12.0758 18.6289 12.2379
v  12.5318 16.3013 11.7261
v  13.2679 18.1021 14.4731
v  12.8697 15.4390 13.1170
v  12.8824 17.2319 14.7495
v  12.8697 17.2191 14.7495
v  13.9053 18.1021 14.1050
v  12.1888 16.3013 14.3310
v  14.2491 16.2578 12.7381
v  12.8697 15.4390 13.0822
v  12.4733 17.9506 14.6914
v  13.9053 18.1021 12.0941
# 1651 vertices

vn -0.8372 -0.5446 0.0495
vn 0.1645 -0.7759 0.6091
vn -0.4450 0.0438 0.8944
vn 0.8411 -0.2254 0.4917
vn 0.5708 -0.0834 -0.8168
vn 0.8663 0.4992 -0.0191
vn 0.8779 -0.1177 0.4641
vn -0.0155 -0.3243 0.9458
vn 0.1747 -0.9649 0.1962
vn -0.6673 0.6560 -0.3526
vn -0.6906 0.4624 0.5561
vn 0.2102 0.7062 0.6760
vn -0.8959 -0.3155 0.3127
vn -0.6583 -0.4297 -0.6181
vn 0.1747 -0.9649 0.1962
vn 0.1663 0.3430 -0.9245
vn 0.9477 0.1079 -0.3005
vn 0.3295 -0.6957 -0.6383
vn -0.4450 0.0438 0.8944
vn 0.8411 -0.2254 0.4917
vn 0.0431 0.8239 0.5651
vn -0.5149 -0.0256 -0.8568
vn -0.8545 0.5181 -0.0363
vn 0.0000 0.8702 -0.4928
vn 0.4841 -0.0999 -0.8693
vn 0.5429 -0.0578 -0.8378
vn 0.3788 -0.1690 -0.9099
vn -0.5963 0.6616 -0.4547
vn -0.8467 0.2666 0.4605
vn 0.1021 0.8805 0.4629
vn -0.8545 -0.2677 -0.4451
vn 0.1096 -0.8821 -0.4582
vn -0.5973 -0.6569 0.4600
vn 0.1279 -0.8796 0.4581
vn 0.1096 -0.8821 -0.4582
vn 0.8893 -0.2421 0.3881
vn 0.1317 0.8763 -0.4634
vn 0.1021 0.8805 0.4629
vn 0.8829 0.2403 -0.4035
vn -0.0902 0.0559 -0.9944
vn 0.5724 0.7526 -0.3254
vn 0.8989 -0.3093 -0.3102
vn 0.3003 0.0227 0.9536
vn 0.0506 0.8881 0.4568
vn -0.8542 -0.1752 0.4896
vn 0.1663 0.3430 -0.9245
vn 0.2898 0.9512 -0.1060
vn 0.9477 0.1079 -0.3005
vn 0.2102 0.7062 0.6760
vn -0.0155 -0.3243 0.9458
vn 0.8779 -0.1177 0.4641
vn 0.4919 0.5653 -0.6622
vn 0.5354 0.5921 -0.6023
vn 0.4120 0.5123 -0.7535
vn -0.0700 0.3731 -0.9251
vn -0.0833 0.3649 -0.9273
vn -0.0901 0.3606 -0.9284
vn 0.5559 0.1024 -0.8249
vn 0.5559 0.1024 -0.8249
vn 0.5559 0.1024 -0.8249
vn 0.7005 -0.4055 -0.5872
vn 0.7005 -0.4055 -0.5872
vn 0.7005 -0.4055 -0.5872
vn 0.1486 0.1242 -0.9811
vn 0.1752 0.0412 -0.9837
vn 0.2074 -0.0659 -0.9760
vn 0.8010 -0.0507 -0.5965
vn 0.8010 -0.0507 -0.5965
vn 0.8010 -0.0507 -0.5965
vn -0.6845 0.7129 0.1522
vn -0.6845 0.7129 0.1522
vn -0.6845 0.7129 0.1522
vn -0.7812 0.4036 -0.4763
vn -0.7812 0.4036 -0.4763
vn -0.7812 0.4036 -0.4763
vn -0.9687 -0.1963 -0.1522
vn -0.9687 -0.1963 -0.1522
vn -0.9687 -0.1963 -0.1522
vn 0.9545 -0.2983 -0.0000
vn 0.9545 -0.2983 -0.0000
vn 0.9545 -0.2983 0.0000
vn -0.7812 0.4036 -0.4763
vn -0.7812 0.4036 -0.4763
vn -0.7812 0.4036 -0.4763
vn -0.1593 0.3578 -0.9201
vn -0.1593 0.3578 -0.9201
vn -0.1593 0.3578 -0.9201
vn 0.0908 0.2905 -0.9526
vn 0.0908 0.2905 -0.9526
vn 0.0908 0.2905 -0.9526
vn 0.9454 -0.2129 -0.2465
vn 0.9454 -0.2129 -0.2465
vn 0.9454 -0.2129 -0.2465
vn -0.7233 -0.6382 -0.2636
vn -0.7233 -0.6382 -0.2636
vn -0.7233 -0.6382 -0.2636
vn 0.9454 -0.2129 -0.2465
vn 0.9454 -0.2129 -0.2465
vn 0.9454 -0.2129 -0.2465
vn -0.2312 0.9365 0.2636
vn -0.2312 0.9365 0.2636
vn -0.2312 0.9365 0.2636
vn -0.1593 0.3578 -0.9201
vn -0.1593 0.3578 -0.9201
vn -0.1593 0.3578 -0.9201
vn 0.7391 -0.0055 -0.6736
vn 0.7391 -0.0055 -0.6736
vn 0.7391 -0.0055 -0.6736
vn -0.6845 0.7129 0.1522
vn -0.6845 0.7129 0.1522
vn -0.6845 0.7129 0.1522
vn -0.6107 0.4163 -0.6736
vn -0.6107 0.4163 -0.6736
vn -0.6107 0.4163 -0.6736
vn 0.7391 -0.0055 -0.6736
vn 0.7391 -0.0055 -0.6736
vn 0.7391 -0.0055 -0.6736
vn -0.6845 0.7129 0.1522
vn -0.6845 0.7129 0.1522
vn -0.6845 0.7129 0.1522
vn -0.2841 -0.9092 -0.3044
vn -0.2841 -0.9092 -0.3044
vn -0.2841 -0.9092 -0.3044
vn 0.7391 -0.0055 -0.6736
vn 0.7391 -0.0055 -0.6736
vn 0.7391 -0.0055 -0.6736
vn 0.9545 -0.2983 -0.0000
vn 0.9545 -0.2983 -0.0000
vn 0.9545 -0.2983 -0.0000
vn -0.9687 -0.1963 -0.1522
vn -0.9687 -0.1963 -0.1522
vn -0.9687 -0.1963 -0.1522
vn -0.2841 -0.9092 -0.3044
vn -0.2841 -0.9092 -0.3044
vn -0.2841 -0.9092 -0.3044
vn 0.7391 -0.0055 -0.6736
vn 0.7391 -0.0055 -0.6736
vn 0.7391 -0.0055 -0.6736
vn -0.8985 0.3633 -0.2465
vn -0.8985 0.3633 -0.2465
vn -0.8985 0.3633 -0.2465
vn -0.7812 0.4036 -0.4763
vn -0.7812 0.4036 -0.4763
vn -0.7812 0.4036 -0.4763
vn -0.2841 -0.9092 -0.3044
vn -0.2841 -0.9092 -0.3044
vn -0.2841 -0.9092 -0.3044
vn 0.3347 0.2034 -0.9201
vn 0.3347 0.2034 -0.9201
vn 0.3347 0.2034 -0.9201
vn 0.5559 0.1024 -0.8249
vn 0.5559 0.1024 -0.8249
vn 0.5559 0.1024 -0.8249
vn 0.9545 -0.2983 0.0000
vn 0.9545 -0.2983 0.0000
vn 0.9545 -0.2983 0.0000
vn -0.9687 -0.1963 -0.1522
vn -0.9687 -0.1963 -0.1522
vn -0.9687 -0.1963 -0.1522
vn -0.7233 -0.6382 -0.2636
vn -0.7233 -0.6382 -0.2636
vn -0.7233 -0.6382 -0.2636
vn 0.3347 0.2034 -0.9201
vn 0.3347 0.2034 -0.9201
vn 0.3347 0.2034 -0.9201
vn -0.8985 0.3633 -0.2465
vn -0.8985 0.3633 -0.2465
vn -0.8985 0.3633 -0.2465
vn -0.3986 0.4007 -0.8249
vn -0.3986 0.4007 -0.8249
vn -0.3986 0.4007 -0.8249
vn -0.9687 -0.1963 -0.1522
vn -0.9687 -0.1963 -0.1522
vn -0.9687 -0.1963 -0.1522
vn 0.9454 -0.2129 -0.2465
vn 0.9454 -0.2129 -0.2465
vn 0.9454 -0.2129 -0.2465
vn 0.9454 -0.2129 -0.2465
vn 0.9454 -0.2129 -0.2465
vn 0.9454 -0.2129 -0.2465
vn -0.7812 0.4036 -0.4763
vn -0.7812 0.4036 -0.4763
vn -0.7812 0.4036 -0.4763
vn -0.6107 0.4163 -0.6736
vn -0.6107 0.4163 -0.6736
vn -0.6107 0.4163 -0.6736
vn -0.3986 0.4007 -0.8249
vn -0.3986 0.4007 -0.8249
vn -0.3986 0.4007 -0.8249
vn -0.6845 0.7129 0.1522
vn -0.6845 0.7129 0.1522
vn -0.6845 0.7129 0.1522
vn 0.8720 -0.1131 -0.4763
vn 0.8720 -0.1131 -0.4763
vn 0.8720 -0.1131 -0.4763
vn 0.7391 -0.0055 -0.6736
vn 0.7391 -0.0055 -0.6736
vn 0.7391 -0.0055 -0.6736
vn 0.0908 0.2905 -0.9526
vn 0.0908 0.2905 -0.9526
vn 0.0908 0.2905 -0.9526
vn -0.9687 -0.1963 -0.1522
vn -0.9687 -0.1963 -0.1522
vn -0.9687 -0.1963 -0.1522
vn -0.2841 -0.9092 -0.3044
vn -0.2841 -0.9092 -0.3044
vn -0.2841 -0.9092 -0.3044
vn -0.1593 0.3578 -0.9201
vn -0.1593 0.3578 -0.9201
vn -0.1593 0.3578 -0.9201
vn 0.9545 -0.2983 0.0000
vn 0.9545 -0.2983 -0.0000
vn 0.9545 -0.2983 0.0000
vn -0.2312 0.9365 0.2636
vn -0.2312 0.9365 0.2636
vn -0.2312 0.9365 0.2636
vn -0.2841 -0.9092 -0.3044
vn -0.2841 -0.9092 -0.3044
vn -0.2841 -0.9092 -0.3044
vn 0.8720 -0.1131 -0.4763
vn 0.8720 -0.1131 -0.4763
vn 0.8720 -0.1131 -0.4763
vn 0.8720 -0.1131 -0.4763
vn 0.8720 -0.1131 -0.4763
vn 0.8720 -0.1131 -0.4763
vn 0.9454 -0.2129 -0.2465
vn 0.9454 -0.2129 -0.2465
vn 0.9454 -0.2129 -0.2465
vn 0.0908 0.2905 -0.9526
vn 0.0908 0.2905 -0.9526
vn 0.0908 0.2905 -0.9526
vn 0.9545 -0.2983 -0.0000
vn 0.9545 -0.2983 0.0000
vn 0.9545 -0.2983 -0.0000
vn -0.2312 0.9365 0.2636
vn -0.2312 0.9365 0.2636
vn -0.2312 0.9365 0.2636
vn 0.3347 0.2034 -0.9201
vn 0.3347 0.2034 -0.9201
vn 0.3347 0.2034 -0.9201
vn 0.5559 0.1024 -0.8249
vn 0.5559 0.1024 -0.8249
vn 0.5559 0.1024 -0.8249
vn 0.8720 -0.1131 -0.4763
vn 0.8720 -0.1131 -0.4763
vn 0.8720 -0.1131 -0.4763
vn -0.8985 0.3633 -0.2465
vn -0.8985 0.3633 -0.2465
vn -0.8985 0.3633 -0.2465
vn -0.3986 0.4007 -0.8249
vn -0.3986 0.4007 -0.8249
vn -0.3986 0.4007 -0.8249
vn 0.9454 -0.2129 -0.2465
vn 0.9454 -0.2129 -0.2465
vn 0.9454 -0.2129 -0.2465
vn -0.7233 -0.6382 -0.2636
vn -0.7233 -0.6382 -0.2636
vn -0.7233 -0.6382 -0.2636
vn 0.3347 0.2034 -0.9201
vn 0.3347 0.2034 -0.9201
vn 0.3347 0.2034 -0.9201
vn -0.2312 0.9365 0.2636
vn -0.2312 0.9365 0.2636
vn -0.2312 0.9365 0.2636
vn -0.6845 0.7129 0.1522
vn -0.6845 0.7129 0.1522
vn -0.6845 0.7129 0.1522
vn 0.0908 0.2905 -0.9526
vn 0.0908 0.2905 -0.9526
vn 0.0908 0.2905 -0.9526
vn -0.7233 -0.6382 -0.2636
vn -0.7233 -0.6382 -0.2636
vn -0.7233 -0.6382 -0.2636
vn 0.5559 0.1024 -0.8249
vn 0.5559 0.1024 -0.8249
vn 0.5559 0.1024 -0.8249
vn -0.3986 0.4007 -0.8249
vn -0.3986 0.4007 -0.8249
vn -0.3986 0.4007 -0.8249
vn -0.8985 0.3633 -0.2465
vn -0.8985 0.3633 -0.2465
vn -0.8985 0.3633 -0.2465
vn 0.3347 0.2034 -0.9201
vn 0.3347 0.2034 -0.9201
vn 0.3347 0.2034 -0.9201
vn -0.7812 0.4036 -0.4763
vn -0.7812 0.4036 -0.4763
vn -0.7812 0.4036 -0.4763
vn -0.2312 0.9365 0.2636
vn -0.2312 0.9365 0.2636
vn -0.2312 0.9365 0.2636
vn -0.8985 0.3633 -0.2465
vn -0.8985 0.3633 -0.2465
vn -0.8985 0.3633 -0.2465
vn -0.1593 0.3578 -0.9201
vn -0.1593 0.3578 -0.9201
vn -0.1593 0.3578 -0.9201
vn 0.9545 -0.2983 0.0000
vn 0.9545 -0.2983 -0.0000
vn 0.9545 -0.2983 0.0000
vn -0.7233 -0.6382 -0.2636
vn -0.7233 -0.6382 -0.2636
vn -0.7233 -0.6382 -0.2636
vn -0.3986 0.4007 -0.8249
vn -0.3986 0.4007 -0.8249
vn -0.3986 0.4007 -0.8249
vn -0.8985 0.3633 -0.2465
vn -0.8985 0.3633 -0.2465
vn -0.8985 0.3633 -0.2465
vn 0.5394 0.1816 -0.8222
vn 0.5212 0.1683 -0.8367
vn 0.5641 0.1998 -0.8011
vn -0.5287 0.6878 -0.4974
vn -0.5287 0.6878 -0.4974
vn -0.5287 0.6878 -0.4974
vn 0.4919 -0.2178 -0.8430
vn 0.5354 -0.1533 -0.8305
vn 0.4120 -0.3230 -0.8520
vn 0.0009 0.5704 -0.8213
vn -0.0667 0.4927 -0.8676
vn 0.0736 0.6458 -0.7599
vn -0.1781 0.8269 -0.5334
vn -0.1883 0.8188 -0.5423
vn -0.1936 0.8145 -0.5469
vn 0.1663 0.3430 -0.9245
vn 0.3295 -0.6957 -0.6383
vn -0.6583 -0.4297 -0.6181
vn 0.1663 0.3430 -0.9245
vn -0.6673 0.6560 -0.3526
vn 0.2898 0.9512 -0.1060
vn 0.5000 0.7092 -0.4971
vn 0.5000 0.7092 -0.4971
vn 0.5000 0.7092 -0.4971
vn -0.8342 0.4017 -0.3779
vn -0.8542 -0.1752 0.4896
vn 0.0506 0.8881 0.4568
vn 0.8989 -0.3093 -0.3102
vn -0.4316 -0.7716 -0.4673
vn -0.0902 0.0559 -0.9944
vn -0.1593 0.3578 -0.9201
vn -0.1593 0.3578 -0.9201
vn -0.1593 0.3578 -0.9201
vn -0.5239 0.3341 -0.7835
vn -0.4903 0.3417 -0.8018
vn -0.3747 0.3626 -0.8533
vn -0.6906 0.4624 0.5561
vn -0.0155 -0.3243 0.9458
vn 0.2102 0.7062 0.6760
vn 0.1747 -0.9649 0.1962
vn -0.0155 -0.3243 0.9458
vn -0.8959 -0.3155 0.3127
vn 0.7896 0.2138 -0.5752
vn 0.7896 0.2138 -0.5752
vn 0.7896 0.2138 -0.5752
vn 0.1048 0.7235 -0.6823
vn 0.1549 0.6683 -0.7275
vn 0.2176 0.5901 -0.7775
vn 0.4513 -0.0112 -0.8923
vn 0.3711 -0.0900 -0.9242
vn 0.2920 -0.1621 -0.9426
vn 0.7797 0.5128 -0.3594
vn 0.7797 0.5128 -0.3594
vn 0.7797 0.5128 -0.3594
vn 0.3347 0.2034 -0.9201
vn 0.3347 0.2034 -0.9201
vn 0.3347 0.2034 -0.9201
vn -0.8660 0.4094 -0.2870
vn -0.8660 0.4094 -0.2870
vn -0.8660 0.4094 -0.2870
vn -0.5000 -0.4971 -0.7092
vn -0.5000 -0.4971 -0.7092
vn -0.5000 -0.4971 -0.7092
vn -0.5000 -0.4971 -0.7092
vn -0.5000 -0.4971 -0.7092
vn -0.5000 -0.4971 -0.7092
vn 0.2588 0.7910 -0.5544
vn 0.2588 0.7910 -0.5544
vn 0.2588 0.7910 -0.5544
vn -0.2588 0.7910 -0.5544
vn -0.2588 0.7910 -0.5544
vn -0.2588 0.7910 -0.5544
vn 0.2588 0.7910 -0.5544
vn 0.2588 0.7910 -0.5544
vn 0.2588 0.7910 -0.5544
vn 0.8660 0.4094 -0.2870
vn 0.8660 0.4094 -0.2870
vn 0.8660 0.4094 -0.2870
vn -0.5000 0.7092 -0.4971
vn -0.5000 0.7092 -0.4971
vn -0.5000 0.7092 -0.4971
vn 0.9659 0.2119 -0.1486
vn 0.9659 0.2119 -0.1486
vn 0.9659 0.2119 -0.1486
vn -0.5000 0.4971 0.7092
vn -0.5000 0.4971 0.7092
vn -0.5000 0.4971 0.7092
vn -0.5000 0.4971 0.7092
vn -0.5000 0.4971 0.7092
vn -0.5000 0.4971 0.7092
vn -0.2588 0.7910 -0.5544
vn -0.2588 0.7910 -0.5544
vn -0.2588 0.7910 -0.5544
vn -0.5000 0.4971 0.7092
vn -0.5000 0.4971 0.7092
vn -0.5000 0.4971 0.7092
vn -0.8660 0.2870 0.4094
vn -0.8660 0.2870 0.4094
vn -0.8660 0.2870 0.4094
vn -0.8660 0.2870 0.4094
vn -0.8660 0.2870 0.4094
vn -0.8660 0.2870 0.4094
vn 0.9659 0.2119 -0.1486
vn 0.9659 0.2119 -0.1486
vn 0.9659 0.2119 -0.1486
vn 0.9659 0.2119 -0.1486
vn 0.9659 0.2119 -0.1486
vn 0.9659 0.2119 -0.1486
vn 0.9659 0.2119 -0.1486
vn 0.9659 0.2119 -0.1486
vn 0.9659 0.2119 -0.1486
vn -0.5000 -0.4971 -0.7092
vn -0.5000 -0.4971 -0.7092
vn -0.5000 -0.4971 -0.7092
vn -0.8660 0.2870 0.4094
vn -0.8660 0.2870 0.4094
vn -0.8660 0.2870 0.4094
vn -0.8660 -0.2870 -0.4094
vn -0.8660 -0.2870 -0.4094
vn -0.8660 -0.2870 -0.4094
vn -0.9659 0.2119 -0.1486
vn -0.9659 0.2119 -0.1486
vn -0.9659 0.2119 -0.1486
vn 1.0000 0.0000 -0.0000
vn 1.0000 0.0000 -0.0000
vn 1.0000 0.0000 -0.0000
vn -0.5000 0.7092 -0.4971
vn -0.5000 0.7092 -0.4971
vn -0.5000 0.7092 -0.4971
vn 1.0000 0.0000 -0.0000
vn 1.0000 0.0000 -0.0000
vn 1.0000 0.0000 -0.0000
vn -0.5000 -0.4971 -0.7092
vn -0.5000 -0.4971 -0.7092
vn -0.5000 -0.4971 -0.7092
vn 0.8660 0.4094 -0.2870
vn 0.8660 0.4094 -0.2870
vn 0.8660 0.4094 -0.2870
vn 0.8660 0.4094 -0.2870
vn 0.8660 0.4094 -0.2870
vn 0.8660 0.4094 -0.2870
vn -0.5000 0.4971 0.7092
vn -0.5000 0.4971 0.7092
vn -0.5000 0.4971 0.7092
vn -0.9659 0.2119 -0.1486
vn -0.9659 0.2119 -0.1486
vn -0.9659 0.2119 -0.1486
vn -0.7071 0.5790 -0.4059
vn -0.7071 0.5790 -0.4059
vn -0.7071 0.5790 -0.4059
vn 0.8660 0.4094 -0.2870
vn 0.8660 0.4094 -0.2870
vn 0.8660 0.4094 -0.2870
vn 1.0000 0.0000 -0.0000
vn 1.0000 0.0000 -0.0000
vn 1.0000 0.0000 -0.0000
vn 0.7071 0.5790 -0.4059
vn 0.7071 0.5790 -0.4059
vn 0.7071 0.5790 -0.4059
vn 0.9659 0.2119 -0.1486
vn 0.9659 0.2119 -0.1486
vn 0.9659 0.2119 -0.1486
vn -0.5000 0.7092 -0.4971
vn -0.5000 0.7092 -0.4971
vn -0.5000 0.7092 -0.4971
vn 0.2588 0.7910 -0.5544
vn 0.2588 0.7910 -0.5544
vn 0.2588 0.7910 -0.5544
vn 0.7071 0.5790 -0.4059
vn 0.7071 0.5790 -0.4059
vn 0.7071 0.5790 -0.4059
vn 0.9659 0.2119 -0.1486
vn 0.9659 0.2119 -0.1486
vn 0.9659 0.2119 -0.1486
vn -0.2588 0.7910 -0.5544
vn -0.2588 0.7910 -0.5544
vn -0.2588 0.7910 -0.5544
vn -0.8660 -0.2870 -0.4094
vn -0.8660 -0.2870 -0.4094
vn -0.8660 -0.2870 -0.4094
vn -0.5000 -0.4971 -0.7092
vn -0.5000 -0.4971 -0.7092
vn -0.5000 -0.4971 -0.7092
vn -0.0000 -0.5740 -0.8189
vn -0.0000 -0.5740 -0.8189
vn -0.0000 -0.5740 -0.8189
vn -0.9659 0.2119 -0.1486
vn -0.9659 0.2119 -0.1486
vn -0.9659 0.2119 -0.1486
vn -0.0000 0.8189 -0.5740
vn 0.0000 0.8189 -0.5740
vn -0.0000 0.8189 -0.5740
vn 0.7071 0.5790 -0.4059
vn 0.7071 0.5790 -0.4059
vn 0.7071 0.5790 -0.4059
vn -0.8660 -0.2870 -0.4094
vn -0.8660 -0.2870 -0.4094
vn -0.8660 -0.2870 -0.4094
vn -0.0000 -0.5740 -0.8189
vn -0.0000 -0.5740 -0.8189
vn -0.0000 -0.5740 -0.8189
vn -0.9659 0.2119 -0.1486
vn -0.9659 0.2119 -0.1486
vn -0.9659 0.2119 -0.1486
vn 0.2588 0.7910 -0.5544
vn 0.2588 0.7910 -0.5544
vn 0.2588 0.7910 -0.5544
vn -0.2588 0.7910 -0.5544
vn -0.2588 0.7910 -0.5544
vn -0.2588 0.7910 -0.5544
vn 0.0000 0.8189 -0.5740
vn 0.0000 0.8189 -0.5740
vn -0.0000 0.8189 -0.5740
vn -0.8660 -0.2870 -0.4094
vn -0.8660 -0.2870 -0.4094
vn -0.8660 -0.2870 -0.4094
vn 0.2588 0.7910 -0.5544
vn 0.2588 0.7910 -0.5544
vn 0.2588 0.7910 -0.5544
vn -0.8660 0.4094 -0.2870
vn -0.8660 0.4094 -0.2870
vn -0.8660 0.4094 -0.2870
vn 0.5000 0.7092 -0.4971
vn 0.5000 0.7092 -0.4971
vn 0.5000 0.7092 -0.4971
vn 0.0000 -0.5740 -0.8189
vn 0.0000 -0.5740 -0.8189
vn 0.0000 -0.5740 -0.8189
vn -0.8660 0.4094 -0.2870
vn -0.8660 0.4094 -0.2870
vn -0.8660 0.4094 -0.2870
vn -0.8660 0.4094 -0.2870
vn -0.8660 0.4094 -0.2870
vn -0.8660 0.4094 -0.2870
vn -0.9659 0.2119 -0.1486
vn -0.9659 0.2119 -0.1486
vn -0.9659 0.2119 -0.1486
vn -0.5000 0.7092 -0.4971
vn -0.5000 0.7092 -0.4971
vn -0.5000 0.7092 -0.4971
vn 1.0000 0.0000 -0.0000
vn 1.0000 0.0000 -0.0000
vn 1.0000 0.0000 -0.0000
vn -0.0000 0.8189 -0.5740
vn -0.0000 0.8189 -0.5740
vn -0.0000 0.8189 -0.5740
vn 0.5000 0.7092 -0.4971
vn 0.5000 0.7092 -0.4971
vn 0.5000 0.7092 -0.4971
vn 0.5000 0.7092 -0.4971
vn 0.5000 0.7092 -0.4971
vn 0.5000 0.7092 -0.4971
vn 0.7071 0.5790 -0.4059
vn 0.7071 0.5790 -0.4059
vn 0.7071 0.5790 -0.4059
vn -0.0000 0.8189 -0.5740
vn -0.0000 0.8189 -0.5740
vn -0.0000 0.8189 -0.5740
vn -0.5000 0.4971 0.7092
vn -0.5000 0.4971 0.7092
vn -0.5000 0.4971 0.7092
vn -0.8660 0.4094 -0.2870
vn -0.8660 0.4094 -0.2870
vn -0.8660 0.4094 -0.2870
vn -0.8660 0.2870 0.4094
vn -0.8660 0.2870 0.4094
vn -0.8660 0.2870 0.4094
vn -0.0000 -0.5740 -0.8189
vn -0.0000 -0.5740 -0.8189
vn 0.0000 -0.5740 -0.8189
vn -0.7071 0.5790 -0.4059
vn -0.7071 0.5790 -0.4059
vn -0.7071 0.5790 -0.4059
vn -0.8660 0.2870 0.4094
vn -0.8660 0.2870 0.4094
vn -0.8660 0.2870 0.4094
vn -0.5000 0.7092 -0.4971
vn -0.5000 0.7092 -0.4971
vn -0.5000 0.7092 -0.4971
vn 0.7071 0.5790 -0.4059
vn 0.7071 0.5790 -0.4059
vn 0.7071 0.5790 -0.4059
vn 0.0000 -0.5740 -0.8189
vn 0.0000 -0.5740 -0.8189
vn 0.0000 -0.5740 -0.8189
vn -0.8660 -0.2870 -0.4094
vn -0.8660 -0.2870 -0.4094
vn -0.8660 -0.2870 -0.4094
vn 1.0000 0.0000 -0.0000
vn 1.0000 0.0000 -0.0000
vn 1.0000 0.0000 -0.0000
vn 1.0000 0.0000 -0.0000
vn 1.0000 0.0000 -0.0000
vn 1.0000 0.0000 -0.0000
vn -0.9659 0.2119 -0.1486
vn -0.9659 0.2119 -0.1486
vn -0.9659 0.2119 -0.1486
vn -0.5308 0.6895 -0.4927
vn -0.5851 0.6731 -0.4523
vn -0.7122 0.6155 -0.3376
vn 0.4607 0.7637 -0.4522
vn 0.4473 0.7581 -0.4746
vn 0.4788 0.7707 -0.4204
vn 0.0853 -0.8929 -0.4421
vn 0.5708 -0.0834 -0.8168
vn 0.8411 -0.2254 0.4917
vn -0.8372 -0.5446 0.0495
vn -0.8545 0.5181 -0.0363
vn -0.5149 -0.0256 -0.8568
vn -0.7098 0.6981 -0.0940
vn -0.7098 0.6981 -0.0940
vn -0.7098 0.6981 -0.0940
vn -0.1693 0.9308 -0.3240
vn -0.2106 0.8837 -0.4179
vn -0.1223 0.9682 -0.2184
vn -0.6107 0.4163 -0.6736
vn -0.6107 0.4163 -0.6736
vn -0.6107 0.4163 -0.6736
vn -0.2588 0.7910 -0.5544
vn -0.2588 0.7910 -0.5544
vn -0.2588 0.7910 -0.5544
vn -0.1781 0.0378 -0.9833
vn -0.1883 0.0258 -0.9818
vn -0.1936 0.0197 -0.9809
vn -0.5998 0.6037 -0.5252
vn -0.5698 0.6286 -0.5293
vn -0.4659 0.7031 -0.5373
vn 0.5000 0.0000 -0.8660
vn 0.5000 0.0000 -0.8660
vn 0.5000 -0.0000 -0.8660
vn -0.8545 -0.2677 -0.4451
vn -0.5963 0.6616 -0.4547
vn 0.0611 -0.1389 -0.9884
vn 0.1317 0.8763 -0.4634
vn 0.8829 0.2403 -0.4035
vn 0.0611 -0.1389 -0.9884
vn -0.5973 -0.6569 0.4600
vn 0.1255 0.1296 0.9836
vn -0.8467 0.2666 0.4605
vn 0.1255 0.1296 0.9836
vn 0.1279 -0.8796 0.4581
vn 0.8893 -0.2421 0.3881
vn -0.4316 -0.7716 -0.4673
vn 0.8989 -0.3093 -0.3102
vn 0.1443 -0.9012 0.4086
vn 0.8989 -0.3093 -0.3102
vn 0.0506 0.8881 0.4568
vn 0.3003 0.0227 0.9536
vn 0.7896 -0.3483 -0.5052
vn 0.7896 -0.3483 -0.5052
vn 0.7896 -0.3483 -0.5052
vn 0.4341 0.6388 -0.6352
vn 0.3810 0.5792 -0.7206
vn 0.3271 0.5168 -0.7912
vn 0.4919 -0.2178 -0.8430
vn 0.5354 -0.1533 -0.8305
vn 0.4120 -0.3230 -0.8520
vn -0.2312 0.9365 0.2636
vn -0.2312 0.9365 0.2636
vn -0.2312 0.9365 0.2636
vn -0.2841 -0.9092 -0.3044
vn -0.2841 -0.9092 -0.3044
vn -0.2841 -0.9092 -0.3044
vn -0.6845 0.7129 0.1522
vn -0.6845 0.7129 0.1522
vn -0.6845 0.7129 0.1522
vn -0.7233 -0.6382 -0.2636
vn -0.7233 -0.6382 -0.2636
vn -0.7233 -0.6382 -0.2636
vn -0.9687 -0.1963 -0.1522
vn -0.9687 -0.1963 -0.1522
vn -0.9687 -0.1963 -0.1522
vn -0.3986 0.4007 -0.8249
vn -0.3986 0.4007 -0.8249
vn -0.3986 0.4007 -0.8249
vn 0.2588 0.7910 -0.5544
vn 0.2588 0.7910 -0.5544
vn 0.2588 0.7910 -0.5544
vn -0.7123 0.6961 -0.0896
vn -0.7592 0.6463 -0.0768
vn -0.8634 0.5029 -0.0417
vn 0.1048 -0.1435 -0.9841
vn 0.1549 -0.2122 -0.9649
vn 0.2176 -0.2980 -0.9294
vn 0.7797 0.0000 -0.6262
vn 0.7797 0.0000 -0.6262
vn 0.7797 0.0000 -0.6262
vn -0.8660 -0.5000 0.0000
vn -0.8660 -0.5000 0.0000
vn -0.8660 -0.5000 0.0000
vn 0.7071 0.0000 -0.7071
vn 0.7071 0.0000 -0.7071
vn 0.7071 0.0000 -0.7071
vn -0.9659 0.0000 -0.2588
vn -0.9659 0.0000 -0.2588
vn -0.9659 0.0000 -0.2588
vn 0.2588 0.0000 -0.9659
vn 0.2588 0.0000 -0.9659
vn 0.2588 0.0000 -0.9659
vn 0.9659 -0.0000 -0.2588
vn 0.9659 -0.0000 -0.2588
vn 0.9659 -0.0000 -0.2588
vn 1.0000 0.0000 -0.0000
vn 1.0000 0.0000 -0.0000
vn 1.0000 0.0000 -0.0000
vn 0.8660 0.0000 -0.5000
vn 0.8660 -0.0000 -0.5000
vn 0.8660 0.0000 -0.5000
vn -0.2588 0.0000 -0.9659
vn -0.2588 -0.0000 -0.9659
vn -0.2588 0.0000 -0.9659
vn -0.8660 0.0000 -0.5000
vn -0.8660 0.0000 -0.5000
vn -0.8660 0.0000 -0.5000
vn 0.5000 -0.0000 -0.8660
vn 0.5000 -0.0000 -0.8660
vn 0.5000 -0.0000 -0.8660
vn -0.5000 -0.8660 0.0000
vn -0.5000 -0.8660 0.0000
vn -0.5000 -0.8660 0.0000
vn 0.8660 0.0000 -0.5000
vn 0.8660 0.0000 -0.5000
vn 0.8660 0.0000 -0.5000
vn 0.8660 0.0000 -0.5000
vn 0.8660 -0.0000 -0.5000
vn 0.8660 0.0000 -0.5000
vn 0.2588 0.0000 -0.9659
vn 0.2588 0.0000 -0.9659
vn 0.2588 0.0000 -0.9659
vn 0.7071 -0.0000 -0.7071
vn 0.7071 -0.0000 -0.7071
vn 0.7071 -0.0000 -0.7071
vn -0.8660 -0.0000 -0.5000
vn -0.8660 0.0000 -0.5000
vn -0.8660 -0.0000 -0.5000
vn -0.5000 -0.8660 0.0000
vn -0.5000 -0.8660 0.0000
vn -0.5000 -0.8660 0.0000
vn 0.8660 0.0000 -0.5000
vn 0.8660 0.0000 -0.5000
vn 0.8660 0.0000 -0.5000
vn -0.5000 -0.0000 -0.8660
vn -0.5000 0.0000 -0.8660
vn -0.5000 -0.0000 -0.8660
vn 1.0000 0.0000 -0.0000
vn 1.0000 0.0000 -0.0000
vn 1.0000 0.0000 -0.0000
vn 0.7071 -0.0000 -0.7071
vn 0.7071 -0.0000 -0.7071
vn 0.7071 -0.0000 -0.7071
vn -0.8660 -0.0000 -0.5000
vn -0.8660 -0.0000 -0.5000
vn -0.8660 -0.0000 -0.5000
vn -0.8660 -0.5000 0.0000
vn -0.8660 -0.5000 -0.0000
vn -0.8660 -0.5000 0.0000
vn 0.9659 -0.0000 -0.2588
vn 0.9659 -0.0000 -0.2588
vn 0.9659 -0.0000 -0.2588
vn -0.9659 -0.0000 -0.2588
vn -0.9659 -0.0000 -0.2588
vn -0.9659 -0.0000 -0.2588
vn -0.5000 0.0000 -0.8660
vn -0.5000 0.0000 -0.8660
vn -0.5000 0.0000 -0.8660
vn -0.8660 0.5000 -0.0000
vn -0.8660 0.5000 0.0000
vn -0.8660 0.5000 -0.0000
vn 0.0000 -1.0000 0.0000
vn 0.0000 -1.0000 0.0000
vn 0.0000 -1.0000 0.0000
vn -0.7071 0.0000 -0.7071
vn -0.7071 -0.0000 -0.7071
vn -0.7071 0.0000 -0.7071
vn 0.0000 0.0000 -1.0000
vn 0.0000 0.0000 -1.0000
vn 0.0000 0.0000 -1.0000
vn -0.8660 0.5000 -0.0000
vn -0.8660 0.5000 -0.0000
vn -0.8660 0.5000 -0.0000
vn -0.5000 -0.8660 0.0000
vn -0.5000 -0.8660 0.0000
vn -0.5000 -0.8660 0.0000
vn -0.5000 0.0000 -0.8660
vn -0.5000 0.0000 -0.8660
vn -0.5000 0.0000 -0.8660
vn 0.0000 0.0000 -1.0000
vn 0.0000 0.0000 -1.0000
vn 0.0000 0.0000 -1.0000
vn 1.0000 0.0000 -0.0000
vn 1.0000 0.0000 -0.0000
vn 1.0000 0.0000 -0.0000
vn 1.0000 0.0000 -0.0000
vn 1.0000 0.0000 -0.0000
vn 1.0000 0.0000 -0.0000
vn 0.2588 -0.0000 -0.9659
vn 0.2588 -0.0000 -0.9659
vn 0.2588 0.0000 -0.9659
vn -0.0000 -1.0000 0.0000
vn -0.0000 -1.0000 0.0000
vn -0.0000 -1.0000 0.0000
vn 0.2588 0.0000 -0.9659
vn 0.2588 0.0000 -0.9659
vn 0.2588 0.0000 -0.9659
vn 1.0000 0.0000 -0.0000
vn 1.0000 0.0000 -0.0000
vn 1.0000 0.0000 -0.0000
vn -0.8660 -0.5000 0.0000
vn -0.8660 -0.5000 0.0000
vn -0.8660 -0.5000 0.0000
vn -0.5000 -0.8660 0.0000
vn -0.5000 -0.8660 0.0000
vn -0.5000 -0.8660 -0.0000
vn 0.2588 -0.0000 -0.9659
vn 0.2588 -0.0000 -0.9659
vn 0.2588 -0.0000 -0.9659
vn -0.2588 0.0000 -0.9659
vn -0.2588 0.0000 -0.9659
vn -0.2588 0.0000 -0.9659
vn 0.0000 0.0000 -1.0000
vn 0.0000 0.0000 -1.0000
vn 0.0000 0.0000 -1.0000
vn 0.5000 0.0000 -0.8660
vn 0.5000 0.0000 -0.8660
vn 0.5000 0.0000 -0.8660
vn -0.5000 0.8660 0.0000
vn -0.5000 0.8660 0.0000
vn -0.5000 0.8660 0.0000
vn -0.5000 0.8660 -0.0000
vn -0.5000 0.8660 -0.0000
vn -0.5000 0.8660 -0.0000
vn 0.5000 0.0000 -0.8660
vn 0.5000 0.0000 -0.8660
vn 0.5000 0.0000 -0.8660
vn 0.9659 0.0000 -0.2588
vn 0.9659 0.0000 -0.2588
vn 0.9659 0.0000 -0.2588
vn -0.9659 0.0000 -0.2588
vn -0.9659 0.0000 -0.2588
vn -0.9659 0.0000 -0.2588
vn -0.8660 0.0000 -0.5000
vn -0.8660 0.0000 -0.5000
vn -0.8660 0.0000 -0.5000
vn -0.7071 -0.0000 -0.7071
vn -0.7071 -0.0000 -0.7071
vn -0.7071 -0.0000 -0.7071
vn -0.2588 0.0000 -0.9659
vn -0.2588 0.0000 -0.9659
vn -0.2588 -0.0000 -0.9659
vn -0.5000 0.8660 0.0000
vn -0.5000 0.8660 0.0000
vn -0.5000 0.8660 0.0000
vn -0.8660 -0.5000 0.0000
vn -0.8660 -0.5000 0.0000
vn -0.8660 -0.5000 0.0000
vn -0.5000 0.8660 -0.0000
vn -0.5000 0.8660 -0.0000
vn -0.5000 0.8660 -0.0000
vn -0.8660 0.5000 -0.0000
vn -0.8660 0.5000 -0.0000
vn -0.8660 0.5000 -0.0000
vn -0.5000 -0.8660 0.0000
vn -0.5000 -0.8660 0.0000
vn -0.5000 -0.8660 0.0000
vn 0.9659 -0.0000 -0.2588
vn 0.9659 -0.0000 -0.2588
vn 0.9659 -0.0000 -0.2588
vn 0.9659 -0.0000 -0.2588
vn 0.9659 -0.0000 -0.2588
vn 0.9659 -0.0000 -0.2588
vn -0.9659 0.0000 -0.2588
vn -0.9659 0.0000 -0.2588
vn -0.9659 0.0000 -0.2588
vn -0.5000 -0.0000 -0.8660
vn -0.5000 0.0000 -0.8660
vn -0.5000 -0.0000 -0.8660
vn -0.0000 -1.0000 0.0000
vn -0.0000 -1.0000 0.0000
vn -0.0000 -1.0000 0.0000
vn 1.0000 0.0000 -0.0000
vn 1.0000 0.0000 -0.0000
vn 1.0000 0.0000 -0.0000
vn -0.8660 -0.0000 -0.5000
vn -0.8660 -0.0000 -0.5000
vn -0.8660 -0.0000 -0.5000
vn -0.8660 -0.5000 0.0000
vn -0.8660 -0.5000 -0.0000
vn -0.8660 -0.5000 0.0000
vn -0.8660 0.5000 -0.0000
vn -0.8660 0.5000 0.0000
vn -0.8660 0.5000 -0.0000
vn -0.9659 0.0000 -0.2588
vn -0.9659 0.0000 -0.2588
vn -0.9659 0.0000 -0.2588
vn 0.0000 0.0000 -1.0000
vn 0.0000 0.0000 -1.0000
vn 0.0000 0.0000 -1.0000
vn 0.7071 0.0000 -0.7071
vn 0.7071 0.0000 -0.7071
vn 0.7071 0.0000 -0.7071
vn -0.5000 0.0000 -0.8660
vn -0.5000 0.0000 -0.8660
vn -0.5000 0.0000 -0.8660
vn 0.7071 0.0000 -0.7071
vn 0.7071 0.0000 -0.7071
vn 0.7071 0.0000 -0.7071
vn -0.5000 0.8660 -0.0000
vn -0.5000 0.8660 -0.0000
vn -0.5000 0.8660 -0.0000
vn 0.0000 -1.0000 0.0000
vn 0.0000 -1.0000 0.0000
vn 0.0000 -1.0000 0.0000
vn 0.0000 -1.0000 -0.0000
vn 0.0000 -1.0000 -0.0000
vn 0.0000 -1.0000 -0.0000
vn -0.8660 0.5000 -0.0000
vn -0.8660 0.5000 -0.0000
vn -0.8660 0.5000 -0.0000
vn -0.9659 0.0000 -0.2588
vn -0.9659 0.0000 -0.2588
vn -0.9659 0.0000 -0.2588
vn 0.9659 0.0000 -0.2588
vn 0.9659 0.0000 -0.2588
vn 0.9659 0.0000 -0.2588
vn -0.2588 -0.0000 -0.9659
vn -0.2588 -0.0000 -0.9659
vn -0.2588 -0.0000 -0.9659
vn 0.4607 0.0681 -0.8849
vn 0.4473 0.0464 -0.8932
vn 0.4788 0.0981 -0.8724
vn -0.7098 0.3238 -0.6256
vn -0.7098 0.3238 -0.6256
vn -0.7098 0.3238 -0.6256
vn -0.7071 0.5790 -0.4059
vn -0.7071 0.5790 -0.4059
vn -0.7071 0.5790 -0.4059
vn -0.1693 0.2689 -0.9482
vn -0.2106 0.1650 -0.9635
vn -0.1223 0.3768 -0.9182
vn -0.2588 0.0000 -0.9659
vn -0.2588 0.0000 -0.9659
vn -0.2588 0.0000 -0.9659
vn -0.5998 -0.0835 -0.7958
vn -0.5698 -0.0727 -0.8185
vn -0.4659 -0.0365 -0.8841
vn 0.0000 0.8702 -0.4928
vn -0.8545 0.5181 -0.0363
vn 0.0431 0.8239 0.5651
vn 0.8663 0.4992 -0.0191
vn 0.5708 -0.0834 -0.8168
vn 0.0000 0.8702 -0.4928
vn -0.8660 -0.2870 -0.4094
vn -0.8660 -0.2870 -0.4094
vn -0.8660 -0.2870 -0.4094
vn -0.5000 0.4971 0.7092
vn -0.5000 0.4971 0.7092
vn -0.5000 0.4971 0.7092
vn -0.8660 0.2870 0.4094
vn -0.8660 0.2870 0.4094
vn -0.8660 0.2870 0.4094
vn -0.5000 0.7092 -0.4971
vn -0.5000 0.7092 -0.4971
vn -0.5000 0.7092 -0.4971
vn -0.5000 -0.4971 -0.7092
vn -0.5000 -0.4971 -0.7092
vn -0.5000 -0.4971 -0.7092
vn -0.0000 -0.5740 -0.8189
vn 0.0000 -0.5740 -0.8189
vn 0.0000 -0.5740 -0.8189
vn 0.4341 -0.1535 -0.8877
vn 0.3810 -0.2577 -0.8879
vn 0.3271 -0.3513 -0.8773
vn -0.6166 0.4308 -0.6589
vn -0.6210 0.4417 -0.6475
vn -0.6244 0.4504 -0.6382
vn -0.1781 0.0378 -0.9833
vn -0.1883 0.0258 -0.9818
vn -0.1936 0.0197 -0.9809
vn 0.2588 -0.0000 -0.9659
vn 0.2588 -0.0000 -0.9659
vn 0.2588 0.0000 -0.9659
vn 0.1747 -0.9649 0.1962
vn -0.6583 -0.4297 -0.6181
vn 0.3295 -0.6957 -0.6383
vn 0.1747 -0.9649 0.1962
vn 0.3295 -0.6957 -0.6383
vn 0.9477 0.1079 -0.3005
vn -0.7123 0.3261 -0.6215
vn -0.7592 0.3081 -0.5733
vn -0.8634 0.2545 -0.4357
vn 0.5000 0.0000 -0.8660
vn 0.5000 0.0000 -0.8660
vn 0.5000 0.0000 -0.8660
vn 0.7896 -0.3483 -0.5052
vn 0.7896 -0.3483 -0.5052
vn 0.7896 -0.3483 -0.5052
vn 0.7005 -0.4055 -0.5872
vn 0.7005 -0.4055 -0.5872
vn 0.7005 -0.4055 -0.5872
vn -0.7071 0.0000 -0.7071
vn -0.7071 0.0000 -0.7071
vn -0.7071 0.0000 -0.7071
vn 0.1645 -0.7759 0.6091
vn 0.0853 -0.8929 -0.4421
vn 0.8411 -0.2254 0.4917
vn -0.4450 0.0438 0.8944
vn 0.1645 -0.7759 0.6091
vn 0.8411 -0.2254 0.4917
vn 0.0668 -0.3046 -0.9501
vn 0.0668 -0.3046 -0.9501
vn 0.0668 -0.3046 -0.9501
vn 0.7797 0.0000 -0.6262
vn 0.7797 0.0000 -0.6262
vn 0.7797 0.0000 -0.6262
vn -0.8660 -0.5000 -0.0000
vn -0.8660 -0.5000 -0.0000
vn -0.8660 -0.5000 -0.0000
vn 0.7071 -0.0000 -0.7071
vn 0.7071 -0.0000 -0.7071
vn 0.7071 -0.0000 -0.7071
vn -0.5000 0.0000 -0.8660
vn -0.5000 0.0000 -0.8660
vn -0.5000 0.0000 -0.8660
vn 0.0000 0.0000 -1.0000
vn 0.0000 0.0000 -1.0000
vn 0.0000 0.0000 -1.0000
vn 0.9659 0.0000 -0.2588
vn 0.9659 0.0000 -0.2588
vn 0.9659 0.0000 -0.2588
vn -0.0000 -1.0000 0.0000
vn -0.0000 -1.0000 0.0000
vn 0.0000 -1.0000 0.0000
vn -0.5000 0.8660 0.0000
vn -0.5000 0.8660 0.0000
vn -0.5000 0.8660 0.0000
vn 0.9659 -0.0000 -0.2588
vn 0.9659 -0.0000 -0.2588
vn 0.9659 -0.0000 -0.2588
vn 0.9659 0.0000 -0.2588
vn 0.9659 -0.0000 -0.2588
vn 0.9659 0.0000 -0.2588
vn 0.8660 0.0000 -0.5000
vn 0.8660 0.0000 -0.5000
vn 0.8660 0.0000 -0.5000
vn -0.8660 0.5000 0.0000
vn -0.8660 0.5000 0.0000
vn -0.8660 0.5000 0.0000
vn -0.9659 -0.0000 -0.2588
vn -0.9659 -0.0000 -0.2588
vn -0.9659 -0.0000 -0.2588
vn -0.2588 0.0000 -0.9659
vn -0.2588 0.0000 -0.9659
vn -0.2588 0.0000 -0.9659
vn -0.2588 -0.0000 -0.9659
vn -0.2588 0.0000 -0.9659
vn -0.2588 -0.0000 -0.9659
vn -0.8660 0.5000 -0.0000
vn -0.8660 0.5000 -0.0000
vn -0.8660 0.5000 0.0000
vn 0.7071 0.0000 -0.7071
vn 0.7071 0.0000 -0.7071
vn 0.7071 0.0000 -0.7071
vn 0.5000 -0.0000 -0.8660
vn 0.5000 -0.0000 -0.8660
vn 0.5000 -0.0000 -0.8660
vn 0.9659 0.0000 -0.2588
vn 0.9659 0.0000 -0.2588
vn 0.9659 0.0000 -0.2588
vn 0.0000 -1.0000 -0.0000
vn 0.0000 -1.0000 -0.0000
vn 0.0000 -1.0000 -0.0000
vn 0.2588 0.0000 -0.9659
vn 0.2588 0.0000 -0.9659
vn 0.2588 0.0000 -0.9659
vn -0.5000 0.0000 -0.8660
vn -0.5000 -0.0000 -0.8660
vn -0.5000 0.0000 -0.8660
vn 0.2588 0.0000 -0.9659
vn 0.2588 0.0000 -0.9659
vn 0.2588 0.0000 -0.9659
vn -0.8660 -0.5000 0.0000
vn -0.8660 -0.5000 0.0000
vn -0.8660 -0.5000 -0.0000
vn 0.8660 -0.0000 -0.5000
vn 0.8660 -0.0000 -0.5000
vn 0.8660 -0.0000 -0.5000
vn -0.5000 -0.0000 -0.8660
vn -0.5000 -0.0000 -0.8660
vn -0.5000 -0.0000 -0.8660
vn 1.0000 0.0000 -0.0000
vn 1.0000 0.0000 -0.0000
vn 1.0000 0.0000 -0.0000
vn -0.2588 0.0000 -0.9659
vn -0.2588 -0.0000 -0.9659
vn -0.2588 0.0000 -0.9659
vn 0.5000 0.0000 -0.8660
vn 0.5000 0.0000 -0.8660
vn 0.5000 0.0000 -0.8660
vn -0.8660 -0.5000 -0.0000
vn -0.8660 -0.5000 -0.0000
vn -0.8660 -0.5000 -0.0000
vn 1.0000 0.0000 -0.0000
vn 1.0000 0.0000 -0.0000
vn 1.0000 0.0000 -0.0000
vn -0.9659 0.0000 -0.2588
vn -0.9659 0.0000 -0.2588
vn -0.9659 0.0000 -0.2588
vn -0.7071 0.0000 -0.7071
vn -0.7071 0.0000 -0.7071
vn -0.7071 0.0000 -0.7071
vn 1.0000 0.0000 -0.0000
vn 1.0000 0.0000 -0.0000
vn 1.0000 0.0000 -0.0000
vn 0.8660 0.0000 -0.5000
vn 0.8660 0.0000 -0.5000
vn 0.8660 0.0000 -0.5000
vn 0.0000 0.0000 -1.0000
vn 0.0000 0.0000 -1.0000
vn 0.0000 0.0000 -1.0000
vn -0.8660 0.5000 -0.0000
vn -0.8660 0.5000 -0.0000
vn -0.8660 0.5000 -0.0000
vn -0.5000 -0.8660 0.0000
vn -0.5000 -0.8660 0.0000
vn -0.5000 -0.8660 -0.0000
vn -0.9659 0.0000 -0.2588
vn -0.9659 0.0000 -0.2588
vn -0.9659 0.0000 -0.2588
vn -0.8660 0.0000 -0.5000
vn -0.8660 0.0000 -0.5000
vn -0.8660 0.0000 -0.5000
vn -0.8660 0.0000 -0.5000
vn -0.8660 0.0000 -0.5000
vn -0.8660 0.0000 -0.5000
vn -0.5000 -0.8660 0.0000
vn -0.5000 -0.8660 0.0000
vn -0.5000 -0.8660 0.0000
vn 0.2588 -0.0000 -0.9659
vn 0.2588 -0.0000 -0.9659
vn 0.2588 -0.0000 -0.9659
vn 0.9659 -0.0000 -0.2588
vn 0.9659 0.0000 -0.2588
vn 0.9659 -0.0000 -0.2588
vn -0.8660 0.0000 -0.5000
vn -0.8660 0.0000 -0.5000
vn -0.8660 0.0000 -0.5000
vn -0.7071 0.0000 -0.7071
vn -0.7071 0.0000 -0.7071
vn -0.7071 0.0000 -0.7071
vn 0.0000 0.0000 -1.0000
vn 0.0000 0.0000 -1.0000
vn 0.0000 0.0000 -1.0000
vn 0.0000 -1.0000 -0.0000
vn 0.0000 -1.0000 -0.0000
vn 0.0000 -1.0000 -0.0000
vn -0.5000 0.8660 -0.0000
vn -0.5000 0.8660 -0.0000
vn -0.5000 0.8660 -0.0000
vn 0.5000 0.0000 -0.8660
vn 0.5000 0.0000 -0.8660
vn 0.5000 0.0000 -0.8660
vn 1.0000 0.0000 -0.0000
vn 1.0000 0.0000 -0.0000
vn 1.0000 0.0000 -0.0000
vn -0.8660 0.5000 -0.0000
vn -0.8660 0.5000 -0.0000
vn -0.8660 0.5000 -0.0000
vn -0.5000 -0.8660 0.0000
vn -0.5000 -0.8660 0.0000
vn -0.5000 -0.8660 0.0000
vn -0.5000 -0.8660 -0.0000
vn -0.5000 -0.8660 -0.0000
vn -0.5000 -0.8660 -0.0000
vn -0.9659 -0.0000 -0.2588
vn -0.9659 -0.0000 -0.2588
vn -0.9659 0.0000 -0.2588
vn 1.0000 0.0000 -0.0000
vn 1.0000 0.0000 -0.0000
vn 1.0000 0.0000 -0.0000
vn 0.2588 0.0000 -0.9659
vn 0.2588 -0.0000 -0.9659
vn 0.2588 0.0000 -0.9659
vn -0.8660 0.0000 -0.5000
vn -0.8660 0.0000 -0.5000
vn -0.8660 0.0000 -0.5000
vn -0.5000 0.8660 -0.0000
vn -0.5000 0.8660 -0.0000
vn -0.5000 0.8660 -0.0000
vn 0.0000 0.0000 -1.0000
vn 0.0000 0.0000 -1.0000
vn 0.0000 0.0000 -1.0000
vn 1.0000 0.0000 -0.0000
vn 1.0000 0.0000 -0.0000
vn 1.0000 0.0000 -0.0000
vn 0.7071 -0.0000 -0.7071
vn 0.7071 -0.0000 -0.7071
vn 0.7071 0.0000 -0.7071
vn 0.9659 0.0000 -0.2588
vn 0.9659 0.0000 -0.2588
vn 0.9659 0.0000 -0.2588
vn -0.5000 0.0000 -0.8660
vn -0.5000 0.0000 -0.8660
vn -0.5000 0.0000 -0.8660
vn -0.5000 -0.0000 -0.8660
vn -0.5000 -0.0000 -0.8660
vn -0.5000 -0.0000 -0.8660
vn 0.8660 0.0000 -0.5000
vn 0.8660 0.0000 -0.5000
vn 0.8660 0.0000 -0.5000
vn -0.5000 0.8660 -0.0000
vn -0.5000 0.8660 -0.0000
vn -0.5000 0.8660 -0.0000
vn -0.8660 -0.5000 0.0000
vn -0.8660 -0.5000 0.0000
vn -0.8660 -0.5000 0.0000
vn 0.7071 0.0000 -0.7071
vn 0.7071 0.0000 -0.7071
vn 0.7071 0.0000 -0.7071
vn -0.9659 -0.0000 -0.2588
vn -0.9659 0.0000 -0.2588
vn -0.9659 -0.0000 -0.2588
vn 0.7071 0.0000 -0.7071
vn 0.7071 0.0000 -0.7071
vn 0.7071 0.0000 -0.7071
vn -0.9659 0.0000 -0.2588
vn -0.9659 0.0000 -0.2588
vn -0.9659 0.0000 -0.2588
vn -0.0000 -1.0000 0.0000
vn -0.0000 -1.0000 0.0000
vn -0.0000 -1.0000 0.0000
vn -0.5000 0.8660 -0.0000
vn -0.5000 0.8660 -0.0000
vn -0.5000 0.8660 -0.0000
vn -0.8660 -0.5000 -0.0000
vn -0.8660 -0.5000 -0.0000
vn -0.8660 -0.5000 -0.0000
vn -0.8660 -0.0000 -0.5000
vn -0.8660 -0.0000 -0.5000
vn -0.8660 0.0000 -0.5000
vn -0.0000 -1.0000 0.0000
vn -0.0000 -1.0000 0.0000
vn -0.0000 -1.0000 0.0000
vn -0.2588 0.0000 -0.9659
vn -0.2588 0.0000 -0.9659
vn -0.2588 0.0000 -0.9659
vn 0.2588 0.0000 -0.9659
vn 0.2588 0.0000 -0.9659
vn 0.2588 0.0000 -0.9659
vn -0.8660 0.5000 -0.0000
vn -0.8660 0.5000 -0.0000
vn -0.8660 0.5000 -0.0000
vn -0.5000 -0.8660 -0.0000
vn -0.5000 -0.8660 -0.0000
vn -0.5000 -0.8660 -0.0000
vn 0.4324 0.1008 -0.8961
vn 0.4324 0.1008 -0.8961
vn 0.4324 0.1008 -0.8961
vn -0.7098 0.3238 -0.6256
vn -0.7098 0.3238 -0.6256
vn -0.7098 0.3238 -0.6256
vn -0.9687 -0.1963 -0.1522
vn -0.9687 -0.1963 -0.1522
vn -0.9687 -0.1963 -0.1522
vn -0.2841 -0.9092 -0.3044
vn -0.2841 -0.9092 -0.3044
vn -0.2841 -0.9092 -0.3044
vn -0.3986 0.4007 -0.8249
vn -0.3986 0.4007 -0.8249
vn -0.3986 0.4007 -0.8249
vn -0.7233 -0.6382 -0.2636
vn -0.7233 -0.6382 -0.2636
vn -0.7233 -0.6382 -0.2636
vn -0.2312 0.9365 0.2636
vn -0.2312 0.9365 0.2636
vn -0.2312 0.9365 0.2636
vn -0.6845 0.7129 0.1522
vn -0.6845 0.7129 0.1522
vn -0.6845 0.7129 0.1522
vn 0.8010 -0.0507 -0.5965
vn 0.8010 -0.0507 -0.5965
vn 0.8010 -0.0507 -0.5965
vn 0.4841 -0.0999 -0.8693
vn 0.6662 0.0411 -0.7447
vn 0.5429 -0.0578 -0.8378
vn -0.7171 0.5797 -0.3869
vn -0.7245 0.5801 -0.3723
vn -0.7303 0.5803 -0.3605
vn -0.7233 -0.6382 -0.2636
vn -0.7233 -0.6382 -0.2636
vn -0.7233 -0.6382 -0.2636
vn -0.6166 0.4308 -0.6589
vn -0.6107 0.4163 -0.6736
vn -0.6210 0.4417 -0.6475
vn -0.1593 0.3578 -0.9201
vn -0.1593 0.3578 -0.9201
vn -0.1593 0.3578 -0.9201
vn -0.2841 -0.9092 -0.3044
vn -0.2841 -0.9092 -0.3044
vn -0.2841 -0.9092 -0.3044
vn -0.2312 0.9365 0.2636
vn -0.2312 0.9365 0.2636
vn -0.2312 0.9365 0.2636
vn 0.9454 -0.2129 -0.2465
vn 0.9454 -0.2129 -0.2465
vn 0.9454 -0.2129 -0.2465
vn -0.6107 0.4163 -0.6736
vn -0.6107 0.4163 -0.6736
vn -0.6107 0.4163 -0.6736
vn -0.6107 0.4163 -0.6736
vn -0.6107 0.4163 -0.6736
vn -0.6107 0.4163 -0.6736
vn -0.3986 0.4007 -0.8249
vn -0.3986 0.4007 -0.8249
vn -0.3986 0.4007 -0.8249
vn -0.2841 -0.9092 -0.3044
vn -0.2841 -0.9092 -0.3044
vn -0.2841 -0.9092 -0.3044
vn -0.2312 0.9365 0.2636
vn -0.2312 0.9365 0.2636
vn -0.2312 0.9365 0.2636
vn -0.6845 0.7129 0.1522
vn -0.6845 0.7129 0.1522
vn -0.6845 0.7129 0.1522
vn -0.7233 -0.6382 -0.2636
vn -0.7233 -0.6382 -0.2636
vn -0.7233 -0.6382 -0.2636
vn -0.7812 0.4036 -0.4763
vn -0.7812 0.4036 -0.4763
vn -0.7812 0.4036 -0.4763
vn -0.2841 -0.9092 -0.3044
vn -0.2841 -0.9092 -0.3044
vn -0.2841 -0.9092 -0.3044
vn -0.7812 0.4036 -0.4763
vn -0.7812 0.4036 -0.4763
vn -0.7812 0.4036 -0.4763
vn 0.3347 0.2034 -0.9201
vn 0.3347 0.2034 -0.9201
vn 0.3347 0.2034 -0.9201
vn -0.8985 0.3633 -0.2465
vn -0.8985 0.3633 -0.2465
vn -0.8985 0.3633 -0.2465
vn 0.0908 0.2905 -0.9526
vn 0.0908 0.2905 -0.9526
vn 0.0908 0.2905 -0.9526
vn 0.9545 -0.2983 0.0000
vn 0.9545 -0.2983 -0.0000
vn 0.9545 -0.2983 -0.0000
vn -0.2312 0.9365 0.2636
vn -0.2312 0.9365 0.2636
vn -0.2312 0.9365 0.2636
vn 0.9454 -0.2129 -0.2465
vn 0.9454 -0.2129 -0.2465
vn 0.9454 -0.2129 -0.2465
vn 0.9545 -0.2983 0.0000
vn 0.9545 -0.2983 0.0000
vn 0.9545 -0.2983 0.0000
vn 0.9545 -0.2983 -0.0000
vn 0.9545 -0.2983 -0.0000
vn 0.9545 -0.2983 -0.0000
vn 0.9545 -0.2983 -0.0000
vn 0.9545 -0.2983 -0.0000
vn 0.9545 -0.2983 -0.0000
vn -0.6845 0.7129 0.1522
vn -0.6845 0.7129 0.1522
vn -0.6845 0.7129 0.1522
vn 0.9454 -0.2129 -0.2465
vn 0.9454 -0.2129 -0.2465
vn 0.9454 -0.2129 -0.2465
vn 0.0908 0.2905 -0.9526
vn 0.0908 0.2905 -0.9526
vn 0.0908 0.2905 -0.9526
vn 0.8720 -0.1131 -0.4763
vn 0.8720 -0.1131 -0.4763
vn 0.8720 -0.1131 -0.4763
vn 0.0908 0.2905 -0.9526
vn 0.0908 0.2905 -0.9526
vn 0.0908 0.2905 -0.9526
vn -0.2312 0.9365 0.2636
vn -0.2312 0.9365 0.2636
vn -0.2312 0.9365 0.2636
vn -0.2312 0.9365 0.2636
vn -0.2312 0.9365 0.2636
vn -0.2312 0.9365 0.2636
vn -0.7233 -0.6382 -0.2636
vn -0.7233 -0.6382 -0.2636
vn -0.7233 -0.6382 -0.2636
vn -0.3986 0.4007 -0.8249
vn -0.3986 0.4007 -0.8249
vn -0.3986 0.4007 -0.8249
vn -0.0901 0.3606 -0.9284
vn -0.0833 0.3649 -0.9273
vn -0.1119 0.3467 -0.9313
vn -0.9687 -0.1963 -0.1522
vn -0.9687 -0.1963 -0.1522
vn -0.9687 -0.1963 -0.1522
vn -0.7233 -0.6382 -0.2636
vn -0.7233 -0.6382 -0.2636
vn -0.7233 -0.6382 -0.2636
vn -0.7812 0.4036 -0.4763
vn -0.7812 0.4036 -0.4763
vn -0.7812 0.4036 -0.4763
vn 0.8720 -0.1131 -0.4763
vn 0.8720 -0.1131 -0.4763
vn 0.8720 -0.1131 -0.4763
vn 0.5559 0.1024 -0.8249
vn 0.5559 0.1024 -0.8249
vn 0.5559 0.1024 -0.8249
vn -0.3986 0.4007 -0.8249
vn -0.3986 0.4007 -0.8249
vn -0.3986 0.4007 -0.8249
vn 0.9545 -0.2983 -0.0000
vn 0.9545 -0.2983 0.0000
vn 0.9545 -0.2983 0.0000
vn -0.9687 -0.1963 -0.1522
vn -0.9687 -0.1963 -0.1522
vn -0.9687 -0.1963 -0.1522
vn -0.2841 -0.9092 -0.3044
vn -0.2841 -0.9092 -0.3044
vn -0.2841 -0.9092 -0.3044
vn 0.7391 -0.0055 -0.6736
vn 0.7391 -0.0055 -0.6736
vn 0.7391 -0.0055 -0.6736
vn 0.8720 -0.1131 -0.4763
vn 0.8720 -0.1131 -0.4763
vn 0.8720 -0.1131 -0.4763
vn -0.1593 0.3578 -0.9201
vn -0.1593 0.3578 -0.9201
vn -0.1593 0.3578 -0.9201
vn -0.3986 0.4007 -0.8249
vn -0.3986 0.4007 -0.8249
vn -0.3986 0.4007 -0.8249
vn -0.2841 -0.9092 -0.3044
vn -0.2841 -0.9092 -0.3044
vn -0.2841 -0.9092 -0.3044
vn 0.3347 0.2034 -0.9201
vn 0.3347 0.2034 -0.9201
vn 0.3347 0.2034 -0.9201
vn -0.8985 0.3633 -0.2465
vn -0.8985 0.3633 -0.2465
vn -0.8985 0.3633 -0.2465
vn -0.7812 0.4036 -0.4763
vn -0.7812 0.4036 -0.4763
vn -0.7812 0.4036 -0.4763
vn -0.3986 0.4007 -0.8249
vn -0.3986 0.4007 -0.8249
vn -0.3986 0.4007 -0.8249
vn 0.3347 0.2034 -0.9201
vn 0.3347 0.2034 -0.9201
vn 0.3347 0.2034 -0.9201
vn 0.3347 0.2034 -0.9201
vn 0.3347 0.2034 -0.9201
vn 0.3347 0.2034 -0.9201
vn 0.7391 -0.0055 -0.6736
vn 0.7391 -0.0055 -0.6736
vn 0.7391 -0.0055 -0.6736
vn 0.8720 -0.1131 -0.4763
vn 0.8720 -0.1131 -0.4763
vn 0.8720 -0.1131 -0.4763
vn -0.8985 0.3633 -0.2465
vn -0.8985 0.3633 -0.2465
vn -0.8985 0.3633 -0.2465
vn -0.1593 0.3578 -0.9201
vn -0.1593 0.3578 -0.9201
vn -0.1593 0.3578 -0.9201
vn -0.8985 0.3633 -0.2465
vn -0.8985 0.3633 -0.2465
vn -0.8985 0.3633 -0.2465
vn -0.6845 0.7129 0.1522
vn -0.6845 0.7129 0.1522
vn -0.6845 0.7129 0.1522
vn 0.3347 0.2034 -0.9201
vn 0.3347 0.2034 -0.9201
vn 0.3347 0.2034 -0.9201
vn -0.6845 0.7129 0.1522
vn -0.6845 0.7129 0.1522
vn -0.6845 0.7129 0.1522
vn 0.7391 -0.0055 -0.6736
vn 0.7391 -0.0055 -0.6736
vn 0.7391 -0.0055 -0.6736
vn 0.9454 -0.2129 -0.2465
vn 0.9454 -0.2129 -0.2465
vn 0.9454 -0.2129 -0.2465
vn -0.7233 -0.6382 -0.2636
vn -0.7233 -0.6382 -0.2636
vn -0.7233 -0.6382 -0.2636
vn 0.9454 -0.2129 -0.2465
vn 0.9454 -0.2129 -0.2465
vn 0.9454 -0.2129 -0.2465
vn -0.9687 -0.1963 -0.1522
vn -0.9687 -0.1963 -0.1522
vn -0.9687 -0.1963 -0.1522
vn -0.7812 0.4036 -0.4763
vn -0.7812 0.4036 -0.4763
vn -0.7812 0.4036 -0.4763
vn -0.6845 0.7129 0.1522
vn -0.6845 0.7129 0.1522
vn -0.6845 0.7129 0.1522
vn 0.9454 -0.2129 -0.2465
vn 0.9454 -0.2129 -0.2465
vn 0.9454 -0.2129 -0.2465
vn 0.0908 0.2905 -0.9526
vn 0.0908 0.2905 -0.9526
vn 0.0908 0.2905 -0.9526
vn 0.5559 0.1024 -0.8249
vn 0.5559 0.1024 -0.8249
vn 0.5559 0.1024 -0.8249
vn -0.6107 0.4163 -0.6736
vn -0.6107 0.4163 -0.6736
vn -0.6107 0.4163 -0.6736
vn -0.8985 0.3633 -0.2465
vn -0.8985 0.3633 -0.2465
vn -0.8985 0.3633 -0.2465
vn -0.9687 -0.1963 -0.1522
vn -0.9687 -0.1963 -0.1522
vn -0.9687 -0.1963 -0.1522
vn 0.7391 -0.0055 -0.6736
vn 0.7391 -0.0055 -0.6736
vn 0.7391 -0.0055 -0.6736
vn 0.7391 -0.0055 -0.6736
vn 0.7391 -0.0055 -0.6736
vn 0.7391 -0.0055 -0.6736
vn -0.1593 0.3578 -0.9201
vn -0.1593 0.3578 -0.9201
vn -0.1593 0.3578 -0.9201
vn 0.9545 -0.2983 0.0000
vn 0.9545 -0.2983 -0.0000
vn 0.9545 -0.2983 -0.0000
vn -0.9687 -0.1963 -0.1522
vn -0.9687 -0.1963 -0.1522
vn -0.9687 -0.1963 -0.1522
vn 0.5559 0.1024 -0.8249
vn 0.5559 0.1024 -0.8249
vn 0.5559 0.1024 -0.8249
vn 0.3347 0.2034 -0.9201
vn 0.3347 0.2034 -0.9201
vn 0.3347 0.2034 -0.9201
vn -0.8985 0.3633 -0.2465
vn -0.8985 0.3633 -0.2465
vn -0.8985 0.3633 -0.2465
vn 0.5394 0.1816 -0.8222
vn 0.4810 0.1394 -0.8656
vn 0.5212 0.1683 -0.8367
vn -0.3083 0.3612 -0.8800
vn -0.3083 0.3612 -0.8800
vn -0.3083 0.3612 -0.8800
vn -0.5000 0.8660 -0.0000
vn -0.5000 0.8660 -0.0000
vn -0.5000 0.8660 -0.0000
vn -0.8660 0.5000 -0.0000
vn -0.8660 0.5000 -0.0000
vn -0.8660 0.5000 -0.0000
vn 0.0000 -1.0000 -0.0000
vn 0.0000 -1.0000 -0.0000
vn 0.0000 -1.0000 -0.0000
vn -0.5000 0.0000 -0.8660
vn -0.5000 0.0000 -0.8660
vn -0.5000 0.0000 -0.8660
vn -0.5000 -0.8660 -0.0000
vn -0.5000 -0.8660 -0.0000
vn -0.5000 -0.8660 -0.0000
vn -0.8660 -0.5000 0.0000
vn -0.8660 -0.5000 0.0000
vn -0.8660 -0.5000 0.0000
vn 0.4513 -0.0112 -0.8923
vn 0.5559 0.1024 -0.8249
vn 0.3711 -0.0900 -0.9242
vn -0.5287 0.6878 -0.4974
vn -0.5287 0.6878 -0.4974
vn -0.5287 0.6878 -0.4974
vn 0.1486 0.1242 -0.9811
vn 0.0908 0.2905 -0.9526
vn 0.1752 0.0412 -0.9837
vn -0.2588 0.0000 -0.9659
vn -0.2588 0.0000 -0.9659
vn -0.2588 0.0000 -0.9659
vn -0.5239 0.3341 -0.7835
vn -0.7048 0.2798 -0.6519
vn -0.4903 0.3417 -0.8018
vn -0.4719 -0.2429 -0.8475
vn -0.4719 -0.2429 -0.8475
vn -0.4719 -0.2429 -0.8475
vn 0.5559 0.1024 -0.8249
vn 0.5559 0.1024 -0.8249
vn 0.5559 0.1024 -0.8249
vn -0.5308 0.6895 -0.4927
vn -0.2740 0.7213 -0.6361
vn -0.5851 0.6731 -0.4523
vn 0.7896 0.2138 -0.5752
vn 0.7896 0.2138 -0.5752
vn 0.7896 0.2138 -0.5752
vn -0.1593 0.3578 -0.9201
vn -0.1593 0.3578 -0.9201
vn -0.1593 0.3578 -0.9201
vn 0.2524 -0.2293 -0.9401
vn 0.2524 -0.2293 -0.9401
vn 0.2524 -0.2293 -0.9401
vn 0.2588 -0.0000 -0.9659
vn 0.2588 -0.0000 -0.9659
vn 0.2588 -0.0000 -0.9659
vn -0.7522 0.5237 -0.3999
vn -0.7522 0.5237 -0.3999
vn -0.7522 0.5237 -0.3999
vn -0.8542 -0.1752 0.4896
vn -0.4316 -0.7716 -0.4673
vn 0.1443 -0.9012 0.4086
vn -0.8542 -0.1752 0.4896
vn -0.8342 0.4017 -0.3779
vn -0.4316 -0.7716 -0.4673
vn -0.0000 -0.5740 -0.8189
vn -0.0000 -0.5740 -0.8189
vn 0.0000 -0.5740 -0.8189
vn -0.8660 -0.2870 -0.4094
vn -0.8660 -0.2870 -0.4094
vn -0.8660 -0.2870 -0.4094
vn -0.8660 0.2870 0.4094
vn -0.8660 0.2870 0.4094
vn -0.8660 0.2870 0.4094
vn -0.5000 0.4971 0.7092
vn -0.5000 0.4971 0.7092
vn -0.5000 0.4971 0.7092
vn -0.5000 -0.4971 -0.7092
vn -0.5000 -0.4971 -0.7092
vn -0.5000 -0.4971 -0.7092
vn -0.5000 0.7092 -0.4971
vn -0.5000 0.7092 -0.4971
vn -0.5000 0.7092 -0.4971
vn 0.7797 0.5128 -0.3594
vn 0.7797 0.5128 -0.3594
vn 0.7797 0.5128 -0.3594
vn 0.4919 0.5653 -0.6622
vn 0.6236 0.6402 -0.4487
vn 0.5354 0.5921 -0.6023
vn -0.2588 0.7910 -0.5544
vn -0.2588 0.7910 -0.5544
vn -0.2588 0.7910 -0.5544
vn 0.9659 0.2119 -0.1486
vn 0.9659 0.2119 -0.1486
vn 0.9659 0.2119 -0.1486
vn -0.9659 0.2119 -0.1486
vn -0.9659 0.2119 -0.1486
vn -0.9659 0.2119 -0.1486
vn -0.5000 0.7092 -0.4971
vn -0.5000 0.7092 -0.4971
vn -0.5000 0.7092 -0.4971
vn -0.5000 0.7092 -0.4971
vn -0.5000 0.7092 -0.4971
vn -0.5000 0.7092 -0.4971
vn -0.8660 0.2870 0.4094
vn -0.8660 0.2870 0.4094
vn -0.8660 0.2870 0.4094
vn -0.5000 -0.4971 -0.7092
vn -0.5000 -0.4971 -0.7092
vn -0.5000 -0.4971 -0.7092
vn 0.8660 0.4094 -0.2870
vn 0.8660 0.4094 -0.2870
vn 0.8660 0.4094 -0.2870
vn -0.8660 0.4094 -0.2870
vn -0.8660 0.4094 -0.2870
vn -0.8660 0.4094 -0.2870
vn -0.5000 0.7092 -0.4971
vn -0.5000 0.7092 -0.4971
vn -0.5000 0.7092 -0.4971
vn -0.7071 0.5790 -0.4059
vn -0.7071 0.5790 -0.4059
vn -0.7071 0.5790 -0.4059
vn -0.0000 0.8189 -0.5740
vn -0.0000 0.8189 -0.5740
vn -0.0000 0.8189 -0.5740
vn -0.5000 0.7092 -0.4971
vn -0.5000 0.7092 -0.4971
vn -0.5000 0.7092 -0.4971
vn -0.0000 -0.5740 -0.8189
vn -0.0000 -0.5740 -0.8189
vn -0.0000 -0.5740 -0.8189
vn -0.7071 0.5790 -0.4059
vn -0.7071 0.5790 -0.4059
vn -0.7071 0.5790 -0.4059
vn -0.5000 -0.4971 -0.7092
vn -0.5000 -0.4971 -0.7092
vn -0.5000 -0.4971 -0.7092
vn -0.2588 0.7910 -0.5544
vn -0.2588 0.7910 -0.5544
vn -0.2588 0.7910 -0.5544
vn 0.5000 0.7092 -0.4971
vn 0.5000 0.7092 -0.4971
vn 0.5000 0.7092 -0.4971
vn -0.8660 0.2870 0.4094
vn -0.8660 0.2870 0.4094
vn -0.8660 0.2870 0.4094
vn 0.2588 0.7910 -0.5544
vn 0.2588 0.7910 -0.5544
vn 0.2588 0.7910 -0.5544
vn 0.9659 0.2119 -0.1486
vn 0.9659 0.2119 -0.1486
vn 0.9659 0.2119 -0.1486
vn -0.8660 -0.2870 -0.4094
vn -0.8660 -0.2870 -0.4094
vn -0.8660 -0.2870 -0.4094
vn -0.9659 0.2119 -0.1486
vn -0.9659 0.2119 -0.1486
vn -0.9659 0.2119 -0.1486
vn -0.8660 -0.2870 -0.4094
vn -0.8660 -0.2870 -0.4094
vn -0.8660 -0.2870 -0.4094
vn -0.2588 0.7910 -0.5544
vn -0.2588 0.7910 -0.5544
vn -0.2588 0.7910 -0.5544
vn 0.7071 0.5790 -0.4059
vn 0.7071 0.5790 -0.4059
vn 0.7071 0.5790 -0.4059
vn -0.8660 0.4094 -0.2870
vn -0.8660 0.4094 -0.2870
vn -0.8660 0.4094 -0.2870
vn -0.0000 0.8189 -0.5740
vn -0.0000 0.8189 -0.5740
vn -0.0000 0.8189 -0.5740
vn 0.0000 0.8189 -0.5740
vn 0.0000 0.8189 -0.5740
vn 0.0000 0.8189 -0.5740
vn 1.0000 0.0000 -0.0000
vn 1.0000 0.0000 -0.0000
vn 1.0000 0.0000 -0.0000
vn 0.7071 0.5790 -0.4059
vn 0.7071 0.5790 -0.4059
vn 0.7071 0.5790 -0.4059
vn 0.9659 0.2119 -0.1486
vn 0.9659 0.2119 -0.1486
vn 0.9659 0.2119 -0.1486
vn -0.9659 0.2119 -0.1486
vn -0.9659 0.2119 -0.1486
vn -0.9659 0.2119 -0.1486
vn -0.5000 0.4971 0.7092
vn -0.5000 0.4971 0.7092
vn -0.5000 0.4971 0.7092
vn 0.8660 0.4094 -0.2870
vn 0.8660 0.4094 -0.2870
vn 0.8660 0.4094 -0.2870
vn -0.5000 0.4971 0.7092
vn -0.5000 0.4971 0.7092
vn -0.5000 0.4971 0.7092
vn 0.0000 -0.5740 -0.8189
vn 0.0000 -0.5740 -0.8189
vn 0.0000 -0.5740 -0.8189
vn 0.9659 0.2119 -0.1486
vn 0.9659 0.2119 -0.1486
vn 0.9659 0.2119 -0.1486
vn 1.0000 0.0000 -0.0000
vn 1.0000 0.0000 -0.0000
vn 1.0000 0.0000 -0.0000
vn 1.0000 0.0000 -0.0000
vn 1.0000 0.0000 -0.0000
vn 1.0000 0.0000 -0.0000
vn -0.5000 0.4971 0.7092
vn -0.5000 0.4971 0.7092
vn -0.5000 0.4971 0.7092
vn 0.8660 0.4094 -0.2870
vn 0.8660 0.4094 -0.2870
vn 0.8660 0.4094 -0.2870
vn -0.8660 0.2870 0.4094
vn -0.8660 0.2870 0.4094
vn -0.8660 0.2870 0.4094
vn -0.8660 0.2870 0.4094
vn -0.8660 0.2870 0.4094
vn -0.8660 0.2870 0.4094
vn -0.5000 -0.4971 -0.7092
vn -0.5000 -0.4971 -0.7092
vn -0.5000 -0.4971 -0.7092
vn -0.5000 -0.4971 -0.7092
vn -0.5000 -0.4971 -0.7092
vn -0.5000 -0.4971 -0.7092
vn -0.0000 -0.5740 -0.8189
vn -0.0000 -0.5740 -0.8189
vn -0.0000 -0.5740 -0.8189
vn 0.5000 0.7092 -0.4971
vn 0.5000 0.7092 -0.4971
vn 0.5000 0.7092 -0.4971
vn -0.9659 0.2119 -0.1486
vn -0.9659 0.2119 -0.1486
vn -0.9659 0.2119 -0.1486
vn -0.7071 0.5790 -0.4059
vn -0.7071 0.5790 -0.4059
vn -0.7071 0.5790 -0.4059
vn 0.9659 0.2119 -0.1486
vn 0.9659 0.2119 -0.1486
vn 0.9659 0.2119 -0.1486
vn -0.8660 -0.2870 -0.4094
vn -0.8660 -0.2870 -0.4094
vn -0.8660 -0.2870 -0.4094
vn 0.2588 0.7910 -0.5544
vn 0.2588 0.7910 -0.5544
vn 0.2588 0.7910 -0.5544
vn -0.5000 0.7092 -0.4971
vn -0.5000 0.7092 -0.4971
vn -0.5000 0.7092 -0.4971
vn -0.8660 0.4094 -0.2870
vn -0.8660 0.4094 -0.2870
vn -0.8660 0.4094 -0.2870
vn 0.0000 -0.5740 -0.8189
vn 0.0000 -0.5740 -0.8189
vn 0.0000 -0.5740 -0.8189
vn 0.9659 0.2119 -0.1486
vn 0.9659 0.2119 -0.1486
vn 0.9659 0.2119 -0.1486
vn -0.8660 0.2870 0.4094
vn -0.8660 0.2870 0.4094
vn -0.8660 0.2870 0.4094
vn 0.2588 0.7910 -0.5544
vn 0.2588 0.7910 -0.5544
vn 0.2588 0.7910 -0.5544
vn -0.5000 0.4971 0.7092
vn -0.5000 0.4971 0.7092
vn -0.5000 0.4971 0.7092
vn -0.5000 0.4971 0.7092
vn -0.5000 0.4971 0.7092
vn -0.5000 0.4971 0.7092
vn 0.7071 0.5790 -0.4059
vn 0.7071 0.5790 -0.4059
vn 0.7071 0.5790 -0.4059
vn 0.8660 0.4094 -0.2870
vn 0.8660 0.4094 -0.2870
vn 0.8660 0.4094 -0.2870
vn -0.9659 0.2119 -0.1486
vn -0.9659 0.2119 -0.1486
vn -0.9659 0.2119 -0.1486
vn 1.0000 0.0000 -0.0000
vn 1.0000 0.0000 -0.0000
vn 1.0000 0.0000 -0.0000
vn -0.8660 -0.2870 -0.4094
vn -0.8660 -0.2870 -0.4094
vn -0.8660 -0.2870 -0.4094
vn -0.9659 0.2119 -0.1486
vn -0.9659 0.2119 -0.1485
vn -0.9659 0.2119 -0.1486
vn 1.0000 0.0000 -0.0000
vn 1.0000 0.0000 -0.0000
vn 1.0000 0.0000 -0.0000
vn -0.2588 0.7910 -0.5544
vn -0.2588 0.7910 -0.5544
vn -0.2588 0.7910 -0.5544
vn -0.0000 -0.5740 -0.8189
vn -0.0000 -0.5740 -0.8189
vn -0.0000 -0.5740 -0.8189
vn 1.0000 0.0000 -0.0000
vn 1.0000 0.0000 -0.0000
vn 1.0000 0.0000 -0.0000
vn 0.5000 0.7092 -0.4971
vn 0.5000 0.7092 -0.4971
vn 0.5000 0.7092 -0.4971
vn -0.8660 -0.2870 -0.4094
vn -0.8660 -0.2870 -0.4094
vn -0.8660 -0.2870 -0.4094
vn -0.8660 0.4094 -0.2870
vn -0.8660 0.4094 -0.2870
vn -0.8660 0.4094 -0.2870
vn -0.1936 0.8145 -0.5469
vn -0.1883 0.8188 -0.5423
vn -0.2102 0.8006 -0.5611
vn -0.5000 -0.4971 -0.7092
vn -0.5000 -0.4971 -0.7092
vn -0.5000 -0.4971 -0.7092
vn 0.7071 0.5790 -0.4059
vn 0.7071 0.5790 -0.4059
vn 0.7071 0.5790 -0.4059
vn -0.7171 0.5797 -0.3869
vn -0.7071 0.5790 -0.4058
vn -0.7245 0.5801 -0.3723
vn 0.7071 0.5790 -0.4059
vn 0.7071 0.5790 -0.4059
vn 0.7071 0.5790 -0.4059
vn 0.2588 0.7910 -0.5544
vn 0.2588 0.7910 -0.5544
vn 0.2588 0.7910 -0.5544
vn 0.2588 0.7910 -0.5544
vn 0.2588 0.7910 -0.5544
vn 0.2588 0.7910 -0.5544
vn 0.2588 0.7910 -0.5544
vn 0.2588 0.7910 -0.5544
vn 0.2588 0.7910 -0.5544
vn -0.8660 0.4094 -0.2870
vn -0.8660 0.4094 -0.2870
vn -0.8660 0.4094 -0.2870
vn -0.0000 0.8189 -0.5740
vn 0.0000 0.8189 -0.5740
vn 0.0000 0.8189 -0.5740
vn 0.4607 0.7637 -0.4522
vn 0.4175 0.7441 -0.5216
vn 0.4473 0.7581 -0.4746
vn 0.4341 0.6388 -0.6352
vn 0.5000 0.7092 -0.4971
vn 0.3810 0.5792 -0.7206
vn -0.7098 0.6981 -0.0940
vn -0.7098 0.6981 -0.0940
vn -0.7098 0.6981 -0.0940
vn -0.5149 -0.0256 -0.8568
vn 0.0000 0.8702 -0.4928
vn 0.5708 -0.0834 -0.8168
vn 0.0853 -0.8929 -0.4421
vn -0.5149 -0.0256 -0.8568
vn 0.5708 -0.0834 -0.8168
vn -0.7071 -0.0000 -0.7071
vn -0.7071 -0.0000 -0.7071
vn -0.7071 -0.0000 -0.7071
vn -0.7171 0.0159 -0.6968
vn -0.7245 0.0281 -0.6887
vn -0.7303 0.0378 -0.6821
vn 0.1048 0.7235 -0.6823
vn 0.0000 0.8189 -0.5740
vn 0.1549 0.6683 -0.7275
vn -0.5998 0.6037 -0.5252
vn -0.7561 0.4399 -0.4845
vn -0.5698 0.6286 -0.5293
vn 0.8893 -0.2421 0.3881
vn 0.1021 0.8805 0.4629
vn 0.1255 0.1296 0.9836
vn 0.1021 0.8805 0.4629
vn -0.8467 0.2666 0.4605
vn 0.1255 0.1296 0.9836
vn -0.6583 -0.4297 -0.6181
vn -0.6673 0.6560 -0.3526
vn 0.1663 0.3430 -0.9245
vn -0.8959 -0.3155 0.3127
vn -0.6673 0.6560 -0.3526
vn -0.6583 -0.4297 -0.6181
vn 0.5000 0.7092 -0.4971
vn 0.5000 0.7092 -0.4971
vn 0.5000 0.7092 -0.4971
vn -0.7123 0.6961 -0.0896
vn -0.4767 0.8680 -0.1390
vn -0.7592 0.6463 -0.0768
vn 0.0009 0.5704 -0.8213
vn -0.1697 0.3601 -0.9173
vn -0.0667 0.4927 -0.8676
vn 0.8779 -0.1177 0.4641
vn 0.1747 -0.9649 0.1962
vn 0.9477 0.1079 -0.3005
vn 0.2898 0.9512 -0.1060
vn 0.8779 -0.1177 0.4641
vn 0.9477 0.1079 -0.3005
vn -0.6673 0.6560 -0.3526
vn 0.2102 0.7062 0.6760
vn 0.2898 0.9512 -0.1060
vn 0.2102 0.7062 0.6760
vn 0.8779 -0.1177 0.4641
vn 0.2898 0.9512 -0.1060
vn -0.2588 0.7910 -0.5544
vn -0.2588 0.7910 -0.5544
vn -0.2588 0.7910 -0.5544
vn -0.0155 -0.3243 0.9458
vn -0.6906 0.4624 0.5561
vn -0.8959 -0.3155 0.3127
vn -0.8959 -0.3155 0.3127
vn -0.6906 0.4624 0.5561
vn -0.6673 0.6560 -0.3526
vn 0.8829 0.2403 -0.4035
vn 0.1096 -0.8821 -0.4582
vn 0.0611 -0.1389 -0.9884
vn -0.8545 -0.2677 -0.4451
vn 0.0611 -0.1389 -0.9884
vn 0.1096 -0.8821 -0.4582
vn -0.8545 0.5181 -0.0363
vn -0.4450 0.0438 0.8944
vn 0.0431 0.8239 0.5651
vn -0.8372 -0.5446 0.0495
vn -0.4450 0.0438 0.8944
vn -0.8545 0.5181 -0.0363
vn 0.7896 -0.3483 -0.5052
vn 0.7896 -0.3483 -0.5052
vn 0.7896 -0.3483 -0.5052
vn -0.5000 0.8660 -0.0000
vn -0.5000 0.8660 -0.0000
vn -0.5000 0.8660 -0.0000
vn -0.5000 -0.0000 -0.8660
vn -0.5000 -0.0000 -0.8660
vn -0.5000 0.0000 -0.8660
vn 0.0000 -1.0000 -0.0000
vn 0.0000 -1.0000 -0.0000
vn 0.0000 -1.0000 -0.0000
vn -0.8660 -0.5000 0.0000
vn -0.8660 -0.5000 0.0000
vn -0.8660 -0.5000 0.0000
vn -0.5000 -0.8660 -0.0000
vn -0.5000 -0.8660 -0.0000
vn -0.5000 -0.8660 -0.0000
vn -0.8660 0.5000 -0.0000
vn -0.8660 0.5000 -0.0000
vn -0.8660 0.5000 -0.0000
vn 0.5724 0.7526 -0.3254
vn 0.0506 0.8881 0.4568
vn 0.8989 -0.3093 -0.3102
vn -0.8342 0.4017 -0.3779
vn 0.0506 0.8881 0.4568
vn 0.5724 0.7526 -0.3254
vn -0.5000 -0.8660 -0.0000
vn -0.5000 -0.8660 -0.0000
vn -0.5000 -0.8660 -0.0000
vn 0.0000 -1.0000 -0.0000
vn 0.0000 -1.0000 -0.0000
vn 0.0000 -1.0000 -0.0000
vn -0.8660 0.5000 -0.0000
vn -0.8660 0.5000 -0.0000
vn -0.8660 0.5000 -0.0000
vn -0.5000 0.8660 -0.0000
vn -0.5000 0.8660 -0.0000
vn -0.5000 0.8660 -0.0000
vn -0.8660 -0.5000 0.0000
vn -0.8660 -0.5000 -0.0000
vn -0.8660 -0.5000 0.0000
vn -0.5000 0.0000 -0.8660
vn -0.5000 0.0000 -0.8660
vn -0.5000 0.0000 -0.8660
vn 0.7797 0.0000 -0.6262
vn 0.7797 0.0000 -0.6262
vn 0.7797 0.0000 -0.6262
vn 0.4919 -0.2178 -0.8430
vn 0.6236 0.0000 -0.7818
vn 0.5354 -0.1533 -0.8305
vn 1.0000 0.0000 -0.0000
vn 1.0000 0.0000 -0.0000
vn 1.0000 0.0000 -0.0000
vn 0.5000 0.0000 -0.8660
vn 0.5000 -0.0000 -0.8660
vn 0.5000 0.0000 -0.8660
vn -0.8660 -0.0000 -0.5000
vn -0.8660 0.0000 -0.5000
vn -0.8660 0.0000 -0.5000
vn 1.0000 0.0000 -0.0000
vn 1.0000 0.0000 -0.0000
vn 1.0000 0.0000 -0.0000
vn -0.0000 -1.0000 0.0000
vn -0.0000 -1.0000 0.0000
vn -0.0000 -1.0000 0.0000
vn 0.9659 -0.0000 -0.2588
vn 0.9659 -0.0000 -0.2588
vn 0.9659 -0.0000 -0.2588
vn -0.5000 -0.8660 0.0000
vn -0.5000 -0.8660 0.0000
vn -0.5000 -0.8660 0.0000
vn 0.8660 0.0000 -0.5000
vn 0.8660 0.0000 -0.5000
vn 0.8660 0.0000 -0.5000
vn -0.5000 -0.8660 0.0000
vn -0.5000 -0.8660 0.0000
vn -0.5000 -0.8660 0.0000
vn 1.0000 0.0000 -0.0000
vn 1.0000 0.0000 -0.0000
vn 1.0000 0.0000 -0.0000
vn 0.0000 -1.0000 0.0000
vn 0.0000 -1.0000 -0.0000
vn 0.0000 -1.0000 0.0000
vn 0.2588 0.0000 -0.9659
vn 0.2588 0.0000 -0.9659
vn 0.2588 0.0000 -0.9659
vn 0.7071 0.0000 -0.7071
vn 0.7071 0.0000 -0.7071
vn 0.7071 0.0000 -0.7071
vn 0.8660 0.0000 -0.5000
vn 0.8660 -0.0000 -0.5000
vn 0.8660 -0.0000 -0.5000
vn -0.5000 0.8660 -0.0000
vn -0.5000 0.8660 -0.0000
vn -0.5000 0.8660 -0.0000
vn 0.7071 -0.0000 -0.7071
vn 0.7071 0.0000 -0.7071
vn 0.7071 -0.0000 -0.7071
vn -0.9659 0.0000 -0.2588
vn -0.9659 0.0000 -0.2588
vn -0.9659 0.0000 -0.2588
vn 0.7071 0.0000 -0.7071
vn 0.7071 0.0000 -0.7071
vn 0.7071 0.0000 -0.7071
vn -0.9659 -0.0000 -0.2588
vn -0.9659 -0.0000 -0.2588
vn -0.9659 -0.0000 -0.2588
vn -0.8660 -0.0000 -0.5000
vn -0.8660 -0.0000 -0.5000
vn -0.8660 -0.0000 -0.5000
vn -0.5000 0.0000 -0.8660
vn -0.5000 0.0000 -0.8660
vn -0.5000 0.0000 -0.8660
vn -0.2588 0.0000 -0.9659
vn -0.2588 -0.0000 -0.9659
vn -0.2588 -0.0000 -0.9659
vn 0.2588 -0.0000 -0.9659
vn 0.2588 0.0000 -0.9659
vn 0.2588 -0.0000 -0.9659
vn 0.9659 -0.0000 -0.2588
vn 0.9659 -0.0000 -0.2588
vn 0.9659 -0.0000 -0.2588
vn -0.8660 0.5000 -0.0000
vn -0.8660 0.5000 0.0000
vn -0.8660 0.5000 0.0000
vn -0.8660 0.5000 -0.0000
vn -0.8660 0.5000 -0.0000
vn -0.8660 0.5000 -0.0000
vn 0.0000 -1.0000 0.0000
vn 0.0000 -1.0000 0.0000
vn 0.0000 -1.0000 0.0000
vn 0.2588 0.0000 -0.9659
vn 0.2588 0.0000 -0.9659
vn 0.2588 0.0000 -0.9659
vn -0.5000 -0.0000 -0.8660
vn -0.5000 0.0000 -0.8660
vn -0.5000 0.0000 -0.8660
vn -0.2588 0.0000 -0.9659
vn -0.2588 0.0000 -0.9659
vn -0.2588 0.0000 -0.9659
vn 0.0000 0.0000 -1.0000
vn 0.0000 0.0000 -1.0000
vn 0.0000 0.0000 -1.0000
vn 0.2588 0.0000 -0.9659
vn 0.2588 0.0000 -0.9659
vn 0.2588 0.0000 -0.9659
vn 0.9659 -0.0000 -0.2588
vn 0.9659 -0.0000 -0.2588
vn 0.9659 -0.0000 -0.2588
vn -0.9659 0.0000 -0.2588
vn -0.9659 0.0000 -0.2588
vn -0.9659 0.0000 -0.2588
vn -0.2588 -0.0000 -0.9659
vn -0.2588 0.0000 -0.9659
vn -0.2588 -0.0000 -0.9659
vn 0.0000 0.0000 -1.0000
vn 0.0000 0.0000 -1.0000
vn 0.0000 0.0000 -1.0000
vn -0.5000 0.8660 -0.0000
vn -0.5000 0.8660 -0.0000
vn -0.5000 0.8660 -0.0000
vn 1.0000 0.0000 -0.0000
vn 1.0000 0.0000 -0.0000
vn 1.0000 0.0000 -0.0000
vn -0.8660 0.5000 -0.0000
vn -0.8660 0.5000 -0.0000
vn -0.8660 0.5000 -0.0000
vn -0.8660 -0.5000 0.0000
vn -0.8660 -0.5000 0.0000
vn -0.8660 -0.5000 0.0000
vn -0.8660 -0.5000 0.0000
vn -0.8660 -0.5000 -0.0000
vn -0.8660 -0.5000 -0.0000
vn -0.8660 -0.5000 0.0000
vn -0.8660 -0.5000 0.0000
vn -0.8660 -0.5000 0.0000
vn -0.5000 -0.8660 0.0000
vn -0.5000 -0.8660 0.0000
vn -0.5000 -0.8660 0.0000
vn 0.8660 0.0000 -0.5000
vn 0.8660 -0.0000 -0.5000
vn 0.8660 -0.0000 -0.5000
vn 0.9659 0.0000 -0.2588
vn 0.9659 0.0000 -0.2588
vn 0.9659 0.0000 -0.2588
vn -0.7071 0.0000 -0.7071
vn -0.7071 0.0000 -0.7071
vn -0.7071 0.0000 -0.7071
vn 0.0000 0.0000 -1.0000
vn 0.0000 0.0000 -1.0000
vn 0.0000 0.0000 -1.0000
vn -0.5000 0.0000 -0.8660
vn -0.5000 0.0000 -0.8660
vn -0.5000 0.0000 -0.8660
vn 0.5000 0.0000 -0.8660
vn 0.5000 0.0000 -0.8660
vn 0.5000 0.0000 -0.8660
vn 0.5000 -0.0000 -0.8660
vn 0.5000 -0.0000 -0.8660
vn 0.5000 -0.0000 -0.8660
vn -0.9659 0.0000 -0.2588
vn -0.9659 0.0000 -0.2588
vn -0.9659 0.0000 -0.2588
vn -0.8660 0.0000 -0.5000
vn -0.8660 0.0000 -0.5000
vn -0.8660 0.0000 -0.5000
vn -0.8660 -0.5000 0.0000
vn -0.8660 -0.5000 -0.0000
vn -0.8660 -0.5000 -0.0000
vn -0.7071 0.0000 -0.7071
vn -0.7071 -0.0000 -0.7071
vn -0.7071 -0.0000 -0.7071
vn 0.0000 0.0000 -1.0000
vn 0.0000 0.0000 -1.0000
vn 0.0000 0.0000 -1.0000
vn 1.0000 0.0000 -0.0000
vn 1.0000 0.0000 -0.0000
vn 1.0000 0.0000 -0.0000
vn -0.1936 0.0197 -0.9809
vn -0.1883 0.0258 -0.9818
vn -0.2102 0.0000 -0.9777
vn -0.5000 -0.8660 0.0000
vn -0.5000 -0.8660 0.0000
vn -0.5000 -0.8660 0.0000
vn 0.2588 -0.0000 -0.9659
vn 0.2588 -0.0000 -0.9659
vn 0.2588 -0.0000 -0.9659
vn -0.5000 -0.0000 -0.8660
vn -0.5000 0.0000 -0.8660
vn -0.5000 0.0000 -0.8660
vn -0.7171 0.0159 -0.6968
vn -0.7071 0.0000 -0.7071
vn -0.7245 0.0281 -0.6887
vn -0.8660 0.5000 -0.0000
vn -0.8660 0.5000 0.0000
vn -0.8660 0.5000 0.0000
vn 0.9659 -0.0000 -0.2588
vn 0.9659 -0.0000 -0.2588
vn 0.9659 -0.0000 -0.2588
vn 0.9659 0.0000 -0.2588
vn 0.9659 0.0000 -0.2588
vn 0.9659 0.0000 -0.2588
vn -0.9659 0.0000 -0.2588
vn -0.9659 0.0000 -0.2588
vn -0.9659 0.0000 -0.2588
vn -0.2588 0.0000 -0.9659
vn -0.2588 0.0000 -0.9659
vn -0.2588 0.0000 -0.9659
vn 1.0000 0.0000 -0.0000
vn 1.0000 0.0000 -0.0000
vn 1.0000 0.0000 -0.0000
vn -0.5000 0.8660 0.0000
vn -0.5000 0.8660 -0.0000
vn -0.5000 0.8660 0.0000
vn -0.9659 0.0000 -0.2588
vn -0.9659 0.0000 -0.2588
vn -0.9659 0.0000 -0.2588
vn 0.2588 -0.0000 -0.9659
vn 0.2588 -0.0000 -0.9659
vn 0.2588 -0.0000 -0.9659
vn 0.7071 -0.0000 -0.7071
vn 0.7071 0.0000 -0.7071
vn 0.7071 -0.0000 -0.7071
vn -0.5000 0.0000 -0.8660
vn -0.5000 0.0000 -0.8660
vn -0.5000 0.0000 -0.8660
vn -0.0000 -1.0000 0.0000
vn 0.0000 -1.0000 0.0000
vn -0.0000 -1.0000 0.0000
vn -0.5000 0.8660 0.0000
vn -0.5000 0.8660 -0.0000
vn -0.5000 0.8660 0.0000
vn -0.7071 -0.0000 -0.7071
vn -0.7071 -0.0000 -0.7071
vn -0.7071 -0.0000 -0.7071
vn -0.8660 -0.0000 -0.5000
vn -0.8660 -0.0000 -0.5000
vn -0.8660 -0.0000 -0.5000
vn -0.8660 0.0000 -0.5000
vn -0.8660 0.0000 -0.5000
vn -0.8660 0.0000 -0.5000
vn -0.8660 -0.5000 0.0000
vn -0.8660 -0.5000 -0.0000
vn -0.8660 -0.5000 0.0000
vn 0.7071 0.0000 -0.7071
vn 0.7071 0.0000 -0.7071
vn 0.7071 0.0000 -0.7071
vn 0.8660 0.0000 -0.5000
vn 0.8660 0.0000 -0.5000
vn 0.8660 0.0000 -0.5000
vn -0.5000 0.8660 -0.0000
vn -0.5000 0.8660 -0.0000
vn -0.5000 0.8660 -0.0000
vn -0.8660 0.5000 -0.0000
vn -0.8660 0.5000 -0.0000
vn -0.8660 0.5000 -0.0000
vn -0.5000 -0.8660 0.0000
vn -0.5000 -0.8660 0.0000
vn -0.5000 -0.8660 0.0000
vn 0.0000 -1.0000 -0.0000
vn 0.0000 -1.0000 -0.0000
vn 0.0000 -1.0000 -0.0000
vn 0.4607 0.0681 -0.8849
vn 0.4175 0.0000 -0.9087
vn 0.4473 0.0464 -0.8932
vn 0.4341 -0.1535 -0.8877
vn 0.5000 0.0000 -0.8660
vn 0.3810 -0.2577 -0.8879
vn -0.7098 0.3238 -0.6256
vn -0.7098 0.3238 -0.6256
vn -0.7098 0.3238 -0.6256
vn 0.1645 -0.7759 0.6091
vn -0.8372 -0.5446 0.0495
vn 0.0853 -0.8929 -0.4421
vn -0.8372 -0.5446 0.0495
vn -0.5149 -0.0256 -0.8568
vn 0.0853 -0.8929 -0.4421
vn 0.0000 0.8702 -0.4928
vn 0.0431 0.8239 0.5651
vn 0.8663 0.4992 -0.0191
vn 0.0431 0.8239 0.5651
vn 0.8411 -0.2254 0.4917
vn 0.8663 0.4992 -0.0191
vn 0.1048 -0.1435 -0.9841
vn 0.0000 0.0000 -1.0000
vn 0.1549 -0.2122 -0.9649
vn -0.1693 0.9308 -0.3240
vn -0.2694 0.7886 -0.5527
vn -0.2106 0.8837 -0.4179
vn -0.5998 -0.0835 -0.7958
vn -0.7561 -0.1443 -0.6383
vn -0.5698 -0.0727 -0.8185
vn 0.5000 0.0000 -0.8660
vn 0.5000 0.0000 -0.8660
vn 0.5000 0.0000 -0.8660
vn -0.7123 0.3261 -0.6215
vn -0.4767 0.3844 -0.7906
vn -0.7592 0.3081 -0.5733
vn -0.2588 0.0000 -0.9659
vn -0.2588 0.0000 -0.9659
vn -0.2588 0.0000 -0.9659
vn -0.7171 0.0159 -0.6968
vn -0.7245 0.0281 -0.6887
vn -0.7303 0.0378 -0.6821
vn -0.8545 -0.2677 -0.4451
vn -0.8467 0.2666 0.4605
vn -0.5963 0.6616 -0.4547
vn -0.8545 -0.2677 -0.4451
vn -0.5973 -0.6569 0.4600
vn -0.8467 0.2666 0.4605
vn 0.8893 -0.2421 0.3881
vn 0.1096 -0.8821 -0.4582
vn 0.8829 0.2403 -0.4035
vn 0.8829 0.2403 -0.4035
vn 0.1021 0.8805 0.4629
vn 0.8893 -0.2421 0.3881
vn 0.7896 -0.3483 -0.5052
vn 0.7896 -0.3483 -0.5052
vn 0.7896 -0.3483 -0.5052
vn 0.3003 0.0227 0.9536
vn -0.8542 -0.1752 0.4896
vn 0.1443 -0.9012 0.4086
vn 0.3003 0.0227 0.9536
vn 0.1443 -0.9012 0.4086
vn 0.8989 -0.3093 -0.3102
vn -0.1693 0.2689 -0.9482
vn -0.2694 0.0000 -0.9630
vn -0.2106 0.1650 -0.9635
vn 0.1255 0.1296 0.9836
vn -0.5973 -0.6569 0.4600
vn 0.1279 -0.8796 0.4581
vn -0.5973 -0.6569 0.4600
vn 0.1096 -0.8821 -0.4582
vn 0.1279 -0.8796 0.4581
vn -0.5963 0.6616 -0.4547
vn 0.1317 0.8763 -0.4634
vn 0.0611 -0.1389 -0.9884
vn -0.5963 0.6616 -0.4547
vn 0.1021 0.8805 0.4629
vn 0.1317 0.8763 -0.4634
vn -0.4316 -0.7716 -0.4673
vn -0.8342 0.4017 -0.3779
vn -0.0902 0.0559 -0.9944
vn -0.0902 0.0559 -0.9944
vn -0.8342 0.4017 -0.3779
vn 0.5724 0.7526 -0.3254
vn -0.8660 -0.5000 0.0000
vn -0.8660 -0.5000 -0.0000
vn -0.8660 -0.5000 0.0000
vn -0.5000 -0.8660 -0.0000
vn -0.5000 -0.8660 -0.0000
vn -0.5000 -0.8660 -0.0000
vn 0.0000 -1.0000 -0.0000
vn 0.0000 -1.0000 -0.0000
vn 0.0000 -1.0000 -0.0000
vn -0.5000 -0.0000 -0.8660
vn -0.5000 -0.0000 -0.8660
vn -0.5000 -0.0000 -0.8660
vn -0.5000 0.8660 -0.0000
vn -0.5000 0.8660 -0.0000
vn -0.5000 0.8660 -0.0000
vn -0.8660 0.5000 -0.0000
vn -0.8660 0.5000 -0.0000
vn -0.8660 0.5000 -0.0000
vn 0.7797 0.0000 -0.6262
vn 0.7797 0.0000 -0.6262
vn 0.7797 0.0000 -0.6262
vn 0.4919 -0.2178 -0.8430
vn 0.6236 0.0000 -0.7818
vn 0.5354 -0.1533 -0.8305
vn -0.5000 0.8660 -0.0000
vn -0.5000 0.8660 -0.0000
vn -0.5000 0.8660 -0.0000
vn 0.5000 0.0000 -0.8660
vn 0.5000 0.0000 -0.8660
vn 0.5000 0.0000 -0.8660
vn 0.9659 0.0000 -0.2588
vn 0.9659 0.0000 -0.2588
vn 0.9659 0.0000 -0.2588
vn 0.7071 0.0000 -0.7071
vn 0.7071 0.0000 -0.7071
vn 0.7071 0.0000 -0.7071
vn -0.8660 0.5000 -0.0000
vn -0.8660 0.5000 0.0000
vn -0.8660 0.5000 -0.0000
vn -0.8660 -0.5000 -0.0000
vn -0.8660 -0.5000 -0.0000
vn -0.8660 -0.5000 -0.0000
vn -0.8660 0.5000 -0.0000
vn -0.8660 0.5000 -0.0000
vn -0.8660 0.5000 -0.0000
vn 0.8660 -0.0000 -0.5000
vn 0.8660 -0.0000 -0.5000
vn 0.8660 -0.0000 -0.5000
vn 0.2588 -0.0000 -0.9659
vn 0.2588 -0.0000 -0.9659
vn 0.2588 -0.0000 -0.9659
vn 0.0000 0.0000 -1.0000
vn 0.0000 0.0000 -1.0000
vn 0.0000 0.0000 -1.0000
vn 0.0000 0.0000 -1.0000
vn 0.0000 0.0000 -1.0000
vn 0.0000 0.0000 -1.0000
vn -0.1936 0.0197 -0.9809
vn -0.1883 0.0258 -0.9818
vn -0.2102 0.0000 -0.9777
vn -0.5000 0.8660 -0.0000
vn -0.5000 0.8660 -0.0000
vn -0.5000 0.8660 -0.0000
vn 1.0000 0.0000 -0.0000
vn 1.0000 0.0000 -0.0000
vn 1.0000 0.0000 -0.0000
vn -0.9659 0.0000 -0.2588
vn -0.9659 0.0000 -0.2588
vn -0.9659 0.0000 -0.2588
vn -0.8660 -0.5000 -0.0000
vn -0.8660 -0.5000 -0.0000
vn -0.8660 -0.5000 -0.0000
vn -0.9659 -0.0000 -0.2588
vn -0.9659 0.0000 -0.2588
vn -0.9659 0.0000 -0.2588
vn -0.7071 0.0000 -0.7071
vn -0.7071 0.0000 -0.7071
vn -0.7071 0.0000 -0.7071
vn 0.2588 0.0000 -0.9659
vn 0.2588 0.0000 -0.9659
vn 0.2588 0.0000 -0.9659
vn 0.2588 0.0000 -0.9659
vn 0.2588 -0.0000 -0.9659
vn 0.2588 -0.0000 -0.9659
vn -0.2588 -0.0000 -0.9659
vn -0.2588 0.0000 -0.9659
vn -0.2588 0.0000 -0.9659
vn -0.8660 0.0000 -0.5000
vn -0.8660 0.0000 -0.5000
vn -0.8660 0.0000 -0.5000
vn -0.9659 0.0000 -0.2588
vn -0.9659 0.0000 -0.2588
vn -0.9659 0.0000 -0.2588
vn -0.5000 0.8660 -0.0000
vn -0.5000 0.8660 -0.0000
vn -0.5000 0.8660 -0.0000
vn -0.5000 0.8660 0.0000
vn -0.5000 0.8660 -0.0000
vn -0.5000 0.8660 0.0000
vn -0.5000 -0.8660 -0.0000
vn -0.5000 -0.8660 -0.0000
vn -0.5000 -0.8660 -0.0000
vn -0.5000 -0.8660 0.0000
vn -0.5000 -0.8660 0.0000
vn -0.5000 -0.8660 0.0000
vn 0.2588 0.0000 -0.9659
vn 0.2588 0.0000 -0.9659
vn 0.2588 0.0000 -0.9659
vn 0.8660 0.0000 -0.5000
vn 0.8660 0.0000 -0.5000
vn 0.8660 0.0000 -0.5000
vn -0.9659 -0.0000 -0.2588
vn -0.9659 -0.0000 -0.2588
vn -0.9659 -0.0000 -0.2588
vn 1.0000 0.0000 -0.0000
vn 1.0000 0.0000 -0.0000
vn 1.0000 0.0000 -0.0000
vn -0.0000 -1.0000 0.0000
vn -0.0000 -1.0000 0.0000
vn -0.0000 -1.0000 0.0000
vn -0.5000 -0.0000 -0.8660
vn -0.5000 -0.0000 -0.8660
vn -0.5000 -0.0000 -0.8660
vn -0.5000 -0.8660 0.0000
vn -0.5000 -0.8660 -0.0000
vn -0.5000 -0.8660 0.0000
vn 0.2588 0.0000 -0.9659
vn 0.2588 0.0000 -0.9659
vn 0.2588 0.0000 -0.9659
vn 0.9659 0.0000 -0.2588
vn 0.9659 -0.0000 -0.2588
vn 0.9659 -0.0000 -0.2588
vn -0.2588 0.0000 -0.9659
vn -0.2588 -0.0000 -0.9659
vn -0.2588 -0.0000 -0.9659
vn 1.0000 0.0000 -0.0000
vn 1.0000 0.0000 -0.0000
vn 1.0000 0.0000 -0.0000
vn -0.7171 0.0159 -0.6968
vn -0.7071 0.0000 -0.7071
vn -0.7245 0.0281 -0.6887
vn 0.8660 0.0000 -0.5000
vn 0.8660 0.0000 -0.5000
vn 0.8660 0.0000 -0.5000
vn 0.0000 0.0000 -1.0000
vn 0.0000 0.0000 -1.0000
vn 0.0000 0.0000 -1.0000
vn 0.8660 0.0000 -0.5000
vn 0.8660 0.0000 -0.5000
vn 0.8660 0.0000 -0.5000
vn 0.9659 -0.0000 -0.2588
vn 0.9659 -0.0000 -0.2588
vn 0.9659 -0.0000 -0.2588
vn -0.9659 0.0000 -0.2588
vn -0.9659 0.0000 -0.2588
vn -0.9659 0.0000 -0.2588
vn -0.5000 0.8660 -0.0000
vn -0.5000 0.8660 -0.0000
vn -0.5000 0.8660 -0.0000
vn 0.9659 -0.0000 -0.2588
vn 0.9659 0.0000 -0.2588
vn 0.9659 0.0000 -0.2588
vn -0.5000 0.0000 -0.8660
vn -0.5000 0.0000 -0.8660
vn -0.5000 0.0000 -0.8660
vn -0.5000 0.0000 -0.8660
vn -0.5000 0.0000 -0.8660
vn -0.5000 0.0000 -0.8660
vn 0.5000 0.0000 -0.8660
vn 0.5000 0.0000 -0.8660
vn 0.5000 0.0000 -0.8660
vn -0.8660 0.5000 -0.0000
vn -0.8660 0.5000 0.0000
vn -0.8660 0.5000 -0.0000
vn 0.7071 -0.0000 -0.7071
vn 0.7071 -0.0000 -0.7071
vn 0.7071 -0.0000 -0.7071
vn -0.8660 -0.0000 -0.5000
vn -0.8660 -0.0000 -0.5000
vn -0.8660 -0.0000 -0.5000
vn -0.7071 0.0000 -0.7071
vn -0.7071 0.0000 -0.7071
vn -0.7071 0.0000 -0.7071
vn 0.0000 0.0000 -1.0000
vn 0.0000 0.0000 -1.0000
vn 0.0000 0.0000 -1.0000
vn 1.0000 0.0000 -0.0000
vn 1.0000 0.0000 -0.0000
vn 1.0000 0.0000 -0.0000
vn -0.8660 0.5000 -0.0000
vn -0.8660 0.5000 -0.0000
vn -0.8660 0.5000 -0.0000
vn -0.8660 -0.5000 0.0000
vn -0.8660 -0.5000 -0.0000
vn -0.8660 -0.5000 0.0000
vn 0.9659 0.0000 -0.2588
vn 0.9659 0.0000 -0.2588
vn 0.9659 0.0000 -0.2588
vn 0.9659 0.0000 -0.2588
vn 0.9659 0.0000 -0.2588
vn 0.9659 0.0000 -0.2588
vn -0.5000 0.0000 -0.8660
vn -0.5000 -0.0000 -0.8660
vn -0.5000 -0.0000 -0.8660
vn -0.8660 -0.5000 0.0000
vn -0.8660 -0.5000 0.0000
vn -0.8660 -0.5000 0.0000
vn -0.5000 -0.8660 -0.0000
vn -0.5000 -0.8660 0.0000
vn -0.5000 -0.8660 -0.0000
vn 0.7071 0.0000 -0.7071
vn 0.7071 0.0000 -0.7071
vn 0.7071 0.0000 -0.7071
vn -0.8660 0.0000 -0.5000
vn -0.8660 0.0000 -0.5000
vn -0.8660 0.0000 -0.5000
vn -0.2588 0.0000 -0.9659
vn -0.2588 0.0000 -0.9659
vn -0.2588 0.0000 -0.9659
vn 0.5000 -0.0000 -0.8660
vn 0.5000 -0.0000 -0.8660
vn 0.5000 -0.0000 -0.8660
vn -0.9659 -0.0000 -0.2588
vn -0.9659 -0.0000 -0.2588
vn -0.9659 -0.0000 -0.2588
vn -0.7071 -0.0000 -0.7071
vn -0.7071 0.0000 -0.7071
vn -0.7071 -0.0000 -0.7071
# 2589 vertex normals

vt 0.8145 0.5605 0.0000
vt 0.9766 0.4868 0.0000
vt 0.6880 0.5283 0.0000
vt 0.8130 0.6301 0.0000
vt 0.9766 0.4868 0.0000
vt 0.7036 0.5176 0.0000
vt 0.8145 0.5605 0.0000
vt 0.9028 0.5503 0.0000
vt 0.9980 0.0020 0.0000
vt 0.8877 0.4717 0.0000
vt 0.5781 0.0020 0.0000
vt 0.6851 0.5168 0.0000
vt 0.8169 0.4839 0.0000
vt 0.9829 0.4971 0.0000
vt 0.8184 0.5117 0.0000
vt 0.7109 0.5020 0.0000
vt 0.9287 0.6011 0.0000
vt 0.9766 0.4839 0.0000
vt 0.8916 0.5056 0.0000
vt 0.9980 0.0020 0.0000
vt 0.8877 0.4717 0.0000
vt 0.5781 0.0020 0.0000
vt 0.5781 0.0020 0.0000
vt 0.9980 0.0020 0.0000
vt 0.8877 0.4717 0.0000
vt 0.9980 0.0020 0.0000
vt 0.6631 0.4717 0.0000
vt 0.5781 0.0020 0.0000
vt 0.5781 0.0020 0.0000
vt 0.9980 0.0020 0.0000
vt 0.8877 0.4717 0.0000
vt 0.6631 0.4717 0.0000
vt 0.5781 0.0020 0.0000
vt 0.9980 0.0020 0.0000
vt 0.9980 0.0020 0.0000
vt 0.8877 0.4717 0.0000
vt 0.5781 0.0020 0.0000
vt 0.9980 0.0020 0.0000
vt 0.8877 0.4717 0.0000
vt 0.5781 0.0020 0.0000
vt 0.9980 0.0020 0.0000
vt 0.8877 0.4717 0.0000
vt 0.5781 0.0020 0.0000
vt 0.9980 0.0020 0.0000
vt 0.8877 0.4717 0.0000
vt 0.5781 0.0020 0.0000
vt 0.9980 0.0020 0.0000
vt 0.8877 0.4717 0.0000
vt 0.5781 0.0020 0.0000
vt 0.9980 0.0020 0.0000
vt 0.8877 0.4717 0.0000
vt 0.5781 0.0020 0.0000
vt 0.9980 0.0020 0.0000
vt 0.8877 0.4717 0.0000
vt 0.5781 0.0020 0.0000
vt 0.9980 0.0020 0.0000
vt 0.8877 0.4717 0.0000
vt 0.5781 0.0020 0.0000
vt 0.9980 0.0020 0.0000
vt 0.8877 0.4717 0.0000
vt 0.5781 0.0020 0.0000
vt 0.9980 0.0020 0.0000
vt 0.8877 0.4717 0.0000
vt 0.5781 0.0020 0.0000
vt 0.9980 0.0020 0.0000
vt 0.8877 0.4717 0.0000
vt 0.5781 0.0020 0.0000
vt 0.9980 0.0020 0.0000
vt 0.8877 0.4717 0.0000
vt 0.5781 0.0020 0.0000
vt 0.9980 0.0020 0.0000
vt 0.8877 0.4717 0.0000
vt 0.5781 0.0020 0.0000
vt 0.9980 0.0020 0.0000
vt 0.8877 0.4717 0.0000
vt 0.5781 0.0020 0.0000
vt 0.9980 0.0020 0.0000
vt 0.8877 0.4717 0.0000
vt 0.5781 0.0020 0.0000
vt 0.9980 0.0020 0.0000
vt 0.8877 0.4717 0.0000
vt 0.5781 0.0020 0.0000
vt 0.9980 0.0020 0.0000
vt 0.8877 0.4717 0.0000
vt 0.5781 0.0020 0.0000
vt 0.9980 0.0020 0.0000
vt 0.8877 0.4717 0.0000
vt 0.5781 0.0020 0.0000
vt 0.9980 0.0020 0.0000
vt 0.8877 0.4717 0.0000
vt 0.5781 0.0020 0.0000
vt 0.9980 0.0020 0.0000
vt 0.8877 0.4717 0.0000
vt 0.5781 0.0020 0.0000
vt 0.9980 0.0020 0.0000
vt 0.8877 0.4717 0.0000
vt 0.5781 0.0020 0.0000
vt 0.9980 0.0020 0.0000
vt 0.8877 0.4717 0.0000
vt 0.5781 0.0020 0.0000
vt 0.9980 0.0020 0.0000
vt 0.8877 0.4717 0.0000
vt 0.5781 0.0020 0.0000
vt 0.9980 0.0020 0.0000
vt 0.8877 0.4717 0.0000
vt 0.5781 0.0020 0.0000
vt 0.9980 0.0020 0.0000
vt 0.8877 0.4717 0.0000
vt 0.5781 0.0020 0.0000
vt 0.9980 0.0020 0.0000
vt 0.8877 0.4717 0.0000
vt 0.5781 0.0020 0.0000
vt 0.9980 0.0020 0.0000
vt 0.8877 0.4717 0.0000
vt 0.5781 0.0020 0.0000
vt 0.9980 0.0020 0.0000
vt 0.8877 0.4717 0.0000
vt 0.5781 0.0020 0.0000
vt 0.9980 0.0020 0.0000
vt 0.8877 0.4717 0.0000
vt 0.5781 0.0020 0.0000
vt 0.9980 0.0020 0.0000
vt 0.8877 0.4717 0.0000
vt 0.5781 0.0020 0.0000
vt 0.9980 0.0020 0.0000
vt 0.8877 0.4717 0.0000
vt 0.5781 0.0020 0.0000
vt 0.9980 0.0020 0.0000
vt 0.8877 0.4717 0.0000
vt 0.5781 0.0020 0.0000
vt 0.9980 0.0020 0.0000
vt 0.8877 0.4717 0.0000
vt 0.5781 0.0020 0.0000
vt 0.9980 0.0020 0.0000
vt 0.8877 0.4717 0.0000
vt 0.5781 0.0020 0.0000
vt 0.9980 0.0020 0.0000
vt 0.8877 0.4717 0.0000
vt 0.5781 0.0020 0.0000
vt 0.9980 0.0020 0.0000
vt 0.8877 0.4717 0.0000
vt 0.5781 0.0020 0.0000
vt 0.9980 0.0020 0.0000
vt 0.8877 0.4717 0.0000
vt 0.5781 0.0020 0.0000
vt 0.9980 0.0020 0.0000
vt 0.8877 0.4717 0.0000
vt 0.5781 0.0020 0.0000
vt 0.9980 0.0020 0.0000
vt 0.8877 0.4717 0.0000
vt 0.5781 0.0020 0.0000
vt 0.9980 0.0020 0.0000
vt 0.8877 0.4717 0.0000
vt 0.5781 0.0020 0.0000
vt 0.9980 0.0020 0.0000
vt 0.8877 0.4717 0.0000
vt 0.5781 0.0020 0.0000
vt 0.9980 0.0020 0.0000
vt 0.8877 0.4717 0.0000
vt 0.5781 0.0020 0.0000
vt 0.9980 0.0020 0.0000
vt 0.8877 0.4717 0.0000
vt 0.5781 0.0020 0.0000
vt 0.9980 0.0020 0.0000
vt 0.8877 0.4717 0.0000
vt 0.5781 0.0020 0.0000
vt 0.9980 0.0020 0.0000
vt 0.8877 0.4717 0.0000
vt 0.5781 0.0020 0.0000
vt 0.9980 0.0020 0.0000
vt 0.8877 0.4717 0.0000
vt 0.5781 0.0020 0.0000
vt 0.9980 0.0020 0.0000
vt 0.8877 0.4717 0.0000
vt 0.5781 0.0020 0.0000
vt 0.9980 0.0020 0.0000
vt 0.8877 0.4717 0.0000
vt 0.5781 0.0020 0.0000
vt 0.9980 0.0020 0.0000
vt 0.8877 0.4717 0.0000
vt 0.5781 0.0020 0.0000
vt 0.9980 0.0020 0.0000
vt 0.8877 0.4717 0.0000
vt 0.5781 0.0020 0.0000
vt 0.9980 0.0020 0.0000
vt 0.8877 0.4717 0.0000
vt 0.5781 0.0020 0.0000
vt 0.9980 0.0020 0.0000
vt 0.8877 0.4717 0.0000
vt 0.5781 0.0020 0.0000
vt 0.9980 0.0020 0.0000
vt 0.8877 0.4717 0.0000
vt 0.5781 0.0020 0.0000
vt 0.9980 0.0020 0.0000
vt 0.8877 0.4717 0.0000
vt 0.5781 0.0020 0.0000
vt 0.9980 0.0020 0.0000
vt 0.8877 0.4717 0.0000
vt 0.5781 0.0020 0.0000
vt 0.9980 0.0020 0.0000
vt 0.8877 0.4717 0.0000
vt 0.5781 0.0020 0.0000
vt 0.9980 0.0020 0.0000
vt 0.8877 0.4717 0.0000
vt 0.5781 0.0020 0.0000
vt 0.9980 0.0020 0.0000
vt 0.8877 0.4717 0.0000
vt 0.5781 0.0020 0.0000
vt 0.9980 0.0020 0.0000
vt 0.8877 0.4717 0.0000
vt 0.5781 0.0020 0.0000
vt 0.9980 0.0020 0.0000
vt 0.8877 0.4717 0.0000
vt 0.5781 0.0020 0.0000
vt 0.9980 0.0020 0.0000
vt 0.8877 0.4717 0.0000
vt 0.5781 0.0020 0.0000
vt 0.9980 0.0020 0.0000
vt 0.8877 0.4717 0.0000
vt 0.5781 0.0020 0.0000
vt 0.9980 0.0020 0.0000
vt 0.8877 0.4717 0.0000
vt 0.5781 0.0020 0.0000
vt 0.9980 0.0020 0.0000
vt 0.8877 0.4717 0.0000
vt 0.5781 0.0020 0.0000
vt 0.9980 0.0020 0.0000
vt 0.8877 0.4717 0.0000
vt 0.5781 0.0020 0.0000
vt 0.9980 0.0020 0.0000
vt 0.8877 0.4717 0.0000
vt 0.5781 0.0020 0.0000
vt 0.9980 0.0020 0.0000
vt 0.8877 0.4717 0.0000
vt 0.5781 0.0020 0.0000
vt 0.9980 0.0020 0.0000
vt 0.8877 0.4717 0.0000
vt 0.5781 0.0020 0.0000
vt 0.9980 0.0020 0.0000
vt 0.8877 0.4717 0.0000
vt 0.5781 0.0020 0.0000
vt 0.9980 0.0020 0.0000
vt 0.8877 0.4717 0.0000
vt 0.5781 0.0020 0.0000
vt 0.9980 0.0020 0.0000
vt 0.8877 0.4717 0.0000
vt 0.5781 0.0020 0.0000
vt 0.9980 0.0020 0.0000
vt 0.8877 0.4717 0.0000
vt 0.5781 0.0020 0.0000
vt 0.9980 0.0020 0.0000
vt 0.8877 0.4717 0.0000
vt 0.5781 0.0020 0.0000
vt 0.9980 0.0020 0.0000
vt 0.8877 0.4717 0.0000
vt 0.5781 0.0020 0.0000
vt 0.9980 0.0020 0.0000
vt 0.8877 0.4717 0.0000
vt 0.5781 0.0020 0.0000
vt 0.9980 0.0020 0.0000
vt 0.8877 0.4717 0.0000
vt 0.5781 0.0020 0.0000
vt 0.9980 0.0020 0.0000
vt 0.8877 0.4717 0.0000
vt 0.5781 0.0020 0.0000
vt 0.9980 0.0020 0.0000
vt 0.8877 0.4717 0.0000
vt 0.5781 0.0020 0.0000
vt 0.9980 0.0020 0.0000
vt 0.8877 0.4717 0.0000
vt 0.5781 0.0020 0.0000
vt 0.9980 0.0020 0.0000
vt 0.8877 0.4717 0.0000
vt 0.5781 0.0020 0.0000
vt 0.9980 0.0020 0.0000
vt 0.8877 0.4717 0.0000
vt 0.5781 0.0020 0.0000
vt 0.9980 0.0020 0.0000
vt 0.8877 0.4717 0.0000
vt 0.5781 0.0020 0.0000
vt 0.6631 0.4717 0.0000
vt 0.5781 0.0020 0.0000
vt 0.9980 0.0020 0.0000
vt 0.9980 0.0020 0.0000
vt 0.8877 0.4717 0.0000
vt 0.5781 0.0020 0.0000
vt 0.9980 0.0020 0.0000
vt 0.8877 0.4717 0.0000
vt 0.5781 0.0020 0.0000
vt 0.5781 0.0020 0.0000
vt 0.9980 0.0020 0.0000
vt 0.8877 0.4717 0.0000
vt 0.8184 0.5117 0.0000
vt 0.9980 0.0020 0.0000
vt 0.6631 0.4717 0.0000
vt 0.5781 0.0020 0.0000
vt 0.8145 0.5605 0.0000
vt 0.6631 0.4717 0.0000
vt 0.5781 0.0020 0.0000
vt 0.9980 0.0020 0.0000
vt 0.6631 0.4717 0.0000
vt 0.5781 0.0020 0.0000
vt 0.9980 0.0020 0.0000
vt 0.8906 0.4839 0.0000
vt 0.5781 0.0020 0.0000
vt 0.9980 0.0020 0.0000
vt 0.8877 0.4717 0.0000
vt 0.6631 0.4717 0.0000
vt 0.5781 0.0020 0.0000
vt 0.9980 0.0020 0.0000
vt 0.6631 0.4717 0.0000
vt 0.5781 0.0020 0.0000
vt 0.9980 0.0020 0.0000
vt 0.9980 0.0020 0.0000
vt 0.8877 0.4717 0.0000
vt 0.5781 0.0020 0.0000
vt 0.9980 0.0020 0.0000
vt 0.8877 0.4717 0.0000
vt 0.5781 0.0020 0.0000
vt 0.9980 0.0020 0.0000
vt 0.8877 0.4717 0.0000
vt 0.5781 0.0020 0.0000
vt 0.9980 0.0020 0.0000
vt 0.8877 0.4717 0.0000
vt 0.5781 0.0020 0.0000
vt 0.9980 0.0020 0.0000
vt 0.8877 0.4717 0.0000
vt 0.5781 0.0020 0.0000
vt 0.9980 0.0020 0.0000
vt 0.8877 0.4717 0.0000
vt 0.5781 0.0020 0.0000
vt 0.9980 0.0020 0.0000
vt 0.8877 0.4717 0.0000
vt 0.5781 0.0020 0.0000
vt 0.9980 0.0020 0.0000
vt 0.8877 0.4717 0.0000
vt 0.5781 0.0020 0.0000
vt 0.9980 0.0020 0.0000
vt 0.8877 0.4717 0.0000
vt 0.5781 0.0020 0.0000
vt 0.9980 0.0020 0.0000
vt 0.8877 0.4717 0.0000
vt 0.5781 0.0020 0.0000
vt 0.9980 0.0020 0.0000
vt 0.8877 0.4717 0.0000
vt 0.5781 0.0020 0.0000
vt 0.9980 0.0020 0.0000
vt 0.8877 0.4717 0.0000
vt 0.5781 0.0020 0.0000
vt 0.9980 0.0020 0.0000
vt 0.8877 0.4717 0.0000
vt 0.5781 0.0020 0.0000
vt 0.9980 0.0020 0.0000
vt 0.8877 0.4717 0.0000
vt 0.5781 0.0020 0.0000
vt 0.9980 0.0020 0.0000
vt 0.8877 0.4717 0.0000
vt 0.5781 0.0020 0.0000
vt 0.9980 0.0020 0.0000
vt 0.8877 0.4717 0.0000
vt 0.5781 0.0020 0.0000
vt 0.9980 0.0020 0.0000
vt 0.8877 0.4717 0.0000
vt 0.5781 0.0020 0.0000
vt 0.9980 0.0020 0.0000
vt 0.8877 0.4717 0.0000
vt 0.5781 0.0020 0.0000
vt 0.9980 0.0020 0.0000
vt 0.8877 0.4717 0.0000
vt 0.5781 0.0020 0.0000
vt 0.9980 0.0020 0.0000
vt 0.8877 0.4717 0.0000
vt 0.5781 0.0020 0.0000
vt 0.9980 0.0020 0.0000
vt 0.8877 0.4717 0.0000
vt 0.5781 0.0020 0.0000
vt 0.9980 0.0020 0.0000
vt 0.8877 0.4717 0.0000
vt 0.5781 0.0020 0.0000
vt 0.9980 0.0020 0.0000
vt 0.8877 0.4717 0.0000
vt 0.5781 0.0020 0.0000
vt 0.9980 0.0020 0.0000
vt 0.8877 0.4717 0.0000
vt 0.5781 0.0020 0.0000
vt 0.9980 0.0020 0.0000
vt 0.8877 0.4717 0.0000
vt 0.5781 0.0020 0.0000
vt 0.9980 0.0020 0.0000
vt 0.8877 0.4717 0.0000
vt 0.5781 0.0020 0.0000
vt 0.9980 0.0020 0.0000
vt 0.8877 0.4717 0.0000
vt 0.5781 0.0020 0.0000
vt 0.9980 0.0020 0.0000
vt 0.8877 0.4717 0.0000
vt 0.5781 0.0020 0.0000
vt 0.9980 0.0020 0.0000
vt 0.8877 0.4717 0.0000
vt 0.5781 0.0020 0.0000
vt 0.9980 0.0020 0.0000
vt 0.8877 0.4717 0.0000
vt 0.5781 0.0020 0.0000
vt 0.9980 0.0020 0.0000
vt 0.8877 0.4717 0.0000
vt 0.5781 0.0020 0.0000
vt 0.9980 0.0020 0.0000
vt 0.8877 0.4717 0.0000
vt 0.5781 0.0020 0.0000
vt 0.9980 0.0020 0.0000
vt 0.8877 0.4717 0.0000
vt 0.5781 0.0020 0.0000
vt 0.9980 0.0020 0.0000
vt 0.8877 0.4717 0.0000
vt 0.5781 0.0020 0.0000
vt 0.9980 0.0020 0.0000
vt 0.8877 0.4717 0.0000
vt 0.5781 0.0020 0.0000
vt 0.9980 0.0020 0.0000
vt 0.8877 0.4717 0.0000
vt 0.5781 0.0020 0.0000
vt 0.9980 0.0020 0.0000
vt 0.8877 0.4717 0.0000
vt 0.5781 0.0020 0.0000
vt 0.9980 0.0020 0.0000
vt 0.8877 0.4717 0.0000
vt 0.5781 0.0020 0.0000
vt 0.9980 0.0020 0.0000
vt 0.8877 0.4717 0.0000
vt 0.5781 0.0020 0.0000
vt 0.9980 0.0020 0.0000
vt 0.8877 0.4717 0.0000
vt 0.5781 0.0020 0.0000
vt 0.9980 0.0020 0.0000
vt 0.8877 0.4717 0.0000
vt 0.5781 0.0020 0.0000
vt 0.9980 0.0020 0.0000
vt 0.8877 0.4717 0.0000
vt 0.5781 0.0020 0.0000
vt 0.9980 0.0020 0.0000
vt 0.8877 0.4717 0.0000
vt 0.5781 0.0020 0.0000
vt 0.9980 0.0020 0.0000
vt 0.8877 0.4717 0.0000
vt 0.5781 0.0020 0.0000
vt 0.9980 0.0020 0.0000
vt 0.8877 0.4717 0.0000
vt 0.5781 0.0020 0.0000
vt 0.9980 0.0020 0.0000
vt 0.8877 0.4717 0.0000
vt 0.5781 0.0020 0.0000
vt 0.9980 0.0020 0.0000
vt 0.8877 0.4717 0.0000
vt 0.5781 0.0020 0.0000
vt 0.9980 0.0020 0.0000
vt 0.8877 0.4717 0.0000
vt 0.5781 0.0020 0.0000
vt 0.9980 0.0020 0.0000
vt 0.8877 0.4717 0.0000
vt 0.5781 0.0020 0.0000
vt 0.9980 0.0020 0.0000
vt 0.8877 0.4717 0.0000
vt 0.5781 0.0020 0.0000
vt 0.9980 0.0020 0.0000
vt 0.8877 0.4717 0.0000
vt 0.5781 0.0020 0.0000
vt 0.9980 0.0020 0.0000
vt 0.8877 0.4717 0.0000
vt 0.5781 0.0020 0.0000
vt 0.9980 0.0020 0.0000
vt 0.8877 0.4717 0.0000
vt 0.5781 0.0020 0.0000
vt 0.9980 0.0020 0.0000
vt 0.8877 0.4717 0.0000
vt 0.5781 0.0020 0.0000
vt 0.9980 0.0020 0.0000
vt 0.8877 0.4717 0.0000
vt 0.5781 0.0020 0.0000
vt 0.9980 0.0020 0.0000
vt 0.8877 0.4717 0.0000
vt 0.5781 0.0020 0.0000
vt 0.9980 0.0020 0.0000
vt 0.8877 0.4717 0.0000
vt 0.5781 0.0020 0.0000
vt 0.9980 0.0020 0.0000
vt 0.8877 0.4717 0.0000
vt 0.5781 0.0020 0.0000
vt 0.9980 0.0020 0.0000
vt 0.8877 0.4717 0.0000
vt 0.5781 0.0020 0.0000
vt 0.9980 0.0020 0.0000
vt 0.8877 0.4717 0.0000
vt 0.5781 0.0020 0.0000
vt 0.9980 0.0020 0.0000
vt 0.8877 0.4717 0.0000
vt 0.5781 0.0020 0.0000
vt 0.9980 0.0020 0.0000
vt 0.8877 0.4717 0.0000
vt 0.5781 0.0020 0.0000
vt 0.9980 0.0020 0.0000
vt 0.8877 0.4717 0.0000
vt 0.5781 0.0020 0.0000
vt 0.9980 0.0020 0.0000
vt 0.8877 0.4717 0.0000
vt 0.5781 0.0020 0.0000
vt 0.9980 0.0020 0.0000
vt 0.8877 0.4717 0.0000
vt 0.5781 0.0020 0.0000
vt 0.9980 0.0020 0.0000
vt 0.8877 0.4717 0.0000
vt 0.5781 0.0020 0.0000
vt 0.9980 0.0020 0.0000
vt 0.8877 0.4717 0.0000
vt 0.5781 0.0020 0.0000
vt 0.9980 0.0020 0.0000
vt 0.8877 0.4717 0.0000
vt 0.5781 0.0020 0.0000
vt 0.9980 0.0020 0.0000
vt 0.8877 0.4717 0.0000
vt 0.5781 0.0020 0.0000
vt 0.9980 0.0020 0.0000
vt 0.8877 0.4717 0.0000
vt 0.5781 0.0020 0.0000
vt 0.9980 0.0020 0.0000
vt 0.8877 0.4717 0.0000
vt 0.5781 0.0020 0.0000
vt 0.9980 0.0020 0.0000
vt 0.8877 0.4717 0.0000
vt 0.5781 0.0020 0.0000
vt 0.9980 0.0020 0.0000
vt 0.8877 0.4717 0.0000
vt 0.5781 0.0020 0.0000
vt 0.9980 0.0020 0.0000
vt 0.8877 0.4717 0.0000
vt 0.5781 0.0020 0.0000
vt 0.9980 0.0020 0.0000
vt 0.8877 0.4717 0.0000
vt 0.5781 0.0020 0.0000
vt 0.9980 0.0020 0.0000
vt 0.8877 0.4717 0.0000
vt 0.5781 0.0020 0.0000
vt 0.9980 0.0020 0.0000
vt 0.8877 0.4717 0.0000
vt 0.5781 0.0020 0.0000
vt 0.9980 0.0020 0.0000
vt 0.8877 0.4717 0.0000
vt 0.5781 0.0020 0.0000
vt 0.9980 0.0020 0.0000
vt 0.8877 0.4717 0.0000
vt 0.5781 0.0020 0.0000
vt 0.9980 0.0020 0.0000
vt 0.8877 0.4717 0.0000
vt 0.5781 0.0020 0.0000
vt 0.9980 0.0020 0.0000
vt 0.8877 0.4717 0.0000
vt 0.5781 0.0020 0.0000
vt 0.9980 0.0020 0.0000
vt 0.8877 0.4717 0.0000
vt 0.5781 0.0020 0.0000
vt 0.6631 0.4717 0.0000
vt 0.5781 0.0020 0.0000
vt 0.9980 0.0020 0.0000
vt 0.9980 0.0020 0.0000
vt 0.8877 0.4717 0.0000
vt 0.5781 0.0020 0.0000
vt 0.9258 0.6030 0.0000
vt 0.6631 0.4717 0.0000
vt 0.5781 0.0020 0.0000
vt 0.9980 0.0020 0.0000
vt 0.9980 0.0020 0.0000
vt 0.8877 0.4717 0.0000
vt 0.5781 0.0020 0.0000
vt 0.9980 0.0020 0.0000
vt 0.8877 0.4717 0.0000
vt 0.5781 0.0020 0.0000
vt 0.6631 0.4717 0.0000
vt 0.5781 0.0020 0.0000
vt 0.9980 0.0020 0.0000
vt 0.5781 0.0020 0.0000
vt 0.9980 0.0020 0.0000
vt 0.8877 0.4717 0.0000
vt 0.6631 0.4717 0.0000
vt 0.5781 0.0020 0.0000
vt 0.9980 0.0020 0.0000
vt 0.9980 0.0020 0.0000
vt 0.6631 0.4717 0.0000
vt 0.5781 0.0020 0.0000
vt 0.8130 0.6301 0.0000
vt 0.9258 0.6030 0.0000
vt 0.8169 0.4839 0.0000
vt 0.5781 0.0020 0.0000
vt 0.9980 0.0020 0.0000
vt 0.8877 0.4717 0.0000
vt 0.6631 0.4717 0.0000
vt 0.5781 0.0020 0.0000
vt 0.9980 0.0020 0.0000
vt 0.9980 0.0020 0.0000
vt 0.8877 0.4717 0.0000
vt 0.5781 0.0020 0.0000
vt 0.6631 0.4717 0.0000
vt 0.5781 0.0020 0.0000
vt 0.9980 0.0020 0.0000
vt 0.6631 0.4717 0.0000
vt 0.5781 0.0020 0.0000
vt 0.9980 0.0020 0.0000
vt 0.6631 0.4717 0.0000
vt 0.5781 0.0020 0.0000
vt 0.9980 0.0020 0.0000
vt 0.6631 0.4717 0.0000
vt 0.5781 0.0020 0.0000
vt 0.9980 0.0020 0.0000
vt 0.6631 0.4717 0.0000
vt 0.5781 0.0020 0.0000
vt 0.9980 0.0020 0.0000
vt 0.6631 0.4717 0.0000
vt 0.5781 0.0020 0.0000
vt 0.9980 0.0020 0.0000
vt 0.9980 0.0020 0.0000
vt 0.8877 0.4717 0.0000
vt 0.5781 0.0020 0.0000
vt 0.6631 0.4717 0.0000
vt 0.5781 0.0020 0.0000
vt 0.9980 0.0020 0.0000
vt 0.6631 0.4717 0.0000
vt 0.5781 0.0020 0.0000
vt 0.9980 0.0020 0.0000
vt 0.9980 0.0020 0.0000
vt 0.8877 0.4717 0.0000
vt 0.5781 0.0020 0.0000
vt 0.9980 0.0020 0.0000
vt 0.8877 0.4717 0.0000
vt 0.5781 0.0020 0.0000
vt 0.9980 0.0020 0.0000
vt 0.8877 0.4717 0.0000
vt 0.5781 0.0020 0.0000
vt 0.9980 0.0020 0.0000
vt 0.8877 0.4717 0.0000
vt 0.5781 0.0020 0.0000
vt 0.9980 0.0020 0.0000
vt 0.8877 0.4717 0.0000
vt 0.5781 0.0020 0.0000
vt 0.9980 0.0020 0.0000
vt 0.8877 0.4717 0.0000
vt 0.5781 0.0020 0.0000
vt 0.9980 0.0020 0.0000
vt 0.8877 0.4717 0.0000
vt 0.5781 0.0020 0.0000
vt 0.9980 0.0020 0.0000
vt 0.8877 0.4717 0.0000
vt 0.5781 0.0020 0.0000
vt 0.9980 0.0020 0.0000
vt 0.8877 0.4717 0.0000
vt 0.5781 0.0020 0.0000
vt 0.9980 0.0020 0.0000
vt 0.8877 0.4717 0.0000
vt 0.5781 0.0020 0.0000
vt 0.9980 0.0020 0.0000
vt 0.8877 0.4717 0.0000
vt 0.5781 0.0020 0.0000
vt 0.9980 0.0020 0.0000
vt 0.8877 0.4717 0.0000
vt 0.5781 0.0020 0.0000
vt 0.9980 0.0020 0.0000
vt 0.8877 0.4717 0.0000
vt 0.5781 0.0020 0.0000
vt 0.9980 0.0020 0.0000
vt 0.8877 0.4717 0.0000
vt 0.5781 0.0020 0.0000
vt 0.9980 0.0020 0.0000
vt 0.8877 0.4717 0.0000
vt 0.5781 0.0020 0.0000
vt 0.9980 0.0020 0.0000
vt 0.8877 0.4717 0.0000
vt 0.5781 0.0020 0.0000
vt 0.9980 0.0020 0.0000
vt 0.8877 0.4717 0.0000
vt 0.5781 0.0020 0.0000
vt 0.9980 0.0020 0.0000
vt 0.8877 0.4717 0.0000
vt 0.5781 0.0020 0.0000
vt 0.9980 0.0020 0.0000
vt 0.8877 0.4717 0.0000
vt 0.5781 0.0020 0.0000
vt 0.9980 0.0020 0.0000
vt 0.8877 0.4717 0.0000
vt 0.5781 0.0020 0.0000
vt 0.9980 0.0020 0.0000
vt 0.8877 0.4717 0.0000
vt 0.5781 0.0020 0.0000
vt 0.9980 0.0020 0.0000
vt 0.8877 0.4717 0.0000
vt 0.5781 0.0020 0.0000
vt 0.9980 0.0020 0.0000
vt 0.8877 0.4717 0.0000
vt 0.5781 0.0020 0.0000
vt 0.9980 0.0020 0.0000
vt 0.8877 0.4717 0.0000
vt 0.5781 0.0020 0.0000
vt 0.9980 0.0020 0.0000
vt 0.8877 0.4717 0.0000
vt 0.5781 0.0020 0.0000
vt 0.9980 0.0020 0.0000
vt 0.8877 0.4717 0.0000
vt 0.5781 0.0020 0.0000
vt 0.9980 0.0020 0.0000
vt 0.8877 0.4717 0.0000
vt 0.5781 0.0020 0.0000
vt 0.9980 0.0020 0.0000
vt 0.8877 0.4717 0.0000
vt 0.5781 0.0020 0.0000
vt 0.9980 0.0020 0.0000
vt 0.8877 0.4717 0.0000
vt 0.5781 0.0020 0.0000
vt 0.9980 0.0020 0.0000
vt 0.8877 0.4717 0.0000
vt 0.5781 0.0020 0.0000
vt 0.9980 0.0020 0.0000
vt 0.8877 0.4717 0.0000
vt 0.5781 0.0020 0.0000
vt 0.9980 0.0020 0.0000
vt 0.8877 0.4717 0.0000
vt 0.5781 0.0020 0.0000
vt 0.9980 0.0020 0.0000
vt 0.8877 0.4717 0.0000
vt 0.5781 0.0020 0.0000
vt 0.9980 0.0020 0.0000
vt 0.8877 0.4717 0.0000
vt 0.5781 0.0020 0.0000
vt 0.9980 0.0020 0.0000
vt 0.8877 0.4717 0.0000
vt 0.5781 0.0020 0.0000
vt 0.9980 0.0020 0.0000
vt 0.8877 0.4717 0.0000
vt 0.5781 0.0020 0.0000
vt 0.9980 0.0020 0.0000
vt 0.8877 0.4717 0.0000
vt 0.5781 0.0020 0.0000
vt 0.9980 0.0020 0.0000
vt 0.8877 0.4717 0.0000
vt 0.5781 0.0020 0.0000
vt 0.9980 0.0020 0.0000
vt 0.8877 0.4717 0.0000
vt 0.5781 0.0020 0.0000
vt 0.9980 0.0020 0.0000
vt 0.8877 0.4717 0.0000
vt 0.5781 0.0020 0.0000
vt 0.9980 0.0020 0.0000
vt 0.8877 0.4717 0.0000
vt 0.5781 0.0020 0.0000
vt 0.9980 0.0020 0.0000
vt 0.8877 0.4717 0.0000
vt 0.5781 0.0020 0.0000
vt 0.9980 0.0020 0.0000
vt 0.8877 0.4717 0.0000
vt 0.5781 0.0020 0.0000
vt 0.9980 0.0020 0.0000
vt 0.8877 0.4717 0.0000
vt 0.5781 0.0020 0.0000
vt 0.9980 0.0020 0.0000
vt 0.8877 0.4717 0.0000
vt 0.5781 0.0020 0.0000
vt 0.9980 0.0020 0.0000
vt 0.8877 0.4717 0.0000
vt 0.5781 0.0020 0.0000
vt 0.9980 0.0020 0.0000
vt 0.8877 0.4717 0.0000
vt 0.5781 0.0020 0.0000
vt 0.9980 0.0020 0.0000
vt 0.8877 0.4717 0.0000
vt 0.5781 0.0020 0.0000
vt 0.9980 0.0020 0.0000
vt 0.8877 0.4717 0.0000
vt 0.5781 0.0020 0.0000
vt 0.9980 0.0020 0.0000
vt 0.8877 0.4717 0.0000
vt 0.5781 0.0020 0.0000
vt 0.9980 0.0020 0.0000
vt 0.8877 0.4717 0.0000
vt 0.5781 0.0020 0.0000
vt 0.9980 0.0020 0.0000
vt 0.8877 0.4717 0.0000
vt 0.5781 0.0020 0.0000
vt 0.9980 0.0020 0.0000
vt 0.8877 0.4717 0.0000
vt 0.5781 0.0020 0.0000
vt 0.9980 0.0020 0.0000
vt 0.8877 0.4717 0.0000
vt 0.5781 0.0020 0.0000
vt 0.9980 0.0020 0.0000
vt 0.8877 0.4717 0.0000
vt 0.5781 0.0020 0.0000
vt 0.9980 0.0020 0.0000
vt 0.8877 0.4717 0.0000
vt 0.5781 0.0020 0.0000
vt 0.9980 0.0020 0.0000
vt 0.8877 0.4717 0.0000
vt 0.5781 0.0020 0.0000
vt 0.9980 0.0020 0.0000
vt 0.8877 0.4717 0.0000
vt 0.5781 0.0020 0.0000
vt 0.9980 0.0020 0.0000
vt 0.8877 0.4717 0.0000
vt 0.5781 0.0020 0.0000
vt 0.9980 0.0020 0.0000
vt 0.8877 0.4717 0.0000
vt 0.5781 0.0020 0.0000
vt 0.9980 0.0020 0.0000
vt 0.8877 0.4717 0.0000
vt 0.5781 0.0020 0.0000
vt 0.9980 0.0020 0.0000
vt 0.8877 0.4717 0.0000
vt 0.5781 0.0020 0.0000
vt 0.9980 0.0020 0.0000
vt 0.8877 0.4717 0.0000
vt 0.5781 0.0020 0.0000
vt 0.9980 0.0020 0.0000
vt 0.8877 0.4717 0.0000
vt 0.5781 0.0020 0.0000
vt 0.9980 0.0020 0.0000
vt 0.8877 0.4717 0.0000
vt 0.5781 0.0020 0.0000
vt 0.9980 0.0020 0.0000
vt 0.8877 0.4717 0.0000
vt 0.5781 0.0020 0.0000
vt 0.9980 0.0020 0.0000
vt 0.8877 0.4717 0.0000
vt 0.5781 0.0020 0.0000
vt 0.9980 0.0020 0.0000
vt 0.8877 0.4717 0.0000
vt 0.5781 0.0020 0.0000
vt 0.9980 0.0020 0.0000
vt 0.8877 0.4717 0.0000
vt 0.5781 0.0020 0.0000
vt 0.9980 0.0020 0.0000
vt 0.8877 0.4717 0.0000
vt 0.5781 0.0020 0.0000
vt 0.9980 0.0020 0.0000
vt 0.8877 0.4717 0.0000
vt 0.5781 0.0020 0.0000
vt 0.9980 0.0020 0.0000
vt 0.8877 0.4717 0.0000
vt 0.5781 0.0020 0.0000
vt 0.9980 0.0020 0.0000
vt 0.8877 0.4717 0.0000
vt 0.5781 0.0020 0.0000
vt 0.9980 0.0020 0.0000
vt 0.8877 0.4717 0.0000
vt 0.5781 0.0020 0.0000
vt 0.9980 0.0020 0.0000
vt 0.8877 0.4717 0.0000
vt 0.5781 0.0020 0.0000
vt 0.9980 0.0020 0.0000
vt 0.8877 0.4717 0.0000
vt 0.5781 0.0020 0.0000
vt 0.9980 0.0020 0.0000
vt 0.8877 0.4717 0.0000
vt 0.5781 0.0020 0.0000
vt 0.9980 0.0020 0.0000
vt 0.8877 0.4717 0.0000
vt 0.5781 0.0020 0.0000
vt 0.9980 0.0020 0.0000
vt 0.8877 0.4717 0.0000
vt 0.5781 0.0020 0.0000
vt 0.9980 0.0020 0.0000
vt 0.8877 0.4717 0.0000
vt 0.5781 0.0020 0.0000
vt 0.9980 0.0020 0.0000
vt 0.8877 0.4717 0.0000
vt 0.5781 0.0020 0.0000
vt 0.9980 0.0020 0.0000
vt 0.8877 0.4717 0.0000
vt 0.5781 0.0020 0.0000
vt 0.6631 0.4717 0.0000
vt 0.5781 0.0020 0.0000
vt 0.9980 0.0020 0.0000
vt 0.9980 0.0020 0.0000
vt 0.8877 0.4717 0.0000
vt 0.5781 0.0020 0.0000
vt 0.9980 0.0020 0.0000
vt 0.8877 0.4717 0.0000
vt 0.5781 0.0020 0.0000
vt 0.6631 0.4717 0.0000
vt 0.5781 0.0020 0.0000
vt 0.9980 0.0020 0.0000
vt 0.6631 0.4717 0.0000
vt 0.5781 0.0020 0.0000
vt 0.9980 0.0020 0.0000
vt 0.8184 0.5117 0.0000
vt 0.6631 0.4717 0.0000
vt 0.5781 0.0020 0.0000
vt 0.9980 0.0020 0.0000
vt 0.6631 0.4717 0.0000
vt 0.5781 0.0020 0.0000
vt 0.9980 0.0020 0.0000
vt 0.6631 0.4717 0.0000
vt 0.5781 0.0020 0.0000
vt 0.9980 0.0020 0.0000
vt 0.6631 0.4717 0.0000
vt 0.5781 0.0020 0.0000
vt 0.9980 0.0020 0.0000
vt 0.6631 0.4717 0.0000
vt 0.5781 0.0020 0.0000
vt 0.9980 0.0020 0.0000
vt 0.6631 0.4717 0.0000
vt 0.5781 0.0020 0.0000
vt 0.9980 0.0020 0.0000
vt 0.6631 0.4717 0.0000
vt 0.5781 0.0020 0.0000
vt 0.9980 0.0020 0.0000
vt 0.8877 0.4717 0.0000
vt 0.5781 0.0020 0.0000
vt 0.9980 0.0020 0.0000
vt 0.5781 0.0020 0.0000
vt 0.9980 0.0020 0.0000
vt 0.8877 0.4717 0.0000
vt 0.9980 0.0020 0.0000
vt 0.8877 0.4717 0.0000
vt 0.5781 0.0020 0.0000
vt 0.9009 0.5505 0.0000
vt 0.6631 0.4717 0.0000
vt 0.5781 0.0020 0.0000
vt 0.9980 0.0020 0.0000
vt 0.9980 0.0020 0.0000
vt 0.6631 0.4717 0.0000
vt 0.5781 0.0020 0.0000
vt 0.5781 0.0020 0.0000
vt 0.9980 0.0020 0.0000
vt 0.8877 0.4717 0.0000
vt 0.6631 0.4717 0.0000
vt 0.9980 0.0020 0.0000
vt 0.8877 0.4717 0.0000
vt 0.5781 0.0020 0.0000
vt 0.8916 0.5056 0.0000
vt 0.6631 0.4717 0.0000
vt 0.5781 0.0020 0.0000
vt 0.9980 0.0020 0.0000
vt 0.9980 0.0020 0.0000
vt 0.8877 0.4717 0.0000
vt 0.5781 0.0020 0.0000
vt 0.9980 0.0020 0.0000
vt 0.8877 0.4717 0.0000
vt 0.5781 0.0020 0.0000
vt 0.9980 0.0020 0.0000
vt 0.8877 0.4717 0.0000
vt 0.5781 0.0020 0.0000
vt 0.9980 0.0020 0.0000
vt 0.8877 0.4717 0.0000
vt 0.5781 0.0020 0.0000
vt 0.9980 0.0020 0.0000
vt 0.8877 0.4717 0.0000
vt 0.5781 0.0020 0.0000
vt 0.9980 0.0020 0.0000
vt 0.8877 0.4717 0.0000
vt 0.5781 0.0020 0.0000
vt 0.9980 0.0020 0.0000
vt 0.8877 0.4717 0.0000
vt 0.5781 0.0020 0.0000
vt 0.9980 0.0020 0.0000
vt 0.8877 0.4717 0.0000
vt 0.5781 0.0020 0.0000
vt 0.9980 0.0020 0.0000
vt 0.8877 0.4717 0.0000
vt 0.5781 0.0020 0.0000
vt 0.9980 0.0020 0.0000
vt 0.8877 0.4717 0.0000
vt 0.5781 0.0020 0.0000
vt 0.9980 0.0020 0.0000
vt 0.8877 0.4717 0.0000
vt 0.5781 0.0020 0.0000
vt 0.9980 0.0020 0.0000
vt 0.8877 0.4717 0.0000
vt 0.5781 0.0020 0.0000
vt 0.9980 0.0020 0.0000
vt 0.8877 0.4717 0.0000
vt 0.5781 0.0020 0.0000
vt 0.9980 0.0020 0.0000
vt 0.8877 0.4717 0.0000
vt 0.5781 0.0020 0.0000
vt 0.9980 0.0020 0.0000
vt 0.8877 0.4717 0.0000
vt 0.5781 0.0020 0.0000
vt 0.9980 0.0020 0.0000
vt 0.8877 0.4717 0.0000
vt 0.5781 0.0020 0.0000
vt 0.9980 0.0020 0.0000
vt 0.8877 0.4717 0.0000
vt 0.5781 0.0020 0.0000
vt 0.9980 0.0020 0.0000
vt 0.8877 0.4717 0.0000
vt 0.5781 0.0020 0.0000
vt 0.9980 0.0020 0.0000
vt 0.8877 0.4717 0.0000
vt 0.5781 0.0020 0.0000
vt 0.9980 0.0020 0.0000
vt 0.8877 0.4717 0.0000
vt 0.5781 0.0020 0.0000
vt 0.9980 0.0020 0.0000
vt 0.8877 0.4717 0.0000
vt 0.5781 0.0020 0.0000
vt 0.9980 0.0020 0.0000
vt 0.8877 0.4717 0.0000
vt 0.5781 0.0020 0.0000
vt 0.9980 0.0020 0.0000
vt 0.8877 0.4717 0.0000
vt 0.5781 0.0020 0.0000
vt 0.9980 0.0020 0.0000
vt 0.8877 0.4717 0.0000
vt 0.5781 0.0020 0.0000
vt 0.9980 0.0020 0.0000
vt 0.8877 0.4717 0.0000
vt 0.5781 0.0020 0.0000
vt 0.9980 0.0020 0.0000
vt 0.8877 0.4717 0.0000
vt 0.5781 0.0020 0.0000
vt 0.9980 0.0020 0.0000
vt 0.8877 0.4717 0.0000
vt 0.5781 0.0020 0.0000
vt 0.9980 0.0020 0.0000
vt 0.8877 0.4717 0.0000
vt 0.5781 0.0020 0.0000
vt 0.9980 0.0020 0.0000
vt 0.8877 0.4717 0.0000
vt 0.5781 0.0020 0.0000
vt 0.9980 0.0020 0.0000
vt 0.8877 0.4717 0.0000
vt 0.5781 0.0020 0.0000
vt 0.9980 0.0020 0.0000
vt 0.8877 0.4717 0.0000
vt 0.5781 0.0020 0.0000
vt 0.9980 0.0020 0.0000
vt 0.8877 0.4717 0.0000
vt 0.5781 0.0020 0.0000
vt 0.9980 0.0020 0.0000
vt 0.8877 0.4717 0.0000
vt 0.5781 0.0020 0.0000
vt 0.9980 0.0020 0.0000
vt 0.8877 0.4717 0.0000
vt 0.5781 0.0020 0.0000
vt 0.9980 0.0020 0.0000
vt 0.8877 0.4717 0.0000
vt 0.5781 0.0020 0.0000
vt 0.9980 0.0020 0.0000
vt 0.8877 0.4717 0.0000
vt 0.5781 0.0020 0.0000
vt 0.9980 0.0020 0.0000
vt 0.8877 0.4717 0.0000
vt 0.5781 0.0020 0.0000
vt 0.9980 0.0020 0.0000
vt 0.8877 0.4717 0.0000
vt 0.5781 0.0020 0.0000
vt 0.9980 0.0020 0.0000
vt 0.8877 0.4717 0.0000
vt 0.5781 0.0020 0.0000
vt 0.9980 0.0020 0.0000
vt 0.8877 0.4717 0.0000
vt 0.5781 0.0020 0.0000
vt 0.9980 0.0020 0.0000
vt 0.8877 0.4717 0.0000
vt 0.5781 0.0020 0.0000
vt 0.9980 0.0020 0.0000
vt 0.8877 0.4717 0.0000
vt 0.5781 0.0020 0.0000
vt 0.9980 0.0020 0.0000
vt 0.8877 0.4717 0.0000
vt 0.5781 0.0020 0.0000
vt 0.9980 0.0020 0.0000
vt 0.8877 0.4717 0.0000
vt 0.5781 0.0020 0.0000
vt 0.9980 0.0020 0.0000
vt 0.8877 0.4717 0.0000
vt 0.5781 0.0020 0.0000
vt 0.9980 0.0020 0.0000
vt 0.8877 0.4717 0.0000
vt 0.5781 0.0020 0.0000
vt 0.9980 0.0020 0.0000
vt 0.8877 0.4717 0.0000
vt 0.5781 0.0020 0.0000
vt 0.9980 0.0020 0.0000
vt 0.8877 0.4717 0.0000
vt 0.5781 0.0020 0.0000
vt 0.9980 0.0020 0.0000
vt 0.8877 0.4717 0.0000
vt 0.5781 0.0020 0.0000
vt 0.9980 0.0020 0.0000
vt 0.8877 0.4717 0.0000
vt 0.5781 0.0020 0.0000
vt 0.9980 0.0020 0.0000
vt 0.8877 0.4717 0.0000
vt 0.5781 0.0020 0.0000
vt 0.9980 0.0020 0.0000
vt 0.8877 0.4717 0.0000
vt 0.5781 0.0020 0.0000
vt 0.9980 0.0020 0.0000
vt 0.8877 0.4717 0.0000
vt 0.5781 0.0020 0.0000
vt 0.9980 0.0020 0.0000
vt 0.8877 0.4717 0.0000
vt 0.5781 0.0020 0.0000
vt 0.9980 0.0020 0.0000
vt 0.8877 0.4717 0.0000
vt 0.5781 0.0020 0.0000
vt 0.9980 0.0020 0.0000
vt 0.8877 0.4717 0.0000
vt 0.5781 0.0020 0.0000
vt 0.9980 0.0020 0.0000
vt 0.8877 0.4717 0.0000
vt 0.5781 0.0020 0.0000
vt 0.9980 0.0020 0.0000
vt 0.8877 0.4717 0.0000
vt 0.5781 0.0020 0.0000
vt 0.9980 0.0020 0.0000
vt 0.8877 0.4717 0.0000
vt 0.5781 0.0020 0.0000
vt 0.9980 0.0020 0.0000
vt 0.8877 0.4717 0.0000
vt 0.5781 0.0020 0.0000
vt 0.9980 0.0020 0.0000
vt 0.8877 0.4717 0.0000
vt 0.5781 0.0020 0.0000
vt 0.9980 0.0020 0.0000
vt 0.8877 0.4717 0.0000
vt 0.5781 0.0020 0.0000
vt 0.9980 0.0020 0.0000
vt 0.8877 0.4717 0.0000
vt 0.5781 0.0020 0.0000
vt 0.9980 0.0020 0.0000
vt 0.8877 0.4717 0.0000
vt 0.5781 0.0020 0.0000
vt 0.9980 0.0020 0.0000
vt 0.8877 0.4717 0.0000
vt 0.5781 0.0020 0.0000
vt 0.9980 0.0020 0.0000
vt 0.8877 0.4717 0.0000
vt 0.5781 0.0020 0.0000
vt 0.9980 0.0020 0.0000
vt 0.8877 0.4717 0.0000
vt 0.5781 0.0020 0.0000
vt 0.9980 0.0020 0.0000
vt 0.8877 0.4717 0.0000
vt 0.5781 0.0020 0.0000
vt 0.9980 0.0020 0.0000
vt 0.8877 0.4717 0.0000
vt 0.5781 0.0020 0.0000
vt 0.9980 0.0020 0.0000
vt 0.8877 0.4717 0.0000
vt 0.5781 0.0020 0.0000
vt 0.9980 0.0020 0.0000
vt 0.8877 0.4717 0.0000
vt 0.5781 0.0020 0.0000
vt 0.9980 0.0020 0.0000
vt 0.8877 0.4717 0.0000
vt 0.5781 0.0020 0.0000
vt 0.9980 0.0020 0.0000
vt 0.8877 0.4717 0.0000
vt 0.5781 0.0020 0.0000
vt 0.9980 0.0020 0.0000
vt 0.8877 0.4717 0.0000
vt 0.5781 0.0020 0.0000
vt 0.9980 0.0020 0.0000
vt 0.8877 0.4717 0.0000
vt 0.5781 0.0020 0.0000
vt 0.9980 0.0020 0.0000
vt 0.8877 0.4717 0.0000
vt 0.5781 0.0020 0.0000
vt 0.9980 0.0020 0.0000
vt 0.8877 0.4717 0.0000
vt 0.5781 0.0020 0.0000
vt 0.9980 0.0020 0.0000
vt 0.8877 0.4717 0.0000
vt 0.5781 0.0020 0.0000
vt 0.9980 0.0020 0.0000
vt 0.8877 0.4717 0.0000
vt 0.5781 0.0020 0.0000
vt 0.9980 0.0020 0.0000
vt 0.8877 0.4717 0.0000
vt 0.5781 0.0020 0.0000
vt 0.9980 0.0020 0.0000
vt 0.8877 0.4717 0.0000
vt 0.5781 0.0020 0.0000
vt 0.9980 0.0020 0.0000
vt 0.8877 0.4717 0.0000
vt 0.5781 0.0020 0.0000
vt 0.6631 0.4717 0.0000
vt 0.5781 0.0020 0.0000
vt 0.9980 0.0020 0.0000
vt 0.8877 0.4717 0.0000
vt 0.8877 0.4717 0.0000
vt 0.8877 0.4717 0.0000
vt 0.8877 0.4717 0.0000
vt 0.8877 0.4717 0.0000
vt 0.8877 0.4717 0.0000
vt 0.6631 0.4717 0.0000
vt 0.6631 0.4717 0.0000
vt 0.8877 0.4717 0.0000
vt 0.5781 0.0020 0.0000
vt 0.9980 0.0020 0.0000
vt 0.6631 0.4717 0.0000
vt 0.6631 0.4717 0.0000
vt 0.6631 0.4717 0.0000
vt 0.6631 0.4717 0.0000
vt 0.6631 0.4717 0.0000
vt 0.6631 0.4717 0.0000
vt 0.6631 0.4717 0.0000
vt 0.6631 0.4717 0.0000
vt 0.6631 0.4717 0.0000
vt 0.6631 0.4717 0.0000
vt 0.6631 0.4717 0.0000
vt 0.6631 0.4717 0.0000
vt 0.6631 0.4717 0.0000
vt 0.6631 0.4717 0.0000
vt 0.6631 0.4717 0.0000
vt 0.6631 0.4717 0.0000
vt 0.6631 0.4717 0.0000
vt 0.6631 0.4717 0.0000
vt 0.6631 0.4717 0.0000
vt 0.6631 0.4717 0.0000
vt 0.6631 0.4717 0.0000
vt 0.6631 0.4717 0.0000
vt 0.6631 0.4717 0.0000
vt 0.6631 0.4717 0.0000
vt 0.6631 0.4717 0.0000
vt 0.6631 0.4717 0.0000
vt 0.6631 0.4717 0.0000
vt 0.6631 0.4717 0.0000
vt 0.6631 0.4717 0.0000
vt 0.6631 0.4717 0.0000
vt 0.6631 0.4717 0.0000
vt 0.6631 0.4717 0.0000
vt 0.6631 0.4717 0.0000
vt 0.6631 0.4717 0.0000
vt 0.6631 0.4717 0.0000
vt 0.6631 0.4717 0.0000
vt 0.6631 0.4717 0.0000
vt 0.6631 0.4717 0.0000
vt 0.6631 0.4717 0.0000
vt 0.6631 0.4717 0.0000
vt 0.6631 0.4717 0.0000
vt 0.6631 0.4717 0.0000
vt 0.6631 0.4717 0.0000
vt 0.6631 0.4717 0.0000
vt 0.6631 0.4717 0.0000
vt 0.6631 0.4717 0.0000
vt 0.6631 0.4717 0.0000
vt 0.6631 0.4717 0.0000
vt 0.6631 0.4717 0.0000
vt 0.6631 0.4717 0.0000
vt 0.6631 0.4717 0.0000
vt 0.6631 0.4717 0.0000
vt 0.6631 0.4717 0.0000
vt 0.6631 0.4717 0.0000
vt 0.6631 0.4717 0.0000
vt 0.6631 0.4717 0.0000
vt 0.6631 0.4717 0.0000
vt 0.6631 0.4717 0.0000
vt 0.6631 0.4717 0.0000
vt 0.6631 0.4717 0.0000
vt 0.6631 0.4717 0.0000
vt 0.6631 0.4717 0.0000
vt 0.6631 0.4717 0.0000
vt 0.6631 0.4717 0.0000
vt 0.6631 0.4717 0.0000
vt 0.6631 0.4717 0.0000
vt 0.6631 0.4717 0.0000
vt 0.6631 0.4717 0.0000
vt 0.6631 0.4717 0.0000
vt 0.6631 0.4717 0.0000
vt 0.6631 0.4717 0.0000
vt 0.6631 0.4717 0.0000
vt 0.6631 0.4717 0.0000
vt 0.6631 0.4717 0.0000
vt 0.6631 0.4717 0.0000
vt 0.6631 0.4717 0.0000
vt 0.6631 0.4717 0.0000
vt 0.6631 0.4717 0.0000
vt 0.6631 0.4717 0.0000
vt 0.6631 0.4717 0.0000
vt 0.6631 0.4717 0.0000
vt 0.6631 0.4717 0.0000
vt 0.6631 0.4717 0.0000
vt 0.6631 0.4717 0.0000
vt 0.6631 0.4717 0.0000
vt 0.9980 0.0020 0.0000
vt 0.8877 0.4717 0.0000
vt 0.5781 0.0020 0.0000
vt 0.6631 0.4717 0.0000
vt 0.5781 0.0020 0.0000
vt 0.9980 0.0020 0.0000
vt 0.6631 0.4717 0.0000
vt 0.5781 0.0020 0.0000
vt 0.9980 0.0020 0.0000
vt 0.6631 0.4717 0.0000
vt 0.5781 0.0020 0.0000
vt 0.9980 0.0020 0.0000
vt 0.6631 0.4717 0.0000
vt 0.5781 0.0020 0.0000
vt 0.9980 0.0020 0.0000
vt 0.6631 0.4717 0.0000
vt 0.5781 0.0020 0.0000
vt 0.9980 0.0020 0.0000
vt 0.6631 0.4717 0.0000
vt 0.5781 0.0020 0.0000
vt 0.9980 0.0020 0.0000
vt 0.8877 0.4717 0.0000
vt 0.8877 0.4717 0.0000
vt 0.8877 0.4717 0.0000
vt 0.6631 0.4717 0.0000
vt 0.5781 0.0020 0.0000
vt 0.9980 0.0020 0.0000
vt 0.8877 0.4717 0.0000
vt 0.6631 0.4717 0.0000
vt 0.5781 0.0020 0.0000
vt 0.9980 0.0020 0.0000
vt 0.8877 0.4717 0.0000
vt 0.8877 0.4717 0.0000
vt 0.6631 0.4717 0.0000
vt 0.8877 0.4717 0.0000
vt 0.6631 0.4717 0.0000
vt 0.5781 0.0020 0.0000
vt 0.9980 0.0020 0.0000
vt 0.9980 0.0020 0.0000
vt 0.8877 0.4717 0.0000
vt 0.5781 0.0020 0.0000
vt 0.6631 0.4717 0.0000
vt 0.5781 0.0020 0.0000
vt 0.9980 0.0020 0.0000
vt 0.8906 0.4839 0.0000
vt 0.8877 0.4717 0.0000
vt 0.8877 0.4717 0.0000
vt 0.8877 0.4717 0.0000
vt 0.8877 0.4717 0.0000
vt 0.8877 0.4717 0.0000
vt 0.8877 0.4717 0.0000
vt 0.6631 0.4717 0.0000
vt 0.6631 0.4717 0.0000
vt 0.6631 0.4717 0.0000
vt 0.6631 0.4717 0.0000
vt 0.6631 0.4717 0.0000
vt 0.6631 0.4717 0.0000
vt 0.6631 0.4717 0.0000
vt 0.6631 0.4717 0.0000
vt 0.6631 0.4717 0.0000
vt 0.6631 0.4717 0.0000
vt 0.6631 0.4717 0.0000
vt 0.6631 0.4717 0.0000
vt 0.6631 0.4717 0.0000
vt 0.6631 0.4717 0.0000
vt 0.6631 0.4717 0.0000
vt 0.6631 0.4717 0.0000
vt 0.6631 0.4717 0.0000
vt 0.6631 0.4717 0.0000
vt 0.6631 0.4717 0.0000
vt 0.6631 0.4717 0.0000
vt 0.6631 0.4717 0.0000
vt 0.6631 0.4717 0.0000
vt 0.6631 0.4717 0.0000
vt 0.6631 0.4717 0.0000
vt 0.6631 0.4717 0.0000
vt 0.6631 0.4717 0.0000
vt 0.6631 0.4717 0.0000
vt 0.6631 0.4717 0.0000
vt 0.6631 0.4717 0.0000
vt 0.6631 0.4717 0.0000
vt 0.6631 0.4717 0.0000
vt 0.6631 0.4717 0.0000
vt 0.6631 0.4717 0.0000
vt 0.6631 0.4717 0.0000
vt 0.6631 0.4717 0.0000
vt 0.6631 0.4717 0.0000
vt 0.6631 0.4717 0.0000
vt 0.6631 0.4717 0.0000
vt 0.6631 0.4717 0.0000
vt 0.6631 0.4717 0.0000
vt 0.6631 0.4717 0.0000
vt 0.6631 0.4717 0.0000
vt 0.6631 0.4717 0.0000
vt 0.6631 0.4717 0.0000
vt 0.6631 0.4717 0.0000
vt 0.6631 0.4717 0.0000
vt 0.6631 0.4717 0.0000
vt 0.6631 0.4717 0.0000
vt 0.6631 0.4717 0.0000
vt 0.6631 0.4717 0.0000
vt 0.6631 0.4717 0.0000
vt 0.6631 0.4717 0.0000
vt 0.6631 0.4717 0.0000
vt 0.6631 0.4717 0.0000
vt 0.6631 0.4717 0.0000
vt 0.6631 0.4717 0.0000
vt 0.6631 0.4717 0.0000
vt 0.6631 0.4717 0.0000
vt 0.6631 0.4717 0.0000
vt 0.6631 0.4717 0.0000
vt 0.6631 0.4717 0.0000
vt 0.6631 0.4717 0.0000
vt 0.6631 0.4717 0.0000
vt 0.6631 0.4717 0.0000
vt 0.6631 0.4717 0.0000
vt 0.6631 0.4717 0.0000
vt 0.6631 0.4717 0.0000
vt 0.6631 0.4717 0.0000
vt 0.6631 0.4717 0.0000
vt 0.6631 0.4717 0.0000
vt 0.6631 0.4717 0.0000
vt 0.6631 0.4717 0.0000
vt 0.6631 0.4717 0.0000
vt 0.6631 0.4717 0.0000
vt 0.6631 0.4717 0.0000
vt 0.6631 0.4717 0.0000
vt 0.6631 0.4717 0.0000
vt 0.6631 0.4717 0.0000
vt 0.6631 0.4717 0.0000
vt 0.6631 0.4717 0.0000
vt 0.6631 0.4717 0.0000
vt 0.6631 0.4717 0.0000
vt 0.6631 0.4717 0.0000
vt 0.6631 0.4717 0.0000
vt 0.6631 0.4717 0.0000
vt 0.6631 0.4717 0.0000
vt 0.6631 0.4717 0.0000
vt 0.8877 0.4717 0.0000
vt 0.8877 0.4717 0.0000
vt 0.8145 0.5605 0.0000
vt 0.9980 0.0020 0.0000
vt 0.8877 0.4717 0.0000
vt 0.5781 0.0020 0.0000
vt 0.8877 0.4717 0.0000
vt 0.5781 0.0020 0.0000
vt 0.9980 0.0020 0.0000
vt 0.8877 0.4717 0.0000
vt 0.8877 0.4717 0.0000
vt 0.9287 0.6011 0.0000
vt 0.8145 0.5605 0.0000
vt 0.8877 0.4717 0.0000
vt 0.8877 0.4717 0.0000
vt 0.6631 0.4717 0.0000
vt 0.8184 0.5117 0.0000
vt 0.9287 0.6011 0.0000
vt 0.8877 0.4717 0.0000
vt 0.8916 0.5056 0.0000
vt 0.8057 0.6291 0.0000
vt 0.8184 0.5117 0.0000
vt 0.6631 0.4717 0.0000
vt 0.6631 0.4717 0.0000
vt 0.5781 0.0020 0.0000
vt 0.9980 0.0020 0.0000
vt 0.6631 0.4717 0.0000
vt 0.5781 0.0020 0.0000
vt 0.9980 0.0020 0.0000
vt 0.6631 0.4717 0.0000
vt 0.5781 0.0020 0.0000
vt 0.9980 0.0020 0.0000
vt 0.6631 0.4717 0.0000
vt 0.5781 0.0020 0.0000
vt 0.9980 0.0020 0.0000
vt 0.6631 0.4717 0.0000
vt 0.5781 0.0020 0.0000
vt 0.9980 0.0020 0.0000
vt 0.6631 0.4717 0.0000
vt 0.5781 0.0020 0.0000
vt 0.9980 0.0020 0.0000
vt 0.8184 0.5632 0.0000
vt 0.8877 0.4717 0.0000
vt 0.8877 0.4717 0.0000
vt 0.8877 0.4717 0.0000
vt 0.8877 0.4717 0.0000
vt 0.8877 0.4717 0.0000
vt 0.8877 0.4717 0.0000
vt 0.6631 0.4717 0.0000
vt 0.6631 0.4717 0.0000
vt 0.6631 0.4717 0.0000
vt 0.6631 0.4717 0.0000
vt 0.6631 0.4717 0.0000
vt 0.6631 0.4717 0.0000
vt 0.6631 0.4717 0.0000
vt 0.6631 0.4717 0.0000
vt 0.6631 0.4717 0.0000
vt 0.6631 0.4717 0.0000
vt 0.6631 0.4717 0.0000
vt 0.6631 0.4717 0.0000
vt 0.6631 0.4717 0.0000
vt 0.6631 0.4717 0.0000
vt 0.6631 0.4717 0.0000
vt 0.6631 0.4717 0.0000
vt 0.6631 0.4717 0.0000
vt 0.6631 0.4717 0.0000
vt 0.6631 0.4717 0.0000
vt 0.6631 0.4717 0.0000
vt 0.6631 0.4717 0.0000
vt 0.6631 0.4717 0.0000
vt 0.6631 0.4717 0.0000
vt 0.6631 0.4717 0.0000
vt 0.6631 0.4717 0.0000
vt 0.6631 0.4717 0.0000
vt 0.6631 0.4717 0.0000
vt 0.6631 0.4717 0.0000
vt 0.6631 0.4717 0.0000
vt 0.6631 0.4717 0.0000
vt 0.6631 0.4717 0.0000
vt 0.6631 0.4717 0.0000
vt 0.6631 0.4717 0.0000
vt 0.6631 0.4717 0.0000
vt 0.6631 0.4717 0.0000
vt 0.6631 0.4717 0.0000
vt 0.6631 0.4717 0.0000
vt 0.6631 0.4717 0.0000
vt 0.6631 0.4717 0.0000
vt 0.6631 0.4717 0.0000
vt 0.6631 0.4717 0.0000
vt 0.6631 0.4717 0.0000
vt 0.6631 0.4717 0.0000
vt 0.6631 0.4717 0.0000
vt 0.6631 0.4717 0.0000
vt 0.6631 0.4717 0.0000
vt 0.6631 0.4717 0.0000
vt 0.6631 0.4717 0.0000
vt 0.6631 0.4717 0.0000
vt 0.6631 0.4717 0.0000
vt 0.6631 0.4717 0.0000
vt 0.6631 0.4717 0.0000
vt 0.6631 0.4717 0.0000
vt 0.6631 0.4717 0.0000
vt 0.6631 0.4717 0.0000
vt 0.6631 0.4717 0.0000
vt 0.6631 0.4717 0.0000
vt 0.6631 0.4717 0.0000
vt 0.6631 0.4717 0.0000
vt 0.6631 0.4717 0.0000
vt 0.6631 0.4717 0.0000
vt 0.6631 0.4717 0.0000
vt 0.6631 0.4717 0.0000
vt 0.6631 0.4717 0.0000
vt 0.6631 0.4717 0.0000
vt 0.6631 0.4717 0.0000
vt 0.6631 0.4717 0.0000
vt 0.6631 0.4717 0.0000
vt 0.6631 0.4717 0.0000
vt 0.6631 0.4717 0.0000
vt 0.6631 0.4717 0.0000
vt 0.6631 0.4717 0.0000
vt 0.6631 0.4717 0.0000
vt 0.6631 0.4717 0.0000
vt 0.6631 0.4717 0.0000
vt 0.6631 0.4717 0.0000
vt 0.6631 0.4717 0.0000
vt 0.6631 0.4717 0.0000
vt 0.6631 0.4717 0.0000
vt 0.6631 0.4717 0.0000
vt 0.6631 0.4717 0.0000
vt 0.6631 0.4717 0.0000
vt 0.6631 0.4717 0.0000
vt 0.6631 0.4717 0.0000
vt 0.6631 0.4717 0.0000
vt 0.6631 0.4717 0.0000
vt 0.6631 0.4717 0.0000
vt 0.8877 0.4717 0.0000
vt 0.8877 0.4717 0.0000
vt 0.8906 0.4839 0.0000
vt 0.8130 0.6301 0.0000
vt 0.8877 0.4717 0.0000
vt 0.6631 0.4717 0.0000
vt 0.8877 0.4717 0.0000
vt 0.8877 0.4717 0.0000
vt 0.8877 0.4717 0.0000
vt 0.8877 0.4717 0.0000
vt 0.8877 0.4717 0.0000
vt 0.5781 0.0020 0.0000
vt 0.9980 0.0020 0.0000
vt 0.8916 0.5056 0.0000
vt 0.8906 0.4839 0.0000
vt 0.6631 0.4717 0.0000
vt 0.9258 0.6030 0.0000
vt 0.6631 0.4717 0.0000
vt 0.9009 0.5505 0.0000
vt 0.8184 0.5632 0.0000
vt 0.8184 0.5117 0.0000
vt 0.8877 0.4717 0.0000
vt 0.8877 0.4717 0.0000
vt 0.8877 0.4717 0.0000
vt 0.8877 0.4717 0.0000
vt 0.8877 0.4717 0.0000
vt 0.8877 0.4717 0.0000
vt 0.6631 0.4717 0.0000
vt 0.6631 0.4717 0.0000
vt 0.6631 0.4717 0.0000
vt 0.6631 0.4717 0.0000
vt 0.6631 0.4717 0.0000
vt 0.6631 0.4717 0.0000
vt 0.6631 0.4717 0.0000
vt 0.6631 0.4717 0.0000
vt 0.6631 0.4717 0.0000
vt 0.6631 0.4717 0.0000
vt 0.6631 0.4717 0.0000
vt 0.6631 0.4717 0.0000
vt 0.6631 0.4717 0.0000
vt 0.6631 0.4717 0.0000
vt 0.6631 0.4717 0.0000
vt 0.6631 0.4717 0.0000
vt 0.6631 0.4717 0.0000
vt 0.6631 0.4717 0.0000
vt 0.6631 0.4717 0.0000
vt 0.6631 0.4717 0.0000
vt 0.6631 0.4717 0.0000
vt 0.6631 0.4717 0.0000
vt 0.6631 0.4717 0.0000
vt 0.6631 0.4717 0.0000
vt 0.6631 0.4717 0.0000
vt 0.6631 0.4717 0.0000
vt 0.6631 0.4717 0.0000
vt 0.6631 0.4717 0.0000
vt 0.6631 0.4717 0.0000
vt 0.6631 0.4717 0.0000
vt 0.6631 0.4717 0.0000
vt 0.6631 0.4717 0.0000
vt 0.6631 0.4717 0.0000
vt 0.6631 0.4717 0.0000
vt 0.6631 0.4717 0.0000
vt 0.6631 0.4717 0.0000
vt 0.6631 0.4717 0.0000
vt 0.6631 0.4717 0.0000
vt 0.6631 0.4717 0.0000
vt 0.6631 0.4717 0.0000
vt 0.6631 0.4717 0.0000
vt 0.6631 0.4717 0.0000
vt 0.6631 0.4717 0.0000
vt 0.6631 0.4717 0.0000
vt 0.6631 0.4717 0.0000
vt 0.6631 0.4717 0.0000
vt 0.6631 0.4717 0.0000
vt 0.6631 0.4717 0.0000
vt 0.6631 0.4717 0.0000
vt 0.6631 0.4717 0.0000
vt 0.6631 0.4717 0.0000
vt 0.6631 0.4717 0.0000
vt 0.6631 0.4717 0.0000
vt 0.6631 0.4717 0.0000
vt 0.6631 0.4717 0.0000
vt 0.6631 0.4717 0.0000
vt 0.6631 0.4717 0.0000
vt 0.6631 0.4717 0.0000
vt 0.6631 0.4717 0.0000
vt 0.6631 0.4717 0.0000
vt 0.6631 0.4717 0.0000
vt 0.6631 0.4717 0.0000
vt 0.6631 0.4717 0.0000
vt 0.6631 0.4717 0.0000
vt 0.6631 0.4717 0.0000
vt 0.6631 0.4717 0.0000
vt 0.6631 0.4717 0.0000
vt 0.6631 0.4717 0.0000
vt 0.6631 0.4717 0.0000
vt 0.6631 0.4717 0.0000
# 1651 texture coords

o SM_Urchin_Group_01_LOD1
g SM_Urchin_Group_01_LOD1
usemtl MAT_Urchin
s 1
f 3621/3621/4921 2065/2066/4922 2072/2072/4923 
f 2997/2997/4924 3486/3486/4925 2952/2952/4926 
f 2083/2083/4927 2069/2069/4928 2983/2983/4929 
f 2357/2357/4930 3503/3503/4931 3501/3501/4932 
f 2368/2368/4933 3496/3496/4934 2983/2983/4935 
f 2068/2070/4936 3500/3500/4937 2071/2071/4938 
f 2072/2072/4939 2997/2997/4940 3622/3622/4941 
f 2067/2065/4942 3505/3505/4943 2066/2067/4944 
f 2075/2073/4945 3257/3257/4946 2073/2075/4947 
f 3638/3638/4948 3632/3632/4949 3495/3495/4950 
f 2078/2077/4951 3504/3504/4952 3637/3637/4953 
f 2653/2653/4954 3504/3504/4955 3633/3633/4956 
f 2652/2652/4957 3495/3495/4958 2079/2079/4959 
f 2081/2080/4960 3525/3525/4961 2654/2654/4962 
f 2080/2082/4963 2082/2081/4964 3390/3390/4965 
f 2068/2070/4966 2070/2068/4967 3500/3500/4968 
f 3501/3501/4969 2069/2069/4970 2083/2083/4971 
f 2086/2084/4972 3398/3398/4973 2084/2086/4974 
f 2087/2087/4975 2089/2088/4976 3295/3295/4977 
f 2091/2090/4978 2090/2091/4979 2092/2092/4980 
f 2094/2093/4981 2095/2094/4982 2093/2095/4983 
f 3369/3369/4984 2098/2097/4985 2097/2098/4986 
f 2100/2099/4987 3256/3256/4988 2101/2101/4989 
f 2103/2102/4990 3286/3286/4991 2104/2104/4992 
f 2106/2105/4993 3329/3329/4994 2107/2107/4995 
f 2109/2108/4996 3336/3336/4997 2110/2110/4998 
f 2112/2111/4999 3284/3284/5000 2113/2113/5001 
f 2115/2114/5002 3274/3274/5003 2116/2116/5004 
f 2118/2117/5005 3339/3339/5006 2119/2119/5007 
f 2121/2120/5008 3332/3332/5009 2122/2122/5010 
f 2124/2123/5011 3287/3287/5012 2125/2125/5013 
f 2127/2126/5014 3261/3261/5015 2128/2128/5016 
f 2130/2129/5017 3282/3282/5018 2131/2131/5019 
f 2133/2132/5020 3271/3271/5021 2134/2134/5022 
f 2136/2135/5023 3307/3307/5024 2137/2137/5025 
f 2139/2138/5026 3324/3324/5027 2140/2140/5028 
f 2142/2141/5029 3323/3323/5030 2143/2143/5031 
f 2145/2144/5032 3267/3267/5033 2146/2146/5034 
f 2148/2147/5035 3338/3338/5036 2149/2149/5037 
f 2151/2150/5038 3321/3321/5039 2152/2152/5040 
f 2154/2153/5041 3270/3270/5042 2155/2155/5043 
f 2157/2156/5044 3337/3337/5045 2158/2158/5046 
f 2160/2159/5047 3285/3285/5048 2161/2161/5049 
f 2163/2162/5050 3296/3296/5051 2164/2164/5052 
f 2166/2165/5053 3264/3264/5054 2167/2167/5055 
f 2169/2168/5056 3316/3316/5057 2170/2170/5058 
f 2172/2171/5059 3311/3311/5060 2173/2173/5061 
f 2175/2174/5062 3276/3276/5063 2176/2176/5064 
f 2178/2177/5065 3275/3275/5066 2179/2179/5067 
f 2181/2180/5068 3314/3314/5069 2182/2182/5070 
f 2184/2183/5071 3342/3342/5072 2185/2185/5073 
f 2187/2186/5074 3283/3283/5075 2188/2188/5076 
f 2190/2189/5077 3303/3303/5078 2191/2191/5079 
f 2193/2192/5080 3326/3326/5081 2194/2194/5082 
f 2196/2195/5083 3343/3343/5084 2197/2197/5085 
f 2199/2198/5086 3320/3320/5087 2200/2200/5088 
f 2202/2201/5089 3313/3313/5090 2203/2203/5091 
f 2205/2204/5092 3328/3328/5093 2206/2206/5094 
f 2208/2207/5095 3325/3325/5096 2209/2209/5097 
f 2211/2210/5098 3331/3331/5099 2212/2212/5100 
f 2214/2213/5101 3298/3298/5102 2215/2215/5103 
f 2217/2216/5104 3334/3334/5105 2218/2218/5106 
f 2220/2219/5107 3308/3308/5108 2221/2221/5109 
f 2223/2222/5110 3330/3330/5111 2224/2224/5112 
f 2226/2225/5113 3306/3306/5114 2227/2227/5115 
f 2229/2228/5116 3305/3305/5117 2230/2230/5118 
f 2232/2231/5119 3279/3279/5120 2233/2233/5121 
f 2235/2234/5122 3341/3341/5123 2236/2236/5124 
f 2238/2237/5125 3309/3309/5126 2239/2239/5127 
f 2241/2240/5128 3319/3319/5129 2242/2242/5130 
f 2244/2243/5131 3280/3280/5132 2245/2245/5133 
f 2247/2246/5134 3281/3281/5135 2248/2248/5136 
f 2250/2249/5137 3304/3304/5138 2251/2251/5139 
f 2253/2252/5140 3317/3317/5141 2254/2254/5142 
f 2256/2255/5143 3299/3299/5144 2257/2257/5145 
f 2259/2258/5146 3266/3266/5147 2260/2260/5148 
f 2262/2261/5149 3290/3290/5150 2263/2263/5151 
f 2265/2264/5152 3302/3302/5153 2266/2266/5154 
f 2268/2267/5155 3291/3291/5156 2269/2269/5157 
f 2271/2270/5158 3315/3315/5159 2272/2272/5160 
f 2274/2273/5161 3300/3300/5162 2275/2275/5163 
f 2277/2276/5164 3289/3289/5165 2278/2278/5166 
f 2280/2279/5167 3344/3344/5168 2281/2281/5169 
f 2283/2282/5170 3269/3269/5171 2284/2284/5172 
f 2286/2285/5173 3327/3327/5174 2287/2287/5175 
f 2289/2288/5176 3297/3297/5177 2290/2290/5178 
f 2292/2291/5179 3322/3322/5180 2293/2293/5181 
f 2295/2294/5182 3265/3265/5183 2296/2296/5184 
f 2298/2297/5185 3272/3272/5186 2299/2299/5187 
f 2301/2300/5188 3288/3288/5189 2302/2302/5190 
f 2304/2303/5191 3293/3293/5192 2305/2305/5193 
f 2307/2306/5194 3333/3333/5195 2308/2308/5196 
f 2310/2309/5197 3294/3294/5198 2311/2311/5199 
f 2313/2312/5200 3278/3278/5201 2314/2314/5202 
f 2316/2315/5203 3277/3277/5204 2317/2317/5205 
f 2319/2318/5206 3312/3312/5207 2320/2320/5208 
f 2322/2321/5209 3292/3292/5210 2323/2323/5211 
f 2325/2324/5212 3318/3318/5213 2326/2326/5214 
f 2328/2327/5215 3263/3263/5216 2329/2329/5217 
f 2331/2330/5218 3340/3340/5219 2332/2332/5220 
f 2334/2333/5221 3273/3273/5222 2335/2335/5223 
f 2337/2336/5224 3301/3301/5225 2338/2338/5226 
f 2340/2339/5227 3335/3335/5228 2341/2341/5229 
f 2343/2342/5230 3345/3345/5231 2344/2344/5232 
f 3368/3368/5233 2345/2346/5234 2347/2347/5235 
f 2350/2348/5236 3533/3533/5237 2348/2350/5238 
f 2352/2351/5239 3499/3499/5240 2353/2353/5241 
f 2354/2354/5242 2356/2355/5243 3473/3473/5244 
f 2068/2070/5245 2071/2071/5246 3496/3496/5247 
f 2068/2070/5248 2357/2357/5249 2070/2068/5250 
f 2359/2358/5251 2358/2359/5252 2360/2360/5253 
f 3639/3639/5254 3390/3390/5255 2082/2081/5256 
f 2654/2654/5257 2361/2361/5258 2081/2080/5259 
f 3380/3380/5260 2362/2363/5261 2364/2364/5262 
f 3373/3373/5263 2367/2366/5264 2366/2367/5265 
f 3503/3503/5266 2069/2069/5267 3501/3501/5268 
f 2983/2983/5269 2069/2069/5270 2368/2368/5271 
f 2370/2369/5272 2371/2370/5273 2369/2371/5274 
f 3493/3493/5275 2374/2373/5276 2373/2374/5277 
f 3367/3367/5278 2377/2376/5279 2376/2377/5280 
f 2379/2378/5281 3397/3397/5282 2380/2380/5283 
f 2382/2381/5284 3310/3310/5285 2383/2383/5286 
f 2385/2384/5287 3481/3481/5288 2386/2386/5289 
f 2388/2387/5290 3474/3474/5291 2389/2389/5292 
f 2391/2390/5293 3443/3443/5294 2392/2392/5295 
f 2394/2393/5296 3478/3478/5297 2395/2395/5298 
f 2397/2396/5299 3399/3399/5300 2398/2398/5301 
f 2400/2399/5302 3479/3479/5303 2401/2401/5304 
f 2403/2402/5305 3461/3461/5306 2404/2404/5307 
f 2406/2405/5308 3402/3402/5309 2407/2407/5310 
f 2409/2408/5311 3400/3400/5312 2410/2410/5313 
f 2412/2411/5314 3432/3432/5315 2413/2413/5316 
f 2415/2414/5317 3458/3458/5318 2416/2416/5319 
f 2418/2417/5320 3423/3423/5321 2419/2419/5322 
f 2421/2420/5323 3439/3439/5324 2422/2422/5325 
f 2424/2423/5326 3404/3404/5327 2425/2425/5328 
f 2427/2426/5329 3456/3456/5330 2428/2428/5331 
f 2430/2429/5332 3449/3449/5333 2431/2431/5334 
f 2433/2432/5335 3430/3430/5336 2434/2434/5337 
f 2436/2435/5338 3455/3455/5339 2437/2437/5340 
f 2439/2438/5341 3444/3444/5342 2440/2440/5343 
f 2442/2441/5344 3441/3441/5345 2443/2443/5346 
f 2445/2444/5347 3422/3422/5348 2446/2446/5349 
f 2448/2447/5350 3431/3431/5351 2449/2449/5352 
f 2451/2450/5353 3463/3463/5354 2452/2452/5355 
f 2454/2453/5356 3408/3408/5357 2455/2455/5358 
f 2457/2456/5359 3438/3438/5360 2458/2458/5361 
f 2460/2459/5362 3405/3405/5363 2461/2461/5364 
f 2463/2462/5365 3440/3440/5366 2464/2464/5367 
f 2466/2465/5368 3406/3406/5369 2467/2467/5370 
f 2469/2468/5371 3434/3434/5372 2470/2470/5373 
f 2472/2471/5374 3462/3462/5375 2473/2473/5376 
f 2475/2474/5377 3409/3409/5378 2476/2476/5379 
f 2478/2477/5380 3433/3433/5381 2479/2479/5382 
f 2481/2480/5383 3466/3466/5384 2482/2482/5385 
f 2484/2483/5386 3460/3460/5387 2485/2485/5388 
f 2487/2486/5389 3436/3436/5390 2488/2488/5391 
f 2490/2489/5392 3411/3411/5393 2491/2491/5394 
f 2493/2492/5395 3480/3480/5396 2494/2494/5397 
f 2496/2495/5398 3424/3424/5399 2497/2497/5400 
f 2499/2498/5401 3419/3419/5402 2500/2500/5403 
f 2502/2501/5404 3415/3415/5405 2503/2503/5406 
f 2505/2504/5407 3464/3464/5408 2506/2506/5409 
f 2508/2507/5410 3414/3414/5411 2509/2509/5412 
f 2511/2510/5413 3445/3445/5414 2512/2512/5415 
f 2514/2513/5416 3465/3465/5417 2515/2515/5418 
f 2517/2516/5419 3482/3482/5420 2518/2518/5421 
f 2520/2519/5422 3477/3477/5423 2521/2521/5424 
f 2523/2522/5425 3420/3420/5426 2524/2524/5427 
f 2526/2525/5428 3468/3468/5429 2527/2527/5430 
f 2529/2528/5431 3447/3447/5432 2530/2530/5433 
f 2532/2531/5434 3457/3457/5435 2533/2533/5436 
f 2535/2534/5437 3467/3467/5438 2536/2536/5439 
f 2538/2537/5440 3427/3427/5441 2539/2539/5442 
f 2541/2540/5443 3471/3471/5444 2542/2542/5445 
f 2544/2543/5446 3418/3418/5447 2545/2545/5448 
f 2547/2546/5449 3453/3453/5450 2548/2548/5451 
f 2550/2549/5452 3416/3416/5453 2551/2551/5454 
f 2553/2552/5455 3454/3454/5456 2554/2554/5457 
f 2556/2555/5458 3425/3425/5459 2557/2557/5460 
f 2559/2558/5461 3407/3407/5462 2560/2560/5463 
f 2562/2561/5464 3401/3401/5465 2563/2563/5466 
f 2565/2564/5467 3452/3452/5468 2566/2566/5469 
f 2568/2567/5470 3437/3437/5471 2569/2569/5472 
f 2571/2570/5473 3410/3410/5474 2572/2572/5475 
f 2574/2573/5476 3470/3470/5477 2575/2575/5478 
f 2577/2576/5479 3446/3446/5480 2578/2578/5481 
f 2580/2579/5482 3475/3475/5483 2581/2581/5484 
f 2583/2582/5485 3426/3426/5486 2584/2584/5487 
f 2586/2585/5488 3459/3459/5489 2587/2587/5490 
f 2589/2588/5491 3472/3472/5492 2590/2590/5493 
f 2592/2591/5494 3442/3442/5495 2593/2593/5496 
f 2595/2594/5497 3412/3412/5498 2596/2596/5499 
f 2598/2597/5500 3413/3413/5501 2599/2599/5502 
f 2601/2600/5503 3417/3417/5504 2602/2602/5505 
f 2604/2603/5506 3403/3403/5507 2605/2605/5508 
f 2607/2606/5509 3429/3429/5510 2608/2608/5511 
f 2610/2609/5512 3435/3435/5513 2611/2611/5514 
f 2613/2612/5515 3450/3450/5516 2614/2614/5517 
f 2616/2615/5518 3428/3428/5519 2617/2617/5520 
f 2619/2618/5521 3469/3469/5522 2620/2620/5523 
f 2622/2621/5524 3421/3421/5525 2623/2623/5526 
f 3378/3378/5527 2624/2625/5528 2626/2626/5529 
f 2628/2627/5530 3483/3483/5531 2629/2629/5532 
f 2630/2630/5533 3486/3486/5534 2997/2997/5535 
f 3621/3621/5536 3505/3505/5537 2067/2065/5538 
f 3485/3485/5539 2631/2632/5540 2633/2633/5541 
f 2635/2634/5542 3624/3624/5543 2636/2636/5544 
f 2638/2637/5545 3268/3268/5546 2639/2639/5547 
f 3502/3502/5548 2640/2641/5549 2642/2642/5550 
f 2643/2643/5551 2645/2644/5552 3590/3590/5553 
f 3494/3494/5554 2648/2647/5555 2647/2648/5556 
f 2650/2649/5557 2649/2650/5558 2651/2651/5559 
f 2078/2077/5560 3638/3638/5561 2076/2076/5562 
f 2652/2652/5563 2079/2079/5564 2076/2076/5565 
f 3637/3637/5566 2077/2078/5567 3632/3632/5568 
f 2077/2078/5569 2653/2653/5570 3633/3633/5571 
f 2361/2361/5572 2654/2654/5573 3635/3635/5574 
f 2654/2654/5575 2082/2081/5576 2080/2082/5577 
f 2656/2655/5578 2657/2656/5579 2655/2657/5580 
f 3484/3484/5581 2660/2659/5582 2659/2660/5583 
f 2663/2661/5584 3647/3647/5585 2661/2663/5586 
f 3254/3254/5587 2664/2665/5588 2666/2666/5589 
f 3251/3251/5590 2667/2668/5591 2669/2669/5592 
f 3255/3255/5593 2670/2671/5594 2672/2672/5595 
f 3253/3253/5596 2673/2674/5597 2675/2675/5598 
f 3250/3250/5599 2676/2677/5600 2678/2678/5601 
f 3252/3252/5602 2679/2680/5603 2681/2681/5604 
f 2683/2682/5605 3451/3451/5606 2684/2684/5607 
f 3498/3498/5608 2685/2686/5609 2687/2687/5610 
f 3623/3623/5611 2690/2689/5612 2689/2690/5613 
f 2692/2691/5614 3532/3532/5615 2693/2693/5616 
f 2695/2694/5617 3573/3573/5618 2696/2696/5619 
f 2698/2697/5620 3546/3546/5621 2699/2699/5622 
f 2701/2700/5623 3550/3550/5624 2702/2702/5625 
f 2704/2703/5626 3561/3561/5627 2705/2705/5628 
f 2707/2706/5629 3566/3566/5630 2708/2708/5631 
f 2710/2709/5632 3537/3537/5633 2711/2711/5634 
f 2713/2712/5635 3577/3577/5636 2714/2714/5637 
f 2716/2715/5638 3555/3555/5639 2717/2717/5640 
f 2719/2718/5641 3610/3610/5642 2720/2720/5643 
f 2722/2721/5644 3583/3583/5645 2723/2723/5646 
f 2725/2724/5647 3540/3540/5648 2726/2726/5649 
f 2728/2727/5650 3613/3613/5651 2729/2729/5652 
f 2731/2730/5653 3547/3547/5654 2732/2732/5655 
f 2734/2733/5656 3545/3545/5657 2735/2735/5658 
f 2737/2736/5659 3604/3604/5660 2738/2738/5661 
f 2740/2739/5662 3536/3536/5663 2741/2741/5664 
f 2743/2742/5665 3542/3542/5666 2744/2744/5667 
f 2746/2745/5668 3541/3541/5669 2747/2747/5670 
f 2749/2748/5671 3562/3562/5672 2750/2750/5673 
f 2752/2751/5674 3600/3600/5675 2753/2753/5676 
f 2755/2754/5677 3549/3549/5678 2756/2756/5679 
f 2758/2757/5680 3553/3553/5681 2759/2759/5682 
f 2761/2760/5683 3574/3574/5684 2762/2762/5685 
f 2764/2763/5686 3557/3557/5687 2765/2765/5688 
f 2767/2766/5689 3552/3552/5690 2768/2768/5691 
f 2770/2769/5692 3581/3581/5693 2771/2771/5694 
f 2773/2772/5695 3558/3558/5696 2774/2774/5697 
f 2776/2775/5698 3544/3544/5699 2777/2777/5700 
f 2779/2778/5701 3587/3587/5702 2780/2780/5703 
f 2782/2781/5704 3580/3580/5705 2783/2783/5706 
f 2785/2784/5707 3559/3559/5708 2786/2786/5709 
f 2788/2787/5710 3576/3576/5711 2789/2789/5712 
f 2791/2790/5713 3554/3554/5714 2792/2792/5715 
f 2794/2793/5716 3588/3588/5717 2795/2795/5718 
f 2797/2796/5719 3543/3543/5720 2798/2798/5721 
f 2800/2799/5722 3534/3534/5723 2801/2801/5724 
f 2803/2802/5725 3603/3603/5726 2804/2804/5727 
f 2806/2805/5728 3538/3538/5729 2807/2807/5730 
f 2809/2808/5731 3565/3565/5732 2810/2810/5733 
f 2812/2811/5734 3571/3571/5735 2813/2813/5736 
f 2815/2814/5737 3575/3575/5738 2816/2816/5739 
f 2818/2817/5740 3616/3616/5741 2819/2819/5742 
f 2821/2820/5743 3556/3556/5744 2822/2822/5745 
f 2824/2823/5746 3563/3563/5747 2825/2825/5748 
f 2827/2826/5749 3569/3569/5750 2828/2828/5751 
f 2830/2829/5752 3582/3582/5753 2831/2831/5754 
f 2833/2832/5755 3607/3607/5756 2834/2834/5757 
f 2836/2835/5758 3548/3548/5759 2837/2837/5760 
f 2839/2838/5761 3535/3535/5762 2840/2840/5763 
f 2842/2841/5764 3597/3597/5765 2843/2843/5766 
f 2845/2844/5767 3598/3598/5768 2846/2846/5769 
f 2848/2847/5770 3585/3585/5771 2849/2849/5772 
f 2851/2850/5773 3608/3608/5774 2852/2852/5775 
f 2854/2853/5776 3599/3599/5777 2855/2855/5778 
f 2857/2856/5779 3601/3601/5780 2858/2858/5781 
f 2860/2859/5782 3611/3611/5783 2861/2861/5784 
f 2863/2862/5785 3570/3570/5786 2864/2864/5787 
f 2866/2865/5788 3572/3572/5789 2867/2867/5790 
f 2869/2868/5791 3591/3591/5792 2870/2870/5793 
f 2872/2871/5794 3596/3596/5795 2873/2873/5796 
f 2875/2874/5797 3539/3539/5798 2876/2876/5799 
f 2878/2877/5800 3602/3602/5801 2879/2879/5802 
f 2881/2880/5803 3593/3593/5804 2882/2882/5805 
f 2884/2883/5806 3606/3606/5807 2885/2885/5808 
f 2887/2886/5809 3589/3589/5810 2888/2888/5811 
f 2890/2889/5812 3609/3609/5813 2891/2891/5814 
f 2893/2892/5815 3586/3586/5816 2894/2894/5817 
f 2896/2895/5818 3595/3595/5819 2897/2897/5820 
f 2899/2898/5821 3567/3567/5822 2900/2900/5823 
f 2902/2901/5824 3564/3564/5825 2903/2903/5826 
f 2905/2904/5827 3612/3612/5828 2906/2906/5829 
f 2908/2907/5830 3605/3605/5831 2909/2909/5832 
f 2911/2910/5833 3551/3551/5834 2912/2912/5835 
f 2914/2913/5836 3614/3614/5837 2915/2915/5838 
f 2917/2916/5839 3560/3560/5840 2918/2918/5841 
f 2920/2919/5842 3617/3617/5843 2921/2921/5844 
f 2923/2922/5845 3615/3615/5846 2924/2924/5847 
f 2926/2925/5848 3584/3584/5849 2927/2927/5850 
f 2929/2928/5851 3578/3578/5852 2930/2930/5853 
f 2932/2931/5854 3568/3568/5855 2933/2933/5856 
f 2935/2934/5857 3618/3618/5858 2936/2936/5859 
f 3620/3620/5860 2937/2938/5861 2939/2939/5862 
f 2941/2940/5863 3448/3448/5864 2942/2942/5865 
f 2944/2943/5866 3636/3636/5867 2945/2945/5868 
f 3628/3628/5869 2946/2947/5870 2948/2948/5871 
f 3625/3625/5872 2951/2950/5873 2950/2951/5874 
f 2066/2067/5875 3505/3505/5876 3622/3622/5877 
f 2952/2952/5878 3486/3486/5879 2066/2067/5880 
f 3392/3392/5881 2953/2954/5882 2955/2955/5883 
f 3394/3394/5884 2956/2957/5885 2958/2958/5886 
f 3393/3393/5887 2959/2960/5888 2961/2961/5889 
f 3396/3396/5890 2962/2963/5891 2964/2964/5892 
f 3395/3395/5893 2965/2966/5894 2967/2967/5895 
f 3391/3391/5896 2968/2969/5897 2970/2970/5898 
f 3619/3619/5899 2973/2972/5900 2972/2973/5901 
f 2975/2974/5902 2974/2975/5903 2976/2976/5904 
f 2977/2977/5905 2979/2978/5906 3659/3659/5907 
f 2981/2980/5908 3592/3592/5909 2982/2982/5910 
f 2983/2983/5911 3496/3496/5912 2071/2071/5913 
f 2983/2983/5914 2071/2071/5915 3500/3500/5916 
f 3627/3627/5917 2984/2985/5918 2986/2986/5919 
f 2988/2987/5920 2987/2988/5921 2989/2989/5922 
f 2991/2990/5923 2992/2991/5924 2990/2992/5925 
f 2094/2093/5926 2093/2095/5927 2993/2993/5928 
f 2995/2994/5929 3579/3579/5930 2996/2996/5931 
f 2065/2066/5932 2630/2630/5933 2997/2997/5934 
f 2072/2072/5935 2065/2066/5936 2997/2997/5937 
f 2998/2998/5938 3000/2999/5939 2999/3000/5940 
f 3002/3001/5941 3646/3646/5942 3003/3003/5943 
f 3005/3004/5944 3004/3005/5945 3006/3006/5946 
f 3008/3007/5947 3007/3008/5948 3009/3009/5949 
f 3011/3010/5950 3694/3694/5951 3012/3012/5952 
f 3014/3013/5953 3657/3657/5954 3015/3015/5955 
f 3017/3016/5956 3650/3650/5957 3018/3018/5958 
f 3020/3019/5959 3679/3679/5960 3021/3021/5961 
f 3023/3022/5962 3672/3672/5963 3024/3024/5964 
f 3026/3025/5965 3690/3690/5966 3027/3027/5967 
f 3029/3028/5968 3683/3683/5969 3030/3030/5970 
f 3032/3031/5971 3689/3689/5972 3033/3033/5973 
f 3035/3034/5974 3034/3035/5975 3036/3036/5976 
f 3038/3037/5977 3714/3714/5978 3039/3039/5979 
f 3041/3040/5980 3712/3712/5981 3042/3042/5982 
f 3044/3043/5983 3668/3668/5984 3045/3045/5985 
f 3047/3046/5986 3654/3654/5987 3048/3048/5988 
f 3050/3049/5989 3710/3710/5990 3051/3051/5991 
f 3053/3052/5992 3713/3713/5993 3054/3054/5994 
f 3056/3055/5995 3705/3705/5996 3057/3057/5997 
f 3059/3058/5998 3058/3059/5999 3060/3060/6000 
f 3062/3061/6001 3682/3682/6002 3063/3063/6003 
f 3065/3064/6004 3707/3707/6005 3066/3066/6006 
f 3068/3067/6007 3666/3666/6008 3069/3069/6009 
f 3071/3070/6010 3708/3708/6011 3072/3072/6012 
f 3074/3073/6013 3655/3655/6014 3075/3075/6015 
f 3077/3076/6016 3680/3680/6017 3078/3078/6018 
f 3080/3079/6019 3079/3080/6020 3081/3081/6021 
f 3083/3082/6022 3684/3684/6023 3084/3084/6024 
f 3086/3085/6025 3696/3696/6026 3087/3087/6027 
f 3089/3088/6028 3653/3653/6029 3090/3090/6030 
f 3092/3091/6031 3685/3685/6032 3093/3093/6033 
f 3095/3094/6034 3670/3670/6035 3096/3096/6036 
f 3098/3097/6037 3665/3665/6038 3099/3099/6039 
f 3101/3100/6040 3678/3678/6041 3102/3102/6042 
f 3104/3103/6043 3687/3687/6044 3105/3105/6045 
f 3107/3106/6046 3701/3701/6047 3108/3108/6048 
f 3110/3109/6049 3697/3697/6050 3111/3111/6051 
f 3113/3112/6052 3674/3674/6053 3114/3114/6054 
f 3116/3115/6055 3662/3662/6056 3117/3117/6057 
f 3119/3118/6058 3711/3711/6059 3120/3120/6060 
f 3122/3121/6061 3669/3669/6062 3123/3123/6063 
f 3125/3124/6064 3681/3681/6065 3126/3126/6066 
f 3128/3127/6067 3656/3656/6068 3129/3129/6069 
f 3131/3130/6070 3693/3693/6071 3132/3132/6072 
f 3134/3133/6073 3133/3134/6074 3135/3135/6075 
f 3137/3136/6076 3700/3700/6077 3138/3138/6078 
f 3140/3139/6079 3688/3688/6080 3141/3141/6081 
f 3143/3142/6082 3142/3143/6083 3144/3144/6084 
f 3146/3145/6085 3671/3671/6086 3147/3147/6087 
f 3149/3148/6088 3649/3649/6089 3150/3150/6090 
f 3152/3151/6091 3702/3702/6092 3153/3153/6093 
f 3155/3154/6094 3703/3703/6095 3156/3156/6096 
f 3158/3157/6097 3157/3158/6098 3159/3159/6099 
f 3161/3160/6100 3709/3709/6101 3162/3162/6102 
f 3164/3163/6103 3677/3677/6104 3165/3165/6105 
f 3167/3166/6106 3166/3167/6107 3168/3168/6108 
f 3170/3169/6109 3667/3667/6110 3171/3171/6111 
f 3173/3172/6112 3172/3173/6113 3174/3174/6114 
f 3176/3175/6115 3692/3692/6116 3177/3177/6117 
f 3179/3178/6118 3658/3658/6119 3180/3180/6120 
f 3182/3181/6121 3661/3661/6122 3183/3183/6123 
f 3185/3184/6124 3698/3698/6125 3186/3186/6126 
f 3188/3187/6127 3706/3706/6128 3189/3189/6129 
f 3191/3190/6130 3695/3695/6131 3192/3192/6132 
f 3194/3193/6133 3193/3194/6134 3195/3195/6135 
f 3197/3196/6136 3676/3676/6137 3198/3198/6138 
f 3200/3199/6139 3648/3648/6140 3201/3201/6141 
f 3203/3202/6142 3704/3704/6143 3204/3204/6144 
f 3206/3205/6145 3205/3206/6146 3207/3207/6147 
f 3209/3208/6148 3664/3664/6149 3210/3210/6150 
f 3212/3211/6151 3651/3651/6152 3213/3213/6153 
f 3215/3214/6154 3691/3691/6155 3216/3216/6156 
f 3218/3217/6157 3217/3218/6158 3219/3219/6159 
f 3221/3220/6160 3660/3660/6161 3222/3222/6162 
f 3224/3223/6163 3663/3663/6164 3225/3225/6165 
f 3227/3226/6166 3699/3699/6167 3228/3228/6168 
f 3230/3229/6169 3229/3230/6170 3231/3231/6171 
f 3233/3232/6172 3232/3233/6173 3234/3234/6174 
f 3236/3235/6175 3675/3675/6176 3237/3237/6177 
f 3239/3238/6178 3652/3652/6179 3240/3240/6180 
f 3242/3241/6181 3673/3673/6182 3243/3243/6183 
f 3245/3244/6184 3244/3245/6185 3246/3246/6186 
f 3248/3247/6187 3247/3248/6188 3249/3249/6189 
f 3250/3250/6190 2677/2676/6191 2676/2677/6192 
f 3251/3251/6193 2668/2667/6194 2667/2668/6195 
f 3252/3252/6196 2680/2679/6197 2679/2680/6198 
f 3253/3253/6199 2674/2673/6200 2673/2674/6201 
f 3254/3254/6202 2665/2664/6203 2664/2665/6204 
f 3255/3255/6205 2671/2670/6206 2670/2671/6207 
f 2100/2099/6208 2099/2100/6209 3256/3256/6210 
f 2075/2073/6211 2074/2074/6212 3257/3257/6213 
f 3259/3258/6214 3258/3259/6215 3260/3260/6216 
f 2127/2126/6217 2126/2127/6218 3261/3261/6219 
f 2975/2974/6220 3262/3262/6221 2974/2975/6222 
f 2328/2327/6223 2327/2328/6224 3263/3263/6225 
f 2166/2165/6226 2165/2166/6227 3264/3264/6228 
f 2295/2294/6229 2294/2295/6230 3265/3265/6231 
f 2259/2258/6232 2258/2259/6233 3266/3266/6234 
f 2145/2144/6235 2144/2145/6236 3267/3267/6237 
f 2638/2637/6238 2637/2638/6239 3268/3268/6240 
f 2283/2282/6241 2282/2283/6242 3269/3269/6243 
f 2154/2153/6244 2153/2154/6245 3270/3270/6246 
f 2133/2132/6247 2132/2133/6248 3271/3271/6249 
f 2298/2297/6250 2297/2298/6251 3272/3272/6252 
f 2334/2333/6253 2333/2334/6254 3273/3273/6255 
f 2115/2114/6256 2114/2115/6257 3274/3274/6258 
f 2178/2177/6259 2177/2178/6260 3275/3275/6261 
f 2175/2174/6262 2174/2175/6263 3276/3276/6264 
f 2316/2315/6265 2315/2316/6266 3277/3277/6267 
f 2313/2312/6268 2312/2313/6269 3278/3278/6270 
f 2232/2231/6271 2231/2232/6272 3279/3279/6273 
f 2244/2243/6274 2243/2244/6275 3280/3280/6276 
f 2247/2246/6277 2246/2247/6278 3281/3281/6279 
f 2130/2129/6280 2129/2130/6281 3282/3282/6282 
f 2187/2186/6283 2186/2187/6284 3283/3283/6285 
f 2112/2111/6286 2111/2112/6287 3284/3284/6288 
f 2160/2159/6289 2159/2160/6290 3285/3285/6291 
f 2103/2102/6292 2102/2103/6293 3286/3286/6294 
f 2124/2123/6295 2123/2124/6296 3287/3287/6297 
f 2301/2300/6298 2300/2301/6299 3288/3288/6300 
f 2277/2276/6301 2276/2277/6302 3289/3289/6303 
f 2262/2261/6304 2261/2262/6305 3290/3290/6306 
f 2268/2267/6307 2267/2268/6308 3291/3291/6309 
f 2322/2321/6310 2321/2322/6311 3292/3292/6312 
f 2304/2303/6313 2303/2304/6314 3293/3293/6315 
f 2310/2309/6316 2309/2310/6317 3294/3294/6318 
f 3295/3295/6319 2089/2088/6320 2088/2089/6321 
f 2163/2162/6322 2162/2163/6323 3296/3296/6324 
f 2289/2288/6325 2288/2289/6326 3297/3297/6327 
f 2214/2213/6328 2213/2214/6329 3298/3298/6330 
f 2256/2255/6331 2255/2256/6332 3299/3299/6333 
f 2274/2273/6334 2273/2274/6335 3300/3300/6336 
f 2337/2336/6337 2336/2337/6338 3301/3301/6339 
f 2265/2264/6340 2264/2265/6341 3302/3302/6342 
f 2190/2189/6343 2189/2190/6344 3303/3303/6345 
f 2250/2249/6346 2249/2250/6347 3304/3304/6348 
f 2229/2228/6349 2228/2229/6350 3305/3305/6351 
f 2226/2225/6352 2225/2226/6353 3306/3306/6354 
f 2136/2135/6355 2135/2136/6356 3307/3307/6357 
f 2220/2219/6358 2219/2220/6359 3308/3308/6360 
f 2238/2237/6361 2237/2238/6362 3309/3309/6363 
f 2382/2381/6364 2381/2382/6365 3310/3310/6366 
f 2172/2171/6367 2171/2172/6368 3311/3311/6369 
f 2319/2318/6370 2318/2319/6371 3312/3312/6372 
f 2202/2201/6373 2201/2202/6374 3313/3313/6375 
f 2181/2180/6376 2180/2181/6377 3314/3314/6378 
f 2271/2270/6379 2270/2271/6380 3315/3315/6381 
f 2169/2168/6382 2168/2169/6383 3316/3316/6384 
f 2253/2252/6385 2252/2253/6386 3317/3317/6387 
f 2325/2324/6388 2324/2325/6389 3318/3318/6390 
f 2241/2240/6391 2240/2241/6392 3319/3319/6393 
f 2199/2198/6394 2198/2199/6395 3320/3320/6396 
f 2151/2150/6397 2150/2151/6398 3321/3321/6399 
f 2292/2291/6400 2291/2292/6401 3322/3322/6402 
f 2142/2141/6403 2141/2142/6404 3323/3323/6405 
f 2139/2138/6406 2138/2139/6407 3324/3324/6408 
f 2208/2207/6409 2207/2208/6410 3325/3325/6411 
f 2193/2192/6412 2192/2193/6413 3326/3326/6414 
f 2286/2285/6415 2285/2286/6416 3327/3327/6417 
f 2205/2204/6418 2204/2205/6419 3328/3328/6420 
f 2106/2105/6421 2105/2106/6422 3329/3329/6423 
f 2223/2222/6424 2222/2223/6425 3330/3330/6426 
f 2211/2210/6427 2210/2211/6428 3331/3331/6429 
f 2121/2120/6430 2120/2121/6431 3332/3332/6432 
f 2307/2306/6433 2306/2307/6434 3333/3333/6435 
f 2217/2216/6436 2216/2217/6437 3334/3334/6438 
f 2340/2339/6439 2339/2340/6440 3335/3335/6441 
f 2109/2108/6442 2108/2109/6443 3336/3336/6444 
f 2157/2156/6445 2156/2157/6446 3337/3337/6447 
f 2148/2147/6448 2147/2148/6449 3338/3338/6450 
f 2118/2117/6451 2117/2118/6452 3339/3339/6453 
f 2331/2330/6454 2330/2331/6455 3340/3340/6456 
f 2235/2234/6457 2234/2235/6458 3341/3341/6459 
f 2184/2183/6460 2183/2184/6461 3342/3342/6462 
f 2196/2195/6463 2195/2196/6464 3343/3343/6465 
f 2280/2279/6466 2279/2280/6467 3344/3344/6468 
f 2343/2342/6469 2342/2343/6470 3345/3345/6471 
f 3347/3346/6472 3346/3347/6473 3348/3348/6474 
f 3529/3529/6475 3349/3350/6476 3351/3351/6477 
f 3528/3528/6478 3352/3353/6479 3354/3354/6480 
f 3527/3527/6481 3355/3356/6482 3357/3357/6483 
f 3531/3531/6484 3358/3359/6485 3360/3360/6486 
f 3526/3526/6487 3361/3362/6488 3363/3363/6489 
f 3530/3530/6490 3364/3365/6491 3366/3366/6492 
f 3367/3367/6493 2375/2375/6494 2377/2376/6495 
f 3368/3368/6496 2346/2345/6497 2345/2346/6498 
f 3369/3369/6499 2096/2096/6500 2098/2097/6501 
f 3371/3370/6502 3370/3371/6503 3372/3372/6504 
f 3373/3373/6505 2365/2365/6506 2367/2366/6507 
f 3374/3374/6508 3376/3375/6509 3375/3376/6510 
f 2091/2090/6511 3377/3377/6512 2090/2091/6513 
f 3378/3378/6514 2625/2624/6515 2624/2625/6516 
f 2370/2369/6517 2369/2371/6518 3379/3379/6519 
f 3380/3380/6520 2363/2362/6521 2362/2363/6522 
f 3381/3381/6523 3383/3382/6524 3382/3383/6525 
f 3385/3384/6526 3384/3385/6527 3386/3386/6528 
f 3388/3387/6529 3387/3388/6530 3389/3389/6531 
f 3390/3390/6532 2361/2361/6533 3635/3635/6534 
f 3390/3390/6535 3639/3639/6536 2361/2361/6537 
f 3391/3391/6538 2969/2968/6539 2968/2969/6540 
f 3392/3392/6541 2954/2953/6542 2953/2954/6543 
f 3393/3393/6544 2960/2959/6545 2959/2960/6546 
f 3394/3394/6547 2957/2956/6548 2956/2957/6549 
f 3395/3395/6550 2966/2965/6551 2965/2966/6552 
f 3396/3396/6553 2963/2962/6554 2962/2963/6555 
f 2379/2378/6556 2378/2379/6557 3397/3397/6558 
f 2086/2084/6559 2085/2085/6560 3398/3398/6561 
f 2397/2396/6562 2396/2397/6563 3399/3399/6564 
f 2409/2408/6565 2408/2409/6566 3400/3400/6567 
f 2562/2561/6568 2561/2562/6569 3401/3401/6570 
f 2406/2405/6571 2405/2406/6572 3402/3402/6573 
f 2604/2603/6574 2603/2604/6575 3403/3403/6576 
f 2424/2423/6577 2423/2424/6578 3404/3404/6579 
f 2460/2459/6580 2459/2460/6581 3405/3405/6582 
f 2466/2465/6583 2465/2466/6584 3406/3406/6585 
f 2559/2558/6586 2558/2559/6587 3407/3407/6588 
f 2454/2453/6589 2453/2454/6590 3408/3408/6591 
f 2475/2474/6592 2474/2475/6593 3409/3409/6594 
f 2571/2570/6595 2570/2571/6596 3410/3410/6597 
f 2490/2489/6598 2489/2490/6599 3411/3411/6600 
f 2595/2594/6601 2594/2595/6602 3412/3412/6603 
f 2598/2597/6604 2597/2598/6605 3413/3413/6606 
f 2508/2507/6607 2507/2508/6608 3414/3414/6609 
f 2502/2501/6610 2501/2502/6611 3415/3415/6612 
f 2550/2549/6613 2549/2550/6614 3416/3416/6615 
f 2601/2600/6616 2600/2601/6617 3417/3417/6618 
f 2544/2543/6619 2543/2544/6620 3418/3418/6621 
f 2499/2498/6622 2498/2499/6623 3419/3419/6624 
f 2523/2522/6625 2522/2523/6626 3420/3420/6627 
f 2622/2621/6628 2621/2622/6629 3421/3421/6630 
f 2445/2444/6631 2444/2445/6632 3422/3422/6633 
f 2418/2417/6634 2417/2418/6635 3423/3423/6636 
f 2496/2495/6637 2495/2496/6638 3424/3424/6639 
f 2556/2555/6640 2555/2556/6641 3425/3425/6642 
f 2583/2582/6643 2582/2583/6644 3426/3426/6645 
f 2538/2537/6646 2537/2538/6647 3427/3427/6648 
f 2616/2615/6649 2615/2616/6650 3428/3428/6651 
f 2607/2606/6652 2606/2607/6653 3429/3429/6654 
f 2433/2432/6655 2432/2433/6656 3430/3430/6657 
f 2448/2447/6658 2447/2448/6659 3431/3431/6660 
f 2412/2411/6661 2411/2412/6662 3432/3432/6663 
f 2478/2477/6664 2477/2478/6665 3433/3433/6666 
f 2469/2468/6667 2468/2469/6668 3434/3434/6669 
f 2610/2609/6670 2609/2610/6671 3435/3435/6672 
f 2487/2486/6673 2486/2487/6674 3436/3436/6675 
f 2568/2567/6676 2567/2568/6677 3437/3437/6678 
f 2457/2456/6679 2456/2457/6680 3438/3438/6681 
f 2421/2420/6682 2420/2421/6683 3439/3439/6684 
f 2463/2462/6685 2462/2463/6686 3440/3440/6687 
f 2442/2441/6688 2441/2442/6689 3441/3441/6690 
f 2592/2591/6691 2591/2592/6692 3442/3442/6693 
f 2391/2390/6694 2390/2391/6695 3443/3443/6696 
f 2439/2438/6697 2438/2439/6698 3444/3444/6699 
f 2511/2510/6700 2510/2511/6701 3445/3445/6702 
f 2577/2576/6703 2576/2577/6704 3446/3446/6705 
f 2529/2528/6706 2528/2529/6707 3447/3447/6708 
f 2941/2940/6709 2940/2941/6710 3448/3448/6711 
f 2430/2429/6712 2429/2430/6713 3449/3449/6714 
f 2613/2612/6715 2612/2613/6716 3450/3450/6717 
f 2683/2682/6718 2682/2683/6719 3451/3451/6720 
f 2565/2564/6721 2564/2565/6722 3452/3452/6723 
f 2547/2546/6724 2546/2547/6725 3453/3453/6726 
f 2553/2552/6727 2552/2553/6728 3454/3454/6729 
f 2436/2435/6730 2435/2436/6731 3455/3455/6732 
f 2427/2426/6733 2426/2427/6734 3456/3456/6735 
f 2532/2531/6736 2531/2532/6737 3457/3457/6738 
f 2415/2414/6739 2414/2415/6740 3458/3458/6741 
f 2586/2585/6742 2585/2586/6743 3459/3459/6744 
f 2484/2483/6745 2483/2484/6746 3460/3460/6747 
f 2403/2402/6748 2402/2403/6749 3461/3461/6750 
f 2472/2471/6751 2471/2472/6752 3462/3462/6753 
f 2451/2450/6754 2450/2451/6755 3463/3463/6756 
f 2505/2504/6757 2504/2505/6758 3464/3464/6759 
f 2514/2513/6760 2513/2514/6761 3465/3465/6762 
f 2481/2480/6763 2480/2481/6764 3466/3466/6765 
f 2535/2534/6766 2534/2535/6767 3467/3467/6768 
f 2526/2525/6769 2525/2526/6770 3468/3468/6771 
f 2619/2618/6772 2618/2619/6773 3469/3469/6774 
f 2574/2573/6775 2573/2574/6776 3470/3470/6777 
f 2541/2540/6778 2540/2541/6779 3471/3471/6780 
f 2589/2588/6781 2588/2589/6782 3472/3472/6783 
f 3473/3473/6784 2356/2355/6785 2355/2356/6786 
f 2388/2387/6787 2387/2388/6788 3474/3474/6789 
f 2580/2579/6790 2579/2580/6791 3475/3475/6792 
f 3259/3258/6793 3476/3476/6794 3258/3259/6795 
f 2520/2519/6796 2519/2520/6797 3477/3477/6798 
f 2394/2393/6799 2393/2394/6800 3478/3478/6801 
f 2400/2399/6802 2399/2400/6803 3479/3479/6804 
f 2493/2492/6805 2492/2493/6806 3480/3480/6807 
f 2385/2384/6808 2384/2385/6809 3481/3481/6810 
f 2517/2516/6811 2516/2517/6812 3482/3482/6813 
f 2628/2627/6814 2627/2628/6815 3483/3483/6816 
f 3484/3484/6817 2658/2658/6818 2660/2659/6819 
f 3485/3485/6820 2632/2631/6821 2631/2632/6822 
f 2067/2065/6823 2066/2067/6824 3486/3486/6825 
f 2630/2630/6826 2067/2065/6827 3486/3486/6828 
f 3488/3487/6829 3715/3715/6830 3489/3489/6831 
f 3491/3490/6832 3490/3491/6833 3492/3492/6834 
f 3493/3493/6835 2372/2372/6836 2374/2373/6837 
f 3494/3494/6838 2646/2646/6839 2648/2647/6840 
f 3633/3633/6841 3495/3495/6842 2077/2078/6843 
f 3495/3495/6844 3632/3632/6845 2077/2078/6846 
f 3496/3496/6847 2357/2357/6848 2068/2070/6849 
f 2368/2368/6850 2357/2357/6851 3496/3496/6852 
f 2359/2358/6853 3497/3497/6854 2358/2359/6855 
f 3498/3498/6856 2686/2685/6857 2685/2686/6858 
f 2352/2351/6859 2351/2352/6860 3499/3499/6861 
f 2083/2083/6862 2983/2983/6863 3500/3500/6864 
f 2070/2068/6865 2083/2083/6866 3500/3500/6867 
f 2357/2357/6868 3501/3501/6869 2070/2068/6870 
f 3501/3501/6871 2083/2083/6872 2070/2068/6873 
f 3502/3502/6874 2641/2640/6875 2640/2641/6876 
f 2069/2069/6877 3503/3503/6878 2368/2368/6879 
f 2368/2368/6880 3503/3503/6881 2357/2357/6882 
f 2079/2079/6883 3504/3504/6884 2076/2076/6885 
f 2078/2077/6886 2076/2076/6887 3504/3504/6888 
f 3505/3505/6889 2072/2072/6890 3622/3622/6891 
f 3621/3621/6892 2072/2072/6893 3505/3505/6894 
f 2656/2655/6895 2655/2657/6896 3506/3506/6897 
f 3644/3644/6898 3507/3508/6899 3509/3509/6900 
f 3643/3643/6901 3510/3511/6902 3512/3512/6903 
f 3642/3642/6904 3513/3514/6905 3515/3515/6906 
f 3640/3640/6907 3516/3517/6908 3518/3518/6909 
f 3641/3641/6910 3519/3520/6911 3521/3521/6912 
f 3645/3645/6913 3522/3523/6914 3524/3524/6915 
f 3525/3525/6916 2082/2081/6917 2654/2654/6918 
f 3639/3639/6919 2082/2081/6920 3525/3525/6921 
f 3526/3526/6922 3362/3361/6923 3361/3362/6924 
f 3527/3527/6925 3356/3355/6926 3355/3356/6927 
f 3528/3528/6928 3353/3352/6929 3352/3353/6930 
f 3529/3529/6931 3350/3349/6932 3349/3350/6933 
f 3530/3530/6934 3365/3364/6935 3364/3365/6936 
f 3531/3531/6937 3359/3358/6938 3358/3359/6939 
f 2692/2691/6940 2691/2692/6941 3532/3532/6942 
f 2350/2348/6943 2349/2349/6944 3533/3533/6945 
f 2800/2799/6946 2799/2800/6947 3534/3534/6948 
f 2839/2838/6949 2838/2839/6950 3535/3535/6951 
f 2740/2739/6952 2739/2740/6953 3536/3536/6954 
f 2710/2709/6955 2709/2710/6956 3537/3537/6957 
f 2806/2805/6958 2805/2806/6959 3538/3538/6960 
f 2875/2874/6961 2874/2875/6962 3539/3539/6963 
f 2725/2724/6964 2724/2725/6965 3540/3540/6966 
f 2746/2745/6967 2745/2746/6968 3541/3541/6969 
f 2743/2742/6970 2742/2743/6971 3542/3542/6972 
f 2797/2796/6973 2796/2797/6974 3543/3543/6975 
f 2776/2775/6976 2775/2776/6977 3544/3544/6978 
f 2734/2733/6979 2733/2734/6980 3545/3545/6981 
f 2698/2697/6982 2697/2698/6983 3546/3546/6984 
f 2731/2730/6985 2730/2731/6986 3547/3547/6987 
f 2836/2835/6988 2835/2836/6989 3548/3548/6990 
f 2755/2754/6991 2754/2755/6992 3549/3549/6993 
f 2701/2700/6994 2700/2701/6995 3550/3550/6996 
f 2911/2910/6997 2910/2911/6998 3551/3551/6999 
f 2767/2766/7000 2766/2767/7001 3552/3552/7002 
f 2758/2757/7003 2757/2758/7004 3553/3553/7005 
f 2791/2790/7006 2790/2791/7007 3554/3554/7008 
f 2716/2715/7009 2715/2716/7010 3555/3555/7011 
f 2821/2820/7012 2820/2821/7013 3556/3556/7014 
f 2764/2763/7015 2763/2764/7016 3557/3557/7017 
f 2773/2772/7018 2772/2773/7019 3558/3558/7020 
f 2785/2784/7021 2784/2785/7022 3559/3559/7023 
f 2917/2916/7024 2916/2917/7025 3560/3560/7026 
f 2704/2703/7027 2703/2704/7028 3561/3561/7029 
f 2749/2748/7030 2748/2749/7031 3562/3562/7032 
f 2824/2823/7033 2823/2824/7034 3563/3563/7035 
f 2902/2901/7036 2901/2902/7037 3564/3564/7038 
f 2809/2808/7039 2808/2809/7040 3565/3565/7041 
f 2707/2706/7042 2706/2707/7043 3566/3566/7044 
f 2899/2898/7045 2898/2899/7046 3567/3567/7047 
f 2932/2931/7048 2931/2932/7049 3568/3568/7050 
f 2827/2826/7051 2826/2827/7052 3569/3569/7053 
f 2863/2862/7054 2862/2863/7055 3570/3570/7056 
f 2812/2811/7057 2811/2812/7058 3571/3571/7059 
f 2866/2865/7060 2865/2866/7061 3572/3572/7062 
f 2695/2694/7063 2694/2695/7064 3573/3573/7065 
f 2761/2760/7066 2760/2761/7067 3574/3574/7068 
f 2815/2814/7069 2814/2815/7070 3575/3575/7071 
f 2788/2787/7072 2787/2788/7073 3576/3576/7074 
f 2713/2712/7075 2712/2713/7076 3577/3577/7077 
f 2929/2928/7078 2928/2929/7079 3578/3578/7080 
f 2995/2994/7081 2994/2995/7082 3579/3579/7083 
f 2782/2781/7084 2781/2782/7085 3580/3580/7086 
f 2770/2769/7087 2769/2770/7088 3581/3581/7089 
f 2830/2829/7090 2829/2830/7091 3582/3582/7092 
f 2722/2721/7093 2721/2722/7094 3583/3583/7095 
f 2926/2925/7096 2925/2926/7097 3584/3584/7098 
f 2848/2847/7099 2847/2848/7100 3585/3585/7101 
f 2893/2892/7102 2892/2893/7103 3586/3586/7104 
f 2779/2778/7105 2778/2779/7106 3587/3587/7107 
f 2794/2793/7108 2793/2794/7109 3588/3588/7110 
f 2887/2886/7111 2886/2887/7112 3589/3589/7113 
f 3590/3590/7114 2645/2644/7115 2644/2645/7116 
f 2869/2868/7117 2868/2869/7118 3591/3591/7119 
f 2981/2980/7120 2980/2981/7121 3592/3592/7122 
f 2881/2880/7123 2880/2881/7124 3593/3593/7125 
f 3491/3490/7126 3594/3594/7127 3490/3491/7128 
f 2896/2895/7129 2895/2896/7130 3595/3595/7131 
f 2872/2871/7132 2871/2872/7133 3596/3596/7134 
f 2842/2841/7135 2841/2842/7136 3597/3597/7137 
f 2845/2844/7138 2844/2845/7139 3598/3598/7140 
f 2854/2853/7141 2853/2854/7142 3599/3599/7143 
f 2752/2751/7144 2751/2752/7145 3600/3600/7146 
f 2857/2856/7147 2856/2857/7148 3601/3601/7149 
f 2878/2877/7150 2877/2878/7151 3602/3602/7152 
f 2803/2802/7153 2802/2803/7154 3603/3603/7155 
f 2737/2736/7156 2736/2737/7157 3604/3604/7158 
f 2908/2907/7159 2907/2908/7160 3605/3605/7161 
f 2884/2883/7162 2883/2884/7163 3606/3606/7164 
f 2833/2832/7165 2832/2833/7166 3607/3607/7167 
f 2851/2850/7168 2850/2851/7169 3608/3608/7170 
f 2890/2889/7171 2889/2890/7172 3609/3609/7173 
f 2719/2718/7174 2718/2719/7175 3610/3610/7176 
f 2860/2859/7177 2859/2860/7178 3611/3611/7179 
f 2905/2904/7180 2904/2905/7181 3612/3612/7182 
f 2728/2727/7183 2727/2728/7184 3613/3613/7185 
f 2914/2913/7186 2913/2914/7187 3614/3614/7188 
f 2923/2922/7189 2922/2923/7190 3615/3615/7191 
f 2818/2817/7192 2817/2818/7193 3616/3616/7194 
f 2920/2919/7195 2919/2920/7196 3617/3617/7197 
f 2935/2934/7198 2934/2935/7199 3618/3618/7200 
f 3619/3619/7201 2971/2971/7202 2973/2972/7203 
f 3620/3620/7204 2938/2937/7205 2937/2938/7206 
f 2065/2066/7207 3621/3621/7208 2630/2630/7209 
f 3621/3621/7210 2067/2065/7211 2630/2630/7212 
f 2066/2067/7213 3622/3622/7214 2952/2952/7215 
f 3622/3622/7216 2997/2997/7217 2952/2952/7218 
f 3623/3623/7219 2688/2688/7220 2690/2689/7221 
f 2635/2634/7222 2634/2635/7223 3624/3624/7224 
f 3625/3625/7225 2949/2949/7226 2951/2950/7227 
f 2650/2649/7228 3626/3626/7229 2649/2650/7230 
f 3627/3627/7231 2985/2984/7232 2984/2985/7233 
f 3628/3628/7234 2947/2946/7235 2946/2947/7236 
f 3630/3629/7237 3629/3630/7238 3631/3631/7239 
f 2078/2077/7240 3632/3632/7241 3638/3638/7242 
f 2078/2077/7243 3637/3637/7244 3632/3632/7245 
f 3633/3633/7246 3504/3504/7247 2079/2079/7248 
f 2079/2079/7249 3495/3495/7250 3633/3633/7251 
f 2991/2990/7252 2990/2992/7253 3634/3634/7254 
f 2080/2082/7255 3390/3390/7256 3635/3635/7257 
f 2080/2082/7258 3635/3635/7259 2654/2654/7260 
f 2944/2943/7261 2943/2944/7262 3636/3636/7263 
f 2077/2078/7264 3637/3637/7265 2653/2653/7266 
f 3637/3637/7267 3504/3504/7268 2653/2653/7269 
f 3638/3638/7270 2652/2652/7271 2076/2076/7272 
f 3638/3638/7273 3495/3495/7274 2652/2652/7275 
f 2361/2361/7276 3639/3639/7277 2081/2080/7278 
f 2081/2080/7279 3639/3639/7280 3525/3525/7281 
f 3640/3640/7282 3517/3516/7283 3516/3517/7284 
f 3641/3641/7285 3520/3519/7286 3519/3520/7287 
f 3642/3642/7288 3514/3513/7289 3513/3514/7290 
f 3643/3643/7291 3511/3510/7292 3510/3511/7293 
f 3644/3644/7294 3508/3507/7295 3507/3508/7296 
f 3645/3645/7297 3523/3522/7298 3522/3523/7299 
f 3002/3001/7300 3001/3002/7301 3646/3646/7302 
f 2663/2661/7303 2662/2662/7304 3647/3647/7305 
f 3200/3199/7306 3199/3200/7307 3648/3648/7308 
f 3149/3148/7309 3148/3149/7310 3649/3649/7311 
f 3017/3016/7312 3016/3017/7313 3650/3650/7314 
f 3212/3211/7315 3211/3212/7316 3651/3651/7317 
f 3239/3238/7318 3238/3239/7319 3652/3652/7320 
f 3089/3088/7321 3088/3089/7322 3653/3653/7323 
f 3047/3046/7324 3046/3047/7325 3654/3654/7326 
f 3074/3073/7327 3073/3074/7328 3655/3655/7329 
f 3128/3127/7330 3127/3128/7331 3656/3656/7332 
f 3014/3013/7333 3013/3014/7334 3657/3657/7335 
f 3179/3178/7336 3178/3179/7337 3658/3658/7338 
f 3659/3659/7339 2979/2978/7340 2978/2979/7341 
f 3221/3220/7342 3220/3221/7343 3660/3660/7344 
f 3182/3181/7345 3181/3182/7346 3661/3661/7347 
f 3116/3115/7348 3115/3116/7349 3662/3662/7350 
f 3224/3223/7351 3223/3224/7352 3663/3663/7353 
f 3209/3208/7354 3208/3209/7355 3664/3664/7356 
f 3098/3097/7357 3097/3098/7358 3665/3665/7359 
f 3068/3067/7360 3067/3068/7361 3666/3666/7362 
f 3170/3169/7363 3169/3170/7364 3667/3667/7365 
f 3044/3043/7366 3043/3044/7367 3668/3668/7368 
f 3122/3121/7369 3121/3122/7370 3669/3669/7371 
f 3095/3094/7372 3094/3095/7373 3670/3670/7374 
f 3146/3145/7375 3145/3146/7376 3671/3671/7377 
f 3023/3022/7378 3022/3023/7379 3672/3672/7380 
f 3242/3241/7381 3241/3242/7382 3673/3673/7383 
f 3113/3112/7384 3112/3113/7385 3674/3674/7386 
f 3236/3235/7387 3235/3236/7388 3675/3675/7389 
f 3197/3196/7390 3196/3197/7391 3676/3676/7392 
f 3164/3163/7393 3163/3164/7394 3677/3677/7395 
f 3101/3100/7396 3100/3101/7397 3678/3678/7398 
f 3020/3019/7399 3019/3020/7400 3679/3679/7401 
f 3077/3076/7402 3076/3077/7403 3680/3680/7404 
f 3125/3124/7405 3124/3125/7406 3681/3681/7407 
f 3062/3061/7408 3061/3062/7409 3682/3682/7410 
f 3029/3028/7411 3028/3029/7412 3683/3683/7413 
f 3083/3082/7414 3082/3083/7415 3684/3684/7416 
f 3092/3091/7417 3091/3092/7418 3685/3685/7419 
f 3630/3629/7420 3686/3686/7421 3629/3630/7422 
f 3104/3103/7423 3103/3104/7424 3687/3687/7425 
f 3140/3139/7426 3139/3140/7427 3688/3688/7428 
f 3032/3031/7429 3031/3032/7430 3689/3689/7431 
f 3026/3025/7432 3025/3026/7433 3690/3690/7434 
f 3215/3214/7435 3214/3215/7436 3691/3691/7437 
f 3176/3175/7438 3175/3176/7439 3692/3692/7440 
f 3131/3130/7441 3130/3131/7442 3693/3693/7443 
f 3011/3010/7444 3010/3011/7445 3694/3694/7446 
f 3191/3190/7447 3190/3191/7448 3695/3695/7449 
f 3086/3085/7450 3085/3086/7451 3696/3696/7452 
f 3110/3109/7453 3109/3110/7454 3697/3697/7455 
f 3185/3184/7456 3184/3185/7457 3698/3698/7458 
f 3227/3226/7459 3226/3227/7460 3699/3699/7461 
f 3137/3136/7462 3136/3137/7463 3700/3700/7464 
f 3107/3106/7465 3106/3107/7466 3701/3701/7467 
f 3152/3151/7468 3151/3152/7469 3702/3702/7470 
f 3155/3154/7471 3154/3155/7472 3703/3703/7473 
f 3203/3202/7474 3202/3203/7475 3704/3704/7476 
f 3056/3055/7477 3055/3056/7478 3705/3705/7479 
f 3188/3187/7480 3187/3188/7481 3706/3706/7482 
f 3065/3064/7483 3064/3065/7484 3707/3707/7485 
f 3071/3070/7486 3070/3071/7487 3708/3708/7488 
f 3161/3160/7489 3160/3161/7490 3709/3709/7491 
f 3050/3049/7492 3049/3050/7493 3710/3710/7494 
f 3119/3118/7495 3118/3119/7496 3711/3711/7497 
f 3041/3040/7498 3040/3041/7499 3712/3712/7500 
f 3053/3052/7501 3052/3053/7502 3713/3713/7503 
f 3038/3037/7504 3037/3038/7505 3714/3714/7506 
f 3488/3487/7507 3487/3488/7508 3715/3715/7509 
# 863 faces

#
# object SM_Urchin_Group_01_LOD2
#

v  13.7886 36.1088 -20.3225
v  22.6093 37.3451 -10.6536
v  12.3503 23.0577 -13.0269
v  21.9081 34.7297 -4.2530
v  27.9074 20.8726 -1.9312
v  14.3869 23.7000 -10.6905
v  22.8973 5.6994 -2.9337
v  13.0130 14.4188 -11.2945
v  27.0851 19.0995 -3.6799
v  -3.7712 21.4778 -12.9527
v  10.9488 20.0447 -11.9868
v  0.3468 34.6547 -12.9667
v  2.9257 24.0545 -26.9021
v  6.6610 36.0069 -22.9011
v  14.4029 27.0202 -11.7416
v  15.4457 5.5345 -2.9946
v  12.2172 14.2873 6.2674
v  12.3143 22.9946 -5.5814
v  18.1775 22.7922 -28.8023
v  25.3740 12.7663 -24.2736
v  17.8713 16.2481 -12.1160
v  8.1129 6.7641 -20.9210
v  8.1664 16.8138 -29.3957
v  12.8718 23.6550 -17.2598
v  3.6328 9.2262 -2.9946
v  11.2708 14.5830 6.2674
v  16.1491 21.7962 -5.5814
v  19.2888 34.9225 -2.3835
v  19.2353 24.8728 6.0912
v  14.5298 18.0317 -6.0447
v  18.2352 35.2060 -2.2468
v  15.3340 25.9226 6.5974
v  12.9969 18.4442 -5.8458
v  12.2475 23.1068 -29.2715
v  3.4160 13.9311 -26.0111
v  9.2431 16.7058 -12.7987
v  12.0789 36.9723 -18.3594
v  18.4847 38.3863 -6.9670
v  16.5532 23.8095 -7.0424
v  12.8970 29.2360 3.9875
v  18.5755 37.5278 -4.4872
v  16.3240 25.9771 -13.3037
v  18.0623 6.3085 -20.6489
v  16.8689 2.4896 -8.1265
v  13.7559 16.7959 -6.7629
v  24.3976 13.4336 0.2675
v  12.9343 14.9201 6.5287
v  9.4083 20.4304 -6.6404
v  19.2851 9.2268 -23.6786
v  9.0028 3.3134 -18.0108
v  9.2287 15.9105 -10.4291
v  21.8388 6.6596 -18.3937
v  9.2073 3.1077 -17.5874
v  8.3997 16.7439 -12.1447
v  16.2679 21.8504 -29.2715
v  18.3029 9.2787 -26.0111
v  15.0928 14.8777 -12.7987
v  6.3088 4.6701 -12.9812
v  1.8481 9.4801 -1.5888
v  10.3077 20.6788 -5.9754
v  4.9605 35.6606 -7.7952
v  17.6948 38.2408 -5.7947
v  18.5477 24.1770 -10.0024
v  1.9225 11.3525 -20.6489
v  0.7290 7.5335 -8.1265
v  11.4344 17.5214 -6.7629
v  30.2932 17.1009 -16.1919
v  29.0998 13.2820 -3.6695
v  15.5152 18.3483 -6.1218
v  7.3149 4.2107 -12.5482
v  5.3717 7.8712 -0.0724
v  11.7377 20.0260 -5.3600
v  20.2966 34.7418 -2.7844
v  22.9671 24.2034 4.6069
v  15.9963 17.7686 -6.6279
v  15.0710 4.3355 -5.1327
v  8.6652 2.9215 -16.5250
v  10.5966 17.4984 -16.4496
v  22.5999 35.5327 -7.2975
v  31.4961 27.1322 -12.1049
v  19.3477 18.9195 -13.1947
v  5.2834 6.9724 -18.9016
v  -1.7428 17.5432 -22.3235
v  8.8505 23.9510 -14.3898
v  21.1900 34.6760 -3.4220
v  26.2753 23.9599 2.2459
v  17.2962 17.6729 -7.5557
v  5.6779 36.4932 -10.9524
v  17.7744 38.3332 -6.1451
v  18.3466 23.9437 -9.1178
v  4.4951 6.4933 -16.7346
v  -4.5038 15.8655 -14.7341
v  7.7301 23.2701 -11.3099
v  17.6961 4.1423 -7.0062
v  8.8755 2.9060 -16.6751
v  9.7445 17.5611 -15.8414
v  20.9297 7.8955 -21.2370
v  9.1345 3.2067 -17.8152
v  8.6948 16.3427 -11.2217
v  14.2803 11.8123 -26.7299
v  8.6018 3.5205 -18.2552
v  10.8533 15.0712 -9.4386
v  10.0652 30.5289 2.7689
v  18.2612 37.6713 -4.6224
v  17.1174 25.6148 -12.9623
v  12.1097 4.8667 -3.9549
v  8.4279 2.9641 -16.4307
v  11.5580 17.3259 -16.8319
v  11.1176 20.0576 5.8240
v  9.0826 32.6294 2.5636
v  12.2927 27.0303 -10.6488
v  9.0140 5.6997 -3.5532
v  8.1799 3.0308 -16.3985
v  12.5629 17.0555 -16.9623
v  7.1794 37.0089 -13.8944
v  17.9410 38.3904 -6.4716
v  17.9260 23.7992 -8.2935
v  -2.2264 18.8260 -18.7652
v  -3.4199 15.0071 -6.2427
v  10.8376 18.5964 -6.4919
v  7.8267 17.1537 4.6247
v  -2.4432 22.4591 -1.6365
v  7.6154 22.9031 -12.3533
v  4.5362 6.1050 -15.6129
v  -4.3600 14.5055 -10.8055
v  7.7885 22.7182 -9.7157
v  4.8704 5.6506 -14.5676
v  -3.1895 12.9142 -7.1447
v  8.2635 22.0725 -8.2300
v  17.0171 10.5627 -25.5522
v  8.8211 3.4204 -18.1609
v  9.9649 15.4769 -9.8210
v  13.9038 21.3461 -29.0601
v  17.6391 33.2984 -25.0591
v  15.5933 26.7521 -12.0520
v  2.6130 28.1488 -23.3535
v  14.0763 26.6623 -29.6147
v  17.6023 21.1520 -16.4456
v  4.7500 6.7892 -17.8563
v  -3.6111 16.9016 -18.6626
v  8.0923 23.6906 -12.9042
v  22.2905 35.9533 -8.2652
v  30.3504 28.6898 -15.6881
v  18.8975 19.5315 -14.6027
v  9.6742 22.4842 -28.5112
v  13.4095 34.4365 -24.5102
v  14.9849 26.9158 -11.9731
v  22.6379 35.1732 -6.2591
v  31.6368 25.8010 -8.2596
v  19.4030 18.3964 -11.6837
v  2.9692 14.7018 0.9968
v  6.7046 26.6541 4.9978
v  14.0204 25.7964 -7.7287
v  7.0242 6.9594 -20.4880
v  4.3537 17.4977 -27.8793
v  11.3246 23.9325 -16.6445
v  21.2572 4.7985 -12.2911
v  9.1608 2.9586 -17.0985
v  8.5885 17.3481 -14.1258
v  19.3145 24.5387 -28.1613
v  29.5843 19.2333 -21.9001
v  19.5258 18.7893 -11.1833
v  9.0549 19.0403 5.3171
v  1.8583 29.0662 0.7884
v  9.3610 25.5844 -11.3692
v  -2.8239 22.5773 -17.1216
v  0.9114 34.5297 -13.1205
v  13.1871 26.9292 -10.3348
v  24.4467 26.7372 -24.0329
v  20.7114 14.7849 -28.0339
v  13.3955 15.6426 -15.3074
v  13.5121 20.0929 6.0240
v  9.7768 8.1406 2.0229
v  11.8227 14.6869 -10.9841
v  20.7074 28.4445 -25.6420
v  16.9721 16.4921 -29.6431
v  12.8576 15.8882 -15.5389
v  15.1429 36.4227 -19.5780
v  18.8247 38.3253 -7.1023
v  15.6947 23.9635 -6.7010
v  20.0275 37.2863 -10.1346
v  21.9707 33.6258 -22.6104
v  15.6047 21.4711 -17.3228
v  21.0567 8.3019 -1.6159
v  12.6667 14.5090 6.3778
v  10.4929 22.0963 -6.0290
v  21.9505 5.6033 -15.3424
v  9.2163 3.0231 -17.3430
v  8.3634 17.0868 -13.1353
v  16.5768 16.6895 5.3171
v  28.2017 20.8335 0.7884
v  20.0515 22.2434 -11.3692
v  -0.8413 23.2582 -21.0064
v  2.8940 35.2105 -17.0053
v  13.4723 27.0272 -10.8936
v  11.2141 24.9684 -28.8023
v  -0.4108 20.8244 -24.2736
v  7.7393 19.4145 -12.1160
v  6.0168 33.2888 -1.6960
v  17.8120 37.9776 -5.1179
v  18.2517 24.8415 -11.7113
v  7.7185 31.9112 0.8304
v  18.0008 37.8247 -4.8375
v  17.7749 25.2275 -12.4191
v  24.0986 32.5022 -19.9781
v  16.4606 27.1454 -29.2402
v  11.5823 19.9322 -17.3914
v  11.8756 36.3221 -19.9781
v  15.1042 27.5693 -29.2402
v  15.0070 18.8619 -17.3914
v  29.7924 23.0930 -18.1371
v  26.0570 11.1407 -22.1382
v  14.1644 15.1184 -14.4594
v  6.0591 7.0304 -19.7993
v  0.9738 17.7465 -25.4671
v  9.9530 24.0335 -15.6656
v  0.5961 14.6962 -1.6159
v  11.0276 15.0213 6.3778
v  17.1349 20.0205 -6.0290
v  17.7417 18.9548 5.4751
v  14.0064 7.0025 1.4741
v  12.4310 14.5232 -11.0630
v  30.2398 18.8616 -5.9145
v  26.5045 6.9093 -9.9156
v  14.2288 14.5098 -12.7013
v  2.0416 23.4740 -24.3423
v  5.7769 35.4263 -20.3413
v  13.8870 27.0582 -11.3734
v  9.2509 6.4579 -21.0687
v  12.1522 15.7413 -29.9129
v  14.4893 23.2198 -17.4697
v  27.2407 26.8423 -21.4048
v  16.8093 26.5173 -29.3985
v  10.7020 21.5180 -16.9916
v  25.3743 17.9650 1.3062
v  21.6390 6.0127 -2.6948
v  13.5289 14.3808 -11.6627
v  5.0761 34.5676 -4.6381
v  17.7076 38.1195 -5.4443
v  18.5153 24.4832 -10.8870
v  18.3461 35.5608 -19.9937
v  19.1802 38.2297 -7.1484
v  14.7972 24.2050 -6.5846
v  25.7285 10.0896 -18.7652
v  24.5351 6.2707 -6.2427
v  14.8586 17.3398 -6.4919
v  15.4604 18.7005 5.8240
v  24.2919 27.8762 2.5636
v  18.4649 25.1014 -10.6488
v  6.7085 12.9945 2.6059
v  10.4438 24.9469 6.6070
v  14.5583 25.5508 -7.4972
v  6.0699 33.4586 -21.4048
v  14.4599 27.2515 -29.3985
v  16.6337 19.6642 -16.9916
v  -4.5592 17.0249 -15.2823
v  -1.3137 27.4099 -6.1419
v  13.0728 26.5635 -9.1355
v  28.2572 18.1808 -2.0297
v  24.6561 6.6580 -7.4393
v  13.9436 14.4118 -12.1425
v  29.1071 28.2403 -19.4337
v  14.4496 23.5592 -10.3284
v  24.6464 33.0503 -8.0413
v  -13.7554 23.3810 27.8595
v  -5.1792 14.2402 23.4449
v  -17.1379 17.9286 16.6779
v  -5.4018 3.7064 14.3382
v  -15.8705 11.8295 11.3793
v  -5.4018 13.8194 21.2139
v  26.2262 6.0187 -19.4027
v  16.4452 21.6019 -11.6490
v  29.9615 17.9710 -15.4017
v  15.2265 18.0988 -11.2766
v  12.7482 19.8420 -8.6993
v  13.4268 23.5392 -12.7949
v  19.8061 4.3002 -9.4478
v  15.1158 18.2873 -10.8715
v  8.6225 1.5683 -12.4427
v  -31.6368 13.9012 11.1428
v  -19.0440 15.4856 13.4032
v  -31.6368 23.4668 18.4023
v  -26.7454 24.3321 3.8317
v  -26.7454 30.8953 13.1955
v  -17.9861 20.6795 17.6212
v  17.3142 23.7534 -7.5856
v  -13.8519 28.6244 24.8525
v  -20.8543 31.0770 16.1515
v  -14.7214 16.9336 19.3141
v  24.6454 9.6611 -16.4004
v  31.0437 20.7812 -12.3994
v  14.3650 14.6679 -13.3010
v  -7.6052 4.3522 16.2695
v  -16.1814 2.5122 23.6057
v  -19.9548 13.6100 18.4876
v  -26.2514 4.3522 16.2695
v  -17.6752 2.5122 23.6057
v  -13.9018 13.6100 18.4876
v  -7.2816 28.3013 12.8579
v  -15.8578 30.1413 5.5216
v  -19.6312 19.0435 10.6398
v  -27.6878 24.7221 21.5582
v  -18.1223 25.9049 27.7112
v  -13.9136 18.0793 18.5111
v  -26.5750 28.3013 12.8579
v  -17.9988 30.1413 5.5216
v  -14.2254 19.0435 10.6398
v  -16.9283 1.1656 11.7289
v  -16.9283 5.9933 1.3630
v  -16.9283 16.4634 8.7096
v  -13.3893 25.6576 26.2638
v  -3.8239 24.4749 20.1108
v  -11.7790 17.1125 13.3206
v  -22.4978 30.2608 17.6761
v  -17.5464 26.5195 27.2805
v  -15.3678 16.5274 19.5988
v  -20.3557 9.3179 1.1560
v  -28.9319 16.6542 2.9960
v  -21.7996 18.8989 13.3731
v  -19.8113 31.1720 17.0374
v  -17.2482 26.6206 27.2096
v  -16.1205 16.2721 19.7778
v  -13.7554 27.6483 4.2772
v  -5.1792 20.1245 3.5041
v  -12.3116 14.4743 12.4930
v  -13.2645 28.6998 5.7773
v  -3.3616 24.0178 9.0589
v  -11.5974 16.0042 14.6757
v  -22.4978 30.6415 16.1966
v  -17.5464 30.4010 5.8922
v  -15.3678 18.3878 9.7043
v  -13.2645 24.8811 26.8081
v  -3.3616 21.5995 22.1261
v  -11.5974 15.9827 14.1125
v  -16.9283 25.9458 2.7006
v  -16.9283 32.5090 12.0645
v  -16.9283 20.9116 17.4586
v  -13.7554 26.3812 25.7566
v  -5.1792 27.1543 18.2328
v  -12.3116 18.1654 12.5826
v  -11.3588 30.6415 16.1966
v  -16.3102 30.4010 5.8922
v  -18.4888 18.3878 9.7043
v  -15.9800 21.9831 28.8393
v  -13.4170 10.8685 29.6476
v  -15.5486 11.7660 17.0680
v  -15.9800 27.7791 24.7769
v  -13.4170 32.3305 14.6047
v  -15.5486 20.1994 11.1570
v  -16.9283 31.4828 16.8196
v  -16.9283 26.6551 27.1854
v  -16.9283 16.1850 19.8388
v  -27.6878 20.0004 24.8677
v  -18.1223 25.3809 28.0785
v  -13.9136 19.4022 17.5838
v  -27.3288 22.4180 5.1733
v  -27.3288 28.9812 14.5371
v  -18.4243 20.4041 17.8142
v  -9.5740 12.4383 1.6197
v  -9.5740 3.0745 8.1829
v  -15.8705 11.1677 15.8281
v  -17.9526 10.8279 0.0976
v  -20.5157 21.9425 -0.7107
v  -18.3841 21.0450 11.8689
v  -7.6052 14.3889 2.4605
v  -16.1814 7.0527 0.6205
v  -19.9548 12.1708 11.7183
v  -22.4978 14.4618 28.7498
v  -17.5464 24.7662 28.5093
v  -15.3678 20.9541 16.4961
v  -14.1420 1.4660 11.5183
v  -16.7051 6.0174 1.3462
v  -17.8328 16.3659 8.7780
v  -24.2826 12.4383 1.6197
v  -24.2826 3.0745 8.1829
v  -17.9861 11.1677 15.8281
v  -20.7352 25.5354 2.9883
v  -20.7352 32.0986 12.3521
v  -17.4759 20.8526 17.4999
v  -16.9283 10.9383 0.0202
v  -16.9283 22.3293 -0.9818
v  -16.9283 21.2020 11.7589
v  -17.9526 4.5670 4.4859
v  -20.5157 0.0156 14.6581
v  -18.3841 12.1468 18.1058
v  -14.1420 18.4963 -0.4184
v  -16.7051 7.3817 0.3899
v  -17.8328 10.8374 12.6529
v  -2.2197 19.7494 12.0506
v  -2.2197 10.3856 18.6138
v  -14.8126 12.2193 17.3285
v  -16.9283 21.8809 28.9109
v  -16.9283 10.4900 29.9129
v  -16.9283 11.6173 17.1722
v  -31.1357 17.0186 8.9578
v  -31.1357 23.5818 18.3216
v  -18.9719 19.6275 18.3586
v  -14.3376 22.7596 28.2950
v  -7.3352 13.7439 27.6322
v  -13.1588 12.8959 16.2761
v  -11.5456 2.3466 10.9010
v  -16.4971 6.0879 1.2967
v  -18.6756 16.0800 8.9783
v  -6.5298 12.2628 3.9507
v  -16.0952 6.8823 0.7399
v  -20.3039 12.8610 11.2346
v  -29.6663 19.9235 6.9217
v  -29.6663 26.4867 16.2856
v  -18.7605 20.0453 18.0657
v  -28.0674 25.1046 8.2971
v  -18.1644 29.7866 5.0155
v  -13.8073 19.9392 11.9177
v  -20.7511 8.5363 1.7039
v  -30.3166 13.9167 4.9147
v  -22.3615 17.7880 14.1518
v  -22.3110 2.0906 13.0428
v  -17.3595 2.3310 23.3472
v  -15.1810 14.3442 19.5351
v  -20.3557 6.0770 3.4276
v  -28.9319 5.3040 10.9514
v  -21.7996 14.2928 16.6016
v  -11.5456 17.6156 0.1989
v  -16.4971 7.3112 0.4393
v  -18.6756 11.1233 12.4525
v  -4.1903 15.5284 6.0283
v  -4.1903 6.1645 12.5915
v  -15.0961 11.6122 16.4623
v  -24.2826 3.4703 18.4539
v  -24.2826 10.0335 27.8177
v  -17.9861 17.6787 19.7245
v  -18.9071 4.8908 4.2590
v  -23.8586 1.1495 13.8633
v  -19.7407 12.6069 17.7833
v  -11.5456 2.0906 13.0428
v  -16.4971 2.3310 23.3472
v  -18.6756 14.3442 19.5351
v  -20.3557 5.3192 24.5814
v  -28.9319 12.8431 25.3544
v  -21.7996 18.4933 16.3655
v  -20.8860 7.6975 2.2917
v  -30.7889 10.9791 6.9737
v  -22.5531 16.5959 14.9873
v  -29.6663 15.5284 6.0283
v  -29.6663 6.1645 12.5915
v  -18.7605 11.6122 16.4623
v  -13.5009 5.3192 24.5814
v  -4.9247 12.8431 25.3544
v  -12.0570 18.4933 16.3655
v  -18.9071 10.5041 0.3246
v  -23.8586 20.8086 0.0841
v  -19.7407 20.5849 12.1914
v  -18.7602 26.8786 3.1790
v  -23.7117 17.2743 -0.5623
v  -19.5938 13.3543 10.8951
v  -6.5298 7.6995 7.1492
v  -16.0952 6.5168 0.9961
v  -20.3039 14.3423 10.1963
v  -6.5278 10.0910 23.8272
v  -6.5278 3.5278 14.4634
v  -15.4323 12.1048 11.1863
v  -20.1012 27.6483 4.2772
v  -28.6774 20.1245 3.5041
v  -21.5450 14.4743 12.4930
v  -9.3160 16.2147 1.1808
v  -16.3185 7.1989 0.5180
v  -19.3994 11.5781 12.1338
v  -15.0964 22.2828 28.6292
v  -10.1449 11.9784 28.8697
v  -14.2628 12.2021 16.7623
v  -16.9283 6.5632 26.2999
v  -16.9283 -0.0000 16.9360
v  -16.9283 11.5974 11.5420
v  -19.8113 13.5505 29.3885
v  -17.2482 24.6651 28.5802
v  -16.1205 21.2094 16.3172
v  -9.3160 3.7476 9.9191
v  -16.3185 6.2002 1.2180
v  -19.3994 15.6252 9.2971
v  -6.1629 7.4416 20.6772
v  -16.0659 2.7597 23.9588
v  -20.4230 12.6071 17.0567
v  -15.0964 26.8786 3.1790
v  -10.1449 17.2743 -0.5623
v  -14.2628 13.3543 10.8951
v  -6.1629 9.9811 5.5499
v  -16.0659 6.6996 0.8680
v  -20.4230 13.6017 10.7154
v  -18.9071 6.1507 25.7676
v  -23.8586 15.7550 29.5089
v  -19.7407 19.6749 18.0515
v  -20.8860 4.1835 22.9609
v  -30.7889 8.8654 19.6793
v  -22.5531 16.8790 14.0625
v  -13.1214 6.9736 26.0122
v  -13.1214 0.4104 16.6484
v  -16.3807 11.6564 11.5006
v  -24.8048 15.9113 27.7337
v  -17.8024 24.9271 28.3965
v  -14.7214 20.5479 16.7808
v  -14.9495 6.1507 25.7676
v  -9.9980 15.7550 29.5089
v  -14.1159 19.6749 18.0515
v  -28.0674 22.3613 23.2130
v  -18.1644 25.6429 27.8949
v  -13.8073 18.7407 18.0475
v  -20.7511 6.8587 2.8797
v  -30.3166 8.0414 9.0327
v  -22.3615 15.4037 15.8229
v  -26.5750 17.8005 26.4096
v  -17.9988 25.1367 28.2496
v  -14.2254 20.0186 17.1518
v  -26.5750 26.9221 20.0163
v  -17.9988 26.1490 27.5401
v  -14.2254 17.4629 18.9431
v  -9.5740 29.0387 10.5466
v  -9.5740 22.4755 1.1828
v  -15.8705 14.8303 9.2760
v  -2.7209 15.4904 20.0427
v  -2.7209 8.9272 10.6789
v  -14.8847 12.8815 10.6419
v  -13.1214 30.2420 9.7033
v  -13.1214 23.6788 0.3394
v  -16.3807 15.0033 9.1547
v  -4.1903 24.6301 13.6367
v  -4.1903 18.0669 4.2728
v  -15.0961 14.1961 9.7205
v  -19.7268 9.9891 0.6855
v  -26.7292 19.0049 1.3484
v  -20.9056 19.8529 12.7045
v  -20.7352 2.2670 19.2972
v  -20.7352 8.8302 28.6611
v  -17.4759 17.5056 19.8458
v  -31.1357 12.0224 7.1681
v  -31.1357 14.7426 19.2256
v  -18.9719 18.7307 18.9872
v  -4.1903 12.5855 22.0788
v  -4.1903 7.0755 11.9767
v  -15.0961 12.4636 10.9348
v  -6.0947 28.5728 15.2184
v  -17.0493 17.6578 16.8676
v  -11.0462 24.8315 24.8227
v  5.6375 31.6265 10.1513
v  12.9153 24.1066 14.3532
v  2.7670 21.2005 8.4941
v  -2.7209 13.2766 3.6191
v  -14.8847 17.4718 15.2830
v  -2.7209 19.8398 12.9829
v  12.7264 12.6474 17.2377
v  3.8426 14.5478 10.1516
v  12.7264 22.3513 13.5590
v  -7.6052 5.5734 8.6394
v  -15.1284 14.5975 13.9467
v  -16.1814 3.0353 3.4363
v  -9.5370 15.3925 8.5968
v  1.1495 17.7350 8.5968
v  -9.5370 25.0963 5.4854
v  -1.6488 28.2691 -19.7343
v  11.2641 21.0537 -10.2348
v  -2.5476 25.3930 -10.3034
v  10.5821 39.0615 -15.2773
v  13.0234 22.6061 -9.5937
v  9.6833 36.1854 -5.8464
v  30.8708 26.5440 -17.1610
v  15.9417 20.8055 -9.8647
v  29.9720 23.6679 -7.7301
v  26.7219 34.0176 -15.2773
v  15.3449 21.8805 -9.5937
v  25.8231 31.1415 -5.8464
v  2.9159 35.2804 -17.1610
v  11.9207 22.0622 -9.8647
v  2.0170 32.4043 -7.7301
v  1.3589 30.2983 -0.8979
v  11.1494 19.5942 -10.8283
v  -1.4543 21.2968 -3.9112
v  0.9183 24.0049 2.8354
v  13.5747 26.0590 -8.0969
v  2.7720 17.2287 -3.7601
v  -4.9784 13.7763 7.2801
v  -2.5515 20.3395 16.6440
v  -14.8126 13.3299 10.3277
v  -5.3861 15.3925 -2.2129
v  -5.3861 25.0963 -2.2129
v  2.0471 23.1960 7.0419
v  5.5556 32.0909 5.0430
v  -0.3868 27.2389 -0.8993
v  4.8177 22.5479 10.4696
v  18.1627 32.6452 -10.5535
v  14.3987 23.5892 -10.3705
v  31.2527 29.1625 -17.7827
v  5.1434 31.6265 10.7953
v  11.0857 26.7746 16.7376
v  6.1438 18.4700 11.7957
v  4.4994 31.6265 11.2894
v  8.7013 26.7746 18.5673
v  5.2068 18.4700 12.5146
v  5.6375 31.6265 7.0422
v  12.9153 26.7746 2.8403
v  6.8627 18.4700 6.3348
v  3.7496 31.6265 11.6000
v  5.9246 26.7746 19.7174
v  4.1157 18.4700 12.9666
v  9.4047 9.5966 2.1369
v  3.4624 4.7446 8.0793
v  0.8478 14.9496 10.6938
v  0.5700 6.2201 6.2220
v  -5.3723 11.0720 0.2796
v  -0.4304 19.3766 5.2215
v  5.6375 17.3173 -4.3004
v  12.9153 13.1154 0.5515
v  6.8627 16.6099 8.8562
v  9.4047 9.5966 15.0567
v  3.4624 4.7446 9.1143
v  0.8478 14.9496 6.4998
v  4.4994 16.1793 -4.3004
v  8.7013 8.9014 0.5515
v  5.2068 14.9540 8.8562
v  6.0540 31.6265 8.5968
v  14.4578 26.7746 8.5968
v  7.4688 18.4700 8.5968
v  -1.7815 27.9009 0.4104
v  2.4203 32.7528 7.6883
v  4.2691 22.5479 10.8905
v  2.0756 6.2201 5.3527
v  -0.0995 11.0720 -2.7647
v  1.7094 19.3766 3.9861
v  3.7496 31.6265 5.5936
v  5.9246 26.7746 -2.5239
v  4.1157 18.4700 4.2270
v  -1.7815 27.9009 16.7831
v  2.4203 32.7528 9.5052
v  4.2691 22.5479 6.3031
v  1.3903 16.1793 -4.3004
v  -2.8116 8.9014 0.5515
v  0.6829 14.9540 8.8562
v  5.9481 31.6265 7.7921
v  14.0655 26.7746 5.6170
v  7.3146 18.4700 7.4259
v  1.2656 6.2201 5.6882
v  -2.9363 11.0720 -1.5897
v  0.5582 19.3766 4.4630
v  0.4983 27.9009 17.7274
v  2.6733 32.7528 9.6100
v  3.6303 22.5479 6.0385
v  -0.4137 6.2201 8.5968
v  -8.8174 11.0720 8.5968
v  -1.8285 19.3766 8.5968
v  5.3093 9.5966 17.4211
v  3.1343 4.7446 9.3037
v  2.1773 14.9496 5.7322
v  -5.2415 27.9009 3.8704
v  2.0364 32.7528 8.0723
v  5.2386 22.5479 9.9211
v  7.5127 9.5966 16.5085
v  3.3108 4.7446 9.2306
v  1.4620 14.9496 6.0284
v  6.0540 18.8719 -4.3004
v  14.4578 18.8719 0.5515
v  7.4688 18.8719 8.8562
v  1.2656 6.2201 11.5054
v  -2.9363 11.0720 18.7832
v  0.5582 19.3766 12.7306
v  7.5127 9.5966 0.6851
v  3.3108 4.7446 7.9630
v  1.4620 14.9496 11.1651
v  11.7692 9.5966 6.2323
v  3.6518 4.7446 8.4073
v  0.0803 14.9496 9.3643
v  11.7692 9.5966 10.9612
v  3.6518 4.7446 8.7862
v  0.0803 14.9496 7.8292
v  -5.2415 27.9009 13.3232
v  2.0364 32.7528 9.1213
v  5.2386 22.5479 7.2725
v  -3.7393 27.9009 15.2809
v  2.2031 32.7528 9.3385
v  4.8177 22.5479 6.7240
v  5.8535 20.5511 21.1061
v  13.1313 24.7530 16.2542
v  7.0787 21.2585 7.9496
v  10.8566 9.5966 4.0290
v  3.5787 4.7446 8.2308
v  0.3765 14.9496 10.0796
v  2.0756 6.2201 11.8409
v  -0.0995 11.0720 19.9583
v  1.7094 19.3766 13.2075
v  -6.1858 27.9009 6.1502
v  1.9316 32.7528 8.3253
v  5.5031 22.5479 9.2823
v  2.9449 27.9009 -0.8560
v  2.9449 32.7528 7.5478
v  2.9449 22.5479 11.2453
v  11.7709 22.3513 17.4228
v  11.7709 12.6474 17.4228
v  4.2144 14.5478 9.8663
v  -6.1858 27.9009 11.0433
v  1.9316 32.7528 8.8683
v  5.5031 22.5479 7.9113
v  -0.4137 18.8719 21.1061
v  -8.8174 18.8719 16.2542
v  -1.8285 18.8719 7.9496
# 700 vertices

vn 0.7005 -0.4055 -0.5872
vn 0.7005 -0.4055 -0.5872
vn 0.7005 -0.4055 -0.5872
vn 0.5559 0.1024 -0.8249
vn 0.5559 0.1024 -0.8249
vn 0.5559 0.1024 -0.8249
vn 0.5181 -0.2081 -0.8296
vn 0.5181 -0.2081 -0.8296
vn 0.5181 -0.2081 -0.8296
vn 0.0634 -0.0209 -0.9978
vn 0.0634 -0.0209 -0.9978
vn 0.0634 -0.0209 -0.9978
vn 0.8010 -0.0507 -0.5965
vn 0.8010 -0.0507 -0.5965
vn 0.8010 -0.0507 -0.5965
vn -0.9687 -0.1963 -0.1522
vn -0.9687 -0.1963 -0.1522
vn -0.9687 -0.1963 -0.1522
vn -0.7233 -0.6382 -0.2636
vn -0.7233 -0.6382 -0.2636
vn -0.7233 -0.6382 -0.2636
vn 0.9454 -0.2129 -0.2465
vn 0.9454 -0.2129 -0.2465
vn 0.9454 -0.2129 -0.2465
vn -0.6845 0.7129 0.1522
vn -0.6845 0.7129 0.1522
vn -0.6845 0.7129 0.1522
vn 0.9454 -0.2129 -0.2465
vn 0.9454 -0.2129 -0.2465
vn 0.9454 -0.2129 -0.2465
vn 0.9545 -0.2983 0.0000
vn 0.9545 -0.2983 0.0000
vn 0.9545 -0.2983 0.0000
vn -0.6845 0.7129 0.1522
vn -0.6845 0.7129 0.1522
vn -0.6845 0.7129 0.1522
vn 0.8720 -0.1131 -0.4763
vn 0.8720 -0.1131 -0.4763
vn 0.8720 -0.1131 -0.4763
vn -0.8985 0.3633 -0.2465
vn -0.8985 0.3633 -0.2465
vn -0.8985 0.3633 -0.2465
vn -0.9687 -0.1963 -0.1522
vn -0.9687 -0.1963 -0.1522
vn -0.9687 -0.1963 -0.1522
vn -0.2841 -0.9092 -0.3044
vn -0.2841 -0.9092 -0.3044
vn -0.2841 -0.9092 -0.3044
vn -0.6107 0.4163 -0.6736
vn -0.6107 0.4163 -0.6736
vn -0.6107 0.4163 -0.6736
vn -0.1593 0.3578 -0.9201
vn -0.1593 0.3578 -0.9201
vn -0.1593 0.3578 -0.9201
vn -0.9687 -0.1963 -0.1522
vn -0.9687 -0.1963 -0.1522
vn -0.9687 -0.1963 -0.1522
vn -0.7812 0.4036 -0.4763
vn -0.7812 0.4036 -0.4763
vn -0.7812 0.4036 -0.4763
vn 0.0908 0.2905 -0.9526
vn 0.0908 0.2905 -0.9526
vn 0.0908 0.2905 -0.9526
vn -0.6845 0.7129 0.1522
vn -0.6845 0.7129 0.1522
vn -0.6845 0.7129 0.1522
vn -0.2841 -0.9092 -0.3044
vn -0.2841 -0.9092 -0.3044
vn -0.2841 -0.9092 -0.3044
vn -0.8985 0.3633 -0.2465
vn -0.8985 0.3633 -0.2465
vn -0.8985 0.3633 -0.2465
vn 0.8720 -0.1131 -0.4763
vn 0.8720 -0.1131 -0.4763
vn 0.8720 -0.1131 -0.4763
vn 0.8720 -0.1131 -0.4763
vn 0.8720 -0.1131 -0.4763
vn 0.8720 -0.1131 -0.4763
vn -0.1593 0.3578 -0.9201
vn -0.1593 0.3578 -0.9201
vn -0.1593 0.3578 -0.9201
vn 0.5559 0.1024 -0.8249
vn 0.5559 0.1024 -0.8249
vn 0.5559 0.1024 -0.8249
vn 0.7391 -0.0055 -0.6736
vn 0.7391 -0.0055 -0.6736
vn 0.7391 -0.0055 -0.6736
vn 0.3347 0.2034 -0.9201
vn 0.3347 0.2034 -0.9201
vn 0.3347 0.2034 -0.9201
vn 0.0908 0.2905 -0.9526
vn 0.0908 0.2905 -0.9526
vn 0.0908 0.2905 -0.9526
vn 0.7391 -0.0055 -0.6736
vn 0.7391 -0.0055 -0.6736
vn 0.7391 -0.0055 -0.6736
vn -0.3986 0.4007 -0.8249
vn -0.3986 0.4007 -0.8249
vn -0.3986 0.4007 -0.8249
vn -0.8985 0.3633 -0.2465
vn -0.8985 0.3633 -0.2465
vn -0.8985 0.3633 -0.2465
vn -0.7812 0.4036 -0.4763
vn -0.7812 0.4036 -0.4763
vn -0.7812 0.4036 -0.4763
vn 0.9454 -0.2129 -0.2465
vn 0.9454 -0.2129 -0.2465
vn 0.9454 -0.2129 -0.2465
vn -0.9687 -0.1963 -0.1522
vn -0.9687 -0.1963 -0.1522
vn -0.9687 -0.1963 -0.1522
vn 0.9545 -0.2983 0.0000
vn 0.9545 -0.2983 0.0000
vn 0.9545 -0.2983 0.0000
vn 0.5559 0.1024 -0.8249
vn 0.5559 0.1024 -0.8249
vn 0.5559 0.1024 -0.8249
vn -0.2312 0.9365 0.2636
vn -0.2312 0.9365 0.2636
vn -0.2312 0.9365 0.2636
vn -0.2841 -0.9092 -0.3044
vn -0.2841 -0.9092 -0.3044
vn -0.2841 -0.9092 -0.3044
vn -0.1593 0.3578 -0.9201
vn -0.1593 0.3578 -0.9201
vn -0.1593 0.3578 -0.9201
vn -0.3986 0.4007 -0.8249
vn -0.3986 0.4007 -0.8249
vn -0.3986 0.4007 -0.8249
vn -0.7812 0.4036 -0.4763
vn -0.7812 0.4036 -0.4763
vn -0.7812 0.4036 -0.4763
vn 0.9545 -0.2983 -0.0000
vn 0.9545 -0.2983 -0.0000
vn 0.9545 -0.2983 -0.0000
vn -0.2841 -0.9092 -0.3044
vn -0.2841 -0.9092 -0.3044
vn -0.2841 -0.9092 -0.3044
vn 0.3347 0.2034 -0.9201
vn 0.3347 0.2034 -0.9201
vn 0.3347 0.2034 -0.9201
vn -0.3986 0.4007 -0.8249
vn -0.3986 0.4007 -0.8249
vn -0.3986 0.4007 -0.8249
vn 0.9454 -0.2129 -0.2465
vn 0.9454 -0.2129 -0.2465
vn 0.9454 -0.2129 -0.2465
vn 0.0908 0.2905 -0.9526
vn 0.0908 0.2905 -0.9526
vn 0.0908 0.2905 -0.9526
vn -0.7812 0.4036 -0.4763
vn -0.7812 0.4036 -0.4763
vn -0.7812 0.4036 -0.4763
vn 0.8720 -0.1131 -0.4763
vn 0.8720 -0.1131 -0.4763
vn 0.8720 -0.1131 -0.4763
vn 0.3347 0.2034 -0.9201
vn 0.3347 0.2034 -0.9201
vn 0.3347 0.2034 -0.9201
vn -0.2841 -0.9092 -0.3044
vn -0.2841 -0.9092 -0.3044
vn -0.2841 -0.9092 -0.3044
vn -0.7233 -0.6382 -0.2636
vn -0.7233 -0.6382 -0.2636
vn -0.7233 -0.6382 -0.2636
vn 0.3347 0.2034 -0.9201
vn 0.3347 0.2034 -0.9201
vn 0.3347 0.2034 -0.9201
vn -0.7812 0.4036 -0.4763
vn -0.7812 0.4036 -0.4763
vn -0.7812 0.4036 -0.4763
vn 0.9545 -0.2983 0.0000
vn 0.9545 -0.2983 0.0000
vn 0.9545 -0.2983 0.0000
vn -0.8985 0.3633 -0.2465
vn -0.8985 0.3633 -0.2465
vn -0.8985 0.3633 -0.2465
vn 0.9454 -0.2129 -0.2465
vn 0.9454 -0.2129 -0.2465
vn 0.9454 -0.2129 -0.2465
vn -0.8985 0.3633 -0.2465
vn -0.8985 0.3633 -0.2465
vn -0.8985 0.3633 -0.2465
vn -0.7233 -0.6382 -0.2636
vn -0.7233 -0.6382 -0.2636
vn -0.7233 -0.6382 -0.2636
vn 0.0908 0.2905 -0.9526
vn 0.0908 0.2905 -0.9526
vn 0.0908 0.2905 -0.9526
vn -0.2312 0.9365 0.2636
vn -0.2312 0.9365 0.2636
vn -0.2312 0.9365 0.2636
vn 0.5559 0.1024 -0.8249
vn 0.5559 0.1024 -0.8249
vn 0.5559 0.1024 -0.8249
vn -0.2312 0.9365 0.2636
vn -0.2312 0.9365 0.2636
vn -0.2312 0.9365 0.2636
vn -0.3986 0.4007 -0.8249
vn -0.3986 0.4007 -0.8249
vn -0.3986 0.4007 -0.8249
vn -0.6107 0.4163 -0.6736
vn -0.6107 0.4163 -0.6736
vn -0.6107 0.4163 -0.6736
vn -0.6845 0.7129 0.1522
vn -0.6845 0.7129 0.1522
vn -0.6845 0.7129 0.1522
vn -0.9687 -0.1963 -0.1522
vn -0.9687 -0.1963 -0.1522
vn -0.9687 -0.1963 -0.1522
vn -0.3986 0.4007 -0.8249
vn -0.3986 0.4007 -0.8249
vn -0.3986 0.4007 -0.8249
vn 0.7391 -0.0055 -0.6736
vn 0.7391 -0.0055 -0.6736
vn 0.7391 -0.0055 -0.6736
vn -0.2312 0.9365 0.2636
vn -0.2312 0.9365 0.2636
vn -0.2312 0.9365 0.2636
vn 0.9454 -0.2129 -0.2465
vn 0.9454 -0.2129 -0.2465
vn 0.9454 -0.2129 -0.2465
vn 0.3347 0.2034 -0.9201
vn 0.3347 0.2034 -0.9201
vn 0.3347 0.2034 -0.9201
vn 0.7391 -0.0055 -0.6736
vn 0.7391 -0.0055 -0.6736
vn 0.7391 -0.0055 -0.6736
vn 0.9545 -0.2983 0.0000
vn 0.9545 -0.2983 0.0000
vn 0.9545 -0.2983 0.0000
vn -0.2312 0.9365 0.2636
vn -0.2312 0.9365 0.2636
vn -0.2312 0.9365 0.2636
vn 0.7391 -0.0055 -0.6736
vn 0.7391 -0.0055 -0.6736
vn 0.7391 -0.0055 -0.6736
vn -0.1593 0.3578 -0.9201
vn -0.1593 0.3578 -0.9201
vn -0.1593 0.3578 -0.9201
vn 0.9545 -0.2983 0.0000
vn 0.9545 -0.2983 0.0000
vn 0.9545 -0.2983 0.0000
vn -0.7233 -0.6382 -0.2636
vn -0.7233 -0.6382 -0.2636
vn -0.7233 -0.6382 -0.2636
vn -0.6845 0.7129 0.1522
vn -0.6845 0.7129 0.1522
vn -0.6845 0.7129 0.1522
vn -0.8985 0.3633 -0.2465
vn -0.8985 0.3633 -0.2465
vn -0.8985 0.3633 -0.2465
vn -0.7233 -0.6382 -0.2636
vn -0.7233 -0.6382 -0.2636
vn -0.7233 -0.6382 -0.2636
vn -0.1118 0.6760 -0.7284
vn -0.1118 0.6760 -0.7284
vn -0.1118 0.6760 -0.7284
vn 0.5227 0.2230 -0.8229
vn 0.5227 0.2230 -0.8229
vn 0.5227 0.2230 -0.8229
vn -0.5287 0.6878 -0.4974
vn -0.5287 0.6878 -0.4974
vn -0.5287 0.6878 -0.4974
vn 0.5000 0.7092 -0.4971
vn 0.5000 0.7092 -0.4971
vn 0.5000 0.7092 -0.4971
vn 0.5566 0.4671 -0.6870
vn 0.5566 0.4671 -0.6870
vn 0.5566 0.4671 -0.6870
vn -0.1593 0.3578 -0.9201
vn -0.1593 0.3578 -0.9201
vn -0.1593 0.3578 -0.9201
vn 0.0000 0.0000 -1.0000
vn 0.0000 -1.0000 -0.0000
vn 0.0000 -0.4472 -0.8944
vn 0.0000 -1.0000 -0.0000
vn 0.0000 0.0000 -1.0000
vn 0.0000 -0.4472 -0.8944
vn 0.2611 -0.0107 -0.9653
vn 0.2611 -0.0107 -0.9653
vn 0.2611 -0.0107 -0.9653
vn 0.0668 0.6032 -0.7948
vn 0.0668 0.6032 -0.7948
vn 0.0668 0.6032 -0.7948
vn 0.7797 0.5128 -0.3594
vn 0.7797 0.5128 -0.3594
vn 0.7797 0.5128 -0.3594
vn 0.7005 -0.4055 -0.5872
vn 0.7005 -0.4055 -0.5872
vn 0.7005 -0.4055 -0.5872
vn 0.7896 0.2138 -0.5752
vn 0.7896 0.2138 -0.5752
vn 0.7896 0.2138 -0.5752
vn -0.0907 0.3829 -0.9193
vn -0.0907 0.3829 -0.9193
vn -0.0907 0.3829 -0.9193
vn -0.5000 -0.4971 -0.7092
vn -0.5000 -0.4971 -0.7092
vn -0.5000 -0.4971 -0.7092
vn -0.5000 0.4971 0.7092
vn -0.5000 0.4971 0.7092
vn -0.5000 0.4971 0.7092
vn -0.5000 0.4971 0.7092
vn -0.5000 0.4971 0.7092
vn -0.5000 0.4971 0.7092
vn 0.2588 0.7910 -0.5544
vn 0.2588 0.7910 -0.5544
vn 0.2588 0.7910 -0.5544
vn -0.5000 -0.4971 -0.7092
vn -0.5000 -0.4971 -0.7092
vn -0.5000 -0.4971 -0.7092
vn 1.0000 0.0000 -0.0000
vn 1.0000 0.0000 -0.0000
vn 1.0000 0.0000 -0.0000
vn -0.2588 0.7910 -0.5544
vn -0.2588 0.7910 -0.5544
vn -0.2588 0.7910 -0.5544
vn 0.8660 0.4094 -0.2870
vn 0.8660 0.4094 -0.2870
vn 0.8660 0.4094 -0.2870
vn 0.5000 0.7092 -0.4971
vn 0.5000 0.7092 -0.4971
vn 0.5000 0.7092 -0.4971
vn 0.9659 0.2119 -0.1486
vn 0.9659 0.2119 -0.1486
vn 0.9659 0.2119 -0.1486
vn -0.5000 -0.4971 -0.7092
vn -0.5000 -0.4971 -0.7092
vn -0.5000 -0.4971 -0.7092
vn -0.0000 -0.5740 -0.8189
vn -0.0000 -0.5740 -0.8189
vn -0.0000 -0.5740 -0.8189
vn -0.8660 -0.2870 -0.4094
vn -0.8660 -0.2870 -0.4094
vn -0.8660 -0.2870 -0.4094
vn -0.0000 0.8189 -0.5740
vn -0.0000 0.8189 -0.5740
vn -0.0000 0.8189 -0.5740
vn 1.0000 0.0000 -0.0000
vn 1.0000 0.0000 -0.0000
vn 1.0000 0.0000 -0.0000
vn -0.5000 0.7092 -0.4971
vn -0.5000 0.7092 -0.4971
vn -0.5000 0.7092 -0.4971
vn -0.8660 0.2870 0.4094
vn -0.8660 0.2870 0.4094
vn -0.8660 0.2870 0.4094
vn 0.9659 0.2119 -0.1486
vn 0.9659 0.2119 -0.1486
vn 0.9659 0.2119 -0.1486
vn -0.9659 0.2119 -0.1486
vn -0.9659 0.2119 -0.1486
vn -0.9659 0.2119 -0.1486
vn 1.0000 0.0000 -0.0000
vn 1.0000 0.0000 -0.0000
vn 1.0000 0.0000 -0.0000
vn -0.2588 0.7910 -0.5544
vn -0.2588 0.7910 -0.5544
vn -0.2588 0.7910 -0.5544
vn 0.7071 0.5790 -0.4059
vn 0.7071 0.5790 -0.4059
vn 0.7071 0.5790 -0.4059
vn -0.8660 -0.2870 -0.4094
vn -0.8660 -0.2870 -0.4094
vn -0.8660 -0.2870 -0.4094
vn 0.9659 0.2119 -0.1486
vn 0.9659 0.2119 -0.1486
vn 0.9659 0.2119 -0.1486
vn -0.5000 0.7092 -0.4971
vn -0.5000 0.7092 -0.4971
vn -0.5000 0.7092 -0.4971
vn -0.8660 0.4094 -0.2870
vn -0.8660 0.4094 -0.2870
vn -0.8660 0.4094 -0.2870
vn 0.9659 0.2119 -0.1486
vn 0.9659 0.2119 -0.1486
vn 0.9659 0.2119 -0.1486
vn -0.8660 0.2870 0.4094
vn -0.8660 0.2870 0.4094
vn -0.8660 0.2870 0.4094
vn 0.9659 0.2119 -0.1486
vn 0.9659 0.2119 -0.1486
vn 0.9659 0.2119 -0.1486
vn 1.0000 0.0000 -0.0000
vn 1.0000 0.0000 -0.0000
vn 1.0000 0.0000 -0.0000
vn -0.9659 0.2119 -0.1486
vn -0.9659 0.2119 -0.1486
vn -0.9659 0.2119 -0.1486
vn -0.9659 0.2119 -0.1486
vn -0.9659 0.2119 -0.1486
vn -0.9659 0.2119 -0.1486
vn -0.0000 -0.5740 -0.8189
vn -0.0000 -0.5740 -0.8189
vn -0.0000 -0.5740 -0.8189
vn 1.0000 0.0000 -0.0000
vn 1.0000 0.0000 -0.0000
vn 1.0000 0.0000 -0.0000
vn 0.2588 0.7910 -0.5544
vn 0.2588 0.7910 -0.5544
vn 0.2588 0.7910 -0.5544
vn 0.7071 0.5790 -0.4059
vn 0.7071 0.5790 -0.4059
vn 0.7071 0.5790 -0.4059
vn 0.8660 0.4094 -0.2870
vn 0.8660 0.4094 -0.2870
vn 0.8660 0.4094 -0.2870
vn -0.2588 0.7910 -0.5544
vn -0.2588 0.7910 -0.5544
vn -0.2588 0.7910 -0.5544
vn 0.5000 0.7092 -0.4971
vn 0.5000 0.7092 -0.4971
vn 0.5000 0.7092 -0.4971
vn 0.0000 -0.5740 -0.8189
vn 0.0000 -0.5740 -0.8189
vn 0.0000 -0.5740 -0.8189
vn 0.2588 0.7910 -0.5544
vn 0.2588 0.7910 -0.5544
vn 0.2588 0.7910 -0.5544
vn -0.8660 0.2870 0.4094
vn -0.8660 0.2870 0.4094
vn -0.8660 0.2870 0.4094
vn -0.5000 0.7092 -0.4971
vn -0.5000 0.7092 -0.4971
vn -0.5000 0.7092 -0.4971
vn -0.8660 0.4094 -0.2870
vn -0.8660 0.4094 -0.2870
vn -0.8660 0.4094 -0.2870
vn -0.5000 -0.4971 -0.7092
vn -0.5000 -0.4971 -0.7092
vn -0.5000 -0.4971 -0.7092
vn -0.8660 0.4094 -0.2870
vn -0.8660 0.4094 -0.2870
vn -0.8660 0.4094 -0.2870
vn -0.8660 0.4094 -0.2870
vn -0.8660 0.4094 -0.2870
vn -0.8660 0.4094 -0.2870
vn -0.8660 -0.2870 -0.4094
vn -0.8660 -0.2870 -0.4094
vn -0.8660 -0.2870 -0.4094
vn -0.5000 -0.4971 -0.7092
vn -0.5000 -0.4971 -0.7092
vn -0.5000 -0.4971 -0.7092
vn -0.0000 0.8189 -0.5740
vn -0.0000 0.8189 -0.5740
vn -0.0000 0.8189 -0.5740
vn -0.5000 0.4971 0.7092
vn -0.5000 0.4971 0.7092
vn -0.5000 0.4971 0.7092
vn -0.5000 0.4971 0.7092
vn -0.5000 0.4971 0.7092
vn -0.5000 0.4971 0.7092
vn 0.8660 0.4094 -0.2870
vn 0.8660 0.4094 -0.2870
vn 0.8660 0.4094 -0.2870
vn -0.8660 0.2870 0.4094
vn -0.8660 0.2870 0.4094
vn -0.8660 0.2870 0.4094
vn 0.2588 0.7910 -0.5544
vn 0.2588 0.7910 -0.5544
vn 0.2588 0.7910 -0.5544
vn 0.7071 0.5790 -0.4059
vn 0.7071 0.5790 -0.4059
vn 0.7071 0.5790 -0.4059
vn -0.5000 0.4971 0.7092
vn -0.5000 0.4971 0.7092
vn -0.5000 0.4971 0.7092
vn -0.7071 0.5790 -0.4059
vn -0.7071 0.5790 -0.4059
vn -0.7071 0.5790 -0.4059
vn 0.8660 0.4094 -0.2870
vn 0.8660 0.4094 -0.2870
vn 0.8660 0.4094 -0.2870
vn 1.0000 0.0000 -0.0000
vn 1.0000 0.0000 -0.0000
vn 1.0000 0.0000 -0.0000
vn -0.9659 0.2119 -0.1486
vn -0.9659 0.2119 -0.1486
vn -0.9659 0.2119 -0.1486
vn 0.7071 0.5790 -0.4059
vn 0.7071 0.5790 -0.4059
vn 0.7071 0.5790 -0.4059
vn 0.0000 -0.5740 -0.8189
vn 0.0000 -0.5740 -0.8189
vn 0.0000 -0.5740 -0.8189
vn -0.8660 -0.2870 -0.4094
vn -0.8660 -0.2870 -0.4094
vn -0.8660 -0.2870 -0.4094
vn -0.0000 0.8189 -0.5740
vn -0.0000 0.8189 -0.5740
vn -0.0000 0.8189 -0.5740
vn -0.8660 -0.2870 -0.4094
vn -0.8660 -0.2870 -0.4094
vn -0.8660 -0.2870 -0.4094
vn 0.0000 -0.5740 -0.8189
vn 0.0000 -0.5740 -0.8189
vn 0.0000 -0.5740 -0.8189
vn 0.9659 0.2119 -0.1486
vn 0.9659 0.2119 -0.1486
vn 0.9659 0.2119 -0.1486
vn -0.7071 0.5790 -0.4059
vn -0.7071 0.5790 -0.4059
vn -0.7071 0.5790 -0.4059
vn -0.8660 0.2870 0.4094
vn -0.8660 0.2870 0.4094
vn -0.8660 0.2870 0.4094
vn -0.0000 0.8189 -0.5740
vn -0.0000 0.8189 -0.5740
vn -0.0000 0.8189 -0.5740
vn -0.2588 0.7910 -0.5544
vn -0.2588 0.7910 -0.5544
vn -0.2588 0.7910 -0.5544
vn -0.5000 0.7092 -0.4971
vn -0.5000 0.7092 -0.4971
vn -0.5000 0.7092 -0.4971
vn 0.5000 0.7092 -0.4971
vn 0.5000 0.7092 -0.4971
vn 0.5000 0.7092 -0.4971
vn -0.8660 0.4094 -0.2870
vn -0.8660 0.4094 -0.2870
vn -0.8660 0.4094 -0.2870
vn 0.2588 0.7910 -0.5544
vn 0.2588 0.7910 -0.5544
vn 0.2588 0.7910 -0.5544
vn -0.9659 0.2119 -0.1486
vn -0.9659 0.2119 -0.1486
vn -0.9659 0.2119 -0.1486
vn -0.5000 0.7092 -0.4971
vn -0.5000 0.7092 -0.4971
vn -0.5000 0.7092 -0.4971
vn 0.7071 0.5790 -0.4059
vn 0.7071 0.5790 -0.4059
vn 0.7071 0.5790 -0.4059
vn -0.9659 0.2119 -0.1486
vn -0.9659 0.2119 -0.1486
vn -0.9659 0.2119 -0.1486
vn -0.3083 0.9280 -0.2093
vn -0.3083 0.9280 -0.2093
vn -0.3083 0.9280 -0.2093
vn 0.4324 0.7916 -0.4318
vn 0.4324 0.7916 -0.4318
vn 0.4324 0.7916 -0.4318
vn -0.7098 0.6981 -0.0940
vn -0.7098 0.6981 -0.0940
vn -0.7098 0.6981 -0.0940
vn 0.5000 -0.0000 -0.8660
vn 0.5000 -0.0000 -0.8660
vn 0.5000 -0.0000 -0.8660
vn -0.2588 0.7910 -0.5544
vn -0.2588 0.7910 -0.5544
vn -0.2588 0.7910 -0.5544
vn 0.5566 -0.2945 -0.7768
vn 0.5566 -0.2945 -0.7768
vn 0.5566 -0.2945 -0.7768
vn 0.2524 0.6382 -0.7273
vn 0.2524 0.6382 -0.7273
vn 0.2524 0.6382 -0.7273
vn 0.0668 -0.3046 -0.9501
vn 0.0668 -0.3046 -0.9501
vn 0.0668 -0.3046 -0.9501
vn -0.2841 -0.9092 -0.3044
vn -0.2841 -0.9092 -0.3044
vn -0.2841 -0.9092 -0.3044
vn -0.9687 -0.1963 -0.1522
vn -0.9687 -0.1963 -0.1522
vn -0.9687 -0.1963 -0.1522
vn -0.2312 0.9365 0.2636
vn -0.2312 0.9365 0.2636
vn -0.2312 0.9365 0.2636
vn -0.6845 0.7129 0.1522
vn -0.6845 0.7129 0.1522
vn -0.6845 0.7129 0.1522
vn -0.7233 -0.6382 -0.2636
vn -0.7233 -0.6382 -0.2636
vn -0.7233 -0.6382 -0.2636
vn -0.3986 0.4007 -0.8249
vn -0.3986 0.4007 -0.8249
vn -0.3986 0.4007 -0.8249
vn -0.6244 0.4504 -0.6382
vn -0.6244 0.4504 -0.6382
vn -0.6244 0.4504 -0.6382
vn -0.2008 0.8259 -0.5269
vn -0.2008 0.8259 -0.5269
vn -0.2008 0.8259 -0.5269
vn 0.7797 0.0000 -0.6262
vn 0.7797 0.0000 -0.6262
vn 0.7797 0.0000 -0.6262
vn 0.7896 -0.3483 -0.5052
vn 0.7896 -0.3483 -0.5052
vn 0.7896 -0.3483 -0.5052
vn -0.4425 0.1661 -0.8813
vn -0.4425 0.1661 -0.8813
vn -0.4425 0.1661 -0.8813
vn 0.7071 0.0000 -0.7071
vn 0.7071 0.0000 -0.7071
vn 0.7071 0.0000 -0.7071
vn 0.8660 -0.0000 -0.5000
vn 0.8660 -0.0000 -0.5000
vn 0.8660 -0.0000 -0.5000
vn -0.5000 0.0000 -0.8660
vn -0.5000 0.0000 -0.8660
vn -0.5000 0.0000 -0.8660
vn 0.9659 -0.0000 -0.2588
vn 0.9659 -0.0000 -0.2588
vn 0.9659 -0.0000 -0.2588
vn -0.7071 -0.0000 -0.7071
vn -0.7071 -0.0000 -0.7071
vn -0.7071 -0.0000 -0.7071
vn 0.7071 -0.0000 -0.7071
vn 0.7071 -0.0000 -0.7071
vn 0.7071 -0.0000 -0.7071
vn -0.5000 -0.8660 0.0000
vn -0.5000 -0.8660 0.0000
vn -0.5000 -0.8660 0.0000
vn 0.7071 0.0000 -0.7071
vn 0.7071 0.0000 -0.7071
vn 0.7071 0.0000 -0.7071
vn -0.8660 -0.5000 0.0000
vn -0.8660 -0.5000 0.0000
vn -0.8660 -0.5000 0.0000
vn 0.0000 0.0000 -1.0000
vn 0.0000 0.0000 -1.0000
vn 0.0000 0.0000 -1.0000
vn 0.8660 0.0000 -0.5000
vn 0.8660 0.0000 -0.5000
vn 0.8660 0.0000 -0.5000
vn 0.9659 -0.0000 -0.2588
vn 0.9659 -0.0000 -0.2588
vn 0.9659 -0.0000 -0.2588
vn -0.9659 0.0000 -0.2588
vn -0.9659 0.0000 -0.2588
vn -0.9659 0.0000 -0.2588
vn -0.8660 -0.0000 -0.5000
vn -0.8660 -0.0000 -0.5000
vn -0.8660 -0.0000 -0.5000
vn -0.8660 0.5000 -0.0000
vn -0.8660 0.5000 -0.0000
vn -0.8660 0.5000 -0.0000
vn -0.2588 0.0000 -0.9659
vn -0.2588 0.0000 -0.9659
vn -0.2588 0.0000 -0.9659
vn 0.8660 -0.0000 -0.5000
vn 0.8660 -0.0000 -0.5000
vn 0.8660 -0.0000 -0.5000
vn -0.9659 -0.0000 -0.2588
vn -0.9659 -0.0000 -0.2588
vn -0.9659 -0.0000 -0.2588
vn 0.0000 0.0000 -1.0000
vn 0.0000 0.0000 -1.0000
vn 0.0000 0.0000 -1.0000
vn 0.9659 -0.0000 -0.2588
vn 0.9659 -0.0000 -0.2588
vn 0.9659 -0.0000 -0.2588
vn 0.5000 -0.0000 -0.8660
vn 0.5000 -0.0000 -0.8660
vn 0.5000 -0.0000 -0.8660
vn 0.8660 0.0000 -0.5000
vn 0.8660 0.0000 -0.5000
vn 0.8660 0.0000 -0.5000
vn 0.0000 -1.0000 0.0000
vn 0.0000 -1.0000 0.0000
vn 0.0000 -1.0000 0.0000
vn -0.8660 -0.0000 -0.5000
vn -0.8660 -0.0000 -0.5000
vn -0.8660 -0.0000 -0.5000
vn -0.8660 0.0000 -0.5000
vn -0.8660 0.0000 -0.5000
vn -0.8660 0.0000 -0.5000
vn -0.2588 0.0000 -0.9659
vn -0.2588 0.0000 -0.9659
vn -0.2588 0.0000 -0.9659
vn 0.2588 0.0000 -0.9659
vn 0.2588 0.0000 -0.9659
vn 0.2588 0.0000 -0.9659
vn -0.5000 0.0000 -0.8660
vn -0.5000 0.0000 -0.8660
vn -0.5000 0.0000 -0.8660
vn -0.7071 -0.0000 -0.7071
vn -0.7071 -0.0000 -0.7071
vn -0.7071 -0.0000 -0.7071
vn -0.5000 0.8660 0.0000
vn -0.5000 0.8660 0.0000
vn -0.5000 0.8660 0.0000
vn -0.5000 0.0000 -0.8660
vn -0.5000 0.0000 -0.8660
vn -0.5000 0.0000 -0.8660
vn -0.9659 0.0000 -0.2588
vn -0.9659 0.0000 -0.2588
vn -0.9659 0.0000 -0.2588
vn 0.2588 0.0000 -0.9659
vn 0.2588 0.0000 -0.9659
vn 0.2588 0.0000 -0.9659
vn 1.0000 0.0000 -0.0000
vn 1.0000 0.0000 -0.0000
vn 1.0000 0.0000 -0.0000
vn 0.7071 0.0000 -0.7071
vn 0.7071 0.0000 -0.7071
vn 0.7071 0.0000 -0.7071
vn -0.2588 0.0000 -0.9659
vn -0.2588 0.0000 -0.9659
vn -0.2588 0.0000 -0.9659
vn -0.0000 -1.0000 0.0000
vn -0.0000 -1.0000 0.0000
vn -0.0000 -1.0000 0.0000
# 705 vertex normals

vt 0.9487 0.4859 0.0000
vt 0.7995 0.5711 0.0000
vt 0.8780 0.5430 0.0000
vt 0.9980 0.0020 0.0000
vt 0.8877 0.4717 0.0000
vt 0.5781 0.0020 0.0000
vt 0.9980 0.0020 0.0000
vt 0.8877 0.4717 0.0000
vt 0.5781 0.0020 0.0000
vt 0.5781 0.0020 0.0000
vt 0.9980 0.0020 0.0000
vt 0.8877 0.4717 0.0000
vt 0.9980 0.0020 0.0000
vt 0.6631 0.4717 0.0000
vt 0.5781 0.0020 0.0000
vt 0.5781 0.0020 0.0000
vt 0.9980 0.0020 0.0000
vt 0.8877 0.4717 0.0000
vt 0.6631 0.4717 0.0000
vt 0.5781 0.0020 0.0000
vt 0.9980 0.0020 0.0000
vt 0.9980 0.0020 0.0000
vt 0.8877 0.4717 0.0000
vt 0.5781 0.0020 0.0000
vt 0.9980 0.0020 0.0000
vt 0.8877 0.4717 0.0000
vt 0.5781 0.0020 0.0000
vt 0.9980 0.0020 0.0000
vt 0.8877 0.4717 0.0000
vt 0.5781 0.0020 0.0000
vt 0.9980 0.0020 0.0000
vt 0.8877 0.4717 0.0000
vt 0.5781 0.0020 0.0000
vt 0.9980 0.0020 0.0000
vt 0.8877 0.4717 0.0000
vt 0.5781 0.0020 0.0000
vt 0.9980 0.0020 0.0000
vt 0.8877 0.4717 0.0000
vt 0.5781 0.0020 0.0000
vt 0.9980 0.0020 0.0000
vt 0.8877 0.4717 0.0000
vt 0.5781 0.0020 0.0000
vt 0.9980 0.0020 0.0000
vt 0.8877 0.4717 0.0000
vt 0.5781 0.0020 0.0000
vt 0.9980 0.0020 0.0000
vt 0.8877 0.4717 0.0000
vt 0.5781 0.0020 0.0000
vt 0.9980 0.0020 0.0000
vt 0.8877 0.4717 0.0000
vt 0.5781 0.0020 0.0000
vt 0.9980 0.0020 0.0000
vt 0.8877 0.4717 0.0000
vt 0.5781 0.0020 0.0000
vt 0.9980 0.0020 0.0000
vt 0.8877 0.4717 0.0000
vt 0.5781 0.0020 0.0000
vt 0.9980 0.0020 0.0000
vt 0.8877 0.4717 0.0000
vt 0.5781 0.0020 0.0000
vt 0.9980 0.0020 0.0000
vt 0.8877 0.4717 0.0000
vt 0.5781 0.0020 0.0000
vt 0.9980 0.0020 0.0000
vt 0.8877 0.4717 0.0000
vt 0.5781 0.0020 0.0000
vt 0.9980 0.0020 0.0000
vt 0.8877 0.4717 0.0000
vt 0.5781 0.0020 0.0000
vt 0.9980 0.0020 0.0000
vt 0.8877 0.4717 0.0000
vt 0.5781 0.0020 0.0000
vt 0.9980 0.0020 0.0000
vt 0.8877 0.4717 0.0000
vt 0.5781 0.0020 0.0000
vt 0.9980 0.0020 0.0000
vt 0.8877 0.4717 0.0000
vt 0.5781 0.0020 0.0000
vt 0.9980 0.0020 0.0000
vt 0.8877 0.4717 0.0000
vt 0.5781 0.0020 0.0000
vt 0.9980 0.0020 0.0000
vt 0.8877 0.4717 0.0000
vt 0.5781 0.0020 0.0000
vt 0.9980 0.0020 0.0000
vt 0.8877 0.4717 0.0000
vt 0.5781 0.0020 0.0000
vt 0.9980 0.0020 0.0000
vt 0.8877 0.4717 0.0000
vt 0.5781 0.0020 0.0000
vt 0.9980 0.0020 0.0000
vt 0.8877 0.4717 0.0000
vt 0.5781 0.0020 0.0000
vt 0.9980 0.0020 0.0000
vt 0.8877 0.4717 0.0000
vt 0.5781 0.0020 0.0000
vt 0.9980 0.0020 0.0000
vt 0.8877 0.4717 0.0000
vt 0.5781 0.0020 0.0000
vt 0.9980 0.0020 0.0000
vt 0.8877 0.4717 0.0000
vt 0.5781 0.0020 0.0000
vt 0.9980 0.0020 0.0000
vt 0.8877 0.4717 0.0000
vt 0.5781 0.0020 0.0000
vt 0.9980 0.0020 0.0000
vt 0.8877 0.4717 0.0000
vt 0.5781 0.0020 0.0000
vt 0.9980 0.0020 0.0000
vt 0.8877 0.4717 0.0000
vt 0.5781 0.0020 0.0000
vt 0.9980 0.0020 0.0000
vt 0.8877 0.4717 0.0000
vt 0.5781 0.0020 0.0000
vt 0.9980 0.0020 0.0000
vt 0.8877 0.4717 0.0000
vt 0.5781 0.0020 0.0000
vt 0.9980 0.0020 0.0000
vt 0.8877 0.4717 0.0000
vt 0.5781 0.0020 0.0000
vt 0.9980 0.0020 0.0000
vt 0.8877 0.4717 0.0000
vt 0.5781 0.0020 0.0000
vt 0.9980 0.0020 0.0000
vt 0.8877 0.4717 0.0000
vt 0.5781 0.0020 0.0000
vt 0.9980 0.0020 0.0000
vt 0.8877 0.4717 0.0000
vt 0.5781 0.0020 0.0000
vt 0.9980 0.0020 0.0000
vt 0.8877 0.4717 0.0000
vt 0.5781 0.0020 0.0000
vt 0.9980 0.0020 0.0000
vt 0.8877 0.4717 0.0000
vt 0.5781 0.0020 0.0000
vt 0.9980 0.0020 0.0000
vt 0.8877 0.4717 0.0000
vt 0.5781 0.0020 0.0000
vt 0.9980 0.0020 0.0000
vt 0.8877 0.4717 0.0000
vt 0.5781 0.0020 0.0000
vt 0.9980 0.0020 0.0000
vt 0.8877 0.4717 0.0000
vt 0.5781 0.0020 0.0000
vt 0.9980 0.0020 0.0000
vt 0.8877 0.4717 0.0000
vt 0.5781 0.0020 0.0000
vt 0.9980 0.0020 0.0000
vt 0.8877 0.4717 0.0000
vt 0.5781 0.0020 0.0000
vt 0.9980 0.0020 0.0000
vt 0.8877 0.4717 0.0000
vt 0.5781 0.0020 0.0000
vt 0.9980 0.0020 0.0000
vt 0.8877 0.4717 0.0000
vt 0.5781 0.0020 0.0000
vt 0.9980 0.0020 0.0000
vt 0.8877 0.4717 0.0000
vt 0.5781 0.0020 0.0000
vt 0.9980 0.0020 0.0000
vt 0.8877 0.4717 0.0000
vt 0.5781 0.0020 0.0000
vt 0.9980 0.0020 0.0000
vt 0.8877 0.4717 0.0000
vt 0.5781 0.0020 0.0000
vt 0.9980 0.0020 0.0000
vt 0.8877 0.4717 0.0000
vt 0.5781 0.0020 0.0000
vt 0.9980 0.0020 0.0000
vt 0.8877 0.4717 0.0000
vt 0.5781 0.0020 0.0000
vt 0.9980 0.0020 0.0000
vt 0.8877 0.4717 0.0000
vt 0.5781 0.0020 0.0000
vt 0.9980 0.0020 0.0000
vt 0.8877 0.4717 0.0000
vt 0.5781 0.0020 0.0000
vt 0.9980 0.0020 0.0000
vt 0.8877 0.4717 0.0000
vt 0.5781 0.0020 0.0000
vt 0.9980 0.0020 0.0000
vt 0.8877 0.4717 0.0000
vt 0.5781 0.0020 0.0000
vt 0.9980 0.0020 0.0000
vt 0.8877 0.4717 0.0000
vt 0.5781 0.0020 0.0000
vt 0.9980 0.0020 0.0000
vt 0.8877 0.4717 0.0000
vt 0.5781 0.0020 0.0000
vt 0.9980 0.0020 0.0000
vt 0.8877 0.4717 0.0000
vt 0.5781 0.0020 0.0000
vt 0.9980 0.0020 0.0000
vt 0.8877 0.4717 0.0000
vt 0.5781 0.0020 0.0000
vt 0.9980 0.0020 0.0000
vt 0.8877 0.4717 0.0000
vt 0.5781 0.0020 0.0000
vt 0.9980 0.0020 0.0000
vt 0.8877 0.4717 0.0000
vt 0.5781 0.0020 0.0000
vt 0.9980 0.0020 0.0000
vt 0.8877 0.4717 0.0000
vt 0.5781 0.0020 0.0000
vt 0.9980 0.0020 0.0000
vt 0.8877 0.4717 0.0000
vt 0.5781 0.0020 0.0000
vt 0.9980 0.0020 0.0000
vt 0.8877 0.4717 0.0000
vt 0.5781 0.0020 0.0000
vt 0.9980 0.0020 0.0000
vt 0.8877 0.4717 0.0000
vt 0.5781 0.0020 0.0000
vt 0.9980 0.0020 0.0000
vt 0.8877 0.4717 0.0000
vt 0.5781 0.0020 0.0000
vt 0.9980 0.0020 0.0000
vt 0.8877 0.4717 0.0000
vt 0.5781 0.0020 0.0000
vt 0.9980 0.0020 0.0000
vt 0.8877 0.4717 0.0000
vt 0.5781 0.0020 0.0000
vt 0.9980 0.0020 0.0000
vt 0.8877 0.4717 0.0000
vt 0.5781 0.0020 0.0000
vt 0.9980 0.0020 0.0000
vt 0.8877 0.4717 0.0000
vt 0.5781 0.0020 0.0000
vt 0.9980 0.0020 0.0000
vt 0.8877 0.4717 0.0000
vt 0.5781 0.0020 0.0000
vt 0.9980 0.0020 0.0000
vt 0.8877 0.4717 0.0000
vt 0.5781 0.0020 0.0000
vt 0.9980 0.0020 0.0000
vt 0.8877 0.4717 0.0000
vt 0.5781 0.0020 0.0000
vt 0.9980 0.0020 0.0000
vt 0.8877 0.4717 0.0000
vt 0.5781 0.0020 0.0000
vt 0.9980 0.0020 0.0000
vt 0.8877 0.4717 0.0000
vt 0.5781 0.0020 0.0000
vt 0.9980 0.0020 0.0000
vt 0.8877 0.4717 0.0000
vt 0.5781 0.0020 0.0000
vt 0.9980 0.0020 0.0000
vt 0.8877 0.4717 0.0000
vt 0.5781 0.0020 0.0000
vt 0.9980 0.0020 0.0000
vt 0.8877 0.4717 0.0000
vt 0.5781 0.0020 0.0000
vt 0.9980 0.0020 0.0000
vt 0.8877 0.4717 0.0000
vt 0.5781 0.0020 0.0000
vt 0.9980 0.0020 0.0000
vt 0.8877 0.4717 0.0000
vt 0.5781 0.0020 0.0000
vt 0.9980 0.0020 0.0000
vt 0.8877 0.4717 0.0000
vt 0.5781 0.0020 0.0000
vt 0.9980 0.0020 0.0000
vt 0.8877 0.4717 0.0000
vt 0.5781 0.0020 0.0000
vt 0.9980 0.0020 0.0000
vt 0.8877 0.4717 0.0000
vt 0.5781 0.0020 0.0000
vt 0.6631 0.4717 0.0000
vt 0.5781 0.0020 0.0000
vt 0.9980 0.0020 0.0000
vt 0.9980 0.0020 0.0000
vt 0.8877 0.4717 0.0000
vt 0.5781 0.0020 0.0000
vt 0.9980 0.0020 0.0000
vt 0.8877 0.4717 0.0000
vt 0.5781 0.0020 0.0000
vt 0.5781 0.0020 0.0000
vt 0.9980 0.0020 0.0000
vt 0.8877 0.4717 0.0000
vt 0.9980 0.0020 0.0000
vt 0.6631 0.4717 0.0000
vt 0.5781 0.0020 0.0000
vt 0.6631 0.4717 0.0000
vt 0.5781 0.0020 0.0000
vt 0.9980 0.0020 0.0000
vt 0.6631 0.4717 0.0000
vt 0.5781 0.0020 0.0000
vt 0.9980 0.0020 0.0000
vt 0.5781 0.0020 0.0000
vt 0.9980 0.0020 0.0000
vt 0.8877 0.4717 0.0000
vt 0.6631 0.4717 0.0000
vt 0.5781 0.0020 0.0000
vt 0.9980 0.0020 0.0000
vt 0.6631 0.4717 0.0000
vt 0.5781 0.0020 0.0000
vt 0.9980 0.0020 0.0000
vt 0.9980 0.0020 0.0000
vt 0.8877 0.4717 0.0000
vt 0.5781 0.0020 0.0000
vt 0.9980 0.0020 0.0000
vt 0.8877 0.4717 0.0000
vt 0.5781 0.0020 0.0000
vt 0.9980 0.0020 0.0000
vt 0.8877 0.4717 0.0000
vt 0.5781 0.0020 0.0000
vt 0.9980 0.0020 0.0000
vt 0.8877 0.4717 0.0000
vt 0.5781 0.0020 0.0000
vt 0.9980 0.0020 0.0000
vt 0.8877 0.4717 0.0000
vt 0.5781 0.0020 0.0000
vt 0.9980 0.0020 0.0000
vt 0.8877 0.4717 0.0000
vt 0.5781 0.0020 0.0000
vt 0.9980 0.0020 0.0000
vt 0.8877 0.4717 0.0000
vt 0.5781 0.0020 0.0000
vt 0.9980 0.0020 0.0000
vt 0.8877 0.4717 0.0000
vt 0.5781 0.0020 0.0000
vt 0.9980 0.0020 0.0000
vt 0.8877 0.4717 0.0000
vt 0.5781 0.0020 0.0000
vt 0.9980 0.0020 0.0000
vt 0.8877 0.4717 0.0000
vt 0.5781 0.0020 0.0000
vt 0.9980 0.0020 0.0000
vt 0.8877 0.4717 0.0000
vt 0.5781 0.0020 0.0000
vt 0.9980 0.0020 0.0000
vt 0.8877 0.4717 0.0000
vt 0.5781 0.0020 0.0000
vt 0.9980 0.0020 0.0000
vt 0.8877 0.4717 0.0000
vt 0.5781 0.0020 0.0000
vt 0.9980 0.0020 0.0000
vt 0.8877 0.4717 0.0000
vt 0.5781 0.0020 0.0000
vt 0.9980 0.0020 0.0000
vt 0.8877 0.4717 0.0000
vt 0.5781 0.0020 0.0000
vt 0.9980 0.0020 0.0000
vt 0.8877 0.4717 0.0000
vt 0.5781 0.0020 0.0000
vt 0.9980 0.0020 0.0000
vt 0.8877 0.4717 0.0000
vt 0.5781 0.0020 0.0000
vt 0.9980 0.0020 0.0000
vt 0.8877 0.4717 0.0000
vt 0.5781 0.0020 0.0000
vt 0.9980 0.0020 0.0000
vt 0.8877 0.4717 0.0000
vt 0.5781 0.0020 0.0000
vt 0.9980 0.0020 0.0000
vt 0.8877 0.4717 0.0000
vt 0.5781 0.0020 0.0000
vt 0.9980 0.0020 0.0000
vt 0.8877 0.4717 0.0000
vt 0.5781 0.0020 0.0000
vt 0.9980 0.0020 0.0000
vt 0.8877 0.4717 0.0000
vt 0.5781 0.0020 0.0000
vt 0.9980 0.0020 0.0000
vt 0.8877 0.4717 0.0000
vt 0.5781 0.0020 0.0000
vt 0.9980 0.0020 0.0000
vt 0.8877 0.4717 0.0000
vt 0.5781 0.0020 0.0000
vt 0.9980 0.0020 0.0000
vt 0.8877 0.4717 0.0000
vt 0.5781 0.0020 0.0000
vt 0.9980 0.0020 0.0000
vt 0.8877 0.4717 0.0000
vt 0.5781 0.0020 0.0000
vt 0.9980 0.0020 0.0000
vt 0.8877 0.4717 0.0000
vt 0.5781 0.0020 0.0000
vt 0.9980 0.0020 0.0000
vt 0.8877 0.4717 0.0000
vt 0.5781 0.0020 0.0000
vt 0.9980 0.0020 0.0000
vt 0.8877 0.4717 0.0000
vt 0.5781 0.0020 0.0000
vt 0.9980 0.0020 0.0000
vt 0.8877 0.4717 0.0000
vt 0.5781 0.0020 0.0000
vt 0.9980 0.0020 0.0000
vt 0.8877 0.4717 0.0000
vt 0.5781 0.0020 0.0000
vt 0.9980 0.0020 0.0000
vt 0.8877 0.4717 0.0000
vt 0.5781 0.0020 0.0000
vt 0.9980 0.0020 0.0000
vt 0.8877 0.4717 0.0000
vt 0.5781 0.0020 0.0000
vt 0.9980 0.0020 0.0000
vt 0.8877 0.4717 0.0000
vt 0.5781 0.0020 0.0000
vt 0.9980 0.0020 0.0000
vt 0.8877 0.4717 0.0000
vt 0.5781 0.0020 0.0000
vt 0.9980 0.0020 0.0000
vt 0.8877 0.4717 0.0000
vt 0.5781 0.0020 0.0000
vt 0.9980 0.0020 0.0000
vt 0.8877 0.4717 0.0000
vt 0.5781 0.0020 0.0000
vt 0.9980 0.0020 0.0000
vt 0.8877 0.4717 0.0000
vt 0.5781 0.0020 0.0000
vt 0.9980 0.0020 0.0000
vt 0.8877 0.4717 0.0000
vt 0.5781 0.0020 0.0000
vt 0.9980 0.0020 0.0000
vt 0.8877 0.4717 0.0000
vt 0.5781 0.0020 0.0000
vt 0.9980 0.0020 0.0000
vt 0.8877 0.4717 0.0000
vt 0.5781 0.0020 0.0000
vt 0.9980 0.0020 0.0000
vt 0.8877 0.4717 0.0000
vt 0.5781 0.0020 0.0000
vt 0.9980 0.0020 0.0000
vt 0.8877 0.4717 0.0000
vt 0.5781 0.0020 0.0000
vt 0.9980 0.0020 0.0000
vt 0.8877 0.4717 0.0000
vt 0.5781 0.0020 0.0000
vt 0.9980 0.0020 0.0000
vt 0.8877 0.4717 0.0000
vt 0.5781 0.0020 0.0000
vt 0.9980 0.0020 0.0000
vt 0.8877 0.4717 0.0000
vt 0.5781 0.0020 0.0000
vt 0.9980 0.0020 0.0000
vt 0.8877 0.4717 0.0000
vt 0.5781 0.0020 0.0000
vt 0.9980 0.0020 0.0000
vt 0.8877 0.4717 0.0000
vt 0.5781 0.0020 0.0000
vt 0.9980 0.0020 0.0000
vt 0.8877 0.4717 0.0000
vt 0.5781 0.0020 0.0000
vt 0.9980 0.0020 0.0000
vt 0.8877 0.4717 0.0000
vt 0.5781 0.0020 0.0000
vt 0.9980 0.0020 0.0000
vt 0.8877 0.4717 0.0000
vt 0.5781 0.0020 0.0000
vt 0.9980 0.0020 0.0000
vt 0.8877 0.4717 0.0000
vt 0.5781 0.0020 0.0000
vt 0.9980 0.0020 0.0000
vt 0.8877 0.4717 0.0000
vt 0.5781 0.0020 0.0000
vt 0.9980 0.0020 0.0000
vt 0.8877 0.4717 0.0000
vt 0.5781 0.0020 0.0000
vt 0.9980 0.0020 0.0000
vt 0.8877 0.4717 0.0000
vt 0.5781 0.0020 0.0000
vt 0.9980 0.0020 0.0000
vt 0.8877 0.4717 0.0000
vt 0.5781 0.0020 0.0000
vt 0.9980 0.0020 0.0000
vt 0.8877 0.4717 0.0000
vt 0.5781 0.0020 0.0000
vt 0.9980 0.0020 0.0000
vt 0.8877 0.4717 0.0000
vt 0.5781 0.0020 0.0000
vt 0.9980 0.0020 0.0000
vt 0.8877 0.4717 0.0000
vt 0.5781 0.0020 0.0000
vt 0.9980 0.0020 0.0000
vt 0.8877 0.4717 0.0000
vt 0.5781 0.0020 0.0000
vt 0.9980 0.0020 0.0000
vt 0.8877 0.4717 0.0000
vt 0.5781 0.0020 0.0000
vt 0.9980 0.0020 0.0000
vt 0.8877 0.4717 0.0000
vt 0.5781 0.0020 0.0000
vt 0.9980 0.0020 0.0000
vt 0.8877 0.4717 0.0000
vt 0.5781 0.0020 0.0000
vt 0.9980 0.0020 0.0000
vt 0.8877 0.4717 0.0000
vt 0.5781 0.0020 0.0000
vt 0.9980 0.0020 0.0000
vt 0.8877 0.4717 0.0000
vt 0.5781 0.0020 0.0000
vt 0.9980 0.0020 0.0000
vt 0.8877 0.4717 0.0000
vt 0.5781 0.0020 0.0000
vt 0.9980 0.0020 0.0000
vt 0.8877 0.4717 0.0000
vt 0.5781 0.0020 0.0000
vt 0.9980 0.0020 0.0000
vt 0.8877 0.4717 0.0000
vt 0.5781 0.0020 0.0000
vt 0.9980 0.0020 0.0000
vt 0.8877 0.4717 0.0000
vt 0.5781 0.0020 0.0000
vt 0.9980 0.0020 0.0000
vt 0.8877 0.4717 0.0000
vt 0.5781 0.0020 0.0000
vt 0.9980 0.0020 0.0000
vt 0.8877 0.4717 0.0000
vt 0.5781 0.0020 0.0000
vt 0.9980 0.0020 0.0000
vt 0.8877 0.4717 0.0000
vt 0.5781 0.0020 0.0000
vt 0.9980 0.0020 0.0000
vt 0.8877 0.4717 0.0000
vt 0.5781 0.0020 0.0000
vt 0.9980 0.0020 0.0000
vt 0.8877 0.4717 0.0000
vt 0.5781 0.0020 0.0000
vt 0.9980 0.0020 0.0000
vt 0.8877 0.4717 0.0000
vt 0.5781 0.0020 0.0000
vt 0.9980 0.0020 0.0000
vt 0.8877 0.4717 0.0000
vt 0.5781 0.0020 0.0000
vt 0.9980 0.0020 0.0000
vt 0.8877 0.4717 0.0000
vt 0.5781 0.0020 0.0000
vt 0.9980 0.0020 0.0000
vt 0.8877 0.4717 0.0000
vt 0.5781 0.0020 0.0000
vt 0.9980 0.0020 0.0000
vt 0.8877 0.4717 0.0000
vt 0.5781 0.0020 0.0000
vt 0.9980 0.0020 0.0000
vt 0.8877 0.4717 0.0000
vt 0.5781 0.0020 0.0000
vt 0.9980 0.0020 0.0000
vt 0.8877 0.4717 0.0000
vt 0.5781 0.0020 0.0000
vt 0.9980 0.0020 0.0000
vt 0.8877 0.4717 0.0000
vt 0.5781 0.0020 0.0000
vt 0.6631 0.4717 0.0000
vt 0.5781 0.0020 0.0000
vt 0.9980 0.0020 0.0000
vt 0.9980 0.0020 0.0000
vt 0.8877 0.4717 0.0000
vt 0.5781 0.0020 0.0000
vt 0.6631 0.4717 0.0000
vt 0.5781 0.0020 0.0000
vt 0.9980 0.0020 0.0000
vt 0.9980 0.0020 0.0000
vt 0.6631 0.4717 0.0000
vt 0.5781 0.0020 0.0000
vt 0.5781 0.0020 0.0000
vt 0.9980 0.0020 0.0000
vt 0.8877 0.4717 0.0000
vt 0.6631 0.4717 0.0000
vt 0.5781 0.0020 0.0000
vt 0.9980 0.0020 0.0000
vt 0.6631 0.4717 0.0000
vt 0.5781 0.0020 0.0000
vt 0.9980 0.0020 0.0000
vt 0.6631 0.4717 0.0000
vt 0.5781 0.0020 0.0000
vt 0.9980 0.0020 0.0000
vt 0.6631 0.4717 0.0000
vt 0.5781 0.0020 0.0000
vt 0.9980 0.0020 0.0000
vt 0.6631 0.4717 0.0000
vt 0.5781 0.0020 0.0000
vt 0.9980 0.0020 0.0000
vt 0.6631 0.4717 0.0000
vt 0.5781 0.0020 0.0000
vt 0.9980 0.0020 0.0000
vt 0.6631 0.4717 0.0000
vt 0.5781 0.0020 0.0000
vt 0.9980 0.0020 0.0000
vt 0.6631 0.4717 0.0000
vt 0.5781 0.0020 0.0000
vt 0.9980 0.0020 0.0000
vt 0.9980 0.0020 0.0000
vt 0.8877 0.4717 0.0000
vt 0.5781 0.0020 0.0000
vt 0.9980 0.0020 0.0000
vt 0.8877 0.4717 0.0000
vt 0.5781 0.0020 0.0000
vt 0.9980 0.0020 0.0000
vt 0.8877 0.4717 0.0000
vt 0.5781 0.0020 0.0000
vt 0.9980 0.0020 0.0000
vt 0.8877 0.4717 0.0000
vt 0.5781 0.0020 0.0000
vt 0.9980 0.0020 0.0000
vt 0.8877 0.4717 0.0000
vt 0.5781 0.0020 0.0000
vt 0.9980 0.0020 0.0000
vt 0.8877 0.4717 0.0000
vt 0.5781 0.0020 0.0000
vt 0.9980 0.0020 0.0000
vt 0.8877 0.4717 0.0000
vt 0.5781 0.0020 0.0000
vt 0.9980 0.0020 0.0000
vt 0.8877 0.4717 0.0000
vt 0.5781 0.0020 0.0000
vt 0.9980 0.0020 0.0000
vt 0.8877 0.4717 0.0000
vt 0.5781 0.0020 0.0000
vt 0.9980 0.0020 0.0000
vt 0.8877 0.4717 0.0000
vt 0.5781 0.0020 0.0000
vt 0.9980 0.0020 0.0000
vt 0.8877 0.4717 0.0000
vt 0.5781 0.0020 0.0000
vt 0.9980 0.0020 0.0000
vt 0.8877 0.4717 0.0000
vt 0.5781 0.0020 0.0000
vt 0.9980 0.0020 0.0000
vt 0.8877 0.4717 0.0000
vt 0.5781 0.0020 0.0000
vt 0.9980 0.0020 0.0000
vt 0.8877 0.4717 0.0000
vt 0.5781 0.0020 0.0000
vt 0.9980 0.0020 0.0000
vt 0.8877 0.4717 0.0000
vt 0.5781 0.0020 0.0000
vt 0.9980 0.0020 0.0000
vt 0.8877 0.4717 0.0000
vt 0.5781 0.0020 0.0000
vt 0.9980 0.0020 0.0000
vt 0.8877 0.4717 0.0000
vt 0.5781 0.0020 0.0000
vt 0.9980 0.0020 0.0000
vt 0.8877 0.4717 0.0000
vt 0.5781 0.0020 0.0000
vt 0.9980 0.0020 0.0000
vt 0.8877 0.4717 0.0000
vt 0.5781 0.0020 0.0000
vt 0.9980 0.0020 0.0000
vt 0.8877 0.4717 0.0000
vt 0.5781 0.0020 0.0000
vt 0.9980 0.0020 0.0000
vt 0.8877 0.4717 0.0000
vt 0.5781 0.0020 0.0000
vt 0.9980 0.0020 0.0000
vt 0.8877 0.4717 0.0000
vt 0.5781 0.0020 0.0000
vt 0.9980 0.0020 0.0000
vt 0.8877 0.4717 0.0000
vt 0.5781 0.0020 0.0000
vt 0.9980 0.0020 0.0000
vt 0.8877 0.4717 0.0000
vt 0.5781 0.0020 0.0000
vt 0.9980 0.0020 0.0000
vt 0.8877 0.4717 0.0000
vt 0.5781 0.0020 0.0000
vt 0.9980 0.0020 0.0000
vt 0.8877 0.4717 0.0000
vt 0.5781 0.0020 0.0000
vt 0.9980 0.0020 0.0000
vt 0.8877 0.4717 0.0000
vt 0.5781 0.0020 0.0000
vt 0.9980 0.0020 0.0000
vt 0.8877 0.4717 0.0000
vt 0.5781 0.0020 0.0000
vt 0.9980 0.0020 0.0000
vt 0.8877 0.4717 0.0000
vt 0.5781 0.0020 0.0000
vt 0.9980 0.0020 0.0000
vt 0.8877 0.4717 0.0000
vt 0.5781 0.0020 0.0000
vt 0.9980 0.0020 0.0000
vt 0.8877 0.4717 0.0000
vt 0.5781 0.0020 0.0000
vt 0.9980 0.0020 0.0000
vt 0.8877 0.4717 0.0000
vt 0.5781 0.0020 0.0000
vt 0.9980 0.0020 0.0000
vt 0.8877 0.4717 0.0000
vt 0.5781 0.0020 0.0000
vt 0.9980 0.0020 0.0000
vt 0.8877 0.4717 0.0000
vt 0.5781 0.0020 0.0000
vt 0.9980 0.0020 0.0000
vt 0.8877 0.4717 0.0000
vt 0.5781 0.0020 0.0000
vt 0.9980 0.0020 0.0000
vt 0.8877 0.4717 0.0000
vt 0.5781 0.0020 0.0000
vt 0.9980 0.0020 0.0000
vt 0.8877 0.4717 0.0000
vt 0.5781 0.0020 0.0000
vt 0.9980 0.0020 0.0000
vt 0.8877 0.4717 0.0000
vt 0.5781 0.0020 0.0000
vt 0.8877 0.4717 0.0000
vt 0.5781 0.0020 0.0000
vt 0.9980 0.0020 0.0000
vt 0.6631 0.4717 0.0000
# 700 texture coords

o SM_Urchin_Group_01_LOD2
g SM_Urchin_Group_01_LOD2
usemtl MAT_Urchin
s 1
f 3716/3731/7510 3717/3732/7511 4001/3733/7512 
f 3720/3728/7513 3721/3729/7514 3719/3730/7515 
f 3722/3719/7516 3723/3720/7517 3724/3721/7518 
f 3726/3734/7519 3725/3735/7520 3727/3736/7521 
f 3729/3737/7522 3730/3738/7523 3728/3739/7524 
f 3732/3800/7525 3733/3801/7526 3731/3802/7527 
f 3735/3764/7528 3736/3765/7529 3734/3766/7530 
f 3738/3848/7531 3739/3849/7532 3737/3850/7533 
f 3741/3788/7534 3742/3789/7535 3740/3790/7536 
f 3744/3767/7537 3745/3768/7538 3743/3769/7539 
f 3747/3824/7540 3748/3825/7541 3746/3826/7542 
f 3750/3740/7543 3751/3741/7544 3749/3742/7545 
f 3753/3863/7546 3754/3864/7547 3752/3865/7548 
f 3756/3917/7549 3757/3918/7550 3755/3919/7551 
f 3759/3827/7552 3760/3828/7553 3758/3829/7554 
f 3762/3887/7555 3763/3888/7556 3761/3889/7557 
f 3765/3782/7558 3766/3783/7559 3764/3784/7560 
f 3768/3773/7561 3769/3774/7562 3767/3775/7563 
f 3771/3746/7564 3772/3747/7565 3770/3748/7566 
f 3774/3812/7567 3775/3813/7568 3773/3814/7569 
f 3777/3938/7570 3778/3939/7571 3776/3940/7572 
f 3780/3860/7573 3781/3861/7574 3779/3862/7575 
f 3783/3791/7576 3784/3792/7577 3782/3793/7578 
f 3786/3836/7579 3787/3837/7580 3785/3838/7581 
f 3789/3914/7582 3790/3915/7583 3788/3916/7584 
f 3792/3890/7585 3793/3891/7586 3791/3892/7587 
f 3795/3755/7588 3796/3756/7589 3794/3757/7590 
f 3798/3911/7591 3799/3912/7592 3797/3913/7593 
f 3801/3776/7594 3802/3777/7595 3800/3778/7596 
f 3804/3833/7597 3805/3834/7598 3803/3835/7599 
f 3807/3869/7600 3808/3870/7601 3806/3871/7602 
f 3810/3806/7603 3811/3807/7604 3809/3808/7605 
f 3813/3839/7606 3814/3840/7607 3812/3841/7608 
f 3816/3809/7609 3817/3810/7610 3815/3811/7611 
f 3819/3743/7612 3820/3744/7613 3818/3745/7614 
f 3822/3845/7615 3823/3846/7616 3821/3847/7617 
f 3825/3842/7618 3826/3843/7619 3824/3844/7620 
f 3828/3881/7621 3829/3882/7622 3827/3883/7623 
f 3831/3821/7624 3832/3822/7625 3830/3823/7626 
f 3834/3884/7627 3835/3885/7628 3833/3886/7629 
f 3837/3815/7630 3838/3816/7631 3836/3817/7632 
f 3840/3878/7633 3841/3879/7634 3839/3880/7635 
f 3843/3857/7636 3844/3858/7637 3842/3859/7638 
f 3846/3956/7639 3847/3957/7640 3845/3958/7641 
f 3849/3749/7642 3850/3750/7643 3848/3751/7644 
f 3852/3875/7645 3853/3876/7646 3851/3877/7647 
f 3855/3818/7648 3856/3819/7649 3854/3820/7650 
f 3858/3974/7651 3859/3975/7652 3857/3976/7653 
f 3861/3896/7654 3862/3897/7655 3860/3898/7656 
f 3864/3758/7657 3865/3759/7658 3863/3760/7659 
f 3867/3851/7660 3868/3852/7661 3866/3853/7662 
f 3870/3893/7663 3871/3894/7664 3869/3895/7665 
f 3873/3929/7666 3874/3930/7667 3872/3931/7668 
f 3876/3803/7669 3877/3804/7670 3875/3805/7671 
f 3879/3926/7672 3880/3927/7673 3878/3928/7674 
f 3882/3908/7675 3883/3909/7676 3881/3910/7677 
f 3885/3752/7678 3886/3753/7679 3884/3754/7680 
f 3888/3902/7681 3889/3903/7682 3887/3904/7683 
f 3891/3977/7684 3892/3978/7685 3890/3979/7686 
f 3894/3761/7687 3895/3762/7688 3893/3763/7689 
f 3897/3962/7690 3898/3963/7691 3896/3964/7692 
f 3900/3941/7693 3901/3942/7694 3899/3943/7695 
f 3903/3899/7696 3904/3900/7697 3902/3901/7698 
f 3906/3932/7699 3907/3933/7700 3905/3934/7701 
f 3909/3944/7702 3910/3945/7703 3908/3946/7704 
f 3912/3959/7705 3913/3960/7706 3911/3961/7707 
f 3915/3920/7708 3916/3921/7709 3914/3922/7710 
f 3918/3854/7711 3919/3855/7712 3917/3856/7713 
f 3921/3779/7714 3922/3780/7715 3920/3781/7716 
f 3924/3872/7717 3925/3873/7718 3923/3874/7719 
f 3927/3947/7720 3928/3948/7721 3926/3949/7722 
f 3930/3785/7723 3931/3786/7724 3929/3787/7725 
f 3933/3905/7726 3934/3906/7727 3932/3907/7728 
f 3936/3923/7729 3937/3924/7730 3935/3925/7731 
f 3939/3953/7732 3940/3954/7733 3938/3955/7734 
f 3942/3794/7735 3943/3795/7736 3941/3796/7737 
f 3945/3797/7738 3946/3798/7739 3944/3799/7740 
f 3948/3770/7741 3949/3771/7742 3947/3772/7743 
f 3951/3866/7744 3952/3867/7745 3950/3868/7746 
f 3954/3965/7747 3955/3966/7748 3953/3967/7749 
f 3957/3968/7750 3958/3969/7751 3956/3970/7752 
f 3960/3830/7753 3961/3831/7754 3959/3832/7755 
f 3963/3935/7756 3964/3936/7757 3962/3937/7758 
f 3966/3950/7759 3967/3951/7760 3965/3952/7761 
f 3969/3971/7762 3970/3972/7763 3968/3973/7764 
f 3972/3989/7765 3973/3990/7766 3971/3991/7767 
f 3975/3980/7768 3976/3981/7769 3974/3982/7770 
f 3978/3983/7771 3979/3984/7772 3977/3985/7773 
f 3981/3995/7774 3982/3996/7775 3980/3997/7776 
f 3983/3722/7777 3984/3723/7778 3985/3724/7779 
f 3987/3998/7780 3988/3999/7781 3986/4000/7782 
f 3990/3716/7783 3991/3717/7784 3989/3718/7785 
f 3991/3717/7786 3990/3716/7787 3989/3718/7788 
f 3993/4010/7789 3992/4011/7790 3994/4012/7791 
f 3996/4007/7792 3995/4008/7793 3997/4009/7794 
f 3999/4013/7795 4000/4014/7796 3998/4015/7797 
f 3716/3731/7798 4001/3733/7799 3718/4415/7800 
f 4003/4004/7801 4002/4005/7802 4004/4006/7803 
f 4006/3725/7804 4005/3726/7805 4007/3727/7806 
f 4009/4019/7807 4010/4020/7808 4008/4021/7809 
f 4012/4043/7810 4013/4044/7811 4011/4045/7812 
f 4015/4100/7813 4016/4101/7814 4014/4102/7815 
f 4018/4031/7816 4019/4032/7817 4017/4033/7818 
f 4021/4022/7819 4022/4023/7820 4020/4024/7821 
f 4024/4088/7822 4025/4089/7823 4023/4090/7824 
f 4027/4166/7825 4028/4167/7826 4026/4168/7827 
f 4030/4034/7828 4031/4035/7829 4029/4036/7830 
f 4033/4208/7831 4034/4209/7832 4032/4210/7833 
f 4036/4064/7834 4037/4065/7835 4035/4066/7836 
f 4039/4070/7837 4040/4071/7838 4038/4072/7839 
f 4042/4142/7840 4043/4143/7841 4041/4144/7842 
f 4045/4172/7843 4046/4173/7844 4044/4174/7845 
f 4048/4202/7846 4049/4203/7847 4047/4204/7848 
f 4051/4082/7849 4052/4083/7850 4050/4084/7851 
f 4054/4085/7852 4055/4086/7853 4053/4087/7854 
f 4057/4058/7855 4058/4059/7856 4056/4060/7857 
f 4060/4040/7858 4061/4041/7859 4059/4042/7860 
f 4063/4145/7861 4064/4146/7862 4062/4147/7863 
f 4066/4250/7864 4067/4251/7865 4065/4252/7866 
f 4069/4049/7867 4070/4050/7868 4068/4051/7869 
f 4072/4211/7870 4073/4212/7871 4071/4213/7872 
f 4075/4076/7873 4076/4077/7874 4074/4078/7875 
f 4078/4118/7876 4079/4119/7877 4077/4120/7878 
f 4081/4121/7879 4082/4122/7880 4080/4123/7881 
f 4084/4220/7882 4085/4221/7883 4083/4222/7884 
f 4087/4061/7885 4088/4062/7886 4086/4063/7887 
f 4090/4223/7888 4091/4224/7889 4089/4225/7890 
f 4093/4067/7891 4094/4068/7892 4092/4069/7893 
f 4096/4112/7894 4097/4113/7895 4095/4114/7896 
f 4099/4103/7897 4100/4104/7898 4098/4105/7899 
f 4102/4079/7900 4103/4080/7901 4101/4081/7902 
f 4105/4157/7903 4106/4158/7904 4104/4159/7905 
f 4108/4247/7906 4109/4248/7907 4107/4249/7908 
f 4111/4025/7909 4112/4026/7910 4110/4027/7911 
f 4114/4238/7912 4115/4239/7913 4113/4240/7914 
f 4117/4094/7915 4118/4095/7916 4116/4096/7917 
f 4120/4133/7918 4121/4134/7919 4119/4135/7920 
f 4123/4181/7921 4124/4182/7922 4122/4183/7923 
f 4126/4184/7924 4127/4185/7925 4125/4186/7926 
f 4129/4124/7927 4130/4125/7928 4128/4126/7929 
f 4132/4055/7930 4133/4056/7931 4131/4057/7932 
f 4135/4235/7933 4136/4236/7934 4134/4237/7935 
f 4138/4178/7936 4139/4179/7937 4137/4180/7938 
f 4141/4139/7939 4142/4140/7940 4140/4141/7941 
f 4144/4016/7942 4145/4017/7943 4143/4018/7944 
f 4147/4190/7945 4148/4191/7946 4146/4192/7947 
f 4150/4136/7948 4151/4137/7949 4149/4138/7950 
f 4153/4091/7951 4154/4092/7952 4152/4093/7953 
f 4156/4169/7954 4157/4170/7955 4155/4171/7956 
f 4159/4046/7957 4160/4047/7958 4158/4048/7959 
f 4162/4052/7960 4163/4053/7961 4161/4054/7962 
f 4165/4097/7963 4166/4098/7964 4164/4099/7965 
f 4168/4073/7966 4169/4074/7967 4167/4075/7968 
f 4171/4175/7969 4172/4176/7970 4170/4177/7971 
f 4174/4115/7972 4175/4116/7973 4173/4117/7974 
f 4177/4217/7975 4178/4218/7976 4176/4219/7977 
f 4180/4106/7978 4181/4107/7979 4179/4108/7980 
f 4183/4109/7981 4184/4110/7982 4182/4111/7983 
f 4186/4199/7984 4187/4200/7985 4185/4201/7986 
f 4189/4253/7987 4190/4254/7988 4188/4255/7989 
f 4192/4151/7990 4193/4152/7991 4191/4153/7992 
f 4195/4226/7993 4196/4227/7994 4194/4228/7995 
f 4198/4154/7996 4199/4155/7997 4197/4156/7998 
f 4201/4148/7999 4202/4149/8000 4200/4150/8001 
f 4204/4244/8002 4205/4245/8003 4203/4246/8004 
f 4207/4241/8005 4208/4242/8006 4206/4243/8007 
f 4210/4130/8008 4211/4131/8009 4209/4132/8010 
f 4213/4229/8011 4214/4230/8012 4212/4231/8013 
f 4216/4232/8014 4217/4233/8015 4215/4234/8016 
f 4219/4214/8017 4220/4215/8018 4218/4216/8019 
f 4222/4028/8020 4223/4029/8021 4221/4030/8022 
f 4225/4037/8023 4226/4038/8024 4224/4039/8025 
f 4228/4205/8026 4229/4206/8027 4227/4207/8028 
f 4231/4187/8029 4232/4188/8030 4230/4189/8031 
f 4234/4163/8032 4235/4164/8033 4233/4165/8034 
f 4237/4193/8035 4238/4194/8036 4236/4195/8037 
f 4240/4196/8038 4241/4197/8039 4239/4198/8040 
f 4243/4127/8041 4244/4128/8042 4242/4129/8043 
f 4246/4160/8044 4247/4161/8045 4245/4162/8046 
f 4249/4262/8047 4250/4263/8048 4248/4264/8049 
f 4252/4256/8050 4253/4257/8051 4251/4258/8052 
f 4255/4259/8053 4256/4260/8054 4254/4261/8055 
f 4258/4268/8056 4259/4269/8057 4257/4270/8058 
f 4261/4265/8059 4262/4266/8060 4260/4267/8061 
f 4263/3986/8062 4264/3987/8063 4265/3988/8064 
f 4267/4274/8065 4266/4275/8066 4268/4276/8067 
f 4270/4295/8068 4269/4296/8069 4271/4297/8070 
f 4273/4280/8071 4274/4281/8072 4272/4282/8073 
f 4276/4289/8074 4277/4290/8075 4275/4291/8076 
f 4279/4277/8077 4280/4278/8078 4278/4279/8079 
f 4282/4283/8080 4283/4284/8081 4281/4285/8082 
f 4285/4286/8083 4286/4287/8084 4284/4288/8085 
f 4288/4292/8086 4289/4293/8087 4287/4294/8088 
f 4291/4412/8089 4292/4413/8090 4290/4414/8091 
f 4294/3992/8092 4293/3993/8093 4295/3994/8094 
f 4297/4298/8095 4298/4299/8096 4296/4300/8097 
f 4300/4271/8098 4299/4272/8099 4301/4273/8100 
f 4303/4001/8101 4302/4002/8102 4304/4003/8103 
f 4306/4301/8104 4307/4302/8105 4305/4303/8106 
f 4309/4313/8107 4310/4314/8108 4308/4315/8109 
f 4312/4340/8110 4313/4341/8111 4311/4342/8112 
f 4315/4310/8113 4316/4311/8114 4314/4312/8115 
f 4318/4370/8116 4319/4371/8117 4317/4372/8118 
f 4321/4331/8119 4322/4332/8120 4320/4333/8121 
f 4324/4322/8122 4325/4323/8123 4323/4324/8124 
f 4327/4346/8125 4328/4347/8126 4326/4348/8127 
f 4330/4352/8128 4331/4353/8129 4329/4354/8130 
f 4333/4400/8131 4334/4401/8132 4332/4402/8133 
f 4336/4325/8134 4337/4326/8135 4335/4327/8136 
f 4339/4355/8137 4340/4356/8138 4338/4357/8139 
f 4342/4304/8140 4343/4305/8141 4341/4306/8142 
f 4345/4394/8143 4346/4395/8144 4344/4396/8145 
f 4348/4364/8146 4349/4365/8147 4347/4366/8148 
f 4351/4316/8149 4352/4317/8150 4350/4318/8151 
f 4354/4328/8152 4355/4329/8153 4353/4330/8154 
f 4357/4358/8155 4358/4359/8156 4356/4360/8157 
f 4360/4373/8158 4361/4374/8159 4359/4375/8160 
f 4363/4391/8161 4364/4392/8162 4362/4393/8163 
f 4366/4319/8164 4367/4320/8165 4365/4321/8166 
f 4369/4337/8167 4370/4338/8168 4368/4339/8169 
f 4372/4367/8170 4373/4368/8171 4371/4369/8172 
f 4375/4334/8173 4376/4335/8174 4374/4336/8175 
f 4378/4349/8176 4379/4350/8177 4377/4351/8178 
f 4381/4382/8179 4382/4383/8180 4380/4384/8181 
f 4384/4379/8182 4385/4380/8183 4383/4381/8184 
f 4387/4403/8185 4388/4404/8186 4386/4405/8187 
f 4390/4385/8188 4391/4386/8189 4389/4387/8190 
f 4393/4388/8191 4394/4389/8192 4392/4390/8193 
f 4396/4361/8194 4397/4362/8195 4395/4363/8196 
f 4399/4397/8197 4400/4398/8198 4398/4399/8199 
f 4402/4307/8200 4403/4308/8201 4401/4309/8202 
f 4405/4343/8203 4406/4344/8204 4404/4345/8205 
f 4408/4406/8206 4409/4407/8207 4407/4408/8208 
f 4411/4409/8209 4412/4410/8210 4410/4411/8211 
f 4414/4376/8212 4415/4377/8213 4413/4378/8214 
# 235 faces

